{"type":"FeatureCollection","features":[{"type":"Feature","geometry":{"type":"Point","coordinates":[83.5531,22.5197]},"properties":{"udise":"22041100301","name":"TWD. PS. TETKAAMA","state":"CHHATTISGARH","district":"RAIGARH","block":"LAILUNGA","indicator":"no_girls_toilet"}},{"type":"Feature","geometry":{"type":"Point","coordinates":[82.9583,22.1314]},"properties":{"udise":"22040900903","name":"UMS KATOUD(SSA)","state":"CHHATTISGARH","district":"RAIGARH","block":"KHARSIA","indicator":"no_girls_toilet"}},{"type":"Feature","geometry":{"type":"Point","coordinates":[83.195,22.1967]},"properties":{"udise":"22040306701","name":"GOVT. PS. BANHAR","state":"CHHATTISGARH","district":"RAIGARH","block":"DHARAMJAIGARH","indicator":"no_girls_toilet"}},{"type":"Feature","geometry":{"type":"Point","coordinates":[83.3789,22.0283]},"properties":{"udise":"22041706503","name":"EPS DHANWARPARA(SSA)","state":"CHHATTISGARH","district":"RAIGARH","block":"TAMNAR","indicator":"no_girls_toilet"}},{"type":"Feature","geometry":{"type":"Point","coordinates":[83.2997,22.0736]},"properties":{"udise":"22040604101","name":"TWD.PS.DOKARBUDA","state":"CHHATTISGARH","district":"RAIGARH","block":"GHARGHODA","indicator":"no_girls_toilet"}},{"type":"Feature","geometry":{"type":"Point","coordinates":[83.1853,22.5531]},"properties":{"udise":"22040309801","name":"NPS RAJIDA (SSA)","state":"CHHATTISGARH","district":"RAIGARH","block":"DHARAMJAIGARH","indicator":"no_girls_toilet"}},{"type":"Feature","geometry":{"type":"Point","coordinates":[83.13,21.9608]},"properties":{"udise":"22040909603","name":"UMS GIDHA(SSA)","state":"CHHATTISGARH","district":"RAIGARH","block":"KHARSIA","indicator":"no_girls_toilet"}},{"type":"Feature","geometry":{"type":"Point","coordinates":[83.5742,22.0875]},"properties":{"udise":"22041709501","name":"TWD. PS. AOURAJOR","state":"CHHATTISGARH","district":"RAIGARH","block":"TAMNAR","indicator":"no_girls_toilet"}},{"type":"Feature","geometry":{"type":"Point","coordinates":[83.2731,21.9422]},"properties":{"udise":"22041508001","name":"GOVT.PS.DONGITARAI","state":"CHHATTISGARH","district":"RAIGARH","block":"RAIGARH","indicator":"no_girls_toilet"}},{"type":"Feature","geometry":{"type":"Point","coordinates":[83.41,22.1125]},"properties":{"udise":"22041704801","name":"TWD. PS. NAWAPARA","state":"CHHATTISGARH","district":"RAIGARH","block":"TAMNAR","indicator":"no_girls_toilet"}},{"type":"Feature","geometry":{"type":"Point","coordinates":[83.1731,22.0314]},"properties":{"udise":"22040903701","name":"TWD. PS. NAURANGPUR","state":"CHHATTISGARH","district":"RAIGARH","block":"KHARSIA","indicator":"no_girls_toilet"}},{"type":"Feature","geometry":{"type":"Point","coordinates":[83.0897,22.2992]},"properties":{"udise":"22040301503","name":"GOVT.PS.NAYADIH(SSA)","state":"CHHATTISGARH","district":"RAIGARH","block":"DHARAMJAIGARH","indicator":"no_girls_toilet"}},{"type":"Feature","geometry":{"type":"Point","coordinates":[83.0389,22.0222]},"properties":{"udise":"22040905802","name":"TWD. PS. KHADIYAPARA TIUR","state":"CHHATTISGARH","district":"RAIGARH","block":"KHARSIA","indicator":"no_girls_toilet"}},{"type":"Feature","geometry":{"type":"Point","coordinates":[83.205,22.0414]},"properties":{"udise":"22040903001","name":"TWD. PS. KARRANARA","state":"CHHATTISGARH","district":"RAIGARH","block":"KHARSIA","indicator":"no_girls_toilet"}},{"type":"Feature","geometry":{"type":"Point","coordinates":[83.2389,22.6683]},"properties":{"udise":"22040305502","name":"M.S. KUMA","state":"CHHATTISGARH","district":"RAIGARH","block":"DHARAMJAIGARH","indicator":"no_girls_toilet"}},{"type":"Feature","geometry":{"type":"Point","coordinates":[83.6383,22.2811]},"properties":{"udise":"22041107803","name":"P.S.DARRIPARA(SSA)","state":"CHHATTISGARH","district":"RAIGARH","block":"LAILUNGA","indicator":"no_girls_toilet"}},{"type":"Feature","geometry":{"type":"Point","coordinates":[83.3261,21.7003]},"properties":{"udise":"22041412002","name":"UMS NAWAPARA \"B\"(SSA)","state":"CHHATTISGARH","district":"RAIGARH","block":"PUSSORE","indicator":"no_girls_toilet"}},{"type":"Feature","geometry":{"type":"Point","coordinates":[83.3764,22.6439]},"properties":{"udise":"22040318604","name":"GOVT. PS. KOYLAR","state":"CHHATTISGARH","district":"RAIGARH","block":"DHARAMJAIGARH","indicator":"no_girls_toilet"}},{"type":"Feature","geometry":{"type":"Point","coordinates":[83.5175,22.4189]},"properties":{"udise":"22041100902","name":"EPS UROUNPARA(SSA)","state":"CHHATTISGARH","district":"RAIGARH","block":"LAILUNGA","indicator":"no_girls_toilet"}},{"type":"Feature","geometry":{"type":"Point","coordinates":[83.4592,22.4669]},"properties":{"udise":"22040317201","name":"GOVT. PS. DHAURABHANTHA","state":"CHHATTISGARH","district":"RAIGARH","block":"DHARAMJAIGARH","indicator":"no_girls_toilet"}},{"type":"Feature","geometry":{"type":"Point","coordinates":[83.2089,22.4647]},"properties":{"udise":"22040319226","name":"BIRHOR ASHRAM P.S. DHARH.","state":"CHHATTISGARH","district":"RAIGARH","block":"DHARAMJAIGARH","indicator":"no_girls_toilet"}},{"type":"Feature","geometry":{"type":"Point","coordinates":[83.3489,22.5289]},"properties":{"udise":"22040313603","name":"M.S. GANPATPUR","state":"CHHATTISGARH","district":"RAIGARH","block":"DHARAMJAIGARH","indicator":"no_girls_toilet"}},{"type":"Feature","geometry":{"type":"Point","coordinates":[83.3719,22.7036]},"properties":{"udise":"22040318606","name":"UMS KANDRAJA(SSA)","state":"CHHATTISGARH","district":"RAIGARH","block":"DHARAMJAIGARH","indicator":"no_girls_toilet"}},{"type":"Feature","geometry":{"type":"Point","coordinates":[83.4556,22.4689]},"properties":{"udise":"22041103401","name":"TWD. PS. BAIGINJHARIYA","state":"CHHATTISGARH","district":"RAIGARH","block":"LAILUNGA","indicator":"no_girls_toilet"}},{"type":"Feature","geometry":{"type":"Point","coordinates":[83.3444,22.085]},"properties":{"udise":"22041706101","name":"TWD. PS. SAMARUMA","state":"CHHATTISGARH","district":"RAIGARH","block":"TAMNAR","indicator":"no_girls_toilet"}},{"type":"Feature","geometry":{"type":"Point","coordinates":[83.0522,22.0375]},"properties":{"udise":"22040904403","name":"M.S.SARWANI","state":"CHHATTISGARH","district":"RAIGARH","block":"KHARSIA","indicator":"no_girls_toilet"}},{"type":"Feature","geometry":{"type":"Point","coordinates":[83.235,21.8722]},"properties":{"udise":"22041512701","name":"GOVT.PS.BARPALI","state":"CHHATTISGARH","district":"RAIGARH","block":"RAIGARH","indicator":"no_girls_toilet"}},{"type":"Feature","geometry":{"type":"Point","coordinates":[83.365,21.7353]},"properties":{"udise":"22041409901","name":"GOVT. PS. KESAPALI","state":"CHHATTISGARH","district":"RAIGARH","block":"PUSSORE","indicator":"no_girls_toilet"}},{"type":"Feature","geometry":{"type":"Point","coordinates":[83.2931,22.2858]},"properties":{"udise":"22040601704","name":"TWD.PS.JAMPALI","state":"CHHATTISGARH","district":"RAIGARH","block":"GHARGHODA","indicator":"no_girls_toilet"}},{"type":"Feature","geometry":{"type":"Point","coordinates":[83.3286,21.7919]},"properties":{"udise":"22041404201","name":"GOVT. PS.  TETLA","state":"CHHATTISGARH","district":"RAIGARH","block":"PUSSORE","indicator":"no_girls_toilet"}},{"type":"Feature","geometry":{"type":"Point","coordinates":[83.1497,22.1206]},"properties":{"udise":"22040302901","name":"GOVT. PS. KANSABAHAR","state":"CHHATTISGARH","district":"RAIGARH","block":"DHARAMJAIGARH","indicator":"no_girls_toilet"}},{"type":"Feature","geometry":{"type":"Point","coordinates":[83.0853,22.2328]},"properties":{"udise":"22040300701","name":"GOVT. PS. BARBASPUR","state":"CHHATTISGARH","district":"RAIGARH","block":"DHARAMJAIGARH","indicator":"no_girls_toilet"}},{"type":"Feature","geometry":{"type":"Point","coordinates":[83.5578,22.3672]},"properties":{"udise":"22041106602","name":"UMS ANGEKELA(SSA)","state":"CHHATTISGARH","district":"RAIGARH","block":"LAILUNGA","indicator":"no_girls_toilet"}},{"type":"Feature","geometry":{"type":"Point","coordinates":[83.13,21.9608]},"properties":{"udise":"22040909601","name":"GOVT.PS.GIDHA","state":"CHHATTISGARH","district":"RAIGARH","block":"KHARSIA","indicator":"no_girls_toilet"}},{"type":"Feature","geometry":{"type":"Point","coordinates":[83.1892,22.4353]},"properties":{"udise":"22040308502","name":"GOVT.PS.MEDHARMAR COLONY","state":"CHHATTISGARH","district":"RAIGARH","block":"DHARAMJAIGARH","indicator":"no_girls_toilet"}},{"type":"Feature","geometry":{"type":"Point","coordinates":[83.1036,22.26]},"properties":{"udise":"22040301402","name":"M.S. BEHARAMAR","state":"CHHATTISGARH","district":"RAIGARH","block":"DHARAMJAIGARH","indicator":"no_girls_toilet"}},{"type":"Feature","geometry":{"type":"Point","coordinates":[83.5683,22.4642]},"properties":{"udise":"22041101008","name":"EPS RAKSHINKHOL(SSA)","state":"CHHATTISGARH","district":"RAIGARH","block":"LAILUNGA","indicator":"no_girls_toilet"}},{"type":"Feature","geometry":{"type":"Point","coordinates":[83.5478,22.3353]},"properties":{"udise":"22041110303","name":"UMS BANEKELA(SSA)","state":"CHHATTISGARH","district":"RAIGARH","block":"LAILUNGA","indicator":"no_girls_toilet"}},{"type":"Feature","geometry":{"type":"Point","coordinates":[83.0294,22.0056]},"properties":{"udise":"22040907201","name":"TWD. PS. BAGDEWA","state":"CHHATTISGARH","district":"RAIGARH","block":"KHARSIA","indicator":"no_girls_toilet"}},{"type":"Feature","geometry":{"type":"Point","coordinates":[83.2656,22.2744]},"properties":{"udise":"22040601802","name":"EPS MUDATIKRA(SSA)","state":"CHHATTISGARH","district":"RAIGARH","block":"GHARGHODA","indicator":"no_girls_toilet"}},{"type":"Feature","geometry":{"type":"Point","coordinates":[83.5819,22.3903]},"properties":{"udise":"22041104503","name":"TWD. GIRLS PS. LAILUNGA","state":"CHHATTISGARH","district":"RAIGARH","block":"LAILUNGA","indicator":"no_girls_toilet"}},{"type":"Feature","geometry":{"type":"Point","coordinates":[83.4625,21.9281]},"properties":{"udise":"22041501901","name":"GOVT.PS.BADPALI","state":"CHHATTISGARH","district":"RAIGARH","block":"RAIGARH","indicator":"no_girls_toilet"}},{"type":"Feature","geometry":{"type":"Point","coordinates":[83.0872,22.0361]},"properties":{"udise":"22040903201","name":"GOVT. PS. CHOTEDEOGAON","state":"CHHATTISGARH","district":"RAIGARH","block":"KHARSIA","indicator":"no_girls_toilet"}},{"type":"Feature","geometry":{"type":"Point","coordinates":[83.4092,21.8328]},"properties":{"udise":"22041401501","name":"GOVT. PS. KESHLA","state":"CHHATTISGARH","district":"RAIGARH","block":"PUSSORE","indicator":"no_girls_toilet"}},{"type":"Feature","geometry":{"type":"Point","coordinates":[83.3686,21.8517]},"properties":{"udise":"22041514002","name":"GOVT.GIRLS PS. PATELPALI","state":"CHHATTISGARH","district":"RAIGARH","block":"RAIGARH","indicator":"no_girls_toilet"}},{"type":"Feature","geometry":{"type":"Point","coordinates":[83.0522,22.0022]},"properties":{"udise":"22040905902","name":"TWD. PS. DHANGARPARA","state":"CHHATTISGARH","district":"RAIGARH","block":"KHARSIA","indicator":"no_girls_toilet"}},{"type":"Feature","geometry":{"type":"Point","coordinates":[83.5111,22.2294]},"properties":{"udise":"22041700101","name":"GOVT. PS. PELMA","state":"CHHATTISGARH","district":"RAIGARH","block":"TAMNAR","indicator":"no_girls_toilet"}},{"type":"Feature","geometry":{"type":"Point","coordinates":[83.4844,22.0497]},"properties":{"udise":"22041708901","name":"GOVT. PS. PADIGAON","state":"CHHATTISGARH","district":"RAIGARH","block":"TAMNAR","indicator":"no_girls_toilet"}},{"type":"Feature","geometry":{"type":"Point","coordinates":[83.1219,22.1217]},"properties":{"udise":"22040302804","name":"M.S. BOYS CHHAL","state":"CHHATTISGARH","district":"RAIGARH","block":"DHARAMJAIGARH","indicator":"no_girls_toilet"}},{"type":"Feature","geometry":{"type":"Point","coordinates":[83.3183,22.6769]},"properties":{"udise":"22040315601","name":"EPS BANJHIAMA(SSA)","state":"CHHATTISGARH","district":"RAIGARH","block":"DHARAMJAIGARH","indicator":"no_girls_toilet"}},{"type":"Feature","geometry":{"type":"Point","coordinates":[83.5431,22.3406]},"properties":{"udise":"22041110201","name":"TWD. PS. KERABAHAR","state":"CHHATTISGARH","district":"RAIGARH","block":"LAILUNGA","indicator":"no_girls_toilet"}},{"type":"Feature","geometry":{"type":"Point","coordinates":[83.2925,22.7111]},"properties":{"udise":"22040315502","name":"EPS UPER SALKHETA(SSA)","state":"CHHATTISGARH","district":"RAIGARH","block":"DHARAMJAIGARH","indicator":"no_girls_toilet"}},{"type":"Feature","geometry":{"type":"Point","coordinates":[83.52,22.4944]},"properties":{"udise":"22041100504","name":"M.S. MUDAGAON","state":"CHHATTISGARH","district":"RAIGARH","block":"LAILUNGA","indicator":"no_girls_toilet"}},{"type":"Feature","geometry":{"type":"Point","coordinates":[83.3356,21.8178]},"properties":{"udise":"22041402401","name":"GOVT. PS. LINJIR","state":"CHHATTISGARH","district":"RAIGARH","block":"PUSSORE","indicator":"no_girls_toilet"}},{"type":"Feature","geometry":{"type":"Point","coordinates":[83.5131,21.9061]},"properties":{"udise":"22041503402","name":"M.S.BHAGORA","state":"CHHATTISGARH","district":"RAIGARH","block":"RAIGARH","indicator":"no_girls_toilet"}},{"type":"Feature","geometry":{"type":"Point","coordinates":[83.395,22.4281]},"properties":{"udise":"22040316501","name":"GOVT. PS. DHODHAGAON","state":"CHHATTISGARH","district":"RAIGARH","block":"DHARAMJAIGARH","indicator":"no_girls_toilet"}},{"type":"Feature","geometry":{"type":"Point","coordinates":[83.6236,22.3422]},"properties":{"udise":"22041102501","name":"TWD. PS. BHRUYAPANI","state":"CHHATTISGARH","district":"RAIGARH","block":"LAILUNGA","indicator":"no_girls_toilet"}},{"type":"Feature","geometry":{"type":"Point","coordinates":[83.0267,21.9933]},"properties":{"udise":"22040907302","name":"M.S.BAKELI","state":"CHHATTISGARH","district":"RAIGARH","block":"KHARSIA","indicator":"no_girls_toilet"}},{"type":"Feature","geometry":{"type":"Point","coordinates":[83.1808,21.9719]},"properties":{"udise":"22040909701","name":"GOVT.PS.KUNKUNI","state":"CHHATTISGARH","district":"RAIGARH","block":"KHARSIA","indicator":"no_girls_toilet"}},{"type":"Feature","geometry":{"type":"Point","coordinates":[83.1044,21.9881]},"properties":{"udise":"22040913605","name":"GOVT.PS.KHARSIA","state":"CHHATTISGARH","district":"RAIGARH","block":"KHARSIA","indicator":"no_girls_toilet"}},{"type":"Feature","geometry":{"type":"Point","coordinates":[83.0267,21.9933]},"properties":{"udise":"22040907301","name":"TWD. PS. BAKELI","state":"CHHATTISGARH","district":"RAIGARH","block":"KHARSIA","indicator":"no_girls_toilet"}},{"type":"Feature","geometry":{"type":"Point","coordinates":[83.2289,22.5742]},"properties":{"udise":"22040309701","name":"GOVT. PS. RAMPUR","state":"CHHATTISGARH","district":"RAIGARH","block":"DHARAMJAIGARH","indicator":"no_girls_toilet"}},{"type":"Feature","geometry":{"type":"Point","coordinates":[83.6919,22.2567]},"properties":{"udise":"22041108602","name":"EPS CHHAPARPARA(SSA)","state":"CHHATTISGARH","district":"RAIGARH","block":"LAILUNGA","indicator":"no_girls_toilet"}},{"type":"Feature","geometry":{"type":"Point","coordinates":[83.6253,22.3564]},"properties":{"udise":"22041104603","name":"M.S. BIRSINGHA","state":"CHHATTISGARH","district":"RAIGARH","block":"LAILUNGA","indicator":"no_girls_toilet"}},{"type":"Feature","geometry":{"type":"Point","coordinates":[83.4575,21.7931]},"properties":{"udise":"22041406502","name":"M.S. NETNAGAR","state":"CHHATTISGARH","district":"RAIGARH","block":"PUSSORE","indicator":"no_girls_toilet"}},{"type":"Feature","geometry":{"type":"Point","coordinates":[83.5514,22.4522]},"properties":{"udise":"22041101201","name":"TWD. PS. SARDEGA","state":"CHHATTISGARH","district":"RAIGARH","block":"LAILUNGA","indicator":"no_girls_toilet"}},{"type":"Feature","geometry":{"type":"Point","coordinates":[83.3892,21.7042]},"properties":{"udise":"22041413503","name":"GOVT. M.S. PADIGAON","state":"CHHATTISGARH","district":"RAIGARH","block":"PUSSORE","indicator":"no_girls_toilet"}},{"type":"Feature","geometry":{"type":"Point","coordinates":[83.3728,22.2628]},"properties":{"udise":"22040606901","name":"GOVT.PS.PORDA","state":"CHHATTISGARH","district":"RAIGARH","block":"GHARGHODA","indicator":"no_girls_toilet"}},{"type":"Feature","geometry":{"type":"Point","coordinates":[83.6233,22.3558]},"properties":{"udise":"22041101501","name":"TWD. PS. RUDUKELA","state":"CHHATTISGARH","district":"RAIGARH","block":"LAILUNGA","indicator":"no_girls_toilet"}},{"type":"Feature","geometry":{"type":"Point","coordinates":[83.2939,21.9458]},"properties":{"udise":"22041508201","name":"GOVT.PS.PANDRIPANI(W)","state":"CHHATTISGARH","district":"RAIGARH","block":"RAIGARH","indicator":"no_girls_toilet"}},{"type":"Feature","geometry":{"type":"Point","coordinates":[83.1531,22.0869]},"properties":{"udise":"22040306102","name":"M.S. PUSALDA","state":"CHHATTISGARH","district":"RAIGARH","block":"DHARAMJAIGARH","indicator":"no_girls_toilet"}},{"type":"Feature","geometry":{"type":"Point","coordinates":[83.1206,22.1283]},"properties":{"udise":"22040302803","name":"RGPSM PS.SIDARPARA(CHHAL)","state":"CHHATTISGARH","district":"RAIGARH","block":"DHARAMJAIGARH","indicator":"no_girls_toilet"}},{"type":"Feature","geometry":{"type":"Point","coordinates":[83.5539,22.4067]},"properties":{"udise":"22041104301","name":"TWD. PS. JHARAN","state":"CHHATTISGARH","district":"RAIGARH","block":"LAILUNGA","indicator":"no_girls_toilet"}},{"type":"Feature","geometry":{"type":"Point","coordinates":[83.3947,22.2731]},"properties":{"udise":"22040607501","name":"TWD.PS.KANTAJHARIYA","state":"CHHATTISGARH","district":"RAIGARH","block":"GHARGHODA","indicator":"no_girls_toilet"}},{"type":"Feature","geometry":{"type":"Point","coordinates":[83.3994,21.7203]},"properties":{"udise":"22041413101","name":"GOVT. PS. TURANGA","state":"CHHATTISGARH","district":"RAIGARH","block":"PUSSORE","indicator":"no_girls_toilet"}},{"type":"Feature","geometry":{"type":"Point","coordinates":[83.55194,21.91083]},"properties":{"udise":"22041503503","name":"GOVT HIGH SCHOOL SAPNAI","state":"CHHATTISGARH","district":"RAIGARH","block":"RAIGARH","indicator":"no_girls_toilet"}},{"type":"Feature","geometry":{"type":"Point","coordinates":[83.3417,22.5575]},"properties":{"udise":"22040313802","name":"M.S. RAIMER MCS","state":"CHHATTISGARH","district":"RAIGARH","block":"DHARAMJAIGARH","indicator":"no_girls_toilet"}},{"type":"Feature","geometry":{"type":"Point","coordinates":[83.3611,21.9111]},"properties":{"udise":"22041509902","name":"NPS DIPAPARA (KALMI)(SSA)","state":"CHHATTISGARH","district":"RAIGARH","block":"RAIGARH","indicator":"no_girls_toilet"}},{"type":"Feature","geometry":{"type":"Point","coordinates":[83.0442,21.975]},"properties":{"udise":"22040909003","name":"M.S.HALAHULI","state":"CHHATTISGARH","district":"RAIGARH","block":"KHARSIA","indicator":"no_girls_toilet"}},{"type":"Feature","geometry":{"type":"Point","coordinates":[83.445,22.3342]},"properties":{"udise":"22040600702","name":"UMS DANGBIRA(SSA)","state":"CHHATTISGARH","district":"RAIGARH","block":"GHARGHODA","indicator":"no_girls_toilet"}},{"type":"Feature","geometry":{"type":"Point","coordinates":[83.1675,22.0456]},"properties":{"udise":"22040903601","name":"GOVT. PS. GURDA","state":"CHHATTISGARH","district":"RAIGARH","block":"KHARSIA","indicator":"no_girls_toilet"}},{"type":"Feature","geometry":{"type":"Point","coordinates":[83.5381,22.4044]},"properties":{"udise":"22041104402","name":"EPS KHALMUDA(SSA)","state":"CHHATTISGARH","district":"RAIGARH","block":"LAILUNGA","indicator":"no_girls_toilet"}},{"type":"Feature","geometry":{"type":"Point","coordinates":[83.6247,22.3561]},"properties":{"udise":"22041104601","name":"TWD. PS. BIRSINGHA","state":"CHHATTISGARH","district":"RAIGARH","block":"LAILUNGA","indicator":"no_girls_toilet"}},{"type":"Feature","geometry":{"type":"Point","coordinates":[83.2767,21.7592]},"properties":{"udise":"22041407801","name":"GOVT. PS. KOTMARA","state":"CHHATTISGARH","district":"RAIGARH","block":"PUSSORE","indicator":"no_girls_toilet"}},{"type":"Feature","geometry":{"type":"Point","coordinates":[83.2586,22.6642]},"properties":{"udise":"22040305503","name":"P.S. HARRADAND(SSA)","state":"CHHATTISGARH","district":"RAIGARH","block":"DHARAMJAIGARH","indicator":"no_girls_toilet"}},{"type":"Feature","geometry":{"type":"Point","coordinates":[83.1408,21.985]},"properties":{"udise":"22040907702","name":"M.S.MOUHAPALI","state":"CHHATTISGARH","district":"RAIGARH","block":"KHARSIA","indicator":"no_girls_toilet"}},{"type":"Feature","geometry":{"type":"Point","coordinates":[83.2047,22.0881]},"properties":{"udise":"22040307102","name":"M.S. BEHRAMUDA","state":"CHHATTISGARH","district":"RAIGARH","block":"DHARAMJAIGARH","indicator":"no_girls_toilet"}},{"type":"Feature","geometry":{"type":"Point","coordinates":[83.1514,22.045]},"properties":{"udise":"22040903401","name":"TWD. PS. DEHJARI","state":"CHHATTISGARH","district":"RAIGARH","block":"KHARSIA","indicator":"no_girls_toilet"}},{"type":"Feature","geometry":{"type":"Point","coordinates":[83.5469,22.4928]},"properties":{"udise":"22041100601","name":"GOVT. PS. GHATGAON","state":"CHHATTISGARH","district":"RAIGARH","block":"LAILUNGA","indicator":"no_girls_toilet"}},{"type":"Feature","geometry":{"type":"Point","coordinates":[83.3839,22.5767]},"properties":{"udise":"22040317703","name":"M.S. THAKURPODI MCS","state":"CHHATTISGARH","district":"RAIGARH","block":"DHARAMJAIGARH","indicator":"no_girls_toilet"}},{"type":"Feature","geometry":{"type":"Point","coordinates":[83.2842,21.8767]},"properties":{"udise":"22041511202","name":"M.S.BALAMGODA","state":"CHHATTISGARH","district":"RAIGARH","block":"RAIGARH","indicator":"no_girls_toilet"}},{"type":"Feature","geometry":{"type":"Point","coordinates":[83.1533,21.9675]},"properties":{"udise":"22040909502","name":"UMS BAMHANPALI(SSA)","state":"CHHATTISGARH","district":"RAIGARH","block":"KHARSIA","indicator":"no_girls_toilet"}},{"type":"Feature","geometry":{"type":"Point","coordinates":[83.4111,21.8717]},"properties":{"udise":"22041400602","name":"RGPSM PS BODATIKRA","state":"CHHATTISGARH","district":"RAIGARH","block":"PUSSORE","indicator":"no_girls_toilet"}},{"type":"Feature","geometry":{"type":"Point","coordinates":[83.2706,21.8247]},"properties":{"udise":"22041402003","name":"UPPER PRIMARY KOUWANTAL(SSA)","state":"CHHATTISGARH","district":"RAIGARH","block":"PUSSORE","indicator":"no_girls_toilet"}},{"type":"Feature","geometry":{"type":"Point","coordinates":[83.0294,22.0056]},"properties":{"udise":"22040913701","name":"GOVT.PS.BAGBUDWA","state":"CHHATTISGARH","district":"RAIGARH","block":"KHARSIA","indicator":"no_girls_toilet"}},{"type":"Feature","geometry":{"type":"Point","coordinates":[83.6242,22.3606]},"properties":{"udise":"22041104903","name":"UMS JATRA (SSA)","state":"CHHATTISGARH","district":"RAIGARH","block":"LAILUNGA","indicator":"no_girls_toilet"}},{"type":"Feature","geometry":{"type":"Point","coordinates":[83.3847,21.8878]},"properties":{"udise":"22041511703","name":"NAVEEN PS. SONUMUDA","state":"CHHATTISGARH","district":"RAIGARH","block":"RAIGARH","indicator":"no_girls_toilet"}},{"type":"Feature","geometry":{"type":"Point","coordinates":[83.0228,22.0631]},"properties":{"udise":"22040902901","name":"TWD. PS. PALGADA","state":"CHHATTISGARH","district":"RAIGARH","block":"KHARSIA","indicator":"no_girls_toilet"}},{"type":"Feature","geometry":{"type":"Point","coordinates":[83.5725,22.4086]},"properties":{"udise":"22041104521","name":"UMS  BURHIKUTEN(SSA)","state":"CHHATTISGARH","district":"RAIGARH","block":"LAILUNGA","indicator":"no_girls_toilet"}},{"type":"Feature","geometry":{"type":"Point","coordinates":[83.5611,22.5067]},"properties":{"udise":"22041100404","name":"TWD. PS. BHALUKONA","state":"CHHATTISGARH","district":"RAIGARH","block":"LAILUNGA","indicator":"no_girls_toilet"}},{"type":"Feature","geometry":{"type":"Point","coordinates":[83.2139,22.4664]},"properties":{"udise":"22040319206","name":"TWD. PS. BAZARPARA","state":"CHHATTISGARH","district":"RAIGARH","block":"DHARAMJAIGARH","indicator":"no_girls_toilet"}},{"type":"Feature","geometry":{"type":"Point","coordinates":[83.2908,22.7067]},"properties":{"udise":"22040315501","name":"TWD. PS. SALKHETA","state":"CHHATTISGARH","district":"RAIGARH","block":"DHARAMJAIGARH","indicator":"no_girls_toilet"}},{"type":"Feature","geometry":{"type":"Point","coordinates":[83.2431,21.8903]},"properties":{"udise":"22041510801","name":"GOVT.PS.NANDELI","state":"CHHATTISGARH","district":"RAIGARH","block":"RAIGARH","indicator":"no_girls_toilet"}},{"type":"Feature","geometry":{"type":"Point","coordinates":[83.2247,22.0072]},"properties":{"udise":"22040908301","name":"TWD. PS. DARRAMUDA","state":"CHHATTISGARH","district":"RAIGARH","block":"KHARSIA","indicator":"no_girls_toilet"}},{"type":"Feature","geometry":{"type":"Point","coordinates":[83.1594,22.0878]},"properties":{"udise":"22040306103","name":"EPS RAMNAGAR(PUSALDA)(SSA)","state":"CHHATTISGARH","district":"RAIGARH","block":"DHARAMJAIGARH","indicator":"no_girls_toilet"}},{"type":"Feature","geometry":{"type":"Point","coordinates":[82.9583,22.1314]},"properties":{"udise":"22040900901","name":"GOVT. PS. KATOUD","state":"CHHATTISGARH","district":"RAIGARH","block":"KHARSIA","indicator":"no_girls_toilet"}},{"type":"Feature","geometry":{"type":"Point","coordinates":[83.4289,22.2364]},"properties":{"udise":"22040606102","name":"EPS PURANIBASTI(SSA)","state":"CHHATTISGARH","district":"RAIGARH","block":"GHARGHODA","indicator":"no_girls_toilet"}},{"type":"Feature","geometry":{"type":"Point","coordinates":[83.195,22.1967]},"properties":{"udise":"22040306702","name":"M.S. BANHAR","state":"CHHATTISGARH","district":"RAIGARH","block":"DHARAMJAIGARH","indicator":"no_girls_toilet"}},{"type":"Feature","geometry":{"type":"Point","coordinates":[83.5114,22.2294]},"properties":{"udise":"22041700102","name":"M.S. PELMA","state":"CHHATTISGARH","district":"RAIGARH","block":"TAMNAR","indicator":"no_girls_toilet"}},{"type":"Feature","geometry":{"type":"Point","coordinates":[83.3575,22.1367]},"properties":{"udise":"22041704601","name":"TWD. PS. UKARIPALI","state":"CHHATTISGARH","district":"RAIGARH","block":"TAMNAR","indicator":"no_girls_toilet"}},{"type":"Feature","geometry":{"type":"Point","coordinates":[83.2506,22.5744]},"properties":{"udise":"22040310002","name":"GOVT. PS. JUNAPARA","state":"CHHATTISGARH","district":"RAIGARH","block":"DHARAMJAIGARH","indicator":"no_girls_toilet"}},{"type":"Feature","geometry":{"type":"Point","coordinates":[83.2825,21.8914]},"properties":{"udise":"22041510202","name":"M.S.USROUT","state":"CHHATTISGARH","district":"RAIGARH","block":"RAIGARH","indicator":"no_girls_toilet"}},{"type":"Feature","geometry":{"type":"Point","coordinates":[83.3467,22.1189]},"properties":{"udise":"22040604701","name":"GOVT.PS.BHALUMAR","state":"CHHATTISGARH","district":"RAIGARH","block":"GHARGHODA","indicator":"no_girls_toilet"}},{"type":"Feature","geometry":{"type":"Point","coordinates":[83.4056,22.3386]},"properties":{"udise":"22040600102","name":"TWD.GIRLS ASH.KAYA","state":"CHHATTISGARH","district":"RAIGARH","block":"GHARGHODA","indicator":"no_girls_toilet"}},{"type":"Feature","geometry":{"type":"Point","coordinates":[83.4856,21.8583]},"properties":{"udise":"22041505901","name":"GOVT.BOYS PS.LOING","state":"CHHATTISGARH","district":"RAIGARH","block":"RAIGARH","indicator":"no_girls_toilet"}},{"type":"Feature","geometry":{"type":"Point","coordinates":[83.2944,21.9244]},"properties":{"udise":"22041508602","name":"M.S.KANSICHUWAN","state":"CHHATTISGARH","district":"RAIGARH","block":"RAIGARH","indicator":"no_girls_toilet"}},{"type":"Feature","geometry":{"type":"Point","coordinates":[83.4025,21.7058]},"properties":{"udise":"22041413601","name":"GOVT. PS. TELIPALI","state":"CHHATTISGARH","district":"RAIGARH","block":"PUSSORE","indicator":"no_girls_toilet"}},{"type":"Feature","geometry":{"type":"Point","coordinates":[83.4656,22.4767]},"properties":{"udise":"22041103902","name":"GOVT. PS. PATARAPARA(R)(SSA)","state":"CHHATTISGARH","district":"RAIGARH","block":"LAILUNGA","indicator":"no_girls_toilet"}},{"type":"Feature","geometry":{"type":"Point","coordinates":[83.4239,22.5211]},"properties":{"udise":"22040319103","name":"UMS CHARKHAPARA (SSA)","state":"CHHATTISGARH","district":"RAIGARH","block":"DHARAMJAIGARH","indicator":"no_girls_toilet"}},{"type":"Feature","geometry":{"type":"Point","coordinates":[83.5514,22.4522]},"properties":{"udise":"22041101203","name":"UMS SARDEGA(SSA)","state":"CHHATTISGARH","district":"RAIGARH","block":"LAILUNGA","indicator":"no_girls_toilet"}},{"type":"Feature","geometry":{"type":"Point","coordinates":[83.4736,21.8517]},"properties":{"udise":"22041505903","name":"GOVT.PS.BHOJPALLI","state":"CHHATTISGARH","district":"RAIGARH","block":"RAIGARH","indicator":"no_girls_toilet"}},{"type":"Feature","geometry":{"type":"Point","coordinates":[83.2747,21.9608]},"properties":{"udise":"22040911801","name":"GOVT.PS.TILAIPALI","state":"CHHATTISGARH","district":"RAIGARH","block":"KHARSIA","indicator":"no_girls_toilet"}},{"type":"Feature","geometry":{"type":"Point","coordinates":[83.3417,22.57]},"properties":{"udise":"22040314001","name":"GOVT. PS. KAPIYABHOUNA","state":"CHHATTISGARH","district":"RAIGARH","block":"DHARAMJAIGARH","indicator":"no_girls_toilet"}},{"type":"Feature","geometry":{"type":"Point","coordinates":[83.4856,21.8581]},"properties":{"udise":"22041505904","name":"M.S.LOING","state":"CHHATTISGARH","district":"RAIGARH","block":"RAIGARH","indicator":"no_girls_toilet"}},{"type":"Feature","geometry":{"type":"Point","coordinates":[83.5189,22.4792]},"properties":{"udise":"22041100809","name":"UMS LABHNIPARA(SSA)","state":"CHHATTISGARH","district":"RAIGARH","block":"LAILUNGA","indicator":"no_girls_toilet"}},{"type":"Feature","geometry":{"type":"Point","coordinates":[83.2928,22.6533]},"properties":{"udise":"22040311702","name":"EPS GOHESILAR(SSA)","state":"CHHATTISGARH","district":"RAIGARH","block":"DHARAMJAIGARH","indicator":"no_girls_toilet"}},{"type":"Feature","geometry":{"type":"Point","coordinates":[83.4561,22.0639]},"properties":{"udise":"22041708802","name":"EPS MANJHIPARA(SSA)","state":"CHHATTISGARH","district":"RAIGARH","block":"TAMNAR","indicator":"no_girls_toilet"}},{"type":"Feature","geometry":{"type":"Point","coordinates":[83.0119,21.9736]},"properties":{"udise":"22040908503","name":"M.S.BADEDEOGAON","state":"CHHATTISGARH","district":"RAIGARH","block":"KHARSIA","indicator":"no_girls_toilet"}},{"type":"Feature","geometry":{"type":"Point","coordinates":[83.4606,22.0642]},"properties":{"udise":"22041708801","name":"GOVT. PS. DEOGAON","state":"CHHATTISGARH","district":"RAIGARH","block":"TAMNAR","indicator":"no_girls_toilet"}},{"type":"Feature","geometry":{"type":"Point","coordinates":[83.6214,22.3694]},"properties":{"udise":"22041104605","name":"P.S.PATRAPARA(SSA)","state":"CHHATTISGARH","district":"RAIGARH","block":"LAILUNGA","indicator":"no_girls_toilet"}},{"type":"Feature","geometry":{"type":"Point","coordinates":[83.4403,21.8469]},"properties":{"udise":"22041403803","name":"UMS NAWAPALI (SSA)","state":"CHHATTISGARH","district":"RAIGARH","block":"PUSSORE","indicator":"no_girls_toilet"}},{"type":"Feature","geometry":{"type":"Point","coordinates":[83.2419,22.5911]},"properties":{"udise":"22040309702","name":"EPS RASKURIYA(SSA)","state":"CHHATTISGARH","district":"RAIGARH","block":"DHARAMJAIGARH","indicator":"no_girls_toilet"}},{"type":"Feature","geometry":{"type":"Point","coordinates":[83.2878,22.7283]},"properties":{"udise":"22040315701","name":"TWD. BOYS ASHR.PS.KUMARTA","state":"CHHATTISGARH","district":"RAIGARH","block":"DHARAMJAIGARH","indicator":"no_girls_toilet"}},{"type":"Feature","geometry":{"type":"Point","coordinates":[83.6167,22.2936]},"properties":{"udise":"22041107301","name":"TWD. PS. PIPRAHI","state":"CHHATTISGARH","district":"RAIGARH","block":"LAILUNGA","indicator":"no_girls_toilet"}},{"type":"Feature","geometry":{"type":"Point","coordinates":[83.1731,21.9269]},"properties":{"udise":"22040912901","name":"TWD.PS.KARPIPALI","state":"CHHATTISGARH","district":"RAIGARH","block":"KHARSIA","indicator":"no_girls_toilet"}},{"type":"Feature","geometry":{"type":"Point","coordinates":[83.4436,21.7094]},"properties":{"udise":"22041413402","name":"M.S. LARA","state":"CHHATTISGARH","district":"RAIGARH","block":"PUSSORE","indicator":"no_girls_toilet"}},{"type":"Feature","geometry":{"type":"Point","coordinates":[83.1397,22.1186]},"properties":{"udise":"22040300902","name":"UMS LAAT (SSA)","state":"CHHATTISGARH","district":"RAIGARH","block":"DHARAMJAIGARH","indicator":"no_girls_toilet"}},{"type":"Feature","geometry":{"type":"Point","coordinates":[83.0522,22.0375]},"properties":{"udise":"22040904401","name":"GOVT. PS. SARWANI","state":"CHHATTISGARH","district":"RAIGARH","block":"KHARSIA","indicator":"no_girls_toilet"}},{"type":"Feature","geometry":{"type":"Point","coordinates":[83.2953,22.7386]},"properties":{"udise":"22040315803","name":"EPS BARGHAT(SSA)","state":"CHHATTISGARH","district":"RAIGARH","block":"DHARAMJAIGARH","indicator":"no_girls_toilet"}},{"type":"Feature","geometry":{"type":"Point","coordinates":[83.3156,21.9589]},"properties":{"udise":"22041507303","name":"EPS PARSADA(SSA)","state":"CHHATTISGARH","district":"RAIGARH","block":"RAIGARH","indicator":"no_girls_toilet"}},{"type":"Feature","geometry":{"type":"Point","coordinates":[83.4606,22.0642]},"properties":{"udise":"22041708803","name":"UMS DEOGAON(SSA)","state":"CHHATTISGARH","district":"RAIGARH","block":"TAMNAR","indicator":"no_girls_toilet"}},{"type":"Feature","geometry":{"type":"Point","coordinates":[83.1044,21.9881]},"properties":{"udise":"22040913627","name":"NPS W.N.06 KHARSIA (SSA)","state":"CHHATTISGARH","district":"RAIGARH","block":"KHARSIA","indicator":"no_girls_toilet"}},{"type":"Feature","geometry":{"type":"Point","coordinates":[83.3358,21.8178]},"properties":{"udise":"22041402403","name":"UPS LINJIR(SSA)","state":"CHHATTISGARH","district":"RAIGARH","block":"PUSSORE","indicator":"no_girls_toilet"}},{"type":"Feature","geometry":{"type":"Point","coordinates":[83.2878,22.7283]},"properties":{"udise":"22040315703","name":"M.S. KUMARTA","state":"CHHATTISGARH","district":"RAIGARH","block":"DHARAMJAIGARH","indicator":"no_girls_toilet"}},{"type":"Feature","geometry":{"type":"Point","coordinates":[83.4672,22.2675]},"properties":{"udise":"22040607701","name":"EPS BAMHANPALI(SSA)","state":"CHHATTISGARH","district":"RAIGARH","block":"GHARGHODA","indicator":"no_girls_toilet"}},{"type":"Feature","geometry":{"type":"Point","coordinates":[83.1044,21.9881]},"properties":{"udise":"22040913620","name":"M.S.HAMALPARA","state":"CHHATTISGARH","district":"RAIGARH","block":"KHARSIA","indicator":"no_girls_toilet"}},{"type":"Feature","geometry":{"type":"Point","coordinates":[83.2572,21.9586]},"properties":{"udise":"22040911701","name":"GOVT.PS.LODHAJHAR","state":"CHHATTISGARH","district":"RAIGARH","block":"KHARSIA","indicator":"no_girls_toilet"}},{"type":"Feature","geometry":{"type":"Point","coordinates":[83.1753,22.0536]},"properties":{"udise":"22040904102","name":"UMS KUKRICHOLI(SSA)","state":"CHHATTISGARH","district":"RAIGARH","block":"KHARSIA","indicator":"no_girls_toilet"}},{"type":"Feature","geometry":{"type":"Point","coordinates":[83.5614,21.9219]},"properties":{"udise":"22041503601","name":"GOVT.PS.BALBHADRAPUR","state":"CHHATTISGARH","district":"RAIGARH","block":"RAIGARH","indicator":"no_girls_toilet"}},{"type":"Feature","geometry":{"type":"Point","coordinates":[83.5628,22.4136]},"properties":{"udise":"22041103602","name":"EPS THITHORIAAMA(SSA)","state":"CHHATTISGARH","district":"RAIGARH","block":"LAILUNGA","indicator":"no_girls_toilet"}},{"type":"Feature","geometry":{"type":"Point","coordinates":[83.3217,21.6947]},"properties":{"udise":"22041412101","name":"GOVT. PS. KHAPRAPALI","state":"CHHATTISGARH","district":"RAIGARH","block":"PUSSORE","indicator":"no_girls_toilet"}},{"type":"Feature","geometry":{"type":"Point","coordinates":[83.1808,21.9719]},"properties":{"udise":"22040909703","name":"EPS RAJAPARA(SSA)","state":"CHHATTISGARH","district":"RAIGARH","block":"KHARSIA","indicator":"no_girls_toilet"}},{"type":"Feature","geometry":{"type":"Point","coordinates":[83.0242,21.9844]},"properties":{"udise":"22040908902","name":"UMS GANDABORDI(SSA)","state":"CHHATTISGARH","district":"RAIGARH","block":"KHARSIA","indicator":"no_girls_toilet"}},{"type":"Feature","geometry":{"type":"Point","coordinates":[83.2594,21.8444]},"properties":{"udise":"22041400701","name":"GOVT. PS. PACHEDA","state":"CHHATTISGARH","district":"RAIGARH","block":"PUSSORE","indicator":"no_girls_toilet"}},{"type":"Feature","geometry":{"type":"Point","coordinates":[83.5017,22.4647]},"properties":{"udise":"22041100803","name":"TWD. PS. FARSAKANI","state":"CHHATTISGARH","district":"RAIGARH","block":"LAILUNGA","indicator":"no_girls_toilet"}},{"type":"Feature","geometry":{"type":"Point","coordinates":[83.4686,22.3369]},"properties":{"udise":"22041109101","name":"TWD. BOYS PS. LARIPANI","state":"CHHATTISGARH","district":"RAIGARH","block":"LAILUNGA","indicator":"no_girls_toilet"}},{"type":"Feature","geometry":{"type":"Point","coordinates":[83.3528,21.7992]},"properties":{"udise":"22041403303","name":"M.S. SURRI","state":"CHHATTISGARH","district":"RAIGARH","block":"PUSSORE","indicator":"girls_toilet_nonfunctional"}},{"type":"Feature","geometry":{"type":"Point","coordinates":[83.2303,22.6928]},"properties":{"udise":"22040305703","name":"EPS CHHAPARADAND(SSA)","state":"CHHATTISGARH","district":"RAIGARH","block":"DHARAMJAIGARH","indicator":"girls_toilet_nonfunctional"}},{"type":"Feature","geometry":{"type":"Point","coordinates":[83.0658,22.0983]},"properties":{"udise":"22040902101","name":"TWD. PS. PUCHIYAPALI","state":"CHHATTISGARH","district":"RAIGARH","block":"KHARSIA","indicator":"girls_toilet_nonfunctional"}},{"type":"Feature","geometry":{"type":"Point","coordinates":[83.1836,21.9394]},"properties":{"udise":"22040912203","name":"EPS RAMBHANTHA(SSA)","state":"CHHATTISGARH","district":"RAIGARH","block":"KHARSIA","indicator":"girls_toilet_nonfunctional"}},{"type":"Feature","geometry":{"type":"Point","coordinates":[83.3581,22.1733]},"properties":{"udise":"22040605201","name":"TWD.PS.JHANKADARHA","state":"CHHATTISGARH","district":"RAIGARH","block":"GHARGHODA","indicator":"girls_toilet_nonfunctional"}},{"type":"Feature","geometry":{"type":"Point","coordinates":[83.1675,22.0042]},"properties":{"udise":"22040906702","name":"M.S.NAWAGAON","state":"CHHATTISGARH","district":"RAIGARH","block":"KHARSIA","indicator":"girls_toilet_nonfunctional"}},{"type":"Feature","geometry":{"type":"Point","coordinates":[83.265,22.6747]},"properties":{"udise":"22040311701","name":"GOVT. PS. KADAMDHORHI","state":"CHHATTISGARH","district":"RAIGARH","block":"DHARAMJAIGARH","indicator":"girls_toilet_nonfunctional"}},{"type":"Feature","geometry":{"type":"Point","coordinates":[83.1342,22.2378]},"properties":{"udise":"22040303301","name":"TWD. PS. KHARRA","state":"CHHATTISGARH","district":"RAIGARH","block":"DHARAMJAIGARH","indicator":"girls_toilet_nonfunctional"}},{"type":"Feature","geometry":{"type":"Point","coordinates":[83.3344,21.7639]},"properties":{"udise":"22041407201","name":"GOVT. PS. NANDELI","state":"CHHATTISGARH","district":"RAIGARH","block":"PUSSORE","indicator":"girls_toilet_nonfunctional"}},{"type":"Feature","geometry":{"type":"Point","coordinates":[82.9878,22.1181]},"properties":{"udise":"22040900802","name":"M.S.KEWALI","state":"CHHATTISGARH","district":"RAIGARH","block":"KHARSIA","indicator":"girls_toilet_nonfunctional"}},{"type":"Feature","geometry":{"type":"Point","coordinates":[83.4058,21.7939]},"properties":{"udise":"22041406004","name":"M.S. BADEHARDI","state":"CHHATTISGARH","district":"RAIGARH","block":"PUSSORE","indicator":"girls_toilet_nonfunctional"}},{"type":"Feature","geometry":{"type":"Point","coordinates":[83.5447,22.3342]},"properties":{"udise":"22041111101","name":"TWD. PS. GAHIRA","state":"CHHATTISGARH","district":"RAIGARH","block":"LAILUNGA","indicator":"girls_toilet_nonfunctional"}},{"type":"Feature","geometry":{"type":"Point","coordinates":[83.5572,22.4933]},"properties":{"udise":"22041101006","name":"EPS DARRIPARA(SSA)","state":"CHHATTISGARH","district":"RAIGARH","block":"LAILUNGA","indicator":"girls_toilet_nonfunctional"}},{"type":"Feature","geometry":{"type":"Point","coordinates":[83.5375,22.3328]},"properties":{"udise":"22041111601","name":"TWD. PS. MUSKATTI","state":"CHHATTISGARH","district":"RAIGARH","block":"LAILUNGA","indicator":"girls_toilet_nonfunctional"}},{"type":"Feature","geometry":{"type":"Point","coordinates":[83.0631,22.1806]},"properties":{"udise":"22040900503","name":"M.S.KAFARMAR","state":"CHHATTISGARH","district":"RAIGARH","block":"KHARSIA","indicator":"girls_toilet_nonfunctional"}},{"type":"Feature","geometry":{"type":"Point","coordinates":[83.5139,21.9547]},"properties":{"udise":"22041502301","name":"EPS DEOBAHAL(SSA)","state":"CHHATTISGARH","district":"RAIGARH","block":"RAIGARH","indicator":"girls_toilet_nonfunctional"}},{"type":"Feature","geometry":{"type":"Point","coordinates":[83.3223,21.82583]},"properties":{"udise":"22041401103","name":"GOVT. H.S. TELIPALI","state":"CHHATTISGARH","district":"RAIGARH","block":"PUSSORE","indicator":"girls_toilet_nonfunctional"}},{"type":"Feature","geometry":{"type":"Point","coordinates":[83.4764,22.0775]},"properties":{"udise":"22041709002","name":"GOVT. PS. JHARGAON","state":"CHHATTISGARH","district":"RAIGARH","block":"TAMNAR","indicator":"girls_toilet_nonfunctional"}},{"type":"Feature","geometry":{"type":"Point","coordinates":[83.4483,21.8031]},"properties":{"udise":"22041404602","name":"UMS BHATHANPALI(SSA)","state":"CHHATTISGARH","district":"RAIGARH","block":"PUSSORE","indicator":"girls_toilet_nonfunctional"}},{"type":"Feature","geometry":{"type":"Point","coordinates":[83.0872,22.0183]},"properties":{"udise":"22040903101","name":"TWD. PS. PATRAPALI","state":"CHHATTISGARH","district":"RAIGARH","block":"KHARSIA","indicator":"girls_toilet_nonfunctional"}},{"type":"Feature","geometry":{"type":"Point","coordinates":[83.5128,22.4158]},"properties":{"udise":"22041105501","name":"TWD. PS. RAJGAON","state":"CHHATTISGARH","district":"RAIGARH","block":"LAILUNGA","indicator":"girls_toilet_nonfunctional"}},{"type":"Feature","geometry":{"type":"Point","coordinates":[83.5508,22.4389]},"properties":{"udise":"22041101103","name":"EPS NAWAPARA(SSA)","state":"CHHATTISGARH","district":"RAIGARH","block":"LAILUNGA","indicator":"girls_toilet_nonfunctional"}},{"type":"Feature","geometry":{"type":"Point","coordinates":[83.495,21.8881]},"properties":{"udise":"22041504602","name":"UMS KOTMAR(SSA)","state":"CHHATTISGARH","district":"RAIGARH","block":"RAIGARH","indicator":"girls_toilet_nonfunctional"}},{"type":"Feature","geometry":{"type":"Point","coordinates":[83.6919,22.2794]},"properties":{"udise":"22041108801","name":"EPS SARAMDEGA(SSA)","state":"CHHATTISGARH","district":"RAIGARH","block":"LAILUNGA","indicator":"girls_toilet_nonfunctional"}},{"type":"Feature","geometry":{"type":"Point","coordinates":[83.5372,22.3353]},"properties":{"udise":"22041111003","name":"EPS KARRANALA(SSA)","state":"CHHATTISGARH","district":"RAIGARH","block":"LAILUNGA","indicator":"girls_toilet_nonfunctional"}},{"type":"Feature","geometry":{"type":"Point","coordinates":[83.4681,22.1556]},"properties":{"udise":"22041702701","name":"TWD. PS. MUDAGAON","state":"CHHATTISGARH","district":"RAIGARH","block":"TAMNAR","indicator":"girls_toilet_nonfunctional"}},{"type":"Feature","geometry":{"type":"Point","coordinates":[83.1139,21.9542]},"properties":{"udise":"22040910301","name":"GOVT.PS.CHHOTE MUDPAR","state":"CHHATTISGARH","district":"RAIGARH","block":"KHARSIA","indicator":"girls_toilet_nonfunctional"}},{"type":"Feature","geometry":{"type":"Point","coordinates":[83.13,22.0558]},"properties":{"udise":"22040902702","name":"UMS AGASMAR(SSA)","state":"CHHATTISGARH","district":"RAIGARH","block":"KHARSIA","indicator":"girls_toilet_nonfunctional"}},{"type":"Feature","geometry":{"type":"Point","coordinates":[83.575,22.5156]},"properties":{"udise":"22041100302","name":"TWD. PS. KHEKHARAPARA","state":"CHHATTISGARH","district":"RAIGARH","block":"LAILUNGA","indicator":"girls_toilet_nonfunctional"}},{"type":"Feature","geometry":{"type":"Point","coordinates":[83.5464,22.3569]},"properties":{"udise":"22041109907","name":"SWAMI ATMANAND GOVT.HINDI MEDIUM SCHOOL  JHAGARPUR","state":"CHHATTISGARH","district":"RAIGARH","block":"LAILUNGA","indicator":"girls_toilet_nonfunctional"}},{"type":"Feature","geometry":{"type":"Point","coordinates":[83.3489,22.2239]},"properties":{"udise":"22040605301","name":"TWD.PS.DHORAM","state":"CHHATTISGARH","district":"RAIGARH","block":"GHARGHODA","indicator":"girls_toilet_nonfunctional"}},{"type":"Feature","geometry":{"type":"Point","coordinates":[83.1403,22.6914]},"properties":{"udise":"22040305202","name":"EPS CHHUHIPAHAD(SSA)","state":"CHHATTISGARH","district":"RAIGARH","block":"DHARAMJAIGARH","indicator":"girls_toilet_nonfunctional"}},{"type":"Feature","geometry":{"type":"Point","coordinates":[83.61,22.3928]},"properties":{"udise":"22041105002","name":"EPS SANJAYPUR(SSA)","state":"CHHATTISGARH","district":"RAIGARH","block":"LAILUNGA","indicator":"girls_toilet_nonfunctional"}},{"type":"Feature","geometry":{"type":"Point","coordinates":[83.3211,22.6328]},"properties":{"udise":"22040314503","name":"UMS SONPUR(SSA)","state":"CHHATTISGARH","district":"RAIGARH","block":"DHARAMJAIGARH","indicator":"girls_toilet_nonfunctional"}},{"type":"Feature","geometry":{"type":"Point","coordinates":[83.2672,22.665]},"properties":{"udise":"22040305704","name":"EPS KOUHADAHI(SSA)","state":"CHHATTISGARH","district":"RAIGARH","block":"DHARAMJAIGARH","indicator":"girls_toilet_nonfunctional"}},{"type":"Feature","geometry":{"type":"Point","coordinates":[83.7317,22.2897]},"properties":{"udise":"22041112002","name":"EPS GAMHAR(SSA)","state":"CHHATTISGARH","district":"RAIGARH","block":"LAILUNGA","indicator":"girls_toilet_nonfunctional"}},{"type":"Feature","geometry":{"type":"Point","coordinates":[83.37,22.5867]},"properties":{"udise":"22040317401","name":"GOVT. PS. KAMRAI","state":"CHHATTISGARH","district":"RAIGARH","block":"DHARAMJAIGARH","indicator":"girls_toilet_nonfunctional"}},{"type":"Feature","geometry":{"type":"Point","coordinates":[83.3417,21.6919]},"properties":{"udise":"22041412201","name":"GOVT.PS. SINGPURI","state":"CHHATTISGARH","district":"RAIGARH","block":"PUSSORE","indicator":"girls_toilet_nonfunctional"}},{"type":"Feature","geometry":{"type":"Point","coordinates":[83.5017,22.4647]},"properties":{"udise":"22041100810","name":"UMS FARSAKANI(SSA)","state":"CHHATTISGARH","district":"RAIGARH","block":"LAILUNGA","indicator":"girls_toilet_nonfunctional"}},{"type":"Feature","geometry":{"type":"Point","coordinates":[82.9878,22.1181]},"properties":{"udise":"22040900801","name":"GOVT. PS. KEWALI","state":"CHHATTISGARH","district":"RAIGARH","block":"KHARSIA","indicator":"girls_toilet_nonfunctional"}},{"type":"Feature","geometry":{"type":"Point","coordinates":[83.3156,22.4769]},"properties":{"udise":"22040312603","name":"UMS JUNWANIPARA(SSA)","state":"CHHATTISGARH","district":"RAIGARH","block":"DHARAMJAIGARH","indicator":"girls_toilet_nonfunctional"}},{"type":"Feature","geometry":{"type":"Point","coordinates":[83.1433,22.7122]},"properties":{"udise":"22040305302","name":"EPS SIRDAHI(SSA)","state":"CHHATTISGARH","district":"RAIGARH","block":"DHARAMJAIGARH","indicator":"girls_toilet_nonfunctional"}},{"type":"Feature","geometry":{"type":"Point","coordinates":[83.5614,22.0789]},"properties":{"udise":"22041709702","name":"TWD. PS. DUMARGHUNCHA","state":"CHHATTISGARH","district":"RAIGARH","block":"TAMNAR","indicator":"girls_toilet_nonfunctional"}},{"type":"Feature","geometry":{"type":"Point","coordinates":[83.3486,22.1186]},"properties":{"udise":"22040604801","name":"TWD.PS.CHHAIDORIYA","state":"CHHATTISGARH","district":"RAIGARH","block":"GHARGHODA","indicator":"girls_toilet_nonfunctional"}},{"type":"Feature","geometry":{"type":"Point","coordinates":[83.0603,21.9814]},"properties":{"udise":"22040909101","name":"TWD. PS. DUMARBHANTHA","state":"CHHATTISGARH","district":"RAIGARH","block":"KHARSIA","indicator":"girls_toilet_nonfunctional"}},{"type":"Feature","geometry":{"type":"Point","coordinates":[83.315,21.7686]},"properties":{"udise":"22041405301","name":"GOVT. PS. RAIBAR","state":"CHHATTISGARH","district":"RAIGARH","block":"PUSSORE","indicator":"girls_toilet_nonfunctional"}},{"type":"Feature","geometry":{"type":"Point","coordinates":[83.1139,22.1322]},"properties":{"udise":"22040900701","name":"GOVT. PS. KARUWADIH","state":"CHHATTISGARH","district":"RAIGARH","block":"KHARSIA","indicator":"girls_toilet_nonfunctional"}},{"type":"Feature","geometry":{"type":"Point","coordinates":[83.2383,22.5931]},"properties":{"udise":"22040309602","name":"P.S. PUCHHIDHODHI(SSA)","state":"CHHATTISGARH","district":"RAIGARH","block":"DHARAMJAIGARH","indicator":"girls_toilet_nonfunctional"}},{"type":"Feature","geometry":{"type":"Point","coordinates":[83.46056,22.06417]},"properties":{"udise":"22041708804","name":"GOVT. HIGH SCHOOL DEOGAON","state":"CHHATTISGARH","district":"RAIGARH","block":"TAMNAR","indicator":"girls_toilet_nonfunctional"}},{"type":"Feature","geometry":{"type":"Point","coordinates":[83.5325,22.2189]},"properties":{"udise":"22041700303","name":"M.S. URBA","state":"CHHATTISGARH","district":"RAIGARH","block":"TAMNAR","indicator":"girls_toilet_nonfunctional"}},{"type":"Feature","geometry":{"type":"Point","coordinates":[83.1347,22.1117]},"properties":{"udise":"22040301002","name":"UMS BANDHAPALI(SSA)","state":"CHHATTISGARH","district":"RAIGARH","block":"DHARAMJAIGARH","indicator":"girls_toilet_nonfunctional"}},{"type":"Feature","geometry":{"type":"Point","coordinates":[83.6222,22.3667]},"properties":{"udise":"22041105001","name":"GOVT. PS. GAMEKELA","state":"CHHATTISGARH","district":"RAIGARH","block":"LAILUNGA","indicator":"girls_toilet_nonfunctional"}},{"type":"Feature","geometry":{"type":"Point","coordinates":[83.0631,22.1806]},"properties":{"udise":"22040900502","name":"TWD. JUR. PS. DARRIPARA","state":"CHHATTISGARH","district":"RAIGARH","block":"KHARSIA","indicator":"girls_toilet_nonfunctional"}},{"type":"Feature","geometry":{"type":"Point","coordinates":[83.2139,21.9719]},"properties":{"udise":"22040909802","name":"TWD.PS.ROBERTSON(CHAPLE)","state":"CHHATTISGARH","district":"RAIGARH","block":"KHARSIA","indicator":"girls_toilet_nonfunctional"}},{"type":"Feature","geometry":{"type":"Point","coordinates":[83.2736,21.7708]},"properties":{"udise":"22041407001","name":"GOVT. PS. JATRI","state":"CHHATTISGARH","district":"RAIGARH","block":"PUSSORE","indicator":"girls_toilet_nonfunctional"}},{"type":"Feature","geometry":{"type":"Point","coordinates":[83.3008,22.0308]},"properties":{"udise":"22041705801","name":"GOVT. JUR.PS. BARPALI","state":"CHHATTISGARH","district":"RAIGARH","block":"TAMNAR","indicator":"girls_toilet_nonfunctional"}},{"type":"Feature","geometry":{"type":"Point","coordinates":[83.3583,21.7164]},"properties":{"udise":"22041412603","name":"M.S. TINMINI","state":"CHHATTISGARH","district":"RAIGARH","block":"PUSSORE","indicator":"girls_toilet_nonfunctional"}},{"type":"Feature","geometry":{"type":"Point","coordinates":[83.2508,22.5719]},"properties":{"udise":"22040310004","name":"M.S. KHAMHAR MCS","state":"CHHATTISGARH","district":"RAIGARH","block":"DHARAMJAIGARH","indicator":"girls_toilet_nonfunctional"}},{"type":"Feature","geometry":{"type":"Point","coordinates":[83.0861,21.9783]},"properties":{"udise":"22040909301","name":"TWD.PS.MAKRI","state":"CHHATTISGARH","district":"RAIGARH","block":"KHARSIA","indicator":"girls_toilet_nonfunctional"}},{"type":"Feature","geometry":{"type":"Point","coordinates":[83.1897,21.9803]},"properties":{"udise":"22040907801","name":"GOVT. PS. RANISAGAR","state":"CHHATTISGARH","district":"RAIGARH","block":"KHARSIA","indicator":"girls_toilet_nonfunctional"}},{"type":"Feature","geometry":{"type":"Point","coordinates":[83.3386,22.5339]},"properties":{"udise":"22040312801","name":"TWD. JUR. PS. DHARAMPUR","state":"CHHATTISGARH","district":"RAIGARH","block":"DHARAMJAIGARH","indicator":"girls_toilet_nonfunctional"}},{"type":"Feature","geometry":{"type":"Point","coordinates":[83.6092,22.1917]},"properties":{"udise":"22041111401","name":"GOVT. PS. HARDIJHARIYA","state":"CHHATTISGARH","district":"RAIGARH","block":"LAILUNGA","indicator":"girls_toilet_nonfunctional"}},{"type":"Feature","geometry":{"type":"Point","coordinates":[83.2928,22.2036]},"properties":{"udise":"22040605802","name":"GOVT.PS.JUNADIH","state":"CHHATTISGARH","district":"RAIGARH","block":"GHARGHODA","indicator":"girls_toilet_nonfunctional"}},{"type":"Feature","geometry":{"type":"Point","coordinates":[83.3508,21.7778]},"properties":{"udise":"22041405402","name":"UMS KARRAJOR (SSA)","state":"CHHATTISGARH","district":"RAIGARH","block":"PUSSORE","indicator":"girls_toilet_nonfunctional"}},{"type":"Feature","geometry":{"type":"Point","coordinates":[83.1678,22.2083]},"properties":{"udise":"22040307001","name":"TWD. PS. GALIMAR","state":"CHHATTISGARH","district":"RAIGARH","block":"DHARAMJAIGARH","indicator":"girls_toilet_nonfunctional"}},{"type":"Feature","geometry":{"type":"Point","coordinates":[83.6228,22.4114]},"properties":{"udise":"22041101303","name":"EPS GIDHARAPARA(SSA)","state":"CHHATTISGARH","district":"RAIGARH","block":"LAILUNGA","indicator":"girls_toilet_nonfunctional"}},{"type":"Feature","geometry":{"type":"Point","coordinates":[82.9919,22.0986]},"properties":{"udise":"22040901602","name":"UMS SAJAPALI(SSA)","state":"CHHATTISGARH","district":"RAIGARH","block":"KHARSIA","indicator":"girls_toilet_nonfunctional"}},{"type":"Feature","geometry":{"type":"Point","coordinates":[83.3361,21.7475]},"properties":{"udise":"22041414002","name":"M.S. KOTASURA","state":"CHHATTISGARH","district":"RAIGARH","block":"PUSSORE","indicator":"girls_toilet_nonfunctional"}},{"type":"Feature","geometry":{"type":"Point","coordinates":[83.4214,21.7619]},"properties":{"udise":"22041408602","name":"UMS DEWALSURRA(SSA)","state":"CHHATTISGARH","district":"RAIGARH","block":"PUSSORE","indicator":"girls_toilet_nonfunctional"}},{"type":"Feature","geometry":{"type":"Point","coordinates":[83.4325,22.3978]},"properties":{"udise":"22040316602","name":"M.S. RAJKOT","state":"CHHATTISGARH","district":"RAIGARH","block":"DHARAMJAIGARH","indicator":"girls_toilet_nonfunctional"}},{"type":"Feature","geometry":{"type":"Point","coordinates":[83.4447,21.7814]},"properties":{"udise":"22041406503","name":"GOVT.PS.MOUDAHABHANTHA(SSA)","state":"CHHATTISGARH","district":"RAIGARH","block":"PUSSORE","indicator":"girls_toilet_nonfunctional"}},{"type":"Feature","geometry":{"type":"Point","coordinates":[83.1083,22.1786]},"properties":{"udise":"22040301305","name":"M.S. KUDEKELA MCS","state":"CHHATTISGARH","district":"RAIGARH","block":"DHARAMJAIGARH","indicator":"girls_toilet_nonfunctional"}},{"type":"Feature","geometry":{"type":"Point","coordinates":[83.4053,22.3411]},"properties":{"udise":"22040600101","name":"GOVT.PS.KAYA","state":"CHHATTISGARH","district":"RAIGARH","block":"GHARGHODA","indicator":"girls_toilet_nonfunctional"}},{"type":"Feature","geometry":{"type":"Point","coordinates":[83.2708,22.3011]},"properties":{"udise":"22040601801","name":"TWD.PS.KOSAMGHAT","state":"CHHATTISGARH","district":"RAIGARH","block":"GHARGHODA","indicator":"girls_toilet_nonfunctional"}},{"type":"Feature","geometry":{"type":"Point","coordinates":[83.38524,21.90624]},"properties":{"udise":"22041514912","name":"GOVT. H.S. RAMBHANTHA RAIGARH","state":"CHHATTISGARH","district":"RAIGARH","block":"RAIGARH","indicator":"girls_toilet_nonfunctional"}},{"type":"Feature","geometry":{"type":"Point","coordinates":[83.4458,21.9867]},"properties":{"udise":"22041500803","name":"UMS JUNWANI(SSA)","state":"CHHATTISGARH","district":"RAIGARH","block":"RAIGARH","indicator":"girls_toilet_nonfunctional"}},{"type":"Feature","geometry":{"type":"Point","coordinates":[83.0469,22.1497]},"properties":{"udise":"22040900303","name":"M.S.JOBI","state":"CHHATTISGARH","district":"RAIGARH","block":"KHARSIA","indicator":"girls_toilet_nonfunctional"}},{"type":"Feature","geometry":{"type":"Point","coordinates":[83.3714,22.5097]},"properties":{"udise":"22040313605","name":"EPS GELHAPANI(SSA)","state":"CHHATTISGARH","district":"RAIGARH","block":"DHARAMJAIGARH","indicator":"girls_toilet_nonfunctional"}},{"type":"Feature","geometry":{"type":"Point","coordinates":[81.9292,21.3889]},"properties":{"udise":"22110812502","name":"GOVT MIDDLE SCHOOL NAVAGAON(SSA)","state":"CHHATTISGARH","district":"RAIPUR","block":"TILDA","indicator":"no_girls_toilet"}},{"type":"Feature","geometry":{"type":"Point","coordinates":[81.8839,21.0578]},"properties":{"udise":"22110602602","name":"GOVT. MIDDLE SCHOOL POND","state":"CHHATTISGARH","district":"RAIPUR","block":"ABHANPUR","indicator":"no_girls_toilet"}},{"type":"Feature","geometry":{"type":"Point","coordinates":[81.8769,21.3206]},"properties":{"udise":"22112201803","name":"PVT. SWAMI ATMANAND VIDYAPITH AMERI","state":"CHHATTISGARH","district":"RAIPUR","block":"ARANG","indicator":"no_girls_toilet"}},{"type":"Feature","geometry":{"type":"Point","coordinates":[81.8486,21.2208]},"properties":{"udise":"22112205602","name":"GOVT. MIDDLE SCHOOL  UMARIYA","state":"CHHATTISGARH","district":"RAIPUR","block":"ARANG","indicator":"no_girls_toilet"}},{"type":"Feature","geometry":{"type":"Point","coordinates":[81.8192,21.4181]},"properties":{"udise":"22110800701","name":"PVT PRIMARY SCHOOL AMLITALAB(PS AIDED)","state":"CHHATTISGARH","district":"RAIPUR","block":"TILDA","indicator":"no_girls_toilet"}},{"type":"Feature","geometry":{"type":"Point","coordinates":[82.0175,21.3228]},"properties":{"udise":"22112207902","name":"GOVT. MIDDLE SCHOOL BANA","state":"CHHATTISGARH","district":"RAIPUR","block":"ARANG","indicator":"no_girls_toilet"}},{"type":"Feature","geometry":{"type":"Point","coordinates":[81.8114,21.2239]},"properties":{"udise":"22112202902","name":"GOVT. MIDDLE SCHOOL NAVAGAON","state":"CHHATTISGARH","district":"RAIPUR","block":"ARANG","indicator":"no_girls_toilet"}},{"type":"Feature","geometry":{"type":"Point","coordinates":[81.9708,21.1978]},"properties":{"udise":"22112200729","name":"GOVT PRIMARY SCHOOL BAGESHWAR PARA ARANG","state":"CHHATTISGARH","district":"RAIPUR","block":"ARANG","indicator":"no_girls_toilet"}},{"type":"Feature","geometry":{"type":"Point","coordinates":[81.8061,21.0164]},"properties":{"udise":"22110610602","name":"GOVT MIDDLE SCHOOL DADARJHORI(SSA)","state":"CHHATTISGARH","district":"RAIPUR","block":"ABHANPUR","indicator":"no_girls_toilet"}},{"type":"Feature","geometry":{"type":"Point","coordinates":[81.71989,21.19313]},"properties":{"udise":"22110403122","name":"GOVT. ORTHO PADICALY CHILDRENS HOME MANACAMP","state":"CHHATTISGARH","district":"RAIPUR","block":"DHARSHIWA","indicator":"no_girls_toilet"}},{"type":"Feature","geometry":{"type":"Point","coordinates":[81.6553,21.1278]},"properties":{"udise":"22110611002","name":"GOVT MIDDLE SCHOOL KHILORA(SSA)","state":"CHHATTISGARH","district":"RAIPUR","block":"ABHANPUR","indicator":"no_girls_toilet"}},{"type":"Feature","geometry":{"type":"Point","coordinates":[81.9664,21.2019]},"properties":{"udise":"22112200718","name":"GOVT PRIMARY SCHOOL AVANTI BAI ARANG(SSA)","state":"CHHATTISGARH","district":"RAIPUR","block":"ARANG","indicator":"no_girls_toilet"}},{"type":"Feature","geometry":{"type":"Point","coordinates":[81.9164,21.0825]},"properties":{"udise":"22110602403","name":"GOVT. MIDDLE SCHOOL BHURKA  (SSA)","state":"CHHATTISGARH","district":"RAIPUR","block":"ABHANPUR","indicator":"no_girls_toilet"}},{"type":"Feature","geometry":{"type":"Point","coordinates":[82.0603,21.3972]},"properties":{"udise":"22112207801","name":"GOVT. PRIMARY SCHOOL BHAISMUDI","state":"CHHATTISGARH","district":"RAIPUR","block":"ARANG","indicator":"no_girls_toilet"}},{"type":"Feature","geometry":{"type":"Point","coordinates":[81.7931,21.3211]},"properties":{"udise":"22112203702","name":"GOVT MIDDLE SCHOOL PACHEDA","state":"CHHATTISGARH","district":"RAIPUR","block":"ARANG","indicator":"no_girls_toilet"}},{"type":"Feature","geometry":{"type":"Point","coordinates":[81.5994,21.1211]},"properties":{"udise":"22110613704","name":"GOVT. PRIMARY SCHOOL  RAWELI","state":"CHHATTISGARH","district":"RAIPUR","block":"ABHANPUR","indicator":"no_girls_toilet"}},{"type":"Feature","geometry":{"type":"Point","coordinates":[81.5947,21.0908]},"properties":{"udise":"22110601206","name":"GOVT. PRIMARY SCHOOL ABADIPARA PARSADA","state":"CHHATTISGARH","district":"RAIPUR","block":"ABHANPUR","indicator":"no_girls_toilet"}},{"type":"Feature","geometry":{"type":"Point","coordinates":[81.9664,21.0936]},"properties":{"udise":"22112210202","name":"GOVT. MIDDLE SCHOOL  KUMHARI","state":"CHHATTISGARH","district":"RAIPUR","block":"ARANG","indicator":"no_girls_toilet"}},{"type":"Feature","geometry":{"type":"Point","coordinates":[81.8578,21.1083]},"properties":{"udise":"22110602202","name":"GOVT. MIDDLE SCHOOL UGETARA  (SSA)","state":"CHHATTISGARH","district":"RAIPUR","block":"ABHANPUR","indicator":"girls_toilet_nonfunctional"}},{"type":"Feature","geometry":{"type":"Point","coordinates":[81.8058,20.97]},"properties":{"udise":"22110600601","name":"GOVT. PRIMARY SCHOOL CHIPARIDIH","state":"CHHATTISGARH","district":"RAIPUR","block":"ABHANPUR","indicator":"girls_toilet_nonfunctional"}},{"type":"Feature","geometry":{"type":"Point","coordinates":[82.00167,21.45806]},"properties":{"udise":"22110400129","name":"PVT QURO SCHOOL SUNDER NAGAR","state":"CHHATTISGARH","district":"RAIPUR","block":"DHARSHIWA","indicator":"girls_toilet_nonfunctional"}},{"type":"Feature","geometry":{"type":"Point","coordinates":[82.0911,21.3547]},"properties":{"udise":"22112213401","name":"GOVT. PRIMARY SCHOOL PARASWANI(AMODI)","state":"CHHATTISGARH","district":"RAIPUR","block":"ARANG","indicator":"girls_toilet_nonfunctional"}},{"type":"Feature","geometry":{"type":"Point","coordinates":[81.8061,21.1556]},"properties":{"udise":"22112215702","name":"GOVT. MIDDLE SCHOOL KUHERA (SSA)","state":"CHHATTISGARH","district":"RAIPUR","block":"ARANG","indicator":"girls_toilet_nonfunctional"}},{"type":"Feature","geometry":{"type":"Point","coordinates":[81.9625,21.3114]},"properties":{"udise":"22112218901","name":"GOVT. PRIMARY SCHOOL PARSATTI","state":"CHHATTISGARH","district":"RAIPUR","block":"ARANG","indicator":"girls_toilet_nonfunctional"}},{"type":"Feature","geometry":{"type":"Point","coordinates":[81.7214,21.2331]},"properties":{"udise":"22110415803","name":"GOVT NEW PRIMARY SCHOOL JORA (SSA)","state":"CHHATTISGARH","district":"RAIPUR","block":"DHARSHIWA","indicator":"girls_toilet_nonfunctional"}},{"type":"Feature","geometry":{"type":"Point","coordinates":[82.0008,21.1783]},"properties":{"udise":"22112206604","name":"GOVT NEW PRIMARY SCHOOL SADAK PARA PARAGAON(SSA)","state":"CHHATTISGARH","district":"RAIPUR","block":"ARANG","indicator":"girls_toilet_nonfunctional"}},{"type":"Feature","geometry":{"type":"Point","coordinates":[81.9203,21.0381]},"properties":{"udise":"22110602007","name":"GOVT. MIDDLE SCHOOL CHAMPAJHAR","state":"CHHATTISGARH","district":"RAIPUR","block":"ABHANPUR","indicator":"girls_toilet_nonfunctional"}},{"type":"Feature","geometry":{"type":"Point","coordinates":[81.8647,20.9661]},"properties":{"udise":"22110613606","name":"GOVT. PRIMARY SCHOOL  SOMWARI BAZAR NAWAPARA","state":"CHHATTISGARH","district":"RAIPUR","block":"ABHANPUR","indicator":"girls_toilet_nonfunctional"}},{"type":"Feature","geometry":{"type":"Point","coordinates":[81.6308,21.3442]},"properties":{"udise":"22110407901","name":"GOVT PRIMARY SCHOOL KANHERA","state":"CHHATTISGARH","district":"RAIPUR","block":"DHARSHIWA","indicator":"girls_toilet_nonfunctional"}},{"type":"Feature","geometry":{"type":"Point","coordinates":[81.9378,21.3939]},"properties":{"udise":"22110812102","name":"GOVT MIDDLE SCHOOL KESHLA","state":"CHHATTISGARH","district":"RAIPUR","block":"TILDA","indicator":"girls_toilet_nonfunctional"}},{"type":"Feature","geometry":{"type":"Point","coordinates":[81.7431,21.3703]},"properties":{"udise":"22110414802","name":"GOVT MIDDLE SCHOOL TOR(SSA)","state":"CHHATTISGARH","district":"RAIPUR","block":"DHARSHIWA","indicator":"girls_toilet_nonfunctional"}},{"type":"Feature","geometry":{"type":"Point","coordinates":[80.7842,21.1172]},"properties":{"udise":"22090609201","name":"GOVT. PRIMARY SCHOOL MEDHA","state":"CHHATTISGARH","district":"RAJNANDGAON","block":"DONGARGARH","indicator":"no_girls_toilet"}},{"type":"Feature","geometry":{"type":"Point","coordinates":[80.8533,21.2547]},"properties":{"udise":"22090612801","name":"GOVT. PRIMARY SCHOOL DHARA","state":"CHHATTISGARH","district":"RAJNANDGAON","block":"DONGARGARH","indicator":"no_girls_toilet"}},{"type":"Feature","geometry":{"type":"Point","coordinates":[80.5961,20.8914]},"properties":{"udise":"22090422601","name":"GOVT. PRIMARY SCHOOL (SSA) LUDKABOD","state":"CHHATTISGARH","district":"RAJNANDGAON","block":"CHURIA","indicator":"no_girls_toilet"}},{"type":"Feature","geometry":{"type":"Point","coordinates":[80.97972,21.09222]},"properties":{"udise":"22091117104","name":"GOVT. HIGH SCHOOL PENDRI","state":"CHHATTISGARH","district":"RAJNANDGAON","block":"RAJNANDGAON","indicator":"no_girls_toilet"}},{"type":"Feature","geometry":{"type":"Point","coordinates":[81.0911,21.1322]},"properties":{"udise":"22091108901","name":"GOVT. PRIMARY SCHOOL ACHANAKPUR","state":"CHHATTISGARH","district":"RAJNANDGAON","block":"RAJNANDGAON","indicator":"no_girls_toilet"}},{"type":"Feature","geometry":{"type":"Point","coordinates":[81.0169,21.0881]},"properties":{"udise":"22091100114","name":"GOVT. PRIMARY SCHOOL KAURINBHATHA","state":"CHHATTISGARH","district":"RAJNANDGAON","block":"RAJNANDGAON","indicator":"no_girls_toilet"}},{"type":"Feature","geometry":{"type":"Point","coordinates":[81.1514,21.3117]},"properties":{"udise":"22091110701","name":"GOVT. PRIMARY SCHOOL CHARBHATHA","state":"CHHATTISGARH","district":"RAJNANDGAON","block":"RAJNANDGAON","indicator":"no_girls_toilet"}},{"type":"Feature","geometry":{"type":"Point","coordinates":[80.6642,20.8883]},"properties":{"udise":"22090400401","name":"GOVT. PRIMARY SCHOOL KOLIYARI","state":"CHHATTISGARH","district":"RAJNANDGAON","block":"CHURIA","indicator":"no_girls_toilet"}},{"type":"Feature","geometry":{"type":"Point","coordinates":[80.99,21.22]},"properties":{"udise":"22090615502","name":"GOVT. MIDDLE SCHOOL (SSA) SEMHARA","state":"CHHATTISGARH","district":"RAJNANDGAON","block":"DONGARGARH","indicator":"no_girls_toilet"}},{"type":"Feature","geometry":{"type":"Point","coordinates":[81.1422,21.0692]},"properties":{"udise":"22091106101","name":"GOVT. PRIMARY SCHOOL KUSMI","state":"CHHATTISGARH","district":"RAJNANDGAON","block":"RAJNANDGAON","indicator":"no_girls_toilet"}},{"type":"Feature","geometry":{"type":"Point","coordinates":[80.7294,20.9025]},"properties":{"udise":"22090418801","name":"GOVT. PRIMARY SCHOOL MUNJALPATHARI","state":"CHHATTISGARH","district":"RAJNANDGAON","block":"CHURIA","indicator":"no_girls_toilet"}},{"type":"Feature","geometry":{"type":"Point","coordinates":[81.0408,21.1014]},"properties":{"udise":"22091105402","name":"GOVT. PRIMARY SCHOOL NO. 14 BAPU WARD 11 RAJNANDGAON","state":"CHHATTISGARH","district":"RAJNANDGAON","block":"RAJNANDGAON","indicator":"no_girls_toilet"}},{"type":"Feature","geometry":{"type":"Point","coordinates":[80.5564,20.9453]},"properties":{"udise":"22090409701","name":"GOVT. PRIMARY SCHOOL GERUGHAT","state":"CHHATTISGARH","district":"RAJNANDGAON","block":"CHURIA","indicator":"no_girls_toilet"}},{"type":"Feature","geometry":{"type":"Point","coordinates":[80.9028,20.8872]},"properties":{"udise":"22090412101","name":"GOVT. PRIMARY SCHOOL CHANDIA","state":"CHHATTISGARH","district":"RAJNANDGAON","block":"CHURIA","indicator":"no_girls_toilet"}},{"type":"Feature","geometry":{"type":"Point","coordinates":[80.6739,20.9669]},"properties":{"udise":"22090408801","name":"GOVT. PRIMARY SCHOOL JHALATOLA","state":"CHHATTISGARH","district":"RAJNANDGAON","block":"CHURIA","indicator":"no_girls_toilet"}},{"type":"Feature","geometry":{"type":"Point","coordinates":[80.6192,20.9042]},"properties":{"udise":"22090411501","name":"GOVT. PRIMARY SCHOOL FAFAMAR","state":"CHHATTISGARH","district":"RAJNANDGAON","block":"CHURIA","indicator":"no_girls_toilet"}},{"type":"Feature","geometry":{"type":"Point","coordinates":[80.8219,21.0881]},"properties":{"udise":"22090610901","name":"GOVT. PRIMARY SCHOOL GIDHAVA","state":"CHHATTISGARH","district":"RAJNANDGAON","block":"DONGARGARH","indicator":"no_girls_toilet"}},{"type":"Feature","geometry":{"type":"Point","coordinates":[80.5531,21.1053]},"properties":{"udise":"22090604901","name":"GOVT. PRIMARY SCHOOL BHAGWANTOLA","state":"CHHATTISGARH","district":"RAJNANDGAON","block":"DONGARGARH","indicator":"no_girls_toilet"}},{"type":"Feature","geometry":{"type":"Point","coordinates":[81.0244,21.3403]},"properties":{"udise":"22091112502","name":"GOVT. MIDDLE SCHOOL (SSA) MALADABARI","state":"CHHATTISGARH","district":"RAJNANDGAON","block":"RAJNANDGAON","indicator":"no_girls_toilet"}},{"type":"Feature","geometry":{"type":"Point","coordinates":[80.8756,21.2031]},"properties":{"udise":"22090614502","name":"GOVT. MIDDLE SCHOOL PALANDUR","state":"CHHATTISGARH","district":"RAJNANDGAON","block":"DONGARGARH","indicator":"no_girls_toilet"}},{"type":"Feature","geometry":{"type":"Point","coordinates":[80.7406,21.1183]},"properties":{"udise":"22090609602","name":"GOVT. MIDDLE SCHOOL (SSA) DHANDONGRI","state":"CHHATTISGARH","district":"RAJNANDGAON","block":"DONGARGARH","indicator":"no_girls_toilet"}},{"type":"Feature","geometry":{"type":"Point","coordinates":[81.1289,21.2614]},"properties":{"udise":"22091118001","name":"GOVT. PRIMARY SCHOOL MUDPAR (GIDHAWA)","state":"CHHATTISGARH","district":"RAJNANDGAON","block":"RAJNANDGAON","indicator":"no_girls_toilet"}},{"type":"Feature","geometry":{"type":"Point","coordinates":[80.9111,21.2133]},"properties":{"udise":"22090614702","name":"GOVT. MIDDLE SCHOOL JARVAHI","state":"CHHATTISGARH","district":"RAJNANDGAON","block":"DONGARGARH","indicator":"girls_toilet_nonfunctional"}},{"type":"Feature","geometry":{"type":"Point","coordinates":[81.0947,21.0642]},"properties":{"udise":"22091107901","name":"GOVT. PRIMARY SCHOOL JANGLESHWAR","state":"CHHATTISGARH","district":"RAJNANDGAON","block":"RAJNANDGAON","indicator":"girls_toilet_nonfunctional"}},{"type":"Feature","geometry":{"type":"Point","coordinates":[80.6319,21.055]},"properties":{"udise":"22090402803","name":"GOVT. H.S.S. PINKAPAR","state":"CHHATTISGARH","district":"RAJNANDGAON","block":"CHURIA","indicator":"girls_toilet_nonfunctional"}},{"type":"Feature","geometry":{"type":"Point","coordinates":[80.8711,21.1117]},"properties":{"udise":"22090610502","name":"GOVT. MIDDLE SCHOOL (SSA) MUNDGAON","state":"CHHATTISGARH","district":"RAJNANDGAON","block":"DONGARGARH","indicator":"girls_toilet_nonfunctional"}},{"type":"Feature","geometry":{"type":"Point","coordinates":[80.8869,20.8214]},"properties":{"udise":"22090416502","name":"GOVT. MIDDLE SCHOOL (SSA) PAREVADIH","state":"CHHATTISGARH","district":"RAJNANDGAON","block":"CHURIA","indicator":"girls_toilet_nonfunctional"}},{"type":"Feature","geometry":{"type":"Point","coordinates":[80.76806,21.0025]},"properties":{"udise":"22090500504","name":"GOVT. HIGH SCHOOL BAHMANIBHATHA","state":"CHHATTISGARH","district":"RAJNANDGAON","block":"DONGARGAON","indicator":"girls_toilet_nonfunctional"}},{"type":"Feature","geometry":{"type":"Point","coordinates":[80.7872,21.1203]},"properties":{"udise":"22090609301","name":"GOVT. PRIMARY SCHOOL TOLAGAON","state":"CHHATTISGARH","district":"RAJNANDGAON","block":"DONGARGARH","indicator":"girls_toilet_nonfunctional"}},{"type":"Feature","geometry":{"type":"Point","coordinates":[80.5553,21.0831]},"properties":{"udise":"22090407902","name":"GOVT. MIDDLE SCHOOL (SSA) GHORTALAB","state":"CHHATTISGARH","district":"RAJNANDGAON","block":"CHURIA","indicator":"girls_toilet_nonfunctional"}},{"type":"Feature","geometry":{"type":"Point","coordinates":[80.5736,20.9819]},"properties":{"udise":"22090406503","name":"GOVT. PRIMARY SCHOOL CHARBHATHA","state":"CHHATTISGARH","district":"RAJNANDGAON","block":"CHURIA","indicator":"girls_toilet_nonfunctional"}},{"type":"Feature","geometry":{"type":"Point","coordinates":[80.9875,21.3033]},"properties":{"udise":"22091113301","name":"GOVT. PRIMARY SCHOOL BHARKATOLA","state":"CHHATTISGARH","district":"RAJNANDGAON","block":"RAJNANDGAON","indicator":"girls_toilet_nonfunctional"}},{"type":"Feature","geometry":{"type":"Point","coordinates":[80.7994,21.0733]},"properties":{"udise":"22090621501","name":"GOVT. PRIMARY SCHOOL (SSA) SHIKARI BHATHA","state":"CHHATTISGARH","district":"RAJNANDGAON","block":"DONGARGARH","indicator":"girls_toilet_nonfunctional"}},{"type":"Feature","geometry":{"type":"Point","coordinates":[80.7436,21.0928]},"properties":{"udise":"22090609702","name":"GOVT. PRIMARY SCHOOL JHANDATALAB","state":"CHHATTISGARH","district":"RAJNANDGAON","block":"DONGARGARH","indicator":"girls_toilet_nonfunctional"}},{"type":"Feature","geometry":{"type":"Point","coordinates":[81.0014,21.3219]},"properties":{"udise":"22091112801","name":"GOVT. PRIMARY SCHOOL JOGI DALLI","state":"CHHATTISGARH","district":"RAJNANDGAON","block":"RAJNANDGAON","indicator":"girls_toilet_nonfunctional"}},{"type":"Feature","geometry":{"type":"Point","coordinates":[81.0486,21.0889]},"properties":{"udise":"22091100160","name":"GOVT. MIDDLE SCHOOL WARD 29 LAKHOLI GRAM","state":"CHHATTISGARH","district":"RAJNANDGAON","block":"RAJNANDGAON","indicator":"girls_toilet_nonfunctional"}},{"type":"Feature","geometry":{"type":"Point","coordinates":[80.6919,21.1978]},"properties":{"udise":"22090603101","name":"GOVT. PRIMARY SCHOOL BARNARAKALA","state":"CHHATTISGARH","district":"RAJNANDGAON","block":"DONGARGARH","indicator":"girls_toilet_nonfunctional"}},{"type":"Feature","geometry":{"type":"Point","coordinates":[81.1342,21.3033]},"properties":{"udise":"22091110601","name":"GOVT. PRIMARY SCHOOL BHALUKONHA","state":"CHHATTISGARH","district":"RAJNANDGAON","block":"RAJNANDGAON","indicator":"girls_toilet_nonfunctional"}},{"type":"Feature","geometry":{"type":"Point","coordinates":[80.8711,21.1117]},"properties":{"udise":"22090610501","name":"GOVT. PRIMARY SCHOOL MUNDGAON","state":"CHHATTISGARH","district":"RAJNANDGAON","block":"DONGARGARH","indicator":"girls_toilet_nonfunctional"}},{"type":"Feature","geometry":{"type":"Point","coordinates":[81.0131,21.2997]},"properties":{"udise":"22091112901","name":"GOVT. PRIMARY SCHOOL KALKASA","state":"CHHATTISGARH","district":"RAJNANDGAON","block":"RAJNANDGAON","indicator":"girls_toilet_nonfunctional"}},{"type":"Feature","geometry":{"type":"Point","coordinates":[80.555,21.0831]},"properties":{"udise":"22090407901","name":"GOVT. PRIMARY SCHOOL GHORTALAB","state":"CHHATTISGARH","district":"RAJNANDGAON","block":"CHURIA","indicator":"girls_toilet_nonfunctional"}},{"type":"Feature","geometry":{"type":"Point","coordinates":[80.7397,21.0467]},"properties":{"udise":"22090504302","name":"GOVT. MIDDLE SCHOOL (SSA) DARRABANDHA","state":"CHHATTISGARH","district":"RAJNANDGAON","block":"DONGARGAON","indicator":"girls_toilet_nonfunctional"}},{"type":"Feature","geometry":{"type":"Point","coordinates":[80.6789,20.9742]},"properties":{"udise":"22090407402","name":"GOVT. MIDDLE SCHOOL (SSA) PANDETOLA","state":"CHHATTISGARH","district":"RAJNANDGAON","block":"CHURIA","indicator":"girls_toilet_nonfunctional"}},{"type":"Feature","geometry":{"type":"Point","coordinates":[80.8964,21.1361]},"properties":{"udise":"22090611302","name":"GOVT. MIDDLE SCHOOL ALIVARA","state":"CHHATTISGARH","district":"RAJNANDGAON","block":"DONGARGARH","indicator":"girls_toilet_nonfunctional"}},{"type":"Feature","geometry":{"type":"Point","coordinates":[81.0194,21.0528]},"properties":{"udise":"22091115602","name":"GOVT. MIDDLE SCHOOL BHAWARMARA","state":"CHHATTISGARH","district":"RAJNANDGAON","block":"RAJNANDGAON","indicator":"girls_toilet_nonfunctional"}},{"type":"Feature","geometry":{"type":"Point","coordinates":[81.0994,21.0792]},"properties":{"udise":"22091117601","name":"GOVT. PRIMARY SCHOOL KHAIRA (KANHARPURI)","state":"CHHATTISGARH","district":"RAJNANDGAON","block":"RAJNANDGAON","indicator":"girls_toilet_nonfunctional"}},{"type":"Feature","geometry":{"type":"Point","coordinates":[80.7114,21.0831]},"properties":{"udise":"22090402201","name":"GOVT. PRIMARY SCHOOL JANAKPUR","state":"CHHATTISGARH","district":"RAJNANDGAON","block":"CHURIA","indicator":"girls_toilet_nonfunctional"}},{"type":"Feature","geometry":{"type":"Point","coordinates":[83.0853,21.8069]},"properties":{"udise":"22060507203","name":"GOVT. UP PS AWASPLAT(SSA)","state":"CHHATTISGARH","district":"SAKTI","block":"DABHARA","indicator":"no_girls_toilet"}},{"type":"Feature","geometry":{"type":"Point","coordinates":[83.2306,21.7039]},"properties":{"udise":"22060500803","name":"GOVT. GIRLS PS CHANDRAPUR (EDU)","state":"CHHATTISGARH","district":"SAKTI","block":"DABHARA","indicator":"no_girls_toilet"}},{"type":"Feature","geometry":{"type":"Point","coordinates":[83.1236,21.8128]},"properties":{"udise":"22060507701","name":"GOVT. PS DHOURABHATHA (EDU)","state":"CHHATTISGARH","district":"SAKTI","block":"DABHARA","indicator":"no_girls_toilet"}},{"type":"Feature","geometry":{"type":"Point","coordinates":[83.01,21.8278]},"properties":{"udise":"22061307002","name":"GOVT. MS TO HS KHARRI","state":"CHHATTISGARH","district":"SAKTI","block":"MALKHARODA","indicator":"no_girls_toilet"}},{"type":"Feature","geometry":{"type":"Point","coordinates":[83.0975,21.8981]},"properties":{"udise":"22060511002","name":"R.G.S.MISSION PS DEVARGHATA","state":"CHHATTISGARH","district":"SAKTI","block":"DABHARA","indicator":"no_girls_toilet"}},{"type":"Feature","geometry":{"type":"Point","coordinates":[83.0025,21.7869]},"properties":{"udise":"22061305201","name":"GOVT. PS BASIN","state":"CHHATTISGARH","district":"SAKTI","block":"MALKHARODA","indicator":"no_girls_toilet"}},{"type":"Feature","geometry":{"type":"Point","coordinates":[83.1958,21.9003]},"properties":{"udise":"22060511206","name":"GOVT.P.S.GHANATARAI TUNDRI (EDU)","state":"CHHATTISGARH","district":"SAKTI","block":"DABHARA","indicator":"no_girls_toilet"}},{"type":"Feature","geometry":{"type":"Point","coordinates":[83.1094,21.9247]},"properties":{"udise":"22061304801","name":"JAN. PS SERO","state":"CHHATTISGARH","district":"SAKTI","block":"MALKHARODA","indicator":"no_girls_toilet"}},{"type":"Feature","geometry":{"type":"Point","coordinates":[83.0275,21.8311]},"properties":{"udise":"22061306802","name":"GOVT. MS TO HSS CHATIPALI","state":"CHHATTISGARH","district":"SAKTI","block":"MALKHARODA","indicator":"no_girls_toilet"}},{"type":"Feature","geometry":{"type":"Point","coordinates":[83.2281,21.7703]},"properties":{"udise":"22060512101","name":"GOVT. JAN. PS BORSI (EDU)","state":"CHHATTISGARH","district":"SAKTI","block":"DABHARA","indicator":"no_girls_toilet"}},{"type":"Feature","geometry":{"type":"Point","coordinates":[83.0892,21.925]},"properties":{"udise":"22061302902","name":"M.S. BODA SAGAR","state":"CHHATTISGARH","district":"SAKTI","block":"MALKHARODA","indicator":"no_girls_toilet"}},{"type":"Feature","geometry":{"type":"Point","coordinates":[83.1017,21.7642]},"properties":{"udise":"22060514401","name":"GOVT.PS BHEDIKONA(EDU)","state":"CHHATTISGARH","district":"SAKTI","block":"DABHARA","indicator":"no_girls_toilet"}},{"type":"Feature","geometry":{"type":"Point","coordinates":[83.0178,21.7664]},"properties":{"udise":"22060500502","name":"GOVT.BOYS ASHRAM PS KAWALAJHAR(TWD)","state":"CHHATTISGARH","district":"SAKTI","block":"DABHARA","indicator":"no_girls_toilet"}},{"type":"Feature","geometry":{"type":"Point","coordinates":[83.0975,21.9478]},"properties":{"udise":"22061304703","name":"GOVT. P.M.S. FAGURAM","state":"CHHATTISGARH","district":"SAKTI","block":"MALKHARODA","indicator":"no_girls_toilet"}},{"type":"Feature","geometry":{"type":"Point","coordinates":[83.2372,21.7517]},"properties":{"udise":"22060509901","name":"GOVT. JAN. PS SIRAULI (EDU)","state":"CHHATTISGARH","district":"SAKTI","block":"DABHARA","indicator":"no_girls_toilet"}},{"type":"Feature","geometry":{"type":"Point","coordinates":[83.0306,21.8917]},"properties":{"udise":"22061307402","name":"UP PS CHHOTE KIRKAR","state":"CHHATTISGARH","district":"SAKTI","block":"MALKHARODA","indicator":"no_girls_toilet"}},{"type":"Feature","geometry":{"type":"Point","coordinates":[83.1981,21.8889]},"properties":{"udise":"22060511207","name":"GOVT.P.S.BELADULA TUNDRI (EDU)","state":"CHHATTISGARH","district":"SAKTI","block":"DABHARA","indicator":"no_girls_toilet"}},{"type":"Feature","geometry":{"type":"Point","coordinates":[83.0056,21.8117]},"properties":{"udise":"22061305303","name":"NPS BHATAPARA NAWAPARA","state":"CHHATTISGARH","district":"SAKTI","block":"MALKHARODA","indicator":"no_girls_toilet"}},{"type":"Feature","geometry":{"type":"Point","coordinates":[83.2011,21.8178]},"properties":{"udise":"22060506106","name":"GOVT.U.P. UPS AMLIPALI(SSA)","state":"CHHATTISGARH","district":"SAKTI","block":"DABHARA","indicator":"no_girls_toilet"}},{"type":"Feature","geometry":{"type":"Point","coordinates":[82.8669,22.1183]},"properties":{"udise":"22062408601","name":"GOVT. PRI.SCHOOL GAHRINMUDA(EDU)","state":"CHHATTISGARH","district":"SAKTI","block":"SAKTI","indicator":"no_girls_toilet"}},{"type":"Feature","geometry":{"type":"Point","coordinates":[83.1847,21.9197]},"properties":{"udise":"22060511601","name":"GOVT PS BADA DARHA (EDU)","state":"CHHATTISGARH","district":"SAKTI","block":"DABHARA","indicator":"no_girls_toilet"}},{"type":"Feature","geometry":{"type":"Point","coordinates":[83.0147,21.9567]},"properties":{"udise":"22061300110","name":"UP PS URAWPARA ADBHAR","state":"CHHATTISGARH","district":"SAKTI","block":"MALKHARODA","indicator":"no_girls_toilet"}},{"type":"Feature","geometry":{"type":"Point","coordinates":[83.2114,21.7578]},"properties":{"udise":"22060513701","name":"GOVT. PS NAVAPARA (M) (EDU)","state":"CHHATTISGARH","district":"SAKTI","block":"DABHARA","indicator":"no_girls_toilet"}},{"type":"Feature","geometry":{"type":"Point","coordinates":[83.075,21.9292]},"properties":{"udise":"22061304503","name":"UP PS AWAS PLAT BHATA","state":"CHHATTISGARH","district":"SAKTI","block":"MALKHARODA","indicator":"no_girls_toilet"}},{"type":"Feature","geometry":{"type":"Point","coordinates":[82.9594,21.8056]},"properties":{"udise":"22061300702","name":"PS BAZAR PARA PIRDA","state":"CHHATTISGARH","district":"SAKTI","block":"MALKHARODA","indicator":"no_girls_toilet"}},{"type":"Feature","geometry":{"type":"Point","coordinates":[83.2531,21.7403]},"properties":{"udise":"22060501102","name":"GOVT U.P.S. PALSADA (EDU)","state":"CHHATTISGARH","district":"SAKTI","block":"DABHARA","indicator":"no_girls_toilet"}},{"type":"Feature","geometry":{"type":"Point","coordinates":[83.0492,21.9039]},"properties":{"udise":"22061307304","name":"NPS PURANIBASTI ANDA","state":"CHHATTISGARH","district":"SAKTI","block":"MALKHARODA","indicator":"no_girls_toilet"}},{"type":"Feature","geometry":{"type":"Point","coordinates":[83.02243,22.0518]},"properties":{"udise":"22062406005","name":"GOVT MS AMALDIHA BOYS ASHRAM (TWD)","state":"CHHATTISGARH","district":"SAKTI","block":"SAKTI","indicator":"no_girls_toilet"}},{"type":"Feature","geometry":{"type":"Point","coordinates":[83.0261,21.8533]},"properties":{"udise":"22061306603","name":"UPUPS BADEKOT","state":"CHHATTISGARH","district":"SAKTI","block":"MALKHARODA","indicator":"no_girls_toilet"}},{"type":"Feature","geometry":{"type":"Point","coordinates":[83.0894,21.9258]},"properties":{"udise":"22061302901","name":"GOVT. PS. BODASAGAR","state":"CHHATTISGARH","district":"SAKTI","block":"MALKHARODA","indicator":"no_girls_toilet"}},{"type":"Feature","geometry":{"type":"Point","coordinates":[83.1717,21.8858]},"properties":{"udise":"22060511701","name":"GOVT.JAN. PS DUMARPALI (EDU)","state":"CHHATTISGARH","district":"SAKTI","block":"DABHARA","indicator":"no_girls_toilet"}},{"type":"Feature","geometry":{"type":"Point","coordinates":[82.9494,21.9119]},"properties":{"udise":"22061308201","name":"GOVT. PS AMANDULA","state":"CHHATTISGARH","district":"SAKTI","block":"MALKHARODA","indicator":"no_girls_toilet"}},{"type":"Feature","geometry":{"type":"Point","coordinates":[83.1269,21.7547]},"properties":{"udise":"22060514901","name":"JAN. PS PURENA BUDHA (EDU)","state":"CHHATTISGARH","district":"SAKTI","block":"DABHARA","indicator":"no_girls_toilet"}},{"type":"Feature","geometry":{"type":"Point","coordinates":[82.3878,21.9425]},"properties":{"udise":"22061309803","name":"GOVT PS BS.C NARIYARA","state":"CHHATTISGARH","district":"SAKTI","block":"MALKHARODA","indicator":"no_girls_toilet"}},{"type":"Feature","geometry":{"type":"Point","coordinates":[82.9586,21.8053]},"properties":{"udise":"22061300704","name":"GOVT. HIGHER SECONDARY SCHOOL PIRDA","state":"CHHATTISGARH","district":"SAKTI","block":"MALKHARODA","indicator":"no_girls_toilet"}},{"type":"Feature","geometry":{"type":"Point","coordinates":[83.1208,21.7772]},"properties":{"udise":"22060514602","name":"GOVT M.S. PUTIDIH (EDU)","state":"CHHATTISGARH","district":"SAKTI","block":"DABHARA","indicator":"no_girls_toilet"}},{"type":"Feature","geometry":{"type":"Point","coordinates":[83.0144,21.9264]},"properties":{"udise":"22061301803","name":"GOVT.MS BANDORA","state":"CHHATTISGARH","district":"SAKTI","block":"MALKHARODA","indicator":"no_girls_toilet"}},{"type":"Feature","geometry":{"type":"Point","coordinates":[82.8614,21.8503]},"properties":{"udise":"22060705701","name":"P.S. BODSARA","state":"CHHATTISGARH","district":"SAKTI","block":"JAIJAIPUR","indicator":"no_girls_toilet"}},{"type":"Feature","geometry":{"type":"Point","coordinates":[82.8794,21.8714]},"properties":{"udise":"22060705302","name":"GOVT.M.S.KALMIDIH (SSA)","state":"CHHATTISGARH","district":"SAKTI","block":"JAIJAIPUR","indicator":"no_girls_toilet"}},{"type":"Feature","geometry":{"type":"Point","coordinates":[83.1492,21.7461]},"properties":{"udise":"22060509201","name":"GOVT. PS GADAPALI (EDU)","state":"CHHATTISGARH","district":"SAKTI","block":"DABHARA","indicator":"no_girls_toilet"}},{"type":"Feature","geometry":{"type":"Point","coordinates":[82.9447,21.9756]},"properties":{"udise":"22061303602","name":"GOVT. UPS MOHANDIKHURDA","state":"CHHATTISGARH","district":"SAKTI","block":"MALKHARODA","indicator":"no_girls_toilet"}},{"type":"Feature","geometry":{"type":"Point","coordinates":[82.94,21.9936]},"properties":{"udise":"22061303402","name":"GOVT. MS TO HS MANDRAGODHI","state":"CHHATTISGARH","district":"SAKTI","block":"MALKHARODA","indicator":"no_girls_toilet"}},{"type":"Feature","geometry":{"type":"Point","coordinates":[83.0686,21.9394]},"properties":{"udise":"22061310802","name":"UPUPS TAULIPALI","state":"CHHATTISGARH","district":"SAKTI","block":"MALKHARODA","indicator":"no_girls_toilet"}},{"type":"Feature","geometry":{"type":"Point","coordinates":[83.0742,21.9733]},"properties":{"udise":"22061302101","name":"GOVT. NAVIN PS CHHATAUNA","state":"CHHATTISGARH","district":"SAKTI","block":"MALKHARODA","indicator":"no_girls_toilet"}},{"type":"Feature","geometry":{"type":"Point","coordinates":[82.9358,21.9272]},"properties":{"udise":"22061307902","name":"GOVT. MS TO HS SULOUNI","state":"CHHATTISGARH","district":"SAKTI","block":"MALKHARODA","indicator":"no_girls_toilet"}},{"type":"Feature","geometry":{"type":"Point","coordinates":[83.0844,21.7936]},"properties":{"udise":"22060504214","name":"GOVT.P.S.BOHARDIH (EDU)","state":"CHHATTISGARH","district":"SAKTI","block":"DABHARA","indicator":"no_girls_toilet"}},{"type":"Feature","geometry":{"type":"Point","coordinates":[82.7897,21.8492]},"properties":{"udise":"22060701002","name":"GOVT.P.S. ACHANAK PUR (EDU)","state":"CHHATTISGARH","district":"SAKTI","block":"JAIJAIPUR","indicator":"no_girls_toilet"}},{"type":"Feature","geometry":{"type":"Point","coordinates":[82.9489,21.9119]},"properties":{"udise":"22061308206","name":"NPS SIRSAGARH AMANDULA","state":"CHHATTISGARH","district":"SAKTI","block":"MALKHARODA","indicator":"no_girls_toilet"}},{"type":"Feature","geometry":{"type":"Point","coordinates":[83.08,21.9653]},"properties":{"udise":"22061310601","name":"JAN. PS SAPIA","state":"CHHATTISGARH","district":"SAKTI","block":"MALKHARODA","indicator":"no_girls_toilet"}},{"type":"Feature","geometry":{"type":"Point","coordinates":[83.0497,21.9036]},"properties":{"udise":"22061307301","name":"PS ANDA","state":"CHHATTISGARH","district":"SAKTI","block":"MALKHARODA","indicator":"no_girls_toilet"}},{"type":"Feature","geometry":{"type":"Point","coordinates":[82.4556,21.9753]},"properties":{"udise":"22061307703","name":"NPS TULSIDIH ROAD KIRARI","state":"CHHATTISGARH","district":"SAKTI","block":"MALKHARODA","indicator":"no_girls_toilet"}},{"type":"Feature","geometry":{"type":"Point","coordinates":[82.9567,21.8617]},"properties":{"udise":"22061300202","name":"GOVT. P.S. AMBE. PIHRID","state":"CHHATTISGARH","district":"SAKTI","block":"MALKHARODA","indicator":"no_girls_toilet"}},{"type":"Feature","geometry":{"type":"Point","coordinates":[82.9417,21.8569]},"properties":{"udise":"22061304202","name":"UPUPS AMERADIH","state":"CHHATTISGARH","district":"SAKTI","block":"MALKHARODA","indicator":"no_girls_toilet"}},{"type":"Feature","geometry":{"type":"Point","coordinates":[83.0056,21.9506]},"properties":{"udise":"22061302203","name":"UP PS AWAS PLAT BUNDELI","state":"CHHATTISGARH","district":"SAKTI","block":"MALKHARODA","indicator":"no_girls_toilet"}},{"type":"Feature","geometry":{"type":"Point","coordinates":[83.0806,21.965]},"properties":{"udise":"22061310602","name":"GOVT. PS.  AGORI PARA SAPIA","state":"CHHATTISGARH","district":"SAKTI","block":"MALKHARODA","indicator":"no_girls_toilet"}},{"type":"Feature","geometry":{"type":"Point","coordinates":[82.9161,21.7508]},"properties":{"udise":"22060704102","name":"GOVT.M.S.GUDRUKALA (SSA)","state":"CHHATTISGARH","district":"SAKTI","block":"JAIJAIPUR","indicator":"no_girls_toilet"}},{"type":"Feature","geometry":{"type":"Point","coordinates":[83.0497,21.9039]},"properties":{"udise":"22061307302","name":"GOVT. P.M.S. ANDA","state":"CHHATTISGARH","district":"SAKTI","block":"MALKHARODA","indicator":"no_girls_toilet"}},{"type":"Feature","geometry":{"type":"Point","coordinates":[83.0531,21.8481]},"properties":{"udise":"22061306402","name":"GOVT MS PARSADIH","state":"CHHATTISGARH","district":"SAKTI","block":"MALKHARODA","indicator":"no_girls_toilet"}},{"type":"Feature","geometry":{"type":"Point","coordinates":[83.1922,21.7553]},"properties":{"udise":"22060509701","name":"GOVT. PS PARSAPALI (EDU)","state":"CHHATTISGARH","district":"SAKTI","block":"DABHARA","indicator":"no_girls_toilet"}},{"type":"Feature","geometry":{"type":"Point","coordinates":[83.1353,21.7631]},"properties":{"udise":"22060506301","name":"GOVT. JAN. PS JAWALI (EDU)","state":"CHHATTISGARH","district":"SAKTI","block":"DABHARA","indicator":"no_girls_toilet"}},{"type":"Feature","geometry":{"type":"Point","coordinates":[82.9678,21.9106]},"properties":{"udise":"22061306202","name":"GOVT. P.M.S. TULSIDIH","state":"CHHATTISGARH","district":"SAKTI","block":"MALKHARODA","indicator":"no_girls_toilet"}},{"type":"Feature","geometry":{"type":"Point","coordinates":[82.8369,21.7764]},"properties":{"udise":"22060703003","name":"GOVT.NPS KUTRABOD (SSA)","state":"CHHATTISGARH","district":"SAKTI","block":"JAIJAIPUR","indicator":"girls_toilet_nonfunctional"}},{"type":"Feature","geometry":{"type":"Point","coordinates":[83.2531,21.7403]},"properties":{"udise":"22060501101","name":"GOVT. PS PALSADA (EDU)","state":"CHHATTISGARH","district":"SAKTI","block":"DABHARA","indicator":"girls_toilet_nonfunctional"}},{"type":"Feature","geometry":{"type":"Point","coordinates":[83.07,21.7983]},"properties":{"udise":"22060507101","name":"GOVT.JAN. PS CHUIPALI(EDU)","state":"CHHATTISGARH","district":"SAKTI","block":"DABHARA","indicator":"girls_toilet_nonfunctional"}},{"type":"Feature","geometry":{"type":"Point","coordinates":[83.1536,21.8461]},"properties":{"udise":"22060512402","name":"GOVT.UPUPS SHANKARPALI (SSA)","state":"CHHATTISGARH","district":"SAKTI","block":"DABHARA","indicator":"girls_toilet_nonfunctional"}},{"type":"Feature","geometry":{"type":"Point","coordinates":[82.9939,21.8636]},"properties":{"udise":"22061300402","name":"S.S. MANDIR  MALKHARODA","state":"CHHATTISGARH","district":"SAKTI","block":"MALKHARODA","indicator":"girls_toilet_nonfunctional"}},{"type":"Feature","geometry":{"type":"Point","coordinates":[83.0797,21.8928]},"properties":{"udise":"22060504101","name":"GOVT.JAN. PS BARTUNGA (EDU)","state":"CHHATTISGARH","district":"SAKTI","block":"DABHARA","indicator":"girls_toilet_nonfunctional"}},{"type":"Feature","geometry":{"type":"Point","coordinates":[83.0433,21.8656]},"properties":{"udise":"22061306003","name":"GOVT. NAVIN PS SINGHARA","state":"CHHATTISGARH","district":"SAKTI","block":"MALKHARODA","indicator":"girls_toilet_nonfunctional"}},{"type":"Feature","geometry":{"type":"Point","coordinates":[83.0722,21.9492]},"properties":{"udise":"22061311002","name":"GOVT M.S JHARRA","state":"CHHATTISGARH","district":"SAKTI","block":"MALKHARODA","indicator":"girls_toilet_nonfunctional"}},{"type":"Feature","geometry":{"type":"Point","coordinates":[83.0378,21.8014]},"properties":{"udise":"22060510601","name":"GOVT. JAN. PS KHONDHAR (EDU)","state":"CHHATTISGARH","district":"SAKTI","block":"DABHARA","indicator":"girls_toilet_nonfunctional"}},{"type":"Feature","geometry":{"type":"Point","coordinates":[83.0817,21.9025]},"properties":{"udise":"22060504104","name":"GOVT.NPS AWASPAR BARTUNGA (SSA)","state":"CHHATTISGARH","district":"SAKTI","block":"DABHARA","indicator":"girls_toilet_nonfunctional"}},{"type":"Feature","geometry":{"type":"Point","coordinates":[83.1447,21.8744]},"properties":{"udise":"22060501705","name":"GOVT.NPS MADHURKOT (SSA)","state":"CHHATTISGARH","district":"SAKTI","block":"DABHARA","indicator":"girls_toilet_nonfunctional"}},{"type":"Feature","geometry":{"type":"Point","coordinates":[83.1825,21.7978]},"properties":{"udise":"22060508502","name":"GOVT. U.P.UPS BINOUDHA (SSA)","state":"CHHATTISGARH","district":"SAKTI","block":"DABHARA","indicator":"girls_toilet_nonfunctional"}},{"type":"Feature","geometry":{"type":"Point","coordinates":[82.9481,21.8311]},"properties":{"udise":"22061300306","name":"UP PS JAYATKHAMPARA  BADERABEL","state":"CHHATTISGARH","district":"SAKTI","block":"MALKHARODA","indicator":"girls_toilet_nonfunctional"}},{"type":"Feature","geometry":{"type":"Point","coordinates":[82.9344,21.9592]},"properties":{"udise":"22061303703","name":"UPUPS DICXI","state":"CHHATTISGARH","district":"SAKTI","block":"MALKHARODA","indicator":"girls_toilet_nonfunctional"}},{"type":"Feature","geometry":{"type":"Point","coordinates":[83.2081,21.8353]},"properties":{"udise":"22060515401","name":"GOVT. JAN P.S.BILAIGARH (EDU)","state":"CHHATTISGARH","district":"SAKTI","block":"DABHARA","indicator":"girls_toilet_nonfunctional"}},{"type":"Feature","geometry":{"type":"Point","coordinates":[82.8219,21.9364]},"properties":{"udise":"22060701213","name":"NON GOVT HIGHER SECONDARY SCHOOL THATHARI","state":"CHHATTISGARH","district":"SAKTI","block":"JAIJAIPUR","indicator":"girls_toilet_nonfunctional"}},{"type":"Feature","geometry":{"type":"Point","coordinates":[83.2069,21.7847]},"properties":{"udise":"22060506103","name":"GOVT. UP PS PENDRUWA (SSA)","state":"CHHATTISGARH","district":"SAKTI","block":"DABHARA","indicator":"girls_toilet_nonfunctional"}},{"type":"Feature","geometry":{"type":"Point","coordinates":[83.1197,21.9142]},"properties":{"udise":"22060504001","name":"GOVT. JAN. PS SINGHITARAI (EDU)","state":"CHHATTISGARH","district":"SAKTI","block":"DABHARA","indicator":"girls_toilet_nonfunctional"}},{"type":"Feature","geometry":{"type":"Point","coordinates":[83.1997,21.7944]},"properties":{"udise":"22061303903","name":"PS BHAGODIHPARA  AURAD","state":"CHHATTISGARH","district":"SAKTI","block":"MALKHARODA","indicator":"girls_toilet_nonfunctional"}},{"type":"Feature","geometry":{"type":"Point","coordinates":[83.0006,21.7219]},"properties":{"udise":"22060703710","name":"MLB HIGHER SECONDARY SCHOOL  MALDA","state":"CHHATTISGARH","district":"SAKTI","block":"JAIJAIPUR","indicator":"girls_toilet_nonfunctional"}},{"type":"Feature","geometry":{"type":"Point","coordinates":[83.0647,21.9664]},"properties":{"udise":"22061310401","name":"GOVT. PS KARRAPALI","state":"CHHATTISGARH","district":"SAKTI","block":"MALKHARODA","indicator":"girls_toilet_nonfunctional"}},{"type":"Feature","geometry":{"type":"Point","coordinates":[82.9583,21.9622]},"properties":{"udise":"22061302701","name":"GOVT. PS PIKRIPAR","state":"CHHATTISGARH","district":"SAKTI","block":"MALKHARODA","indicator":"girls_toilet_nonfunctional"}},{"type":"Feature","geometry":{"type":"Point","coordinates":[82.8019,21.8767]},"properties":{"udise":"22060702602","name":"GOVT.P.S. KARI BHAVAR AMGAON (EDU)","state":"CHHATTISGARH","district":"SAKTI","block":"JAIJAIPUR","indicator":"girls_toilet_nonfunctional"}},{"type":"Feature","geometry":{"type":"Point","coordinates":[82.8244,21.8442]},"properties":{"udise":"22060700104","name":"GOVT.P.S. SANJAY NAGAR (EDU)","state":"CHHATTISGARH","district":"SAKTI","block":"JAIJAIPUR","indicator":"girls_toilet_nonfunctional"}},{"type":"Feature","geometry":{"type":"Point","coordinates":[83.2269,21.7375]},"properties":{"udise":"22060513902","name":"GOVT. UPS HARDI(SSA)","state":"CHHATTISGARH","district":"SAKTI","block":"DABHARA","indicator":"girls_toilet_nonfunctional"}},{"type":"Feature","geometry":{"type":"Point","coordinates":[82.9725,21.9694]},"properties":{"udise":"22061303201","name":"GOVT. PS DARRABHATHA","state":"CHHATTISGARH","district":"SAKTI","block":"MALKHARODA","indicator":"girls_toilet_nonfunctional"}},{"type":"Feature","geometry":{"type":"Point","coordinates":[83.0686,21.9078]},"properties":{"udise":"22061304903","name":"GOVT. HIGHER SECONDARY  SCHOOL SARASKELA","state":"CHHATTISGARH","district":"SAKTI","block":"MALKHARODA","indicator":"girls_toilet_nonfunctional"}},{"type":"Feature","geometry":{"type":"Point","coordinates":[82.9756,21.7897]},"properties":{"udise":"22061305103","name":"S. P. M. S. CHHAPORA","state":"CHHATTISGARH","district":"SAKTI","block":"MALKHARODA","indicator":"girls_toilet_nonfunctional"}},{"type":"Feature","geometry":{"type":"Point","coordinates":[83.1675,21.7569]},"properties":{"udise":"22060512606","name":"PVT. BAL VIKAS SISHU MANDIR SAPOS","state":"CHHATTISGARH","district":"SAKTI","block":"DABHARA","indicator":"girls_toilet_nonfunctional"}},{"type":"Feature","geometry":{"type":"Point","coordinates":[82.8528,21.8494]},"properties":{"udise":"22060705503","name":"GOVT.UP PS SATNAM PARA TUSHAR (SSA)","state":"CHHATTISGARH","district":"SAKTI","block":"JAIJAIPUR","indicator":"girls_toilet_nonfunctional"}},{"type":"Feature","geometry":{"type":"Point","coordinates":[83.1344,21.8308]},"properties":{"udise":"22060509309","name":"GOVT.P.S.GULGULBHATHA KOTMI (EDU)","state":"CHHATTISGARH","district":"SAKTI","block":"DABHARA","indicator":"girls_toilet_nonfunctional"}},{"type":"Feature","geometry":{"type":"Point","coordinates":[83.1044,21.8406]},"properties":{"udise":"22060501402","name":"GOVT. MS TO HS KANSA","state":"CHHATTISGARH","district":"SAKTI","block":"DABHARA","indicator":"girls_toilet_nonfunctional"}},{"type":"Feature","geometry":{"type":"Point","coordinates":[83.1819,21.9233]},"properties":{"udise":"22060511602","name":"GOVTUP PS SAHNIPARA BADA DARHA","state":"CHHATTISGARH","district":"SAKTI","block":"DABHARA","indicator":"girls_toilet_nonfunctional"}},{"type":"Feature","geometry":{"type":"Point","coordinates":[83.1694,21.8042]},"properties":{"udise":"22060506501","name":"GOVT. JAN. PS SALHE (EDU)","state":"CHHATTISGARH","district":"SAKTI","block":"DABHARA","indicator":"girls_toilet_nonfunctional"}},{"type":"Feature","geometry":{"type":"Point","coordinates":[83.1203,21.9067]},"properties":{"udise":"22060503802","name":"GOVT. UPS NIMOHI (SSA)","state":"CHHATTISGARH","district":"SAKTI","block":"DABHARA","indicator":"girls_toilet_nonfunctional"}},{"type":"Feature","geometry":{"type":"Point","coordinates":[83.2181,21.7386]},"properties":{"udise":"22060510002","name":"GOVT M.S. MIROUNI (EDU)","state":"CHHATTISGARH","district":"SAKTI","block":"DABHARA","indicator":"girls_toilet_nonfunctional"}},{"type":"Feature","geometry":{"type":"Point","coordinates":[82.9203,21.7297]},"properties":{"udise":"22060708504","name":"SARASWATI SHISHU MANDIR PARSADA","state":"CHHATTISGARH","district":"SAKTI","block":"JAIJAIPUR","indicator":"girls_toilet_nonfunctional"}},{"type":"Feature","geometry":{"type":"Point","coordinates":[82.8914,21.7692]},"properties":{"udise":"22060701101","name":"GOVT.P.S. BAVAN BUDI (EDU)","state":"CHHATTISGARH","district":"SAKTI","block":"JAIJAIPUR","indicator":"girls_toilet_nonfunctional"}},{"type":"Feature","geometry":{"type":"Point","coordinates":[83.0583,21.9375]},"properties":{"udise":"22061310701","name":"GOVT. PS DARIMUDA","state":"CHHATTISGARH","district":"SAKTI","block":"MALKHARODA","indicator":"girls_toilet_nonfunctional"}},{"type":"Feature","geometry":{"type":"Point","coordinates":[82.9161,21.8519]},"properties":{"udise":"22060709905","name":"GOVT.NPS BASTI KACHANDA (SSA)","state":"CHHATTISGARH","district":"SAKTI","block":"JAIJAIPUR","indicator":"girls_toilet_nonfunctional"}},{"type":"Feature","geometry":{"type":"Point","coordinates":[83.0367,21.8664]},"properties":{"udise":"22061306001","name":"GOVT. GIRLS PS SINGHARA","state":"CHHATTISGARH","district":"SAKTI","block":"MALKHARODA","indicator":"girls_toilet_nonfunctional"}},{"type":"Feature","geometry":{"type":"Point","coordinates":[83.0672,21.88]},"properties":{"udise":"22061306304","name":"GOVT. UPS BADEMUDPAR","state":"CHHATTISGARH","district":"SAKTI","block":"MALKHARODA","indicator":"girls_toilet_nonfunctional"}},{"type":"Feature","geometry":{"type":"Point","coordinates":[82.9325,21.8483]},"properties":{"udise":"22061304101","name":"GOVT. PS BHUTHA","state":"CHHATTISGARH","district":"SAKTI","block":"MALKHARODA","indicator":"girls_toilet_nonfunctional"}},{"type":"Feature","geometry":{"type":"Point","coordinates":[82.8158,21.7772]},"properties":{"udise":"22060704805","name":"GOVT. JANPAD MS TO HS BELADULA","state":"CHHATTISGARH","district":"SAKTI","block":"JAIJAIPUR","indicator":"girls_toilet_nonfunctional"}},{"type":"Feature","geometry":{"type":"Point","coordinates":[83.2383,21.7353]},"properties":{"udise":"22060501201","name":"GOVT. KANI. PS HIRAPUR (EDU)","state":"CHHATTISGARH","district":"SAKTI","block":"DABHARA","indicator":"girls_toilet_nonfunctional"}},{"type":"Feature","geometry":{"type":"Point","coordinates":[83.0817,21.7686]},"properties":{"udise":"22060504213","name":"GOVT.P.S.KENABHATHA (EDU)","state":"CHHATTISGARH","district":"SAKTI","block":"DABHARA","indicator":"girls_toilet_nonfunctional"}},{"type":"Feature","geometry":{"type":"Point","coordinates":[82.94685,21.75687]},"properties":{"udise":"22060708006","name":"PVT. SARASWATI SHISHU MANDIR AMODA","state":"CHHATTISGARH","district":"SAKTI","block":"JAIJAIPUR","indicator":"girls_toilet_nonfunctional"}},{"type":"Feature","geometry":{"type":"Point","coordinates":[82.9117,21.9919]},"properties":{"udise":"22060704403","name":"GOVT. PS MATASIPARA JAMADI (SSA)","state":"CHHATTISGARH","district":"SAKTI","block":"JAIJAIPUR","indicator":"girls_toilet_nonfunctional"}},{"type":"Feature","geometry":{"type":"Point","coordinates":[83.1914,21.7433]},"properties":{"udise":"22060512202","name":"GOVT M.S. LATESRA (EDU)","state":"CHHATTISGARH","district":"SAKTI","block":"DABHARA","indicator":"girls_toilet_nonfunctional"}},{"type":"Feature","geometry":{"type":"Point","coordinates":[82.9342,21.8997]},"properties":{"udise":"22060706504","name":"ARUNODAYA M.C.S.SENDURAS","state":"CHHATTISGARH","district":"SAKTI","block":"JAIJAIPUR","indicator":"girls_toilet_nonfunctional"}},{"type":"Feature","geometry":{"type":"Point","coordinates":[83.1103,21.7914]},"properties":{"udise":"22060505104","name":"GOVT. PRIMARY SCHOOL BHADRIPARA THAKURPALI","state":"CHHATTISGARH","district":"SAKTI","block":"DABHARA","indicator":"girls_toilet_nonfunctional"}},{"type":"Feature","geometry":{"type":"Point","coordinates":[83.1547,21.4706]},"properties":{"udise":"22041624702","name":"UMS CHHATADEI(SSA)","state":"CHHATTISGARH","district":"SARANGARH-BILAIGARH","block":"SARANGARH","indicator":"no_girls_toilet"}},{"type":"Feature","geometry":{"type":"Point","coordinates":[82.8461,21.6017]},"properties":{"udise":"22241025501","name":"GOVT. P.S DURUG","state":"CHHATTISGARH","district":"SARANGARH-BILAIGARH","block":"BILAIGARH","indicator":"no_girls_toilet"}},{"type":"Feature","geometry":{"type":"Point","coordinates":[82.9111,21.6342]},"properties":{"udise":"22241007301","name":"GOVT. PRIMARY SCHOOL PIPARDULA","state":"CHHATTISGARH","district":"SARANGARH-BILAIGARH","block":"BILAIGARH","indicator":"no_girls_toilet"}},{"type":"Feature","geometry":{"type":"Point","coordinates":[83.2314,21.4753]},"properties":{"udise":"22040211302","name":"UMS KARANPALI (SSA)","state":"CHHATTISGARH","district":"SARANGARH-BILAIGARH","block":"BARAMKELA","indicator":"no_girls_toilet"}},{"type":"Feature","geometry":{"type":"Point","coordinates":[83.1322,21.6853]},"properties":{"udise":"22041605401","name":"GOVT. PS. PINDRI (D)","state":"CHHATTISGARH","district":"SARANGARH-BILAIGARH","block":"SARANGARH","indicator":"no_girls_toilet"}},{"type":"Feature","geometry":{"type":"Point","coordinates":[83.3722,21.6664]},"properties":{"udise":"22040213001","name":"GOVT. PS. PARASRAMPUR","state":"CHHATTISGARH","district":"SARANGARH-BILAIGARH","block":"BARAMKELA","indicator":"no_girls_toilet"}},{"type":"Feature","geometry":{"type":"Point","coordinates":[82.7958,21.5328]},"properties":{"udise":"22241002801","name":"GOVT. PRIMARY SCHOOL CHARPALI","state":"CHHATTISGARH","district":"SARANGARH-BILAIGARH","block":"BILAIGARH","indicator":"no_girls_toilet"}},{"type":"Feature","geometry":{"type":"Point","coordinates":[83.2442,21.5367]},"properties":{"udise":"22040207702","name":"UMS BAGHANPUR(SSA)","state":"CHHATTISGARH","district":"SARANGARH-BILAIGARH","block":"BARAMKELA","indicator":"no_girls_toilet"}},{"type":"Feature","geometry":{"type":"Point","coordinates":[82.8411,21.6564]},"properties":{"udise":"22241009603","name":"GOVT. M.S ROHINA SSA","state":"CHHATTISGARH","district":"SARANGARH-BILAIGARH","block":"BILAIGARH","indicator":"no_girls_toilet"}},{"type":"Feature","geometry":{"type":"Point","coordinates":[82.9681,21.6236]},"properties":{"udise":"22241018101","name":"GOVT.PRIMARY SCHOOL PIKARIPALI","state":"CHHATTISGARH","district":"SARANGARH-BILAIGARH","block":"BILAIGARH","indicator":"no_girls_toilet"}},{"type":"Feature","geometry":{"type":"Point","coordinates":[82.7144,21.7131]},"properties":{"udise":"22241008103","name":"GOVT.P.S UPPER PARA MIRCHID SSA","state":"CHHATTISGARH","district":"SARANGARH-BILAIGARH","block":"BILAIGARH","indicator":"no_girls_toilet"}},{"type":"Feature","geometry":{"type":"Point","coordinates":[83.1247,21.5842]},"properties":{"udise":"22041615402","name":"UMS AMETHI(SSA)","state":"CHHATTISGARH","district":"SARANGARH-BILAIGARH","block":"SARANGARH","indicator":"no_girls_toilet"}},{"type":"Feature","geometry":{"type":"Point","coordinates":[83.34,21.5214]},"properties":{"udise":"22040209204","name":"UMS NAYA RISORA(SSA)","state":"CHHATTISGARH","district":"SARANGARH-BILAIGARH","block":"BARAMKELA","indicator":"no_girls_toilet"}},{"type":"Feature","geometry":{"type":"Point","coordinates":[83.2897,21.665]},"properties":{"udise":"22040201203","name":"UMS NAUGHATA (SSA)","state":"CHHATTISGARH","district":"SARANGARH-BILAIGARH","block":"BARAMKELA","indicator":"no_girls_toilet"}},{"type":"Feature","geometry":{"type":"Point","coordinates":[83.0939,21.6178]},"properties":{"udise":"22041615202","name":"TWD.ASHR. PS.BASINBAHARA","state":"CHHATTISGARH","district":"SARANGARH-BILAIGARH","block":"SARANGARH","indicator":"no_girls_toilet"}},{"type":"Feature","geometry":{"type":"Point","coordinates":[82.7214,21.6858]},"properties":{"udise":"22241004501","name":"GOVT. PRIMARY SCHOOL BANAHIL","state":"CHHATTISGARH","district":"SARANGARH-BILAIGARH","block":"BILAIGARH","indicator":"no_girls_toilet"}},{"type":"Feature","geometry":{"type":"Point","coordinates":[83.0439,21.6194]},"properties":{"udise":"22041611901","name":"EPS DALAL(SSA)","state":"CHHATTISGARH","district":"SARANGARH-BILAIGARH","block":"SARANGARH","indicator":"no_girls_toilet"}},{"type":"Feature","geometry":{"type":"Point","coordinates":[82.7739,21.5997]},"properties":{"udise":"22241031301","name":"GOVT. PS GENDAPALI","state":"CHHATTISGARH","district":"SARANGARH-BILAIGARH","block":"BILAIGARH","indicator":"no_girls_toilet"}},{"type":"Feature","geometry":{"type":"Point","coordinates":[82.7761,21.5439]},"properties":{"udise":"22241012501","name":"GOVT. PRIMARY SCHOOL BODADIH","state":"CHHATTISGARH","district":"SARANGARH-BILAIGARH","block":"BILAIGARH","indicator":"no_girls_toilet"}},{"type":"Feature","geometry":{"type":"Point","coordinates":[82.9164,21.6547]},"properties":{"udise":"22241007202","name":"GOVT. MS  JHUMKA","state":"CHHATTISGARH","district":"SARANGARH-BILAIGARH","block":"BILAIGARH","indicator":"no_girls_toilet"}},{"type":"Feature","geometry":{"type":"Point","coordinates":[82.7747,21.6328]},"properties":{"udise":"22241009201","name":"GOVT. PRIMARY SCHOOL RIKOTAR","state":"CHHATTISGARH","district":"SARANGARH-BILAIGARH","block":"BILAIGARH","indicator":"no_girls_toilet"}},{"type":"Feature","geometry":{"type":"Point","coordinates":[83.325,21.5781]},"properties":{"udise":"22040206002","name":"UMS  AMERI (SSA)","state":"CHHATTISGARH","district":"SARANGARH-BILAIGARH","block":"BARAMKELA","indicator":"no_girls_toilet"}},{"type":"Feature","geometry":{"type":"Point","coordinates":[82.7125,21.6369]},"properties":{"udise":"22241020810","name":"GOVT.M.S TIKRIPARA BILAIGARH","state":"CHHATTISGARH","district":"SARANGARH-BILAIGARH","block":"BILAIGARH","indicator":"no_girls_toilet"}},{"type":"Feature","geometry":{"type":"Point","coordinates":[83.2667,21.5331]},"properties":{"udise":"22040208001","name":"GOVT. PS.BENGCHI","state":"CHHATTISGARH","district":"SARANGARH-BILAIGARH","block":"BARAMKELA","indicator":"no_girls_toilet"}},{"type":"Feature","geometry":{"type":"Point","coordinates":[82.8547,21.5503]},"properties":{"udise":"22241010001","name":"GOVT. PRIMARY SCHOOL KISDA","state":"CHHATTISGARH","district":"SARANGARH-BILAIGARH","block":"BILAIGARH","indicator":"no_girls_toilet"}},{"type":"Feature","geometry":{"type":"Point","coordinates":[82.7761,21.5439]},"properties":{"udise":"22241012502","name":"GOVT. M.S BODADIHA","state":"CHHATTISGARH","district":"SARANGARH-BILAIGARH","block":"BILAIGARH","indicator":"no_girls_toilet"}},{"type":"Feature","geometry":{"type":"Point","coordinates":[83.3011,21.4919]},"properties":{"udise":"22040211003","name":"GOVR. PS. BENDRAPARA","state":"CHHATTISGARH","district":"SARANGARH-BILAIGARH","block":"BARAMKELA","indicator":"no_girls_toilet"}},{"type":"Feature","geometry":{"type":"Point","coordinates":[83.0744,21.5892]},"properties":{"udise":"22041629716","name":"M.S. MULTI. SARANGARH","state":"CHHATTISGARH","district":"SARANGARH-BILAIGARH","block":"SARANGARH","indicator":"no_girls_toilet"}},{"type":"Feature","geometry":{"type":"Point","coordinates":[82.6819,21.51]},"properties":{"udise":"22241013311","name":"GOVT. P.S  PARRIDARRI SSA","state":"CHHATTISGARH","district":"SARANGARH-BILAIGARH","block":"BILAIGARH","indicator":"no_girls_toilet"}},{"type":"Feature","geometry":{"type":"Point","coordinates":[82.8622,21.5386]},"properties":{"udise":"22241029601","name":"GOVT.P.S KOTHIKHOL SSA","state":"CHHATTISGARH","district":"SARANGARH-BILAIGARH","block":"BILAIGARH","indicator":"no_girls_toilet"}},{"type":"Feature","geometry":{"type":"Point","coordinates":[82.8486,21.5642]},"properties":{"udise":"22241023701","name":"GOVTPRIMARY SCHOOLDHANWARPARA DHOBNI","state":"CHHATTISGARH","district":"SARANGARH-BILAIGARH","block":"BILAIGARH","indicator":"no_girls_toilet"}},{"type":"Feature","geometry":{"type":"Point","coordinates":[83.1997,21.5519]},"properties":{"udise":"22041619803","name":"UMS BUDELI(SSA)","state":"CHHATTISGARH","district":"SARANGARH-BILAIGARH","block":"SARANGARH","indicator":"no_girls_toilet"}},{"type":"Feature","geometry":{"type":"Point","coordinates":[83.0825,21.6989]},"properties":{"udise":"22041600901","name":"GOVT. PS. JASRA","state":"CHHATTISGARH","district":"SARANGARH-BILAIGARH","block":"SARANGARH","indicator":"no_girls_toilet"}},{"type":"Feature","geometry":{"type":"Point","coordinates":[82.7806,21.6553]},"properties":{"udise":"22241008601","name":"GOVT. PRIMARY SCHOOL JAMGAHAN","state":"CHHATTISGARH","district":"SARANGARH-BILAIGARH","block":"BILAIGARH","indicator":"no_girls_toilet"}},{"type":"Feature","geometry":{"type":"Point","coordinates":[83.2986,21.5294]},"properties":{"udise":"22040213702","name":"M.S. MENDRA","state":"CHHATTISGARH","district":"SARANGARH-BILAIGARH","block":"BARAMKELA","indicator":"no_girls_toilet"}},{"type":"Feature","geometry":{"type":"Point","coordinates":[83.1053,21.6417]},"properties":{"udise":"22041607902","name":"UMS JILDI (SSA)","state":"CHHATTISGARH","district":"SARANGARH-BILAIGARH","block":"SARANGARH","indicator":"no_girls_toilet"}},{"type":"Feature","geometry":{"type":"Point","coordinates":[83.2461,21.5353]},"properties":{"udise":"22040207701","name":"GOVT. PS. BAGHANPUR","state":"CHHATTISGARH","district":"SARANGARH-BILAIGARH","block":"BARAMKELA","indicator":"no_girls_toilet"}},{"type":"Feature","geometry":{"type":"Point","coordinates":[82.9392,21.6561]},"properties":{"udise":"22241015105","name":"GOVT.PRIMARY SCHOOL AMBEDKAR NAGAR SSA","state":"CHHATTISGARH","district":"SARANGARH-BILAIGARH","block":"BILAIGARH","indicator":"no_girls_toilet"}},{"type":"Feature","geometry":{"type":"Point","coordinates":[82.8878,21.6064]},"properties":{"udise":"22241015601","name":"GOVT.NAVEN PRIMARY SCHOOL CHIRCHUAA SSA","state":"CHHATTISGARH","district":"SARANGARH-BILAIGARH","block":"BILAIGARH","indicator":"no_girls_toilet"}},{"type":"Feature","geometry":{"type":"Point","coordinates":[82.9231,21.6469]},"properties":{"udise":"22241007201","name":"GOVT. PRIMARY SCHOOL JHUMKA","state":"CHHATTISGARH","district":"SARANGARH-BILAIGARH","block":"BILAIGARH","indicator":"no_girls_toilet"}},{"type":"Feature","geometry":{"type":"Point","coordinates":[83.1986,21.6289]},"properties":{"udise":"22041613901","name":"GOVT. PS. BHIMSENDIH","state":"CHHATTISGARH","district":"SARANGARH-BILAIGARH","block":"SARANGARH","indicator":"no_girls_toilet"}},{"type":"Feature","geometry":{"type":"Point","coordinates":[82.8003,21.6803]},"properties":{"udise":"22241021403","name":"GOVT. BOY PS SALAUNIKALA","state":"CHHATTISGARH","district":"SARANGARH-BILAIGARH","block":"BILAIGARH","indicator":"no_girls_toilet"}},{"type":"Feature","geometry":{"type":"Point","coordinates":[82.9742,21.6969]},"properties":{"udise":"22041601602","name":"GOVT. GIRLS PS. SINGHANPUR","state":"CHHATTISGARH","district":"SARANGARH-BILAIGARH","block":"SARANGARH","indicator":"no_girls_toilet"}},{"type":"Feature","geometry":{"type":"Point","coordinates":[83.07417,21.65583]},"properties":{"udise":"22041609604","name":"GOVT. HIGH SCHOOL SULONI","state":"CHHATTISGARH","district":"SARANGARH-BILAIGARH","block":"SARANGARH","indicator":"no_girls_toilet"}},{"type":"Feature","geometry":{"type":"Point","coordinates":[83.0811,21.5869]},"properties":{"udise":"22041629701","name":"GOVT. PS. JAILPARA","state":"CHHATTISGARH","district":"SARANGARH-BILAIGARH","block":"SARANGARH","indicator":"no_girls_toilet"}},{"type":"Feature","geometry":{"type":"Point","coordinates":[82.7044,21.6528]},"properties":{"udise":"22241022502","name":"GOVT.M.S LUKAPARA SSA","state":"CHHATTISGARH","district":"SARANGARH-BILAIGARH","block":"BILAIGARH","indicator":"no_girls_toilet"}},{"type":"Feature","geometry":{"type":"Point","coordinates":[82.8236,21.6047]},"properties":{"udise":"22241015401","name":"GOVT.NAVEN P. S. BOIRDIH","state":"CHHATTISGARH","district":"SARANGARH-BILAIGARH","block":"BILAIGARH","indicator":"no_girls_toilet"}},{"type":"Feature","geometry":{"type":"Point","coordinates":[82.7942,21.6303]},"properties":{"udise":"22241010301","name":"GOVT. PRIMARY SCHOOL SINGHICHUWA","state":"CHHATTISGARH","district":"SARANGARH-BILAIGARH","block":"BILAIGARH","indicator":"no_girls_toilet"}},{"type":"Feature","geometry":{"type":"Point","coordinates":[82.7678,21.6442]},"properties":{"udise":"22241008702","name":"GOVT. M.S DOKARIDIH SSA","state":"CHHATTISGARH","district":"SARANGARH-BILAIGARH","block":"BILAIGARH","indicator":"no_girls_toilet"}},{"type":"Feature","geometry":{"type":"Point","coordinates":[83.2475,21.5456]},"properties":{"udise":"22040207001","name":"GOVT. PS. LINJIR","state":"CHHATTISGARH","district":"SARANGARH-BILAIGARH","block":"BARAMKELA","indicator":"no_girls_toilet"}},{"type":"Feature","geometry":{"type":"Point","coordinates":[82.6839,21.7072]},"properties":{"udise":"22241014101","name":"GOVT. P. S. MADAKADI","state":"CHHATTISGARH","district":"SARANGARH-BILAIGARH","block":"BILAIGARH","indicator":"no_girls_toilet"}},{"type":"Feature","geometry":{"type":"Point","coordinates":[83.27,21.6636]},"properties":{"udise":"22040200805","name":"UMS BILAIGARH (A) (SSA)","state":"CHHATTISGARH","district":"SARANGARH-BILAIGARH","block":"BARAMKELA","indicator":"no_girls_toilet"}},{"type":"Feature","geometry":{"type":"Point","coordinates":[82.8394,21.6236]},"properties":{"udise":"22241019901","name":"GOVT.NAVEN P. S. DULLARPUR SSA","state":"CHHATTISGARH","district":"SARANGARH-BILAIGARH","block":"BILAIGARH","indicator":"no_girls_toilet"}},{"type":"Feature","geometry":{"type":"Point","coordinates":[83.2508,21.4997]},"properties":{"udise":"22040210201","name":"GOVT. PS. DEWANPALI","state":"CHHATTISGARH","district":"SARANGARH-BILAIGARH","block":"BARAMKELA","indicator":"no_girls_toilet"}},{"type":"Feature","geometry":{"type":"Point","coordinates":[82.8589,21.6606]},"properties":{"udise":"22241006701","name":"GOVT. PRIMARY SCHOOL PIPARBHAVNA TE.","state":"CHHATTISGARH","district":"SARANGARH-BILAIGARH","block":"BILAIGARH","indicator":"no_girls_toilet"}},{"type":"Feature","geometry":{"type":"Point","coordinates":[83.2831,21.4753]},"properties":{"udise":"22040217702","name":"EPS RANGADIH(SSA)","state":"CHHATTISGARH","district":"SARANGARH-BILAIGARH","block":"BARAMKELA","indicator":"no_girls_toilet"}},{"type":"Feature","geometry":{"type":"Point","coordinates":[83.2567,21.5944]},"properties":{"udise":"22040203705","name":"EPS BELTIKARI(SSA)","state":"CHHATTISGARH","district":"SARANGARH-BILAIGARH","block":"BARAMKELA","indicator":"no_girls_toilet"}},{"type":"Feature","geometry":{"type":"Point","coordinates":[82.8761,21.6192]},"properties":{"udise":"22241011004","name":"GOVT.MIDDEL SCHOOL GAGORI SSA","state":"CHHATTISGARH","district":"SARANGARH-BILAIGARH","block":"BILAIGARH","indicator":"no_girls_toilet"}},{"type":"Feature","geometry":{"type":"Point","coordinates":[83.2831,21.6625]},"properties":{"udise":"22040201202","name":"EPS CHHAILFORA(SSA)","state":"CHHATTISGARH","district":"SARANGARH-BILAIGARH","block":"BARAMKELA","indicator":"no_girls_toilet"}},{"type":"Feature","geometry":{"type":"Point","coordinates":[83.2731,21.4903]},"properties":{"udise":"22040210901","name":"GOVT. PS. CHARBHANTHA","state":"CHHATTISGARH","district":"SARANGARH-BILAIGARH","block":"BARAMKELA","indicator":"no_girls_toilet"}},{"type":"Feature","geometry":{"type":"Point","coordinates":[83.2372,21.4025]},"properties":{"udise":"22040214203","name":"EGS MANJURPALI(SSA)","state":"CHHATTISGARH","district":"SARANGARH-BILAIGARH","block":"BARAMKELA","indicator":"no_girls_toilet"}},{"type":"Feature","geometry":{"type":"Point","coordinates":[82.9883,21.6731]},"properties":{"udise":"22041604403","name":"M.S. BATAUPALI","state":"CHHATTISGARH","district":"SARANGARH-BILAIGARH","block":"SARANGARH","indicator":"no_girls_toilet"}},{"type":"Feature","geometry":{"type":"Point","coordinates":[83.1236,21.5817]},"properties":{"udise":"22041619003","name":"M.S. BOYS DANSARA","state":"CHHATTISGARH","district":"SARANGARH-BILAIGARH","block":"SARANGARH","indicator":"no_girls_toilet"}},{"type":"Feature","geometry":{"type":"Point","coordinates":[82.6475,21.6364]},"properties":{"udise":"22241018602","name":"GOVT. M.S SHINGHITAR SSA","state":"CHHATTISGARH","district":"SARANGARH-BILAIGARH","block":"BILAIGARH","indicator":"no_girls_toilet"}},{"type":"Feature","geometry":{"type":"Point","coordinates":[82.9083,21.5622]},"properties":{"udise":"22241031201","name":"GOVT. PS SIRPUR SSA","state":"CHHATTISGARH","district":"SARANGARH-BILAIGARH","block":"BILAIGARH","indicator":"no_girls_toilet"}},{"type":"Feature","geometry":{"type":"Point","coordinates":[82.925,21.6156]},"properties":{"udise":"22241007404","name":"GOVT.M.S MUDPAR SSA","state":"CHHATTISGARH","district":"SARANGARH-BILAIGARH","block":"BILAIGARH","indicator":"no_girls_toilet"}},{"type":"Feature","geometry":{"type":"Point","coordinates":[82.7836,21.5553]},"properties":{"udise":"22241021606","name":"GOVT.P.S.BHATHAPARA PIRDA SSA","state":"CHHATTISGARH","district":"SARANGARH-BILAIGARH","block":"BILAIGARH","indicator":"no_girls_toilet"}},{"type":"Feature","geometry":{"type":"Point","coordinates":[83.0792,21.5847]},"properties":{"udise":"22041629301","name":"GOVT. PS. BIRSINGDIH","state":"CHHATTISGARH","district":"SARANGARH-BILAIGARH","block":"SARANGARH","indicator":"no_girls_toilet"}},{"type":"Feature","geometry":{"type":"Point","coordinates":[83.3167,21.3756]},"properties":{"udise":"22040217002","name":"UMS JAMDALKHA (SSA)","state":"CHHATTISGARH","district":"SARANGARH-BILAIGARH","block":"BARAMKELA","indicator":"no_girls_toilet"}},{"type":"Feature","geometry":{"type":"Point","coordinates":[83.3736,21.3486]},"properties":{"udise":"22040218002","name":"M.S. BIRNIPALI","state":"CHHATTISGARH","district":"SARANGARH-BILAIGARH","block":"BARAMKELA","indicator":"no_girls_toilet"}},{"type":"Feature","geometry":{"type":"Point","coordinates":[82.6714,21.6511]},"properties":{"udise":"22241013902","name":"GOVT. PRIMARY SCHOOL MALDI","state":"CHHATTISGARH","district":"SARANGARH-BILAIGARH","block":"BILAIGARH","indicator":"no_girls_toilet"}},{"type":"Feature","geometry":{"type":"Point","coordinates":[83.195,21.5406]},"properties":{"udise":"22041624401","name":"GOVT. PS. PARSDA CHHOTE","state":"CHHATTISGARH","district":"SARANGARH-BILAIGARH","block":"SARANGARH","indicator":"no_girls_toilet"}},{"type":"Feature","geometry":{"type":"Point","coordinates":[83.2778,21.5364]},"properties":{"udise":"22040208101","name":"GOVT. PS. KANKIDIPA","state":"CHHATTISGARH","district":"SARANGARH-BILAIGARH","block":"BARAMKELA","indicator":"no_girls_toilet"}},{"type":"Feature","geometry":{"type":"Point","coordinates":[82.9478,21.595]},"properties":{"udise":"22241016301","name":"GOVT.PRIMARY SCHOOL BAMHANPURI","state":"CHHATTISGARH","district":"SARANGARH-BILAIGARH","block":"BILAIGARH","indicator":"no_girls_toilet"}},{"type":"Feature","geometry":{"type":"Point","coordinates":[83.2636,21.5242]},"properties":{"udise":"22040208004","name":"UMS PRADHANPUR(SSA)","state":"CHHATTISGARH","district":"SARANGARH-BILAIGARH","block":"BARAMKELA","indicator":"no_girls_toilet"}},{"type":"Feature","geometry":{"type":"Point","coordinates":[82.96,21.6408]},"properties":{"udise":"22241014901","name":"GOVT. PRIMARY SCHOOL CHAKARDA","state":"CHHATTISGARH","district":"SARANGARH-BILAIGARH","block":"BILAIGARH","indicator":"no_girls_toilet"}},{"type":"Feature","geometry":{"type":"Point","coordinates":[83.2369,21.5019]},"properties":{"udise":"22040209901","name":"GOVT. PS. PIPARKHUNTA","state":"CHHATTISGARH","district":"SARANGARH-BILAIGARH","block":"BARAMKELA","indicator":"no_girls_toilet"}},{"type":"Feature","geometry":{"type":"Point","coordinates":[82.9203,21.6997]},"properties":{"udise":"22241026101","name":"GOVT.M.S JAITPUR SSA","state":"CHHATTISGARH","district":"SARANGARH-BILAIGARH","block":"BILAIGARH","indicator":"no_girls_toilet"}},{"type":"Feature","geometry":{"type":"Point","coordinates":[82.9958,21.6847]},"properties":{"udise":"22041601702","name":"GOVT. GIRLS PS. KOSIR","state":"CHHATTISGARH","district":"SARANGARH-BILAIGARH","block":"SARANGARH","indicator":"no_girls_toilet"}},{"type":"Feature","geometry":{"type":"Point","coordinates":[82.75,21.63]},"properties":{"udise":"22241028701","name":"GOVT.P. S JAMNAR SSA","state":"CHHATTISGARH","district":"SARANGARH-BILAIGARH","block":"BILAIGARH","indicator":"no_girls_toilet"}},{"type":"Feature","geometry":{"type":"Point","coordinates":[82.7403,21.5475]},"properties":{"udise":"22241031101","name":"GOVT. PS SURGULI","state":"CHHATTISGARH","district":"SARANGARH-BILAIGARH","block":"BILAIGARH","indicator":"no_girls_toilet"}},{"type":"Feature","geometry":{"type":"Point","coordinates":[83.2647,21.6283]},"properties":{"udise":"22040202305","name":"GOVT.PS.BIJNIDIPA(SSA)","state":"CHHATTISGARH","district":"SARANGARH-BILAIGARH","block":"BARAMKELA","indicator":"no_girls_toilet"}},{"type":"Feature","geometry":{"type":"Point","coordinates":[82.7169,21.5217]},"properties":{"udise":"22241006401","name":"GOVT. PRIMARY SCHOOL PARSAPALI","state":"CHHATTISGARH","district":"SARANGARH-BILAIGARH","block":"BILAIGARH","indicator":"no_girls_toilet"}},{"type":"Feature","geometry":{"type":"Point","coordinates":[83.1331,21.4169]},"properties":{"udise":"22041627802","name":"TWD ASH.MS JAWAHARNAGAR","state":"CHHATTISGARH","district":"SARANGARH-BILAIGARH","block":"SARANGARH","indicator":"no_girls_toilet"}},{"type":"Feature","geometry":{"type":"Point","coordinates":[82.8406,21.5764]},"properties":{"udise":"22241009901","name":"GOVT. PRIMARY SCHOOL TENDUDARHA","state":"CHHATTISGARH","district":"SARANGARH-BILAIGARH","block":"BILAIGARH","indicator":"no_girls_toilet"}},{"type":"Feature","geometry":{"type":"Point","coordinates":[83.4553,21.6156]},"properties":{"udise":"22040201806","name":"P.S. ASHRAM SANKARA","state":"CHHATTISGARH","district":"SARANGARH-BILAIGARH","block":"BARAMKELA","indicator":"no_girls_toilet"}},{"type":"Feature","geometry":{"type":"Point","coordinates":[83.1375,21.6894]},"properties":{"udise":"22041603405","name":"SSM BHEDWAN","state":"CHHATTISGARH","district":"SARANGARH-BILAIGARH","block":"SARANGARH","indicator":"no_girls_toilet"}},{"type":"Feature","geometry":{"type":"Point","coordinates":[82.9375,21.5814]},"properties":{"udise":"22241016202","name":"GOVT.MIDDLE SCHOOL CHORBHATTI","state":"CHHATTISGARH","district":"SARANGARH-BILAIGARH","block":"BILAIGARH","indicator":"no_girls_toilet"}},{"type":"Feature","geometry":{"type":"Point","coordinates":[82.9003,21.6289]},"properties":{"udise":"22241011801","name":"GOVT. PRIMARY SCHOOL MUCHHMALDA","state":"CHHATTISGARH","district":"SARANGARH-BILAIGARH","block":"BILAIGARH","indicator":"no_girls_toilet"}},{"type":"Feature","geometry":{"type":"Point","coordinates":[83.3158,21.5608]},"properties":{"udise":"22040207203","name":"M.S. KHORIGAON","state":"CHHATTISGARH","district":"SARANGARH-BILAIGARH","block":"BARAMKELA","indicator":"no_girls_toilet"}},{"type":"Feature","geometry":{"type":"Point","coordinates":[82.8442,21.5842]},"properties":{"udise":"22241022202","name":"GOVT. M.S  BENGPALI","state":"CHHATTISGARH","district":"SARANGARH-BILAIGARH","block":"BILAIGARH","indicator":"no_girls_toilet"}},{"type":"Feature","geometry":{"type":"Point","coordinates":[83.3272,21.5744]},"properties":{"udise":"22040206101","name":"GOVT. PS. PENWARA","state":"CHHATTISGARH","district":"SARANGARH-BILAIGARH","block":"BARAMKELA","indicator":"no_girls_toilet"}},{"type":"Feature","geometry":{"type":"Point","coordinates":[82.9575,21.7064]},"properties":{"udise":"22041600201","name":"GOVT. PS. BHADRA","state":"CHHATTISGARH","district":"SARANGARH-BILAIGARH","block":"SARANGARH","indicator":"no_girls_toilet"}},{"type":"Feature","geometry":{"type":"Point","coordinates":[82.925,21.6156]},"properties":{"udise":"22241007401","name":"GOVT. PRIMARY SCHOOL MUDPAR","state":"CHHATTISGARH","district":"SARANGARH-BILAIGARH","block":"BILAIGARH","indicator":"no_girls_toilet"}},{"type":"Feature","geometry":{"type":"Point","coordinates":[82.9478,21.6264]},"properties":{"udise":"22241010501","name":"GOVT. PRIMARY SCHOOL KODVA","state":"CHHATTISGARH","district":"SARANGARH-BILAIGARH","block":"BILAIGARH","indicator":"no_girls_toilet"}},{"type":"Feature","geometry":{"type":"Point","coordinates":[82.7806,21.5639]},"properties":{"udise":"22241001601","name":"GOVT. PRIMARY SCHOOL PIRDA","state":"CHHATTISGARH","district":"SARANGARH-BILAIGARH","block":"BILAIGARH","indicator":"no_girls_toilet"}},{"type":"Feature","geometry":{"type":"Point","coordinates":[82.9825,21.61194]},"properties":{"udise":"22041611406","name":"GOVT HIGH SCHOOL PARSADA BADE","state":"CHHATTISGARH","district":"SARANGARH-BILAIGARH","block":"SARANGARH","indicator":"no_girls_toilet"}},{"type":"Feature","geometry":{"type":"Point","coordinates":[83.0153,21.6419]},"properties":{"udise":"22041606902","name":"UMS PRADHANPUR(SSA)","state":"CHHATTISGARH","district":"SARANGARH-BILAIGARH","block":"SARANGARH","indicator":"no_girls_toilet"}},{"type":"Feature","geometry":{"type":"Point","coordinates":[82.9081,21.6797]},"properties":{"udise":"22241024601","name":"GOVT.P.S.LAKHURRIDIH SSA","state":"CHHATTISGARH","district":"SARANGARH-BILAIGARH","block":"BILAIGARH","indicator":"no_girls_toilet"}},{"type":"Feature","geometry":{"type":"Point","coordinates":[82.8761,21.6192]},"properties":{"udise":"22241011003","name":"GOVT. P.S GAGORI","state":"CHHATTISGARH","district":"SARANGARH-BILAIGARH","block":"BILAIGARH","indicator":"no_girls_toilet"}},{"type":"Feature","geometry":{"type":"Point","coordinates":[82.7672,21.5472]},"properties":{"udise":"22241012202","name":"GOVT. M.S.  BODA","state":"CHHATTISGARH","district":"SARANGARH-BILAIGARH","block":"BILAIGARH","indicator":"no_girls_toilet"}},{"type":"Feature","geometry":{"type":"Point","coordinates":[83.0058,21.6642]},"properties":{"udise":"22041604501","name":"GOVT. PS. SILIYARI","state":"CHHATTISGARH","district":"SARANGARH-BILAIGARH","block":"SARANGARH","indicator":"no_girls_toilet"}},{"type":"Feature","geometry":{"type":"Point","coordinates":[83.3014,21.4283]},"properties":{"udise":"22040214702","name":"M.S. TAREKELA","state":"CHHATTISGARH","district":"SARANGARH-BILAIGARH","block":"BARAMKELA","indicator":"no_girls_toilet"}},{"type":"Feature","geometry":{"type":"Point","coordinates":[82.9217,21.6136]},"properties":{"udise":"22241007402","name":"GOVT.PS. SATNAMI MO. MUDPAR","state":"CHHATTISGARH","district":"SARANGARH-BILAIGARH","block":"BILAIGARH","indicator":"no_girls_toilet"}},{"type":"Feature","geometry":{"type":"Point","coordinates":[82.8442,21.6461]},"properties":{"udise":"22241029101","name":"P.S. DHOBNIDIH SSA","state":"CHHATTISGARH","district":"SARANGARH-BILAIGARH","block":"BILAIGARH","indicator":"no_girls_toilet"}},{"type":"Feature","geometry":{"type":"Point","coordinates":[82.9439,21.6961]},"properties":{"udise":"22241002305","name":"GOVT.MS. PANDRIPALI","state":"CHHATTISGARH","district":"SARANGARH-BILAIGARH","block":"BILAIGARH","indicator":"no_girls_toilet"}},{"type":"Feature","geometry":{"type":"Point","coordinates":[82.8017,21.5722]},"properties":{"udise":"22241029901","name":"GOVT.P.S JAMNARDIH SSA","state":"CHHATTISGARH","district":"SARANGARH-BILAIGARH","block":"BILAIGARH","indicator":"no_girls_toilet"}},{"type":"Feature","geometry":{"type":"Point","coordinates":[83.2694,21.6339]},"properties":{"udise":"22040202304","name":"EPS TORESINHA(SSA)","state":"CHHATTISGARH","district":"SARANGARH-BILAIGARH","block":"BARAMKELA","indicator":"no_girls_toilet"}},{"type":"Feature","geometry":{"type":"Point","coordinates":[83.0792,21.5844]},"properties":{"udise":"22041629302","name":"UMS BIRSINGDIH(SSA)","state":"CHHATTISGARH","district":"SARANGARH-BILAIGARH","block":"SARANGARH","indicator":"no_girls_toilet"}},{"type":"Feature","geometry":{"type":"Point","coordinates":[83.1703,21.5664]},"properties":{"udise":"22041619903","name":"UMS BANDHAPALI(SSA)","state":"CHHATTISGARH","district":"SARANGARH-BILAIGARH","block":"SARANGARH","indicator":"no_girls_toilet"}},{"type":"Feature","geometry":{"type":"Point","coordinates":[83.0453,21.5561]},"properties":{"udise":"22041621701","name":"GOVT. PS. KHARRI CHHOTE","state":"CHHATTISGARH","district":"SARANGARH-BILAIGARH","block":"SARANGARH","indicator":"no_girls_toilet"}},{"type":"Feature","geometry":{"type":"Point","coordinates":[83.0792,21.5872]},"properties":{"udise":"22041629709","name":"GOVT.NAVEEN ENG.MED.SCHOOL SARANGARH","state":"CHHATTISGARH","district":"SARANGARH-BILAIGARH","block":"SARANGARH","indicator":"no_girls_toilet"}},{"type":"Feature","geometry":{"type":"Point","coordinates":[83.3125,21.6294]},"properties":{"udise":"22040202601","name":"GOVT. PS. KANDOLA","state":"CHHATTISGARH","district":"SARANGARH-BILAIGARH","block":"BARAMKELA","indicator":"no_girls_toilet"}},{"type":"Feature","geometry":{"type":"Point","coordinates":[82.8606,21.6394]},"properties":{"udise":"22241008301","name":"GOVT. P.S. BHATHA KHAMHARIYA SSA","state":"CHHATTISGARH","district":"SARANGARH-BILAIGARH","block":"BILAIGARH","indicator":"no_girls_toilet"}},{"type":"Feature","geometry":{"type":"Point","coordinates":[83.0769,21.5869]},"properties":{"udise":"22041629720","name":"GOPALJI A.V.M. PS SARANGARH","state":"CHHATTISGARH","district":"SARANGARH-BILAIGARH","block":"SARANGARH","indicator":"no_girls_toilet"}},{"type":"Feature","geometry":{"type":"Point","coordinates":[82.7564,21.5253]},"properties":{"udise":"22241006101","name":"GOVT. PRIMARY SCHOOL BAGMALLA","state":"CHHATTISGARH","district":"SARANGARH-BILAIGARH","block":"BILAIGARH","indicator":"no_girls_toilet"}},{"type":"Feature","geometry":{"type":"Point","coordinates":[82.7181,21.7128]},"properties":{"udise":"22241008101","name":"GOVT. PRIMARY SCHOOL MIRCHID","state":"CHHATTISGARH","district":"SARANGARH-BILAIGARH","block":"BILAIGARH","indicator":"no_girls_toilet"}},{"type":"Feature","geometry":{"type":"Point","coordinates":[82.8569,21.6211]},"properties":{"udise":"22241013401","name":"GOVT. P.S.DHOURABHATHA","state":"CHHATTISGARH","district":"SARANGARH-BILAIGARH","block":"BILAIGARH","indicator":"no_girls_toilet"}},{"type":"Feature","geometry":{"type":"Point","coordinates":[83.3617,21.3828]},"properties":{"udise":"22040217501","name":"GOVT. PS. GOURDIH","state":"CHHATTISGARH","district":"SARANGARH-BILAIGARH","block":"BARAMKELA","indicator":"no_girls_toilet"}},{"type":"Feature","geometry":{"type":"Point","coordinates":[83.0381,21.5922]},"properties":{"udise":"22041614301","name":"GVOT. PS. CHHIND","state":"CHHATTISGARH","district":"SARANGARH-BILAIGARH","block":"SARANGARH","indicator":"no_girls_toilet"}},{"type":"Feature","geometry":{"type":"Point","coordinates":[82.6828,21.5719]},"properties":{"udise":"22241013202","name":"GOVT.M.S MALUHA SSA","state":"CHHATTISGARH","district":"SARANGARH-BILAIGARH","block":"BILAIGARH","indicator":"no_girls_toilet"}},{"type":"Feature","geometry":{"type":"Point","coordinates":[82.9156,21.6644]},"properties":{"udise":"22241015201","name":"GOVT. PRIMARY SCHOOL BACHHOURDIH","state":"CHHATTISGARH","district":"SARANGARH-BILAIGARH","block":"BILAIGARH","indicator":"no_girls_toilet"}},{"type":"Feature","geometry":{"type":"Point","coordinates":[83.0242,21.6097]},"properties":{"udise":"22041611601","name":"GOVT. PS. BORIDA","state":"CHHATTISGARH","district":"SARANGARH-BILAIGARH","block":"SARANGARH","indicator":"no_girls_toilet"}},{"type":"Feature","geometry":{"type":"Point","coordinates":[82.9461,21.5889]},"properties":{"udise":"22241016402","name":"GOVT.M.S JOGESARA SSA","state":"CHHATTISGARH","district":"SARANGARH-BILAIGARH","block":"BILAIGARH","indicator":"no_girls_toilet"}},{"type":"Feature","geometry":{"type":"Point","coordinates":[83.2822,21.5397]},"properties":{"udise":"22040208401","name":"GOVT. JUR. PS. SINGHARI","state":"CHHATTISGARH","district":"SARANGARH-BILAIGARH","block":"BARAMKELA","indicator":"no_girls_toilet"}},{"type":"Feature","geometry":{"type":"Point","coordinates":[82.8436,21.6397]},"properties":{"udise":"22241025302","name":"GOVT. PS GIRSA","state":"CHHATTISGARH","district":"SARANGARH-BILAIGARH","block":"BILAIGARH","indicator":"no_girls_toilet"}},{"type":"Feature","geometry":{"type":"Point","coordinates":[82.8383,21.6344]},"properties":{"udise":"22241018502","name":"GOVT. M.S SONIYADIH SSA","state":"CHHATTISGARH","district":"SARANGARH-BILAIGARH","block":"BILAIGARH","indicator":"no_girls_toilet"}},{"type":"Feature","geometry":{"type":"Point","coordinates":[82.6858,21.7089]},"properties":{"udise":"22241014104","name":"GOVT. PRIMARY  SCHOOL PURANI MADKADI","state":"CHHATTISGARH","district":"SARANGARH-BILAIGARH","block":"BILAIGARH","indicator":"no_girls_toilet"}},{"type":"Feature","geometry":{"type":"Point","coordinates":[83.0797,21.5861]},"properties":{"udise":"22041629601","name":"GOVT. JUR.PS.BUTIPARA","state":"CHHATTISGARH","district":"SARANGARH-BILAIGARH","block":"SARANGARH","indicator":"no_girls_toilet"}},{"type":"Feature","geometry":{"type":"Point","coordinates":[83.1394,21.6572]},"properties":{"udise":"22041608302","name":"NDBA MS SUWA TAL","state":"CHHATTISGARH","district":"SARANGARH-BILAIGARH","block":"SARANGARH","indicator":"no_girls_toilet"}},{"type":"Feature","geometry":{"type":"Point","coordinates":[83.0383,21.6053]},"properties":{"udise":"22041611802","name":"UMS SALHE(SSA)","state":"CHHATTISGARH","district":"SARANGARH-BILAIGARH","block":"SARANGARH","indicator":"no_girls_toilet"}},{"type":"Feature","geometry":{"type":"Point","coordinates":[82.9397,21.6253]},"properties":{"udise":"22241007510","name":"GOVT.PRIMARY SCHOOL INDERANAGAR SARSIWA","state":"CHHATTISGARH","district":"SARANGARH-BILAIGARH","block":"BILAIGARH","indicator":"no_girls_toilet"}},{"type":"Feature","geometry":{"type":"Point","coordinates":[82.7242,21.5244]},"properties":{"udise":"22241006404","name":"GOVT PRIMARY SCHOOL DIPA PARA PARSAPALI SSA","state":"CHHATTISGARH","district":"SARANGARH-BILAIGARH","block":"BILAIGARH","indicator":"no_girls_toilet"}},{"type":"Feature","geometry":{"type":"Point","coordinates":[83.3347,21.6044]},"properties":{"udise":"22040204601","name":"GOVT. PS. JAMPALI","state":"CHHATTISGARH","district":"SARANGARH-BILAIGARH","block":"BARAMKELA","indicator":"no_girls_toilet"}},{"type":"Feature","geometry":{"type":"Point","coordinates":[83.1256,21.5858]},"properties":{"udise":"22041612802","name":"UMS MUDPAR CHHOTE (SSA)","state":"CHHATTISGARH","district":"SARANGARH-BILAIGARH","block":"SARANGARH","indicator":"no_girls_toilet"}},{"type":"Feature","geometry":{"type":"Point","coordinates":[82.8997,21.5989]},"properties":{"udise":"22241001103","name":"GOVT.PRIMARY SCHOOL RAIKONA 'B'","state":"CHHATTISGARH","district":"SARANGARH-BILAIGARH","block":"BILAIGARH","indicator":"no_girls_toilet"}},{"type":"Feature","geometry":{"type":"Point","coordinates":[83.2725,21.4783]},"properties":{"udise":"22040211901","name":"GOVT. PS. SAKARTUNGA","state":"CHHATTISGARH","district":"SARANGARH-BILAIGARH","block":"BARAMKELA","indicator":"no_girls_toilet"}},{"type":"Feature","geometry":{"type":"Point","coordinates":[82.9828,21.6119]},"properties":{"udise":"22041611401","name":"GOVT. PS. PARSADA BADE","state":"CHHATTISGARH","district":"SARANGARH-BILAIGARH","block":"SARANGARH","indicator":"no_girls_toilet"}},{"type":"Feature","geometry":{"type":"Point","coordinates":[83.0814,21.5867]},"properties":{"udise":"22041629741","name":"MUNICIPAL HS SARANGARH","state":"CHHATTISGARH","district":"SARANGARH-BILAIGARH","block":"SARANGARH","indicator":"no_girls_toilet"}},{"type":"Feature","geometry":{"type":"Point","coordinates":[83.2703,21.545]},"properties":{"udise":"22040218702","name":"UMS KHICHRI(SSA)","state":"CHHATTISGARH","district":"SARANGARH-BILAIGARH","block":"BARAMKELA","indicator":"no_girls_toilet"}},{"type":"Feature","geometry":{"type":"Point","coordinates":[83.2864,21.5603]},"properties":{"udise":"22040205401","name":"GOVT. PS. JHANAKPUR","state":"CHHATTISGARH","district":"SARANGARH-BILAIGARH","block":"BARAMKELA","indicator":"no_girls_toilet"}},{"type":"Feature","geometry":{"type":"Point","coordinates":[82.8439,21.5919]},"properties":{"udise":"22241006702","name":"GOVT. P.S PIPARBHAWNA [ G ]","state":"CHHATTISGARH","district":"SARANGARH-BILAIGARH","block":"BILAIGARH","indicator":"no_girls_toilet"}},{"type":"Feature","geometry":{"type":"Point","coordinates":[82.695,21.6581]},"properties":{"udise":"22241013706","name":"GOVT.P. S. TALPARA PAONI","state":"CHHATTISGARH","district":"SARANGARH-BILAIGARH","block":"BILAIGARH","indicator":"no_girls_toilet"}},{"type":"Feature","geometry":{"type":"Point","coordinates":[83.4542,21.6214]},"properties":{"udise":"22040201802","name":"M.S. SANKARA","state":"CHHATTISGARH","district":"SARANGARH-BILAIGARH","block":"BARAMKELA","indicator":"no_girls_toilet"}},{"type":"Feature","geometry":{"type":"Point","coordinates":[83.3444,21.5439]},"properties":{"udise":"22040207501","name":"GOVT. PS. DUMARSINGHA","state":"CHHATTISGARH","district":"SARANGARH-BILAIGARH","block":"BARAMKELA","indicator":"no_girls_toilet"}},{"type":"Feature","geometry":{"type":"Point","coordinates":[83.0928,21.4544]},"properties":{"udise":"22041626801","name":"EPS SHIVPURI(SSA)","state":"CHHATTISGARH","district":"SARANGARH-BILAIGARH","block":"SARANGARH","indicator":"no_girls_toilet"}},{"type":"Feature","geometry":{"type":"Point","coordinates":[82.9694,21.6428]},"properties":{"udise":"22241014801","name":"GOVT.PRIMARY SCHOOL MADHAIBHATHA","state":"CHHATTISGARH","district":"SARANGARH-BILAIGARH","block":"BILAIGARH","indicator":"no_girls_toilet"}},{"type":"Feature","geometry":{"type":"Point","coordinates":[83.1047,21.4606]},"properties":{"udise":"22041626101","name":"GOVT. PS. SARAIPALI","state":"CHHATTISGARH","district":"SARANGARH-BILAIGARH","block":"SARANGARH","indicator":"no_girls_toilet"}},{"type":"Feature","geometry":{"type":"Point","coordinates":[82.7947,21.5733]},"properties":{"udise":"22241028801","name":"GOVT. P.S LOHRINDIPA SSA","state":"CHHATTISGARH","district":"SARANGARH-BILAIGARH","block":"BILAIGARH","indicator":"no_girls_toilet"}},{"type":"Feature","geometry":{"type":"Point","coordinates":[83.0669,21.6692]},"properties":{"udise":"22041609801","name":"GOVT. PS. NEKAINATAR","state":"CHHATTISGARH","district":"SARANGARH-BILAIGARH","block":"SARANGARH","indicator":"no_girls_toilet"}},{"type":"Feature","geometry":{"type":"Point","coordinates":[83.3017,21.4283]},"properties":{"udise":"22040214701","name":"GOVT. PS. TAREKELA","state":"CHHATTISGARH","district":"SARANGARH-BILAIGARH","block":"BARAMKELA","indicator":"no_girls_toilet"}},{"type":"Feature","geometry":{"type":"Point","coordinates":[82.8075,21.7142]},"properties":{"udise":"22241016901","name":"GOVT.NAVEN PRIMARY SCHOOL GWALI","state":"CHHATTISGARH","district":"SARANGARH-BILAIGARH","block":"BILAIGARH","indicator":"no_girls_toilet"}},{"type":"Feature","geometry":{"type":"Point","coordinates":[83.2861,21.4783]},"properties":{"udise":"22040213601","name":"GOVT. PS. DHANIGAON","state":"CHHATTISGARH","district":"SARANGARH-BILAIGARH","block":"BARAMKELA","indicator":"no_girls_toilet"}},{"type":"Feature","geometry":{"type":"Point","coordinates":[83.1542,21.4708]},"properties":{"udise":"22041624701","name":"GOVT. PS. CHHATADEI","state":"CHHATTISGARH","district":"SARANGARH-BILAIGARH","block":"SARANGARH","indicator":"no_girls_toilet"}},{"type":"Feature","geometry":{"type":"Point","coordinates":[82.9306,21.6814]},"properties":{"udise":"22241001501","name":"GOVT. PRIMARY SCHOOL JORAPALI","state":"CHHATTISGARH","district":"SARANGARH-BILAIGARH","block":"BILAIGARH","indicator":"no_girls_toilet"}},{"type":"Feature","geometry":{"type":"Point","coordinates":[82.8461,21.6017]},"properties":{"udise":"22241025502","name":"GOVT. M.S DURUG","state":"CHHATTISGARH","district":"SARANGARH-BILAIGARH","block":"BILAIGARH","indicator":"no_girls_toilet"}},{"type":"Feature","geometry":{"type":"Point","coordinates":[83.125,21.6861]},"properties":{"udise":"22041603402","name":"GOVT. GIRLS PS. BHEDWAN","state":"CHHATTISGARH","district":"SARANGARH-BILAIGARH","block":"SARANGARH","indicator":"no_girls_toilet"}},{"type":"Feature","geometry":{"type":"Point","coordinates":[83.0375,21.5931]},"properties":{"udise":"22041614302","name":"M.S. CHHIND","state":"CHHATTISGARH","district":"SARANGARH-BILAIGARH","block":"SARANGARH","indicator":"no_girls_toilet"}},{"type":"Feature","geometry":{"type":"Point","coordinates":[83.2611,21.5758]},"properties":{"udise":"22040205101","name":"GOVT. PS. KANCHANPUR","state":"CHHATTISGARH","district":"SARANGARH-BILAIGARH","block":"BARAMKELA","indicator":"girls_toilet_nonfunctional"}},{"type":"Feature","geometry":{"type":"Point","coordinates":[82.7019,21.6847]},"properties":{"udise":"22241005701","name":"GOVT. PRIMARY SCHOOL KAITHA","state":"CHHATTISGARH","district":"SARANGARH-BILAIGARH","block":"BILAIGARH","indicator":"girls_toilet_nonfunctional"}},{"type":"Feature","geometry":{"type":"Point","coordinates":[83.1267,21.5869]},"properties":{"udise":"22041613002","name":"GOVT. PS. DIPAPARA(KHARRI)(SSA)","state":"CHHATTISGARH","district":"SARANGARH-BILAIGARH","block":"SARANGARH","indicator":"girls_toilet_nonfunctional"}},{"type":"Feature","geometry":{"type":"Point","coordinates":[82.9375,21.5814]},"properties":{"udise":"22241016203","name":"GOVT P. SCHOOL BICHPARA","state":"CHHATTISGARH","district":"SARANGARH-BILAIGARH","block":"BILAIGARH","indicator":"girls_toilet_nonfunctional"}},{"type":"Feature","geometry":{"type":"Point","coordinates":[83.2842,21.6156]},"properties":{"udise":"22040204202","name":"UMS GIRHULPALI (SSA)","state":"CHHATTISGARH","district":"SARANGARH-BILAIGARH","block":"BARAMKELA","indicator":"girls_toilet_nonfunctional"}},{"type":"Feature","geometry":{"type":"Point","coordinates":[82.9022,21.5681]},"properties":{"udise":"22241011504","name":"GOVT. M.S AMALIDIH SSA","state":"CHHATTISGARH","district":"SARANGARH-BILAIGARH","block":"BILAIGARH","indicator":"girls_toilet_nonfunctional"}},{"type":"Feature","geometry":{"type":"Point","coordinates":[83.0375,21.5931]},"properties":{"udise":"22041614303","name":"EPS CHHINDDIH(SSA)","state":"CHHATTISGARH","district":"SARANGARH-BILAIGARH","block":"SARANGARH","indicator":"girls_toilet_nonfunctional"}},{"type":"Feature","geometry":{"type":"Point","coordinates":[82.9392,21.6614]},"properties":{"udise":"22241014403","name":"M.S KOT SSA","state":"CHHATTISGARH","district":"SARANGARH-BILAIGARH","block":"BILAIGARH","indicator":"girls_toilet_nonfunctional"}},{"type":"Feature","geometry":{"type":"Point","coordinates":[83.0711,21.6078]},"properties":{"udise":"22041614902","name":"GOVT. GIRLS PS.KUTELA","state":"CHHATTISGARH","district":"SARANGARH-BILAIGARH","block":"SARANGARH","indicator":"girls_toilet_nonfunctional"}},{"type":"Feature","geometry":{"type":"Point","coordinates":[82.9744,21.6781]},"properties":{"udise":"22241018906","name":"GOVT.PRIMARY SCHOOL SATNAMI MO.BALPUR","state":"CHHATTISGARH","district":"SARANGARH-BILAIGARH","block":"BILAIGARH","indicator":"girls_toilet_nonfunctional"}},{"type":"Feature","geometry":{"type":"Point","coordinates":[83.2244,21.4544]},"properties":{"udise":"22040211602","name":"M.S. PADKIDIPA","state":"CHHATTISGARH","district":"SARANGARH-BILAIGARH","block":"BARAMKELA","indicator":"girls_toilet_nonfunctional"}},{"type":"Feature","geometry":{"type":"Point","coordinates":[83.0739,21.6969]},"properties":{"udise":"22041602701","name":"GOVT. PS. BARBHANTHA","state":"CHHATTISGARH","district":"SARANGARH-BILAIGARH","block":"SARANGARH","indicator":"girls_toilet_nonfunctional"}},{"type":"Feature","geometry":{"type":"Point","coordinates":[83.325,21.6097]},"properties":{"udise":"22040204602","name":"UMS JAMPALI(SSA)","state":"CHHATTISGARH","district":"SARANGARH-BILAIGARH","block":"BARAMKELA","indicator":"girls_toilet_nonfunctional"}},{"type":"Feature","geometry":{"type":"Point","coordinates":[83.4294,21.6539]},"properties":{"udise":"22040201701","name":"GOVT. PS. THENGAGUDI","state":"CHHATTISGARH","district":"SARANGARH-BILAIGARH","block":"BARAMKELA","indicator":"girls_toilet_nonfunctional"}},{"type":"Feature","geometry":{"type":"Point","coordinates":[82.8244,21.6867]},"properties":{"udise":"22241009401","name":"GOVT. PRIMARY SCHOOL GADHABHATHA","state":"CHHATTISGARH","district":"SARANGARH-BILAIGARH","block":"BILAIGARH","indicator":"girls_toilet_nonfunctional"}},{"type":"Feature","geometry":{"type":"Point","coordinates":[82.8042,21.6544]},"properties":{"udise":"22241013009","name":"SARSWATI SHISHUMANDIR BHATGAON PVT.","state":"CHHATTISGARH","district":"SARANGARH-BILAIGARH","block":"BILAIGARH","indicator":"girls_toilet_nonfunctional"}},{"type":"Feature","geometry":{"type":"Point","coordinates":[82.9669,21.6194]},"properties":{"udise":"22241016504","name":"GOVT.M.S. TENDUBHATHA SSA","state":"CHHATTISGARH","district":"SARANGARH-BILAIGARH","block":"BILAIGARH","indicator":"girls_toilet_nonfunctional"}},{"type":"Feature","geometry":{"type":"Point","coordinates":[83.15,21.5728]},"properties":{"udise":"22041619102","name":"M.S. MADHOPALI","state":"CHHATTISGARH","district":"SARANGARH-BILAIGARH","block":"SARANGARH","indicator":"girls_toilet_nonfunctional"}},{"type":"Feature","geometry":{"type":"Point","coordinates":[82.8344,21.6922]},"properties":{"udise":"22241020102","name":"GOVT. M.S KARMANDI SSA","state":"CHHATTISGARH","district":"SARANGARH-BILAIGARH","block":"BILAIGARH","indicator":"girls_toilet_nonfunctional"}},{"type":"Feature","geometry":{"type":"Point","coordinates":[82.8003,21.6803]},"properties":{"udise":"22241021405","name":"GOVT. MS SALAUNIKALA","state":"CHHATTISGARH","district":"SARANGARH-BILAIGARH","block":"BILAIGARH","indicator":"girls_toilet_nonfunctional"}},{"type":"Feature","geometry":{"type":"Point","coordinates":[82.8547,21.5503]},"properties":{"udise":"22241010002","name":"GOVT.M.S KISDA SSA","state":"CHHATTISGARH","district":"SARANGARH-BILAIGARH","block":"BILAIGARH","indicator":"girls_toilet_nonfunctional"}},{"type":"Feature","geometry":{"type":"Point","coordinates":[83.2892,21.5228]},"properties":{"udise":"22040208302","name":"M.S. SARAIPALI","state":"CHHATTISGARH","district":"SARANGARH-BILAIGARH","block":"BARAMKELA","indicator":"girls_toilet_nonfunctional"}},{"type":"Feature","geometry":{"type":"Point","coordinates":[82.7786,21.5403]},"properties":{"udise":"22241032201","name":"GOVT.P.S. ANJANIYA SSA","state":"CHHATTISGARH","district":"SARANGARH-BILAIGARH","block":"BILAIGARH","indicator":"girls_toilet_nonfunctional"}},{"type":"Feature","geometry":{"type":"Point","coordinates":[82.8778,21.5578]},"properties":{"udise":"22241000502","name":"GOVT.M.S NARESHNAGAR SSA","state":"CHHATTISGARH","district":"SARANGARH-BILAIGARH","block":"BILAIGARH","indicator":"girls_toilet_nonfunctional"}},{"type":"Feature","geometry":{"type":"Point","coordinates":[82.7531,21.7008]},"properties":{"udise":"22241000702","name":"GOVT. MS  GORBA","state":"CHHATTISGARH","district":"SARANGARH-BILAIGARH","block":"BILAIGARH","indicator":"girls_toilet_nonfunctional"}},{"type":"Feature","geometry":{"type":"Point","coordinates":[83.3422,21.3911]},"properties":{"udise":"22040215801","name":"GOVT. PS. LENDHARJORI","state":"CHHATTISGARH","district":"SARANGARH-BILAIGARH","block":"BARAMKELA","indicator":"girls_toilet_nonfunctional"}},{"type":"Feature","geometry":{"type":"Point","coordinates":[82.7442,21.6869]},"properties":{"udise":"22241012802","name":"GOVT.M.S BELHA SSA","state":"CHHATTISGARH","district":"SARANGARH-BILAIGARH","block":"BILAIGARH","indicator":"girls_toilet_nonfunctional"}},{"type":"Feature","geometry":{"type":"Point","coordinates":[82.7406,21.5842]},"properties":{"udise":"22241004702","name":"GOVT. MS. CHHUIHA","state":"CHHATTISGARH","district":"SARANGARH-BILAIGARH","block":"BILAIGARH","indicator":"girls_toilet_nonfunctional"}},{"type":"Feature","geometry":{"type":"Point","coordinates":[82.8569,21.6211]},"properties":{"udise":"22241013403","name":"GOVT.MS.DHOURABHATHA SSA","state":"CHHATTISGARH","district":"SARANGARH-BILAIGARH","block":"BILAIGARH","indicator":"girls_toilet_nonfunctional"}},{"type":"Feature","geometry":{"type":"Point","coordinates":[83.0342,21.5931]},"properties":{"udise":"22041614202","name":"UMS BARBHANTHA(SSA)","state":"CHHATTISGARH","district":"SARANGARH-BILAIGARH","block":"SARANGARH","indicator":"girls_toilet_nonfunctional"}},{"type":"Feature","geometry":{"type":"Point","coordinates":[83.2819,21.5125]},"properties":{"udise":"22040210801","name":"GOVT. PS. JAMCHHAPAR","state":"CHHATTISGARH","district":"SARANGARH-BILAIGARH","block":"BARAMKELA","indicator":"girls_toilet_nonfunctional"}},{"type":"Feature","geometry":{"type":"Point","coordinates":[83.0417,21.5733]},"properties":{"udise":"22041617701","name":"GOVT. PS. KOTMRA","state":"CHHATTISGARH","district":"SARANGARH-BILAIGARH","block":"SARANGARH","indicator":"girls_toilet_nonfunctional"}},{"type":"Feature","geometry":{"type":"Point","coordinates":[83.3542,21.3842]},"properties":{"udise":"22040217503","name":"S.S.M. PS GOURDIH","state":"CHHATTISGARH","district":"SARANGARH-BILAIGARH","block":"BARAMKELA","indicator":"girls_toilet_nonfunctional"}},{"type":"Feature","geometry":{"type":"Point","coordinates":[83.2514,21.5253]},"properties":{"udise":"22040200902","name":"UMS KATANGPALI(B)(SSA)","state":"CHHATTISGARH","district":"SARANGARH-BILAIGARH","block":"BARAMKELA","indicator":"girls_toilet_nonfunctional"}},{"type":"Feature","geometry":{"type":"Point","coordinates":[83.2581,21.5061]},"properties":{"udise":"22040210102","name":"M.S. TAUSIR","state":"CHHATTISGARH","district":"SARANGARH-BILAIGARH","block":"BARAMKELA","indicator":"girls_toilet_nonfunctional"}},{"type":"Feature","geometry":{"type":"Point","coordinates":[82.7681,21.7075]},"properties":{"udise":"22241008501","name":"GOVT. PRIMARY SCHOOL ALIKUD","state":"CHHATTISGARH","district":"SARANGARH-BILAIGARH","block":"BILAIGARH","indicator":"girls_toilet_nonfunctional"}},{"type":"Feature","geometry":{"type":"Point","coordinates":[83.0367,21.5481]},"properties":{"udise":"22041621401","name":"EPS SURLI(SSA)","state":"CHHATTISGARH","district":"SARANGARH-BILAIGARH","block":"SARANGARH","indicator":"girls_toilet_nonfunctional"}},{"type":"Feature","geometry":{"type":"Point","coordinates":[83.3503,21.4117]},"properties":{"udise":"22040215701","name":"GOVT. PS. GINDOLA","state":"CHHATTISGARH","district":"SARANGARH-BILAIGARH","block":"BARAMKELA","indicator":"girls_toilet_nonfunctional"}},{"type":"Feature","geometry":{"type":"Point","coordinates":[82.7833,21.7111]},"properties":{"udise":"22241004204","name":"PVT. MINIMATA PRIMARY SCHOOL GIRWANI","state":"CHHATTISGARH","district":"SARANGARH-BILAIGARH","block":"BILAIGARH","indicator":"girls_toilet_nonfunctional"}},{"type":"Feature","geometry":{"type":"Point","coordinates":[83.0386,21.6058]},"properties":{"udise":"22041611801","name":"GOVT. PS. SALHE","state":"CHHATTISGARH","district":"SARANGARH-BILAIGARH","block":"SARANGARH","indicator":"girls_toilet_nonfunctional"}},{"type":"Feature","geometry":{"type":"Point","coordinates":[83.0458,21.5917]},"properties":{"udise":"22041614401","name":"GOVT. PS. KUDHARI","state":"CHHATTISGARH","district":"SARANGARH-BILAIGARH","block":"SARANGARH","indicator":"girls_toilet_nonfunctional"}},{"type":"Feature","geometry":{"type":"Point","coordinates":[83.2647,21.6283]},"properties":{"udise":"22040202307","name":"UMS BIJNIDIPA(TORESINHA)(SSA)","state":"CHHATTISGARH","district":"SARANGARH-BILAIGARH","block":"BARAMKELA","indicator":"girls_toilet_nonfunctional"}},{"type":"Feature","geometry":{"type":"Point","coordinates":[83.1967,21.68]},"properties":{"udise":"22041605903","name":"EPS INDIRAAWAS(SSA)","state":"CHHATTISGARH","district":"SARANGARH-BILAIGARH","block":"SARANGARH","indicator":"girls_toilet_nonfunctional"}},{"type":"Feature","geometry":{"type":"Point","coordinates":[83.3653,21.6147]},"properties":{"udise":"22040204902","name":"UMS AMURRA (SSA)","state":"CHHATTISGARH","district":"SARANGARH-BILAIGARH","block":"BARAMKELA","indicator":"girls_toilet_nonfunctional"}},{"type":"Feature","geometry":{"type":"Point","coordinates":[82.8411,21.6564]},"properties":{"udise":"22241009601","name":"GOVT. PRIMARY SCHOOL ROHINA","state":"CHHATTISGARH","district":"SARANGARH-BILAIGARH","block":"BILAIGARH","indicator":"girls_toilet_nonfunctional"}},{"type":"Feature","geometry":{"type":"Point","coordinates":[83.0303,21.6433]},"properties":{"udise":"22041609101","name":"GOVT. PS. LENDHRA","state":"CHHATTISGARH","district":"SARANGARH-BILAIGARH","block":"SARANGARH","indicator":"girls_toilet_nonfunctional"}},{"type":"Feature","geometry":{"type":"Point","coordinates":[83.1292,21.6972]},"properties":{"udise":"22041628303","name":"PVT. ASHISH PUBLIC SCHOOL BHIKHAMPURA","state":"CHHATTISGARH","district":"SARANGARH-BILAIGARH","block":"SARANGARH","indicator":"girls_toilet_nonfunctional"}},{"type":"Feature","geometry":{"type":"Point","coordinates":[82.9589,21.6978]},"properties":{"udise":"22041600202","name":"UMS BHADRA(SSA)","state":"CHHATTISGARH","district":"SARANGARH-BILAIGARH","block":"SARANGARH","indicator":"girls_toilet_nonfunctional"}},{"type":"Feature","geometry":{"type":"Point","coordinates":[83.2914,21.6364]},"properties":{"udise":"22040207603","name":"EPS DULAMPUR(SSA)","state":"CHHATTISGARH","district":"SARANGARH-BILAIGARH","block":"BARAMKELA","indicator":"girls_toilet_nonfunctional"}},{"type":"Feature","geometry":{"type":"Point","coordinates":[83.0717,21.6675]},"properties":{"udise":"22041605009","name":"PVT. SWAMI VIVEKANAND PUB. SCH. ULKHAR","state":"CHHATTISGARH","district":"SARANGARH-BILAIGARH","block":"SARANGARH","indicator":"girls_toilet_nonfunctional"}},{"type":"Feature","geometry":{"type":"Point","coordinates":[82.6567,21.6689]},"properties":{"udise":"22241003102","name":"GOVT. M.S BAGLOTA SSA","state":"CHHATTISGARH","district":"SARANGARH-BILAIGARH","block":"BILAIGARH","indicator":"girls_toilet_nonfunctional"}},{"type":"Feature","geometry":{"type":"Point","coordinates":[82.9228,21.6047]},"properties":{"udise":"22241014301","name":"GOVT. PRIMARY SCHOOL BILASPUR","state":"CHHATTISGARH","district":"SARANGARH-BILAIGARH","block":"BILAIGARH","indicator":"girls_toilet_nonfunctional"}},{"type":"Feature","geometry":{"type":"Point","coordinates":[82.7678,21.6811]},"properties":{"udise":"22241008002","name":"GOVT. NAVEEN MS THARAKPUR SSA","state":"CHHATTISGARH","district":"SARANGARH-BILAIGARH","block":"BILAIGARH","indicator":"girls_toilet_nonfunctional"}},{"type":"Feature","geometry":{"type":"Point","coordinates":[82.6264,21.6319]},"properties":{"udise":"22241003302","name":"GOVT. MS LIMTARI","state":"CHHATTISGARH","district":"SARANGARH-BILAIGARH","block":"BILAIGARH","indicator":"girls_toilet_nonfunctional"}},{"type":"Feature","geometry":{"type":"Point","coordinates":[83.0489,21.5978]},"properties":{"udise":"22041617801","name":"GOVT. PS. CHANDAI","state":"CHHATTISGARH","district":"SARANGARH-BILAIGARH","block":"SARANGARH","indicator":"girls_toilet_nonfunctional"}},{"type":"Feature","geometry":{"type":"Point","coordinates":[82.7181,21.6442]},"properties":{"udise":"22241005402","name":"GOVT. MIDDILE  SCHOOL GOVINDVAN SSA","state":"CHHATTISGARH","district":"SARANGARH-BILAIGARH","block":"BILAIGARH","indicator":"girls_toilet_nonfunctional"}},{"type":"Feature","geometry":{"type":"Point","coordinates":[83.3111,21.3939]},"properties":{"udise":"22041614102","name":"M.S. AMLIPALI","state":"CHHATTISGARH","district":"SARANGARH-BILAIGARH","block":"SARANGARH","indicator":"girls_toilet_nonfunctional"}},{"type":"Feature","geometry":{"type":"Point","coordinates":[83.3303,21.52]},"properties":{"udise":"22040209003","name":"UMS KANTHIPALI(SSA)","state":"CHHATTISGARH","district":"SARANGARH-BILAIGARH","block":"BARAMKELA","indicator":"girls_toilet_nonfunctional"}},{"type":"Feature","geometry":{"type":"Point","coordinates":[82.6825,21.545]},"properties":{"udise":"22241028001","name":"GOVT. PRIMARY SCHOOL PACHPEDIYA SSA","state":"CHHATTISGARH","district":"SARANGARH-BILAIGARH","block":"BILAIGARH","indicator":"girls_toilet_nonfunctional"}},{"type":"Feature","geometry":{"type":"Point","coordinates":[82.7936,21.6322]},"properties":{"udise":"22241010302","name":"GOVT. M.S SINGHICHUWA SSA","state":"CHHATTISGARH","district":"SARANGARH-BILAIGARH","block":"BILAIGARH","indicator":"girls_toilet_nonfunctional"}},{"type":"Feature","geometry":{"type":"Point","coordinates":[83.3025,21.5519]},"properties":{"udise":"22040205802","name":"UMS DHUMABHANTHA (SSA)","state":"CHHATTISGARH","district":"SARANGARH-BILAIGARH","block":"BARAMKELA","indicator":"girls_toilet_nonfunctional"}},{"type":"Feature","geometry":{"type":"Point","coordinates":[83.2497,21.4875]},"properties":{"udise":"22040210501","name":"GOVT. PS. PIKARIPALI","state":"CHHATTISGARH","district":"SARANGARH-BILAIGARH","block":"BARAMKELA","indicator":"girls_toilet_nonfunctional"}},{"type":"Feature","geometry":{"type":"Point","coordinates":[82.9028,21.5678]},"properties":{"udise":"22241032401","name":"GOVT.NAVEEN PS SAKRAPALI SSA","state":"CHHATTISGARH","district":"SARANGARH-BILAIGARH","block":"BILAIGARH","indicator":"girls_toilet_nonfunctional"}},{"type":"Feature","geometry":{"type":"Point","coordinates":[82.6347,21.6372]},"properties":{"udise":"22241010901","name":"GOVT. PRIMARY SCHOOL TAULIDIH","state":"CHHATTISGARH","district":"SARANGARH-BILAIGARH","block":"BILAIGARH","indicator":"girls_toilet_nonfunctional"}},{"type":"Feature","geometry":{"type":"Point","coordinates":[82.7592,21.5964]},"properties":{"udise":"22241006502","name":"GOVT.PRIMARY SCHOOL GUTHIKONA SSA","state":"CHHATTISGARH","district":"SARANGARH-BILAIGARH","block":"BILAIGARH","indicator":"girls_toilet_nonfunctional"}},{"type":"Feature","geometry":{"type":"Point","coordinates":[83.305,21.4067]},"properties":{"udise":"22040216801","name":"GOVT. PS. SEMRAPALI","state":"CHHATTISGARH","district":"SARANGARH-BILAIGARH","block":"BARAMKELA","indicator":"girls_toilet_nonfunctional"}},{"type":"Feature","geometry":{"type":"Point","coordinates":[82.93806,21.65929]},"properties":{"udise":"22241015109","name":"CHANDRAKALADEVI PUBLIC SCHOOL PENDRAWAN","state":"CHHATTISGARH","district":"SARANGARH-BILAIGARH","block":"BILAIGARH","indicator":"girls_toilet_nonfunctional"}},{"type":"Feature","geometry":{"type":"Point","coordinates":[83.2286,21.5072]},"properties":{"udise":"22040209601","name":"GOVT. PS. KAPARTUNGA","state":"CHHATTISGARH","district":"SARANGARH-BILAIGARH","block":"BARAMKELA","indicator":"girls_toilet_nonfunctional"}},{"type":"Feature","geometry":{"type":"Point","coordinates":[82.9439,21.6961]},"properties":{"udise":"22241002304","name":"GOVT PS.INDIRA AAWASH PANDRIPALI","state":"CHHATTISGARH","district":"SARANGARH-BILAIGARH","block":"BILAIGARH","indicator":"girls_toilet_nonfunctional"}},{"type":"Feature","geometry":{"type":"Point","coordinates":[82.9008,21.6386]},"properties":{"udise":"22241021201","name":"GOVT.PRIMARY SCHOOLNAGARIDIH SSA","state":"CHHATTISGARH","district":"SARANGARH-BILAIGARH","block":"BILAIGARH","indicator":"girls_toilet_nonfunctional"}},{"type":"Feature","geometry":{"type":"Point","coordinates":[83.045,21.6233]},"properties":{"udise":"22041612201","name":"GOVT. PS. DOUKIJOR","state":"CHHATTISGARH","district":"SARANGARH-BILAIGARH","block":"SARANGARH","indicator":"girls_toilet_nonfunctional"}},{"type":"Feature","geometry":{"type":"Point","coordinates":[83.2781,21.4992]},"properties":{"udise":"22040210702","name":"UMS BAHALIDIH(SSA)","state":"CHHATTISGARH","district":"SARANGARH-BILAIGARH","block":"BARAMKELA","indicator":"girls_toilet_nonfunctional"}},{"type":"Feature","geometry":{"type":"Point","coordinates":[82.8744,21.6853]},"properties":{"udise":"22241020602","name":"GOVT.MIDDLE SCHOOL KHAPRIDIH SSA","state":"CHHATTISGARH","district":"SARANGARH-BILAIGARH","block":"BILAIGARH","indicator":"girls_toilet_nonfunctional"}},{"type":"Feature","geometry":{"type":"Point","coordinates":[83.1953,21.6283]},"properties":{"udise":"22041613602","name":"GOVT.PS.BHADRIDIPA(SSA)","state":"CHHATTISGARH","district":"SARANGARH-BILAIGARH","block":"SARANGARH","indicator":"girls_toilet_nonfunctional"}},{"type":"Feature","geometry":{"type":"Point","coordinates":[83.0697,21.665]},"properties":{"udise":"22041609701","name":"BOYS ASH.PS.SUNDRABHANTHA","state":"CHHATTISGARH","district":"SARANGARH-BILAIGARH","block":"SARANGARH","indicator":"girls_toilet_nonfunctional"}},{"type":"Feature","geometry":{"type":"Point","coordinates":[82.6347,21.6372]},"properties":{"udise":"22241010905","name":"GOVT M.S TAULIDIH","state":"CHHATTISGARH","district":"SARANGARH-BILAIGARH","block":"BILAIGARH","indicator":"girls_toilet_nonfunctional"}},{"type":"Feature","geometry":{"type":"Point","coordinates":[83.1394,21.6864]},"properties":{"udise":"22041604001","name":"GOVT. PS. THELKABHANTHA","state":"CHHATTISGARH","district":"SARANGARH-BILAIGARH","block":"SARANGARH","indicator":"girls_toilet_nonfunctional"}},{"type":"Feature","geometry":{"type":"Point","coordinates":[83.3047,21.5128]},"properties":{"udise":"22040208702","name":"M.S. HIRRI","state":"CHHATTISGARH","district":"SARANGARH-BILAIGARH","block":"BARAMKELA","indicator":"girls_toilet_nonfunctional"}},{"type":"Feature","geometry":{"type":"Point","coordinates":[82.8911,21.6356]},"properties":{"udise":"22241011201","name":"GOVT. PRIMARY SCHOOL BHINODA","state":"CHHATTISGARH","district":"SARANGARH-BILAIGARH","block":"BILAIGARH","indicator":"girls_toilet_nonfunctional"}},{"type":"Feature","geometry":{"type":"Point","coordinates":[82.9331,21.5678]},"properties":{"udise":"22241019102","name":"GOVT.MIDDLE  SCHOOL AMODI SSA","state":"CHHATTISGARH","district":"SARANGARH-BILAIGARH","block":"BILAIGARH","indicator":"girls_toilet_nonfunctional"}},{"type":"Feature","geometry":{"type":"Point","coordinates":[83.1297,21.705]},"properties":{"udise":"22041601301","name":"GOVT. PS. CHHARRA","state":"CHHATTISGARH","district":"SARANGARH-BILAIGARH","block":"SARANGARH","indicator":"girls_toilet_nonfunctional"}},{"type":"Feature","geometry":{"type":"Point","coordinates":[83.1922,21.6825]},"properties":{"udise":"22041605901","name":"GOVT. PS. GODM","state":"CHHATTISGARH","district":"SARANGARH-BILAIGARH","block":"SARANGARH","indicator":"girls_toilet_nonfunctional"}},{"type":"Feature","geometry":{"type":"Point","coordinates":[83.0417,21.6725]},"properties":{"udise":"22041602202","name":"UMS BARDULA(SSA)","state":"CHHATTISGARH","district":"SARANGARH-BILAIGARH","block":"SARANGARH","indicator":"girls_toilet_nonfunctional"}},{"type":"Feature","geometry":{"type":"Point","coordinates":[83.2169,21.4231]},"properties":{"udise":"22040214003","name":"UMS PARDHIYAPALI(SSA)","state":"CHHATTISGARH","district":"SARANGARH-BILAIGARH","block":"BARAMKELA","indicator":"girls_toilet_nonfunctional"}},{"type":"Feature","geometry":{"type":"Point","coordinates":[83.3225,21.4811]},"properties":{"udise":"22040211201","name":"GOVT. PS. JALAKONA","state":"CHHATTISGARH","district":"SARANGARH-BILAIGARH","block":"BARAMKELA","indicator":"girls_toilet_nonfunctional"}},{"type":"Feature","geometry":{"type":"Point","coordinates":[82.8714,21.6517]},"properties":{"udise":"22241022601","name":"GOVT.PRIMARY SCHOOL BANDUWA SSA","state":"CHHATTISGARH","district":"SARANGARH-BILAIGARH","block":"BILAIGARH","indicator":"girls_toilet_nonfunctional"}},{"type":"Feature","geometry":{"type":"Point","coordinates":[82.7064,21.6825]},"properties":{"udise":"22241005703","name":"PRIMARY SCHOOL BHATHAPARA  KAYTHA","state":"CHHATTISGARH","district":"SARANGARH-BILAIGARH","block":"BILAIGARH","indicator":"girls_toilet_nonfunctional"}},{"type":"Feature","geometry":{"type":"Point","coordinates":[82.9008,21.6483]},"properties":{"udise":"22241030301","name":"GOVT. P.S SHITAL PUR","state":"CHHATTISGARH","district":"SARANGARH-BILAIGARH","block":"BILAIGARH","indicator":"girls_toilet_nonfunctional"}},{"type":"Feature","geometry":{"type":"Point","coordinates":[82.9569,21.6081]},"properties":{"udise":"22241010601","name":"GOVT. PRIMARY SCHOOL JOGIDIPA","state":"CHHATTISGARH","district":"SARANGARH-BILAIGARH","block":"BILAIGARH","indicator":"girls_toilet_nonfunctional"}},{"type":"Feature","geometry":{"type":"Point","coordinates":[83.0108,21.6114]},"properties":{"udise":"22041611701","name":"EPS PARSAPALI(SSA)","state":"CHHATTISGARH","district":"SARANGARH-BILAIGARH","block":"SARANGARH","indicator":"girls_toilet_nonfunctional"}},{"type":"Feature","geometry":{"type":"Point","coordinates":[82.7033,21.5736]},"properties":{"udise":"22241023401","name":"GOVT.PRIMARY SCHOOL JHARNIDIH","state":"CHHATTISGARH","district":"SARANGARH-BILAIGARH","block":"BILAIGARH","indicator":"girls_toilet_nonfunctional"}},{"type":"Feature","geometry":{"type":"Point","coordinates":[83.1964,21.6822]},"properties":{"udise":"22041606101","name":"GOVT. PS. BANJARI","state":"CHHATTISGARH","district":"SARANGARH-BILAIGARH","block":"SARANGARH","indicator":"girls_toilet_nonfunctional"}},{"type":"Feature","geometry":{"type":"Point","coordinates":[82.8356,21.6856]},"properties":{"udise":"22241017602","name":"GOVT.PRIMARY SCHOOL OTGAN","state":"CHHATTISGARH","district":"SARANGARH-BILAIGARH","block":"BILAIGARH","indicator":"girls_toilet_nonfunctional"}},{"type":"Feature","geometry":{"type":"Point","coordinates":[83.0472,21.6394]},"properties":{"udise":"22041609502","name":"UMS NUNPANI(SSA)","state":"CHHATTISGARH","district":"SARANGARH-BILAIGARH","block":"SARANGARH","indicator":"girls_toilet_nonfunctional"}},{"type":"Feature","geometry":{"type":"Point","coordinates":[82.9031,21.6356]},"properties":{"udise":"22241007303","name":"GOVT.PRIMARY SCHOOL RAM NAGAR PIPARDULA","state":"CHHATTISGARH","district":"SARANGARH-BILAIGARH","block":"BILAIGARH","indicator":"girls_toilet_nonfunctional"}},{"type":"Feature","geometry":{"type":"Point","coordinates":[82.6925,21.6367]},"properties":{"udise":"22241003901","name":"GOVT. PRIMARY SCHOOL KHAJARI","state":"CHHATTISGARH","district":"SARANGARH-BILAIGARH","block":"BILAIGARH","indicator":"girls_toilet_nonfunctional"}},{"type":"Feature","geometry":{"type":"Point","coordinates":[82.7547,21.7014]},"properties":{"udise":"22241000703","name":"SARASWATI SHISHU MANDIR GORBA","state":"CHHATTISGARH","district":"SARANGARH-BILAIGARH","block":"BILAIGARH","indicator":"girls_toilet_nonfunctional"}},{"type":"Feature","geometry":{"type":"Point","coordinates":[83.0683,21.5914]},"properties":{"udise":"22041617902","name":"PVT. AMBITION PUBLIC SCHOOL KHAIRHA","state":"CHHATTISGARH","district":"SARANGARH-BILAIGARH","block":"SARANGARH","indicator":"girls_toilet_nonfunctional"}},{"type":"Feature","geometry":{"type":"Point","coordinates":[82.8419,21.6011]},"properties":{"udise":"22241016002","name":"GOVT.NAVIN PRIMARY SCHOOL DHANORA SSA","state":"CHHATTISGARH","district":"SARANGARH-BILAIGARH","block":"BILAIGARH","indicator":"girls_toilet_nonfunctional"}},{"type":"Feature","geometry":{"type":"Point","coordinates":[83.2631,21.5253]},"properties":{"udise":"22040208002","name":"GOVT.PS.PRADHANPUR","state":"CHHATTISGARH","district":"SARANGARH-BILAIGARH","block":"BARAMKELA","indicator":"girls_toilet_nonfunctional"}},{"type":"Feature","geometry":{"type":"Point","coordinates":[83.2981,21.5611]},"properties":{"udise":"22040205701","name":"GOVT. PS. BOIRDIH","state":"CHHATTISGARH","district":"SARANGARH-BILAIGARH","block":"BARAMKELA","indicator":"girls_toilet_nonfunctional"}},{"type":"Feature","geometry":{"type":"Point","coordinates":[83.3017,21.5964]},"properties":{"udise":"22040204403","name":"M.S. BAR","state":"CHHATTISGARH","district":"SARANGARH-BILAIGARH","block":"BARAMKELA","indicator":"girls_toilet_nonfunctional"}},{"type":"Feature","geometry":{"type":"Point","coordinates":[83.3978,21.6408]},"properties":{"udise":"22040203301","name":"GOVT. PS. LUKAPARA","state":"CHHATTISGARH","district":"SARANGARH-BILAIGARH","block":"BARAMKELA","indicator":"girls_toilet_nonfunctional"}},{"type":"Feature","geometry":{"type":"Point","coordinates":[82.8344,21.6922]},"properties":{"udise":"22241024501","name":"GOVT.PRIMARY SCHOOL KARMANDI SSA","state":"CHHATTISGARH","district":"SARANGARH-BILAIGARH","block":"BILAIGARH","indicator":"girls_toilet_nonfunctional"}},{"type":"Feature","geometry":{"type":"Point","coordinates":[83.0492,21.6289]},"properties":{"udise":"22041609302","name":"M.S. GATADIH","state":"CHHATTISGARH","district":"SARANGARH-BILAIGARH","block":"SARANGARH","indicator":"girls_toilet_nonfunctional"}},{"type":"Feature","geometry":{"type":"Point","coordinates":[83.3375,21.4361]},"properties":{"udise":"22040215402","name":"M.S. VISHNUPALI","state":"CHHATTISGARH","district":"SARANGARH-BILAIGARH","block":"BARAMKELA","indicator":"girls_toilet_nonfunctional"}},{"type":"Feature","geometry":{"type":"Point","coordinates":[82.655,21.6386]},"properties":{"udise":"22241003004","name":"GOVT. P.S DHANUHAR PARA PURGAON","state":"CHHATTISGARH","district":"SARANGARH-BILAIGARH","block":"BILAIGARH","indicator":"girls_toilet_nonfunctional"}},{"type":"Feature","geometry":{"type":"Point","coordinates":[82.9253,21.56]},"properties":{"udise":"22241019502","name":"GOVT. M.S PIPARDIH SSA","state":"CHHATTISGARH","district":"SARANGARH-BILAIGARH","block":"BILAIGARH","indicator":"girls_toilet_nonfunctional"}},{"type":"Feature","geometry":{"type":"Point","coordinates":[83.3086,21.5033]},"properties":{"udise":"22040211102","name":"EPS MASANKUDA(SSA)","state":"CHHATTISGARH","district":"SARANGARH-BILAIGARH","block":"BARAMKELA","indicator":"girls_toilet_nonfunctional"}},{"type":"Feature","geometry":{"type":"Point","coordinates":[82.8617,21.5664]},"properties":{"udise":"22241009801","name":"GOVT. PRIMARY SCHOOL BELADULA","state":"CHHATTISGARH","district":"SARANGARH-BILAIGARH","block":"BILAIGARH","indicator":"girls_toilet_nonfunctional"}},{"type":"Feature","geometry":{"type":"Point","coordinates":[83.3436,21.5258]},"properties":{"udise":"22040209201","name":"GOVT. PS. RISORA","state":"CHHATTISGARH","district":"SARANGARH-BILAIGARH","block":"BARAMKELA","indicator":"girls_toilet_nonfunctional"}},{"type":"Feature","geometry":{"type":"Point","coordinates":[83.0542,21.6617]},"properties":{"udise":"22041607501","name":"GOVT. PS. GOPAL BHOUNA","state":"CHHATTISGARH","district":"SARANGARH-BILAIGARH","block":"SARANGARH","indicator":"girls_toilet_nonfunctional"}},{"type":"Feature","geometry":{"type":"Point","coordinates":[83.0369,21.5925]},"properties":{"udise":"22041614308","name":"PVT. IMMANUAL MADAR ENG SCH CHHIND","state":"CHHATTISGARH","district":"SARANGARH-BILAIGARH","block":"SARANGARH","indicator":"girls_toilet_nonfunctional"}},{"type":"Feature","geometry":{"type":"Point","coordinates":[83.3417,21.5572]},"properties":{"udise":"22040206202","name":"EPS KOTARADIPA(SSA)","state":"CHHATTISGARH","district":"SARANGARH-BILAIGARH","block":"BARAMKELA","indicator":"girls_toilet_nonfunctional"}},{"type":"Feature","geometry":{"type":"Point","coordinates":[83.0567,21.6169]},"properties":{"udise":"22041612101","name":"GOVT. PS. KHAMHARDIH","state":"CHHATTISGARH","district":"SARANGARH-BILAIGARH","block":"SARANGARH","indicator":"girls_toilet_nonfunctional"}},{"type":"Feature","geometry":{"type":"Point","coordinates":[83.3892,21.6669]},"properties":{"udise":"22040213301","name":"GOVT. PS. SURAJGARH","state":"CHHATTISGARH","district":"SARANGARH-BILAIGARH","block":"BARAMKELA","indicator":"girls_toilet_nonfunctional"}},{"type":"Feature","geometry":{"type":"Point","coordinates":[82.8469,21.5636]},"properties":{"udise":"22241029701","name":"GOVT.P.S KACHONDA SSA","state":"CHHATTISGARH","district":"SARANGARH-BILAIGARH","block":"BILAIGARH","indicator":"girls_toilet_nonfunctional"}},{"type":"Feature","geometry":{"type":"Point","coordinates":[83.1114,21.7103]},"properties":{"udise":"22041601102","name":"UMS GHONTHLA CHHOTE (SSA)","state":"CHHATTISGARH","district":"SARANGARH-BILAIGARH","block":"SARANGARH","indicator":"girls_toilet_nonfunctional"}},{"type":"Feature","geometry":{"type":"Point","coordinates":[82.6953,21.66]},"properties":{"udise":"22241013701","name":"GOVT. KANYA PRIMARY SCHOOL PAONI","state":"CHHATTISGARH","district":"SARANGARH-BILAIGARH","block":"BILAIGARH","indicator":"girls_toilet_nonfunctional"}},{"type":"Feature","geometry":{"type":"Point","coordinates":[83.1658,21.6478]},"properties":{"udise":"22041608401","name":"GOVT.BOYS PS.KAPISDA","state":"CHHATTISGARH","district":"SARANGARH-BILAIGARH","block":"SARANGARH","indicator":"girls_toilet_nonfunctional"}},{"type":"Feature","geometry":{"type":"Point","coordinates":[82.8403,21.5956]},"properties":{"udise":"22241031601","name":"GOVT.PS GADAPALI  SSA","state":"CHHATTISGARH","district":"SARANGARH-BILAIGARH","block":"BILAIGARH","indicator":"girls_toilet_nonfunctional"}},{"type":"Feature","geometry":{"type":"Point","coordinates":[82.7803,21.5708]},"properties":{"udise":"22241021605","name":"GOVT.KANYA ASHRAM PIRDA TWD","state":"CHHATTISGARH","district":"SARANGARH-BILAIGARH","block":"BILAIGARH","indicator":"girls_toilet_nonfunctional"}},{"type":"Feature","geometry":{"type":"Point","coordinates":[83.1617,21.5681]},"properties":{"udise":"22041630201","name":"GOVT PS BAGHANPUR","state":"CHHATTISGARH","district":"SARANGARH-BILAIGARH","block":"SARANGARH","indicator":"girls_toilet_nonfunctional"}},{"type":"Feature","geometry":{"type":"Point","coordinates":[82.7239,21.6397]},"properties":{"udise":"22241011409","name":"GOVT GIRLS HIGHER SECONDARY SCHOOL BILAIGARH","state":"CHHATTISGARH","district":"SARANGARH-BILAIGARH","block":"BILAIGARH","indicator":"girls_toilet_nonfunctional"}},{"type":"Feature","geometry":{"type":"Point","coordinates":[83.2575,21.6567]},"properties":{"udise":"22040200601","name":"GOVT. PS. SALHEONA","state":"CHHATTISGARH","district":"SARANGARH-BILAIGARH","block":"BARAMKELA","indicator":"girls_toilet_nonfunctional"}},{"type":"Feature","geometry":{"type":"Point","coordinates":[82.9228,21.5094]},"properties":{"udise":"22241021702","name":"GOVT. PS GHARJARA","state":"CHHATTISGARH","district":"SARANGARH-BILAIGARH","block":"BILAIGARH","indicator":"girls_toilet_nonfunctional"}},{"type":"Feature","geometry":{"type":"Point","coordinates":[83.1331,21.5106]},"properties":{"udise":"22041623502","name":"UMS HASOUD(SSA)","state":"CHHATTISGARH","district":"SARANGARH-BILAIGARH","block":"SARANGARH","indicator":"girls_toilet_nonfunctional"}},{"type":"Feature","geometry":{"type":"Point","coordinates":[82.8606,21.6397]},"properties":{"udise":"22241008305","name":"DAV MODEL SCHOOL KHAMHARIYA","state":"CHHATTISGARH","district":"SARANGARH-BILAIGARH","block":"BILAIGARH","indicator":"girls_toilet_nonfunctional"}},{"type":"Feature","geometry":{"type":"Point","coordinates":[82.7844,21.6939]},"properties":{"udise":"22241004201","name":"GOVT. PRIMARY SCHOOL GIRWANI","state":"CHHATTISGARH","district":"SARANGARH-BILAIGARH","block":"BILAIGARH","indicator":"girls_toilet_nonfunctional"}},{"type":"Feature","geometry":{"type":"Point","coordinates":[81.5569,18.5044]},"properties":{"udise":"22213502503","name":"GOVT P.S. KOLENGPARA DABBA (SSA)","state":"CHHATTISGARH","district":"SUKMA","block":"CHHINDGARH","indicator":"no_girls_toilet"}},{"type":"Feature","geometry":{"type":"Point","coordinates":[81.7078,18.6239]},"properties":{"udise":"22213505601","name":"GOVT P.S. GUJJAPARA (TWD)","state":"CHHATTISGARH","district":"SUKMA","block":"CHHINDGARH","indicator":"no_girls_toilet"}},{"type":"Feature","geometry":{"type":"Point","coordinates":[81.6858,18.6144]},"properties":{"udise":"22213513802","name":"GOVT P.S. PENDALNAR (GOVT)","state":"CHHATTISGARH","district":"SUKMA","block":"CHHINDGARH","indicator":"no_girls_toilet"}},{"type":"Feature","geometry":{"type":"Point","coordinates":[81.1817,18.3417]},"properties":{"udise":"22213404201","name":"GOVT P.S. CHINTALNAR (TWD)","state":"CHHATTISGARH","district":"SUKMA","block":"KONTA","indicator":"no_girls_toilet"}},{"type":"Feature","geometry":{"type":"Point","coordinates":[81.88611,18.9375]},"properties":{"udise":"22213528402","name":"GOVT. PS ASHRAM SHALA EDJEPAL","state":"CHHATTISGARH","district":"SUKMA","block":"CHHINDGARH","indicator":"no_girls_toilet"}},{"type":"Feature","geometry":{"type":"Point","coordinates":[81.84944,18.74417]},"properties":{"udise":"22213529608","name":"GOVT. PS CHINGARAS","state":"CHHATTISGARH","district":"SUKMA","block":"CHHINDGARH","indicator":"no_girls_toilet"}},{"type":"Feature","geometry":{"type":"Point","coordinates":[81.4964,18.6197]},"properties":{"udise":"22210217601","name":"P S RETEMPARA","state":"CHHATTISGARH","district":"SUKMA","block":"SUKMA","indicator":"no_girls_toilet"}},{"type":"Feature","geometry":{"type":"Point","coordinates":[81.4775,18.4092]},"properties":{"udise":"22210221202","name":"GOVT.N.P.S. KANGODIPARA SSA","state":"CHHATTISGARH","district":"SUKMA","block":"SUKMA","indicator":"no_girls_toilet"}},{"type":"Feature","geometry":{"type":"Point","coordinates":[81.7092,18.6231]},"properties":{"udise":"22213527202","name":"GOVT.HIGH SHCOOL KUNDANPAL","state":"CHHATTISGARH","district":"SUKMA","block":"CHHINDGARH","indicator":"no_girls_toilet"}},{"type":"Feature","geometry":{"type":"Point","coordinates":[81.7389,18.5003]},"properties":{"udise":"22213501708","name":"GOVT P.S.BHANDARIPARA (TWD)","state":"CHHATTISGARH","district":"SUKMA","block":"CHHINDGARH","indicator":"no_girls_toilet"}},{"type":"Feature","geometry":{"type":"Point","coordinates":[81.1583,18.4481]},"properties":{"udise":"22213403301","name":"GOVT P.S. KUNDED","state":"CHHATTISGARH","district":"SUKMA","block":"KONTA","indicator":"no_girls_toilet"}},{"type":"Feature","geometry":{"type":"Point","coordinates":[81.505,18.2003]},"properties":{"udise":"22213411706","name":"GOVT. P.S. AAWAS PARA DUBBOTOTA","state":"CHHATTISGARH","district":"SUKMA","block":"KONTA","indicator":"no_girls_toilet"}},{"type":"Feature","geometry":{"type":"Point","coordinates":[81.1658,18.4439]},"properties":{"udise":"22213400506","name":"MATA RUKMANI  ASHRAM JAGARGUNDA","state":"CHHATTISGARH","district":"SUKMA","block":"KONTA","indicator":"no_girls_toilet"}},{"type":"Feature","geometry":{"type":"Point","coordinates":[81.4236,18.4475]},"properties":{"udise":"22210219801","name":"GOVT.NAVIN P.S. SOFIRAS SSA","state":"CHHATTISGARH","district":"SUKMA","block":"SUKMA","indicator":"no_girls_toilet"}},{"type":"Feature","geometry":{"type":"Point","coordinates":[81.85222,18.74889]},"properties":{"udise":"22213528202","name":"GOVT. PS GADAMRAS","state":"CHHATTISGARH","district":"SUKMA","block":"CHHINDGARH","indicator":"no_girls_toilet"}},{"type":"Feature","geometry":{"type":"Point","coordinates":[81.8831,18.6061]},"properties":{"udise":"22213501005","name":"GOVT P.S. JANGMPAL (TWD)","state":"CHHATTISGARH","district":"SUKMA","block":"CHHINDGARH","indicator":"no_girls_toilet"}},{"type":"Feature","geometry":{"type":"Point","coordinates":[81.695,18.6192]},"properties":{"udise":"22213511502","name":"GOVT M.S. DOLERAS (SSA)","state":"CHHATTISGARH","district":"SUKMA","block":"CHHINDGARH","indicator":"no_girls_toilet"}},{"type":"Feature","geometry":{"type":"Point","coordinates":[81.5775,18.6203]},"properties":{"udise":"22213500605","name":"GOVT P.S. PATELPARA GORLI (SSA)","state":"CHHATTISGARH","district":"SUKMA","block":"CHHINDGARH","indicator":"no_girls_toilet"}},{"type":"Feature","geometry":{"type":"Point","coordinates":[81.7764,18.5258]},"properties":{"udise":"22213510309","name":"GOVT P.S. PITEPARA (TWD)","state":"CHHATTISGARH","district":"SUKMA","block":"CHHINDGARH","indicator":"no_girls_toilet"}},{"type":"Feature","geometry":{"type":"Point","coordinates":[81.4608,18.4583]},"properties":{"udise":"22210219703","name":"P.S.KHASPARA GONDPALLI","state":"CHHATTISGARH","district":"SUKMA","block":"SUKMA","indicator":"no_girls_toilet"}},{"type":"Feature","geometry":{"type":"Point","coordinates":[81.5517,18.3839]},"properties":{"udise":"22210215601","name":"GOVT.M.S.FULBAGDI","state":"CHHATTISGARH","district":"SUKMA","block":"SUKMA","indicator":"no_girls_toilet"}},{"type":"Feature","geometry":{"type":"Point","coordinates":[81.6844,18.6147]},"properties":{"udise":"22213507201","name":"GOVT P.S. MUTHELI (TWD)","state":"CHHATTISGARH","district":"SUKMA","block":"CHHINDGARH","indicator":"no_girls_toilet"}},{"type":"Feature","geometry":{"type":"Point","coordinates":[81.5742,18.3744]},"properties":{"udise":"22210217101","name":"P.S.MASHIPARA","state":"CHHATTISGARH","district":"SUKMA","block":"SUKMA","indicator":"no_girls_toilet"}},{"type":"Feature","geometry":{"type":"Point","coordinates":[81.2344,18.3556]},"properties":{"udise":"22213402501","name":"GOVT P.S. LAKHAPAL","state":"CHHATTISGARH","district":"SUKMA","block":"KONTA","indicator":"no_girls_toilet"}},{"type":"Feature","geometry":{"type":"Point","coordinates":[81.9006,18.6006]},"properties":{"udise":"22213501305","name":"GOVT P.S. NAYAPARA OLER (SSA)","state":"CHHATTISGARH","district":"SUKMA","block":"CHHINDGARH","indicator":"no_girls_toilet"}},{"type":"Feature","geometry":{"type":"Point","coordinates":[81.7383,18.5678]},"properties":{"udise":"22213514101","name":"GOVT P.S. CHURAGATA (TWD)","state":"CHHATTISGARH","district":"SUKMA","block":"CHHINDGARH","indicator":"no_girls_toilet"}},{"type":"Feature","geometry":{"type":"Point","coordinates":[81.8058,18.5078]},"properties":{"udise":"22210216101","name":"GOVT P.S. BARUPATA","state":"CHHATTISGARH","district":"SUKMA","block":"SUKMA","indicator":"no_girls_toilet"}},{"type":"Feature","geometry":{"type":"Point","coordinates":[81.76722,18.86583]},"properties":{"udise":"22213530201","name":"GOVT. PS DHURWAPARA KANKAPAL","state":"CHHATTISGARH","district":"SUKMA","block":"CHHINDGARH","indicator":"no_girls_toilet"}},{"type":"Feature","geometry":{"type":"Point","coordinates":[81.4119,18.1864]},"properties":{"udise":"22213402902","name":"GOVT. M.S. POLAMPALLI","state":"CHHATTISGARH","district":"SUKMA","block":"KONTA","indicator":"no_girls_toilet"}},{"type":"Feature","geometry":{"type":"Point","coordinates":[81.7661,18.4847]},"properties":{"udise":"22213506304","name":"GOVT P.S. PERMAPARA  PAKELA(SSA)","state":"CHHATTISGARH","district":"SUKMA","block":"CHHINDGARH","indicator":"no_girls_toilet"}},{"type":"Feature","geometry":{"type":"Point","coordinates":[81.4636,18.6]},"properties":{"udise":"22210224602","name":"P.S.GADEMPARA","state":"CHHATTISGARH","district":"SUKMA","block":"SUKMA","indicator":"no_girls_toilet"}},{"type":"Feature","geometry":{"type":"Point","coordinates":[81.4103,18.2644]},"properties":{"udise":"22213414801","name":"GOVT P.S. UPAMPALLI","state":"CHHATTISGARH","district":"SUKMA","block":"KONTA","indicator":"no_girls_toilet"}},{"type":"Feature","geometry":{"type":"Point","coordinates":[81.7881,18.4919]},"properties":{"udise":"22210224802","name":"GOVT P.S. LONDIPARA","state":"CHHATTISGARH","district":"SUKMA","block":"SUKMA","indicator":"no_girls_toilet"}},{"type":"Feature","geometry":{"type":"Point","coordinates":[81.6858,18.6139]},"properties":{"udise":"22213513701","name":"GOVT P.S. RASAWAYA (TWD)","state":"CHHATTISGARH","district":"SUKMA","block":"CHHINDGARH","indicator":"no_girls_toilet"}},{"type":"Feature","geometry":{"type":"Point","coordinates":[81.8125,18.4828]},"properties":{"udise":"22210228301","name":"GOVT.P.M.S.TURRETONG SSA","state":"CHHATTISGARH","district":"SUKMA","block":"SUKMA","indicator":"no_girls_toilet"}},{"type":"Feature","geometry":{"type":"Point","coordinates":[81.55167,18.38389]},"properties":{"udise":"22210215604","name":"GOVT HIGH SCHOOL FULBAGADI","state":"CHHATTISGARH","district":"SUKMA","block":"SUKMA","indicator":"no_girls_toilet"}},{"type":"Feature","geometry":{"type":"Point","coordinates":[81.41194,18.18639]},"properties":{"udise":"22213402906","name":"GOVT. HIGH SCHOOL POLAMPALLI","state":"CHHATTISGARH","district":"SUKMA","block":"KONTA","indicator":"no_girls_toilet"}},{"type":"Feature","geometry":{"type":"Point","coordinates":[81.4842,18.3886]},"properties":{"udise":"22210207002","name":"GOVTP.S.SINGANPARA SSA","state":"CHHATTISGARH","district":"SUKMA","block":"SUKMA","indicator":"no_girls_toilet"}},{"type":"Feature","geometry":{"type":"Point","coordinates":[81.4711,18.2083]},"properties":{"udise":"22213404701","name":"GOVT. P. S. NELWADA","state":"CHHATTISGARH","district":"SUKMA","block":"KONTA","indicator":"no_girls_toilet"}},{"type":"Feature","geometry":{"type":"Point","coordinates":[81.5492,18.5197]},"properties":{"udise":"22210222901","name":"P.S.MICHIPARA","state":"CHHATTISGARH","district":"SUKMA","block":"SUKMA","indicator":"no_girls_toilet"}},{"type":"Feature","geometry":{"type":"Point","coordinates":[81.5583,18.4189]},"properties":{"udise":"22213524004","name":"GOVT. HIGH SCHOOL KUMAKOLENG","state":"CHHATTISGARH","district":"SUKMA","block":"CHHINDGARH","indicator":"no_girls_toilet"}},{"type":"Feature","geometry":{"type":"Point","coordinates":[81.31056,18.01667]},"properties":{"udise":"22213408806","name":"GOVT. HIGH SCHOOL BHEJI","state":"CHHATTISGARH","district":"SUKMA","block":"KONTA","indicator":"no_girls_toilet"}},{"type":"Feature","geometry":{"type":"Point","coordinates":[81.6258,18.3272]},"properties":{"udise":"22210215104","name":"N.P.M.S.NADIGUFA","state":"CHHATTISGARH","district":"SUKMA","block":"SUKMA","indicator":"no_girls_toilet"}},{"type":"Feature","geometry":{"type":"Point","coordinates":[81.3836,18.3461]},"properties":{"udise":"22213409701","name":"GOVT P.S. GOGUNDA (TWD)","state":"CHHATTISGARH","district":"SUKMA","block":"KONTA","indicator":"no_girls_toilet"}},{"type":"Feature","geometry":{"type":"Point","coordinates":[81.5825,18.3053]},"properties":{"udise":"22210200502","name":"GOVT U.P;S.GIRDALPARA (SSA)","state":"CHHATTISGARH","district":"SUKMA","block":"SUKMA","indicator":"no_girls_toilet"}},{"type":"Feature","geometry":{"type":"Point","coordinates":[81.7075,18.6211]},"properties":{"udise":"22213522002","name":"GOVT P.S. DHANIKORTA (GOVT)","state":"CHHATTISGARH","district":"SUKMA","block":"CHHINDGARH","indicator":"no_girls_toilet"}},{"type":"Feature","geometry":{"type":"Point","coordinates":[81.6569,18.3733]},"properties":{"udise":"22210200403","name":"GOVT  M.S. GONGLA","state":"CHHATTISGARH","district":"SUKMA","block":"SUKMA","indicator":"no_girls_toilet"}},{"type":"Feature","geometry":{"type":"Point","coordinates":[81.3547,18.2214]},"properties":{"udise":"22213404403","name":"GOVT. M.S. KANKERLANKA","state":"CHHATTISGARH","district":"SUKMA","block":"KONTA","indicator":"no_girls_toilet"}},{"type":"Feature","geometry":{"type":"Point","coordinates":[81.80028,18.98417]},"properties":{"udise":"22213530301","name":"GOVT. PS DHODHAREPAL KOKAWADA","state":"CHHATTISGARH","district":"SUKMA","block":"CHHINDGARH","indicator":"no_girls_toilet"}},{"type":"Feature","geometry":{"type":"Point","coordinates":[81.4528,18.09]},"properties":{"udise":"22213417502","name":"GOVT P.S. BODDIGUDA","state":"CHHATTISGARH","district":"SUKMA","block":"KONTA","indicator":"no_girls_toilet"}},{"type":"Feature","geometry":{"type":"Point","coordinates":[81.2419,18.2453]},"properties":{"udise":"22213416801","name":"GOVT P.S. SAKLER","state":"CHHATTISGARH","district":"SUKMA","block":"KONTA","indicator":"no_girls_toilet"}},{"type":"Feature","geometry":{"type":"Point","coordinates":[81.84861,18.7475]},"properties":{"udise":"22213529607","name":"GOVT. MS MANJHIDIH","state":"CHHATTISGARH","district":"SUKMA","block":"CHHINDGARH","indicator":"no_girls_toilet"}},{"type":"Feature","geometry":{"type":"Point","coordinates":[82.02917,18.87472]},"properties":{"udise":"22213529116","name":"GOVT. HIGHER SECONDARY SCHOOL KOKAWADA","state":"CHHATTISGARH","district":"SUKMA","block":"CHHINDGARH","indicator":"no_girls_toilet"}},{"type":"Feature","geometry":{"type":"Point","coordinates":[81.7619,18.5733]},"properties":{"udise":"22213515902","name":"GOVT M.S. PATINAIKRAS (SSA)","state":"CHHATTISGARH","district":"SUKMA","block":"CHHINDGARH","indicator":"no_girls_toilet"}},{"type":"Feature","geometry":{"type":"Point","coordinates":[81.1081,18.2831]},"properties":{"udise":"22213430601","name":"GOVT P.S. SOMALGUDA","state":"CHHATTISGARH","district":"SUKMA","block":"KONTA","indicator":"no_girls_toilet"}},{"type":"Feature","geometry":{"type":"Point","coordinates":[81.2436,18.2453]},"properties":{"udise":"22213408201","name":"GOVT P.S. SHALATONG","state":"CHHATTISGARH","district":"SUKMA","block":"KONTA","indicator":"no_girls_toilet"}},{"type":"Feature","geometry":{"type":"Point","coordinates":[82.02889,18.8751]},"properties":{"udise":"22213529108","name":"GOVT. MS KOKAWADA","state":"CHHATTISGARH","district":"SUKMA","block":"CHHINDGARH","indicator":"no_girls_toilet"}},{"type":"Feature","geometry":{"type":"Point","coordinates":[81.7081,18.6236]},"properties":{"udise":"22213507708","name":"GOVT P.S. MURIYAPARA LITIRAS(SSA)","state":"CHHATTISGARH","district":"SUKMA","block":"CHHINDGARH","indicator":"no_girls_toilet"}},{"type":"Feature","geometry":{"type":"Point","coordinates":[81.5769,18.5069]},"properties":{"udise":"22210205603","name":"BOY'S AASHRAM NAGARAS","state":"CHHATTISGARH","district":"SUKMA","block":"SUKMA","indicator":"no_girls_toilet"}},{"type":"Feature","geometry":{"type":"Point","coordinates":[81.5619,18.645]},"properties":{"udise":"22213500110","name":"GOVT M.S. MICHWAR (TWD)","state":"CHHATTISGARH","district":"SUKMA","block":"CHHINDGARH","indicator":"no_girls_toilet"}},{"type":"Feature","geometry":{"type":"Point","coordinates":[81.1742,18.2908]},"properties":{"udise":"22213416102","name":"GOVT P.S. TADMETLA","state":"CHHATTISGARH","district":"SUKMA","block":"KONTA","indicator":"no_girls_toilet"}},{"type":"Feature","geometry":{"type":"Point","coordinates":[81.8739,18.5564]},"properties":{"udise":"22213519005","name":"GOVT S.ASRAM GUMMA (TWD)","state":"CHHATTISGARH","district":"SUKMA","block":"CHHINDGARH","indicator":"no_girls_toilet"}},{"type":"Feature","geometry":{"type":"Point","coordinates":[81.595,18.3625]},"properties":{"udise":"22210220202","name":"P.S. PATELPARA (BOREGUDA)","state":"CHHATTISGARH","district":"SUKMA","block":"SUKMA","indicator":"no_girls_toilet"}},{"type":"Feature","geometry":{"type":"Point","coordinates":[81.7903,18.5072]},"properties":{"udise":"22210202202","name":"GOVT.N.P.S. KAKDIAAMA.SSA","state":"CHHATTISGARH","district":"SUKMA","block":"SUKMA","indicator":"girls_toilet_nonfunctional"}},{"type":"Feature","geometry":{"type":"Point","coordinates":[81.41,18.1872]},"properties":{"udise":"22213403001","name":"GOVT P.S. PALAMADAGU","state":"CHHATTISGARH","district":"SUKMA","block":"KONTA","indicator":"girls_toilet_nonfunctional"}},{"type":"Feature","geometry":{"type":"Point","coordinates":[82.03389,18.86111]},"properties":{"udise":"22213530401","name":"GOVT. PS UPLANKA","state":"CHHATTISGARH","district":"SUKMA","block":"CHHINDGARH","indicator":"girls_toilet_nonfunctional"}},{"type":"Feature","geometry":{"type":"Point","coordinates":[81.2331,18.3669]},"properties":{"udise":"22213407101","name":"GOVT P.S. KERLAPENDA","state":"CHHATTISGARH","district":"SUKMA","block":"KONTA","indicator":"girls_toilet_nonfunctional"}},{"type":"Feature","geometry":{"type":"Point","coordinates":[81.0708,17.9317]},"properties":{"udise":"22213430701","name":"GOVT P.S. JAGARAM","state":"CHHATTISGARH","district":"SUKMA","block":"KONTA","indicator":"girls_toilet_nonfunctional"}},{"type":"Feature","geometry":{"type":"Point","coordinates":[81.6028,18.5672]},"properties":{"udise":"22213500612","name":"GOVT P.S. NAYAPARA NAYANAR (TWD)","state":"CHHATTISGARH","district":"SUKMA","block":"CHHINDGARH","indicator":"girls_toilet_nonfunctional"}},{"type":"Feature","geometry":{"type":"Point","coordinates":[81.7092,18.6233]},"properties":{"udise":"22213521801","name":"GOVT P.S. KUNDANPAL (TWD)","state":"CHHATTISGARH","district":"SUKMA","block":"CHHINDGARH","indicator":"girls_toilet_nonfunctional"}},{"type":"Feature","geometry":{"type":"Point","coordinates":[81.8858,18.6108]},"properties":{"udise":"22213501104","name":"GOVT P.S. AWASPARA SITAPAL(SSA)","state":"CHHATTISGARH","district":"SUKMA","block":"CHHINDGARH","indicator":"girls_toilet_nonfunctional"}},{"type":"Feature","geometry":{"type":"Point","coordinates":[81.5528,18.5275]},"properties":{"udise":"22210208201","name":"PRIMARY SCHOOL OAIRAS","state":"CHHATTISGARH","district":"SUKMA","block":"SUKMA","indicator":"girls_toilet_nonfunctional"}},{"type":"Feature","geometry":{"type":"Point","coordinates":[81.6075,18.4558]},"properties":{"udise":"22210202901","name":"JANPAD PRIMARY SCHOOL MUYAPARA","state":"CHHATTISGARH","district":"SUKMA","block":"SUKMA","indicator":"girls_toilet_nonfunctional"}},{"type":"Feature","geometry":{"type":"Point","coordinates":[81.6781,18.4242]},"properties":{"udise":"22210204601","name":"GOVT PRIMARY SCHOOL PUSAMIPARA","state":"CHHATTISGARH","district":"SUKMA","block":"SUKMA","indicator":"girls_toilet_nonfunctional"}},{"type":"Feature","geometry":{"type":"Point","coordinates":[81.7147,18.5119]},"properties":{"udise":"22213502907","name":"GOVT P.S. PONDUM (GOVT)","state":"CHHATTISGARH","district":"SUKMA","block":"CHHINDGARH","indicator":"girls_toilet_nonfunctional"}},{"type":"Feature","geometry":{"type":"Point","coordinates":[81.4664,18.4325]},"properties":{"udise":"22213519501","name":"GOVT P.S. TONGPAL (GOVT)","state":"CHHATTISGARH","district":"SUKMA","block":"CHHINDGARH","indicator":"girls_toilet_nonfunctional"}},{"type":"Feature","geometry":{"type":"Point","coordinates":[81.3408,18.3856]},"properties":{"udise":"22213407301","name":"GOVT P.S. KOTTAPALLI","state":"CHHATTISGARH","district":"SUKMA","block":"KONTA","indicator":"girls_toilet_nonfunctional"}},{"type":"Feature","geometry":{"type":"Point","coordinates":[81.2286,18.2583]},"properties":{"udise":"22213402401","name":"GOVT P.S. DULLED","state":"CHHATTISGARH","district":"SUKMA","block":"KONTA","indicator":"girls_toilet_nonfunctional"}},{"type":"Feature","geometry":{"type":"Point","coordinates":[81.3378,18.385]},"properties":{"udise":"22213405202","name":"GOVT P.S. NAGARAM","state":"CHHATTISGARH","district":"SUKMA","block":"KONTA","indicator":"girls_toilet_nonfunctional"}},{"type":"Feature","geometry":{"type":"Point","coordinates":[82.02861,18.86889]},"properties":{"udise":"22213530404","name":"GOVT. PS PERMAPARA KOKAWADA","state":"CHHATTISGARH","district":"SUKMA","block":"CHHINDGARH","indicator":"girls_toilet_nonfunctional"}},{"type":"Feature","geometry":{"type":"Point","coordinates":[81.88889,18.93556]},"properties":{"udise":"22213530104","name":"GOVT. MS DHURRAS","state":"CHHATTISGARH","district":"SUKMA","block":"CHHINDGARH","indicator":"girls_toilet_nonfunctional"}},{"type":"Feature","geometry":{"type":"Point","coordinates":[81.7075,18.6214]},"properties":{"udise":"22213527701","name":"GOVT P.S. LAKHAPARA (SSA)","state":"CHHATTISGARH","district":"SUKMA","block":"CHHINDGARH","indicator":"girls_toilet_nonfunctional"}},{"type":"Feature","geometry":{"type":"Point","coordinates":[81.7008,18.4167]},"properties":{"udise":"22210223401","name":"GOVT UPS MULAGUDA (SSA)","state":"CHHATTISGARH","district":"SUKMA","block":"SUKMA","indicator":"girls_toilet_nonfunctional"}},{"type":"Feature","geometry":{"type":"Point","coordinates":[81.5664,18.3692]},"properties":{"udise":"22213508907","name":"GOVT P.S. CHITLNAR (TWD)","state":"CHHATTISGARH","district":"SUKMA","block":"CHHINDGARH","indicator":"girls_toilet_nonfunctional"}},{"type":"Feature","geometry":{"type":"Point","coordinates":[81.5492,18.435]},"properties":{"udise":"22213507604","name":"GOVT P.S. CHIURWADA (TWD)","state":"CHHATTISGARH","district":"SUKMA","block":"CHHINDGARH","indicator":"girls_toilet_nonfunctional"}},{"type":"Feature","geometry":{"type":"Point","coordinates":[81.1758,18.4547]},"properties":{"udise":"22213403704","name":"GOVT M.S. TARLAGUDA","state":"CHHATTISGARH","district":"SUKMA","block":"KONTA","indicator":"girls_toilet_nonfunctional"}},{"type":"Feature","geometry":{"type":"Point","coordinates":[81.69,18.6197]},"properties":{"udise":"22213502004","name":"GOVT P.S. PATELPARA KUNDANPAL (SSA)","state":"CHHATTISGARH","district":"SUKMA","block":"CHHINDGARH","indicator":"girls_toilet_nonfunctional"}},{"type":"Feature","geometry":{"type":"Point","coordinates":[81.2847,18.1206]},"properties":{"udise":"22213401002","name":"GOVT. PRIMARY SCHOOL RAMARAM","state":"CHHATTISGARH","district":"SUKMA","block":"KONTA","indicator":"girls_toilet_nonfunctional"}},{"type":"Feature","geometry":{"type":"Point","coordinates":[81.2953,17.9756]},"properties":{"udise":"22213429201","name":"GOVT P.S. RAMNAGAR","state":"CHHATTISGARH","district":"SUKMA","block":"KONTA","indicator":"girls_toilet_nonfunctional"}},{"type":"Feature","geometry":{"type":"Point","coordinates":[81.7492,18.5144]},"properties":{"udise":"22213512301","name":"GOVT P.S. GIRLIKHUTI (TWD)","state":"CHHATTISGARH","district":"SUKMA","block":"CHHINDGARH","indicator":"girls_toilet_nonfunctional"}},{"type":"Feature","geometry":{"type":"Point","coordinates":[81.2008,18.2822]},"properties":{"udise":"22213417201","name":"GOVT. P.S. BURKAPAL","state":"CHHATTISGARH","district":"SUKMA","block":"KONTA","indicator":"girls_toilet_nonfunctional"}},{"type":"Feature","geometry":{"type":"Point","coordinates":[81.6583,18.3839]},"properties":{"udise":"22210204012","name":"GOVT.N.M.S. SHABRINAGAR","state":"CHHATTISGARH","district":"SUKMA","block":"SUKMA","indicator":"girls_toilet_nonfunctional"}},{"type":"Feature","geometry":{"type":"Point","coordinates":[81.5217,18.5242]},"properties":{"udise":"22210208504","name":"GOVT UPS KASARGUDA (SSA)","state":"CHHATTISGARH","district":"SUKMA","block":"SUKMA","indicator":"girls_toilet_nonfunctional"}},{"type":"Feature","geometry":{"type":"Point","coordinates":[81.5269,18.5617]},"properties":{"udise":"22210224402","name":"P.S. MAHARAPARA","state":"CHHATTISGARH","district":"SUKMA","block":"SUKMA","indicator":"girls_toilet_nonfunctional"}},{"type":"Feature","geometry":{"type":"Point","coordinates":[81.5931,18.5856]},"properties":{"udise":"22213500609","name":"GOVT P.S. MEDHAKPARA (SSA)","state":"CHHATTISGARH","district":"SUKMA","block":"CHHINDGARH","indicator":"girls_toilet_nonfunctional"}},{"type":"Feature","geometry":{"type":"Point","coordinates":[81.1758,18.455]},"properties":{"udise":"22213403701","name":"GOVT P.S. TARLAGUDA","state":"CHHATTISGARH","district":"SUKMA","block":"KONTA","indicator":"girls_toilet_nonfunctional"}},{"type":"Feature","geometry":{"type":"Point","coordinates":[81.84861,18.7475]},"properties":{"udise":"22213529606","name":"GOVT. PS MANJHIDIH","state":"CHHATTISGARH","district":"SUKMA","block":"CHHINDGARH","indicator":"girls_toilet_nonfunctional"}},{"type":"Feature","geometry":{"type":"Point","coordinates":[81.4606,18.4453]},"properties":{"udise":"22210219202","name":"N.P.S. PATELPARA","state":"CHHATTISGARH","district":"SUKMA","block":"SUKMA","indicator":"girls_toilet_nonfunctional"}},{"type":"Feature","geometry":{"type":"Point","coordinates":[81.5586,18.5039]},"properties":{"udise":"22213502505","name":"GOVT P.S. PITTEPARA DABBA (SSA)","state":"CHHATTISGARH","district":"SUKMA","block":"CHHINDGARH","indicator":"girls_toilet_nonfunctional"}},{"type":"Feature","geometry":{"type":"Point","coordinates":[81.4092,18.1869]},"properties":{"udise":"22213403101","name":"GOVT. P.S. NAYAPARA  ARLAMPALLI","state":"CHHATTISGARH","district":"SUKMA","block":"KONTA","indicator":"girls_toilet_nonfunctional"}},{"type":"Feature","geometry":{"type":"Point","coordinates":[81.88639,18.94083]},"properties":{"udise":"22213530001","name":"GOVT. PS DHURRAS","state":"CHHATTISGARH","district":"SUKMA","block":"CHHINDGARH","indicator":"girls_toilet_nonfunctional"}},{"type":"Feature","geometry":{"type":"Point","coordinates":[81.7014,18.6292]},"properties":{"udise":"22213511401","name":"GOVT P.S. CHULERAS (TWD)","state":"CHHATTISGARH","district":"SUKMA","block":"CHHINDGARH","indicator":"girls_toilet_nonfunctional"}},{"type":"Feature","geometry":{"type":"Point","coordinates":[81.3467,18.3997]},"properties":{"udise":"22213407201","name":"GOVT P.S. GANGULAVA","state":"CHHATTISGARH","district":"SUKMA","block":"KONTA","indicator":"girls_toilet_nonfunctional"}},{"type":"Feature","geometry":{"type":"Point","coordinates":[81.54,18.5186]},"properties":{"udise":"22210200803","name":"PRIMARY SCHOOL DURMAPARA","state":"CHHATTISGARH","district":"SUKMA","block":"SUKMA","indicator":"girls_toilet_nonfunctional"}},{"type":"Feature","geometry":{"type":"Point","coordinates":[81.8858,18.6497]},"properties":{"udise":"22213503804","name":"GOVT P.S. KUMHARPARA PUSPAL (SSA)","state":"CHHATTISGARH","district":"SUKMA","block":"CHHINDGARH","indicator":"girls_toilet_nonfunctional"}},{"type":"Feature","geometry":{"type":"Point","coordinates":[81.8853,18.6097]},"properties":{"udise":"22213518403","name":"GOVT P S. KUMHARPARA KIKIRPAL (SSA)","state":"CHHATTISGARH","district":"SUKMA","block":"CHHINDGARH","indicator":"girls_toilet_nonfunctional"}},{"type":"Feature","geometry":{"type":"Point","coordinates":[81.8969,18.5444]},"properties":{"udise":"22213514202","name":"GOVT P.S. KALEBANG (GOVT)","state":"CHHATTISGARH","district":"SUKMA","block":"CHHINDGARH","indicator":"girls_toilet_nonfunctional"}},{"type":"Feature","geometry":{"type":"Point","coordinates":[81.5383,18.4422]},"properties":{"udise":"22213508309","name":"GOVT P.S. DHAMANKONTA (SSA)","state":"CHHATTISGARH","district":"SUKMA","block":"CHHINDGARH","indicator":"girls_toilet_nonfunctional"}},{"type":"Feature","geometry":{"type":"Point","coordinates":[81.5906,18.6097]},"properties":{"udise":"22213500902","name":"GOVT P.S. PERMAPARA  GORLI(TWD)","state":"CHHATTISGARH","district":"SUKMA","block":"CHHINDGARH","indicator":"girls_toilet_nonfunctional"}},{"type":"Feature","geometry":{"type":"Point","coordinates":[81.8814,18.6078]},"properties":{"udise":"22213518702","name":"GOVT P.S. MURIYAPARA NETANAR (SSA)","state":"CHHATTISGARH","district":"SUKMA","block":"CHHINDGARH","indicator":"girls_toilet_nonfunctional"}},{"type":"Feature","geometry":{"type":"Point","coordinates":[81.5136,18.5489]},"properties":{"udise":"22210208602","name":"GOVT.. P.S. DURVARAS TWD","state":"CHHATTISGARH","district":"SUKMA","block":"SUKMA","indicator":"girls_toilet_nonfunctional"}},{"type":"Feature","geometry":{"type":"Point","coordinates":[81.6578,18.4094]},"properties":{"udise":"22210204013","name":"GOVT.M.S.SANTHALPARA","state":"CHHATTISGARH","district":"SUKMA","block":"SUKMA","indicator":"girls_toilet_nonfunctional"}},{"type":"Feature","geometry":{"type":"Point","coordinates":[81.5025,18.2025]},"properties":{"udise":"22213411704","name":"GOVT. P.S.BODINGUDA DUBBATOTA","state":"CHHATTISGARH","district":"SUKMA","block":"KONTA","indicator":"girls_toilet_nonfunctional"}},{"type":"Feature","geometry":{"type":"Point","coordinates":[81.5892,18.5956]},"properties":{"udise":"22213500107","name":"GOVT P.S. PAIKPARA MICHWAR","state":"CHHATTISGARH","district":"SUKMA","block":"CHHINDGARH","indicator":"girls_toilet_nonfunctional"}},{"type":"Feature","geometry":{"type":"Point","coordinates":[81.6072,18.4561]},"properties":{"udise":"22210200602","name":"GOVT UPS MUYAPARA (SSA)","state":"CHHATTISGARH","district":"SUKMA","block":"SUKMA","indicator":"girls_toilet_nonfunctional"}},{"type":"Feature","geometry":{"type":"Point","coordinates":[81.4533,18.5617]},"properties":{"udise":"22210206101","name":"PRIMARY SCHOOL PARIYA","state":"CHHATTISGARH","district":"SUKMA","block":"SUKMA","indicator":"girls_toilet_nonfunctional"}},{"type":"Feature","geometry":{"type":"Point","coordinates":[81.80417,18.7525]},"properties":{"udise":"22213529003","name":"GOVT. PS MITOKPARA","state":"CHHATTISGARH","district":"SUKMA","block":"CHHINDGARH","indicator":"girls_toilet_nonfunctional"}},{"type":"Feature","geometry":{"type":"Point","coordinates":[81.5622,18.3189]},"properties":{"udise":"22210228002","name":"GOVT UPS PUJARIPARA (SSA)","state":"CHHATTISGARH","district":"SUKMA","block":"SUKMA","indicator":"girls_toilet_nonfunctional"}},{"type":"Feature","geometry":{"type":"Point","coordinates":[81.1739,18.3344]},"properties":{"udise":"22213402001","name":"GOVT P.S. KOTTAGUDA","state":"CHHATTISGARH","district":"SUKMA","block":"KONTA","indicator":"girls_toilet_nonfunctional"}},{"type":"Feature","geometry":{"type":"Point","coordinates":[81.2475,18.0375]},"properties":{"udise":"22213413302","name":"KANIST P.S.BADEKEDWAL","state":"CHHATTISGARH","district":"SUKMA","block":"KONTA","indicator":"girls_toilet_nonfunctional"}},{"type":"Feature","geometry":{"type":"Point","coordinates":[81.0722,17.9306]},"properties":{"udise":"22213426802","name":"GOVT M.S. LINGANPALLI","state":"CHHATTISGARH","district":"SUKMA","block":"KONTA","indicator":"girls_toilet_nonfunctional"}},{"type":"Feature","geometry":{"type":"Point","coordinates":[81.4456,18.5892]},"properties":{"udise":"22210216202","name":"PS. POROPARIYA","state":"CHHATTISGARH","district":"SUKMA","block":"SUKMA","indicator":"girls_toilet_nonfunctional"}},{"type":"Feature","geometry":{"type":"Point","coordinates":[81.65139,18.9151]},"properties":{"udise":"22213528704","name":"GOVT. PS KUMHARRAS","state":"CHHATTISGARH","district":"SUKMA","block":"CHHINDGARH","indicator":"girls_toilet_nonfunctional"}},{"type":"Feature","geometry":{"type":"Point","coordinates":[81.5156,18.4272]},"properties":{"udise":"22213508304","name":"GOVT P.S. CHIDPAL (TWD)","state":"CHHATTISGARH","district":"SUKMA","block":"CHHINDGARH","indicator":"girls_toilet_nonfunctional"}},{"type":"Feature","geometry":{"type":"Point","coordinates":[81.6772,18.4525]},"properties":{"udise":"22210204301","name":"PRIMARY SCHOOL GEEDAM","state":"CHHATTISGARH","district":"SUKMA","block":"SUKMA","indicator":"girls_toilet_nonfunctional"}},{"type":"Feature","geometry":{"type":"Point","coordinates":[81.0714,17.9306]},"properties":{"udise":"22213423002","name":"GOVT.P.S. KANNATONG(DHARMAPENTA","state":"CHHATTISGARH","district":"SUKMA","block":"KONTA","indicator":"girls_toilet_nonfunctional"}},{"type":"Feature","geometry":{"type":"Point","coordinates":[81.4533,18.1244]},"properties":{"udise":"22213415901","name":"PRIMARY SCHOOL MEDWAHI","state":"CHHATTISGARH","district":"SUKMA","block":"KONTA","indicator":"girls_toilet_nonfunctional"}},{"type":"Feature","geometry":{"type":"Point","coordinates":[81.6911,18.6192]},"properties":{"udise":"22213507301","name":"GOVT P.S. PANDUPARA (TWD)","state":"CHHATTISGARH","district":"SUKMA","block":"CHHINDGARH","indicator":"girls_toilet_nonfunctional"}},{"type":"Feature","geometry":{"type":"Point","coordinates":[81.5169,18.5653]},"properties":{"udise":"22210209502","name":"NAVIN P.S.KUCHARAS","state":"CHHATTISGARH","district":"SUKMA","block":"SUKMA","indicator":"girls_toilet_nonfunctional"}},{"type":"Feature","geometry":{"type":"Point","coordinates":[81.4817,18.1225]},"properties":{"udise":"22213413001","name":"JANPAD PRIMARY SCHOOL GONDEGUDA","state":"CHHATTISGARH","district":"SUKMA","block":"KONTA","indicator":"girls_toilet_nonfunctional"}},{"type":"Feature","geometry":{"type":"Point","coordinates":[81.8125,18.4831]},"properties":{"udise":"22210201803","name":"P.S. TURRETONG","state":"CHHATTISGARH","district":"SUKMA","block":"SUKMA","indicator":"girls_toilet_nonfunctional"}},{"type":"Feature","geometry":{"type":"Point","coordinates":[81.1656,18.4442]},"properties":{"udise":"22213418204","name":"GOVT.M.S. JAGARGUNDA","state":"CHHATTISGARH","district":"SUKMA","block":"KONTA","indicator":"girls_toilet_nonfunctional"}},{"type":"Feature","geometry":{"type":"Point","coordinates":[81.2636,17.8839]},"properties":{"udise":"22213419401","name":"P.S.RASATONG","state":"CHHATTISGARH","district":"SUKMA","block":"KONTA","indicator":"girls_toilet_nonfunctional"}},{"type":"Feature","geometry":{"type":"Point","coordinates":[81.8122,18.5408]},"properties":{"udise":"22213511103","name":"GOVT HIGH SCHOOL GANJENAR","state":"CHHATTISGARH","district":"SUKMA","block":"CHHINDGARH","indicator":"girls_toilet_nonfunctional"}},{"type":"Feature","geometry":{"type":"Point","coordinates":[81.7072,18.6211]},"properties":{"udise":"22213501502","name":"GOVT P.S. DENGOPARA (TWD)","state":"CHHATTISGARH","district":"SUKMA","block":"CHHINDGARH","indicator":"girls_toilet_nonfunctional"}},{"type":"Feature","geometry":{"type":"Point","coordinates":[81.4322,18.1289]},"properties":{"udise":"22213417401","name":"GOVT P.S. TOLNAI","state":"CHHATTISGARH","district":"SUKMA","block":"KONTA","indicator":"girls_toilet_nonfunctional"}},{"type":"Feature","geometry":{"type":"Point","coordinates":[81.2428,18.2497]},"properties":{"udise":"22213424301","name":"NAVIN P.S. KASALPAD","state":"CHHATTISGARH","district":"SUKMA","block":"KONTA","indicator":"girls_toilet_nonfunctional"}},{"type":"Feature","geometry":{"type":"Point","coordinates":[81.3619,17.9442]},"properties":{"udise":"22213429101","name":"GOVT P.S. TADGUDA","state":"CHHATTISGARH","district":"SUKMA","block":"KONTA","indicator":"girls_toilet_nonfunctional"}},{"type":"Feature","geometry":{"type":"Point","coordinates":[81.7114,18.5147]},"properties":{"udise":"22213506001","name":"GOVT P.S. MESHIRAS","state":"CHHATTISGARH","district":"SUKMA","block":"CHHINDGARH","indicator":"girls_toilet_nonfunctional"}},{"type":"Feature","geometry":{"type":"Point","coordinates":[81.3856,18.0153]},"properties":{"udise":"22213426604","name":"GOVT.P.S. MARAIGUDA","state":"CHHATTISGARH","district":"SUKMA","block":"KONTA","indicator":"girls_toilet_nonfunctional"}},{"type":"Feature","geometry":{"type":"Point","coordinates":[81.6394,18.4342]},"properties":{"udise":"22210202801","name":"JANPAD PRIMARY SCHOOL GOLAGUDA","state":"CHHATTISGARH","district":"SUKMA","block":"SUKMA","indicator":"girls_toilet_nonfunctional"}},{"type":"Feature","geometry":{"type":"Point","coordinates":[81.2233,18.3292]},"properties":{"udise":"22213402101","name":"GOVT P.S. TONGPALLI","state":"CHHATTISGARH","district":"SUKMA","block":"KONTA","indicator":"girls_toilet_nonfunctional"}},{"type":"Feature","geometry":{"type":"Point","coordinates":[81.6883,18.6142]},"properties":{"udise":"22213514001","name":"GOVT P.S. ERPA (TWD)","state":"CHHATTISGARH","district":"SUKMA","block":"CHHINDGARH","indicator":"girls_toilet_nonfunctional"}},{"type":"Feature","geometry":{"type":"Point","coordinates":[81.7747,18.4825]},"properties":{"udise":"22210202101","name":"PRIMARY SCHOOL KOKARPAL","state":"CHHATTISGARH","district":"SUKMA","block":"SUKMA","indicator":"girls_toilet_nonfunctional"}},{"type":"Feature","geometry":{"type":"Point","coordinates":[81.7303,18.5242]},"properties":{"udise":"22213520902","name":"GOVT P.S. DHURVAPARA (TWD)","state":"CHHATTISGARH","district":"SUKMA","block":"CHHINDGARH","indicator":"girls_toilet_nonfunctional"}},{"type":"Feature","geometry":{"type":"Point","coordinates":[81.5608,18.4236]},"properties":{"udise":"22213508206","name":"GOVT P.S. KUMAKOLENG (TWD)","state":"CHHATTISGARH","district":"SUKMA","block":"CHHINDGARH","indicator":"girls_toilet_nonfunctional"}},{"type":"Feature","geometry":{"type":"Point","coordinates":[81.77583,18.77778]},"properties":{"udise":"22213529201","name":"GOVT. PS JANGADPAL","state":"CHHATTISGARH","district":"SUKMA","block":"CHHINDGARH","indicator":"girls_toilet_nonfunctional"}},{"type":"Feature","geometry":{"type":"Point","coordinates":[81.3389,18.3953]},"properties":{"udise":"22213419001","name":"GOVT P.S. GATTAPAL","state":"CHHATTISGARH","district":"SUKMA","block":"KONTA","indicator":"girls_toilet_nonfunctional"}},{"type":"Feature","geometry":{"type":"Point","coordinates":[81.5636,18.4783]},"properties":{"udise":"22210205503","name":"PS CHINNAPARA","state":"CHHATTISGARH","district":"SUKMA","block":"SUKMA","indicator":"girls_toilet_nonfunctional"}},{"type":"Feature","geometry":{"type":"Point","coordinates":[81.3958,18.3283]},"properties":{"udise":"22213430201","name":"GOVT P.S. BAGDEGUDA","state":"CHHATTISGARH","district":"SUKMA","block":"KONTA","indicator":"girls_toilet_nonfunctional"}},{"type":"Feature","geometry":{"type":"Point","coordinates":[81.5136,18.4486]},"properties":{"udise":"22210219301","name":"NAVIN P.S. PADAMIPARA SUKMA","state":"CHHATTISGARH","district":"SUKMA","block":"SUKMA","indicator":"girls_toilet_nonfunctional"}},{"type":"Feature","geometry":{"type":"Point","coordinates":[81.4569,18.0956]},"properties":{"udise":"22213417501","name":"GOVT P.S. ARGATTA","state":"CHHATTISGARH","district":"SUKMA","block":"KONTA","indicator":"girls_toilet_nonfunctional"}},{"type":"Feature","geometry":{"type":"Point","coordinates":[81.0947,17.88]},"properties":{"udise":"22213407502","name":"GOVT M.S. VIRAPURAM","state":"CHHATTISGARH","district":"SUKMA","block":"KONTA","indicator":"girls_toilet_nonfunctional"}},{"type":"Feature","geometry":{"type":"Point","coordinates":[81.82778,18.74611]},"properties":{"udise":"22213529502","name":"GOVT. PS BENGPAL","state":"CHHATTISGARH","district":"SUKMA","block":"CHHINDGARH","indicator":"girls_toilet_nonfunctional"}},{"type":"Feature","geometry":{"type":"Point","coordinates":[81.78556,18.77222]},"properties":{"udise":"22213528303","name":"GOVT. PS ELENGNAR","state":"CHHATTISGARH","district":"SUKMA","block":"CHHINDGARH","indicator":"girls_toilet_nonfunctional"}},{"type":"Feature","geometry":{"type":"Point","coordinates":[81.8831,18.6061]},"properties":{"udise":"22213514703","name":"GOVT M.S. JANGAMPAL (SSA)","state":"CHHATTISGARH","district":"SUKMA","block":"CHHINDGARH","indicator":"girls_toilet_nonfunctional"}},{"type":"Feature","geometry":{"type":"Point","coordinates":[81.3869,17.8064]},"properties":{"udise":"22213413106","name":"GOVT. JANPAD M.S. KONTA","state":"CHHATTISGARH","district":"SUKMA","block":"KONTA","indicator":"girls_toilet_nonfunctional"}},{"type":"Feature","geometry":{"type":"Point","coordinates":[81.8797,18.6111]},"properties":{"udise":"22213517001","name":"GOVT P.S. TUMAKPAL (TWD)","state":"CHHATTISGARH","district":"SUKMA","block":"CHHINDGARH","indicator":"girls_toilet_nonfunctional"}},{"type":"Feature","geometry":{"type":"Point","coordinates":[81.81111,18.7512]},"properties":{"udise":"22213528201","name":"GOVT. PS JHIRAM","state":"CHHATTISGARH","district":"SUKMA","block":"CHHINDGARH","indicator":"girls_toilet_nonfunctional"}},{"type":"Feature","geometry":{"type":"Point","coordinates":[81.7075,18.6211]},"properties":{"udise":"22213522007","name":"GOVT M.S. DHANIKODTA (SSA)","state":"CHHATTISGARH","district":"SUKMA","block":"CHHINDGARH","indicator":"girls_toilet_nonfunctional"}},{"type":"Feature","geometry":{"type":"Point","coordinates":[81.4114,18.1883]},"properties":{"udise":"22213402905","name":"GOVT.P.S. RENGAPARA(POLAMPALLI)","state":"CHHATTISGARH","district":"SUKMA","block":"KONTA","indicator":"girls_toilet_nonfunctional"}},{"type":"Feature","geometry":{"type":"Point","coordinates":[81.9025,18.6]},"properties":{"udise":"22213501307","name":"GPVT P.S. DURMAPARA OLER (SSA)","state":"CHHATTISGARH","district":"SUKMA","block":"CHHINDGARH","indicator":"girls_toilet_nonfunctional"}},{"type":"Feature","geometry":{"type":"Point","coordinates":[81.5522,18.4358]},"properties":{"udise":"22210207301","name":"PRIMARY SCHOOL MUTODI","state":"CHHATTISGARH","district":"SUKMA","block":"SUKMA","indicator":"girls_toilet_nonfunctional"}},{"type":"Feature","geometry":{"type":"Point","coordinates":[81.6403,18.4447]},"properties":{"udise":"22210202905","name":"P.S.KUDMELPARA","state":"CHHATTISGARH","district":"SUKMA","block":"SUKMA","indicator":"girls_toilet_nonfunctional"}},{"type":"Feature","geometry":{"type":"Point","coordinates":[81.2644,17.8842]},"properties":{"udise":"22213416402","name":"GOVT M.S. SINGARAM","state":"CHHATTISGARH","district":"SUKMA","block":"KONTA","indicator":"girls_toilet_nonfunctional"}},{"type":"Feature","geometry":{"type":"Point","coordinates":[81.7253,18.5042]},"properties":{"udise":"22213511205","name":"GOVT P.S.MURREPAL (TWD)","state":"CHHATTISGARH","district":"SUKMA","block":"CHHINDGARH","indicator":"girls_toilet_nonfunctional"}},{"type":"Feature","geometry":{"type":"Point","coordinates":[81.81806,18.76333]},"properties":{"udise":"22213529302","name":"GOVT. PS JUNAPANI","state":"CHHATTISGARH","district":"SUKMA","block":"CHHINDGARH","indicator":"girls_toilet_nonfunctional"}},{"type":"Feature","geometry":{"type":"Point","coordinates":[81.3114,18.3525]},"properties":{"udise":"22213407302","name":"GOVT P.S. SARPANCHPARA KOTTAPALLI","state":"CHHATTISGARH","district":"SUKMA","block":"KONTA","indicator":"girls_toilet_nonfunctional"}},{"type":"Feature","geometry":{"type":"Point","coordinates":[81.8367,18.5403]},"properties":{"udise":"22213514406","name":"GOVT P.S. KAVASIRAS (TWD)","state":"CHHATTISGARH","district":"SUKMA","block":"CHHINDGARH","indicator":"girls_toilet_nonfunctional"}},{"type":"Feature","geometry":{"type":"Point","coordinates":[81.4869,18.6067]},"properties":{"udise":"22210217802","name":"P.S. DAIYAPARA","state":"CHHATTISGARH","district":"SUKMA","block":"SUKMA","indicator":"girls_toilet_nonfunctional"}},{"type":"Feature","geometry":{"type":"Point","coordinates":[81.2675,18.0347]},"properties":{"udise":"22213413601","name":"GOVT P.S. TUMALPAD","state":"CHHATTISGARH","district":"SUKMA","block":"KONTA","indicator":"girls_toilet_nonfunctional"}},{"type":"Feature","geometry":{"type":"Point","coordinates":[81.88972,18.93778]},"properties":{"udise":"22213529819","name":"GOVT. PS HOMARAS","state":"CHHATTISGARH","district":"SUKMA","block":"CHHINDGARH","indicator":"girls_toilet_nonfunctional"}},{"type":"Feature","geometry":{"type":"Point","coordinates":[81.4325,18.1278]},"properties":{"udise":"22213416001","name":"GOVT P.S. TETRAI","state":"CHHATTISGARH","district":"SUKMA","block":"KONTA","indicator":"girls_toilet_nonfunctional"}},{"type":"Feature","geometry":{"type":"Point","coordinates":[81.88972,18.93917]},"properties":{"udise":"22213530103","name":"GOVT. PS KATULMIRI","state":"CHHATTISGARH","district":"SUKMA","block":"CHHINDGARH","indicator":"girls_toilet_nonfunctional"}},{"type":"Feature","geometry":{"type":"Point","coordinates":[81.5781,18.4419]},"properties":{"udise":"22213507603","name":"GOVT P.S. NAYAPARA (SSA)","state":"CHHATTISGARH","district":"SUKMA","block":"CHHINDGARH","indicator":"girls_toilet_nonfunctional"}},{"type":"Feature","geometry":{"type":"Point","coordinates":[81.8647,18.5481]},"properties":{"udise":"22213514405","name":"GOVT M.S. KODRIPAL (TWD)","state":"CHHATTISGARH","district":"SUKMA","block":"CHHINDGARH","indicator":"girls_toilet_nonfunctional"}},{"type":"Feature","geometry":{"type":"Point","coordinates":[81.4344,18.3631]},"properties":{"udise":"22213522401","name":"GOVT P.S.BHANDARPAL (SSA)","state":"CHHATTISGARH","district":"SUKMA","block":"CHHINDGARH","indicator":"girls_toilet_nonfunctional"}},{"type":"Feature","geometry":{"type":"Point","coordinates":[81.8169,18.5692]},"properties":{"udise":"22213511003","name":"GOVT P.S.PERMAPARA GUDRA (TWD)","state":"CHHATTISGARH","district":"SUKMA","block":"CHHINDGARH","indicator":"girls_toilet_nonfunctional"}},{"type":"Feature","geometry":{"type":"Point","coordinates":[81.6978,18.4492]},"properties":{"udise":"22213512001","name":"GOVT BOY ASRAM RAJAMUNDA (TWD)","state":"CHHATTISGARH","district":"SUKMA","block":"CHHINDGARH","indicator":"girls_toilet_nonfunctional"}},{"type":"Feature","geometry":{"type":"Point","coordinates":[81.8183,18.5747]},"properties":{"udise":"22213505802","name":"GOVT P.S. PAIKPARA DHOBANPAL (SSA)","state":"CHHATTISGARH","district":"SUKMA","block":"CHHINDGARH","indicator":"girls_toilet_nonfunctional"}},{"type":"Feature","geometry":{"type":"Point","coordinates":[81.3275,17.8539]},"properties":{"udise":"22213411902","name":"GOVT M.S. NULKATONG","state":"CHHATTISGARH","district":"SUKMA","block":"KONTA","indicator":"girls_toilet_nonfunctional"}},{"type":"Feature","geometry":{"type":"Point","coordinates":[81.7831,18.5658]},"properties":{"udise":"22213505804","name":"GOVT P.S. GONCHEPARA (SSA)","state":"CHHATTISGARH","district":"SUKMA","block":"CHHINDGARH","indicator":"girls_toilet_nonfunctional"}},{"type":"Feature","geometry":{"type":"Point","coordinates":[81.2697,18.0622]},"properties":{"udise":"22213418502","name":"GOVT P.S. BURKALANKA","state":"CHHATTISGARH","district":"SUKMA","block":"KONTA","indicator":"girls_toilet_nonfunctional"}},{"type":"Feature","geometry":{"type":"Point","coordinates":[81.7869,18.4558]},"properties":{"udise":"22210216601","name":"N.P.S.DEVKUPLI -KOKARPAL","state":"CHHATTISGARH","district":"SUKMA","block":"SUKMA","indicator":"girls_toilet_nonfunctional"}},{"type":"Feature","geometry":{"type":"Point","coordinates":[81.3431,18.3944]},"properties":{"udise":"22213405001","name":"GOVT P.S. MICHIGUDA","state":"CHHATTISGARH","district":"SUKMA","block":"KONTA","indicator":"girls_toilet_nonfunctional"}},{"type":"Feature","geometry":{"type":"Point","coordinates":[81.5136,18.5742]},"properties":{"udise":"22210209802","name":"JANPAD P.S. MAROKI","state":"CHHATTISGARH","district":"SUKMA","block":"SUKMA","indicator":"girls_toilet_nonfunctional"}},{"type":"Feature","geometry":{"type":"Point","coordinates":[81.16901,18.38997]},"properties":{"udise":"22213400401","name":"GOVT.P.S.RAJPENTA","state":"CHHATTISGARH","district":"SUKMA","block":"KONTA","indicator":"girls_toilet_nonfunctional"}},{"type":"Feature","geometry":{"type":"Point","coordinates":[81.1814,18.3433]},"properties":{"udise":"22213402201","name":"GOVT P.S. NARSAPURAM","state":"CHHATTISGARH","district":"SUKMA","block":"KONTA","indicator":"girls_toilet_nonfunctional"}},{"type":"Feature","geometry":{"type":"Point","coordinates":[81.0775,17.9261]},"properties":{"udise":"22213406905","name":"GOVT M.S. KISHTARAM","state":"CHHATTISGARH","district":"SUKMA","block":"KONTA","indicator":"girls_toilet_nonfunctional"}},{"type":"Feature","geometry":{"type":"Point","coordinates":[81.86194,18.74944]},"properties":{"udise":"22213529006","name":"GOVT. PS KANKAPAL","state":"CHHATTISGARH","district":"SUKMA","block":"CHHINDGARH","indicator":"girls_toilet_nonfunctional"}},{"type":"Feature","geometry":{"type":"Point","coordinates":[81.8422,18.5572]},"properties":{"udise":"22213514404","name":"GOVT P.S. KURMIRAS (SSA)","state":"CHHATTISGARH","district":"SUKMA","block":"CHHINDGARH","indicator":"girls_toilet_nonfunctional"}},{"type":"Feature","geometry":{"type":"Point","coordinates":[81.5694,18.4572]},"properties":{"udise":"22210207704","name":"N.P.S.PATELPARA DABBARAS","state":"CHHATTISGARH","district":"SUKMA","block":"SUKMA","indicator":"girls_toilet_nonfunctional"}},{"type":"Feature","geometry":{"type":"Point","coordinates":[81.4372,18.5283]},"properties":{"udise":"22210210502","name":"P.S. CHIRMUR","state":"CHHATTISGARH","district":"SUKMA","block":"SUKMA","indicator":"girls_toilet_nonfunctional"}},{"type":"Feature","geometry":{"type":"Point","coordinates":[81.84306,18.75806]},"properties":{"udise":"22213529005","name":"GOVT. PS LAMIPARA","state":"CHHATTISGARH","district":"SUKMA","block":"CHHINDGARH","indicator":"girls_toilet_nonfunctional"}},{"type":"Feature","geometry":{"type":"Point","coordinates":[81.7097,18.6236]},"properties":{"udise":"22213527201","name":"GOVT P.S. RAUTPARA (SSA)","state":"CHHATTISGARH","district":"SUKMA","block":"CHHINDGARH","indicator":"girls_toilet_nonfunctional"}},{"type":"Feature","geometry":{"type":"Point","coordinates":[81.8822,18.6086]},"properties":{"udise":"22213514603","name":"GOVT P.S. BEKOPARA KIKIRPAL(SSA)","state":"CHHATTISGARH","district":"SUKMA","block":"CHHINDGARH","indicator":"girls_toilet_nonfunctional"}},{"type":"Feature","geometry":{"type":"Point","coordinates":[81.8728,18.6158]},"properties":{"udise":"22213502601","name":"GOVT P.S. PATELPARA KINDARWADA(GOVT)","state":"CHHATTISGARH","district":"SUKMA","block":"CHHINDGARH","indicator":"girls_toilet_nonfunctional"}},{"type":"Feature","geometry":{"type":"Point","coordinates":[82.8039,23.2733]},"properties":{"udise":"22271801603","name":"GOVT. P.S. KHALPARA","state":"CHHATTISGARH","district":"SURAJPUR","block":"RAMANUJNAGAR","indicator":"no_girls_toilet"}},{"type":"Feature","geometry":{"type":"Point","coordinates":[82.5942,22.9333]},"properties":{"udise":"22271907103","name":"GOVT. P.S. GOATIYAPARA","state":"CHHATTISGARH","district":"SURAJPUR","block":"PREMNAGAR","indicator":"no_girls_toilet"}},{"type":"Feature","geometry":{"type":"Point","coordinates":[82.6767,23.0869]},"properties":{"udise":"22271809010","name":"GOVT. P.S. HARIJANPARA","state":"CHHATTISGARH","district":"SURAJPUR","block":"RAMANUJNAGAR","indicator":"no_girls_toilet"}},{"type":"Feature","geometry":{"type":"Point","coordinates":[82.9142,23.5114]},"properties":{"udise":"22271606304","name":"GOVT. MS PALKEVRA","state":"CHHATTISGARH","district":"SURAJPUR","block":"ODGI","indicator":"no_girls_toilet"}},{"type":"Feature","geometry":{"type":"Point","coordinates":[82.8153,23.1753]},"properties":{"udise":"22271802103","name":"GOVT. P.S. PEEPARPARA","state":"CHHATTISGARH","district":"SURAJPUR","block":"RAMANUJNAGAR","indicator":"no_girls_toilet"}},{"type":"Feature","geometry":{"type":"Point","coordinates":[82.6003,23.7936]},"properties":{"udise":"22271602501","name":"GOVT. P.S. LULH","state":"CHHATTISGARH","district":"SURAJPUR","block":"ODGI","indicator":"no_girls_toilet"}},{"type":"Feature","geometry":{"type":"Point","coordinates":[82.8217,23.4067]},"properties":{"udise":"22271509601","name":"GOVT. P.S. DHOSA","state":"CHHATTISGARH","district":"SURAJPUR","block":"BHAIYATHAN","indicator":"no_girls_toilet"}},{"type":"Feature","geometry":{"type":"Point","coordinates":[82.8592,23.3342]},"properties":{"udise":"22271512901","name":"GOVT. P.S.CHOPAN","state":"CHHATTISGARH","district":"SURAJPUR","block":"BHAIYATHAN","indicator":"no_girls_toilet"}},{"type":"Feature","geometry":{"type":"Point","coordinates":[82.8594,23.3972]},"properties":{"udise":"22271607004","name":"GOVT. P.S. NAVAPARA BHADI","state":"CHHATTISGARH","district":"SURAJPUR","block":"ODGI","indicator":"no_girls_toilet"}},{"type":"Feature","geometry":{"type":"Point","coordinates":[82.6689,23.185]},"properties":{"udise":"22271801001","name":"GOVT. P.S. PANDRIPANI","state":"CHHATTISGARH","district":"SURAJPUR","block":"RAMANUJNAGAR","indicator":"no_girls_toilet"}},{"type":"Feature","geometry":{"type":"Point","coordinates":[82.6714,23.0392]},"properties":{"udise":"22271904601","name":"GOVT. P.S. ANNAPURNA","state":"CHHATTISGARH","district":"SURAJPUR","block":"PREMNAGAR","indicator":"no_girls_toilet"}},{"type":"Feature","geometry":{"type":"Point","coordinates":[82.7647,23.2067]},"properties":{"udise":"22271800604","name":"GOVT. P.S. URAWNPARA","state":"CHHATTISGARH","district":"SURAJPUR","block":"RAMANUJNAGAR","indicator":"no_girls_toilet"}},{"type":"Feature","geometry":{"type":"Point","coordinates":[83.1342,23.5014]},"properties":{"udise":"22271710702","name":"GOVT. P.S. DARHORA","state":"CHHATTISGARH","district":"SURAJPUR","block":"PRATAPPUR","indicator":"no_girls_toilet"}},{"type":"Feature","geometry":{"type":"Point","coordinates":[83.0703,23.2689]},"properties":{"udise":"22271702106","name":"GOVT. P.S. SAKARIYAPARA","state":"CHHATTISGARH","district":"SURAJPUR","block":"PRATAPPUR","indicator":"no_girls_toilet"}},{"type":"Feature","geometry":{"type":"Point","coordinates":[82.9675,23.1847]},"properties":{"udise":"22271407003","name":"GOVT. M.S.SHIVNADANPUR","state":"CHHATTISGARH","district":"SURAJPUR","block":"SURAJPUR","indicator":"no_girls_toilet"}},{"type":"Feature","geometry":{"type":"Point","coordinates":[83.0658,23.2814]},"properties":{"udise":"22271709507","name":"GOVT. P.S. TAMORPARA","state":"CHHATTISGARH","district":"SURAJPUR","block":"PRATAPPUR","indicator":"no_girls_toilet"}},{"type":"Feature","geometry":{"type":"Point","coordinates":[83.0911,23.2619]},"properties":{"udise":"22271408802","name":"GOVT.  M.S. AMGAOV","state":"CHHATTISGARH","district":"SURAJPUR","block":"SURAJPUR","indicator":"no_girls_toilet"}},{"type":"Feature","geometry":{"type":"Point","coordinates":[82.9606,23.2625]},"properties":{"udise":"22271404201","name":"GOVT. P.S. DATIMA","state":"CHHATTISGARH","district":"SURAJPUR","block":"SURAJPUR","indicator":"no_girls_toilet"}},{"type":"Feature","geometry":{"type":"Point","coordinates":[83.0481,23.4661]},"properties":{"udise":"22271705601","name":"GOVT. P.S. CHINGRADAND","state":"CHHATTISGARH","district":"SURAJPUR","block":"PRATAPPUR","indicator":"no_girls_toilet"}},{"type":"Feature","geometry":{"type":"Point","coordinates":[83.1539,23.2675]},"properties":{"udise":"22271401801","name":"GOVT. P.S. SUNDARGANJ","state":"CHHATTISGARH","district":"SURAJPUR","block":"SURAJPUR","indicator":"no_girls_toilet"}},{"type":"Feature","geometry":{"type":"Point","coordinates":[82.7697,23.2697]},"properties":{"udise":"22271512701","name":"GOVT. P.S. KUMHARPARA","state":"CHHATTISGARH","district":"SURAJPUR","block":"BHAIYATHAN","indicator":"no_girls_toilet"}},{"type":"Feature","geometry":{"type":"Point","coordinates":[82.9064,23.51]},"properties":{"udise":"22271607906","name":"GOVT. P.S.SEWARIPARA","state":"CHHATTISGARH","district":"SURAJPUR","block":"ODGI","indicator":"no_girls_toilet"}},{"type":"Feature","geometry":{"type":"Point","coordinates":[82.7653,23.2061]},"properties":{"udise":"22271800401","name":"GOVT. P.S. SAHUPARA","state":"CHHATTISGARH","district":"SURAJPUR","block":"RAMANUJNAGAR","indicator":"no_girls_toilet"}},{"type":"Feature","geometry":{"type":"Point","coordinates":[82.7972,23.4225]},"properties":{"udise":"22271504101","name":"GOVT. P.S. SAVARAVA","state":"CHHATTISGARH","district":"SURAJPUR","block":"BHAIYATHAN","indicator":"no_girls_toilet"}},{"type":"Feature","geometry":{"type":"Point","coordinates":[83.2272,23.5339]},"properties":{"udise":"22271710804","name":"GOVT. M.S. KODWARIPARA KHUNSHI","state":"CHHATTISGARH","district":"SURAJPUR","block":"PRATAPPUR","indicator":"no_girls_toilet"}},{"type":"Feature","geometry":{"type":"Point","coordinates":[82.8742,23.5878]},"properties":{"udise":"22271609701","name":"GOVT. P.S. LADUWAPARA","state":"CHHATTISGARH","district":"SURAJPUR","block":"ODGI","indicator":"no_girls_toilet"}},{"type":"Feature","geometry":{"type":"Point","coordinates":[82.7047,23.8828]},"properties":{"udise":"22271600803","name":"GOVT. P.S.PANDOPARA","state":"CHHATTISGARH","district":"SURAJPUR","block":"ODGI","indicator":"no_girls_toilet"}},{"type":"Feature","geometry":{"type":"Point","coordinates":[82.5875,23.0806]},"properties":{"udise":"22271906801","name":"GOVT. P.S. CHITKHAE","state":"CHHATTISGARH","district":"SURAJPUR","block":"PREMNAGAR","indicator":"no_girls_toilet"}},{"type":"Feature","geometry":{"type":"Point","coordinates":[83.1011,23.2431]},"properties":{"udise":"22271413101","name":"GOVT.  P.S. GANGAPUR","state":"CHHATTISGARH","district":"SURAJPUR","block":"SURAJPUR","indicator":"no_girls_toilet"}},{"type":"Feature","geometry":{"type":"Point","coordinates":[83.1469,23.1539]},"properties":{"udise":"22271405502","name":"GOVT. P.S.AMAPARA","state":"CHHATTISGARH","district":"SURAJPUR","block":"SURAJPUR","indicator":"no_girls_toilet"}},{"type":"Feature","geometry":{"type":"Point","coordinates":[82.8131,23.3256]},"properties":{"udise":"22271502711","name":"GOVT. M.S. DABRIPARA BANJA","state":"CHHATTISGARH","district":"SURAJPUR","block":"BHAIYATHAN","indicator":"no_girls_toilet"}},{"type":"Feature","geometry":{"type":"Point","coordinates":[82.6836,23.0478]},"properties":{"udise":"22271904001","name":"GOVT. P.S. SHANKARPARA","state":"CHHATTISGARH","district":"SURAJPUR","block":"PREMNAGAR","indicator":"no_girls_toilet"}},{"type":"Feature","geometry":{"type":"Point","coordinates":[82.6947,23.8456]},"properties":{"udise":"22271600106","name":"GOVT. M.S.G. BIHARPUR","state":"CHHATTISGARH","district":"SURAJPUR","block":"ODGI","indicator":"no_girls_toilet"}},{"type":"Feature","geometry":{"type":"Point","coordinates":[83.02,23.6447]},"properties":{"udise":"22271707606","name":"GOVT. M.S. PANDOPARA RAMKOLA","state":"CHHATTISGARH","district":"SURAJPUR","block":"PRATAPPUR","indicator":"no_girls_toilet"}},{"type":"Feature","geometry":{"type":"Point","coordinates":[82.91133,23.68928]},"properties":{"udise":"22271712002","name":"GOVT. M.S. ADCHOKA","state":"CHHATTISGARH","district":"SURAJPUR","block":"PRATAPPUR","indicator":"no_girls_toilet"}},{"type":"Feature","geometry":{"type":"Point","coordinates":[83.1969,23.6722]},"properties":{"udise":"22271706601","name":"GOVT. P.S. JAMAIPARA","state":"CHHATTISGARH","district":"SURAJPUR","block":"PRATAPPUR","indicator":"no_girls_toilet"}},{"type":"Feature","geometry":{"type":"Point","coordinates":[82.6542,23.1458]},"properties":{"udise":"22271809002","name":"GOVT. P.S. KHUTRAPARA","state":"CHHATTISGARH","district":"SURAJPUR","block":"RAMANUJNAGAR","indicator":"no_girls_toilet"}},{"type":"Feature","geometry":{"type":"Point","coordinates":[82.7653,23.2797]},"properties":{"udise":"22271507902","name":"GOVT. P.S.K. KHUTRAPARA","state":"CHHATTISGARH","district":"SURAJPUR","block":"BHAIYATHAN","indicator":"no_girls_toilet"}},{"type":"Feature","geometry":{"type":"Point","coordinates":[83.0258,23.1306]},"properties":{"udise":"22271401603","name":"GOVT. N.P.S. PARSAPARA","state":"CHHATTISGARH","district":"SURAJPUR","block":"SURAJPUR","indicator":"no_girls_toilet"}},{"type":"Feature","geometry":{"type":"Point","coordinates":[82.6717,23.0503]},"properties":{"udise":"22271904301","name":"GOVT. P.S. GHOGHRAPARA","state":"CHHATTISGARH","district":"SURAJPUR","block":"PREMNAGAR","indicator":"no_girls_toilet"}},{"type":"Feature","geometry":{"type":"Point","coordinates":[82.7628,23.205]},"properties":{"udise":"22271800504","name":"GOVT. P.S. PANDOPARA","state":"CHHATTISGARH","district":"SURAJPUR","block":"RAMANUJNAGAR","indicator":"no_girls_toilet"}},{"type":"Feature","geometry":{"type":"Point","coordinates":[82.6808,23.2081]},"properties":{"udise":"22271808801","name":"GOVT. P.S. MANJA","state":"CHHATTISGARH","district":"SURAJPUR","block":"RAMANUJNAGAR","indicator":"no_girls_toilet"}},{"type":"Feature","geometry":{"type":"Point","coordinates":[83.0136,23.3869]},"properties":{"udise":"22271504910","name":"GOVT. M.S. BANDHPARA","state":"CHHATTISGARH","district":"SURAJPUR","block":"BHAIYATHAN","indicator":"no_girls_toilet"}},{"type":"Feature","geometry":{"type":"Point","coordinates":[82.6103,23.7903]},"properties":{"udise":"22271602502","name":"GOVT. P.S. BHUNDA","state":"CHHATTISGARH","district":"SURAJPUR","block":"ODGI","indicator":"no_girls_toilet"}},{"type":"Feature","geometry":{"type":"Point","coordinates":[82.8619,23.3536]},"properties":{"udise":"22271505102","name":"GPVT. P.S. JUNAPARA","state":"CHHATTISGARH","district":"SURAJPUR","block":"BHAIYATHAN","indicator":"no_girls_toilet"}},{"type":"Feature","geometry":{"type":"Point","coordinates":[83.2858,23.4725]},"properties":{"udise":"22271701303","name":"GOVT. M.S. CHANDRELI","state":"CHHATTISGARH","district":"SURAJPUR","block":"PRATAPPUR","indicator":"no_girls_toilet"}},{"type":"Feature","geometry":{"type":"Point","coordinates":[82.7931,23.3156]},"properties":{"udise":"22271502702","name":"GOVT. P.S.B. BANJA","state":"CHHATTISGARH","district":"SURAJPUR","block":"BHAIYATHAN","indicator":"no_girls_toilet"}},{"type":"Feature","geometry":{"type":"Point","coordinates":[82.945,23.3283]},"properties":{"udise":"22271508801","name":"GOVT. P.S. NAYA KARKOLI","state":"CHHATTISGARH","district":"SURAJPUR","block":"BHAIYATHAN","indicator":"no_girls_toilet"}},{"type":"Feature","geometry":{"type":"Point","coordinates":[82.6586,23.6075]},"properties":{"udise":"22271606303","name":"GOVT. NPS BAHERATOLA","state":"CHHATTISGARH","district":"SURAJPUR","block":"ODGI","indicator":"no_girls_toilet"}},{"type":"Feature","geometry":{"type":"Point","coordinates":[83.0119,23.3597]},"properties":{"udise":"22271511301","name":"GOVT. P.S. TELGAVA","state":"CHHATTISGARH","district":"SURAJPUR","block":"BHAIYATHAN","indicator":"no_girls_toilet"}},{"type":"Feature","geometry":{"type":"Point","coordinates":[82.6836,23.8719]},"properties":{"udise":"22271600802","name":"GOVT. P.S.KHALBAHARA","state":"CHHATTISGARH","district":"SURAJPUR","block":"ODGI","indicator":"no_girls_toilet"}},{"type":"Feature","geometry":{"type":"Point","coordinates":[82.9811,23.1664]},"properties":{"udise":"22271414011","name":"GOVT. PS BARPARAJAYNAGAR","state":"CHHATTISGARH","district":"SURAJPUR","block":"SURAJPUR","indicator":"no_girls_toilet"}},{"type":"Feature","geometry":{"type":"Point","coordinates":[83.0464,23.4592]},"properties":{"udise":"22271705403","name":"GOVT. P.S. DOMANIPARA","state":"CHHATTISGARH","district":"SURAJPUR","block":"PRATAPPUR","indicator":"no_girls_toilet"}},{"type":"Feature","geometry":{"type":"Point","coordinates":[83.0778,23.2136]},"properties":{"udise":"22271413202","name":"GOVT.  P.S. MAHESHPUR","state":"CHHATTISGARH","district":"SURAJPUR","block":"SURAJPUR","indicator":"no_girls_toilet"}},{"type":"Feature","geometry":{"type":"Point","coordinates":[83.1736,23.47]},"properties":{"udise":"22271703003","name":"GOVT. P.S. KOSAMPARA","state":"CHHATTISGARH","district":"SURAJPUR","block":"PRATAPPUR","indicator":"no_girls_toilet"}},{"type":"Feature","geometry":{"type":"Point","coordinates":[82.6631,23.0139]},"properties":{"udise":"22271902901","name":"GOVT. P.S. MEDLIPARA","state":"CHHATTISGARH","district":"SURAJPUR","block":"PREMNAGAR","indicator":"no_girls_toilet"}},{"type":"Feature","geometry":{"type":"Point","coordinates":[82.8411,23.4428]},"properties":{"udise":"22271603704","name":"GOVT. M.S. MANDAR","state":"CHHATTISGARH","district":"SURAJPUR","block":"ODGI","indicator":"no_girls_toilet"}},{"type":"Feature","geometry":{"type":"Point","coordinates":[82.8347,23.3067]},"properties":{"udise":"22271406704","name":"GOVT.  P.S.BAHERAPARA","state":"CHHATTISGARH","district":"SURAJPUR","block":"SURAJPUR","indicator":"no_girls_toilet"}},{"type":"Feature","geometry":{"type":"Point","coordinates":[82.9383,23.3775]},"properties":{"udise":"22271503302","name":"GOVT. P.S. NAVAPARA TWD","state":"CHHATTISGARH","district":"SURAJPUR","block":"BHAIYATHAN","indicator":"no_girls_toilet"}},{"type":"Feature","geometry":{"type":"Point","coordinates":[82.6669,23.5947]},"properties":{"udise":"22271601401","name":"GOVT. P.S. DEVDI","state":"CHHATTISGARH","district":"SURAJPUR","block":"ODGI","indicator":"no_girls_toilet"}},{"type":"Feature","geometry":{"type":"Point","coordinates":[82.59,23.0747]},"properties":{"udise":"22271806702","name":"GOVT. M.S.GANESHPUR","state":"CHHATTISGARH","district":"SURAJPUR","block":"RAMANUJNAGAR","indicator":"no_girls_toilet"}},{"type":"Feature","geometry":{"type":"Point","coordinates":[82.7411,23.245]},"properties":{"udise":"22271807803","name":"GOVT. P.S. TEJPUR","state":"CHHATTISGARH","district":"SURAJPUR","block":"RAMANUJNAGAR","indicator":"no_girls_toilet"}},{"type":"Feature","geometry":{"type":"Point","coordinates":[82.9478,23.3272]},"properties":{"udise":"22271509901","name":"GOVT. P.S. MALGA","state":"CHHATTISGARH","district":"SURAJPUR","block":"BHAIYATHAN","indicator":"no_girls_toilet"}},{"type":"Feature","geometry":{"type":"Point","coordinates":[82.7769,23.1908]},"properties":{"udise":"22271804505","name":"GOVT. M.S. KAYLASPUR","state":"CHHATTISGARH","district":"SURAJPUR","block":"RAMANUJNAGAR","indicator":"no_girls_toilet"}},{"type":"Feature","geometry":{"type":"Point","coordinates":[82.6086,23.0911]},"properties":{"udise":"22271705909","name":"GOVT. P.S. UPARPARA","state":"CHHATTISGARH","district":"SURAJPUR","block":"PRATAPPUR","indicator":"no_girls_toilet"}},{"type":"Feature","geometry":{"type":"Point","coordinates":[82.835,23.6786]},"properties":{"udise":"22271601803","name":"GOVT. P.S.PAHADPARA","state":"CHHATTISGARH","district":"SURAJPUR","block":"ODGI","indicator":"no_girls_toilet"}},{"type":"Feature","geometry":{"type":"Point","coordinates":[82.7558,23.44]},"properties":{"udise":"22271605701","name":"GOVT. P.S. BHAVARKHOH","state":"CHHATTISGARH","district":"SURAJPUR","block":"ODGI","indicator":"no_girls_toilet"}},{"type":"Feature","geometry":{"type":"Point","coordinates":[83.0089,23.1283]},"properties":{"udise":"22271407403","name":"GOVT.  M.S.RAJAPUR","state":"CHHATTISGARH","district":"SURAJPUR","block":"SURAJPUR","indicator":"no_girls_toilet"}},{"type":"Feature","geometry":{"type":"Point","coordinates":[83.0797,23.6564]},"properties":{"udise":"22271706105","name":"GOVT. M.S. BOMGA","state":"CHHATTISGARH","district":"SURAJPUR","block":"PRATAPPUR","indicator":"no_girls_toilet"}},{"type":"Feature","geometry":{"type":"Point","coordinates":[83.01,23.1303]},"properties":{"udise":"22271407402","name":"GOVT.  P.S.  RAJAPUR","state":"CHHATTISGARH","district":"SURAJPUR","block":"SURAJPUR","indicator":"no_girls_toilet"}},{"type":"Feature","geometry":{"type":"Point","coordinates":[82.955,23.3644]},"properties":{"udise":"22271501004","name":"GOVT. M.S. ADHINAPUR","state":"CHHATTISGARH","district":"SURAJPUR","block":"BHAIYATHAN","indicator":"no_girls_toilet"}},{"type":"Feature","geometry":{"type":"Point","coordinates":[82.9847,23.4031]},"properties":{"udise":"22271607502","name":"GOVT. P.S. THAKURPARA","state":"CHHATTISGARH","district":"SURAJPUR","block":"ODGI","indicator":"no_girls_toilet"}},{"type":"Feature","geometry":{"type":"Point","coordinates":[82.8467,23.2139]},"properties":{"udise":"22271802401","name":"GOVT. P.S. JHARPARA","state":"CHHATTISGARH","district":"SURAJPUR","block":"RAMANUJNAGAR","indicator":"no_girls_toilet"}},{"type":"Feature","geometry":{"type":"Point","coordinates":[83.01,23.1275]},"properties":{"udise":"22271407404","name":"GOVT. P.S.TALAPARA","state":"CHHATTISGARH","district":"SURAJPUR","block":"SURAJPUR","indicator":"no_girls_toilet"}},{"type":"Feature","geometry":{"type":"Point","coordinates":[82.8194,23.4108]},"properties":{"udise":"22271502909","name":"GOVT. P.S.PASAL","state":"CHHATTISGARH","district":"SURAJPUR","block":"BHAIYATHAN","indicator":"no_girls_toilet"}},{"type":"Feature","geometry":{"type":"Point","coordinates":[83.1278,23.4986]},"properties":{"udise":"22271710703","name":"GOVT. MS DARHORA","state":"CHHATTISGARH","district":"SURAJPUR","block":"PRATAPPUR","indicator":"no_girls_toilet"}},{"type":"Feature","geometry":{"type":"Point","coordinates":[82.6808,23.2081]},"properties":{"udise":"22271808805","name":"GOVT. M.S. MANJA","state":"CHHATTISGARH","district":"SURAJPUR","block":"RAMANUJNAGAR","indicator":"no_girls_toilet"}},{"type":"Feature","geometry":{"type":"Point","coordinates":[82.6008,23.7961]},"properties":{"udise":"22271602401","name":"GOVT. P.S. BAIJANPAT","state":"CHHATTISGARH","district":"SURAJPUR","block":"ODGI","indicator":"no_girls_toilet"}},{"type":"Feature","geometry":{"type":"Point","coordinates":[82.7956,23.2494]},"properties":{"udise":"22271801702","name":"GOVT. M.S. KAMALPUR","state":"CHHATTISGARH","district":"SURAJPUR","block":"RAMANUJNAGAR","indicator":"no_girls_toilet"}},{"type":"Feature","geometry":{"type":"Point","coordinates":[82.7658,23.2078]},"properties":{"udise":"22271804506","name":"GOVT. M.S. PATPARIYAPARA","state":"CHHATTISGARH","district":"SURAJPUR","block":"RAMANUJNAGAR","indicator":"no_girls_toilet"}},{"type":"Feature","geometry":{"type":"Point","coordinates":[82.97,23.2744]},"properties":{"udise":"22271510303","name":"GOVT. M.S. BAROL","state":"CHHATTISGARH","district":"SURAJPUR","block":"BHAIYATHAN","indicator":"no_girls_toilet"}},{"type":"Feature","geometry":{"type":"Point","coordinates":[82.9447,23.4294]},"properties":{"udise":"22271401601","name":"GOVT. P.S. PARSAPARA","state":"CHHATTISGARH","district":"SURAJPUR","block":"SURAJPUR","indicator":"no_girls_toilet"}},{"type":"Feature","geometry":{"type":"Point","coordinates":[83.0714,23.4369]},"properties":{"udise":"22271709701","name":"GOVT. P.S. SATTIPARA","state":"CHHATTISGARH","district":"SURAJPUR","block":"PRATAPPUR","indicator":"no_girls_toilet"}},{"type":"Feature","geometry":{"type":"Point","coordinates":[83.0308,23.5361]},"properties":{"udise":"22271704404","name":"GOVT. M.S. PANDOPARA JAJAWAL","state":"CHHATTISGARH","district":"SURAJPUR","block":"PRATAPPUR","indicator":"no_girls_toilet"}},{"type":"Feature","geometry":{"type":"Point","coordinates":[82.6831,23.7886]},"properties":{"udise":"22271602003","name":"GOVT. PS PARASA","state":"CHHATTISGARH","district":"SURAJPUR","block":"ODGI","indicator":"no_girls_toilet"}},{"type":"Feature","geometry":{"type":"Point","coordinates":[82.8706,23.23]},"properties":{"udise":"22271401103","name":"GOVT. M.S. MAHGAVA","state":"CHHATTISGARH","district":"SURAJPUR","block":"SURAJPUR","indicator":"no_girls_toilet"}},{"type":"Feature","geometry":{"type":"Point","coordinates":[82.97,23.2997]},"properties":{"udise":"22271501616","name":"GOVT. P.S. PANDOPARA","state":"CHHATTISGARH","district":"SURAJPUR","block":"BHAIYATHAN","indicator":"no_girls_toilet"}},{"type":"Feature","geometry":{"type":"Point","coordinates":[83.1061,23.3689]},"properties":{"udise":"22271706501","name":"GOVT. P.S. BAGDA","state":"CHHATTISGARH","district":"SURAJPUR","block":"PRATAPPUR","indicator":"no_girls_toilet"}},{"type":"Feature","geometry":{"type":"Point","coordinates":[83.1403,23.1867]},"properties":{"udise":"22271408204","name":"GOVT.  P.S. RAVINDRANAGAR","state":"CHHATTISGARH","district":"SURAJPUR","block":"SURAJPUR","indicator":"no_girls_toilet"}},{"type":"Feature","geometry":{"type":"Point","coordinates":[82.9106,23.4378]},"properties":{"udise":"22271606703","name":"GOVT. P.S. JHADUDIH","state":"CHHATTISGARH","district":"SURAJPUR","block":"ODGI","indicator":"no_girls_toilet"}},{"type":"Feature","geometry":{"type":"Point","coordinates":[82.6758,23.0536]},"properties":{"udise":"22271904101","name":"GOVT. P.S. DBANUHARPARA","state":"CHHATTISGARH","district":"SURAJPUR","block":"PREMNAGAR","indicator":"no_girls_toilet"}},{"type":"Feature","geometry":{"type":"Point","coordinates":[83.1903,23.4831]},"properties":{"udise":"22271703001","name":"GOVT. P.S. KHORMA","state":"CHHATTISGARH","district":"SURAJPUR","block":"PRATAPPUR","indicator":"no_girls_toilet"}},{"type":"Feature","geometry":{"type":"Point","coordinates":[82.7422,23.6953]},"properties":{"udise":"22271603102","name":"GOVT. M.S.BASNARA","state":"CHHATTISGARH","district":"SURAJPUR","block":"ODGI","indicator":"no_girls_toilet"}},{"type":"Feature","geometry":{"type":"Point","coordinates":[82.7292,23.2442]},"properties":{"udise":"22271807303","name":"GOVT. M.S. LEDUVA","state":"CHHATTISGARH","district":"SURAJPUR","block":"RAMANUJNAGAR","indicator":"no_girls_toilet"}},{"type":"Feature","geometry":{"type":"Point","coordinates":[82.8875,23.0503]},"properties":{"udise":"22271908301","name":"GOVT. P.S. KHALPARA","state":"CHHATTISGARH","district":"SURAJPUR","block":"PREMNAGAR","indicator":"no_girls_toilet"}},{"type":"Feature","geometry":{"type":"Point","coordinates":[82.8608,23.1844]},"properties":{"udise":"22271410403","name":"GOVT.  M.S. DEVIPUR","state":"CHHATTISGARH","district":"SURAJPUR","block":"SURAJPUR","indicator":"no_girls_toilet"}},{"type":"Feature","geometry":{"type":"Point","coordinates":[82.6544,22.9794]},"properties":{"udise":"22271905703","name":"M.S. LAXMANPUR","state":"CHHATTISGARH","district":"SURAJPUR","block":"PREMNAGAR","indicator":"no_girls_toilet"}},{"type":"Feature","geometry":{"type":"Point","coordinates":[83.1458,23.4728]},"properties":{"udise":"22271703505","name":"GOVT. P.S. BHUEYAPARA","state":"CHHATTISGARH","district":"SURAJPUR","block":"PRATAPPUR","indicator":"no_girls_toilet"}},{"type":"Feature","geometry":{"type":"Point","coordinates":[82.7867,23.2758]},"properties":{"udise":"22271507801","name":"GOVT. P.S. SHIVPUR","state":"CHHATTISGARH","district":"SURAJPUR","block":"BHAIYATHAN","indicator":"no_girls_toilet"}},{"type":"Feature","geometry":{"type":"Point","coordinates":[82.7633,23.2078]},"properties":{"udise":"22271800507","name":"GOVT. M.S. MANJHAPARA NARAYANPUR","state":"CHHATTISGARH","district":"SURAJPUR","block":"RAMANUJNAGAR","indicator":"no_girls_toilet"}},{"type":"Feature","geometry":{"type":"Point","coordinates":[82.7386,22.9225]},"properties":{"udise":"22271900807","name":"GOVT. HIGHER SECONDARY SCHOOL CHANDANNAGAR","state":"CHHATTISGARH","district":"SURAJPUR","block":"PREMNAGAR","indicator":"no_girls_toilet"}},{"type":"Feature","geometry":{"type":"Point","coordinates":[82.745,23.2278]},"properties":{"udise":"22271807401","name":"GOVT. P.S. GOVINDPUR","state":"CHHATTISGARH","district":"SURAJPUR","block":"RAMANUJNAGAR","indicator":"no_girls_toilet"}},{"type":"Feature","geometry":{"type":"Point","coordinates":[82.8028,23.2311]},"properties":{"udise":"22271801103","name":"GOVT. P.S. JHALARPARA","state":"CHHATTISGARH","district":"SURAJPUR","block":"RAMANUJNAGAR","indicator":"no_girls_toilet"}},{"type":"Feature","geometry":{"type":"Point","coordinates":[82.7264,23.7436]},"properties":{"udise":"22271602904","name":"GOVT. M.S.KACHHIYA","state":"CHHATTISGARH","district":"SURAJPUR","block":"ODGI","indicator":"no_girls_toilet"}},{"type":"Feature","geometry":{"type":"Point","coordinates":[82.9164,23.52]},"properties":{"udise":"22271607903","name":"GOVT. MS LANJIT","state":"CHHATTISGARH","district":"SURAJPUR","block":"ODGI","indicator":"no_girls_toilet"}},{"type":"Feature","geometry":{"type":"Point","coordinates":[82.9439,23.1853]},"properties":{"udise":"22271402202","name":"GOVT. M.S.KESHAVNAGAR","state":"CHHATTISGARH","district":"SURAJPUR","block":"SURAJPUR","indicator":"no_girls_toilet"}},{"type":"Feature","geometry":{"type":"Point","coordinates":[83.1294,23.2294]},"properties":{"udise":"22271415401","name":"GOVT.  P.S. MAJIRA","state":"CHHATTISGARH","district":"SURAJPUR","block":"SURAJPUR","indicator":"no_girls_toilet"}},{"type":"Feature","geometry":{"type":"Point","coordinates":[82.9644,23.1861]},"properties":{"udise":"22271401720","name":"SWAMI AATMANAND GOVT HINDI MEDIUM SCHOOL VISHRAMPUR","state":"CHHATTISGARH","district":"SURAJPUR","block":"SURAJPUR","indicator":"no_girls_toilet"}},{"type":"Feature","geometry":{"type":"Point","coordinates":[82.8819,23.1797]},"properties":{"udise":"22271400904","name":"GOVT. P.S. SATTIPARA","state":"CHHATTISGARH","district":"SURAJPUR","block":"SURAJPUR","indicator":"no_girls_toilet"}},{"type":"Feature","geometry":{"type":"Point","coordinates":[82.8169,23.2825]},"properties":{"udise":"22271501707","name":"GOVTP.S. SAHUPARA","state":"CHHATTISGARH","district":"SURAJPUR","block":"BHAIYATHAN","indicator":"no_girls_toilet"}},{"type":"Feature","geometry":{"type":"Point","coordinates":[82.9003,23.1747]},"properties":{"udise":"22271400602","name":"GOVT. P.S.  BELTIKRI","state":"CHHATTISGARH","district":"SURAJPUR","block":"SURAJPUR","indicator":"no_girls_toilet"}},{"type":"Feature","geometry":{"type":"Point","coordinates":[82.73,23.2442]},"properties":{"udise":"22271807302","name":"GOVT. P.S. SAHUPARA","state":"CHHATTISGARH","district":"SURAJPUR","block":"RAMANUJNAGAR","indicator":"no_girls_toilet"}},{"type":"Feature","geometry":{"type":"Point","coordinates":[83.1103,23.315]},"properties":{"udise":"22271713003","name":"GOVT. PS DABRIPARAMAYAPUR2","state":"CHHATTISGARH","district":"SURAJPUR","block":"PRATAPPUR","indicator":"no_girls_toilet"}},{"type":"Feature","geometry":{"type":"Point","coordinates":[82.8086,23.155]},"properties":{"udise":"22271802702","name":"GOVT. P.S.  PATNA","state":"CHHATTISGARH","district":"SURAJPUR","block":"RAMANUJNAGAR","indicator":"no_girls_toilet"}},{"type":"Feature","geometry":{"type":"Point","coordinates":[82.8614,23.1878]},"properties":{"udise":"22271410301","name":"GOVT.  P.S. KAVARPARA","state":"CHHATTISGARH","district":"SURAJPUR","block":"SURAJPUR","indicator":"no_girls_toilet"}},{"type":"Feature","geometry":{"type":"Point","coordinates":[82.6103,23.7903]},"properties":{"udise":"22271602503","name":"GOVT. M.S. BHUNDA","state":"CHHATTISGARH","district":"SURAJPUR","block":"ODGI","indicator":"no_girls_toilet"}},{"type":"Feature","geometry":{"type":"Point","coordinates":[82.6558,22.9808]},"properties":{"udise":"22271906401","name":"GOVT. P.S. PANDOPARA","state":"CHHATTISGARH","district":"SURAJPUR","block":"PREMNAGAR","indicator":"no_girls_toilet"}},{"type":"Feature","geometry":{"type":"Point","coordinates":[82.9903,23.1822]},"properties":{"udise":"22271414009","name":"GOVT. HIGHER SECONDARY SCHOOL JAINAGAR","state":"CHHATTISGARH","district":"SURAJPUR","block":"SURAJPUR","indicator":"no_girls_toilet"}},{"type":"Feature","geometry":{"type":"Point","coordinates":[82.84686,23.38929]},"properties":{"udise":"22271503010","name":"GOVT. GIRLS HIGH SCHOOL DARIPARA","state":"CHHATTISGARH","district":"SURAJPUR","block":"BHAIYATHAN","indicator":"no_girls_toilet"}},{"type":"Feature","geometry":{"type":"Point","coordinates":[82.9028,23.0694]},"properties":{"udise":"22271907606","name":"GOVT. P.S. LOHARPARA","state":"CHHATTISGARH","district":"SURAJPUR","block":"PREMNAGAR","indicator":"no_girls_toilet"}},{"type":"Feature","geometry":{"type":"Point","coordinates":[82.9875,23.2617]},"properties":{"udise":"22271512101","name":"GOVT. P.S.PIPARPARA","state":"CHHATTISGARH","district":"SURAJPUR","block":"BHAIYATHAN","indicator":"no_girls_toilet"}},{"type":"Feature","geometry":{"type":"Point","coordinates":[82.9314,23.2728]},"properties":{"udise":"22271401410","name":"GOVT. M.S. RAILWAY COLONY","state":"CHHATTISGARH","district":"SURAJPUR","block":"SURAJPUR","indicator":"no_girls_toilet"}},{"type":"Feature","geometry":{"type":"Point","coordinates":[83.1825,23.3847]},"properties":{"udise":"22271700502","name":"GOVT. M.S. GHUTRAPARA","state":"CHHATTISGARH","district":"SURAJPUR","block":"PRATAPPUR","indicator":"no_girls_toilet"}},{"type":"Feature","geometry":{"type":"Point","coordinates":[82.6583,23.1369]},"properties":{"udise":"22271809009","name":"GOVT. P.S. PANDPOARA","state":"CHHATTISGARH","district":"SURAJPUR","block":"RAMANUJNAGAR","indicator":"no_girls_toilet"}},{"type":"Feature","geometry":{"type":"Point","coordinates":[82.94677,23.32577]},"properties":{"udise":"22271503408","name":"GOVT.HIGH SCHOOL KASKELA","state":"CHHATTISGARH","district":"SURAJPUR","block":"BHAIYATHAN","indicator":"no_girls_toilet"}},{"type":"Feature","geometry":{"type":"Point","coordinates":[82.8542,23.49]},"properties":{"udise":"22271706205","name":"GOVT. MS KORANDHA","state":"CHHATTISGARH","district":"SURAJPUR","block":"PRATAPPUR","indicator":"no_girls_toilet"}},{"type":"Feature","geometry":{"type":"Point","coordinates":[82.7586,22.9864]},"properties":{"udise":"22271902101","name":"GOVT. P.S. DUMARPALI","state":"CHHATTISGARH","district":"SURAJPUR","block":"PREMNAGAR","indicator":"no_girls_toilet"}},{"type":"Feature","geometry":{"type":"Point","coordinates":[83.0217,23.6439]},"properties":{"udise":"22271707608","name":"GOVT. HIGHER SECONDARY  SCHOOL RAMKOLA","state":"CHHATTISGARH","district":"SURAJPUR","block":"PRATAPPUR","indicator":"no_girls_toilet"}},{"type":"Feature","geometry":{"type":"Point","coordinates":[82.7408,23.8678]},"properties":{"udise":"22271601003","name":"GOVT. POKHRATOLA","state":"CHHATTISGARH","district":"SURAJPUR","block":"ODGI","indicator":"no_girls_toilet"}},{"type":"Feature","geometry":{"type":"Point","coordinates":[82.7606,23.2047]},"properties":{"udise":"22271800303","name":"GOVT. P.S. NARMADAPARA","state":"CHHATTISGARH","district":"SURAJPUR","block":"RAMANUJNAGAR","indicator":"no_girls_toilet"}},{"type":"Feature","geometry":{"type":"Point","coordinates":[83.0514,23.4556]},"properties":{"udise":"22271705404","name":"GOVT. M.S. MATIGADA","state":"CHHATTISGARH","district":"SURAJPUR","block":"PRATAPPUR","indicator":"no_girls_toilet"}},{"type":"Feature","geometry":{"type":"Point","coordinates":[82.6711,23.0119]},"properties":{"udise":"22271904401","name":"GOVT. P.S. FULKONA","state":"CHHATTISGARH","district":"SURAJPUR","block":"PREMNAGAR","indicator":"no_girls_toilet"}},{"type":"Feature","geometry":{"type":"Point","coordinates":[82.8433,23.3753]},"properties":{"udise":"22271504001","name":"GOVT. P.S. KARKOTI","state":"CHHATTISGARH","district":"SURAJPUR","block":"BHAIYATHAN","indicator":"no_girls_toilet"}},{"type":"Feature","geometry":{"type":"Point","coordinates":[82.9811,23.4531]},"properties":{"udise":"22271607206","name":"GOVT.HIGH SCHOOL RAISARA","state":"CHHATTISGARH","district":"SURAJPUR","block":"ODGI","indicator":"no_girls_toilet"}},{"type":"Feature","geometry":{"type":"Point","coordinates":[82.7294,23.2442]},"properties":{"udise":"22271807301","name":"GOVT. P.S. LEDUVA","state":"CHHATTISGARH","district":"SURAJPUR","block":"RAMANUJNAGAR","indicator":"no_girls_toilet"}},{"type":"Feature","geometry":{"type":"Point","coordinates":[82.6103,23.7328]},"properties":{"udise":"22271806505","name":"GOVT. P.S. DHUMMADAND","state":"CHHATTISGARH","district":"SURAJPUR","block":"RAMANUJNAGAR","indicator":"girls_toilet_nonfunctional"}},{"type":"Feature","geometry":{"type":"Point","coordinates":[82.8283,23.2553]},"properties":{"udise":"22271801403","name":"GOVT. P.S. SUTIYAPARA","state":"CHHATTISGARH","district":"SURAJPUR","block":"RAMANUJNAGAR","indicator":"girls_toilet_nonfunctional"}},{"type":"Feature","geometry":{"type":"Point","coordinates":[83.0737,23.6385]},"properties":{"udise":"22271706008","name":"GOVT. HIGH SCHOOL BADWAR","state":"CHHATTISGARH","district":"SURAJPUR","block":"PRATAPPUR","indicator":"girls_toilet_nonfunctional"}},{"type":"Feature","geometry":{"type":"Point","coordinates":[82.6636,23.8439]},"properties":{"udise":"22271600706","name":"GOVT. M.S.AVANTIKAPUR","state":"CHHATTISGARH","district":"SURAJPUR","block":"ODGI","indicator":"girls_toilet_nonfunctional"}},{"type":"Feature","geometry":{"type":"Point","coordinates":[83.165,23.2794]},"properties":{"udise":"22271401803","name":"GOVT. P.S.DANDPARA","state":"CHHATTISGARH","district":"SURAJPUR","block":"SURAJPUR","indicator":"girls_toilet_nonfunctional"}},{"type":"Feature","geometry":{"type":"Point","coordinates":[82.6744,23.7728]},"properties":{"udise":"22271602004","name":"GOVT. P.S.JUDWANIYA","state":"CHHATTISGARH","district":"SURAJPUR","block":"ODGI","indicator":"girls_toilet_nonfunctional"}},{"type":"Feature","geometry":{"type":"Point","coordinates":[82.8108,23.7361]},"properties":{"udise":"22271609002","name":"GOVT. P.S.JAMWARIPARA","state":"CHHATTISGARH","district":"SURAJPUR","block":"ODGI","indicator":"girls_toilet_nonfunctional"}},{"type":"Feature","geometry":{"type":"Point","coordinates":[83.14,23.1183]},"properties":{"udise":"22271802901","name":"GOVT. P.S. AAMGAON","state":"CHHATTISGARH","district":"SURAJPUR","block":"RAMANUJNAGAR","indicator":"girls_toilet_nonfunctional"}},{"type":"Feature","geometry":{"type":"Point","coordinates":[82.7658,23.3439]},"properties":{"udise":"22271501502","name":"M.S.BADSARA","state":"CHHATTISGARH","district":"SURAJPUR","block":"BHAIYATHAN","indicator":"girls_toilet_nonfunctional"}},{"type":"Feature","geometry":{"type":"Point","coordinates":[83.1178,23.6442]},"properties":{"udise":"22271705902","name":"GOVT. P.S.  DHUMADAND","state":"CHHATTISGARH","district":"SURAJPUR","block":"PRATAPPUR","indicator":"girls_toilet_nonfunctional"}},{"type":"Feature","geometry":{"type":"Point","coordinates":[83.0831,23.2364]},"properties":{"udise":"22271411001","name":"GOVT.  P.S. GAJADHARPUR","state":"CHHATTISGARH","district":"SURAJPUR","block":"SURAJPUR","indicator":"girls_toilet_nonfunctional"}},{"type":"Feature","geometry":{"type":"Point","coordinates":[82.7575,22.9889]},"properties":{"udise":"22271901805","name":"GOVT. P.S. NANJHARIYA","state":"CHHATTISGARH","district":"SURAJPUR","block":"PREMNAGAR","indicator":"girls_toilet_nonfunctional"}},{"type":"Feature","geometry":{"type":"Point","coordinates":[83.1625,23.2481]},"properties":{"udise":"22271401902","name":"GOVT. M.S. SITKAPARA","state":"CHHATTISGARH","district":"SURAJPUR","block":"SURAJPUR","indicator":"girls_toilet_nonfunctional"}},{"type":"Feature","geometry":{"type":"Point","coordinates":[83.0683,23.5683]},"properties":{"udise":"22271712605","name":"GOVT. M.S. BASBHUTTA","state":"CHHATTISGARH","district":"SURAJPUR","block":"PRATAPPUR","indicator":"girls_toilet_nonfunctional"}},{"type":"Feature","geometry":{"type":"Point","coordinates":[82.8083,23.2056]},"properties":{"udise":"22271802803","name":"M.S.KOT","state":"CHHATTISGARH","district":"SURAJPUR","block":"RAMANUJNAGAR","indicator":"girls_toilet_nonfunctional"}},{"type":"Feature","geometry":{"type":"Point","coordinates":[82.7628,23.2258]},"properties":{"udise":"22271804101","name":"GOVT. P.S. URAVPARA","state":"CHHATTISGARH","district":"SURAJPUR","block":"RAMANUJNAGAR","indicator":"girls_toilet_nonfunctional"}},{"type":"Feature","geometry":{"type":"Point","coordinates":[82.6606,23.8461]},"properties":{"udise":"22271600703","name":"GOVT. P.S.BHOARADAND","state":"CHHATTISGARH","district":"SURAJPUR","block":"ODGI","indicator":"girls_toilet_nonfunctional"}},{"type":"Feature","geometry":{"type":"Point","coordinates":[83.0656,23.2806]},"properties":{"udise":"22271709505","name":"GOVT. MATA RAJMOHINI DEVI P.S. SHYAMNAGAR","state":"CHHATTISGARH","district":"SURAJPUR","block":"PRATAPPUR","indicator":"girls_toilet_nonfunctional"}},{"type":"Feature","geometry":{"type":"Point","coordinates":[82.8264,23.7486]},"properties":{"udise":"22271608802","name":"GOVT. MS KHOD","state":"CHHATTISGARH","district":"SURAJPUR","block":"ODGI","indicator":"girls_toilet_nonfunctional"}},{"type":"Feature","geometry":{"type":"Point","coordinates":[82.9514,23.5239]},"properties":{"udise":"22271411504","name":"GOVT.  M.S.KARVA","state":"CHHATTISGARH","district":"SURAJPUR","block":"SURAJPUR","indicator":"girls_toilet_nonfunctional"}},{"type":"Feature","geometry":{"type":"Point","coordinates":[82.9075,23.1978]},"properties":{"udise":"22271403401","name":"GOVT. P.S. PACHIRA","state":"CHHATTISGARH","district":"SURAJPUR","block":"SURAJPUR","indicator":"girls_toilet_nonfunctional"}},{"type":"Feature","geometry":{"type":"Point","coordinates":[82.9933,23.2589]},"properties":{"udise":"22271511201","name":"GOVT. P.S. SALEHAPARA","state":"CHHATTISGARH","district":"SURAJPUR","block":"BHAIYATHAN","indicator":"girls_toilet_nonfunctional"}},{"type":"Feature","geometry":{"type":"Point","coordinates":[83.0386,23.3681]},"properties":{"udise":"22271703608","name":"GOVT. N.P.S. BAIRPARA","state":"CHHATTISGARH","district":"SURAJPUR","block":"PRATAPPUR","indicator":"girls_toilet_nonfunctional"}},{"type":"Feature","geometry":{"type":"Point","coordinates":[83.1858,23.3828]},"properties":{"udise":"22271700801","name":"GOVT. P.S. MADANNAGAR","state":"CHHATTISGARH","district":"SURAJPUR","block":"PRATAPPUR","indicator":"girls_toilet_nonfunctional"}},{"type":"Feature","geometry":{"type":"Point","coordinates":[82.9275,23.1728]},"properties":{"udise":"22271407205","name":"GOVT.  M.S.KURUWAN","state":"CHHATTISGARH","district":"SURAJPUR","block":"SURAJPUR","indicator":"girls_toilet_nonfunctional"}},{"type":"Feature","geometry":{"type":"Point","coordinates":[82.6589,22.9014]},"properties":{"udise":"22271907302","name":"GOVT. P.S. SAKHEN MAR","state":"CHHATTISGARH","district":"SURAJPUR","block":"PREMNAGAR","indicator":"girls_toilet_nonfunctional"}},{"type":"Feature","geometry":{"type":"Point","coordinates":[82.6194,23.05]},"properties":{"udise":"22271902401","name":"GOVT. P.S. JORAGHOGHRA","state":"CHHATTISGARH","district":"SURAJPUR","block":"PREMNAGAR","indicator":"girls_toilet_nonfunctional"}},{"type":"Feature","geometry":{"type":"Point","coordinates":[82.6267,23.0756]},"properties":{"udise":"22271703601","name":"GOVT. P.S. JARHI","state":"CHHATTISGARH","district":"SURAJPUR","block":"PRATAPPUR","indicator":"girls_toilet_nonfunctional"}},{"type":"Feature","geometry":{"type":"Point","coordinates":[82.7767,23.3681]},"properties":{"udise":"22271501503","name":"GOVT. P.S.DALABAHARA","state":"CHHATTISGARH","district":"SURAJPUR","block":"BHAIYATHAN","indicator":"girls_toilet_nonfunctional"}},{"type":"Feature","geometry":{"type":"Point","coordinates":[82.9025,23.4111]},"properties":{"udise":"22271505202","name":"GOVT. P.S.JUNAPARA","state":"CHHATTISGARH","district":"SURAJPUR","block":"BHAIYATHAN","indicator":"girls_toilet_nonfunctional"}},{"type":"Feature","geometry":{"type":"Point","coordinates":[82.8583,23.2889]},"properties":{"udise":"22271406601","name":"GOVT.  P.S. HARRAPARA","state":"CHHATTISGARH","district":"SURAJPUR","block":"SURAJPUR","indicator":"girls_toilet_nonfunctional"}},{"type":"Feature","geometry":{"type":"Point","coordinates":[83.0483,23.1272]},"properties":{"udise":"22271416003","name":"GOVT.  M.S. KARTAMA","state":"CHHATTISGARH","district":"SURAJPUR","block":"SURAJPUR","indicator":"girls_toilet_nonfunctional"}},{"type":"Feature","geometry":{"type":"Point","coordinates":[82.7597,23.2206]},"properties":{"udise":"22271804107","name":"GOVT. P.S. KOKDIPARA","state":"CHHATTISGARH","district":"SURAJPUR","block":"RAMANUJNAGAR","indicator":"girls_toilet_nonfunctional"}},{"type":"Feature","geometry":{"type":"Point","coordinates":[83.1331,23.4714]},"properties":{"udise":"22271703502","name":"GOVT. P.S.  SARHARI","state":"CHHATTISGARH","district":"SURAJPUR","block":"PRATAPPUR","indicator":"girls_toilet_nonfunctional"}},{"type":"Feature","geometry":{"type":"Point","coordinates":[83.1794,23.2683]},"properties":{"udise":"22271402801","name":"GOVT. P.S. CHHATTARPUR","state":"CHHATTISGARH","district":"SURAJPUR","block":"SURAJPUR","indicator":"girls_toilet_nonfunctional"}},{"type":"Feature","geometry":{"type":"Point","coordinates":[83.1956,23.3033]},"properties":{"udise":"22271701504","name":"GOVT. P.S. JHINGAPARA","state":"CHHATTISGARH","district":"SURAJPUR","block":"PRATAPPUR","indicator":"girls_toilet_nonfunctional"}},{"type":"Feature","geometry":{"type":"Point","coordinates":[83.0786,23.6639]},"properties":{"udise":"22271706104","name":"GOVT. P.S. NAVAPARA BONGA","state":"CHHATTISGARH","district":"SURAJPUR","block":"PRATAPPUR","indicator":"girls_toilet_nonfunctional"}},{"type":"Feature","geometry":{"type":"Point","coordinates":[82.6639,23.1739]},"properties":{"udise":"22271809004","name":"GOVT. P.S. CHORKIPANI","state":"CHHATTISGARH","district":"SURAJPUR","block":"RAMANUJNAGAR","indicator":"girls_toilet_nonfunctional"}},{"type":"Feature","geometry":{"type":"Point","coordinates":[83.1153,23.2397]},"properties":{"udise":"22271402002","name":"GOVT. M.S.BRIJNAGAR","state":"CHHATTISGARH","district":"SURAJPUR","block":"SURAJPUR","indicator":"girls_toilet_nonfunctional"}},{"type":"Feature","geometry":{"type":"Point","coordinates":[83.0486,23.1272]},"properties":{"udise":"22271416002","name":"GOVT.  P.S. BARPARA","state":"CHHATTISGARH","district":"SURAJPUR","block":"SURAJPUR","indicator":"girls_toilet_nonfunctional"}},{"type":"Feature","geometry":{"type":"Point","coordinates":[82.8617,23.3572]},"properties":{"udise":"22271503901","name":"GOVT. P.S. SARNAPARA (SIRSI)","state":"CHHATTISGARH","district":"SURAJPUR","block":"BHAIYATHAN","indicator":"girls_toilet_nonfunctional"}},{"type":"Feature","geometry":{"type":"Point","coordinates":[83.2097,23.5239]},"properties":{"udise":"22271711104","name":"GOVT. M.S. KODAKUPARA PAHIYA","state":"CHHATTISGARH","district":"SURAJPUR","block":"PRATAPPUR","indicator":"girls_toilet_nonfunctional"}},{"type":"Feature","geometry":{"type":"Point","coordinates":[83.0647,23.1761]},"properties":{"udise":"22271403301","name":"GOVT. P.S. KAMALPUR CAMP","state":"CHHATTISGARH","district":"SURAJPUR","block":"SURAJPUR","indicator":"girls_toilet_nonfunctional"}},{"type":"Feature","geometry":{"type":"Point","coordinates":[82.73317,23.85262]},"properties":{"udise":"22271601008","name":"GOVT. HIGH SCHOOL THARPATHAR","state":"CHHATTISGARH","district":"SURAJPUR","block":"ODGI","indicator":"girls_toilet_nonfunctional"}},{"type":"Feature","geometry":{"type":"Point","coordinates":[82.6906,23.4322]},"properties":{"udise":"22271511105","name":"GOVT. P.S. SUPAMADA","state":"CHHATTISGARH","district":"SURAJPUR","block":"BHAIYATHAN","indicator":"girls_toilet_nonfunctional"}},{"type":"Feature","geometry":{"type":"Point","coordinates":[83.1061,23.3789]},"properties":{"udise":"22271706504","name":"GOVT. P.S. PALDIHAPARA","state":"CHHATTISGARH","district":"SURAJPUR","block":"PRATAPPUR","indicator":"girls_toilet_nonfunctional"}},{"type":"Feature","geometry":{"type":"Point","coordinates":[82.7831,23.0381]},"properties":{"udise":"22271908901","name":"GOVT. P.S. SARASWATIPUR","state":"CHHATTISGARH","district":"SURAJPUR","block":"PREMNAGAR","indicator":"girls_toilet_nonfunctional"}},{"type":"Feature","geometry":{"type":"Point","coordinates":[82.9486,23.1536]},"properties":{"udise":"22271401503","name":"GOVT. P.S. GONDPARA DEDARI","state":"CHHATTISGARH","district":"SURAJPUR","block":"SURAJPUR","indicator":"girls_toilet_nonfunctional"}},{"type":"Feature","geometry":{"type":"Point","coordinates":[82.9731,23.2578]},"properties":{"udise":"22271404205","name":"M.S. DATIMA","state":"CHHATTISGARH","district":"SURAJPUR","block":"SURAJPUR","indicator":"girls_toilet_nonfunctional"}},{"type":"Feature","geometry":{"type":"Point","coordinates":[82.5844,23.0711]},"properties":{"udise":"22271707702","name":"GOVT.MS MANI","state":"CHHATTISGARH","district":"SURAJPUR","block":"PRATAPPUR","indicator":"girls_toilet_nonfunctional"}},{"type":"Feature","geometry":{"type":"Point","coordinates":[83.0164,23.3908]},"properties":{"udise":"22271508702","name":"GOVT. M.S.PODI","state":"CHHATTISGARH","district":"SURAJPUR","block":"BHAIYATHAN","indicator":"girls_toilet_nonfunctional"}},{"type":"Feature","geometry":{"type":"Point","coordinates":[83.0164,23.3908]},"properties":{"udise":"22271508701","name":"GOVT. P.S. PODI","state":"CHHATTISGARH","district":"SURAJPUR","block":"BHAIYATHAN","indicator":"girls_toilet_nonfunctional"}},{"type":"Feature","geometry":{"type":"Point","coordinates":[82.7631,23.7056]},"properties":{"udise":"22271804702","name":"GOVT. M.S. CHHATAPARA SURTA","state":"CHHATTISGARH","district":"SURAJPUR","block":"RAMANUJNAGAR","indicator":"girls_toilet_nonfunctional"}},{"type":"Feature","geometry":{"type":"Point","coordinates":[82.9681,23.2486]},"properties":{"udise":"22271413505","name":"GOVT.  P.S. LINEPARA","state":"CHHATTISGARH","district":"SURAJPUR","block":"SURAJPUR","indicator":"girls_toilet_nonfunctional"}},{"type":"Feature","geometry":{"type":"Point","coordinates":[83.2419,23.3911]},"properties":{"udise":"22271710408","name":"PVT. GYAN JYOTI BAL VIDHYA SEVA SAMITIKARSI","state":"CHHATTISGARH","district":"SURAJPUR","block":"PRATAPPUR","indicator":"girls_toilet_nonfunctional"}},{"type":"Feature","geometry":{"type":"Point","coordinates":[82.7017,23.7197]},"properties":{"udise":"22271602802","name":"GOVT. MS MOHARSOAP","state":"CHHATTISGARH","district":"SURAJPUR","block":"ODGI","indicator":"girls_toilet_nonfunctional"}},{"type":"Feature","geometry":{"type":"Point","coordinates":[82.7653,23.7575]},"properties":{"udise":"22271805303","name":"GOVT. M.S.SURTA","state":"CHHATTISGARH","district":"SURAJPUR","block":"RAMANUJNAGAR","indicator":"girls_toilet_nonfunctional"}},{"type":"Feature","geometry":{"type":"Point","coordinates":[82.9444,23.3475]},"properties":{"udise":"22271507201","name":"GOVT. P.S. JUNA KARKOLI","state":"CHHATTISGARH","district":"SURAJPUR","block":"BHAIYATHAN","indicator":"girls_toilet_nonfunctional"}},{"type":"Feature","geometry":{"type":"Point","coordinates":[82.6686,23.0036]},"properties":{"udise":"22271905601","name":"GOVT. P.S. VIJHVARIDAND","state":"CHHATTISGARH","district":"SURAJPUR","block":"PREMNAGAR","indicator":"girls_toilet_nonfunctional"}},{"type":"Feature","geometry":{"type":"Point","coordinates":[82.7494,23.2267]},"properties":{"udise":"22271807404","name":"GOVT. M.S. GOVINDPUR","state":"CHHATTISGARH","district":"SURAJPUR","block":"RAMANUJNAGAR","indicator":"girls_toilet_nonfunctional"}},{"type":"Feature","geometry":{"type":"Point","coordinates":[82.8117,23.375]},"properties":{"udise":"22271506303","name":"M.S.KEVRA TWD","state":"CHHATTISGARH","district":"SURAJPUR","block":"BHAIYATHAN","indicator":"girls_toilet_nonfunctional"}},{"type":"Feature","geometry":{"type":"Point","coordinates":[82.7425,23.2428]},"properties":{"udise":"22271807601","name":"GOVT. P.S.K. BIDIYAPARA","state":"CHHATTISGARH","district":"SURAJPUR","block":"RAMANUJNAGAR","indicator":"girls_toilet_nonfunctional"}},{"type":"Feature","geometry":{"type":"Point","coordinates":[82.7408,23.2433]},"properties":{"udise":"22271807802","name":"GOVT. P.S. MAJHAPARA","state":"CHHATTISGARH","district":"SURAJPUR","block":"RAMANUJNAGAR","indicator":"girls_toilet_nonfunctional"}},{"type":"Feature","geometry":{"type":"Point","coordinates":[82.9731,23.3992]},"properties":{"udise":"22271607106","name":"GOVT. P.S.BUNDIYAPARA","state":"CHHATTISGARH","district":"SURAJPUR","block":"ODGI","indicator":"girls_toilet_nonfunctional"}},{"type":"Feature","geometry":{"type":"Point","coordinates":[83.1369,23.1458]},"properties":{"udise":"22271405501","name":"GOVT. P.S.MAHAVIRPUR","state":"CHHATTISGARH","district":"SURAJPUR","block":"SURAJPUR","indicator":"girls_toilet_nonfunctional"}},{"type":"Feature","geometry":{"type":"Point","coordinates":[82.7783,23.3792]},"properties":{"udise":"22271506306","name":"GOVT. P.S. KHADPARA","state":"CHHATTISGARH","district":"SURAJPUR","block":"BHAIYATHAN","indicator":"girls_toilet_nonfunctional"}},{"type":"Feature","geometry":{"type":"Point","coordinates":[82.9392,23.275]},"properties":{"udise":"22271413603","name":"GOVT.  P.S.DHOBIPARA","state":"CHHATTISGARH","district":"SURAJPUR","block":"SURAJPUR","indicator":"girls_toilet_nonfunctional"}},{"type":"Feature","geometry":{"type":"Point","coordinates":[82.905,23.3844]},"properties":{"udise":"22271507307","name":"GOVT. P.S.JABARPARA","state":"CHHATTISGARH","district":"SURAJPUR","block":"BHAIYATHAN","indicator":"girls_toilet_nonfunctional"}},{"type":"Feature","geometry":{"type":"Point","coordinates":[82.5881,23.0794]},"properties":{"udise":"22271404804","name":"GOVT.  N.P.S MAHADEVPARA","state":"CHHATTISGARH","district":"SURAJPUR","block":"SURAJPUR","indicator":"girls_toilet_nonfunctional"}},{"type":"Feature","geometry":{"type":"Point","coordinates":[83.1625,23.2492]},"properties":{"udise":"22271409003","name":"GOVT.  P.S SITKAPARA","state":"CHHATTISGARH","district":"SURAJPUR","block":"SURAJPUR","indicator":"girls_toilet_nonfunctional"}},{"type":"Feature","geometry":{"type":"Point","coordinates":[83.0125,23.2642]},"properties":{"udise":"22271509812","name":"GOVT. P.S. BUNDELIPARA","state":"CHHATTISGARH","district":"SURAJPUR","block":"BHAIYATHAN","indicator":"girls_toilet_nonfunctional"}},{"type":"Feature","geometry":{"type":"Point","coordinates":[82.7503,23.8092]},"properties":{"udise":"22271601501","name":"GOVT. P.S. PASAL","state":"CHHATTISGARH","district":"SURAJPUR","block":"ODGI","indicator":"girls_toilet_nonfunctional"}},{"type":"Feature","geometry":{"type":"Point","coordinates":[82.8564,23.4108]},"properties":{"udise":"22271509002","name":"GOVT. M.S. JHILMILI","state":"CHHATTISGARH","district":"SURAJPUR","block":"BHAIYATHAN","indicator":"girls_toilet_nonfunctional"}},{"type":"Feature","geometry":{"type":"Point","coordinates":[82.8664,23.3028]},"properties":{"udise":"22271406703","name":"GOVT.  M.S.BASDAI","state":"CHHATTISGARH","district":"SURAJPUR","block":"SURAJPUR","indicator":"girls_toilet_nonfunctional"}},{"type":"Feature","geometry":{"type":"Point","coordinates":[83.0922,23.2661]},"properties":{"udise":"22271414803","name":"GOVT.  P.S. SADAKPARA","state":"CHHATTISGARH","district":"SURAJPUR","block":"SURAJPUR","indicator":"girls_toilet_nonfunctional"}},{"type":"Feature","geometry":{"type":"Point","coordinates":[82.9372,23.2725]},"properties":{"udise":"22271401402","name":"GOVT. P.S. KARANJI","state":"CHHATTISGARH","district":"SURAJPUR","block":"SURAJPUR","indicator":"girls_toilet_nonfunctional"}},{"type":"Feature","geometry":{"type":"Point","coordinates":[82.6694,23.0108]},"properties":{"udise":"22271904903","name":"GOVT. P.S. KARNA MUDA","state":"CHHATTISGARH","district":"SURAJPUR","block":"PREMNAGAR","indicator":"girls_toilet_nonfunctional"}},{"type":"Feature","geometry":{"type":"Point","coordinates":[83.1408,23.1189]},"properties":{"udise":"22271802903","name":"GOVT. P.S. URAWPARA","state":"CHHATTISGARH","district":"SURAJPUR","block":"RAMANUJNAGAR","indicator":"girls_toilet_nonfunctional"}},{"type":"Feature","geometry":{"type":"Point","coordinates":[82.9733,23.2219]},"properties":{"udise":"22271412704","name":"GOVT.  P.S. GANGIKOTKHAS","state":"CHHATTISGARH","district":"SURAJPUR","block":"SURAJPUR","indicator":"girls_toilet_nonfunctional"}},{"type":"Feature","geometry":{"type":"Point","coordinates":[83.0958,23.2106]},"properties":{"udise":"22271405903","name":"GOVT.  P.S. AMAPARA","state":"CHHATTISGARH","district":"SURAJPUR","block":"SURAJPUR","indicator":"girls_toilet_nonfunctional"}},{"type":"Feature","geometry":{"type":"Point","coordinates":[82.9411,23.3547]},"properties":{"udise":"22271505901","name":"GOVT. P.S. MANPUR","state":"CHHATTISGARH","district":"SURAJPUR","block":"BHAIYATHAN","indicator":"girls_toilet_nonfunctional"}},{"type":"Feature","geometry":{"type":"Point","coordinates":[83.1378,23.2586]},"properties":{"udise":"22271409002","name":"GOVT.  G.P.S. JUNADHODHI","state":"CHHATTISGARH","district":"SURAJPUR","block":"SURAJPUR","indicator":"girls_toilet_nonfunctional"}},{"type":"Feature","geometry":{"type":"Point","coordinates":[83.0942,23.3917]},"properties":{"udise":"22271712505","name":"GOVT. M.S. PALDA","state":"CHHATTISGARH","district":"SURAJPUR","block":"PRATAPPUR","indicator":"girls_toilet_nonfunctional"}},{"type":"Feature","geometry":{"type":"Point","coordinates":[82.8747,23.3289]},"properties":{"udise":"22271507506","name":"GOVT. P.S. BANSPARA","state":"CHHATTISGARH","district":"SURAJPUR","block":"BHAIYATHAN","indicator":"girls_toilet_nonfunctional"}},{"type":"Feature","geometry":{"type":"Point","coordinates":[83.1356,23.5006]},"properties":{"udise":"22271710706","name":"GOVT. M.S. ASANAPARA","state":"CHHATTISGARH","district":"SURAJPUR","block":"PRATAPPUR","indicator":"girls_toilet_nonfunctional"}},{"type":"Feature","geometry":{"type":"Point","coordinates":[82.7364,23.4347]},"properties":{"udise":"22271605601","name":"GOVT. P.S. CHAPDA","state":"CHHATTISGARH","district":"SURAJPUR","block":"ODGI","indicator":"girls_toilet_nonfunctional"}},{"type":"Feature","geometry":{"type":"Point","coordinates":[82.9792,23.0339]},"properties":{"udise":"22020608001","name":"P.S. TALAPARA","state":"CHHATTISGARH","district":"SURGUJA","block":"LAKHANPUR","indicator":"no_girls_toilet"}},{"type":"Feature","geometry":{"type":"Point","coordinates":[83.0389,22.995]},"properties":{"udise":"22020600201","name":"P.S. SHIVPUR","state":"CHHATTISGARH","district":"SURGUJA","block":"LAKHANPUR","indicator":"no_girls_toilet"}},{"type":"Feature","geometry":{"type":"Point","coordinates":[83.0053,23.0417]},"properties":{"udise":"22020605106","name":"M.S. NAVAPARA","state":"CHHATTISGARH","district":"SURGUJA","block":"LAKHANPUR","indicator":"no_girls_toilet"}},{"type":"Feature","geometry":{"type":"Point","coordinates":[83.1569,23.0233]},"properties":{"udise":"22020610201","name":"P.S. MAKUNDPUR","state":"CHHATTISGARH","district":"SURGUJA","block":"LAKHANPUR","indicator":"no_girls_toilet"}},{"type":"Feature","geometry":{"type":"Point","coordinates":[83.525,23.0297]},"properties":{"udise":"22020202301","name":"P.S. CHAVARPANI","state":"CHHATTISGARH","district":"SURGUJA","block":"BATAOLI","indicator":"no_girls_toilet"}},{"type":"Feature","geometry":{"type":"Point","coordinates":[83.1744,23.0292]},"properties":{"udise":"22020101003","name":"GOVT.P.S. HAIHARPUR","state":"CHHATTISGARH","district":"SURGUJA","block":"AMBIKAPUR","indicator":"no_girls_toilet"}},{"type":"Feature","geometry":{"type":"Point","coordinates":[83.3031,23.0236]},"properties":{"udise":"22020107802","name":"GOVT.P.S. MOHANPUR","state":"CHHATTISGARH","district":"SURGUJA","block":"AMBIKAPUR","indicator":"no_girls_toilet"}},{"type":"Feature","geometry":{"type":"Point","coordinates":[83.5481,23.1706]},"properties":{"udise":"22020501301","name":"P.S. SARNAPARA","state":"CHHATTISGARH","district":"SURGUJA","block":"LUNDRA","indicator":"no_girls_toilet"}},{"type":"Feature","geometry":{"type":"Point","coordinates":[83.0828,22.8425]},"properties":{"udise":"22020404003","name":"GOVT PS BANDNA (GIRL)","state":"CHHATTISGARH","district":"SURGUJA","block":"MAINPAT","indicator":"no_girls_toilet"}},{"type":"Feature","geometry":{"type":"Point","coordinates":[83.36,22.8444]},"properties":{"udise":"22020401602","name":"GOVT MS ASKARA","state":"CHHATTISGARH","district":"SURGUJA","block":"MAINPAT","indicator":"no_girls_toilet"}},{"type":"Feature","geometry":{"type":"Point","coordinates":[82.9856,22.8592]},"properties":{"udise":"22020705501","name":"P.S.B. LAXMANGARH","state":"CHHATTISGARH","district":"SURGUJA","block":"UDAIPUR","indicator":"no_girls_toilet"}},{"type":"Feature","geometry":{"type":"Point","coordinates":[83.1408,22.9692]},"properties":{"udise":"22020605902","name":"P.S. AHIRPARA","state":"CHHATTISGARH","district":"SURGUJA","block":"LAKHANPUR","indicator":"no_girls_toilet"}},{"type":"Feature","geometry":{"type":"Point","coordinates":[83.1353,22.9869]},"properties":{"udise":"22020606007","name":"P.S. GORYADUGU","state":"CHHATTISGARH","district":"SURGUJA","block":"LAKHANPUR","indicator":"no_girls_toilet"}},{"type":"Feature","geometry":{"type":"Point","coordinates":[82.9178,22.7844]},"properties":{"udise":"22020702401","name":"P.S. PENDARKHI","state":"CHHATTISGARH","district":"SURGUJA","block":"UDAIPUR","indicator":"no_girls_toilet"}},{"type":"Feature","geometry":{"type":"Point","coordinates":[83.1731,23.0575]},"properties":{"udise":"22020110402","name":"GOVT.P.S.SARAITIKRA","state":"CHHATTISGARH","district":"SURGUJA","block":"AMBIKAPUR","indicator":"no_girls_toilet"}},{"type":"Feature","geometry":{"type":"Point","coordinates":[83.0764,22.8953]},"properties":{"udise":"22020604201","name":"P.S. TURGA","state":"CHHATTISGARH","district":"SURGUJA","block":"LAKHANPUR","indicator":"no_girls_toilet"}},{"type":"Feature","geometry":{"type":"Point","coordinates":[83.2119,23.0242]},"properties":{"udise":"22020100804","name":"GOVT.M.S. LIBARA","state":"CHHATTISGARH","district":"SURGUJA","block":"AMBIKAPUR","indicator":"no_girls_toilet"}},{"type":"Feature","geometry":{"type":"Point","coordinates":[83.4911,23.1356]},"properties":{"udise":"22020501801","name":"P.S. RIRI","state":"CHHATTISGARH","district":"SURGUJA","block":"LUNDRA","indicator":"no_girls_toilet"}},{"type":"Feature","geometry":{"type":"Point","coordinates":[83.1436,23.1994]},"properties":{"udise":"22020103704","name":"GOVT.P.S.BANDHPARA","state":"CHHATTISGARH","district":"SURGUJA","block":"AMBIKAPUR","indicator":"no_girls_toilet"}},{"type":"Feature","geometry":{"type":"Point","coordinates":[83.3067,22.8597]},"properties":{"udise":"22020401202","name":"GOVT MS SAPNADER","state":"CHHATTISGARH","district":"SURGUJA","block":"MAINPAT","indicator":"no_girls_toilet"}},{"type":"Feature","geometry":{"type":"Point","coordinates":[83.0603,22.9481]},"properties":{"udise":"22020604603","name":"P.S. BARPARA","state":"CHHATTISGARH","district":"SURGUJA","block":"LAKHANPUR","indicator":"no_girls_toilet"}},{"type":"Feature","geometry":{"type":"Point","coordinates":[83.1353,22.9869]},"properties":{"udise":"22020606004","name":"M.S.B.TURNA","state":"CHHATTISGARH","district":"SURGUJA","block":"LAKHANPUR","indicator":"no_girls_toilet"}},{"type":"Feature","geometry":{"type":"Point","coordinates":[83.4428,22.9189]},"properties":{"udise":"22020204302","name":"P.S. AHIRPARA","state":"CHHATTISGARH","district":"SURGUJA","block":"BATAOLI","indicator":"no_girls_toilet"}},{"type":"Feature","geometry":{"type":"Point","coordinates":[83.1175,23.0542]},"properties":{"udise":"22020101303","name":"GOVT.P.S. KERAKACHHAR(URAVPARA)","state":"CHHATTISGARH","district":"SURGUJA","block":"AMBIKAPUR","indicator":"no_girls_toilet"}},{"type":"Feature","geometry":{"type":"Point","coordinates":[83.4406,22.9247]},"properties":{"udise":"22020204702","name":"P.S.B. SEDAM","state":"CHHATTISGARH","district":"SURGUJA","block":"BATAOLI","indicator":"no_girls_toilet"}},{"type":"Feature","geometry":{"type":"Point","coordinates":[83.33073,23.9921]},"properties":{"udise":"22020106609","name":"GOVT.HIGHSCHOOL PODIKALA","state":"CHHATTISGARH","district":"SURGUJA","block":"AMBIKAPUR","indicator":"no_girls_toilet"}},{"type":"Feature","geometry":{"type":"Point","coordinates":[83.2594,22.8886]},"properties":{"udise":"22020401503","name":"GOVT PS NARKAT","state":"CHHATTISGARH","district":"SURGUJA","block":"MAINPAT","indicator":"no_girls_toilet"}},{"type":"Feature","geometry":{"type":"Point","coordinates":[83.4111,22.9275]},"properties":{"udise":"22020200402","name":"P.S.K. PARSADAND","state":"CHHATTISGARH","district":"SURGUJA","block":"BATAOLI","indicator":"no_girls_toilet"}},{"type":"Feature","geometry":{"type":"Point","coordinates":[83.0483,22.9844]},"properties":{"udise":"22020601302","name":"M.S. BHARATPUR","state":"CHHATTISGARH","district":"SURGUJA","block":"LAKHANPUR","indicator":"no_girls_toilet"}},{"type":"Feature","geometry":{"type":"Point","coordinates":[83.23266,23.2038]},"properties":{"udise":"22020102605","name":"GOVT.HIGH SCHOOL GHANGHARI","state":"CHHATTISGARH","district":"SURGUJA","block":"AMBIKAPUR","indicator":"no_girls_toilet"}},{"type":"Feature","geometry":{"type":"Point","coordinates":[83.3422,23.1797]},"properties":{"udise":"22020502002","name":"MS KARGIDIH","state":"CHHATTISGARH","district":"SURGUJA","block":"LUNDRA","indicator":"no_girls_toilet"}},{"type":"Feature","geometry":{"type":"Point","coordinates":[83.39459,22.84619]},"properties":{"udise":"22020404012","name":"DAYANAND SARSWATI PUBLIC SCHOOL","state":"CHHATTISGARH","district":"SURGUJA","block":"MAINPAT","indicator":"no_girls_toilet"}},{"type":"Feature","geometry":{"type":"Point","coordinates":[83.2036,23.12]},"properties":{"udise":"22020110829","name":"M.S. PARADAND","state":"CHHATTISGARH","district":"SURGUJA","block":"AMBIKAPUR","indicator":"no_girls_toilet"}},{"type":"Feature","geometry":{"type":"Point","coordinates":[83.5281,22.8767]},"properties":{"udise":"22020203504","name":"M.S.BATAIKELA","state":"CHHATTISGARH","district":"SURGUJA","block":"BATAOLI","indicator":"no_girls_toilet"}},{"type":"Feature","geometry":{"type":"Point","coordinates":[82.9583,22.8956]},"properties":{"udise":"22020700602","name":"P.S.PATPARIPARA","state":"CHHATTISGARH","district":"SURGUJA","block":"UDAIPUR","indicator":"no_girls_toilet"}},{"type":"Feature","geometry":{"type":"Point","coordinates":[83.4147,23.0386]},"properties":{"udise":"22020513901","name":"P.S. PARVATIPUR","state":"CHHATTISGARH","district":"SURGUJA","block":"LUNDRA","indicator":"no_girls_toilet"}},{"type":"Feature","geometry":{"type":"Point","coordinates":[83.3558,22.9681]},"properties":{"udise":"22020200601","name":"P.S. LANGU","state":"CHHATTISGARH","district":"SURGUJA","block":"BATAOLI","indicator":"no_girls_toilet"}},{"type":"Feature","geometry":{"type":"Point","coordinates":[83.4428,23.0172]},"properties":{"udise":"22020201502","name":"P.S. NAVAPARA","state":"CHHATTISGARH","district":"SURGUJA","block":"BATAOLI","indicator":"no_girls_toilet"}},{"type":"Feature","geometry":{"type":"Point","coordinates":[83.0375,23.0051]},"properties":{"udise":"22020600101","name":"P.S. LAKHANPUR","state":"CHHATTISGARH","district":"SURGUJA","block":"LAKHANPUR","indicator":"no_girls_toilet"}},{"type":"Feature","geometry":{"type":"Point","coordinates":[83.3917,22.7436]},"properties":{"udise":"22020300604","name":"M.S. BHITHUA","state":"CHHATTISGARH","district":"SURGUJA","block":"SITAPUR","indicator":"no_girls_toilet"}},{"type":"Feature","geometry":{"type":"Point","coordinates":[83.3075,22.9744]},"properties":{"udise":"22020106806","name":"GOVT.P.S.TURIDAND","state":"CHHATTISGARH","district":"SURGUJA","block":"AMBIKAPUR","indicator":"no_girls_toilet"}},{"type":"Feature","geometry":{"type":"Point","coordinates":[82.8614,22.9744]},"properties":{"udise":"22020706702","name":"P.S.TENDUTIKARA","state":"CHHATTISGARH","district":"SURGUJA","block":"UDAIPUR","indicator":"no_girls_toilet"}},{"type":"Feature","geometry":{"type":"Point","coordinates":[83.44,23.0853]},"properties":{"udise":"22020512102","name":"M.S. PATRADIH","state":"CHHATTISGARH","district":"SURGUJA","block":"LUNDRA","indicator":"no_girls_toilet"}},{"type":"Feature","geometry":{"type":"Point","coordinates":[83.2072,22.83]},"properties":{"udise":"22020404902","name":"GOVT PS CHHURIPAT","state":"CHHATTISGARH","district":"SURGUJA","block":"MAINPAT","indicator":"no_girls_toilet"}},{"type":"Feature","geometry":{"type":"Point","coordinates":[83.0377,23.00567]},"properties":{"udise":"22020605102","name":"P.S. Korja","state":"CHHATTISGARH","district":"SURGUJA","block":"LAKHANPUR","indicator":"no_girls_toilet"}},{"type":"Feature","geometry":{"type":"Point","coordinates":[83.4117,22.8575]},"properties":{"udise":"22020404108","name":"GOVT MS KAPAPARA","state":"CHHATTISGARH","district":"SURGUJA","block":"MAINPAT","indicator":"no_girls_toilet"}},{"type":"Feature","geometry":{"type":"Point","coordinates":[82.9042,22.9464]},"properties":{"udise":"22020706802","name":"P.S.GOATIYAPARA","state":"CHHATTISGARH","district":"SURGUJA","block":"UDAIPUR","indicator":"no_girls_toilet"}},{"type":"Feature","geometry":{"type":"Point","coordinates":[83.0386,23.0239]},"properties":{"udise":"22020600801","name":"P.S.G. GANESHPUR","state":"CHHATTISGARH","district":"SURGUJA","block":"LAKHANPUR","indicator":"no_girls_toilet"}},{"type":"Feature","geometry":{"type":"Point","coordinates":[83.2453,22.8436]},"properties":{"udise":"22020405305","name":"GOVT PS JUNADIH","state":"CHHATTISGARH","district":"SURGUJA","block":"MAINPAT","indicator":"no_girls_toilet"}},{"type":"Feature","geometry":{"type":"Point","coordinates":[83.5297,22.8997]},"properties":{"udise":"22020203401","name":"P.S. NAKANA","state":"CHHATTISGARH","district":"SURGUJA","block":"BATAOLI","indicator":"no_girls_toilet"}},{"type":"Feature","geometry":{"type":"Point","coordinates":[83.0386,23.0239]},"properties":{"udise":"22020600802","name":"P.S.B. GANESHPUR","state":"CHHATTISGARH","district":"SURGUJA","block":"LAKHANPUR","indicator":"no_girls_toilet"}},{"type":"Feature","geometry":{"type":"Point","coordinates":[82.8814,23.0986]},"properties":{"udise":"22020603701","name":"P.S. PATHRAI","state":"CHHATTISGARH","district":"SURGUJA","block":"LAKHANPUR","indicator":"no_girls_toilet"}},{"type":"Feature","geometry":{"type":"Point","coordinates":[83.3811,23.0381]},"properties":{"udise":"22020503104","name":"P.S.BANJARIDAND","state":"CHHATTISGARH","district":"SURGUJA","block":"LUNDRA","indicator":"no_girls_toilet"}},{"type":"Feature","geometry":{"type":"Point","coordinates":[83.1819,22.8686]},"properties":{"udise":"22020109601","name":"GOVT.P.S. KAPARPIDHI","state":"CHHATTISGARH","district":"SURGUJA","block":"AMBIKAPUR","indicator":"no_girls_toilet"}},{"type":"Feature","geometry":{"type":"Point","coordinates":[83.0203,23.0439]},"properties":{"udise":"22020606301","name":"P.S.B. BINKARA","state":"CHHATTISGARH","district":"SURGUJA","block":"LAKHANPUR","indicator":"no_girls_toilet"}},{"type":"Feature","geometry":{"type":"Point","coordinates":[83.0819,22.7831]},"properties":{"udise":"22020601401","name":"P.S. JIWALIYA","state":"CHHATTISGARH","district":"SURGUJA","block":"LAKHANPUR","indicator":"no_girls_toilet"}},{"type":"Feature","geometry":{"type":"Point","coordinates":[83.2267,22.8439]},"properties":{"udise":"22020404903","name":"GOVT MS ASGOAVA","state":"CHHATTISGARH","district":"SURGUJA","block":"MAINPAT","indicator":"no_girls_toilet"}},{"type":"Feature","geometry":{"type":"Point","coordinates":[83.4178,23.0564]},"properties":{"udise":"22020506805","name":"P.S.MURAPARA","state":"CHHATTISGARH","district":"SURGUJA","block":"LUNDRA","indicator":"no_girls_toilet"}},{"type":"Feature","geometry":{"type":"Point","coordinates":[83.33167,22.8351]},"properties":{"udise":"22020400607","name":"GOVT HIGH SCHOOL KUNIYA","state":"CHHATTISGARH","district":"SURGUJA","block":"MAINPAT","indicator":"no_girls_toilet"}},{"type":"Feature","geometry":{"type":"Point","coordinates":[83.2217,23.1906]},"properties":{"udise":"22020102203","name":"GOVT.M.S. NARMADAPARA","state":"CHHATTISGARH","district":"SURGUJA","block":"AMBIKAPUR","indicator":"no_girls_toilet"}},{"type":"Feature","geometry":{"type":"Point","coordinates":[83.4097,22.7422]},"properties":{"udise":"22020402809","name":"MADARSA PS IA PENT","state":"CHHATTISGARH","district":"SURGUJA","block":"MAINPAT","indicator":"no_girls_toilet"}},{"type":"Feature","geometry":{"type":"Point","coordinates":[83.4325,22.8533]},"properties":{"udise":"22020404107","name":"GOVT PS BANSAPARA KOT","state":"CHHATTISGARH","district":"SURGUJA","block":"MAINPAT","indicator":"no_girls_toilet"}},{"type":"Feature","geometry":{"type":"Point","coordinates":[83.1647,22.9739]},"properties":{"udise":"22020103002","name":"GOVT.P.S. BHALUKACHHAR","state":"CHHATTISGARH","district":"SURGUJA","block":"AMBIKAPUR","indicator":"no_girls_toilet"}},{"type":"Feature","geometry":{"type":"Point","coordinates":[83.1517,22.9228]},"properties":{"udise":"22020609404","name":"M.S. KHARRADAND","state":"CHHATTISGARH","district":"SURGUJA","block":"LAKHANPUR","indicator":"no_girls_toilet"}},{"type":"Feature","geometry":{"type":"Point","coordinates":[83.0761,23.0497]},"properties":{"udise":"22020602902","name":"P.S. TINDHARIPARA","state":"CHHATTISGARH","district":"SURGUJA","block":"LAKHANPUR","indicator":"no_girls_toilet"}},{"type":"Feature","geometry":{"type":"Point","coordinates":[83.2236,23.1753]},"properties":{"udise":"22020108107","name":"GOVT.P.S.HADHHUDPARA","state":"CHHATTISGARH","district":"SURGUJA","block":"AMBIKAPUR","indicator":"no_girls_toilet"}},{"type":"Feature","geometry":{"type":"Point","coordinates":[83.0022,22.8817]},"properties":{"udise":"22020705204","name":"P.S. MAJHWARPARA","state":"CHHATTISGARH","district":"SURGUJA","block":"UDAIPUR","indicator":"no_girls_toilet"}},{"type":"Feature","geometry":{"type":"Point","coordinates":[83.3786,23.0614]},"properties":{"udise":"22020508903","name":"P.S.AMAPARA","state":"CHHATTISGARH","district":"SURGUJA","block":"LUNDRA","indicator":"no_girls_toilet"}},{"type":"Feature","geometry":{"type":"Point","coordinates":[83.5803,22.6886]},"properties":{"udise":"22020302908","name":"M.S. DODAGAON","state":"CHHATTISGARH","district":"SURGUJA","block":"SITAPUR","indicator":"no_girls_toilet"}},{"type":"Feature","geometry":{"type":"Point","coordinates":[83.2822,22.8064]},"properties":{"udise":"22020401004","name":"GOVT PS NAVAPARA","state":"CHHATTISGARH","district":"SURGUJA","block":"MAINPAT","indicator":"no_girls_toilet"}},{"type":"Feature","geometry":{"type":"Point","coordinates":[83.3767,22.9756]},"properties":{"udise":"22020200803","name":"P.S. NAVAPARA","state":"CHHATTISGARH","district":"SURGUJA","block":"BATAOLI","indicator":"no_girls_toilet"}},{"type":"Feature","geometry":{"type":"Point","coordinates":[83.4078,22.6953]},"properties":{"udise":"22020400204","name":"GOVT PS SALHAYAPARA","state":"CHHATTISGARH","district":"SURGUJA","block":"MAINPAT","indicator":"no_girls_toilet"}},{"type":"Feature","geometry":{"type":"Point","coordinates":[83.2008,23.0442]},"properties":{"udise":"22020107502","name":"GOVT.P.S.B. KARJI","state":"CHHATTISGARH","district":"SURGUJA","block":"AMBIKAPUR","indicator":"no_girls_toilet"}},{"type":"Feature","geometry":{"type":"Point","coordinates":[83.0022,22.8817]},"properties":{"udise":"22020705202","name":"M.S.MANPUR","state":"CHHATTISGARH","district":"SURGUJA","block":"UDAIPUR","indicator":"no_girls_toilet"}},{"type":"Feature","geometry":{"type":"Point","coordinates":[83.1728,22.965]},"properties":{"udise":"22020605601","name":"P.S. JAMGAVA","state":"CHHATTISGARH","district":"SURGUJA","block":"LAKHANPUR","indicator":"no_girls_toilet"}},{"type":"Feature","geometry":{"type":"Point","coordinates":[83.4006,22.9694]},"properties":{"udise":"22020200202","name":"P.S. JUNAPARA","state":"CHHATTISGARH","district":"SURGUJA","block":"BATAOLI","indicator":"no_girls_toilet"}},{"type":"Feature","geometry":{"type":"Point","coordinates":[83.0844,22.7269]},"properties":{"udise":"22020708303","name":"M.S. MATRINGA","state":"CHHATTISGARH","district":"SURGUJA","block":"UDAIPUR","indicator":"no_girls_toilet"}},{"type":"Feature","geometry":{"type":"Point","coordinates":[82.9856,22.8592]},"properties":{"udise":"22020705303","name":"M.S.SANIBRRA","state":"CHHATTISGARH","district":"SURGUJA","block":"UDAIPUR","indicator":"no_girls_toilet"}},{"type":"Feature","geometry":{"type":"Point","coordinates":[83.3306,22.8353]},"properties":{"udise":"22020400606","name":"GOVT PS JUNAPARA","state":"CHHATTISGARH","district":"SURGUJA","block":"MAINPAT","indicator":"no_girls_toilet"}},{"type":"Feature","geometry":{"type":"Point","coordinates":[83.3233,22.9831]},"properties":{"udise":"22020106607","name":"GOVT.PS.BADEPATIPARA","state":"CHHATTISGARH","district":"SURGUJA","block":"AMBIKAPUR","indicator":"no_girls_toilet"}},{"type":"Feature","geometry":{"type":"Point","coordinates":[83.1164,23.0364]},"properties":{"udise":"22020602402","name":"P.S.PACHPADHIPARA","state":"CHHATTISGARH","district":"SURGUJA","block":"LAKHANPUR","indicator":"no_girls_toilet"}},{"type":"Feature","geometry":{"type":"Point","coordinates":[83.4017,22.6625]},"properties":{"udise":"22020402302","name":"GOVT PS SARAIPARA","state":"CHHATTISGARH","district":"SURGUJA","block":"MAINPAT","indicator":"no_girls_toilet"}},{"type":"Feature","geometry":{"type":"Point","coordinates":[83.3961,22.9342]},"properties":{"udise":"22020204402","name":"P.S. MURTADAND","state":"CHHATTISGARH","district":"SURGUJA","block":"BATAOLI","indicator":"no_girls_toilet"}},{"type":"Feature","geometry":{"type":"Point","coordinates":[83.0425,22.9786]},"properties":{"udise":"22020600501","name":"P.S.B. JUNADIH","state":"CHHATTISGARH","district":"SURGUJA","block":"LAKHANPUR","indicator":"no_girls_toilet"}},{"type":"Feature","geometry":{"type":"Point","coordinates":[83.3031,22.8233]},"properties":{"udise":"22020401102","name":"GOVT MS ROPAKHAR","state":"CHHATTISGARH","district":"SURGUJA","block":"MAINPAT","indicator":"no_girls_toilet"}},{"type":"Feature","geometry":{"type":"Point","coordinates":[82.8911,22.9669]},"properties":{"udise":"22020707504","name":"P.S.BADKAPARA","state":"CHHATTISGARH","district":"SURGUJA","block":"UDAIPUR","indicator":"no_girls_toilet"}},{"type":"Feature","geometry":{"type":"Point","coordinates":[83.0067,23.0458]},"properties":{"udise":"22020608801","name":"P.S. URAOPARA","state":"CHHATTISGARH","district":"SURGUJA","block":"LAKHANPUR","indicator":"no_girls_toilet"}},{"type":"Feature","geometry":{"type":"Point","coordinates":[83.1075,22.8072]},"properties":{"udise":"22020201803","name":"M.S. SALEYADIH","state":"CHHATTISGARH","district":"SURGUJA","block":"BATAOLI","indicator":"no_girls_toilet"}},{"type":"Feature","geometry":{"type":"Point","coordinates":[83.1242,22.9447]},"properties":{"udise":"22020609201","name":"P.S. SOYDA","state":"CHHATTISGARH","district":"SURGUJA","block":"LAKHANPUR","indicator":"no_girls_toilet"}},{"type":"Feature","geometry":{"type":"Point","coordinates":[83.3678,22.8636]},"properties":{"udise":"22020404106","name":"GOVT PS MADAVASARAI","state":"CHHATTISGARH","district":"SURGUJA","block":"MAINPAT","indicator":"no_girls_toilet"}},{"type":"Feature","geometry":{"type":"Point","coordinates":[83.5219,22.8753]},"properties":{"udise":"22020203503","name":"P.S. GHODAPARA","state":"CHHATTISGARH","district":"SURGUJA","block":"BATAOLI","indicator":"no_girls_toilet"}},{"type":"Feature","geometry":{"type":"Point","coordinates":[83.4792,22.8478]},"properties":{"udise":"22020404603","name":"GOVT PS LAKARAPARA","state":"CHHATTISGARH","district":"SURGUJA","block":"MAINPAT","indicator":"no_girls_toilet"}},{"type":"Feature","geometry":{"type":"Point","coordinates":[83.4836,22.8631]},"properties":{"udise":"22020203801","name":"P.S. RATANPUR","state":"CHHATTISGARH","district":"SURGUJA","block":"BATAOLI","indicator":"no_girls_toilet"}},{"type":"Feature","geometry":{"type":"Point","coordinates":[83.4408,22.7789]},"properties":{"udise":"22020403508","name":"GOVT MS MAJHIPARA KATKALO","state":"CHHATTISGARH","district":"SURGUJA","block":"MAINPAT","indicator":"no_girls_toilet"}},{"type":"Feature","geometry":{"type":"Point","coordinates":[83.2875,22.9564]},"properties":{"udise":"22020107103","name":"GOVT.M.S. RAKELI","state":"CHHATTISGARH","district":"SURGUJA","block":"AMBIKAPUR","indicator":"no_girls_toilet"}},{"type":"Feature","geometry":{"type":"Point","coordinates":[83.2567,23.0142]},"properties":{"udise":"22020110701","name":"GOVT.M.S.REVAPUR","state":"CHHATTISGARH","district":"SURGUJA","block":"AMBIKAPUR","indicator":"no_girls_toilet"}},{"type":"Feature","geometry":{"type":"Point","coordinates":[83.3419,23.1231]},"properties":{"udise":"22020500101","name":"P.S. BAHERAPARA","state":"CHHATTISGARH","district":"SURGUJA","block":"LUNDRA","indicator":"no_girls_toilet"}},{"type":"Feature","geometry":{"type":"Point","coordinates":[83.1422,23.1297]},"properties":{"udise":"22271408903","name":"ALPHA AND OMEGA PUBLIC SCHOOL","state":"CHHATTISGARH","district":"SURGUJA","block":"AMBIKAPUR","indicator":"no_girls_toilet"}},{"type":"Feature","geometry":{"type":"Point","coordinates":[83.0228,23.0647]},"properties":{"udise":"22020606403","name":"M.S. GUMGARAKHURD","state":"CHHATTISGARH","district":"SURGUJA","block":"LAKHANPUR","indicator":"no_girls_toilet"}},{"type":"Feature","geometry":{"type":"Point","coordinates":[83.4969,23.1683]},"properties":{"udise":"22020511402","name":"M.S. KAKANI","state":"CHHATTISGARH","district":"SURGUJA","block":"LUNDRA","indicator":"no_girls_toilet"}},{"type":"Feature","geometry":{"type":"Point","coordinates":[83.3217,22.9047]},"properties":{"udise":"22020401901","name":"GOVT PS  SAMANIYA","state":"CHHATTISGARH","district":"SURGUJA","block":"MAINPAT","indicator":"no_girls_toilet"}},{"type":"Feature","geometry":{"type":"Point","coordinates":[83.0203,22.8067]},"properties":{"udise":"22020702602","name":"GOVT.M.S. SAYAR","state":"CHHATTISGARH","district":"SURGUJA","block":"UDAIPUR","indicator":"no_girls_toilet"}},{"type":"Feature","geometry":{"type":"Point","coordinates":[83.2383,23.1658]},"properties":{"udise":"22020108106","name":"GOVT.M.S.RAJPURIKHURD","state":"CHHATTISGARH","district":"SURGUJA","block":"AMBIKAPUR","indicator":"no_girls_toilet"}},{"type":"Feature","geometry":{"type":"Point","coordinates":[83.2569,23.0142]},"properties":{"udise":"22020107701","name":"GOVT.P.S. REVAPUR","state":"CHHATTISGARH","district":"SURGUJA","block":"AMBIKAPUR","indicator":"no_girls_toilet"}},{"type":"Feature","geometry":{"type":"Point","coordinates":[83.3378,22.94]},"properties":{"udise":"22020401804","name":"GOVT PS GUDGUDJHARIYA","state":"CHHATTISGARH","district":"SURGUJA","block":"MAINPAT","indicator":"no_girls_toilet"}},{"type":"Feature","geometry":{"type":"Point","coordinates":[83.0739,23.0225]},"properties":{"udise":"22020606603","name":"P.S.DHANPURI","state":"CHHATTISGARH","district":"SURGUJA","block":"LAKHANPUR","indicator":"no_girls_toilet"}},{"type":"Feature","geometry":{"type":"Point","coordinates":[82.9056,23.0339]},"properties":{"udise":"22020710102","name":"M.S. TOLANGA","state":"CHHATTISGARH","district":"SURGUJA","block":"UDAIPUR","indicator":"no_girls_toilet"}},{"type":"Feature","geometry":{"type":"Point","coordinates":[83.4169,23.2458]},"properties":{"udise":"22020504501","name":"P.M. SHRI GOVT PRIMARY SCHOOL  KARRA","state":"CHHATTISGARH","district":"SURGUJA","block":"LUNDRA","indicator":"no_girls_toilet"}},{"type":"Feature","geometry":{"type":"Point","coordinates":[83.525,22.9247]},"properties":{"udise":"22020203004","name":"M.S. NAYABANDH","state":"CHHATTISGARH","district":"SURGUJA","block":"BATAOLI","indicator":"no_girls_toilet"}},{"type":"Feature","geometry":{"type":"Point","coordinates":[83.4003,23.2136]},"properties":{"udise":"22020502404","name":"P.S.SODIPARA","state":"CHHATTISGARH","district":"SURGUJA","block":"LUNDRA","indicator":"no_girls_toilet"}},{"type":"Feature","geometry":{"type":"Point","coordinates":[83.0375,23.005]},"properties":{"udise":"22020600114","name":"GOVT M.S. JUNA LAKHANPUR","state":"CHHATTISGARH","district":"SURGUJA","block":"LAKHANPUR","indicator":"no_girls_toilet"}},{"type":"Feature","geometry":{"type":"Point","coordinates":[83.4719,22.6728]},"properties":{"udise":"22020302102","name":"P.S. BARBAHLA","state":"CHHATTISGARH","district":"SURGUJA","block":"SITAPUR","indicator":"no_girls_toilet"}},{"type":"Feature","geometry":{"type":"Point","coordinates":[83.27099,23.211]},"properties":{"udise":"22020105807","name":"GOVT.HIGHSCHOOL BHAFAOLI","state":"CHHATTISGARH","district":"SURGUJA","block":"AMBIKAPUR","indicator":"no_girls_toilet"}},{"type":"Feature","geometry":{"type":"Point","coordinates":[83.5589,22.7422]},"properties":{"udise":"22020303404","name":"P.S. KATHBUDA","state":"CHHATTISGARH","district":"SURGUJA","block":"SITAPUR","indicator":"no_girls_toilet"}},{"type":"Feature","geometry":{"type":"Point","coordinates":[83.4869,22.7731]},"properties":{"udise":"22020302415","name":"GOVT.M.S. SUR","state":"CHHATTISGARH","district":"SURGUJA","block":"SITAPUR","indicator":"no_girls_toilet"}},{"type":"Feature","geometry":{"type":"Point","coordinates":[83.3317,22.835]},"properties":{"udise":"22020400602","name":"GOVT MS KUNIYA","state":"CHHATTISGARH","district":"SURGUJA","block":"MAINPAT","indicator":"no_girls_toilet"}},{"type":"Feature","geometry":{"type":"Point","coordinates":[83.4561,22.7528]},"properties":{"udise":"22020403509","name":"GOVT MS KOTHAPARA KATKALO","state":"CHHATTISGARH","district":"SURGUJA","block":"MAINPAT","indicator":"no_girls_toilet"}},{"type":"Feature","geometry":{"type":"Point","coordinates":[83.2919,23.175]},"properties":{"udise":"22020509803","name":"P.S.KOSAMPARA","state":"CHHATTISGARH","district":"SURGUJA","block":"LUNDRA","indicator":"no_girls_toilet"}},{"type":"Feature","geometry":{"type":"Point","coordinates":[82.9797,23.0392]},"properties":{"udise":"22020607901","name":"P.S. RAMPUR","state":"CHHATTISGARH","district":"SURGUJA","block":"LAKHANPUR","indicator":"no_girls_toilet"}},{"type":"Feature","geometry":{"type":"Point","coordinates":[83.4108,22.7261]},"properties":{"udise":"22020402601","name":"GOVT PS KUNKURI","state":"CHHATTISGARH","district":"SURGUJA","block":"MAINPAT","indicator":"no_girls_toilet"}},{"type":"Feature","geometry":{"type":"Point","coordinates":[83.0644,23.0061]},"properties":{"udise":"22020606801","name":"P.S. KATAIPARA","state":"CHHATTISGARH","district":"SURGUJA","block":"LAKHANPUR","indicator":"no_girls_toilet"}},{"type":"Feature","geometry":{"type":"Point","coordinates":[83.2714,23.1069]},"properties":{"udise":"22020505401","name":"P.S. GANJHADAND","state":"CHHATTISGARH","district":"SURGUJA","block":"LUNDRA","indicator":"no_girls_toilet"}},{"type":"Feature","geometry":{"type":"Point","coordinates":[83.0603,22.9481]},"properties":{"udise":"22020604605","name":"P.S. JANTAGHUTRA","state":"CHHATTISGARH","district":"SURGUJA","block":"LAKHANPUR","indicator":"no_girls_toilet"}},{"type":"Feature","geometry":{"type":"Point","coordinates":[83.0739,22.9872]},"properties":{"udise":"22020600404","name":"M.S. KOSANGA","state":"CHHATTISGARH","district":"SURGUJA","block":"LAKHANPUR","indicator":"no_girls_toilet"}},{"type":"Feature","geometry":{"type":"Point","coordinates":[83.0386,23.0239]},"properties":{"udise":"22020600803","name":"GOVT.M.S. GANESHPUR","state":"CHHATTISGARH","district":"SURGUJA","block":"LAKHANPUR","indicator":"no_girls_toilet"}},{"type":"Feature","geometry":{"type":"Point","coordinates":[83.4081,22.6956]},"properties":{"udise":"22020400205","name":"GOVT MS SALHAYAPARA","state":"CHHATTISGARH","district":"SURGUJA","block":"MAINPAT","indicator":"no_girls_toilet"}},{"type":"Feature","geometry":{"type":"Point","coordinates":[83.3822,22.9922]},"properties":{"udise":"22020205302","name":"P.S.GITKALOPARA","state":"CHHATTISGARH","district":"SURGUJA","block":"BATAOLI","indicator":"no_girls_toilet"}},{"type":"Feature","geometry":{"type":"Point","coordinates":[83.1739,22.8817]},"properties":{"udise":"22020109207","name":"GOVT. P.S. MAHUABHAVNA","state":"CHHATTISGARH","district":"SURGUJA","block":"AMBIKAPUR","indicator":"no_girls_toilet"}},{"type":"Feature","geometry":{"type":"Point","coordinates":[83.1872,23.0822]},"properties":{"udise":"22020105202","name":"GOVT.P.S. JAGDISHPUR","state":"CHHATTISGARH","district":"SURGUJA","block":"AMBIKAPUR","indicator":"no_girls_toilet"}},{"type":"Feature","geometry":{"type":"Point","coordinates":[82.8814,23.0986]},"properties":{"udise":"22020603703","name":"M.S. PATHRAI","state":"CHHATTISGARH","district":"SURGUJA","block":"LAKHANPUR","indicator":"no_girls_toilet"}},{"type":"Feature","geometry":{"type":"Point","coordinates":[83.0119,22.9406]},"properties":{"udise":"22020608302","name":"P.S.GELHAPANI","state":"CHHATTISGARH","district":"SURGUJA","block":"LAKHANPUR","indicator":"no_girls_toilet"}},{"type":"Feature","geometry":{"type":"Point","coordinates":[83.5025,23.1239]},"properties":{"udise":"22020501701","name":"P.S. MANDRIHA","state":"CHHATTISGARH","district":"SURGUJA","block":"LUNDRA","indicator":"no_girls_toilet"}},{"type":"Feature","geometry":{"type":"Point","coordinates":[83.1517,22.9228]},"properties":{"udise":"22020609401","name":"P.S. PUTA","state":"CHHATTISGARH","district":"SURGUJA","block":"LAKHANPUR","indicator":"no_girls_toilet"}},{"type":"Feature","geometry":{"type":"Point","coordinates":[82.9986,23.0667]},"properties":{"udise":"22020606104","name":"M.S. BAGDARRI","state":"CHHATTISGARH","district":"SURGUJA","block":"LAKHANPUR","indicator":"no_girls_toilet"}},{"type":"Feature","geometry":{"type":"Point","coordinates":[83.0739,22.9872]},"properties":{"udise":"22020600403","name":"P.S. PARSA PARA","state":"CHHATTISGARH","district":"SURGUJA","block":"LAKHANPUR","indicator":"no_girls_toilet"}},{"type":"Feature","geometry":{"type":"Point","coordinates":[83.4442,22.7797]},"properties":{"udise":"22020403202","name":"GOVT MS RAJKHETA","state":"CHHATTISGARH","district":"SURGUJA","block":"MAINPAT","indicator":"no_girls_toilet"}},{"type":"Feature","geometry":{"type":"Point","coordinates":[83.3764,22.9911]},"properties":{"udise":"22020205301","name":"P.S. UMAPUR","state":"CHHATTISGARH","district":"SURGUJA","block":"BATAOLI","indicator":"no_girls_toilet"}},{"type":"Feature","geometry":{"type":"Point","coordinates":[83.4103,22.6764]},"properties":{"udise":"22020402204","name":"GOVT MS JAMDHODHI","state":"CHHATTISGARH","district":"SURGUJA","block":"MAINPAT","indicator":"no_girls_toilet"}},{"type":"Feature","geometry":{"type":"Point","coordinates":[83.4475,22.9067]},"properties":{"udise":"22020204101","name":"GOVT P.S. MANGARI","state":"CHHATTISGARH","district":"SURGUJA","block":"BATAOLI","indicator":"girls_toilet_nonfunctional"}},{"type":"Feature","geometry":{"type":"Point","coordinates":[82.9797,23.0392]},"properties":{"udise":"22020607902","name":"M.S. RAMPUR","state":"CHHATTISGARH","district":"SURGUJA","block":"LAKHANPUR","indicator":"girls_toilet_nonfunctional"}},{"type":"Feature","geometry":{"type":"Point","coordinates":[82.9353,22.9111]},"properties":{"udise":"22020700102","name":"P.S.B. UDAIPUR","state":"CHHATTISGARH","district":"SURGUJA","block":"UDAIPUR","indicator":"girls_toilet_nonfunctional"}},{"type":"Feature","geometry":{"type":"Point","coordinates":[83.1436,23.0375]},"properties":{"udise":"22020101301","name":"GOVT.P.S. PODIKHURD","state":"CHHATTISGARH","district":"SURGUJA","block":"AMBIKAPUR","indicator":"girls_toilet_nonfunctional"}},{"type":"Feature","geometry":{"type":"Point","coordinates":[83.3275,22.8556]},"properties":{"udise":"22020401702","name":"GOVT PS JANGALIJOBA","state":"CHHATTISGARH","district":"SURGUJA","block":"MAINPAT","indicator":"girls_toilet_nonfunctional"}},{"type":"Feature","geometry":{"type":"Point","coordinates":[83.0978,23.0211]},"properties":{"udise":"22020602102","name":"M.S.PALGADI","state":"CHHATTISGARH","district":"SURGUJA","block":"LAKHANPUR","indicator":"girls_toilet_nonfunctional"}},{"type":"Feature","geometry":{"type":"Point","coordinates":[83.3422,23.1711]},"properties":{"udise":"22020500402","name":"P.S. KISHANPARA","state":"CHHATTISGARH","district":"SURGUJA","block":"LUNDRA","indicator":"girls_toilet_nonfunctional"}},{"type":"Feature","geometry":{"type":"Point","coordinates":[83.2381,23.0475]},"properties":{"udise":"22020110601","name":"GOVT.M.S.KUBERPUR","state":"CHHATTISGARH","district":"SURGUJA","block":"AMBIKAPUR","indicator":"girls_toilet_nonfunctional"}},{"type":"Feature","geometry":{"type":"Point","coordinates":[83.3492,23.1011]},"properties":{"udise":"22020513704","name":"M.S.BULANGA","state":"CHHATTISGARH","district":"SURGUJA","block":"LUNDRA","indicator":"girls_toilet_nonfunctional"}},{"type":"Feature","geometry":{"type":"Point","coordinates":[83.0133,23.0806]},"properties":{"udise":"22020606501","name":"P.S. MOHANPUR","state":"CHHATTISGARH","district":"SURGUJA","block":"LAKHANPUR","indicator":"girls_toilet_nonfunctional"}},{"type":"Feature","geometry":{"type":"Point","coordinates":[83.0844,22.7269]},"properties":{"udise":"22020707706","name":"P.S.KUNDELI","state":"CHHATTISGARH","district":"SURGUJA","block":"UDAIPUR","indicator":"girls_toilet_nonfunctional"}},{"type":"Feature","geometry":{"type":"Point","coordinates":[83.0281,22.9169]},"properties":{"udise":"22020605003","name":"M.S. NANJA","state":"CHHATTISGARH","district":"SURGUJA","block":"LAKHANPUR","indicator":"girls_toilet_nonfunctional"}},{"type":"Feature","geometry":{"type":"Point","coordinates":[83.5114,22.8031]},"properties":{"udise":"22020304602","name":"M.S. BHAVARADAND","state":"CHHATTISGARH","district":"SURGUJA","block":"SITAPUR","indicator":"girls_toilet_nonfunctional"}},{"type":"Feature","geometry":{"type":"Point","coordinates":[83.1272,22.8603]},"properties":{"udise":"22020604803","name":"M.S. LABJI","state":"CHHATTISGARH","district":"SURGUJA","block":"LAKHANPUR","indicator":"girls_toilet_nonfunctional"}},{"type":"Feature","geometry":{"type":"Point","coordinates":[83.1908,22.8094]},"properties":{"udise":"22020405201","name":"GOVT PS LALEYA","state":"CHHATTISGARH","district":"SURGUJA","block":"MAINPAT","indicator":"girls_toilet_nonfunctional"}},{"type":"Feature","geometry":{"type":"Point","coordinates":[83.4036,22.9636]},"properties":{"udise":"22020200407","name":"M.S. BHATKO","state":"CHHATTISGARH","district":"SURGUJA","block":"BATAOLI","indicator":"girls_toilet_nonfunctional"}},{"type":"Feature","geometry":{"type":"Point","coordinates":[83.2303,23.1583]},"properties":{"udise":"22020108203","name":"GOVT.M.S.ASOLA","state":"CHHATTISGARH","district":"SURGUJA","block":"AMBIKAPUR","indicator":"girls_toilet_nonfunctional"}},{"type":"Feature","geometry":{"type":"Point","coordinates":[83.3728,22.8086]},"properties":{"udise":"22020405801","name":"GOVT PS BAIGAHAWAPARA","state":"CHHATTISGARH","district":"SURGUJA","block":"MAINPAT","indicator":"girls_toilet_nonfunctional"}},{"type":"Feature","geometry":{"type":"Point","coordinates":[83.0761,23.0497]},"properties":{"udise":"22020602901","name":"P.S. PIPARKHAR","state":"CHHATTISGARH","district":"SURGUJA","block":"LAKHANPUR","indicator":"girls_toilet_nonfunctional"}},{"type":"Feature","geometry":{"type":"Point","coordinates":[83.3769,23.0628]},"properties":{"udise":"22020506806","name":"P.S.BHERIDAND","state":"CHHATTISGARH","district":"SURGUJA","block":"LUNDRA","indicator":"girls_toilet_nonfunctional"}},{"type":"Feature","geometry":{"type":"Point","coordinates":[83.1953,23.1511]},"properties":{"udise":"22020110301","name":"GOVT.M.S.GODHANPUR","state":"CHHATTISGARH","district":"SURGUJA","block":"AMBIKAPUR","indicator":"girls_toilet_nonfunctional"}},{"type":"Feature","geometry":{"type":"Point","coordinates":[83.2719,22.9825]},"properties":{"udise":"22020107002","name":"GOVT.M.S. TAPARKELA","state":"CHHATTISGARH","district":"SURGUJA","block":"AMBIKAPUR","indicator":"girls_toilet_nonfunctional"}},{"type":"Feature","geometry":{"type":"Point","coordinates":[83.2167,22.9397]},"properties":{"udise":"22020109303","name":"GOVT.P.S.ORAWPARA","state":"CHHATTISGARH","district":"SURGUJA","block":"AMBIKAPUR","indicator":"girls_toilet_nonfunctional"}},{"type":"Feature","geometry":{"type":"Point","coordinates":[83.4664,22.8339]},"properties":{"udise":"22020404402","name":"GOVT MS JAMDIH","state":"CHHATTISGARH","district":"SURGUJA","block":"MAINPAT","indicator":"girls_toilet_nonfunctional"}},{"type":"Feature","geometry":{"type":"Point","coordinates":[82.8911,22.9669]},"properties":{"udise":"22020707502","name":"P.S.KADAMPARA","state":"CHHATTISGARH","district":"SURGUJA","block":"UDAIPUR","indicator":"girls_toilet_nonfunctional"}},{"type":"Feature","geometry":{"type":"Point","coordinates":[83.4714,23.2339]},"properties":{"udise":"22020504104","name":"P.S.SARNAPARA","state":"CHHATTISGARH","district":"SURGUJA","block":"LUNDRA","indicator":"girls_toilet_nonfunctional"}},{"type":"Feature","geometry":{"type":"Point","coordinates":[83.2531,22.9556]},"properties":{"udise":"22020100205","name":"GOVT.P.S.NADIPARA","state":"CHHATTISGARH","district":"SURGUJA","block":"AMBIKAPUR","indicator":"girls_toilet_nonfunctional"}},{"type":"Feature","geometry":{"type":"Point","coordinates":[82.8583,22.8981]},"properties":{"udise":"22020704204","name":"P.S.RAICHUA","state":"CHHATTISGARH","district":"SURGUJA","block":"UDAIPUR","indicator":"girls_toilet_nonfunctional"}},{"type":"Feature","geometry":{"type":"Point","coordinates":[83.07389,23.0225]},"properties":{"udise":"22020606606","name":"GOVT.HIGH SCHOOL RAJPURIKALA","state":"CHHATTISGARH","district":"SURGUJA","block":"LAKHANPUR","indicator":"girls_toilet_nonfunctional"}},{"type":"Feature","geometry":{"type":"Point","coordinates":[83.3397,22.9414]},"properties":{"udise":"22020401005","name":"GOVT PS LOTABHAWNA","state":"CHHATTISGARH","district":"SURGUJA","block":"MAINPAT","indicator":"girls_toilet_nonfunctional"}},{"type":"Feature","geometry":{"type":"Point","coordinates":[83.3483,22.8239]},"properties":{"udise":"22020400605","name":"GOVT MS BIJLAHWA","state":"CHHATTISGARH","district":"SURGUJA","block":"MAINPAT","indicator":"girls_toilet_nonfunctional"}},{"type":"Feature","geometry":{"type":"Point","coordinates":[83.3317,22.8367]},"properties":{"udise":"22020400603","name":"GOVT PS GHUIDAND KUNIYA","state":"CHHATTISGARH","district":"SURGUJA","block":"MAINPAT","indicator":"girls_toilet_nonfunctional"}},{"type":"Feature","geometry":{"type":"Point","coordinates":[83.0844,22.8456]},"properties":{"udise":"22020611101","name":"P.S. POTEKHAR","state":"CHHATTISGARH","district":"SURGUJA","block":"LAKHANPUR","indicator":"girls_toilet_nonfunctional"}},{"type":"Feature","geometry":{"type":"Point","coordinates":[83.4961,23.2275]},"properties":{"udise":"22020511203","name":"GOVT. HIGHER SECONDARY SCHOOL JORI","state":"CHHATTISGARH","district":"SURGUJA","block":"LUNDRA","indicator":"girls_toilet_nonfunctional"}},{"type":"Feature","geometry":{"type":"Point","coordinates":[83.1894,23.1289]},"properties":{"udise":"22020106503","name":"GOVT.P.S. KEDARPUR","state":"CHHATTISGARH","district":"SURGUJA","block":"AMBIKAPUR","indicator":"girls_toilet_nonfunctional"}},{"type":"Feature","geometry":{"type":"Point","coordinates":[83.0844,22.8456]},"properties":{"udise":"22020611104","name":"M.S.TIRKLA","state":"CHHATTISGARH","district":"SURGUJA","block":"LAKHANPUR","indicator":"girls_toilet_nonfunctional"}},{"type":"Feature","geometry":{"type":"Point","coordinates":[82.8814,23.0986]},"properties":{"udise":"22020603702","name":"P.S. KHUTANPARA","state":"CHHATTISGARH","district":"SURGUJA","block":"LAKHANPUR","indicator":"girls_toilet_nonfunctional"}},{"type":"Feature","geometry":{"type":"Point","coordinates":[83.4575,23.2389]},"properties":{"udise":"22020504103","name":"P.S.KHOLHIPARA","state":"CHHATTISGARH","district":"SURGUJA","block":"LUNDRA","indicator":"girls_toilet_nonfunctional"}},{"type":"Feature","geometry":{"type":"Point","coordinates":[82.9019,23.0861]},"properties":{"udise":"22020603302","name":"P.S.GOUHANIPARA","state":"CHHATTISGARH","district":"SURGUJA","block":"LAKHANPUR","indicator":"girls_toilet_nonfunctional"}},{"type":"Feature","geometry":{"type":"Point","coordinates":[82.9019,23.0861]},"properties":{"udise":"22020603303","name":"M.S.KHUTIYA","state":"CHHATTISGARH","district":"SURGUJA","block":"LAKHANPUR","indicator":"girls_toilet_nonfunctional"}},{"type":"Feature","geometry":{"type":"Point","coordinates":[83.1594,22.8728]},"properties":{"udise":"22020109201","name":"GOVT.P.S. PAKJAM","state":"CHHATTISGARH","district":"SURGUJA","block":"AMBIKAPUR","indicator":"girls_toilet_nonfunctional"}},{"type":"Feature","geometry":{"type":"Point","coordinates":[83.1275,22.8]},"properties":{"udise":"22020601702","name":"M.S.DODAKESHRA","state":"CHHATTISGARH","district":"SURGUJA","block":"LAKHANPUR","indicator":"girls_toilet_nonfunctional"}},{"type":"Feature","geometry":{"type":"Point","coordinates":[83.0228,23.0647]},"properties":{"udise":"22020606402","name":"P.S. BARTIPARA","state":"CHHATTISGARH","district":"SURGUJA","block":"LAKHANPUR","indicator":"girls_toilet_nonfunctional"}},{"type":"Feature","geometry":{"type":"Point","coordinates":[83.3317,22.835]},"properties":{"udise":"22020400601","name":"GOVT PS KUNIYA","state":"CHHATTISGARH","district":"SURGUJA","block":"MAINPAT","indicator":"girls_toilet_nonfunctional"}},{"type":"Feature","geometry":{"type":"Point","coordinates":[83.47,22.8133]},"properties":{"udise":"22020304411","name":"M.S.G. DEVGARH","state":"CHHATTISGARH","district":"SURGUJA","block":"SITAPUR","indicator":"girls_toilet_nonfunctional"}},{"type":"Feature","geometry":{"type":"Point","coordinates":[83.39278,23.01333]},"properties":{"udise":"22020201108","name":"GOVT.HIGH SCHOOL BELKOTA","state":"CHHATTISGARH","district":"SURGUJA","block":"BATAOLI","indicator":"girls_toilet_nonfunctional"}},{"type":"Feature","geometry":{"type":"Point","coordinates":[83.1931,23.0408]},"properties":{"udise":"22020107503","name":"GOVT.P.S. MAJHAPARA (KARJI)","state":"CHHATTISGARH","district":"SURGUJA","block":"AMBIKAPUR","indicator":"girls_toilet_nonfunctional"}},{"type":"Feature","geometry":{"type":"Point","coordinates":[83.4031,22.9361]},"properties":{"udise":"22020200508","name":"M.S. BADHPANI","state":"CHHATTISGARH","district":"SURGUJA","block":"BATAOLI","indicator":"girls_toilet_nonfunctional"}},{"type":"Feature","geometry":{"type":"Point","coordinates":[83.2625,22.9589]},"properties":{"udise":"22020100204","name":"GOVT.M.S.NAVANAGAR","state":"CHHATTISGARH","district":"SURGUJA","block":"AMBIKAPUR","indicator":"girls_toilet_nonfunctional"}},{"type":"Feature","geometry":{"type":"Point","coordinates":[83.0839,22.965]},"properties":{"udise":"22020605501","name":"P.S. BELDAGI","state":"CHHATTISGARH","district":"SURGUJA","block":"LAKHANPUR","indicator":"girls_toilet_nonfunctional"}},{"type":"Feature","geometry":{"type":"Point","coordinates":[83.1381,22.8831]},"properties":{"udise":"22020612402","name":"M.S. KOTBARRA","state":"CHHATTISGARH","district":"SURGUJA","block":"LAKHANPUR","indicator":"girls_toilet_nonfunctional"}},{"type":"Feature","geometry":{"type":"Point","coordinates":[83.4178,23.1744]},"properties":{"udise":"22020503804","name":"GOVT.M.S. BARDIH","state":"CHHATTISGARH","district":"SURGUJA","block":"LUNDRA","indicator":"girls_toilet_nonfunctional"}},{"type":"Feature","geometry":{"type":"Point","coordinates":[83.5028,22.9981]},"properties":{"udise":"22020201902","name":"M.S. KACHHARDIH","state":"CHHATTISGARH","district":"SURGUJA","block":"BATAOLI","indicator":"girls_toilet_nonfunctional"}},{"type":"Feature","geometry":{"type":"Point","coordinates":[83.2775,22.9619]},"properties":{"udise":"22020100206","name":"GOVT. HIGHER SECONDARY SCHOOL NAVANAGAR","state":"CHHATTISGARH","district":"SURGUJA","block":"AMBIKAPUR","indicator":"girls_toilet_nonfunctional"}},{"type":"Feature","geometry":{"type":"Point","coordinates":[83.3181,22.9619]},"properties":{"udise":"22020106808","name":"GOVT.M.S.THANPARA","state":"CHHATTISGARH","district":"SURGUJA","block":"AMBIKAPUR","indicator":"girls_toilet_nonfunctional"}},{"type":"Feature","geometry":{"type":"Point","coordinates":[83.0133,23.0806]},"properties":{"udise":"22020603002","name":"M.S.GUMGARAKALA","state":"CHHATTISGARH","district":"SURGUJA","block":"LAKHANPUR","indicator":"girls_toilet_nonfunctional"}},{"type":"Feature","geometry":{"type":"Point","coordinates":[83.1275,22.8]},"properties":{"udise":"22020601701","name":"P.S. DODAKESHRA","state":"CHHATTISGARH","district":"SURGUJA","block":"LAKHANPUR","indicator":"girls_toilet_nonfunctional"}},{"type":"Feature","geometry":{"type":"Point","coordinates":[83.09,22.8158]},"properties":{"udise":"22020601605","name":"P.S. MUDAPARA","state":"CHHATTISGARH","district":"SURGUJA","block":"LAKHANPUR","indicator":"girls_toilet_nonfunctional"}},{"type":"Feature","geometry":{"type":"Point","coordinates":[83.3572,23.0675]},"properties":{"udise":"22020510203","name":"MS BATWAHI","state":"CHHATTISGARH","district":"SURGUJA","block":"LUNDRA","indicator":"girls_toilet_nonfunctional"}},{"type":"Feature","geometry":{"type":"Point","coordinates":[82.94917,22.91083]},"properties":{"udise":"22020704906","name":"P.S. BAIGAPARA MOHANPUR","state":"CHHATTISGARH","district":"SURGUJA","block":"UDAIPUR","indicator":"girls_toilet_nonfunctional"}},{"type":"Feature","geometry":{"type":"Point","coordinates":[83.2361,22.9775]},"properties":{"udise":"22020100603","name":"GOVT.P.S.DAHIDIH","state":"CHHATTISGARH","district":"SURGUJA","block":"AMBIKAPUR","indicator":"girls_toilet_nonfunctional"}},{"type":"Feature","geometry":{"type":"Point","coordinates":[83.0281,23.0117]},"properties":{"udise":"22020600601","name":"P.S. JODHPUR","state":"CHHATTISGARH","district":"SURGUJA","block":"LAKHANPUR","indicator":"girls_toilet_nonfunctional"}},{"type":"Feature","geometry":{"type":"Point","coordinates":[83.1511,22.9525]},"properties":{"udise":"22020605302","name":"GOVT.M.S. KUSU","state":"CHHATTISGARH","district":"SURGUJA","block":"LAKHANPUR","indicator":"girls_toilet_nonfunctional"}},{"type":"Feature","geometry":{"type":"Point","coordinates":[83.1569,23.0233]},"properties":{"udise":"22020610202","name":"P.S. NAVAPARA","state":"CHHATTISGARH","district":"SURGUJA","block":"LAKHANPUR","indicator":"girls_toilet_nonfunctional"}},{"type":"Feature","geometry":{"type":"Point","coordinates":[82.9583,22.8956]},"properties":{"udise":"22020704602","name":"P.S.JUNAPARA","state":"CHHATTISGARH","district":"SURGUJA","block":"UDAIPUR","indicator":"girls_toilet_nonfunctional"}},{"type":"Feature","geometry":{"type":"Point","coordinates":[83.2892,22.9644]},"properties":{"udise":"22020106901","name":"GOVT.P.S. KUNIYAKALA","state":"CHHATTISGARH","district":"SURGUJA","block":"AMBIKAPUR","indicator":"girls_toilet_nonfunctional"}},{"type":"Feature","geometry":{"type":"Point","coordinates":[82.8856,22.9669]},"properties":{"udise":"22020707501","name":"P.S. KHONDHLA","state":"CHHATTISGARH","district":"SURGUJA","block":"UDAIPUR","indicator":"girls_toilet_nonfunctional"}},{"type":"Feature","geometry":{"type":"Point","coordinates":[83.5064,22.9406]},"properties":{"udise":"22020202902","name":"P.S. BHANDARDAND","state":"CHHATTISGARH","district":"SURGUJA","block":"BATAOLI","indicator":"girls_toilet_nonfunctional"}},{"type":"Feature","geometry":{"type":"Point","coordinates":[83.1908,22.7958]},"properties":{"udise":"22020405202","name":"GOVT MS LALEYA","state":"CHHATTISGARH","district":"SURGUJA","block":"MAINPAT","indicator":"girls_toilet_nonfunctional"}},{"type":"Feature","geometry":{"type":"Point","coordinates":[82.9664,23.0058]},"properties":{"udise":"22020607801","name":"P.S. TARAJU","state":"CHHATTISGARH","district":"SURGUJA","block":"LAKHANPUR","indicator":"girls_toilet_nonfunctional"}},{"type":"Feature","geometry":{"type":"Point","coordinates":[83.6556,22.6694]},"properties":{"udise":"22020303804","name":"P.S. KHALPARA","state":"CHHATTISGARH","district":"SURGUJA","block":"SITAPUR","indicator":"girls_toilet_nonfunctional"}},{"type":"Feature","geometry":{"type":"Point","coordinates":[83.0442,23.0122]},"properties":{"udise":"22020600701","name":"P.S. GORTA","state":"CHHATTISGARH","district":"SURGUJA","block":"LAKHANPUR","indicator":"girls_toilet_nonfunctional"}},{"type":"Feature","geometry":{"type":"Point","coordinates":[83.4297,22.8544]},"properties":{"udise":"22020404010","name":"GOVT PS BANSAPARA DPEP","state":"CHHATTISGARH","district":"SURGUJA","block":"MAINPAT","indicator":"girls_toilet_nonfunctional"}},{"type":"Feature","geometry":{"type":"Point","coordinates":[83.0275,22.8994]},"properties":{"udise":"22020604501","name":"P.S. TUNGA","state":"CHHATTISGARH","district":"SURGUJA","block":"LAKHANPUR","indicator":"girls_toilet_nonfunctional"}},{"type":"Feature","geometry":{"type":"Point","coordinates":[83.1272,22.8603]},"properties":{"udise":"22020604802","name":"P.S. LEDRADAND","state":"CHHATTISGARH","district":"SURGUJA","block":"LAKHANPUR","indicator":"girls_toilet_nonfunctional"}},{"type":"Feature","geometry":{"type":"Point","coordinates":[83.1381,22.8831]},"properties":{"udise":"22020612401","name":"P.S. KOTBARRA","state":"CHHATTISGARH","district":"SURGUJA","block":"LAKHANPUR","indicator":"girls_toilet_nonfunctional"}},{"type":"Feature","geometry":{"type":"Point","coordinates":[83.0844,22.8456]},"properties":{"udise":"22020611103","name":"P.S. SUGAAMA","state":"CHHATTISGARH","district":"SURGUJA","block":"LAKHANPUR","indicator":"girls_toilet_nonfunctional"}},{"type":"Feature","geometry":{"type":"Point","coordinates":[83.1353,22.9869]},"properties":{"udise":"22020606002","name":"P.S. TURNA","state":"CHHATTISGARH","district":"SURGUJA","block":"LAKHANPUR","indicator":"girls_toilet_nonfunctional"}},{"type":"Feature","geometry":{"type":"Point","coordinates":[83.1142,22.9622]},"properties":{"udise":"22020609002","name":"GOVT.M.S. CHANDO","state":"CHHATTISGARH","district":"SURGUJA","block":"LAKHANPUR","indicator":"girls_toilet_nonfunctional"}},{"type":"Feature","geometry":{"type":"Point","coordinates":[83.2875,22.9569]},"properties":{"udise":"22020107101","name":"GOVT.P.S. RAKELI","state":"CHHATTISGARH","district":"SURGUJA","block":"AMBIKAPUR","indicator":"girls_toilet_nonfunctional"}},{"type":"Feature","geometry":{"type":"Point","coordinates":[83.5431,23.1819]},"properties":{"udise":"22020509502","name":"P.S.JATASEMAR","state":"CHHATTISGARH","district":"SURGUJA","block":"LUNDRA","indicator":"girls_toilet_nonfunctional"}},{"type":"Feature","geometry":{"type":"Point","coordinates":[83.0739,23.0225]},"properties":{"udise":"22020606604","name":"GOVT.M.S. RAJPURIKALA","state":"CHHATTISGARH","district":"SURGUJA","block":"LAKHANPUR","indicator":"girls_toilet_nonfunctional"}},{"type":"Feature","geometry":{"type":"Point","coordinates":[82.9792,23.0339]},"properties":{"udise":"22020607701","name":"P.S. GHUMKAPARA","state":"CHHATTISGARH","district":"SURGUJA","block":"LAKHANPUR","indicator":"girls_toilet_nonfunctional"}},{"type":"Feature","geometry":{"type":"Point","coordinates":[83.0275,22.8994]},"properties":{"udise":"22020604502","name":"M.S. TUNGA","state":"CHHATTISGARH","district":"SURGUJA","block":"LAKHANPUR","indicator":"girls_toilet_nonfunctional"}},{"type":"Feature","geometry":{"type":"Point","coordinates":[83.0172,23.0111]},"properties":{"udise":"22020601102","name":"P.S.  JAYPUR","state":"CHHATTISGARH","district":"SURGUJA","block":"LAKHANPUR","indicator":"girls_toilet_nonfunctional"}},{"type":"Feature","geometry":{"type":"Point","coordinates":[83.0281,23.0828]},"properties":{"udise":"22020606202","name":"P.S. PANDOPARA","state":"CHHATTISGARH","district":"SURGUJA","block":"LAKHANPUR","indicator":"girls_toilet_nonfunctional"}},{"type":"Feature","geometry":{"type":"Point","coordinates":[82.8586,22.9892]},"properties":{"udise":"22020709301","name":"P.S. GHUCHAPARA","state":"CHHATTISGARH","district":"SURGUJA","block":"UDAIPUR","indicator":"girls_toilet_nonfunctional"}},{"type":"Feature","geometry":{"type":"Point","coordinates":[83.6114,22.7506]},"properties":{"udise":"22020301804","name":"P.S. SHIVPUR","state":"CHHATTISGARH","district":"SURGUJA","block":"SITAPUR","indicator":"girls_toilet_nonfunctional"}},{"type":"Feature","geometry":{"type":"Point","coordinates":[83.0228,22.9586]},"properties":{"udise":"22020608601","name":"P.S. HANSDAND","state":"CHHATTISGARH","district":"SURGUJA","block":"LAKHANPUR","indicator":"girls_toilet_nonfunctional"}},{"type":"Feature","geometry":{"type":"Point","coordinates":[83.0739,22.9872]},"properties":{"udise":"22020600402","name":"P.S. CHARPARA","state":"CHHATTISGARH","district":"SURGUJA","block":"LAKHANPUR","indicator":"girls_toilet_nonfunctional"}},{"type":"Feature","geometry":{"type":"Point","coordinates":[83.1483,23.0358]},"properties":{"udise":"22020101305","name":"GOVT.P.S.KHTIKPARA","state":"CHHATTISGARH","district":"SURGUJA","block":"AMBIKAPUR","indicator":"girls_toilet_nonfunctional"}},{"type":"Feature","geometry":{"type":"Point","coordinates":[83.0844,22.7269]},"properties":{"udise":"22020708401","name":"P.S. MAREYA","state":"CHHATTISGARH","district":"SURGUJA","block":"UDAIPUR","indicator":"girls_toilet_nonfunctional"}},{"type":"Feature","geometry":{"type":"Point","coordinates":[83.4383,23.2461]},"properties":{"udise":"22020504105","name":"P.S.MANJHIPARA","state":"CHHATTISGARH","district":"SURGUJA","block":"LUNDRA","indicator":"girls_toilet_nonfunctional"}},{"type":"Feature","geometry":{"type":"Point","coordinates":[83.3214,23.0461]},"properties":{"udise":"22020509402","name":"P.S.KADAMDAND","state":"CHHATTISGARH","district":"SURGUJA","block":"LUNDRA","indicator":"girls_toilet_nonfunctional"}},{"type":"Feature","geometry":{"type":"Point","coordinates":[83.1728,22.9725]},"properties":{"udise":"22020103003","name":"GOVT.M.S. NAVAPARA KHURD","state":"CHHATTISGARH","district":"SURGUJA","block":"AMBIKAPUR","indicator":"girls_toilet_nonfunctional"}},{"type":"Feature","geometry":{"type":"Point","coordinates":[83.3044,23.1925]},"properties":{"udise":"22020506302","name":"P.S.ASNIHAPARA","state":"CHHATTISGARH","district":"SURGUJA","block":"LUNDRA","indicator":"girls_toilet_nonfunctional"}},{"type":"Feature","geometry":{"type":"Point","coordinates":[83.0656,23.0081]},"properties":{"udise":"22020601203","name":"M.S.KEVARA","state":"CHHATTISGARH","district":"SURGUJA","block":"LAKHANPUR","indicator":"girls_toilet_nonfunctional"}},{"type":"Feature","geometry":{"type":"Point","coordinates":[83.035,22.8778]},"properties":{"udise":"22020610401","name":"P.S. JAGANNATHPUR","state":"CHHATTISGARH","district":"SURGUJA","block":"LAKHANPUR","indicator":"girls_toilet_nonfunctional"}},{"type":"Feature","geometry":{"type":"Point","coordinates":[83.0442,23.0122]},"properties":{"udise":"22020600704","name":"P.S. SAHUPARA","state":"CHHATTISGARH","district":"SURGUJA","block":"LAKHANPUR","indicator":"girls_toilet_nonfunctional"}},{"type":"Feature","geometry":{"type":"Point","coordinates":[83.4758,23.1489]},"properties":{"udise":"22020507602","name":"GOVT.M.S. GAGOLI","state":"CHHATTISGARH","district":"SURGUJA","block":"LUNDRA","indicator":"girls_toilet_nonfunctional"}},{"type":"Feature","geometry":{"type":"Point","coordinates":[83.0925,23.0389]},"properties":{"udise":"22020602602","name":"P.M. SHRI GOVT PRIMARY SCHOOL  LAHPATRA","state":"CHHATTISGARH","district":"SURGUJA","block":"LAKHANPUR","indicator":"girls_toilet_nonfunctional"}},{"type":"Feature","geometry":{"type":"Point","coordinates":[83.3839,23.0644]},"properties":{"udise":"22020508902","name":"MS ASKALA","state":"CHHATTISGARH","district":"SURGUJA","block":"LUNDRA","indicator":"girls_toilet_nonfunctional"}},{"type":"Feature","geometry":{"type":"Point","coordinates":[83.4264,23.2428]},"properties":{"udise":"22020502201","name":"P.S. PAKRIPARA","state":"CHHATTISGARH","district":"SURGUJA","block":"LUNDRA","indicator":"girls_toilet_nonfunctional"}},{"type":"Feature","geometry":{"type":"Point","coordinates":[83.0631,23.0458]},"properties":{"udise":"22020607004","name":"P.S. PANDOPARA","state":"CHHATTISGARH","district":"SURGUJA","block":"LAKHANPUR","indicator":"girls_toilet_nonfunctional"}},{"type":"Feature","geometry":{"type":"Point","coordinates":[83.0019,23.0417]},"properties":{"udise":"22020605104","name":"P.S.DODIPARA","state":"CHHATTISGARH","district":"SURGUJA","block":"LAKHANPUR","indicator":"girls_toilet_nonfunctional"}},{"type":"Feature","geometry":{"type":"Point","coordinates":[83.0569,22.9933]},"properties":{"udise":"22020609101","name":"P.S. TAPARKELA","state":"CHHATTISGARH","district":"SURGUJA","block":"LAKHANPUR","indicator":"girls_toilet_nonfunctional"}},{"type":"Feature","geometry":{"type":"Point","coordinates":[82.9447,23.0894]},"properties":{"udise":"22020603504","name":"P.S. JAMTIPARA","state":"CHHATTISGARH","district":"SURGUJA","block":"LAKHANPUR","indicator":"girls_toilet_nonfunctional"}},{"type":"Feature","geometry":{"type":"Point","coordinates":[83.2975,22.8119]},"properties":{"udise":"22020401003","name":"GOVT MS KAMLESHWARPUR","state":"CHHATTISGARH","district":"SURGUJA","block":"MAINPAT","indicator":"girls_toilet_nonfunctional"}},{"type":"Feature","geometry":{"type":"Point","coordinates":[83.3558,22.8094]},"properties":{"udise":"22020405613","name":"GOVT MS PATROLTIKRA","state":"CHHATTISGARH","district":"SURGUJA","block":"MAINPAT","indicator":"girls_toilet_nonfunctional"}},{"type":"Feature","geometry":{"type":"Point","coordinates":[83.47,23.2319]},"properties":{"udise":"22020504001","name":"P.S. DARRIPARA","state":"CHHATTISGARH","district":"SURGUJA","block":"LUNDRA","indicator":"girls_toilet_nonfunctional"}},{"type":"Feature","geometry":{"type":"Point","coordinates":[82.9661,22.9703]},"properties":{"udise":"22020706301","name":"P.S. KAVALGIRI","state":"CHHATTISGARH","district":"SURGUJA","block":"UDAIPUR","indicator":"girls_toilet_nonfunctional"}},{"type":"Feature","geometry":{"type":"Point","coordinates":[83.09,22.8158]},"properties":{"udise":"22020601608","name":"P.S. MOUHARIPARA ARGOTI","state":"CHHATTISGARH","district":"SURGUJA","block":"LAKHANPUR","indicator":"girls_toilet_nonfunctional"}},{"type":"Feature","geometry":{"type":"Point","coordinates":[83.1781,22.9531]},"properties":{"udise":"22020609801","name":"P.S. DHANAORA","state":"CHHATTISGARH","district":"SURGUJA","block":"LAKHANPUR","indicator":"girls_toilet_nonfunctional"}},{"type":"Feature","geometry":{"type":"Point","coordinates":[83.3328,23.0717]},"properties":{"udise":"22020506606","name":"P.S. TONGARIPARA","state":"CHHATTISGARH","district":"SURGUJA","block":"LUNDRA","indicator":"girls_toilet_nonfunctional"}},{"type":"Feature","geometry":{"type":"Point","coordinates":[83.5417,22.8675]},"properties":{"udise":"22020304303","name":"M.S. SAHANPUR","state":"CHHATTISGARH","district":"SURGUJA","block":"SITAPUR","indicator":"girls_toilet_nonfunctional"}},{"type":"Feature","geometry":{"type":"Point","coordinates":[83.2019,23.0644]},"properties":{"udise":"22020107202","name":"GOVT.P.S. SALKAPARA","state":"CHHATTISGARH","district":"SURGUJA","block":"AMBIKAPUR","indicator":"girls_toilet_nonfunctional"}},{"type":"Feature","geometry":{"type":"Point","coordinates":[82.9325,22.9939]},"properties":{"udise":"22020708602","name":"P.S.G. KHAMHARIYA","state":"CHHATTISGARH","district":"SURGUJA","block":"UDAIPUR","indicator":"girls_toilet_nonfunctional"}},{"type":"Feature","geometry":{"type":"Point","coordinates":[83.3728,22.8086]},"properties":{"udise":"22020405802","name":"GOVT MS BAIGAHWAPARA","state":"CHHATTISGARH","district":"SURGUJA","block":"MAINPAT","indicator":"girls_toilet_nonfunctional"}},{"type":"Feature","geometry":{"type":"Point","coordinates":[83.4594,22.8264]},"properties":{"udise":"22020304403","name":"P.S.RAJAATA","state":"CHHATTISGARH","district":"SURGUJA","block":"SITAPUR","indicator":"girls_toilet_nonfunctional"}},{"type":"Feature","geometry":{"type":"Point","coordinates":[83.0978,23.0211]},"properties":{"udise":"22020602103","name":"P.S. KHEKHRAPARA","state":"CHHATTISGARH","district":"SURGUJA","block":"LAKHANPUR","indicator":"girls_toilet_nonfunctional"}},{"type":"Feature","geometry":{"type":"Point","coordinates":[83.1272,22.8603]},"properties":{"udise":"22020604805","name":"M.S. LEDRADAND","state":"CHHATTISGARH","district":"SURGUJA","block":"LAKHANPUR","indicator":"girls_toilet_nonfunctional"}},{"type":"Feature","geometry":{"type":"Point","coordinates":[83.2481,22.8442]},"properties":{"udise":"22020405302","name":"GOVT PS BADVAPAT","state":"CHHATTISGARH","district":"SURGUJA","block":"MAINPAT","indicator":"girls_toilet_nonfunctional"}},{"type":"Feature","geometry":{"type":"Point","coordinates":[82.9828,22.9403]},"properties":{"udise":"22020701402","name":"GOVT.M.S. JAJGA","state":"CHHATTISGARH","district":"SURGUJA","block":"UDAIPUR","indicator":"girls_toilet_nonfunctional"}},{"type":"Feature","geometry":{"type":"Point","coordinates":[82.9686,22.8647]},"properties":{"udise":"22020705101","name":"P.S. SUKHARIBHANDAR","state":"CHHATTISGARH","district":"SURGUJA","block":"UDAIPUR","indicator":"girls_toilet_nonfunctional"}},{"type":"Feature","geometry":{"type":"Point","coordinates":[82.98278,22.94028]},"properties":{"udise":"22020701405","name":"GOVT HIGH SCHOOL JAJGA","state":"CHHATTISGARH","district":"SURGUJA","block":"UDAIPUR","indicator":"girls_toilet_nonfunctional"}},{"type":"Feature","geometry":{"type":"Point","coordinates":[83.1328,22.7706]},"properties":{"udise":"22020601902","name":"P.S. KODWARIPARA","state":"CHHATTISGARH","district":"SURGUJA","block":"LAKHANPUR","indicator":"girls_toilet_nonfunctional"}},{"type":"Feature","geometry":{"type":"Point","coordinates":[83.4053,23.2583]},"properties":{"udise":"22020501901","name":"P.S. GADPAHAR","state":"CHHATTISGARH","district":"SURGUJA","block":"LUNDRA","indicator":"girls_toilet_nonfunctional"}},{"type":"Feature","geometry":{"type":"Point","coordinates":[83.3067,22.795]},"properties":{"udise":"22020400803","name":"GOVT PS JANGALPARA KUDARIDIH","state":"CHHATTISGARH","district":"SURGUJA","block":"MAINPAT","indicator":"girls_toilet_nonfunctional"}},{"type":"Feature","geometry":{"type":"Point","coordinates":[83.4222,22.7467]},"properties":{"udise":"22020402803","name":"GOVT PS BAHLAPARA","state":"CHHATTISGARH","district":"SURGUJA","block":"MAINPAT","indicator":"girls_toilet_nonfunctional"}}]}