{"type":"FeatureCollection","features":[{"type":"Feature","geometry":{"type":"Point","coordinates":[80.14005,19.40294]},"properties":{"udise":"27120600601","name":"Z P PRY SCHOOL TALWADA","state":"MAHARASHTRA","district":"GADCHIROLI","block":"AHERI","indicator":"no_girls_toilet"}},{"type":"Feature","geometry":{"type":"Point","coordinates":[80.06245,19.82768]},"properties":{"udise":"27120506501","name":"Z.P. PRY. SCHOOL, MADE MUDHOLI","state":"MAHARASHTRA","district":"GADCHIROLI","block":"CHAMORSHI","indicator":"no_girls_toilet"}},{"type":"Feature","geometry":{"type":"Point","coordinates":[80.00894,19.47716]},"properties":{"udise":"27120616301","name":"Z P PRY SCHOOL SHIVLINGPUR","state":"MAHARASHTRA","district":"GADCHIROLI","block":"AHERI","indicator":"no_girls_toilet"}},{"type":"Feature","geometry":{"type":"Point","coordinates":[80.10644,18.70568]},"properties":{"udise":"27120811001","name":"Z.P.P. DPEP SCHOOL  KOTTAGUDAM NADIKUDA","state":"MAHARASHTRA","district":"GADCHIROLI","block":"SIRONCHA","indicator":"no_girls_toilet"}},{"type":"Feature","geometry":{"type":"Point","coordinates":[80.4962,19.5808]},"properties":{"udise":"27120711201","name":"Z.P. PRM. SCHOOL,GORGATTA","state":"MAHARASHTRA","district":"GADCHIROLI","block":"ETAPALLI","indicator":"no_girls_toilet"}},{"type":"Feature","geometry":{"type":"Point","coordinates":[79.92714,19.74433]},"properties":{"udise":"27120503201","name":"Z.P.PRIMARY SCHOOL MALKAPUR","state":"MAHARASHTRA","district":"GADCHIROLI","block":"CHAMORSHI","indicator":"no_girls_toilet"}},{"type":"Feature","geometry":{"type":"Point","coordinates":[80.32829,19.25553]},"properties":{"udise":"27120608201","name":"Z P PRY SCHOOL MANDRA","state":"MAHARASHTRA","district":"GADCHIROLI","block":"AHERI","indicator":"no_girls_toilet"}},{"type":"Feature","geometry":{"type":"Point","coordinates":[79.97705,19.55591]},"properties":{"udise":"27120613701","name":"Z P PRY SCHOOL SINGANPETH","state":"MAHARASHTRA","district":"GADCHIROLI","block":"AHERI","indicator":"no_girls_toilet"}},{"type":"Feature","geometry":{"type":"Point","coordinates":[79.95618,19.49824]},"properties":{"udise":"27120615401","name":"Z P PRY SCHOOL SHIVNIPATH","state":"MAHARASHTRA","district":"GADCHIROLI","block":"AHERI","indicator":"no_girls_toilet"}},{"type":"Feature","geometry":{"type":"Point","coordinates":[79.97315,18.91613]},"properties":{"udise":"27120809201","name":"Z.P. PRM. SCHOOL POCHAMPALLI KOTA","state":"MAHARASHTRA","district":"GADCHIROLI","block":"SIRONCHA","indicator":"no_girls_toilet"}},{"type":"Feature","geometry":{"type":"Point","coordinates":[80.25564,19.8496]},"properties":{"udise":"27120715901","name":"Z.P. PRM. SCHOOL, GADERI","state":"MAHARASHTRA","district":"GADCHIROLI","block":"ETAPALLI","indicator":"no_girls_toilet"}},{"type":"Feature","geometry":{"type":"Point","coordinates":[80.02259,18.95076]},"properties":{"udise":"27120806001","name":"Z.P. PRM. SCHOOL VENELAYA","state":"MAHARASHTRA","district":"GADCHIROLI","block":"SIRONCHA","indicator":"no_girls_toilet"}},{"type":"Feature","geometry":{"type":"Point","coordinates":[80.47824,19.65622]},"properties":{"udise":"27120714101","name":"Z.P. PRIMARY SCHOOL MODASKE","state":"MAHARASHTRA","district":"GADCHIROLI","block":"ETAPALLI","indicator":"no_girls_toilet"}},{"type":"Feature","geometry":{"type":"Point","coordinates":[79.95621,19.49833]},"properties":{"udise":"27120615501","name":"Z P PRY SCHOOL RAIPUR","state":"MAHARASHTRA","district":"GADCHIROLI","block":"AHERI","indicator":"no_girls_toilet"}},{"type":"Feature","geometry":{"type":"Point","coordinates":[79.87558,19.09552]},"properties":{"udise":"27120807901","name":"Z.P. PRM. SCHOOL CHIKYALA","state":"MAHARASHTRA","district":"GADCHIROLI","block":"SIRONCHA","indicator":"no_girls_toilet"}},{"type":"Feature","geometry":{"type":"Point","coordinates":[80.07809,18.73052]},"properties":{"udise":"27120802801","name":"Z.P. PRM. SCHOOL WADADEM","state":"MAHARASHTRA","district":"GADCHIROLI","block":"SIRONCHA","indicator":"no_girls_toilet"}},{"type":"Feature","geometry":{"type":"Point","coordinates":[80.17381,19.71349]},"properties":{"udise":"27120904001","name":"ZILLA PRISHAD PRIMARY SCHOOL, Pulligudam","state":"MAHARASHTRA","district":"GADCHIROLI","block":"MULCHERA","indicator":"no_girls_toilet"}},{"type":"Feature","geometry":{"type":"Point","coordinates":[80.10726,18.78133]},"properties":{"udise":"27120802901","name":"Z.P. PRM. SCHOOL CHITTUR","state":"MAHARASHTRA","district":"GADCHIROLI","block":"SIRONCHA","indicator":"no_girls_toilet"}},{"type":"Feature","geometry":{"type":"Point","coordinates":[80.03043,19.70219]},"properties":{"udise":"27120902801","name":"ZILLA PRISHAD PRIMARY SCHOOL, Gatta","state":"MAHARASHTRA","district":"GADCHIROLI","block":"MULCHERA","indicator":"no_girls_toilet"}},{"type":"Feature","geometry":{"type":"Point","coordinates":[80.31244,19.30624]},"properties":{"udise":"27120616401","name":"Z P PRY SCHOOL EKARA","state":"MAHARASHTRA","district":"GADCHIROLI","block":"AHERI","indicator":"no_girls_toilet"}},{"type":"Feature","geometry":{"type":"Point","coordinates":[79.88471,19.76284]},"properties":{"udise":"27120503301","name":"Z.P.PRIMARY SCHOOL GUNDAPALLI","state":"MAHARASHTRA","district":"GADCHIROLI","block":"CHAMORSHI","indicator":"no_girls_toilet"}},{"type":"Feature","geometry":{"type":"Point","coordinates":[80.57332,20.47111]},"properties":{"udise":"27121012201","name":"ZILLA PARISHAD PRIMARY SCHOOL BHIMANKHOJI","state":"MAHARASHTRA","district":"GADCHIROLI","block":"KORCHI","indicator":"no_girls_toilet"}},{"type":"Feature","geometry":{"type":"Point","coordinates":[80.51351,20.36147]},"properties":{"udise":"27120407301","name":"Z. P. PRM. SCHOOL TUMDIKASA","state":"MAHARASHTRA","district":"GADCHIROLI","block":"DHANORA","indicator":"no_girls_toilet"}},{"type":"Feature","geometry":{"type":"Point","coordinates":[80.29392,19.87543]},"properties":{"udise":"27120716102","name":"Z.P. DPEP PRIMARY SCHOOL GADADAPALLI TOLA","state":"MAHARASHTRA","district":"GADCHIROLI","block":"ETAPALLI","indicator":"no_girls_toilet"}},{"type":"Feature","geometry":{"type":"Point","coordinates":[80.21129,20.62228]},"properties":{"udise":"27120300101","name":"Z. P. UPPER PRM.BOY'S SCHOOL , KURKHEDA","state":"MAHARASHTRA","district":"GADCHIROLI","block":"KURKHEDA","indicator":"no_girls_toilet"}},{"type":"Feature","geometry":{"type":"Point","coordinates":[80.31117,19.33787]},"properties":{"udise":"27120616501","name":"Z P PRY SCHOOL YERMANAR TOLA","state":"MAHARASHTRA","district":"GADCHIROLI","block":"AHERI","indicator":"no_girls_toilet"}},{"type":"Feature","geometry":{"type":"Point","coordinates":[80.30072,19.26812]},"properties":{"udise":"27120619001","name":"Z P PRY SCHOOL PALEKASA","state":"MAHARASHTRA","district":"GADCHIROLI","block":"AHERI","indicator":"no_girls_toilet"}},{"type":"Feature","geometry":{"type":"Point","coordinates":[80.28373,20.40008]},"properties":{"udise":"27120408601","name":"Z. P. PRM. SCHOOL NIMGAON IRU.","state":"MAHARASHTRA","district":"GADCHIROLI","block":"DHANORA","indicator":"no_girls_toilet"}},{"type":"Feature","geometry":{"type":"Point","coordinates":[79.92766,19.07347]},"properties":{"udise":"27120808603","name":"Z.P. PRIMARY SCHOOL PARSEWADA","state":"MAHARASHTRA","district":"GADCHIROLI","block":"SIRONCHA","indicator":"no_girls_toilet"}},{"type":"Feature","geometry":{"type":"Point","coordinates":[80.15078,20.38321]},"properties":{"udise":"27120205501","name":"Z.P.  UPPER PRIMARY SCHOOL KOREGAON RANGI","state":"MAHARASHTRA","district":"GADCHIROLI","block":"ARMORI","indicator":"no_girls_toilet"}},{"type":"Feature","geometry":{"type":"Point","coordinates":[79.98541,19.35351]},"properties":{"udise":"27120615801","name":"Z P PRY SCHOOL WANGEPALLI COLLONEY","state":"MAHARASHTRA","district":"GADCHIROLI","block":"AHERI","indicator":"no_girls_toilet"}},{"type":"Feature","geometry":{"type":"Point","coordinates":[80.20383,20.07576]},"properties":{"udise":"27120405001","name":"Z. P. PRM. SCHOOL ZARI","state":"MAHARASHTRA","district":"GADCHIROLI","block":"DHANORA","indicator":"no_girls_toilet"}},{"type":"Feature","geometry":{"type":"Point","coordinates":[80.12239,19.93722]},"properties":{"udise":"27120515301","name":"Z.P. PRIMARY SCHOOL BAVANCHUWA","state":"MAHARASHTRA","district":"GADCHIROLI","block":"CHAMORSHI","indicator":"no_girls_toilet"}},{"type":"Feature","geometry":{"type":"Point","coordinates":[80.59382,20.54949]},"properties":{"udise":"27121007601","name":"Z. P. PRIMARY SCHOOL GOTATOLA","state":"MAHARASHTRA","district":"GADCHIROLI","block":"KORCHI","indicator":"no_girls_toilet"}},{"type":"Feature","geometry":{"type":"Point","coordinates":[80.22747,20.63891]},"properties":{"udise":"27120316301","name":"Z.P. DPEP PRM. SCHOOL, SADHUTOLA","state":"MAHARASHTRA","district":"GADCHIROLI","block":"KURKHEDA","indicator":"no_girls_toilet"}},{"type":"Feature","geometry":{"type":"Point","coordinates":[80.03838,18.76094]},"properties":{"udise":"27120802401","name":"Z.P. PRM. SCHOOL AIPETHA","state":"MAHARASHTRA","district":"GADCHIROLI","block":"SIRONCHA","indicator":"no_girls_toilet"}},{"type":"Feature","geometry":{"type":"Point","coordinates":[80.07759,19.59604]},"properties":{"udise":"27120905601","name":"ZILLA PRISHAD PRIMARY SCHOOL, Mukhadi Tola","state":"MAHARASHTRA","district":"GADCHIROLI","block":"MULCHERA","indicator":"no_girls_toilet"}},{"type":"Feature","geometry":{"type":"Point","coordinates":[80.03524,18.97867]},"properties":{"udise":"27120805801","name":"Z.P. PRM. SCHOOL ROMPALLI","state":"MAHARASHTRA","district":"GADCHIROLI","block":"SIRONCHA","indicator":"no_girls_toilet"}},{"type":"Feature","geometry":{"type":"Point","coordinates":[80.33178,20.67839]},"properties":{"udise":"27120308501","name":"Z. P. PRM. SCHOOL, KOTALDOH","state":"MAHARASHTRA","district":"GADCHIROLI","block":"KURKHEDA","indicator":"no_girls_toilet"}},{"type":"Feature","geometry":{"type":"Point","coordinates":[80.13579,19.2702]},"properties":{"udise":"27120602501","name":"Z P PRY SCHOOL RAIGATTA","state":"MAHARASHTRA","district":"GADCHIROLI","block":"AHERI","indicator":"no_girls_toilet"}},{"type":"Feature","geometry":{"type":"Point","coordinates":[79.98978,19.3105]},"properties":{"udise":"27120607401","name":"Z P PRY SCHOOL KATEPALLI","state":"MAHARASHTRA","district":"GADCHIROLI","block":"AHERI","indicator":"no_girls_toilet"}},{"type":"Feature","geometry":{"type":"Point","coordinates":[80.40373,19.69158]},"properties":{"udise":"27120722201","name":"Z.P. (DPEP) PRM. SCHOOL, VELMAGAD","state":"MAHARASHTRA","district":"GADCHIROLI","block":"ETAPALLI","indicator":"no_girls_toilet"}},{"type":"Feature","geometry":{"type":"Point","coordinates":[80.20818,19.08123]},"properties":{"udise":"27120606302","name":"Z.P.P.S.  KISHTAPUR (DOD)","state":"MAHARASHTRA","district":"GADCHIROLI","block":"AHERI","indicator":"no_girls_toilet"}},{"type":"Feature","geometry":{"type":"Point","coordinates":[80.25103,19.06375]},"properties":{"udise":"27120609702","name":"Z P PRY SCHOOL SINDHA","state":"MAHARASHTRA","district":"GADCHIROLI","block":"AHERI","indicator":"no_girls_toilet"}},{"type":"Feature","geometry":{"type":"Point","coordinates":[80.55421,20.32149]},"properties":{"udise":"27120421801","name":"Z.P. PRM. SCHOOL V RAMPUR","state":"MAHARASHTRA","district":"GADCHIROLI","block":"DHANORA","indicator":"no_girls_toilet"}},{"type":"Feature","geometry":{"type":"Point","coordinates":[80.43762,19.31585]},"properties":{"udise":"27121107201","name":"Z. P. PRM. SCHOOL   MARAMPALLI","state":"MAHARASHTRA","district":"GADCHIROLI","block":"BHAMRAGAD","indicator":"no_girls_toilet"}},{"type":"Feature","geometry":{"type":"Point","coordinates":[80.31217,20.60473]},"properties":{"udise":"27120306801","name":"Z. P. PRM. SCHOOL,LAXMIPUR","state":"MAHARASHTRA","district":"GADCHIROLI","block":"KURKHEDA","indicator":"no_girls_toilet"}},{"type":"Feature","geometry":{"type":"Point","coordinates":[80.20314,19.44547]},"properties":{"udise":"27120604101","name":"Z P PRY SCHOOL GURJA BU.","state":"MAHARASHTRA","district":"GADCHIROLI","block":"AHERI","indicator":"no_girls_toilet"}},{"type":"Feature","geometry":{"type":"Point","coordinates":[80.18844,19.19286]},"properties":{"udise":"27120613402","name":"JAI PERSAPEN PRM SCHOOL KAMLAPUR","state":"MAHARASHTRA","district":"GADCHIROLI","block":"AHERI","indicator":"no_girls_toilet"}},{"type":"Feature","geometry":{"type":"Point","coordinates":[79.97876,19.47059]},"properties":{"udise":"27120614901","name":"Z P PRY SCHOOL TEKULGUDA","state":"MAHARASHTRA","district":"GADCHIROLI","block":"AHERI","indicator":"no_girls_toilet"}},{"type":"Feature","geometry":{"type":"Point","coordinates":[80.43423,19.99217]},"properties":{"udise":"27120716501","name":"Z.P. UPPER PRM. SCHOOL, JARAWANDI","state":"MAHARASHTRA","district":"GADCHIROLI","block":"ETAPALLI","indicator":"no_girls_toilet"}},{"type":"Feature","geometry":{"type":"Point","coordinates":[80.29418,19.54518]},"properties":{"udise":"27120718902","name":"Z.P. PRM SCHOOL UDERA","state":"MAHARASHTRA","district":"GADCHIROLI","block":"ETAPALLI","indicator":"no_girls_toilet"}},{"type":"Feature","geometry":{"type":"Point","coordinates":[80.10452,19.12027]},"properties":{"udise":"27120605401","name":"Z P PRY SCHOOL YENKABANDA","state":"MAHARASHTRA","district":"GADCHIROLI","block":"AHERI","indicator":"no_girls_toilet"}},{"type":"Feature","geometry":{"type":"Point","coordinates":[80.05139,19.1125]},"properties":{"udise":"27120605701","name":"Z P PRY SCHOOL KARANCHA","state":"MAHARASHTRA","district":"GADCHIROLI","block":"AHERI","indicator":"no_girls_toilet"}},{"type":"Feature","geometry":{"type":"Point","coordinates":[79.75853,19.80049]},"properties":{"udise":"27120513701","name":"Z.P. PRM. SCHOOL MUDHOLI TUKUM","state":"MAHARASHTRA","district":"GADCHIROLI","block":"CHAMORSHI","indicator":"no_girls_toilet"}},{"type":"Feature","geometry":{"type":"Point","coordinates":[79.98344,19.43496]},"properties":{"udise":"27120602001","name":"Z P PRY SCHOOL WANGEPALLI (GERRA)","state":"MAHARASHTRA","district":"GADCHIROLI","block":"AHERI","indicator":"no_girls_toilet"}},{"type":"Feature","geometry":{"type":"Point","coordinates":[80.0648,19.52752]},"properties":{"udise":"27120610203","name":"RAJE DHARMARAO HIGH SCHOOL VELGUR","state":"MAHARASHTRA","district":"GADCHIROLI","block":"AHERI","indicator":"no_girls_toilet"}},{"type":"Feature","geometry":{"type":"Point","coordinates":[80.009,19.51499]},"properties":{"udise":"27120618401","name":"Z P PRY SCHOOL INDIRANAGAR","state":"MAHARASHTRA","district":"GADCHIROLI","block":"AHERI","indicator":"no_girls_toilet"}},{"type":"Feature","geometry":{"type":"Point","coordinates":[79.96795,18.90926]},"properties":{"udise":"27120809101","name":"Z.P. PRM. SCHOOL KOTA","state":"MAHARASHTRA","district":"GADCHIROLI","block":"SIRONCHA","indicator":"no_girls_toilet"}},{"type":"Feature","geometry":{"type":"Point","coordinates":[80.16346,19.08745]},"properties":{"udise":"27120606901","name":"Z P PRY SCHOOL YEDRANGA","state":"MAHARASHTRA","district":"GADCHIROLI","block":"AHERI","indicator":"no_girls_toilet"}},{"type":"Feature","geometry":{"type":"Point","coordinates":[80.63305,19.5274]},"properties":{"udise":"27121100401","name":"Z. P. PRM. SCHOOL  GUNDURWAHI","state":"MAHARASHTRA","district":"GADCHIROLI","block":"BHAMRAGAD","indicator":"no_girls_toilet"}},{"type":"Feature","geometry":{"type":"Point","coordinates":[80.22579,18.72659]},"properties":{"udise":"27120803401","name":"Z.P. PRM. SCHOOL MUTTAPUR MAL","state":"MAHARASHTRA","district":"GADCHIROLI","block":"SIRONCHA","indicator":"no_girls_toilet"}},{"type":"Feature","geometry":{"type":"Point","coordinates":[80.224,19.40287]},"properties":{"udise":"27120603501","name":"Z P PRY SCHOOL MEDPALLI","state":"MAHARASHTRA","district":"GADCHIROLI","block":"AHERI","indicator":"no_girls_toilet"}},{"type":"Feature","geometry":{"type":"Point","coordinates":[80.14779,19.13964]},"properties":{"udise":"27120606701","name":"Z P PRY SCHOOL GUNDERA","state":"MAHARASHTRA","district":"GADCHIROLI","block":"AHERI","indicator":"no_girls_toilet"}},{"type":"Feature","geometry":{"type":"Point","coordinates":[79.98114,18.79787]},"properties":{"udise":"27120805001","name":"Z.P. PRM. SCHOOL RAJANNAPALLI","state":"MAHARASHTRA","district":"GADCHIROLI","block":"SIRONCHA","indicator":"no_girls_toilet"}},{"type":"Feature","geometry":{"type":"Point","coordinates":[80.1929,19.39106]},"properties":{"udise":"27120600701","name":"Z P PRY SCHOOL MIRKAL","state":"MAHARASHTRA","district":"GADCHIROLI","block":"AHERI","indicator":"no_girls_toilet"}},{"type":"Feature","geometry":{"type":"Point","coordinates":[79.93541,18.82101]},"properties":{"udise":"27120800401","name":"Z.P. PRM. SCHOOL CHINTALPALLI","state":"MAHARASHTRA","district":"GADCHIROLI","block":"SIRONCHA","indicator":"no_girls_toilet"}},{"type":"Feature","geometry":{"type":"Point","coordinates":[80.16177,19.9893]},"properties":{"udise":"27120106901","name":"Z.P.PRM. SCHOOL GAVHALHETI","state":"MAHARASHTRA","district":"GADCHIROLI","block":"GADCHIROLI","indicator":"no_girls_toilet"}},{"type":"Feature","geometry":{"type":"Point","coordinates":[80.15016,19.08364]},"properties":{"udise":"27120605601","name":"Z P UPP PRY SCHOOL RASPALLI","state":"MAHARASHTRA","district":"GADCHIROLI","block":"AHERI","indicator":"no_girls_toilet"}},{"type":"Feature","geometry":{"type":"Point","coordinates":[80.21265,19.10643]},"properties":{"udise":"27120617501","name":"Z P PRY SCHOOL KOTTAGUDAM (JIMAL)","state":"MAHARASHTRA","district":"GADCHIROLI","block":"AHERI","indicator":"no_girls_toilet"}},{"type":"Feature","geometry":{"type":"Point","coordinates":[79.90533,19.93414]},"properties":{"udise":"27120512201","name":"Z.P. PRY. SCHOOL, NACHANGAON","state":"MAHARASHTRA","district":"GADCHIROLI","block":"CHAMORSHI","indicator":"no_girls_toilet"}},{"type":"Feature","geometry":{"type":"Point","coordinates":[80.54182,19.70037]},"properties":{"udise":"27120711001","name":"Z.P. PRM. SCHOOL PUSKOTI","state":"MAHARASHTRA","district":"GADCHIROLI","block":"ETAPALLI","indicator":"no_girls_toilet"}},{"type":"Feature","geometry":{"type":"Point","coordinates":[80.35484,19.2439]},"properties":{"udise":"27120616801","name":"Z P PRY SCHOOL RUMALKASA","state":"MAHARASHTRA","district":"GADCHIROLI","block":"AHERI","indicator":"no_girls_toilet"}},{"type":"Feature","geometry":{"type":"Point","coordinates":[79.96245,19.58791]},"properties":{"udise":"27120900701","name":"ZILLA PRISHAD PRIMARY SCHOOL, Kolpalli","state":"MAHARASHTRA","district":"GADCHIROLI","block":"MULCHERA","indicator":"no_girls_toilet"}},{"type":"Feature","geometry":{"type":"Point","coordinates":[80.2398,20.03869]},"properties":{"udise":"27120420801","name":"Z.P. PRM. SCHOOL V BHAPDA","state":"MAHARASHTRA","district":"GADCHIROLI","block":"DHANORA","indicator":"no_girls_toilet"}},{"type":"Feature","geometry":{"type":"Point","coordinates":[80.36793,19.2335]},"properties":{"udise":"27120608101","name":"Z P UPP PRY SCHOOL DAMRANCHA","state":"MAHARASHTRA","district":"GADCHIROLI","block":"AHERI","indicator":"no_girls_toilet"}},{"type":"Feature","geometry":{"type":"Point","coordinates":[80.57243,19.71766]},"properties":{"udise":"27120720801","name":"Z.P. DPEP PRM. SCHOOL  REKALMETA","state":"MAHARASHTRA","district":"GADCHIROLI","block":"ETAPALLI","indicator":"no_girls_toilet"}},{"type":"Feature","geometry":{"type":"Point","coordinates":[79.85197,19.81011]},"properties":{"udise":"27120500501","name":"Z.P. PRY. SCHOOL, WAYGAON","state":"MAHARASHTRA","district":"GADCHIROLI","block":"CHAMORSHI","indicator":"no_girls_toilet"}},{"type":"Feature","geometry":{"type":"Point","coordinates":[80.09798,18.71528]},"properties":{"udise":"27120802101","name":"Z.P. PRM. SCHOOL KOTAPALLI","state":"MAHARASHTRA","district":"GADCHIROLI","block":"SIRONCHA","indicator":"no_girls_toilet"}},{"type":"Feature","geometry":{"type":"Point","coordinates":[80.35784,20.48082]},"properties":{"udise":"27120305001","name":"Z. P. PRM. SCHOOL, FARI","state":"MAHARASHTRA","district":"GADCHIROLI","block":"KURKHEDA","indicator":"no_girls_toilet"}},{"type":"Feature","geometry":{"type":"Point","coordinates":[80.55291,20.48744]},"properties":{"udise":"27121011001","name":"Z. P. PRIMARY SCHOOL NYAHAKAL","state":"MAHARASHTRA","district":"GADCHIROLI","block":"KORCHI","indicator":"no_girls_toilet"}},{"type":"Feature","geometry":{"type":"Point","coordinates":[79.90628,19.73134]},"properties":{"udise":"27120505701","name":"Z.P.UPPER PRIMARY SCHOOL ANANDGRAM","state":"MAHARASHTRA","district":"GADCHIROLI","block":"CHAMORSHI","indicator":"no_girls_toilet"}},{"type":"Feature","geometry":{"type":"Point","coordinates":[79.99696,19.09069]},"properties":{"udise":"27120605201","name":"Z P PRY SCHOOL MOTUKPALLI","state":"MAHARASHTRA","district":"GADCHIROLI","block":"AHERI","indicator":"no_girls_toilet"}},{"type":"Feature","geometry":{"type":"Point","coordinates":[80.55118,20.74009]},"properties":{"udise":"27121004701","name":"Z. P. PRIMARY SCHOOL TEKABEDAD","state":"MAHARASHTRA","district":"GADCHIROLI","block":"KORCHI","indicator":"no_girls_toilet"}},{"type":"Feature","geometry":{"type":"Point","coordinates":[80.11954,19.9955]},"properties":{"udise":"27120111001","name":"Z.P.PRM.SCHOOL (V) BITANTOLA","state":"MAHARASHTRA","district":"GADCHIROLI","block":"GADCHIROLI","indicator":"no_girls_toilet"}},{"type":"Feature","geometry":{"type":"Point","coordinates":[80.14574,20.41387]},"properties":{"udise":"27120206601","name":"Z.P. PRIMARY SCHOOL KURANDIMAL","state":"MAHARASHTRA","district":"GADCHIROLI","block":"ARMORI","indicator":"no_girls_toilet"}},{"type":"Feature","geometry":{"type":"Point","coordinates":[80.35446,20.6075]},"properties":{"udise":"27120307201","name":"Z. P. PRM. SCHOOL, JAMTOLA","state":"MAHARASHTRA","district":"GADCHIROLI","block":"KURKHEDA","indicator":"no_girls_toilet"}},{"type":"Feature","geometry":{"type":"Point","coordinates":[80.15229,19.10164]},"properties":{"udise":"27120620601","name":"Z P PRY SCHOOL MARRIGUDAM","state":"MAHARASHTRA","district":"GADCHIROLI","block":"AHERI","indicator":"no_girls_toilet"}},{"type":"Feature","geometry":{"type":"Point","coordinates":[80.24979,19.55003]},"properties":{"udise":"27120712001","name":"Z.P. PRM. SCHOOL TATIGUNDAM","state":"MAHARASHTRA","district":"GADCHIROLI","block":"ETAPALLI","indicator":"no_girls_toilet"}},{"type":"Feature","geometry":{"type":"Point","coordinates":[80.43084,19.45817]},"properties":{"udise":"27121103001","name":"Z. P. PRM. SCHOOL  WATELI","state":"MAHARASHTRA","district":"GADCHIROLI","block":"BHAMRAGAD","indicator":"no_girls_toilet"}},{"type":"Feature","geometry":{"type":"Point","coordinates":[80.34088,18.8257]},"properties":{"udise":"27120804001","name":"Z.P. PRM. SCHOOL RAIGUDAM","state":"MAHARASHTRA","district":"GADCHIROLI","block":"SIRONCHA","indicator":"no_girls_toilet"}},{"type":"Feature","geometry":{"type":"Point","coordinates":[80.00352,19.47482]},"properties":{"udise":"27120610401","name":"Z P UPP PRY SCHOOL ITALCHERU","state":"MAHARASHTRA","district":"GADCHIROLI","block":"AHERI","indicator":"no_girls_toilet"}},{"type":"Feature","geometry":{"type":"Point","coordinates":[79.96392,19.91495]},"properties":{"udise":"27120408801","name":"Z. P. UPPER  PRM. SCHOOL SAWARGAON","state":"MAHARASHTRA","district":"GADCHIROLI","block":"DHANORA","indicator":"no_girls_toilet"}},{"type":"Feature","geometry":{"type":"Point","coordinates":[80.37261,20.48747]},"properties":{"udise":"27120304701","name":"Z.P.PRM. SCHOOL KASARBODI","state":"MAHARASHTRA","district":"GADCHIROLI","block":"KURKHEDA","indicator":"no_girls_toilet"}},{"type":"Feature","geometry":{"type":"Point","coordinates":[80.36769,20.36455]},"properties":{"udise":"27120413601","name":"Z. P. (DPEP) PRIMARY  SCHOOL SINDESUR","state":"MAHARASHTRA","district":"GADCHIROLI","block":"DHANORA","indicator":"no_girls_toilet"}},{"type":"Feature","geometry":{"type":"Point","coordinates":[80.36385,20.6397]},"properties":{"udise":"27120307101","name":"Z. P. PRM. SCHOOL, DONGARGAON RAM","state":"MAHARASHTRA","district":"GADCHIROLI","block":"KURKHEDA","indicator":"no_girls_toilet"}},{"type":"Feature","geometry":{"type":"Point","coordinates":[79.97359,19.846]},"properties":{"udise":"27120526901","name":"Z.P. PRM. SCHOOL  BELGATTA MAL","state":"MAHARASHTRA","district":"GADCHIROLI","block":"CHAMORSHI","indicator":"girls_toilet_nonfunctional"}},{"type":"Feature","geometry":{"type":"Point","coordinates":[80.24212,19.87155]},"properties":{"udise":"27120725201","name":"Z.P. PRM. SCHOOL (V) , BHASMATOLA","state":"MAHARASHTRA","district":"GADCHIROLI","block":"ETAPALLI","indicator":"girls_toilet_nonfunctional"}},{"type":"Feature","geometry":{"type":"Point","coordinates":[80.1558,19.08246]},"properties":{"udise":"27120620201","name":"Z P PRY SCHOOL AMBEDKAR NAGAR","state":"MAHARASHTRA","district":"GADCHIROLI","block":"AHERI","indicator":"girls_toilet_nonfunctional"}},{"type":"Feature","geometry":{"type":"Point","coordinates":[80.06237,19.82762]},"properties":{"udise":"27120506801","name":"Z.P. PRY. SCHOOL, MAKKEPALLI CHEK NO.4","state":"MAHARASHTRA","district":"GADCHIROLI","block":"CHAMORSHI","indicator":"girls_toilet_nonfunctional"}},{"type":"Feature","geometry":{"type":"Point","coordinates":[80.01154,20.19083]},"properties":{"udise":"27120108101","name":"Z.P.PRM. SCHOOL KUMBHI MOKASA","state":"MAHARASHTRA","district":"GADCHIROLI","block":"GADCHIROLI","indicator":"girls_toilet_nonfunctional"}},{"type":"Feature","geometry":{"type":"Point","coordinates":[79.87548,19.09561]},"properties":{"udise":"27120808201","name":"Z.P. PRM. SCHOOL KOTAPALLI  R","state":"MAHARASHTRA","district":"GADCHIROLI","block":"SIRONCHA","indicator":"girls_toilet_nonfunctional"}},{"type":"Feature","geometry":{"type":"Point","coordinates":[80.35132,19.84372]},"properties":{"udise":"27120725501","name":"Z.P. PRM. SCHOOL CHOKHEWADA TOLA","state":"MAHARASHTRA","district":"GADCHIROLI","block":"ETAPALLI","indicator":"girls_toilet_nonfunctional"}},{"type":"Feature","geometry":{"type":"Point","coordinates":[80.20754,19.56954]},"properties":{"udise":"27120712801","name":"Z.P. UPPER PRM. SCHOOL GURUPALLI","state":"MAHARASHTRA","district":"GADCHIROLI","block":"ETAPALLI","indicator":"girls_toilet_nonfunctional"}},{"type":"Feature","geometry":{"type":"Point","coordinates":[80.19737,19.94972]},"properties":{"udise":"27120110301","name":"Z.P.PRM. SCHOOL (V) NAGVELI","state":"MAHARASHTRA","district":"GADCHIROLI","block":"GADCHIROLI","indicator":"girls_toilet_nonfunctional"}},{"type":"Feature","geometry":{"type":"Point","coordinates":[80.33132,19.69701]},"properties":{"udise":"27120703601","name":"Z.P. PRM. SCHOOL, MOHARLI","state":"MAHARASHTRA","district":"GADCHIROLI","block":"ETAPALLI","indicator":"girls_toilet_nonfunctional"}},{"type":"Feature","geometry":{"type":"Point","coordinates":[79.82415,19.82371]},"properties":{"udise":"27120500101","name":"Z.P. PRY. SCHOOL, YENAPUR","state":"MAHARASHTRA","district":"GADCHIROLI","block":"CHAMORSHI","indicator":"girls_toilet_nonfunctional"}},{"type":"Feature","geometry":{"type":"Point","coordinates":[80.45288,19.75788]},"properties":{"udise":"27120723001","name":"Z.P. PRM. SCHOOL  JIJAWANDI  TOLA","state":"MAHARASHTRA","district":"GADCHIROLI","block":"ETAPALLI","indicator":"girls_toilet_nonfunctional"}},{"type":"Feature","geometry":{"type":"Point","coordinates":[80.01558,19.80215]},"properties":{"udise":"27120508501","name":"Z.P. PRM. SCHOOL NAVEGAON GHOT","state":"MAHARASHTRA","district":"GADCHIROLI","block":"CHAMORSHI","indicator":"girls_toilet_nonfunctional"}},{"type":"Feature","geometry":{"type":"Point","coordinates":[80.24239,19.69343]},"properties":{"udise":"27120717801","name":"Z.P.PRM SCHOOL TAMBDA TOLA","state":"MAHARASHTRA","district":"GADCHIROLI","block":"ETAPALLI","indicator":"girls_toilet_nonfunctional"}},{"type":"Feature","geometry":{"type":"Point","coordinates":[79.75373,19.80369]},"properties":{"udise":"27120513201","name":"Z.P.UPPER PRIMARY SCHOOL MUDHOLI (RITH)","state":"MAHARASHTRA","district":"GADCHIROLI","block":"CHAMORSHI","indicator":"girls_toilet_nonfunctional"}},{"type":"Feature","geometry":{"type":"Point","coordinates":[80.36755,20.75036]},"properties":{"udise":"27121010801","name":"Z. P. PRIMARY SCHOOL LEKURBODI","state":"MAHARASHTRA","district":"GADCHIROLI","block":"KORCHI","indicator":"girls_toilet_nonfunctional"}},{"type":"Feature","geometry":{"type":"Point","coordinates":[80.45412,20.4472]},"properties":{"udise":"27120421501","name":"Z.P. PRM. SCHOOL V MARMA","state":"MAHARASHTRA","district":"GADCHIROLI","block":"DHANORA","indicator":"girls_toilet_nonfunctional"}},{"type":"Feature","geometry":{"type":"Point","coordinates":[80.49569,19.71301]},"properties":{"udise":"27120710801","name":"Z.P. PRM. SCHOOL NAINWADI","state":"MAHARASHTRA","district":"GADCHIROLI","block":"ETAPALLI","indicator":"girls_toilet_nonfunctional"}},{"type":"Feature","geometry":{"type":"Point","coordinates":[80.20983,20.11887]},"properties":{"udise":"27120404801","name":"Z. P. PRM. SCHOOL KUTHEGAON","state":"MAHARASHTRA","district":"GADCHIROLI","block":"DHANORA","indicator":"girls_toilet_nonfunctional"}},{"type":"Feature","geometry":{"type":"Point","coordinates":[80.57017,20.56847]},"properties":{"udise":"27121008801","name":"Z. P. PRIMARY SCHOOL SHIVRAJPUR","state":"MAHARASHTRA","district":"GADCHIROLI","block":"KORCHI","indicator":"girls_toilet_nonfunctional"}},{"type":"Feature","geometry":{"type":"Point","coordinates":[80.06469,19.06151]},"properties":{"udise":"27120604601","name":"Z P PRY SCHOOL UMANUR","state":"MAHARASHTRA","district":"GADCHIROLI","block":"AHERI","indicator":"girls_toilet_nonfunctional"}},{"type":"Feature","geometry":{"type":"Point","coordinates":[80.21288,20.62553]},"properties":{"udise":"27120318201","name":"Z.P. PRM. SCHOOL V, MOHGAON NO.3 NEW","state":"MAHARASHTRA","district":"GADCHIROLI","block":"KURKHEDA","indicator":"girls_toilet_nonfunctional"}},{"type":"Feature","geometry":{"type":"Point","coordinates":[80.06851,19.53428]},"properties":{"udise":"27120613201","name":"RAJE DHARMARAO PRY SCHOOL NAVEGAON","state":"MAHARASHTRA","district":"GADCHIROLI","block":"AHERI","indicator":"girls_toilet_nonfunctional"}},{"type":"Feature","geometry":{"type":"Point","coordinates":[79.98736,20.57886]},"properties":{"udise":"27121203801","name":"Z. P. PRM SCHOOL SHVRAJPUR","state":"MAHARASHTRA","district":"GADCHIROLI","block":"DESAIGANJ","indicator":"girls_toilet_nonfunctional"}},{"type":"Feature","geometry":{"type":"Point","coordinates":[80.60041,20.46398]},"properties":{"udise":"27121007001","name":"Z. P. PRIMARY SCHOOL BOTEZARI","state":"MAHARASHTRA","district":"GADCHIROLI","block":"KORCHI","indicator":"girls_toilet_nonfunctional"}},{"type":"Feature","geometry":{"type":"Point","coordinates":[80.41243,20.7445]},"properties":{"udise":"27121012101","name":"Z. P. PRIMARY SCHOOL  FULGONDI","state":"MAHARASHTRA","district":"GADCHIROLI","block":"KORCHI","indicator":"girls_toilet_nonfunctional"}},{"type":"Feature","geometry":{"type":"Point","coordinates":[80.04679,19.86105]},"properties":{"udise":"27120506201","name":"Z.P.UP. PRM. SCHOOL HALADWAHI","state":"MAHARASHTRA","district":"GADCHIROLI","block":"CHAMORSHI","indicator":"girls_toilet_nonfunctional"}},{"type":"Feature","geometry":{"type":"Point","coordinates":[80.00736,19.83843]},"properties":{"udise":"27120508801","name":"Z.P.PRM. SCHOOL SHANTINAGAR","state":"MAHARASHTRA","district":"GADCHIROLI","block":"CHAMORSHI","indicator":"girls_toilet_nonfunctional"}},{"type":"Feature","geometry":{"type":"Point","coordinates":[79.96739,18.84582]},"properties":{"udise":"27120800502","name":"Z.P. PRM. SCHOOL GIRLS KOTTAGUDAM","state":"MAHARASHTRA","district":"GADCHIROLI","block":"SIRONCHA","indicator":"girls_toilet_nonfunctional"}},{"type":"Feature","geometry":{"type":"Point","coordinates":[80.02879,19.9187]},"properties":{"udise":"27120526601","name":"Z.P. PRM. SCHOOL  LASANPETHTOLA","state":"MAHARASHTRA","district":"GADCHIROLI","block":"CHAMORSHI","indicator":"girls_toilet_nonfunctional"}},{"type":"Feature","geometry":{"type":"Point","coordinates":[79.98998,19.63917]},"properties":{"udise":"27120904301","name":"ZILLA PRISHAD PRIMARY SCHOOL, Udaynagar","state":"MAHARASHTRA","district":"GADCHIROLI","block":"MULCHERA","indicator":"girls_toilet_nonfunctional"}},{"type":"Feature","geometry":{"type":"Point","coordinates":[79.86607,19.53531]},"properties":{"udise":"27120901001","name":"ZILLA PRISHAD UPPER  PRIMARY SCHOOL, Machhigatta","state":"MAHARASHTRA","district":"GADCHIROLI","block":"MULCHERA","indicator":"girls_toilet_nonfunctional"}},{"type":"Feature","geometry":{"type":"Point","coordinates":[80.19449,20.02865]},"properties":{"udise":"27120106201","name":"Z.P.PRM. SCHOOL MARDA","state":"MAHARASHTRA","district":"GADCHIROLI","block":"GADCHIROLI","indicator":"girls_toilet_nonfunctional"}},{"type":"Feature","geometry":{"type":"Point","coordinates":[80.42222,19.58453]},"properties":{"udise":"27120714201","name":"Z.P. PRM. SCHOOL, PURSALGONDI","state":"MAHARASHTRA","district":"GADCHIROLI","block":"ETAPALLI","indicator":"girls_toilet_nonfunctional"}},{"type":"Feature","geometry":{"type":"Point","coordinates":[80.16088,19.32679]},"properties":{"udise":"27120602901","name":"Z P PRY SCHOOL CHIREPALLI","state":"MAHARASHTRA","district":"GADCHIROLI","block":"AHERI","indicator":"girls_toilet_nonfunctional"}},{"type":"Feature","geometry":{"type":"Point","coordinates":[80.20923,20.07595]},"properties":{"udise":"27120405101","name":"Z. P. PRM. SCHOOL FULBODI","state":"MAHARASHTRA","district":"GADCHIROLI","block":"DHANORA","indicator":"girls_toilet_nonfunctional"}},{"type":"Feature","geometry":{"type":"Point","coordinates":[80.40959,19.5062]},"properties":{"udise":"27121106401","name":"Z. P. PRM. SCHOOL VISAMUNDI","state":"MAHARASHTRA","district":"GADCHIROLI","block":"BHAMRAGAD","indicator":"girls_toilet_nonfunctional"}},{"type":"Feature","geometry":{"type":"Point","coordinates":[80.19392,19.76559]},"properties":{"udise":"27120902401","name":"ZILLA PRISHAD PRIMARY SCHOOL, Vengnur","state":"MAHARASHTRA","district":"GADCHIROLI","block":"MULCHERA","indicator":"girls_toilet_nonfunctional"}},{"type":"Feature","geometry":{"type":"Point","coordinates":[80.38182,19.94249]},"properties":{"udise":"27120716901","name":"Z.P. PRM. SCHOOL KASURWAHI","state":"MAHARASHTRA","district":"GADCHIROLI","block":"ETAPALLI","indicator":"girls_toilet_nonfunctional"}},{"type":"Feature","geometry":{"type":"Point","coordinates":[80.60153,19.38469]},"properties":{"udise":"27121100501","name":"Z. P. PRM. SCHOOL  GOLAGUDA","state":"MAHARASHTRA","district":"GADCHIROLI","block":"BHAMRAGAD","indicator":"girls_toilet_nonfunctional"}},{"type":"Feature","geometry":{"type":"Point","coordinates":[80.4334,19.33988]},"properties":{"udise":"27121102101","name":"Z. P. PRM. SCHOOL  JINIGAON","state":"MAHARASHTRA","district":"GADCHIROLI","block":"BHAMRAGAD","indicator":"girls_toilet_nonfunctional"}},{"type":"Feature","geometry":{"type":"Point","coordinates":[80.24757,19.71479]},"properties":{"udise":"27120724701","name":"Z.P. PRM. SCHOOL REGAWAHI","state":"MAHARASHTRA","district":"GADCHIROLI","block":"ETAPALLI","indicator":"girls_toilet_nonfunctional"}},{"type":"Feature","geometry":{"type":"Point","coordinates":[80.64772,19.3665]},"properties":{"udise":"27121104701","name":"Z. P. PRM. SCHOOL  GHOTAPADI","state":"MAHARASHTRA","district":"GADCHIROLI","block":"BHAMRAGAD","indicator":"girls_toilet_nonfunctional"}},{"type":"Feature","geometry":{"type":"Point","coordinates":[79.94267,19.26767]},"properties":{"udise":"27120607601","name":"Z P PRY SCHOOL KOTTAGUDAM","state":"MAHARASHTRA","district":"GADCHIROLI","block":"AHERI","indicator":"girls_toilet_nonfunctional"}},{"type":"Feature","geometry":{"type":"Point","coordinates":[80.39699,19.84422]},"properties":{"udise":"27120705501","name":"Z.P. PRM. SCHOOL, KOTTAKONDA BK","state":"MAHARASHTRA","district":"GADCHIROLI","block":"ETAPALLI","indicator":"girls_toilet_nonfunctional"}},{"type":"Feature","geometry":{"type":"Point","coordinates":[80.22745,19.6021]},"properties":{"udise":"27120711601","name":"Z.P. (GRS)  PRM. SCHOOL ETAPALLI","state":"MAHARASHTRA","district":"GADCHIROLI","block":"ETAPALLI","indicator":"girls_toilet_nonfunctional"}},{"type":"Feature","geometry":{"type":"Point","coordinates":[80.32352,19.91254]},"properties":{"udise":"27120723601","name":"Z.P. PRM. SCHOOL (V) MENDHARI","state":"MAHARASHTRA","district":"GADCHIROLI","block":"ETAPALLI","indicator":"girls_toilet_nonfunctional"}},{"type":"Feature","geometry":{"type":"Point","coordinates":[80.61869,19.69109]},"properties":{"udise":"27120724201","name":"Z.P. PRM. SCHOOL  NAITALA","state":"MAHARASHTRA","district":"GADCHIROLI","block":"ETAPALLI","indicator":"girls_toilet_nonfunctional"}},{"type":"Feature","geometry":{"type":"Point","coordinates":[80.34279,20.63478]},"properties":{"udise":"27120320301","name":"Z.P. PRM. SCHOOL V, HALBI TOLA","state":"MAHARASHTRA","district":"GADCHIROLI","block":"KURKHEDA","indicator":"girls_toilet_nonfunctional"}},{"type":"Feature","geometry":{"type":"Point","coordinates":[80.0038,19.41162]},"properties":{"udise":"27120615701","name":"Z P PRY SCHOOL WANGEPALLI GHAT","state":"MAHARASHTRA","district":"GADCHIROLI","block":"AHERI","indicator":"girls_toilet_nonfunctional"}},{"type":"Feature","geometry":{"type":"Point","coordinates":[79.90566,19.54229]},"properties":{"udise":"27120906301","name":"ZILLA PRISHAD UPPER  PRIMARY SCHOOL, Shantigram","state":"MAHARASHTRA","district":"GADCHIROLI","block":"MULCHERA","indicator":"girls_toilet_nonfunctional"}},{"type":"Feature","geometry":{"type":"Point","coordinates":[80.04715,19.39665]},"properties":{"udise":"27120600901","name":"Z P PRY SCHOOL TEKAMPALLI","state":"MAHARASHTRA","district":"GADCHIROLI","block":"AHERI","indicator":"girls_toilet_nonfunctional"}},{"type":"Feature","geometry":{"type":"Point","coordinates":[79.98277,19.48104]},"properties":{"udise":"27120614801","name":"Z P PRY SCHOOL SUBHASHNAGAR","state":"MAHARASHTRA","district":"GADCHIROLI","block":"AHERI","indicator":"girls_toilet_nonfunctional"}},{"type":"Feature","geometry":{"type":"Point","coordinates":[80.14018,18.72958]},"properties":{"udise":"27120801301","name":"Z.P. PRM. SCHOOL LAXMIDEVIPETH CHEK","state":"MAHARASHTRA","district":"GADCHIROLI","block":"SIRONCHA","indicator":"girls_toilet_nonfunctional"}},{"type":"Feature","geometry":{"type":"Point","coordinates":[80.36721,19.84536]},"properties":{"udise":"27120725101","name":"Z.P. PRM. SCHOOL MAGDANDI","state":"MAHARASHTRA","district":"GADCHIROLI","block":"ETAPALLI","indicator":"girls_toilet_nonfunctional"}},{"type":"Feature","geometry":{"type":"Point","coordinates":[80.03176,19.09228]},"properties":{"udise":"27120621001","name":"Z P PRY SCHOOL MARPALLI TOLA","state":"MAHARASHTRA","district":"GADCHIROLI","block":"AHERI","indicator":"girls_toilet_nonfunctional"}},{"type":"Feature","geometry":{"type":"Point","coordinates":[80.23625,20.35043]},"properties":{"udise":"27120405601","name":"Z. P. PRM. SCHOOL MAHAWADA NO.2","state":"MAHARASHTRA","district":"GADCHIROLI","block":"DHANORA","indicator":"girls_toilet_nonfunctional"}},{"type":"Feature","geometry":{"type":"Point","coordinates":[80.07553,20.19557]},"properties":{"udise":"27120110501","name":"Z.P.PRM SCHOOL (V) ALONITOLA","state":"MAHARASHTRA","district":"GADCHIROLI","block":"GADCHIROLI","indicator":"girls_toilet_nonfunctional"}},{"type":"Feature","geometry":{"type":"Point","coordinates":[80.5904,19.71447]},"properties":{"udise":"27120703801","name":"Z.P. PRM. SCHOOL,TODGATTA","state":"MAHARASHTRA","district":"GADCHIROLI","block":"ETAPALLI","indicator":"girls_toilet_nonfunctional"}},{"type":"Feature","geometry":{"type":"Point","coordinates":[79.80173,19.93663]},"properties":{"udise":"27120516601","name":"Z.P. PRM. SCHOOL EKODI","state":"MAHARASHTRA","district":"GADCHIROLI","block":"CHAMORSHI","indicator":"girls_toilet_nonfunctional"}},{"type":"Feature","geometry":{"type":"Point","coordinates":[80.46427,20.72332]},"properties":{"udise":"27121000401","name":"Z. P. PRIMARY SCHOOL PAKANABHATTI","state":"MAHARASHTRA","district":"GADCHIROLI","block":"KORCHI","indicator":"girls_toilet_nonfunctional"}},{"type":"Feature","geometry":{"type":"Point","coordinates":[80.26044,19.27597]},"properties":{"udise":"27120618801","name":"Z P PRY SCHOOL KAPEWANCHA","state":"MAHARASHTRA","district":"GADCHIROLI","block":"AHERI","indicator":"girls_toilet_nonfunctional"}},{"type":"Feature","geometry":{"type":"Point","coordinates":[80.37726,19.84712]},"properties":{"udise":"27120725001","name":"Z.P. PRM. SCHOOL KOTHARI","state":"MAHARASHTRA","district":"GADCHIROLI","block":"ETAPALLI","indicator":"girls_toilet_nonfunctional"}},{"type":"Feature","geometry":{"type":"Point","coordinates":[80.43819,19.96345]},"properties":{"udise":"27120721101","name":"Z.P. DPEP PRIMARY SCHOOL RECHA","state":"MAHARASHTRA","district":"GADCHIROLI","block":"ETAPALLI","indicator":"girls_toilet_nonfunctional"}},{"type":"Feature","geometry":{"type":"Point","coordinates":[80.27836,20.34378]},"properties":{"udise":"27120405901","name":"Z. P. PRM. SCHOOL MODEBHATTI","state":"MAHARASHTRA","district":"GADCHIROLI","block":"DHANORA","indicator":"girls_toilet_nonfunctional"}},{"type":"Feature","geometry":{"type":"Point","coordinates":[80.34931,19.30805]},"properties":{"udise":"27120612701","name":"Z P PRY SCHOOL RAPELLI","state":"MAHARASHTRA","district":"GADCHIROLI","block":"AHERI","indicator":"girls_toilet_nonfunctional"}},{"type":"Feature","geometry":{"type":"Point","coordinates":[80.44938,19.59171]},"properties":{"udise":"27120721701","name":"Z.P. (DPEP) PRM. SCHOOL PUSUMPALLI","state":"MAHARASHTRA","district":"GADCHIROLI","block":"ETAPALLI","indicator":"girls_toilet_nonfunctional"}},{"type":"Feature","geometry":{"type":"Point","coordinates":[80.2699,20.39058]},"properties":{"udise":"27120423001","name":"Z.P. PRM. SCHOOL V SINSUR","state":"MAHARASHTRA","district":"GADCHIROLI","block":"DHANORA","indicator":"girls_toilet_nonfunctional"}},{"type":"Feature","geometry":{"type":"Point","coordinates":[80.03377,20.19962]},"properties":{"udise":"27120105801","name":"Z.P.UPPER PRM. SCHOOL KHARPUNDI","state":"MAHARASHTRA","district":"GADCHIROLI","block":"GADCHIROLI","indicator":"girls_toilet_nonfunctional"}},{"type":"Feature","geometry":{"type":"Point","coordinates":[79.90288,19.58237]},"properties":{"udise":"27120907201","name":"ZILLA PRISHAD PRIMARY SCHOOL, Laxmipur (Dhannur Tola)","state":"MAHARASHTRA","district":"GADCHIROLI","block":"MULCHERA","indicator":"girls_toilet_nonfunctional"}},{"type":"Feature","geometry":{"type":"Point","coordinates":[80.18067,20.00604]},"properties":{"udise":"27120107101","name":"Z.P.PRM. SCHOOL JAMGAON","state":"MAHARASHTRA","district":"GADCHIROLI","block":"GADCHIROLI","indicator":"girls_toilet_nonfunctional"}},{"type":"Feature","geometry":{"type":"Point","coordinates":[80.08028,19.52343]},"properties":{"udise":"27120610701","name":"Z P PRY SCHOOL VELGUR TOLA","state":"MAHARASHTRA","district":"GADCHIROLI","block":"AHERI","indicator":"girls_toilet_nonfunctional"}},{"type":"Feature","geometry":{"type":"Point","coordinates":[80.30515,20.12654]},"properties":{"udise":"27120418901","name":"Z.P. DPEP PRIMARY SCHOOL HIPANER","state":"MAHARASHTRA","district":"GADCHIROLI","block":"DHANORA","indicator":"girls_toilet_nonfunctional"}},{"type":"Feature","geometry":{"type":"Point","coordinates":[80.21917,19.12087]},"properties":{"udise":"27120606101","name":"Z P PRY SCHOOL PATTIGAON Jml","state":"MAHARASHTRA","district":"GADCHIROLI","block":"AHERI","indicator":"girls_toilet_nonfunctional"}},{"type":"Feature","geometry":{"type":"Point","coordinates":[80.0164,18.78215]},"properties":{"udise":"27120805201","name":"Z.P. PRM. SCHOOL PENTIPAKA","state":"MAHARASHTRA","district":"GADCHIROLI","block":"SIRONCHA","indicator":"girls_toilet_nonfunctional"}},{"type":"Feature","geometry":{"type":"Point","coordinates":[80.52194,20.28843]},"properties":{"udise":"27120419601","name":"Z. P. PRM. SCHOOL KEHKAWAHI","state":"MAHARASHTRA","district":"GADCHIROLI","block":"DHANORA","indicator":"girls_toilet_nonfunctional"}},{"type":"Feature","geometry":{"type":"Point","coordinates":[79.82788,19.8319]},"properties":{"udise":"27120521901","name":"Z.P. UPPER PRM. SCHOOL, CHITTARANJANPUR","state":"MAHARASHTRA","district":"GADCHIROLI","block":"CHAMORSHI","indicator":"girls_toilet_nonfunctional"}},{"type":"Feature","geometry":{"type":"Point","coordinates":[80.54816,19.57448]},"properties":{"udise":"27120714501","name":"Z.P. PRM. SCHOOL YEDASGONDI","state":"MAHARASHTRA","district":"GADCHIROLI","block":"ETAPALLI","indicator":"girls_toilet_nonfunctional"}},{"type":"Feature","geometry":{"type":"Point","coordinates":[80.00676,19.99937]},"properties":{"udise":"27120517601","name":"Z.P. PRM. SCHOOL KASHIPUR","state":"MAHARASHTRA","district":"GADCHIROLI","block":"CHAMORSHI","indicator":"girls_toilet_nonfunctional"}},{"type":"Feature","geometry":{"type":"Point","coordinates":[80.23934,19.67163]},"properties":{"udise":"27120717701","name":"Z.P. PRM. SCHOOL TAMBDA  S.","state":"MAHARASHTRA","district":"GADCHIROLI","block":"ETAPALLI","indicator":"girls_toilet_nonfunctional"}},{"type":"Feature","geometry":{"type":"Point","coordinates":[80.16843,20.3097]},"properties":{"udise":"27120110701","name":"Z.P.PRM.SCHOOL V MOHTOLA","state":"MAHARASHTRA","district":"GADCHIROLI","block":"GADCHIROLI","indicator":"girls_toilet_nonfunctional"}},{"type":"Feature","geometry":{"type":"Point","coordinates":[79.96771,19.45613]},"properties":{"udise":"27120601201","name":"Z P UPP PRY SCHOOL MAHAGAON BU","state":"MAHARASHTRA","district":"GADCHIROLI","block":"AHERI","indicator":"girls_toilet_nonfunctional"}},{"type":"Feature","geometry":{"type":"Point","coordinates":[80.31918,19.38708]},"properties":{"udise":"27120603701","name":"Z P PRY SCHOOL ALDANDI","state":"MAHARASHTRA","district":"GADCHIROLI","block":"AHERI","indicator":"girls_toilet_nonfunctional"}},{"type":"Feature","geometry":{"type":"Point","coordinates":[80.04625,20.12275]},"properties":{"udise":"27120107801","name":"Z.P.PRM. SCHOOL MASELI","state":"MAHARASHTRA","district":"GADCHIROLI","block":"GADCHIROLI","indicator":"girls_toilet_nonfunctional"}},{"type":"Feature","geometry":{"type":"Point","coordinates":[80.22652,20.33275]},"properties":{"udise":"27120422701","name":"Z.P. PRM. SCHOOL (V) DHUSSANTOLA","state":"MAHARASHTRA","district":"GADCHIROLI","block":"DHANORA","indicator":"girls_toilet_nonfunctional"}},{"type":"Feature","geometry":{"type":"Point","coordinates":[80.36197,20.05027]},"properties":{"udise":"27120404201","name":"Z. P. PRM. SCHOOL CHICHODA","state":"MAHARASHTRA","district":"GADCHIROLI","block":"DHANORA","indicator":"girls_toilet_nonfunctional"}},{"type":"Feature","geometry":{"type":"Point","coordinates":[79.98016,20.32146]},"properties":{"udise":"27120108801","name":"Z.P.PRM. SCHOOL MOHAZARI PATCH","state":"MAHARASHTRA","district":"GADCHIROLI","block":"GADCHIROLI","indicator":"girls_toilet_nonfunctional"}},{"type":"Feature","geometry":{"type":"Point","coordinates":[80.39151,19.61219]},"properties":{"udise":"27120714701","name":"Z.P. PRM. SCHOOL MALAMPADI","state":"MAHARASHTRA","district":"GADCHIROLI","block":"ETAPALLI","indicator":"girls_toilet_nonfunctional"}},{"type":"Feature","geometry":{"type":"Point","coordinates":[80.17507,19.22782]},"properties":{"udise":"27120620801","name":"Z P PRY SCHOOL TELGUGUDA","state":"MAHARASHTRA","district":"GADCHIROLI","block":"AHERI","indicator":"girls_toilet_nonfunctional"}},{"type":"Feature","geometry":{"type":"Point","coordinates":[80.29409,19.22111]},"properties":{"udise":"27120608702","name":"Z P PRY SCHOOL NAINGUNDAM","state":"MAHARASHTRA","district":"GADCHIROLI","block":"AHERI","indicator":"girls_toilet_nonfunctional"}},{"type":"Feature","geometry":{"type":"Point","coordinates":[80.00846,20.49751]},"properties":{"udise":"27120201801","name":"Z.P. PRIMARY SCHOOL ANTARJI","state":"MAHARASHTRA","district":"GADCHIROLI","block":"ARMORI","indicator":"girls_toilet_nonfunctional"}},{"type":"Feature","geometry":{"type":"Point","coordinates":[80.20206,20.26532]},"properties":{"udise":"27120407901","name":"Z. P. PRM. SCHOOL GUJANWADI","state":"MAHARASHTRA","district":"GADCHIROLI","block":"DHANORA","indicator":"girls_toilet_nonfunctional"}},{"type":"Feature","geometry":{"type":"Point","coordinates":[80.51312,19.61263]},"properties":{"udise":"27120711501","name":"Z.P. PRM. SCHOOL GILANGUDA","state":"MAHARASHTRA","district":"GADCHIROLI","block":"ETAPALLI","indicator":"girls_toilet_nonfunctional"}},{"type":"Feature","geometry":{"type":"Point","coordinates":[80.15108,20.44359]},"properties":{"udise":"27120208701","name":"Z.P. PRIMARY SCHOOL SHIVANI KHURD","state":"MAHARASHTRA","district":"GADCHIROLI","block":"ARMORI","indicator":"girls_toilet_nonfunctional"}},{"type":"Feature","geometry":{"type":"Point","coordinates":[80.02456,19.92751]},"properties":{"udise":"27120514601","name":"Z.P. PRM. SCHOOL PAVI LASANPETH","state":"MAHARASHTRA","district":"GADCHIROLI","block":"CHAMORSHI","indicator":"girls_toilet_nonfunctional"}},{"type":"Feature","geometry":{"type":"Point","coordinates":[80.32998,19.60343]},"properties":{"udise":"27120712301","name":"Z.P. PRM. SCHOOL ZAREWADA","state":"MAHARASHTRA","district":"GADCHIROLI","block":"ETAPALLI","indicator":"girls_toilet_nonfunctional"}},{"type":"Feature","geometry":{"type":"Point","coordinates":[79.8916,19.54881]},"properties":{"udise":"27120900501","name":"ZILLA PRISHAD PRIMARY SCHOOL, Lagam Chek","state":"MAHARASHTRA","district":"GADCHIROLI","block":"MULCHERA","indicator":"girls_toilet_nonfunctional"}},{"type":"Feature","geometry":{"type":"Point","coordinates":[80.40908,20.06745]},"properties":{"udise":"27120403701","name":"Z. P. PRM. SCHOOL PULKHAL","state":"MAHARASHTRA","district":"GADCHIROLI","block":"DHANORA","indicator":"girls_toilet_nonfunctional"}},{"type":"Feature","geometry":{"type":"Point","coordinates":[80.122,19.77444]},"properties":{"udise":"27120509502","name":"GOVT. P.B. ASHRAM SCHOOL REGDI","state":"MAHARASHTRA","district":"GADCHIROLI","block":"CHAMORSHI","indicator":"girls_toilet_nonfunctional"}},{"type":"Feature","geometry":{"type":"Point","coordinates":[79.88892,19.9347]},"properties":{"udise":"27120519001","name":"Z.P. PRM. SCHOOL REKHEGAON","state":"MAHARASHTRA","district":"GADCHIROLI","block":"CHAMORSHI","indicator":"girls_toilet_nonfunctional"}},{"type":"Feature","geometry":{"type":"Point","coordinates":[80.13908,19.31028]},"properties":{"udise":"27120602701","name":"Z P PRY SCHOOL MARNELI","state":"MAHARASHTRA","district":"GADCHIROLI","block":"AHERI","indicator":"girls_toilet_nonfunctional"}},{"type":"Feature","geometry":{"type":"Point","coordinates":[80.20471,18.96132]},"properties":{"udise":"27120621201","name":"Z P PRY SCHOOL KALLED","state":"MAHARASHTRA","district":"GADCHIROLI","block":"AHERI","indicator":"girls_toilet_nonfunctional"}},{"type":"Feature","geometry":{"type":"Point","coordinates":[80.27367,19.62113]},"properties":{"udise":"27120722801","name":"Z.P. PRM. SCHOOL Ekara B.Tola","state":"MAHARASHTRA","district":"GADCHIROLI","block":"ETAPALLI","indicator":"girls_toilet_nonfunctional"}},{"type":"Feature","geometry":{"type":"Point","coordinates":[80.29917,20.01396]},"properties":{"udise":"27120420701","name":"Z.P. PRM. SCHOOL V SARANDA BK","state":"MAHARASHTRA","district":"GADCHIROLI","block":"DHANORA","indicator":"girls_toilet_nonfunctional"}},{"type":"Feature","geometry":{"type":"Point","coordinates":[80.69708,19.41424]},"properties":{"udise":"27121103201","name":"Z. P. PRM. SCHOOL  BHUSEWADA","state":"MAHARASHTRA","district":"GADCHIROLI","block":"BHAMRAGAD","indicator":"girls_toilet_nonfunctional"}},{"type":"Feature","geometry":{"type":"Point","coordinates":[80.10806,19.07495]},"properties":{"udise":"27120605302","name":"Z P PRY SCHOOL YERRAGADDA","state":"MAHARASHTRA","district":"GADCHIROLI","block":"AHERI","indicator":"girls_toilet_nonfunctional"}},{"type":"Feature","geometry":{"type":"Point","coordinates":[80.12461,18.83933]},"properties":{"udise":"27120802301","name":"Z.P. PRM. SCHOOL AHMEDALLI","state":"MAHARASHTRA","district":"GADCHIROLI","block":"SIRONCHA","indicator":"girls_toilet_nonfunctional"}},{"type":"Feature","geometry":{"type":"Point","coordinates":[80.15343,19.76684]},"properties":{"udise":"27120717401","name":"Z.P. PRM. SCHOOL CHANDANVELI","state":"MAHARASHTRA","district":"GADCHIROLI","block":"ETAPALLI","indicator":"girls_toilet_nonfunctional"}},{"type":"Feature","geometry":{"type":"Point","coordinates":[79.9938,19.14331]},"properties":{"udise":"27120616901","name":"Z P PRY SCHOOL AMBEZARA","state":"MAHARASHTRA","district":"GADCHIROLI","block":"AHERI","indicator":"girls_toilet_nonfunctional"}},{"type":"Feature","geometry":{"type":"Point","coordinates":[79.9218,19.53218]},"properties":{"udise":"27120900101","name":"ZILLA PRISHAD PRIMARY SCHOOL, Chutugunta","state":"MAHARASHTRA","district":"GADCHIROLI","block":"MULCHERA","indicator":"girls_toilet_nonfunctional"}},{"type":"Feature","geometry":{"type":"Point","coordinates":[80.35842,20.03392]},"properties":{"udise":"27120403601","name":"Z. P. PRM. SCHOOL RONDAWAHI","state":"MAHARASHTRA","district":"GADCHIROLI","block":"DHANORA","indicator":"girls_toilet_nonfunctional"}},{"type":"Feature","geometry":{"type":"Point","coordinates":[80.07274,19.98188]},"properties":{"udise":"27120517201","name":"ZILLA PARISHAD UPPER PRIMARI SCHOOL KUTHEGAON","state":"MAHARASHTRA","district":"GADCHIROLI","block":"CHAMORSHI","indicator":"girls_toilet_nonfunctional"}},{"type":"Feature","geometry":{"type":"Point","coordinates":[80.1517,20.1196]},"properties":{"udise":"27120418501","name":"Z.P.(DPEP) PRIMARY SCHOOL NAVEGAON","state":"MAHARASHTRA","district":"GADCHIROLI","block":"DHANORA","indicator":"girls_toilet_nonfunctional"}},{"type":"Feature","geometry":{"type":"Point","coordinates":[80.58768,20.41054]},"properties":{"udise":"27120409301","name":"Z. P. PRM. SCHOOL KISNELI","state":"MAHARASHTRA","district":"GADCHIROLI","block":"DHANORA","indicator":"girls_toilet_nonfunctional"}},{"type":"Feature","geometry":{"type":"Point","coordinates":[79.99001,18.98787]},"properties":{"udise":"27120805901","name":"Z.P. PRM. SCHOOL PUSUKPALLI","state":"MAHARASHTRA","district":"GADCHIROLI","block":"SIRONCHA","indicator":"girls_toilet_nonfunctional"}},{"type":"Feature","geometry":{"type":"Point","coordinates":[80.31142,20.27425]},"properties":{"udise":"27120420901","name":"Z.P. PRM. SCHOOL V USHIRPAR","state":"MAHARASHTRA","district":"GADCHIROLI","block":"DHANORA","indicator":"girls_toilet_nonfunctional"}},{"type":"Feature","geometry":{"type":"Point","coordinates":[80.08033,19.28495]},"properties":{"udise":"27120602201","name":"Z P PRY SCHOOL NANDIGAON","state":"MAHARASHTRA","district":"GADCHIROLI","block":"AHERI","indicator":"girls_toilet_nonfunctional"}},{"type":"Feature","geometry":{"type":"Point","coordinates":[80.35653,20.76957]},"properties":{"udise":"27121010601","name":"Z. P. PRIMARY SCHOOL MURKUTI","state":"MAHARASHTRA","district":"GADCHIROLI","block":"KORCHI","indicator":"girls_toilet_nonfunctional"}},{"type":"Feature","geometry":{"type":"Point","coordinates":[80.23071,20.56025]},"properties":{"udise":"27120317201","name":"Z.P. DPEP PRM. SCHOOL, SALAITOLA","state":"MAHARASHTRA","district":"GADCHIROLI","block":"KURKHEDA","indicator":"girls_toilet_nonfunctional"}},{"type":"Feature","geometry":{"type":"Point","coordinates":[79.96571,19.95085]},"properties":{"udise":"27120514701","name":"Z.P. PRM. SCHOOL KHORDA","state":"MAHARASHTRA","district":"GADCHIROLI","block":"CHAMORSHI","indicator":"girls_toilet_nonfunctional"}},{"type":"Feature","geometry":{"type":"Point","coordinates":[79.92698,19.53667]},"properties":{"udise":"27120900201","name":"ZILLA PRISHAD PRIMARY SCHOOL, Dampur","state":"MAHARASHTRA","district":"GADCHIROLI","block":"MULCHERA","indicator":"girls_toilet_nonfunctional"}},{"type":"Feature","geometry":{"type":"Point","coordinates":[80.3713,20.14111]},"properties":{"udise":"27120420501","name":"Z.P. PRM. SCHOOL V PAVARVEL","state":"MAHARASHTRA","district":"GADCHIROLI","block":"DHANORA","indicator":"girls_toilet_nonfunctional"}},{"type":"Feature","geometry":{"type":"Point","coordinates":[80.07318,19.90762]},"properties":{"udise":"27120514901","name":"Z.P. PRM. SCHOOL ABAPUR","state":"MAHARASHTRA","district":"GADCHIROLI","block":"CHAMORSHI","indicator":"girls_toilet_nonfunctional"}},{"type":"Feature","geometry":{"type":"Point","coordinates":[79.81457,19.63595]},"properties":{"udise":"27120502601","name":"Z.P. PRM. SCHOOL RAMANGATTA","state":"MAHARASHTRA","district":"GADCHIROLI","block":"CHAMORSHI","indicator":"girls_toilet_nonfunctional"}},{"type":"Feature","geometry":{"type":"Point","coordinates":[80.0498,20.56937]},"properties":{"udise":"27121201201","name":"Z. P. PRM. SCHOOL CHIKHALI RITH","state":"MAHARASHTRA","district":"GADCHIROLI","block":"DESAIGANJ","indicator":"girls_toilet_nonfunctional"}},{"type":"Feature","geometry":{"type":"Point","coordinates":[80.14058,18.73617]},"properties":{"udise":"27120801401","name":"Z.P. PRIMARY SCHOOL LAXMIDEVIPETHA RAYAT","state":"MAHARASHTRA","district":"GADCHIROLI","block":"SIRONCHA","indicator":"girls_toilet_nonfunctional"}},{"type":"Feature","geometry":{"type":"Point","coordinates":[79.96008,18.82642]},"properties":{"udise":"27120804801","name":"Z.P. PRM. SCHOOL JANAMPALLI","state":"MAHARASHTRA","district":"GADCHIROLI","block":"SIRONCHA","indicator":"girls_toilet_nonfunctional"}},{"type":"Feature","geometry":{"type":"Point","coordinates":[79.95883,19.18311]},"properties":{"udise":"27120607801","name":"Z P PRY SCHOOL VENKATAPUR","state":"MAHARASHTRA","district":"GADCHIROLI","block":"AHERI","indicator":"girls_toilet_nonfunctional"}},{"type":"Feature","geometry":{"type":"Point","coordinates":[80.59076,19.40103]},"properties":{"udise":"27121107601","name":"Z.P. PRM. SCHOOL V  ZAREGUDA","state":"MAHARASHTRA","district":"GADCHIROLI","block":"BHAMRAGAD","indicator":"girls_toilet_nonfunctional"}},{"type":"Feature","geometry":{"type":"Point","coordinates":[80.2614,19.43826]},"properties":{"udise":"27120604201","name":"Z P PRY SCHOOL KACHLER","state":"MAHARASHTRA","district":"GADCHIROLI","block":"AHERI","indicator":"girls_toilet_nonfunctional"}},{"type":"Feature","geometry":{"type":"Point","coordinates":[79.91166,19.54415]},"properties":{"udise":"27120907301","name":"ZILLA PRISHAD PRIMARY SCHOOL, Bondagudam","state":"MAHARASHTRA","district":"GADCHIROLI","block":"MULCHERA","indicator":"girls_toilet_nonfunctional"}},{"type":"Feature","geometry":{"type":"Point","coordinates":[80.57495,19.45852]},"properties":{"udise":"27121105801","name":"Z. P. PRM. SCHOOL  KARAMPALLI","state":"MAHARASHTRA","district":"GADCHIROLI","block":"BHAMRAGAD","indicator":"girls_toilet_nonfunctional"}},{"type":"Feature","geometry":{"type":"Point","coordinates":[80.31061,19.94274]},"properties":{"udise":"27120716401","name":"Z.P. PRIMARY SCHOOL REKNAR","state":"MAHARASHTRA","district":"GADCHIROLI","block":"ETAPALLI","indicator":"girls_toilet_nonfunctional"}},{"type":"Feature","geometry":{"type":"Point","coordinates":[80.12854,20.1434]},"properties":{"udise":"27120404502","name":"JAI PERSAPEN HIGH SCHOOL JAMBHALI","state":"MAHARASHTRA","district":"GADCHIROLI","block":"DHANORA","indicator":"girls_toilet_nonfunctional"}},{"type":"Feature","geometry":{"type":"Point","coordinates":[79.9996,19.9754]},"properties":{"udise":"27120523101","name":"Z.P.P.SCHOOL UMRED TOLA","state":"MAHARASHTRA","district":"GADCHIROLI","block":"CHAMORSHI","indicator":"girls_toilet_nonfunctional"}},{"type":"Feature","geometry":{"type":"Point","coordinates":[80.05858,19.94877]},"properties":{"udise":"27120514301","name":"Z.P. PRM. SCHOOL RAVANPALLI","state":"MAHARASHTRA","district":"GADCHIROLI","block":"CHAMORSHI","indicator":"girls_toilet_nonfunctional"}},{"type":"Feature","geometry":{"type":"Point","coordinates":[80.18582,18.89404]},"properties":{"udise":"27120806701","name":"Z.P. PRM. SCHOOL MANGIGUDAM","state":"MAHARASHTRA","district":"GADCHIROLI","block":"SIRONCHA","indicator":"girls_toilet_nonfunctional"}},{"type":"Feature","geometry":{"type":"Point","coordinates":[80.32968,20.63482]},"properties":{"udise":"27120319601","name":"Z.P. PRM. SCHOOL V, CHIKHAL DOKADA","state":"MAHARASHTRA","district":"GADCHIROLI","block":"KURKHEDA","indicator":"girls_toilet_nonfunctional"}},{"type":"Feature","geometry":{"type":"Point","coordinates":[80.00023,18.99004]},"properties":{"udise":"27120805601","name":"Z.P. PRM. SCHOOL BORAMPALLI","state":"MAHARASHTRA","district":"GADCHIROLI","block":"SIRONCHA","indicator":"girls_toilet_nonfunctional"}},{"type":"Feature","geometry":{"type":"Point","coordinates":[80.17714,20.1128]},"properties":{"udise":"27120404402","name":"LALSHAH  MADAVI HIGH SCHOOL KARWAFA","state":"MAHARASHTRA","district":"GADCHIROLI","block":"DHANORA","indicator":"girls_toilet_nonfunctional"}},{"type":"Feature","geometry":{"type":"Point","coordinates":[80.31716,20.03677]},"properties":{"udise":"27120404001","name":"Z. P. PRM. SCHOOL GATTA","state":"MAHARASHTRA","district":"GADCHIROLI","block":"DHANORA","indicator":"girls_toilet_nonfunctional"}},{"type":"Feature","geometry":{"type":"Point","coordinates":[80.03513,19.80422]},"properties":{"udise":"27120510401","name":"Z.P. PRM. SCHOOL POTEPALLI","state":"MAHARASHTRA","district":"GADCHIROLI","block":"CHAMORSHI","indicator":"girls_toilet_nonfunctional"}},{"type":"Feature","geometry":{"type":"Point","coordinates":[79.97186,19.48064]},"properties":{"udise":"27120614701","name":"Z P PRY SCHOOL MUTTAPUR","state":"MAHARASHTRA","district":"GADCHIROLI","block":"AHERI","indicator":"girls_toilet_nonfunctional"}},{"type":"Feature","geometry":{"type":"Point","coordinates":[80.47251,20.40151]},"properties":{"udise":"27120421901","name":"Z.P. PRM. SCHOOL V CHARWAHI","state":"MAHARASHTRA","district":"GADCHIROLI","block":"DHANORA","indicator":"girls_toilet_nonfunctional"}},{"type":"Feature","geometry":{"type":"Point","coordinates":[80.00731,19.81333]},"properties":{"udise":"27120522601","name":"Z.P. ( MARATHI ) SCHOOL PETH (GHOT)","state":"MAHARASHTRA","district":"GADCHIROLI","block":"CHAMORSHI","indicator":"girls_toilet_nonfunctional"}},{"type":"Feature","geometry":{"type":"Point","coordinates":[80.61837,19.68624]},"properties":{"udise":"27120711101","name":"Z.P. PRM. SCHOOL, MUREWADA","state":"MAHARASHTRA","district":"GADCHIROLI","block":"ETAPALLI","indicator":"girls_toilet_nonfunctional"}},{"type":"Feature","geometry":{"type":"Point","coordinates":[80.49986,20.00605]},"properties":{"udise":"27120707001","name":"Z.P. PRIMARY SCHOOL KURUMWADA","state":"MAHARASHTRA","district":"GADCHIROLI","block":"ETAPALLI","indicator":"girls_toilet_nonfunctional"}},{"type":"Feature","geometry":{"type":"Point","coordinates":[80.35313,19.83691]},"properties":{"udise":"27120700101","name":"Z. P. UPPER PRM. SCHOOL KASANSUR","state":"MAHARASHTRA","district":"GADCHIROLI","block":"ETAPALLI","indicator":"girls_toilet_nonfunctional"}},{"type":"Feature","geometry":{"type":"Point","coordinates":[80.22739,19.59604]},"properties":{"udise":"27120710501","name":"Z.P. PRM. SCHOOL WATELI","state":"MAHARASHTRA","district":"GADCHIROLI","block":"ETAPALLI","indicator":"girls_toilet_nonfunctional"}},{"type":"Feature","geometry":{"type":"Point","coordinates":[80.00597,19.96201]},"properties":{"udise":"27120514401","name":"Z.P. PRM. SCHOOL JOGANA","state":"MAHARASHTRA","district":"GADCHIROLI","block":"CHAMORSHI","indicator":"girls_toilet_nonfunctional"}},{"type":"Feature","geometry":{"type":"Point","coordinates":[80.45582,20.41095]},"properties":{"udise":"27120421401","name":"Z.P. PRM. SCHOOL V BHATMARYAN","state":"MAHARASHTRA","district":"GADCHIROLI","block":"DHANORA","indicator":"girls_toilet_nonfunctional"}},{"type":"Feature","geometry":{"type":"Point","coordinates":[80.25864,19.04831]},"properties":{"udise":"27120621101","name":"Z.P.PRM.SCHOOL JOGANGUDA DECHLI","state":"MAHARASHTRA","district":"GADCHIROLI","block":"AHERI","indicator":"girls_toilet_nonfunctional"}},{"type":"Feature","geometry":{"type":"Point","coordinates":[80.33683,20.56859]},"properties":{"udise":"27120320401","name":"Z.P. PRM. SCHOOL V, WARVI TOLA","state":"MAHARASHTRA","district":"GADCHIROLI","block":"KURKHEDA","indicator":"girls_toilet_nonfunctional"}},{"type":"Feature","geometry":{"type":"Point","coordinates":[80.19669,20.60116]},"properties":{"udise":"27120303601","name":"Z. P. UPPER PRM. SCHOOL, MALDUGI","state":"MAHARASHTRA","district":"GADCHIROLI","block":"KURKHEDA","indicator":"girls_toilet_nonfunctional"}},{"type":"Feature","geometry":{"type":"Point","coordinates":[80.15194,20.63677]},"properties":{"udise":"27120302001","name":"Z. P. PRM. SCHOOL, KHEDEGAON","state":"MAHARASHTRA","district":"GADCHIROLI","block":"KURKHEDA","indicator":"girls_toilet_nonfunctional"}},{"type":"Feature","geometry":{"type":"Point","coordinates":[80.01715,20.24927]},"properties":{"udise":"27120103801","name":"Z.P.PRM. SCHOOL MAHADWADI","state":"MAHARASHTRA","district":"GADCHIROLI","block":"GADCHIROLI","indicator":"girls_toilet_nonfunctional"}},{"type":"Feature","geometry":{"type":"Point","coordinates":[80.56605,19.75281]},"properties":{"udise":"27120723201","name":"Z.P. PRIMARY SCHOOL HINDUR","state":"MAHARASHTRA","district":"GADCHIROLI","block":"ETAPALLI","indicator":"girls_toilet_nonfunctional"}},{"type":"Feature","geometry":{"type":"Point","coordinates":[80.25618,18.78017]},"properties":{"udise":"27120803901","name":"Z.P. PRIMARY SCHOOL SOMANPALLI","state":"MAHARASHTRA","district":"GADCHIROLI","block":"SIRONCHA","indicator":"girls_toilet_nonfunctional"}},{"type":"Feature","geometry":{"type":"Point","coordinates":[80.21465,20.60899]},"properties":{"udise":"27120303205","name":"SHISHU MANDIR PRIMARY SCHOOL, GOTHANGAON","state":"MAHARASHTRA","district":"GADCHIROLI","block":"KURKHEDA","indicator":"girls_toilet_nonfunctional"}},{"type":"Feature","geometry":{"type":"Point","coordinates":[80.36824,19.33637]},"properties":{"udise":"27121107001","name":"Z. P. PRM. SCHOOL  SIPANPALLI","state":"MAHARASHTRA","district":"GADCHIROLI","block":"BHAMRAGAD","indicator":"girls_toilet_nonfunctional"}},{"type":"Feature","geometry":{"type":"Point","coordinates":[80.1707,20.67274]},"properties":{"udise":"27120318301","name":"Z.P. PRM. SCHOOL V, DHUTITOLA","state":"MAHARASHTRA","district":"GADCHIROLI","block":"KURKHEDA","indicator":"girls_toilet_nonfunctional"}},{"type":"Feature","geometry":{"type":"Point","coordinates":[79.89284,19.58736]},"properties":{"udise":"27120900301","name":"ZILLA PRISHAD PRIMARY SCHOOL, Dhannur","state":"MAHARASHTRA","district":"GADCHIROLI","block":"MULCHERA","indicator":"girls_toilet_nonfunctional"}},{"type":"Feature","geometry":{"type":"Point","coordinates":[80.32502,19.54765]},"properties":{"udise":"27120708001","name":"Z.P. PRM. SCHOOL MARKAL","state":"MAHARASHTRA","district":"GADCHIROLI","block":"ETAPALLI","indicator":"girls_toilet_nonfunctional"}},{"type":"Feature","geometry":{"type":"Point","coordinates":[80.14992,18.73783]},"properties":{"udise":"27120801601","name":"Z.P. PRIMARY SCHOOL JANGALPALLI","state":"MAHARASHTRA","district":"GADCHIROLI","block":"SIRONCHA","indicator":"girls_toilet_nonfunctional"}},{"type":"Feature","geometry":{"type":"Point","coordinates":[80.05945,19.92452]},"properties":{"udise":"27120524601","name":"Z.P. PRM. SCHOOL  PANDARI BHATAL","state":"MAHARASHTRA","district":"GADCHIROLI","block":"CHAMORSHI","indicator":"girls_toilet_nonfunctional"}},{"type":"Feature","geometry":{"type":"Point","coordinates":[79.87485,19.53067]},"properties":{"udise":"27120901101","name":"ZILLA PRISHAD UPPER PRIMARY SCHOOL, Marpalli","state":"MAHARASHTRA","district":"GADCHIROLI","block":"MULCHERA","indicator":"girls_toilet_nonfunctional"}},{"type":"Feature","geometry":{"type":"Point","coordinates":[80.26555,19.03682]},"properties":{"udise":"27120617101","name":"Z P PRY SCHOOL KODSEPALLI D","state":"MAHARASHTRA","district":"GADCHIROLI","block":"AHERI","indicator":"girls_toilet_nonfunctional"}},{"type":"Feature","geometry":{"type":"Point","coordinates":[80.36666,19.67404]},"properties":{"udise":"27120703201","name":"Z.P. PRM. SCHOOL, NAGULWADI","state":"MAHARASHTRA","district":"GADCHIROLI","block":"ETAPALLI","indicator":"girls_toilet_nonfunctional"}},{"type":"Feature","geometry":{"type":"Point","coordinates":[80.57554,19.62872]},"properties":{"udise":"27120720701","name":"Z.P. PRM. SCHOOL WALAVI","state":"MAHARASHTRA","district":"GADCHIROLI","block":"ETAPALLI","indicator":"girls_toilet_nonfunctional"}},{"type":"Feature","geometry":{"type":"Point","coordinates":[80.02806,19.98536]},"properties":{"udise":"27120517101","name":"Z.P.UPPER PRIMARY SCHOOL MALLER MAL","state":"MAHARASHTRA","district":"GADCHIROLI","block":"CHAMORSHI","indicator":"girls_toilet_nonfunctional"}},{"type":"Feature","geometry":{"type":"Point","coordinates":[79.80453,19.70854]},"properties":{"udise":"27120502001","name":"Z.P.PRY. SCHOOL CHANDANKHEDI RAI","state":"MAHARASHTRA","district":"GADCHIROLI","block":"CHAMORSHI","indicator":"girls_toilet_nonfunctional"}},{"type":"Feature","geometry":{"type":"Point","coordinates":[80.54047,20.44152]},"properties":{"udise":"27120422901","name":"Z.P. PRM. SCHOOL V LAHAN ZELIYA","state":"MAHARASHTRA","district":"GADCHIROLI","block":"DHANORA","indicator":"girls_toilet_nonfunctional"}},{"type":"Feature","geometry":{"type":"Point","coordinates":[80.47675,20.08296]},"properties":{"udise":"27120420401","name":"Z.P. PRM. SCHOOL V PALSGAON","state":"MAHARASHTRA","district":"GADCHIROLI","block":"DHANORA","indicator":"girls_toilet_nonfunctional"}},{"type":"Feature","geometry":{"type":"Point","coordinates":[79.87482,19.51501]},"properties":{"udise":"27120907001","name":"ZILLA PRISHAD PRIMARY SCHOOL, Marpalli Tola","state":"MAHARASHTRA","district":"GADCHIROLI","block":"MULCHERA","indicator":"girls_toilet_nonfunctional"}},{"type":"Feature","geometry":{"type":"Point","coordinates":[80.1551,20.21737]},"properties":{"udise":"27120410201","name":"Z. P. PRM. SCHOOL KUDAKWAHI","state":"MAHARASHTRA","district":"GADCHIROLI","block":"DHANORA","indicator":"girls_toilet_nonfunctional"}},{"type":"Feature","geometry":{"type":"Point","coordinates":[80.27108,20.08853]},"properties":{"udise":"27120410601","name":"Z. P. UPPER PRM. SCHOOL KONDAWAHI","state":"MAHARASHTRA","district":"GADCHIROLI","block":"DHANORA","indicator":"girls_toilet_nonfunctional"}},{"type":"Feature","geometry":{"type":"Point","coordinates":[80.02796,19.98525]},"properties":{"udise":"27120517301","name":"Z.P.UPPER PRIMARY SCHOOL MALERCHAK","state":"MAHARASHTRA","district":"GADCHIROLI","block":"CHAMORSHI","indicator":"girls_toilet_nonfunctional"}},{"type":"Feature","geometry":{"type":"Point","coordinates":[80.37181,21.16327]},"properties":{"udise":"27110303001","name":"Z.P.U.P.SCHOOL MULLA","state":"MAHARASHTRA","district":"GONDIYA","block":"DEORI","indicator":"no_girls_toilet"}},{"type":"Feature","geometry":{"type":"Point","coordinates":[80.24311,21.54238]},"properties":{"udise":"27110413101","name":"Z.P. PRATHMIK SHALA MURPAR","state":"MAHARASHTRA","district":"GONDIYA","block":"GONDIA","indicator":"no_girls_toilet"}},{"type":"Feature","geometry":{"type":"Point","coordinates":[80.15059,21.23186]},"properties":{"udise":"27110704501","name":"Z.P.PRIMARY SCHOOL MALIJUNGA","state":"MAHARASHTRA","district":"GONDIYA","block":"SADAK ARJUNI","indicator":"no_girls_toilet"}},{"type":"Feature","geometry":{"type":"Point","coordinates":[80.14181,20.73326]},"properties":{"udise":"27110110301","name":"Z.P. P. SCHOOL GAVARRA","state":"MAHARASHTRA","district":"GONDIYA","block":"ARJUNI MOR","indicator":"no_girls_toilet"}},{"type":"Feature","geometry":{"type":"Point","coordinates":[80.11057,21.3294]},"properties":{"udise":"27110503301","name":"Z.P.U. PRIMARY SCHOOL TIMEZARI","state":"MAHARASHTRA","district":"GONDIYA","block":"GOREGAON","indicator":"no_girls_toilet"}},{"type":"Feature","geometry":{"type":"Point","coordinates":[80.52402,20.89778]},"properties":{"udise":"27110307901","name":"Z.P. PRI. SCHOOL MURMADI","state":"MAHARASHTRA","district":"GONDIYA","block":"DEORI","indicator":"no_girls_toilet"}},{"type":"Feature","geometry":{"type":"Point","coordinates":[80.04989,20.73694]},"properties":{"udise":"27110100501","name":"Z.P. C. P. SCHOOL MAHAGAON","state":"MAHARASHTRA","district":"GONDIYA","block":"ARJUNI MOR","indicator":"no_girls_toilet"}},{"type":"Feature","geometry":{"type":"Point","coordinates":[80.37888,21.23649]},"properties":{"udise":"27110304501","name":"Z.P.U.P. SCHOOL DEVATOLA","state":"MAHARASHTRA","district":"GONDIYA","block":"DEORI","indicator":"no_girls_toilet"}},{"type":"Feature","geometry":{"type":"Point","coordinates":[80.49856,20.83924]},"properties":{"udise":"27110308601","name":"Z.P.C. U.P. SCHOOL MISPIRRI","state":"MAHARASHTRA","district":"GONDIYA","block":"DEORI","indicator":"no_girls_toilet"}},{"type":"Feature","geometry":{"type":"Point","coordinates":[80.13947,21.42417]},"properties":{"udise":"27110411201","name":"Z.P. PRATHMIK SHALA CHICHTOLA","state":"MAHARASHTRA","district":"GONDIYA","block":"GONDIA","indicator":"no_girls_toilet"}},{"type":"Feature","geometry":{"type":"Point","coordinates":[80.39134,21.32486]},"properties":{"udise":"27110201301","name":"Z.P.PRIMARY SCHOOL PAULDAUA","state":"MAHARASHTRA","district":"GONDIYA","block":"AMGAON","indicator":"no_girls_toilet"}},{"type":"Feature","geometry":{"type":"Point","coordinates":[80.05337,21.54705]},"properties":{"udise":"27110405401","name":"Z.P. PRATHMIK SHALA LODHITOLA","state":"MAHARASHTRA","district":"GONDIYA","block":"GONDIA","indicator":"no_girls_toilet"}},{"type":"Feature","geometry":{"type":"Point","coordinates":[80.42485,21.24267]},"properties":{"udise":"27110611101","name":"Z.P.U.P.SCHOOL KADOTITOLA","state":"MAHARASHTRA","district":"GONDIYA","block":"SALEKASA","indicator":"no_girls_toilet"}},{"type":"Feature","geometry":{"type":"Point","coordinates":[80.39648,21.22271]},"properties":{"udise":"27110304201","name":"Z.P. C.U.P. SCHOOL PAULDAUNA","state":"MAHARASHTRA","district":"GONDIYA","block":"DEORI","indicator":"no_girls_toilet"}},{"type":"Feature","geometry":{"type":"Point","coordinates":[80.27075,20.92483]},"properties":{"udise":"27110310301","name":"Z.P.PRIMARY SCHOOL PADASGAON/C","state":"MAHARASHTRA","district":"GONDIYA","block":"DEORI","indicator":"no_girls_toilet"}},{"type":"Feature","geometry":{"type":"Point","coordinates":[80.33165,21.10843]},"properties":{"udise":"27110302501","name":"Z.P.U.P. SCHOOL MURDOLI","state":"MAHARASHTRA","district":"GONDIYA","block":"DEORI","indicator":"no_girls_toilet"}},{"type":"Feature","geometry":{"type":"Point","coordinates":[80.37985,21.27781]},"properties":{"udise":"27110208901","name":"Z.P.PRIMARY SCHOOL JAITURTOLA","state":"MAHARASHTRA","district":"GONDIYA","block":"AMGAON","indicator":"no_girls_toilet"}},{"type":"Feature","geometry":{"type":"Point","coordinates":[80.33507,21.07324]},"properties":{"udise":"27110311801","name":"Z.P. PRIMARY SCHOOL MALHARBODI","state":"MAHARASHTRA","district":"GONDIYA","block":"DEORI","indicator":"no_girls_toilet"}},{"type":"Feature","geometry":{"type":"Point","coordinates":[80.23791,21.56955]},"properties":{"udise":"27110403501","name":"Z.P. PRATHMIK  SHALA CHANGERA","state":"MAHARASHTRA","district":"GONDIYA","block":"GONDIA","indicator":"no_girls_toilet"}},{"type":"Feature","geometry":{"type":"Point","coordinates":[80.01914,21.53943]},"properties":{"udise":"27110405204","name":"Z.P. PRIMARY SAYTOLA (MU)","state":"MAHARASHTRA","district":"GONDIYA","block":"GONDIA","indicator":"no_girls_toilet"}},{"type":"Feature","geometry":{"type":"Point","coordinates":[80.17478,21.12822]},"properties":{"udise":"27110700701","name":"Z.P.U.PRIMARY SCHOOL KOHALITOLA ADARSHA","state":"MAHARASHTRA","district":"GONDIYA","block":"SADAK ARJUNI","indicator":"no_girls_toilet"}},{"type":"Feature","geometry":{"type":"Point","coordinates":[80.44093,20.83605]},"properties":{"udise":"27110308801","name":"Z.P. P. SCHOOL EDMAGONDI","state":"MAHARASHTRA","district":"GONDIYA","block":"DEORI","indicator":"no_girls_toilet"}},{"type":"Feature","geometry":{"type":"Point","coordinates":[80.02012,20.82135]},"properties":{"udise":"27110100410","name":"Z.P.PRIMARY SCHOOL NO 2 ARJUNI MOR","state":"MAHARASHTRA","district":"GONDIYA","block":"ARJUNI MOR","indicator":"no_girls_toilet"}},{"type":"Feature","geometry":{"type":"Point","coordinates":[80.01103,21.35564]},"properties":{"udise":"27110808001","name":"Z.P.UPPER PRIMARY SCHOOL PINDKEPAR","state":"MAHARASHTRA","district":"GONDIYA","block":"TIRODA","indicator":"no_girls_toilet"}},{"type":"Feature","geometry":{"type":"Point","coordinates":[79.95994,21.33106]},"properties":{"udise":"27110809601","name":"Z.P. PRIMARY SCHOOL KHURSIPAR","state":"MAHARASHTRA","district":"GONDIYA","block":"TIRODA","indicator":"no_girls_toilet"}},{"type":"Feature","geometry":{"type":"Point","coordinates":[80.17844,21.45824]},"properties":{"udise":"27110417505","name":"N.P.M.P. SCHOOL DR. AMBEDKAR","state":"MAHARASHTRA","district":"GONDIYA","block":"GONDIA","indicator":"no_girls_toilet"}},{"type":"Feature","geometry":{"type":"Point","coordinates":[80.37245,21.23826]},"properties":{"udise":"27110314201","name":"Z.P. PRIMARY SCHOOL KHUDSANGTOLA","state":"MAHARASHTRA","district":"GONDIYA","block":"DEORI","indicator":"no_girls_toilet"}},{"type":"Feature","geometry":{"type":"Point","coordinates":[80.24068,21.19578]},"properties":{"udise":"27110710601","name":"Z.P.PRIMARY SCHOOL LODHITOLA","state":"MAHARASHTRA","district":"GONDIYA","block":"SADAK ARJUNI","indicator":"no_girls_toilet"}},{"type":"Feature","geometry":{"type":"Point","coordinates":[80.58017,21.26603]},"properties":{"udise":"27110601404","name":"Z.P.U.P.SCHOOL  DARREKASA","state":"MAHARASHTRA","district":"GONDIYA","block":"SALEKASA","indicator":"no_girls_toilet"}},{"type":"Feature","geometry":{"type":"Point","coordinates":[80.16047,21.50573]},"properties":{"udise":"27110412101","name":"Z.P. PRATHMIK SHALA COLLEGETOLI","state":"MAHARASHTRA","district":"GONDIYA","block":"GONDIA","indicator":"no_girls_toilet"}},{"type":"Feature","geometry":{"type":"Point","coordinates":[80.22877,21.53773]},"properties":{"udise":"27110412201","name":"Z.P.U. PRATHMIK SHALA RAVANWADI","state":"MAHARASHTRA","district":"GONDIYA","block":"GONDIA","indicator":"no_girls_toilet"}},{"type":"Feature","geometry":{"type":"Point","coordinates":[80.48524,21.34156]},"properties":{"udise":"27110608801","name":"Z.P.MARATHI P.SCHOOL MURUMTOLA","state":"MAHARASHTRA","district":"GONDIYA","block":"SALEKASA","indicator":"no_girls_toilet"}},{"type":"Feature","geometry":{"type":"Point","coordinates":[80.17768,21.50311]},"properties":{"udise":"27110411601","name":"Z.P. PRATHMIK SHALA JABARTOLA","state":"MAHARASHTRA","district":"GONDIYA","block":"GONDIA","indicator":"no_girls_toilet"}},{"type":"Feature","geometry":{"type":"Point","coordinates":[80.35408,20.9138]},"properties":{"udise":"27110309501","name":"Z.P.U.P.SCHOOL KOTJAMBHORA","state":"MAHARASHTRA","district":"GONDIYA","block":"DEORI","indicator":"no_girls_toilet"}},{"type":"Feature","geometry":{"type":"Point","coordinates":[80.15286,21.17027]},"properties":{"udise":"27110703601","name":"Z.P.U.PRIMARY SCHOOL GHOTI","state":"MAHARASHTRA","district":"GONDIYA","block":"SADAK ARJUNI","indicator":"no_girls_toilet"}},{"type":"Feature","geometry":{"type":"Point","coordinates":[80.57713,21.23127]},"properties":{"udise":"27110604501","name":"Z.P.HINDI PRI. SCHOOL KOPALGARH","state":"MAHARASHTRA","district":"GONDIYA","block":"SALEKASA","indicator":"no_girls_toilet"}},{"type":"Feature","geometry":{"type":"Point","coordinates":[80.04557,20.86323]},"properties":{"udise":"27110111601","name":"Z.P. U.P. SCHOOL CHAPTI","state":"MAHARASHTRA","district":"GONDIYA","block":"ARJUNI MOR","indicator":"no_girls_toilet"}},{"type":"Feature","geometry":{"type":"Point","coordinates":[80.19255,20.88297]},"properties":{"udise":"27110100901","name":"Z.P.PRIMARY SCHOOL TIDKA/PA","state":"MAHARASHTRA","district":"GONDIYA","block":"ARJUNI MOR","indicator":"no_girls_toilet"}},{"type":"Feature","geometry":{"type":"Point","coordinates":[80.38166,21.17537]},"properties":{"udise":"27110303601","name":"Z.P.U.P.SCH. VADEGAON","state":"MAHARASHTRA","district":"GONDIYA","block":"DEORI","indicator":"no_girls_toilet"}},{"type":"Feature","geometry":{"type":"Point","coordinates":[80.41956,21.35424]},"properties":{"udise":"27110200701","name":"Z.P.PRIMARY SCHOOL SAVANGI","state":"MAHARASHTRA","district":"GONDIYA","block":"AMGAON","indicator":"no_girls_toilet"}},{"type":"Feature","geometry":{"type":"Point","coordinates":[80.26479,21.47644]},"properties":{"udise":"27110400101","name":"Z P UPPER PRIMARY SCHOOL ASOLI","state":"MAHARASHTRA","district":"GONDIYA","block":"GONDIA","indicator":"no_girls_toilet"}},{"type":"Feature","geometry":{"type":"Point","coordinates":[80.15062,21.23196]},"properties":{"udise":"27110704601","name":"Z.P.PRIMARY SCHOOL RENGEPAR P.","state":"MAHARASHTRA","district":"GONDIYA","block":"SADAK ARJUNI","indicator":"no_girls_toilet"}},{"type":"Feature","geometry":{"type":"Point","coordinates":[80.13091,21.40214]},"properties":{"udise":"27110501701","name":"Z.P.U. PRIMARY SCHOOL SHAHARWANI","state":"MAHARASHTRA","district":"GONDIYA","block":"GOREGAON","indicator":"no_girls_toilet"}},{"type":"Feature","geometry":{"type":"Point","coordinates":[80.01122,21.37131]},"properties":{"udise":"27110806601","name":"Z.P.PRIMARY SCHOOL RUSTAMPUR","state":"MAHARASHTRA","district":"GONDIYA","block":"TIRODA","indicator":"girls_toilet_nonfunctional"}},{"type":"Feature","geometry":{"type":"Point","coordinates":[79.89251,21.39085]},"properties":{"udise":"27110808801","name":"Z.P.UPPER PRIMARY SCHOOL DHADRI","state":"MAHARASHTRA","district":"GONDIYA","block":"TIRODA","indicator":"girls_toilet_nonfunctional"}},{"type":"Feature","geometry":{"type":"Point","coordinates":[80.10734,21.35873]},"properties":{"udise":"27110502801","name":"Z.P. PRIMARY SCHOOL BAGALBAND","state":"MAHARASHTRA","district":"GONDIYA","block":"GOREGAON","indicator":"girls_toilet_nonfunctional"}},{"type":"Feature","geometry":{"type":"Point","coordinates":[80.2318,21.19321]},"properties":{"udise":"27110704001","name":"Z.P.PRIMARY SCHOOL DODKE","state":"MAHARASHTRA","district":"GONDIYA","block":"SADAK ARJUNI","indicator":"girls_toilet_nonfunctional"}},{"type":"Feature","geometry":{"type":"Point","coordinates":[80.01452,20.94895]},"properties":{"udise":"27110108801","name":"Z.P.U.P. SCHOOL SIREGAON BANDH","state":"MAHARASHTRA","district":"GONDIYA","block":"ARJUNI MOR","indicator":"girls_toilet_nonfunctional"}},{"type":"Feature","geometry":{"type":"Point","coordinates":[80.30206,21.01054]},"properties":{"udise":"27110302001","name":"Z.P.U.P.SCHOOL KANHADGAON","state":"MAHARASHTRA","district":"GONDIYA","block":"DEORI","indicator":"girls_toilet_nonfunctional"}},{"type":"Feature","geometry":{"type":"Point","coordinates":[80.19646,21.48676]},"properties":{"udise":"27110408101","name":"Z.P. PRATHMIK SHALA KATANGITOLA","state":"MAHARASHTRA","district":"GONDIYA","block":"GONDIA","indicator":"girls_toilet_nonfunctional"}},{"type":"Feature","geometry":{"type":"Point","coordinates":[80.25357,21.32957]},"properties":{"udise":"27110501001","name":"Z.P.PRIMARY SCHOOL DEUTOLA","state":"MAHARASHTRA","district":"GONDIYA","block":"GOREGAON","indicator":"girls_toilet_nonfunctional"}},{"type":"Feature","geometry":{"type":"Point","coordinates":[79.8901,21.28681]},"properties":{"udise":"27110813501","name":"Z.P. UPPER PRIMARY SCHOOL KOYLARI","state":"MAHARASHTRA","district":"GONDIYA","block":"TIRODA","indicator":"girls_toilet_nonfunctional"}},{"type":"Feature","geometry":{"type":"Point","coordinates":[80.26294,21.06181]},"properties":{"udise":"27110702001","name":"Z.P.PRIMARY SCHOOL KHURSIPAR","state":"MAHARASHTRA","district":"GONDIYA","block":"SADAK ARJUNI","indicator":"girls_toilet_nonfunctional"}},{"type":"Feature","geometry":{"type":"Point","coordinates":[80.46073,21.38392]},"properties":{"udise":"27110604201","name":"Z.P.HINDI U.P. SCHOOL KOTJAMBURA","state":"MAHARASHTRA","district":"GONDIYA","block":"SALEKASA","indicator":"girls_toilet_nonfunctional"}},{"type":"Feature","geometry":{"type":"Point","coordinates":[79.90271,21.29641]},"properties":{"udise":"27110810301","name":"Z.P. PRIMARY SCHOOL MALHI","state":"MAHARASHTRA","district":"GONDIYA","block":"TIRODA","indicator":"girls_toilet_nonfunctional"}},{"type":"Feature","geometry":{"type":"Point","coordinates":[80.07559,21.51829]},"properties":{"udise":"27110401802","name":"Z.P. PRIMARY SCHOOL POLATOLA","state":"MAHARASHTRA","district":"GONDIYA","block":"GONDIA","indicator":"girls_toilet_nonfunctional"}},{"type":"Feature","geometry":{"type":"Point","coordinates":[80.41271,20.91806]},"properties":{"udise":"27110309601","name":"Z.P.UP SCHOOL KESHORI","state":"MAHARASHTRA","district":"GONDIYA","block":"DEORI","indicator":"girls_toilet_nonfunctional"}},{"type":"Feature","geometry":{"type":"Point","coordinates":[80.01767,20.7417]},"properties":{"udise":"27110115401","name":"Z.P. P. SCHOOL JANVA","state":"MAHARASHTRA","district":"GONDIYA","block":"ARJUNI MOR","indicator":"girls_toilet_nonfunctional"}},{"type":"Feature","geometry":{"type":"Point","coordinates":[80.48833,21.27887]},"properties":{"udise":"27110603101","name":"Z.P.MARATHI SCHOOL ISNATOLA","state":"MAHARASHTRA","district":"GONDIYA","block":"SALEKASA","indicator":"girls_toilet_nonfunctional"}},{"type":"Feature","geometry":{"type":"Point","coordinates":[79.89585,21.28046]},"properties":{"udise":"27110813601","name":"Z.P. PRIMARY SCHOOL NANDALPAR","state":"MAHARASHTRA","district":"GONDIYA","block":"TIRODA","indicator":"girls_toilet_nonfunctional"}},{"type":"Feature","geometry":{"type":"Point","coordinates":[80.5302,21.30022]},"properties":{"udise":"27110605702","name":"Z.P.HINDI P. SCHOOL NAKANIMBA","state":"MAHARASHTRA","district":"GONDIYA","block":"SALEKASA","indicator":"girls_toilet_nonfunctional"}},{"type":"Feature","geometry":{"type":"Point","coordinates":[80.04644,20.89766]},"properties":{"udise":"27110105901","name":"Z.P. U.P. SCHOOL BAKATI/CHANNA","state":"MAHARASHTRA","district":"GONDIYA","block":"ARJUNI MOR","indicator":"girls_toilet_nonfunctional"}},{"type":"Feature","geometry":{"type":"Point","coordinates":[80.02068,20.76375]},"properties":{"udise":"27110112801","name":"Z.P. P. SCHOOL ISAPUR","state":"MAHARASHTRA","district":"GONDIYA","block":"ARJUNI MOR","indicator":"girls_toilet_nonfunctional"}},{"type":"Feature","geometry":{"type":"Point","coordinates":[79.93718,21.54959]},"properties":{"udise":"27110800501","name":"Z.P. PRIMARY SCHOOL SAWARA","state":"MAHARASHTRA","district":"GONDIYA","block":"TIRODA","indicator":"girls_toilet_nonfunctional"}},{"type":"Feature","geometry":{"type":"Point","coordinates":[80.37104,21.11217]},"properties":{"udise":"27110301201","name":"Z.P.P.SCHOOL BORGAON D","state":"MAHARASHTRA","district":"GONDIYA","block":"DEORI","indicator":"girls_toilet_nonfunctional"}},{"type":"Feature","geometry":{"type":"Point","coordinates":[80.27112,21.12297]},"properties":{"udise":"27110711001","name":"Z.P.PRIMARY SCHOOL MASRAMTOLA","state":"MAHARASHTRA","district":"GONDIYA","block":"SADAK ARJUNI","indicator":"girls_toilet_nonfunctional"}},{"type":"Feature","geometry":{"type":"Point","coordinates":[80.16686,21.58961]},"properties":{"udise":"27110404101","name":"Z.P. PRATHMIK  SHALA MAKADI","state":"MAHARASHTRA","district":"GONDIYA","block":"GONDIA","indicator":"girls_toilet_nonfunctional"}},{"type":"Feature","geometry":{"type":"Point","coordinates":[80.36584,21.07428]},"properties":{"udise":"27110313001","name":"Z.P. PRIMARY SCHOOL AVARITOLA","state":"MAHARASHTRA","district":"GONDIYA","block":"DEORI","indicator":"girls_toilet_nonfunctional"}},{"type":"Feature","geometry":{"type":"Point","coordinates":[80.32216,21.18609]},"properties":{"udise":"27110310501","name":"Z.P.PRIMARY SCHOOL ALEBEDAR","state":"MAHARASHTRA","district":"GONDIYA","block":"DEORI","indicator":"girls_toilet_nonfunctional"}},{"type":"Feature","geometry":{"type":"Point","coordinates":[80.38105,20.83413]},"properties":{"udise":"27110314501","name":"Z.P.PRIMARY SCHOOL WASANI","state":"MAHARASHTRA","district":"GONDIYA","block":"DEORI","indicator":"girls_toilet_nonfunctional"}},{"type":"Feature","geometry":{"type":"Point","coordinates":[80.35418,20.91383]},"properties":{"udise":"27110306901","name":"Z.P. P. SCHOOL DEULGAON","state":"MAHARASHTRA","district":"GONDIYA","block":"DEORI","indicator":"girls_toilet_nonfunctional"}},{"type":"Feature","geometry":{"type":"Point","coordinates":[80.1563,20.89782]},"properties":{"udise":"27110101801","name":"Z.P. PRIMARY SCHOOL JAMBHALI/YELODI","state":"MAHARASHTRA","district":"GONDIYA","block":"ARJUNI MOR","indicator":"girls_toilet_nonfunctional"}},{"type":"Feature","geometry":{"type":"Point","coordinates":[80.14428,20.93359]},"properties":{"udise":"27110111301","name":"Z.P.U.P.SCHOOL DHABETEKADI P.","state":"MAHARASHTRA","district":"GONDIYA","block":"ARJUNI MOR","indicator":"girls_toilet_nonfunctional"}},{"type":"Feature","geometry":{"type":"Point","coordinates":[80.21708,20.89914]},"properties":{"udise":"27110101901","name":"Z.P.U. PRIMARY SCHOOL ZASHINAGAR","state":"MAHARASHTRA","district":"GONDIYA","block":"ARJUNI MOR","indicator":"girls_toilet_nonfunctional"}},{"type":"Feature","geometry":{"type":"Point","coordinates":[80.58725,21.29285]},"properties":{"udise":"27110601601","name":"Z.P.P.SCHOOL DALDALKUHI","state":"MAHARASHTRA","district":"GONDIYA","block":"SALEKASA","indicator":"girls_toilet_nonfunctional"}},{"type":"Feature","geometry":{"type":"Point","coordinates":[80.34991,21.48]},"properties":{"udise":"27110204001","name":"Z.P.U.PRIMARY SCHOOL BHOSA","state":"MAHARASHTRA","district":"GONDIYA","block":"AMGAON","indicator":"girls_toilet_nonfunctional"}},{"type":"Feature","geometry":{"type":"Point","coordinates":[80.08648,21.46095]},"properties":{"udise":"27110402201","name":"Z.P.UPPER  PRATHMIK  SHALA KIDANGIPAR","state":"MAHARASHTRA","district":"GONDIYA","block":"GONDIA","indicator":"girls_toilet_nonfunctional"}},{"type":"Feature","geometry":{"type":"Point","coordinates":[79.81715,21.36896]},"properties":{"udise":"27110811701","name":"Z.P.UPPER PRIMARY SCHOOL  GHOGARA","state":"MAHARASHTRA","district":"GONDIYA","block":"TIRODA","indicator":"girls_toilet_nonfunctional"}},{"type":"Feature","geometry":{"type":"Point","coordinates":[80.54904,20.87754]},"properties":{"udise":"27110313801","name":"Z.P.P.SCHOOL DHOBATOLA","state":"MAHARASHTRA","district":"GONDIYA","block":"DEORI","indicator":"girls_toilet_nonfunctional"}},{"type":"Feature","geometry":{"type":"Point","coordinates":[80.02299,21.47341]},"properties":{"udise":"27110801802","name":"Z. P. PRIMARY SCHOOL BIBITOLA","state":"MAHARASHTRA","district":"GONDIYA","block":"TIRODA","indicator":"girls_toilet_nonfunctional"}},{"type":"Feature","geometry":{"type":"Point","coordinates":[79.88503,21.30754]},"properties":{"udise":"27110810201","name":"Z.P. PRIMARY SCHOOL NILAGONDI","state":"MAHARASHTRA","district":"GONDIYA","block":"TIRODA","indicator":"girls_toilet_nonfunctional"}},{"type":"Feature","geometry":{"type":"Point","coordinates":[80.43666,21.06402]},"properties":{"udise":"27110312801","name":"Z.P. PRIMARY SCHOOL PADAMPUR/SIR.","state":"MAHARASHTRA","district":"GONDIYA","block":"DEORI","indicator":"girls_toilet_nonfunctional"}},{"type":"Feature","geometry":{"type":"Point","coordinates":[80.39642,21.34622]},"properties":{"udise":"27110209601","name":"Z.P.PRIMARY SCHOOL  POWARITOLA","state":"MAHARASHTRA","district":"GONDIYA","block":"AMGAON","indicator":"girls_toilet_nonfunctional"}},{"type":"Feature","geometry":{"type":"Point","coordinates":[79.96001,21.2747]},"properties":{"udise":"27110810101","name":"Z.P. PRIMARY SCHOOL CHORKHAMARA","state":"MAHARASHTRA","district":"GONDIYA","block":"TIRODA","indicator":"girls_toilet_nonfunctional"}},{"type":"Feature","geometry":{"type":"Point","coordinates":[80.29558,21.11107]},"properties":{"udise":"27110602201","name":"Z.P. MARATHI PRI. SCHOOL  DOMATOLA","state":"MAHARASHTRA","district":"GONDIYA","block":"SALEKASA","indicator":"girls_toilet_nonfunctional"}},{"type":"Feature","geometry":{"type":"Point","coordinates":[80.30902,20.86288]},"properties":{"udise":"27110315501","name":"Z.P. PRI.SCHOOL RAMGAD","state":"MAHARASHTRA","district":"GONDIYA","block":"DEORI","indicator":"girls_toilet_nonfunctional"}},{"type":"Feature","geometry":{"type":"Point","coordinates":[80.36707,21.07236]},"properties":{"udise":"27110300601","name":"Z.P.PRIMARY SCHOOL NAVATOLA","state":"MAHARASHTRA","district":"GONDIYA","block":"DEORI","indicator":"girls_toilet_nonfunctional"}},{"type":"Feature","geometry":{"type":"Point","coordinates":[79.99607,21.35663]},"properties":{"udise":"27110809501","name":"Z.P.UPPER PRIMARY SCHOOL BERDIPAR","state":"MAHARASHTRA","district":"GONDIYA","block":"TIRODA","indicator":"girls_toilet_nonfunctional"}},{"type":"Feature","geometry":{"type":"Point","coordinates":[79.94326,21.49603]},"properties":{"udise":"27110803101","name":"Z.P.UPPER. PRIMARY.SCHOOL BIHIRIYA","state":"MAHARASHTRA","district":"GONDIYA","block":"TIRODA","indicator":"girls_toilet_nonfunctional"}},{"type":"Feature","geometry":{"type":"Point","coordinates":[79.9836,21.35454]},"properties":{"udise":"27110806502","name":"Z.P.HIGHSCHOOL K.MAHAVIDYALAY  SUKADI (DAK)","state":"MAHARASHTRA","district":"GONDIYA","block":"TIRODA","indicator":"girls_toilet_nonfunctional"}},{"type":"Feature","geometry":{"type":"Point","coordinates":[79.84046,21.29564]},"properties":{"udise":"27110812801","name":"Z.P. PRIMARY SCHOOL KHAIRI","state":"MAHARASHTRA","district":"GONDIYA","block":"TIRODA","indicator":"girls_toilet_nonfunctional"}},{"type":"Feature","geometry":{"type":"Point","coordinates":[80.46643,21.25811]},"properties":{"udise":"27110604702","name":"MARATHI P. SCHOOL KEHARITOLA","state":"MAHARASHTRA","district":"GONDIYA","block":"SALEKASA","indicator":"girls_toilet_nonfunctional"}},{"type":"Feature","geometry":{"type":"Point","coordinates":[80.19546,21.53783]},"properties":{"udise":"27110412601","name":"Z.P.U. PRATHMIK SHALA GHIVARI","state":"MAHARASHTRA","district":"GONDIYA","block":"GONDIA","indicator":"girls_toilet_nonfunctional"}},{"type":"Feature","geometry":{"type":"Point","coordinates":[80.48697,21.18714]},"properties":{"udise":"27110606101","name":"Z.P.MARATHI U.P. SCHOOL PANDHARVANI","state":"MAHARASHTRA","district":"GONDIYA","block":"SALEKASA","indicator":"girls_toilet_nonfunctional"}},{"type":"Feature","geometry":{"type":"Point","coordinates":[80.21064,21.21675]},"properties":{"udise":"27110703403","name":"Z.P.PRIMARY SCHOOL ZURKUTOLA","state":"MAHARASHTRA","district":"GONDIYA","block":"SADAK ARJUNI","indicator":"girls_toilet_nonfunctional"}},{"type":"Feature","geometry":{"type":"Point","coordinates":[80.01175,20.71018]},"properties":{"udise":"27110102601","name":"Z. P. U. PRIMARY  SCHOOL KORANBHITOLA","state":"MAHARASHTRA","district":"GONDIYA","block":"ARJUNI MOR","indicator":"girls_toilet_nonfunctional"}},{"type":"Feature","geometry":{"type":"Point","coordinates":[80.44814,21.32114]},"properties":{"udise":"27110602501","name":"Z.P.HINDI. PRI. SCHOOL GHONSI","state":"MAHARASHTRA","district":"GONDIYA","block":"SALEKASA","indicator":"girls_toilet_nonfunctional"}},{"type":"Feature","geometry":{"type":"Point","coordinates":[80.006,20.85752]},"properties":{"udise":"27110106501","name":"Z.P.U. P.  SCHOOL ARATTONDI/DA","state":"MAHARASHTRA","district":"GONDIYA","block":"ARJUNI MOR","indicator":"girls_toilet_nonfunctional"}},{"type":"Feature","geometry":{"type":"Point","coordinates":[80.12549,20.765]},"properties":{"udise":"27110109601","name":"Z.P. P. SCHOOL KARANDALI","state":"MAHARASHTRA","district":"GONDIYA","block":"ARJUNI MOR","indicator":"girls_toilet_nonfunctional"}},{"type":"Feature","geometry":{"type":"Point","coordinates":[80.44553,21.25916]},"properties":{"udise":"27110610701","name":"Z.P.MARATHI P.SCHOOL DURGUTOLA","state":"MAHARASHTRA","district":"GONDIYA","block":"SALEKASA","indicator":"girls_toilet_nonfunctional"}},{"type":"Feature","geometry":{"type":"Point","coordinates":[80.42799,21.36249]},"properties":{"udise":"27110605001","name":"Z.P.HINDI PRI . SCHOOL MOHATOLA","state":"MAHARASHTRA","district":"GONDIYA","block":"SALEKASA","indicator":"girls_toilet_nonfunctional"}},{"type":"Feature","geometry":{"type":"Point","coordinates":[79.83782,21.31983]},"properties":{"udise":"27110811201","name":"Z.P. PRIMARY SCHOOL SELOTPAR","state":"MAHARASHTRA","district":"GONDIYA","block":"TIRODA","indicator":"girls_toilet_nonfunctional"}},{"type":"Feature","geometry":{"type":"Point","coordinates":[80.54754,21.28193]},"properties":{"udise":"27110613201","name":"Z.P.P.SCHOOL PATHARATOLA","state":"MAHARASHTRA","district":"GONDIYA","block":"SALEKASA","indicator":"girls_toilet_nonfunctional"}},{"type":"Feature","geometry":{"type":"Point","coordinates":[80.00748,21.46038]},"properties":{"udise":"27110406204","name":"JIRADEVI PATLE U.P. SCHOOL EKODI","state":"MAHARASHTRA","district":"GONDIYA","block":"GONDIA","indicator":"girls_toilet_nonfunctional"}},{"type":"Feature","geometry":{"type":"Point","coordinates":[80.10003,21.11977]},"properties":{"udise":"27110706901","name":"Z.P.PRIMARY SCHOOL MAHULI","state":"MAHARASHTRA","district":"GONDIYA","block":"SADAK ARJUNI","indicator":"girls_toilet_nonfunctional"}},{"type":"Feature","geometry":{"type":"Point","coordinates":[79.931,21.32458]},"properties":{"udise":"27110809301","name":"Z.P. PRIMARY SCHOOL WADEGAON","state":"MAHARASHTRA","district":"GONDIYA","block":"TIRODA","indicator":"girls_toilet_nonfunctional"}},{"type":"Feature","geometry":{"type":"Point","coordinates":[80.42585,21.34376]},"properties":{"udise":"27110200601","name":"Z.P.PRIMARY SCHOOL CHICHTOLA","state":"MAHARASHTRA","district":"GONDIYA","block":"AMGAON","indicator":"girls_toilet_nonfunctional"}},{"type":"Feature","geometry":{"type":"Point","coordinates":[79.99079,20.89005]},"properties":{"udise":"27110113203","name":"Z.P.HIGH SCHOOL BONDGAON DEVI","state":"MAHARASHTRA","district":"GONDIYA","block":"ARJUNI MOR","indicator":"girls_toilet_nonfunctional"}},{"type":"Feature","geometry":{"type":"Point","coordinates":[80.45109,20.8318]},"properties":{"udise":"27110309101","name":"Z.P.PRIMARY SCHOOL GUJURBADGA","state":"MAHARASHTRA","district":"GONDIYA","block":"DEORI","indicator":"girls_toilet_nonfunctional"}},{"type":"Feature","geometry":{"type":"Point","coordinates":[80.15571,21.09643]},"properties":{"udise":"27110700117","name":"NEW DAZY ENGLISH PRI.S/ARJUNI","state":"MAHARASHTRA","district":"GONDIYA","block":"SADAK ARJUNI","indicator":"girls_toilet_nonfunctional"}},{"type":"Feature","geometry":{"type":"Point","coordinates":[80.50315,21.29285]},"properties":{"udise":"27110603001","name":"Z.P. MARATHI U.P. SCHOOL HALBITOLA (SALE)","state":"MAHARASHTRA","district":"GONDIYA","block":"SALEKASA","indicator":"girls_toilet_nonfunctional"}},{"type":"Feature","geometry":{"type":"Point","coordinates":[80.31239,21.05687]},"properties":{"udise":"27110314301","name":"Z.P.PRIMARY SCHOOL MANGEJHARI","state":"MAHARASHTRA","district":"GONDIYA","block":"DEORI","indicator":"girls_toilet_nonfunctional"}},{"type":"Feature","geometry":{"type":"Point","coordinates":[80.35209,21.5088]},"properties":{"udise":"27110420201","name":"Z.P.PRIMARY SCHOOL MANGARUTOLA /GIROLA","state":"MAHARASHTRA","district":"GONDIYA","block":"GONDIA","indicator":"girls_toilet_nonfunctional"}},{"type":"Feature","geometry":{"type":"Point","coordinates":[79.84299,21.28722]},"properties":{"udise":"27110813201","name":"Z.P. PRIMARY SCHOOL SONEKHARI","state":"MAHARASHTRA","district":"GONDIYA","block":"TIRODA","indicator":"girls_toilet_nonfunctional"}},{"type":"Feature","geometry":{"type":"Point","coordinates":[79.97733,21.48039]},"properties":{"udise":"27110803301","name":"Z.P.UPPER. PRIMARY.SCHOOL DABBETOLA","state":"MAHARASHTRA","district":"GONDIYA","block":"TIRODA","indicator":"girls_toilet_nonfunctional"}},{"type":"Feature","geometry":{"type":"Point","coordinates":[80.1167,21.36833]},"properties":{"udise":"27110501802","name":"Z.P. PRIMARY SCHOOL NAWARGAON","state":"MAHARASHTRA","district":"GONDIYA","block":"GOREGAON","indicator":"girls_toilet_nonfunctional"}},{"type":"Feature","geometry":{"type":"Point","coordinates":[80.24714,21.60588]},"properties":{"udise":"27110420101","name":"Z.P.PRIMARY SCHOOL SATONATOLI","state":"MAHARASHTRA","district":"GONDIYA","block":"GONDIA","indicator":"girls_toilet_nonfunctional"}},{"type":"Feature","geometry":{"type":"Point","coordinates":[80.20769,21.15848]},"properties":{"udise":"27110703201","name":"Z.P.PRIMARY SCHOOL CHIRCHADI","state":"MAHARASHTRA","district":"GONDIYA","block":"SADAK ARJUNI","indicator":"girls_toilet_nonfunctional"}},{"type":"Feature","geometry":{"type":"Point","coordinates":[80.42424,21.03048]},"properties":{"udise":"27110300401","name":"Z.P.PRI.SCHOOL TOYAGONDI","state":"MAHARASHTRA","district":"GONDIYA","block":"DEORI","indicator":"girls_toilet_nonfunctional"}},{"type":"Feature","geometry":{"type":"Point","coordinates":[80.62506,21.25829]},"properties":{"udise":"27110611701","name":"Z.P.P.SCHOOL BOIRTOLA","state":"MAHARASHTRA","district":"GONDIYA","block":"SALEKASA","indicator":"girls_toilet_nonfunctional"}},{"type":"Feature","geometry":{"type":"Point","coordinates":[80.37991,21.19127]},"properties":{"udise":"27110303901","name":"Z.P. C.U.P. SCHOOL SAWALI","state":"MAHARASHTRA","district":"GONDIYA","block":"DEORI","indicator":"girls_toilet_nonfunctional"}},{"type":"Feature","geometry":{"type":"Point","coordinates":[80.03797,21.33193]},"properties":{"udise":"27110807001","name":"Z.P.PRIMARY SCHOOL KODEBARRA","state":"MAHARASHTRA","district":"GONDIYA","block":"TIRODA","indicator":"girls_toilet_nonfunctional"}},{"type":"Feature","geometry":{"type":"Point","coordinates":[80.28246,21.24145]},"properties":{"udise":"27110505401","name":"Z.P. PRIMARY SCHOOL GOURITOLA","state":"MAHARASHTRA","district":"GONDIYA","block":"GOREGAON","indicator":"girls_toilet_nonfunctional"}},{"type":"Feature","geometry":{"type":"Point","coordinates":[80.40103,21.45592]},"properties":{"udise":"27110203002","name":"Z.P. NEW PRIMARY SCHOOL KHAIRITOLA","state":"MAHARASHTRA","district":"GONDIYA","block":"AMGAON","indicator":"girls_toilet_nonfunctional"}},{"type":"Feature","geometry":{"type":"Point","coordinates":[80.30611,21.39932]},"properties":{"udise":"27110209201","name":"Z.P.PRIMARY SCHOOL KUNBITOLA","state":"MAHARASHTRA","district":"GONDIYA","block":"AMGAON","indicator":"girls_toilet_nonfunctional"}},{"type":"Feature","geometry":{"type":"Point","coordinates":[79.85297,21.26874]},"properties":{"udise":"27110814101","name":"Z.P. PRIMARY SCHOOL KULPA","state":"MAHARASHTRA","district":"GONDIYA","block":"TIRODA","indicator":"girls_toilet_nonfunctional"}},{"type":"Feature","geometry":{"type":"Point","coordinates":[80.18146,21.46394]},"properties":{"udise":"27110415710","name":"RAMNAGAR M HIGH SCHOOL","state":"MAHARASHTRA","district":"GONDIYA","block":"GONDIA","indicator":"girls_toilet_nonfunctional"}},{"type":"Feature","geometry":{"type":"Point","coordinates":[80.42648,20.96656]},"properties":{"udise":"27110312201","name":"Z.P. PRIMARY SCHOOL DHAMDITOLA/PALAN","state":"MAHARASHTRA","district":"GONDIYA","block":"DEORI","indicator":"girls_toilet_nonfunctional"}},{"type":"Feature","geometry":{"type":"Point","coordinates":[80.58654,21.23275]},"properties":{"udise":"27110607502","name":"Z.P.P.SCH THUBARUTOLA","state":"MAHARASHTRA","district":"GONDIYA","block":"SALEKASA","indicator":"girls_toilet_nonfunctional"}},{"type":"Feature","geometry":{"type":"Point","coordinates":[80.26899,20.69731]},"properties":{"udise":"27110103401","name":"Z. P. PRIMARY SCHOOL KHADKI","state":"MAHARASHTRA","district":"GONDIYA","block":"ARJUNI MOR","indicator":"girls_toilet_nonfunctional"}},{"type":"Feature","geometry":{"type":"Point","coordinates":[80.09183,21.07123]},"properties":{"udise":"27110706104","name":"Z.P.HIGH SCHOOL SOUNDAD","state":"MAHARASHTRA","district":"GONDIYA","block":"SADAK ARJUNI","indicator":"girls_toilet_nonfunctional"}},{"type":"Feature","geometry":{"type":"Point","coordinates":[80.14824,21.32273]},"properties":{"udise":"27110503203","name":"Z.P. PRIMARY SCHOOL HIVARTOLA, HIRAPUR","state":"MAHARASHTRA","district":"GONDIYA","block":"GOREGAON","indicator":"girls_toilet_nonfunctional"}},{"type":"Feature","geometry":{"type":"Point","coordinates":[79.93119,21.40617]},"properties":{"udise":"27110814204","name":"Z.P. KANYA PRIMARY  SCHOOLTIRORA","state":"MAHARASHTRA","district":"GONDIYA","block":"TIRODA","indicator":"girls_toilet_nonfunctional"}},{"type":"Feature","geometry":{"type":"Point","coordinates":[80.23499,21.33344]},"properties":{"udise":"27110510003","name":"Z.P.PURVA MADHYAMIK SCHOOL MHASGAON","state":"MAHARASHTRA","district":"GONDIYA","block":"GOREGAON","indicator":"girls_toilet_nonfunctional"}},{"type":"Feature","geometry":{"type":"Point","coordinates":[80.3192,21.30205]},"properties":{"udise":"27110500302","name":"Z.P.U. PRIMARY SCHOOL KALIMATI","state":"MAHARASHTRA","district":"GONDIYA","block":"GOREGAON","indicator":"girls_toilet_nonfunctional"}},{"type":"Feature","geometry":{"type":"Point","coordinates":[80.55823,21.36257]},"properties":{"udise":"27110602602","name":"HINDI U.P. SCHOOL HALBITOLA","state":"MAHARASHTRA","district":"GONDIYA","block":"SALEKASA","indicator":"girls_toilet_nonfunctional"}},{"type":"Feature","geometry":{"type":"Point","coordinates":[79.88446,21.35075]},"properties":{"udise":"27110809001","name":"Z.P. PRIMARY SCHOOL ISAPUR","state":"MAHARASHTRA","district":"GONDIYA","block":"TIRODA","indicator":"girls_toilet_nonfunctional"}},{"type":"Feature","geometry":{"type":"Point","coordinates":[80.45394,21.3784]},"properties":{"udise":"27110605101","name":"Z.P. HINDI PRI. SCHOOL MOKASITOLA","state":"MAHARASHTRA","district":"GONDIYA","block":"SALEKASA","indicator":"girls_toilet_nonfunctional"}},{"type":"Feature","geometry":{"type":"Point","coordinates":[80.09722,21.41422]},"properties":{"udise":"27110411101","name":"Z.P. PRATHMIK SHALA PANGADI","state":"MAHARASHTRA","district":"GONDIYA","block":"GONDIA","indicator":"girls_toilet_nonfunctional"}},{"type":"Feature","geometry":{"type":"Point","coordinates":[80.25621,21.52046]},"properties":{"udise":"27110412901","name":"Z.P. PRATHMIK SHALA BHADUTOLA","state":"MAHARASHTRA","district":"GONDIYA","block":"GONDIA","indicator":"girls_toilet_nonfunctional"}},{"type":"Feature","geometry":{"type":"Point","coordinates":[80.27923,21.29891]},"properties":{"udise":"27110500801","name":"Z.P.U. PRIMARY SCHOOL GIDHADI","state":"MAHARASHTRA","district":"GONDIYA","block":"GOREGAON","indicator":"girls_toilet_nonfunctional"}},{"type":"Feature","geometry":{"type":"Point","coordinates":[80.55399,20.82705]},"properties":{"udise":"27110313301","name":"Z.P. PRIMARY SCHOOL JAPKASA","state":"MAHARASHTRA","district":"GONDIYA","block":"DEORI","indicator":"girls_toilet_nonfunctional"}},{"type":"Feature","geometry":{"type":"Point","coordinates":[80.48764,21.3043]},"properties":{"udise":"27110607214","name":"SHRINATH JR COLLEGE SALEKASA","state":"MAHARASHTRA","district":"GONDIYA","block":"SALEKASA","indicator":"girls_toilet_nonfunctional"}},{"type":"Feature","geometry":{"type":"Point","coordinates":[79.904,21.29672]},"properties":{"udise":"27110810001","name":"Z.P.UPPER PRIMARY SCHOOL KODELOHARA","state":"MAHARASHTRA","district":"GONDIYA","block":"TIRODA","indicator":"girls_toilet_nonfunctional"}},{"type":"Feature","geometry":{"type":"Point","coordinates":[80.33856,21.52955]},"properties":{"udise":"27110203606","name":"Z.P. NEW PRIMARY SCHOOL JANGITOLA","state":"MAHARASHTRA","district":"GONDIYA","block":"AMGAON","indicator":"girls_toilet_nonfunctional"}},{"type":"Feature","geometry":{"type":"Point","coordinates":[77.23763,19.90858]},"properties":{"udise":"27160103501","name":"ZPPS.LIMBALA P.V.","state":"MAHARASHTRA","district":"HINGOLI","block":"HINGOLI","indicator":"no_girls_toilet"}},{"type":"Feature","geometry":{"type":"Point","coordinates":[77.32453,19.7516]},"properties":{"udise":"27160402201","name":"ZPPS.DIGGI","state":"MAHARASHTRA","district":"HINGOLI","block":"KALAMNURI","indicator":"no_girls_toilet"}},{"type":"Feature","geometry":{"type":"Point","coordinates":[77.43565,19.53185]},"properties":{"udise":"27160409103","name":"ZPPS SHEWALA MARATHI (Divide)","state":"MAHARASHTRA","district":"HINGOLI","block":"KALAMNURI","indicator":"no_girls_toilet"}},{"type":"Feature","geometry":{"type":"Point","coordinates":[77.30619,19.3753]},"properties":{"udise":"27160415201","name":"ZPPS.WADGAON","state":"MAHARASHTRA","district":"HINGOLI","block":"KALAMNURI","indicator":"no_girls_toilet"}},{"type":"Feature","geometry":{"type":"Point","coordinates":[76.9492,19.57323]},"properties":{"udise":"27160507101","name":"ZPPS.RUPUR J.","state":"MAHARASHTRA","district":"HINGOLI","block":"AUNDHA NAGNATH","indicator":"no_girls_toilet"}},{"type":"Feature","geometry":{"type":"Point","coordinates":[76.92829,19.42033]},"properties":{"udise":"27160308901","name":"ZPPS.BRAMHANGAON KU","state":"MAHARASHTRA","district":"HINGOLI","block":"BASMATH","indicator":"no_girls_toilet"}},{"type":"Feature","geometry":{"type":"Point","coordinates":[77.01066,19.8061]},"properties":{"udise":"27160213103","name":"ZPPS CHANGEPHAL","state":"MAHARASHTRA","district":"HINGOLI","block":"SENGAON","indicator":"no_girls_toilet"}},{"type":"Feature","geometry":{"type":"Point","coordinates":[77.22372,19.40975]},"properties":{"udise":"27160306101","name":"ZPPS.SELU","state":"MAHARASHTRA","district":"HINGOLI","block":"BASMATH","indicator":"no_girls_toilet"}},{"type":"Feature","geometry":{"type":"Point","coordinates":[77.20106,19.36839]},"properties":{"udise":"27160301901","name":"ZPPS.INJANGAON PURV","state":"MAHARASHTRA","district":"HINGOLI","block":"BASMATH","indicator":"no_girls_toilet"}},{"type":"Feature","geometry":{"type":"Point","coordinates":[77.38142,19.41011]},"properties":{"udise":"27160413501","name":"ZPPS.JAMGAVHANGAON","state":"MAHARASHTRA","district":"HINGOLI","block":"KALAMNURI","indicator":"no_girls_toilet"}},{"type":"Feature","geometry":{"type":"Point","coordinates":[76.90277,19.52247]},"properties":{"udise":"27160509501","name":"ZPPS.YELI","state":"MAHARASHTRA","district":"HINGOLI","block":"AUNDHA NAGNATH","indicator":"no_girls_toilet"}},{"type":"Feature","geometry":{"type":"Point","coordinates":[77.11702,19.7285]},"properties":{"udise":"27160108301","name":"ZPPS.BELWADI","state":"MAHARASHTRA","district":"HINGOLI","block":"HINGOLI","indicator":"no_girls_toilet"}},{"type":"Feature","geometry":{"type":"Point","coordinates":[76.90946,19.3993]},"properties":{"udise":"27160308401","name":"ZPPS.MATEGAON","state":"MAHARASHTRA","district":"HINGOLI","block":"BASMATH","indicator":"no_girls_toilet"}},{"type":"Feature","geometry":{"type":"Point","coordinates":[77.43609,19.53235]},"properties":{"udise":"27160409106","name":"ZPPS SHEWALA URDU (Divide)","state":"MAHARASHTRA","district":"HINGOLI","block":"KALAMNURI","indicator":"no_girls_toilet"}},{"type":"Feature","geometry":{"type":"Point","coordinates":[77.21866,19.70368]},"properties":{"udise":"27160100901","name":"ZPPS KHANAPUR CHITA","state":"MAHARASHTRA","district":"HINGOLI","block":"HINGOLI","indicator":"no_girls_toilet"}},{"type":"Feature","geometry":{"type":"Point","coordinates":[76.84416,19.72829]},"properties":{"udise":"27160205001","name":"ZPPS.WADAHIWARA","state":"MAHARASHTRA","district":"HINGOLI","block":"SENGAON","indicator":"no_girls_toilet"}},{"type":"Feature","geometry":{"type":"Point","coordinates":[77.12159,19.45662]},"properties":{"udise":"27160512301","name":"ZPPS.MARDI","state":"MAHARASHTRA","district":"HINGOLI","block":"AUNDHA NAGNATH","indicator":"no_girls_toilet"}},{"type":"Feature","geometry":{"type":"Point","coordinates":[77.1412,19.71795]},"properties":{"udise":"27160100102","name":"ZPPS URDU KANYA HINGOLI","state":"MAHARASHTRA","district":"HINGOLI","block":"HINGOLI","indicator":"no_girls_toilet"}},{"type":"Feature","geometry":{"type":"Point","coordinates":[77.45274,19.68288]},"properties":{"udise":"27160412101","name":"ZPPS.GANGAPUR","state":"MAHARASHTRA","district":"HINGOLI","block":"KALAMNURI","indicator":"no_girls_toilet"}},{"type":"Feature","geometry":{"type":"Point","coordinates":[77.27825,19.7741]},"properties":{"udise":"27160102101","name":"ZPPS.NANDUSA","state":"MAHARASHTRA","district":"HINGOLI","block":"HINGOLI","indicator":"no_girls_toilet"}},{"type":"Feature","geometry":{"type":"Point","coordinates":[77.38021,19.48929]},"properties":{"udise":"27160411001","name":"ZPPS.BOUR P","state":"MAHARASHTRA","district":"HINGOLI","block":"KALAMNURI","indicator":"no_girls_toilet"}},{"type":"Feature","geometry":{"type":"Point","coordinates":[77.23853,19.67761]},"properties":{"udise":"27160403001","name":"ZPPS.SELSURA","state":"MAHARASHTRA","district":"HINGOLI","block":"KALAMNURI","indicator":"no_girls_toilet"}},{"type":"Feature","geometry":{"type":"Point","coordinates":[77.11783,19.51322]},"properties":{"udise":"27160513201","name":"ZPPS LAXMANNAIK TANDA","state":"MAHARASHTRA","district":"HINGOLI","block":"AUNDHA NAGNATH","indicator":"no_girls_toilet"}},{"type":"Feature","geometry":{"type":"Point","coordinates":[77.43551,19.53245]},"properties":{"udise":"27160409101","name":"ZPPS. KANYA SHEWALA","state":"MAHARASHTRA","district":"HINGOLI","block":"KALAMNURI","indicator":"no_girls_toilet"}},{"type":"Feature","geometry":{"type":"Point","coordinates":[77.30946,19.75579]},"properties":{"udise":"27160401901","name":"ZPPS.KHARWAD","state":"MAHARASHTRA","district":"HINGOLI","block":"KALAMNURI","indicator":"no_girls_toilet"}},{"type":"Feature","geometry":{"type":"Point","coordinates":[76.77578,19.77358]},"properties":{"udise":"27160202201","name":"ZPPS.HATTA TANDA","state":"MAHARASHTRA","district":"HINGOLI","block":"SENGAON","indicator":"no_girls_toilet"}},{"type":"Feature","geometry":{"type":"Point","coordinates":[77.28065,19.71517]},"properties":{"udise":"27160402701","name":"ZPPS.MASOD","state":"MAHARASHTRA","district":"HINGOLI","block":"KALAMNURI","indicator":"no_girls_toilet"}},{"type":"Feature","geometry":{"type":"Point","coordinates":[77.04365,19.31429]},"properties":{"udise":"27160309301","name":"ZPPS.DHANORA","state":"MAHARASHTRA","district":"HINGOLI","block":"BASMATH","indicator":"no_girls_toilet"}},{"type":"Feature","geometry":{"type":"Point","coordinates":[77.09652,19.61597]},"properties":{"udise":"27160501801","name":"ZPPS.SURWADI","state":"MAHARASHTRA","district":"HINGOLI","block":"AUNDHA NAGNATH","indicator":"no_girls_toilet"}},{"type":"Feature","geometry":{"type":"Point","coordinates":[77.2609,19.54256]},"properties":{"udise":"27160405201","name":"ZPPS.BOLDAGAON","state":"MAHARASHTRA","district":"HINGOLI","block":"KALAMNURI","indicator":"no_girls_toilet"}},{"type":"Feature","geometry":{"type":"Point","coordinates":[77.13111,19.78255]},"properties":{"udise":"27160107501","name":"ZPPS.NAVALGAVHAN","state":"MAHARASHTRA","district":"HINGOLI","block":"HINGOLI","indicator":"no_girls_toilet"}},{"type":"Feature","geometry":{"type":"Point","coordinates":[77.03977,19.76409]},"properties":{"udise":"27160107701","name":"ZPPS.GHOTA","state":"MAHARASHTRA","district":"HINGOLI","block":"HINGOLI","indicator":"no_girls_toilet"}},{"type":"Feature","geometry":{"type":"Point","coordinates":[76.90358,19.3878]},"properties":{"udise":"27160308501","name":"ZPPS.DHAULGAON","state":"MAHARASHTRA","district":"HINGOLI","block":"BASMATH","indicator":"no_girls_toilet"}},{"type":"Feature","geometry":{"type":"Point","coordinates":[77.19781,19.57558]},"properties":{"udise":"27160503501","name":"ZPPS.THEMBHURDARA","state":"MAHARASHTRA","district":"HINGOLI","block":"AUNDHA NAGNATH","indicator":"no_girls_toilet"}},{"type":"Feature","geometry":{"type":"Point","coordinates":[77.35512,19.53864]},"properties":{"udise":"27160408701","name":"ZPPS.DHARDHAWANDA","state":"MAHARASHTRA","district":"HINGOLI","block":"KALAMNURI","indicator":"no_girls_toilet"}},{"type":"Feature","geometry":{"type":"Point","coordinates":[77.39398,19.50458]},"properties":{"udise":"27160410301","name":"ZPPS.BHURKYACHIWADI","state":"MAHARASHTRA","district":"HINGOLI","block":"KALAMNURI","indicator":"no_girls_toilet"}},{"type":"Feature","geometry":{"type":"Point","coordinates":[77.00894,19.33482]},"properties":{"udise":"27160310801","name":"ZPPS.TELGAON","state":"MAHARASHTRA","district":"HINGOLI","block":"BASMATH","indicator":"no_girls_toilet"}},{"type":"Feature","geometry":{"type":"Point","coordinates":[77.0839,19.92548]},"properties":{"udise":"27160210401","name":"ZPPS.SAWANA","state":"MAHARASHTRA","district":"HINGOLI","block":"SENGAON","indicator":"no_girls_toilet"}},{"type":"Feature","geometry":{"type":"Point","coordinates":[77.3121,19.72224]},"properties":{"udise":"27160403202","name":"ZPPS SONULEWASTI RAMWADI","state":"MAHARASHTRA","district":"HINGOLI","block":"KALAMNURI","indicator":"no_girls_toilet"}},{"type":"Feature","geometry":{"type":"Point","coordinates":[76.86375,19.65432]},"properties":{"udise":"27160208401","name":"ZPPS.PIMPRILING","state":"MAHARASHTRA","district":"HINGOLI","block":"SENGAON","indicator":"no_girls_toilet"}},{"type":"Feature","geometry":{"type":"Point","coordinates":[76.88127,19.7461]},"properties":{"udise":"27160201101","name":"ZPPS.LINDARI","state":"MAHARASHTRA","district":"HINGOLI","block":"SENGAON","indicator":"no_girls_toilet"}},{"type":"Feature","geometry":{"type":"Point","coordinates":[77.17595,19.96927]},"properties":{"udise":"27160104601","name":"ZPPS.KANADKHEDA KHU.","state":"MAHARASHTRA","district":"HINGOLI","block":"HINGOLI","indicator":"no_girls_toilet"}},{"type":"Feature","geometry":{"type":"Point","coordinates":[76.99802,19.61595]},"properties":{"udise":"27160506501","name":"ZPPS.DUDHALA TANDA","state":"MAHARASHTRA","district":"HINGOLI","block":"AUNDHA NAGNATH","indicator":"no_girls_toilet"}},{"type":"Feature","geometry":{"type":"Point","coordinates":[77.16393,19.29387]},"properties":{"udise":"27160302301","name":"ZPPS.BHORIPGAON","state":"MAHARASHTRA","district":"HINGOLI","block":"BASMATH","indicator":"no_girls_toilet"}},{"type":"Feature","geometry":{"type":"Point","coordinates":[77.15281,19.72331]},"properties":{"udise":"27160100201","name":"ZPPS GANESHWADI","state":"MAHARASHTRA","district":"HINGOLI","block":"HINGOLI","indicator":"no_girls_toilet"}},{"type":"Feature","geometry":{"type":"Point","coordinates":[77.39199,19.70996]},"properties":{"udise":"27160401101","name":"ZPPS.KADAPDEV","state":"MAHARASHTRA","district":"HINGOLI","block":"KALAMNURI","indicator":"no_girls_toilet"}},{"type":"Feature","geometry":{"type":"Point","coordinates":[77.25765,19.68393]},"properties":{"udise":"27160403101","name":"ZPPS.HATMALI","state":"MAHARASHTRA","district":"HINGOLI","block":"KALAMNURI","indicator":"no_girls_toilet"}},{"type":"Feature","geometry":{"type":"Point","coordinates":[77.04364,19.31426]},"properties":{"udise":"27160309801","name":"ZPPS.RAYWADI","state":"MAHARASHTRA","district":"HINGOLI","block":"BASMATH","indicator":"no_girls_toilet"}},{"type":"Feature","geometry":{"type":"Point","coordinates":[77.30748,19.35996]},"properties":{"udise":"27160415901","name":"ZPPS.WASFAL","state":"MAHARASHTRA","district":"HINGOLI","block":"KALAMNURI","indicator":"no_girls_toilet"}},{"type":"Feature","geometry":{"type":"Point","coordinates":[76.95704,19.69508]},"properties":{"udise":"27160105901","name":"ZPPS JAMBHARUN ANDH TANDA","state":"MAHARASHTRA","district":"HINGOLI","block":"HINGOLI","indicator":"no_girls_toilet"}},{"type":"Feature","geometry":{"type":"Point","coordinates":[77.30236,19.43235]},"properties":{"udise":"27160415101","name":"ZPPS.DANDEGAON","state":"MAHARASHTRA","district":"HINGOLI","block":"KALAMNURI","indicator":"no_girls_toilet"}},{"type":"Feature","geometry":{"type":"Point","coordinates":[77.39181,19.36122]},"properties":{"udise":"27160413601","name":"ZPPS.WARUD TANDA","state":"MAHARASHTRA","district":"HINGOLI","block":"KALAMNURI","indicator":"no_girls_toilet"}},{"type":"Feature","geometry":{"type":"Point","coordinates":[76.74433,19.78374]},"properties":{"udise":"27160204001","name":"ZPPS.HOLGIRA","state":"MAHARASHTRA","district":"HINGOLI","block":"SENGAON","indicator":"no_girls_toilet"}},{"type":"Feature","geometry":{"type":"Point","coordinates":[76.90572,19.68135]},"properties":{"udise":"27160208101","name":"ZPPS.HANKADARI","state":"MAHARASHTRA","district":"HINGOLI","block":"SENGAON","indicator":"no_girls_toilet"}},{"type":"Feature","geometry":{"type":"Point","coordinates":[76.93194,19.80952]},"properties":{"udise":"27160200701","name":"ZPPS.KAREGAON","state":"MAHARASHTRA","district":"HINGOLI","block":"SENGAON","indicator":"no_girls_toilet"}},{"type":"Feature","geometry":{"type":"Point","coordinates":[77.27757,19.50757]},"properties":{"udise":"27160408001","name":"Z.P.P.S.SINDGI","state":"MAHARASHTRA","district":"HINGOLI","block":"KALAMNURI","indicator":"no_girls_toilet"}},{"type":"Feature","geometry":{"type":"Point","coordinates":[76.95838,19.53191]},"properties":{"udise":"27160508601","name":"ZPPS.CHIMEGAON","state":"MAHARASHTRA","district":"HINGOLI","block":"AUNDHA NAGNATH","indicator":"no_girls_toilet"}},{"type":"Feature","geometry":{"type":"Point","coordinates":[77.02982,19.58166]},"properties":{"udise":"27160506901","name":"ZPPS.ANJANWADA TANDA","state":"MAHARASHTRA","district":"HINGOLI","block":"AUNDHA NAGNATH","indicator":"no_girls_toilet"}},{"type":"Feature","geometry":{"type":"Point","coordinates":[77.16143,19.50995]},"properties":{"udise":"27160513601","name":"ZPPS. REVANSIDDHA TANDA","state":"MAHARASHTRA","district":"HINGOLI","block":"AUNDHA NAGNATH","indicator":"no_girls_toilet"}},{"type":"Feature","geometry":{"type":"Point","coordinates":[76.6992,19.86511]},"properties":{"udise":"27160203504","name":"ZPPS MUNGASAJI NAGAR","state":"MAHARASHTRA","district":"HINGOLI","block":"SENGAON","indicator":"no_girls_toilet"}},{"type":"Feature","geometry":{"type":"Point","coordinates":[77.10056,19.34412]},"properties":{"udise":"27160311501","name":"ZP CPS.KHANDEGAON","state":"MAHARASHTRA","district":"HINGOLI","block":"BASMATH","indicator":"no_girls_toilet"}},{"type":"Feature","geometry":{"type":"Point","coordinates":[76.96055,19.51776]},"properties":{"udise":"27160508701","name":"ZPPS.BHAGWA","state":"MAHARASHTRA","district":"HINGOLI","block":"AUNDHA NAGNATH","indicator":"no_girls_toilet"}},{"type":"Feature","geometry":{"type":"Point","coordinates":[77.25223,19.44755]},"properties":{"udise":"27160306501","name":"ZPPS.KOTHARI","state":"MAHARASHTRA","district":"HINGOLI","block":"BASMATH","indicator":"no_girls_toilet"}},{"type":"Feature","geometry":{"type":"Point","coordinates":[77.1321,19.77303]},"properties":{"udise":"27160100801","name":"ZPPS SAWA","state":"MAHARASHTRA","district":"HINGOLI","block":"HINGOLI","indicator":"no_girls_toilet"}},{"type":"Feature","geometry":{"type":"Point","coordinates":[76.99339,19.54939]},"properties":{"udise":"27160501001","name":"ZILLA PARISHAD PRIMARY SCHOOL SHINDEWADI","state":"MAHARASHTRA","district":"HINGOLI","block":"AUNDHA NAGNATH","indicator":"no_girls_toilet"}},{"type":"Feature","geometry":{"type":"Point","coordinates":[76.80205,19.85917]},"properties":{"udise":"27160207201","name":"ZPPS.KAHAKAR KU","state":"MAHARASHTRA","district":"HINGOLI","block":"SENGAON","indicator":"no_girls_toilet"}},{"type":"Feature","geometry":{"type":"Point","coordinates":[77.37779,19.81986]},"properties":{"udise":"27160113101","name":"ZPPS.WARADI","state":"MAHARASHTRA","district":"HINGOLI","block":"HINGOLI","indicator":"no_girls_toilet"}},{"type":"Feature","geometry":{"type":"Point","coordinates":[76.60296,19.80537]},"properties":{"udise":"27160205401","name":"ZPPS.SALEGAON","state":"MAHARASHTRA","district":"HINGOLI","block":"SENGAON","indicator":"no_girls_toilet"}},{"type":"Feature","geometry":{"type":"Point","coordinates":[77.30216,19.39232]},"properties":{"udise":"27160415401","name":"ZPPS.REDGAON","state":"MAHARASHTRA","district":"HINGOLI","block":"KALAMNURI","indicator":"no_girls_toilet"}},{"type":"Feature","geometry":{"type":"Point","coordinates":[77.39647,19.38588]},"properties":{"udise":"27160412801","name":"ZPPS.DONGARKADA S.K.","state":"MAHARASHTRA","district":"HINGOLI","block":"KALAMNURI","indicator":"no_girls_toilet"}},{"type":"Feature","geometry":{"type":"Point","coordinates":[77.10682,19.40582]},"properties":{"udise":"27160304401","name":"ZPPS.PARWA","state":"MAHARASHTRA","district":"HINGOLI","block":"BASMATH","indicator":"no_girls_toilet"}},{"type":"Feature","geometry":{"type":"Point","coordinates":[77.42843,19.39917]},"properties":{"udise":"27160412701","name":"ZPPS.MAHALINGI","state":"MAHARASHTRA","district":"HINGOLI","block":"KALAMNURI","indicator":"no_girls_toilet"}},{"type":"Feature","geometry":{"type":"Point","coordinates":[77.1117,19.43725]},"properties":{"udise":"27160304301","name":"ZPPS.SHINGI","state":"MAHARASHTRA","district":"HINGOLI","block":"BASMATH","indicator":"no_girls_toilet"}},{"type":"Feature","geometry":{"type":"Point","coordinates":[77.10123,19.51477]},"properties":{"udise":"27160512901","name":"ZPPS.KALAPANI TANDA","state":"MAHARASHTRA","district":"HINGOLI","block":"AUNDHA NAGNATH","indicator":"no_girls_toilet"}},{"type":"Feature","geometry":{"type":"Point","coordinates":[77.3841,19.37797]},"properties":{"udise":"27160413403","name":"ZPPS MAROTI NAGAR NAVI ABADI DONGAR","state":"MAHARASHTRA","district":"HINGOLI","block":"KALAMNURI","indicator":"no_girls_toilet"}},{"type":"Feature","geometry":{"type":"Point","coordinates":[77.44153,19.70885]},"properties":{"udise":"27160401401","name":"ZPPS.DONGRAGAON NATA","state":"MAHARASHTRA","district":"HINGOLI","block":"KALAMNURI","indicator":"no_girls_toilet"}},{"type":"Feature","geometry":{"type":"Point","coordinates":[77.13189,19.70717]},"properties":{"udise":"27160100701","name":"ZPPS ANDHARWADI","state":"MAHARASHTRA","district":"HINGOLI","block":"HINGOLI","indicator":"no_girls_toilet"}},{"type":"Feature","geometry":{"type":"Point","coordinates":[76.94167,19.33406]},"properties":{"udise":"27160307901","name":"ZP CPS.HATTA","state":"MAHARASHTRA","district":"HINGOLI","block":"BASMATH","indicator":"no_girls_toilet"}},{"type":"Feature","geometry":{"type":"Point","coordinates":[76.81257,19.72702]},"properties":{"udise":"27160204701","name":"ZPPS.CHIKHALAKAR TANDA","state":"MAHARASHTRA","district":"HINGOLI","block":"SENGAON","indicator":"no_girls_toilet"}},{"type":"Feature","geometry":{"type":"Point","coordinates":[76.79547,19.708]},"properties":{"udise":"27160215101","name":"ZPPS BODKHAWADI","state":"MAHARASHTRA","district":"HINGOLI","block":"SENGAON","indicator":"no_girls_toilet"}},{"type":"Feature","geometry":{"type":"Point","coordinates":[77.44196,19.38377]},"properties":{"udise":"27160413201","name":"ZPPS.MAHALINGI TANDA","state":"MAHARASHTRA","district":"HINGOLI","block":"KALAMNURI","indicator":"no_girls_toilet"}},{"type":"Feature","geometry":{"type":"Point","coordinates":[76.9575,19.96794]},"properties":{"udise":"27160212001","name":"ZPPS.MANNAS PIMPRI","state":"MAHARASHTRA","district":"HINGOLI","block":"SENGAON","indicator":"no_girls_toilet"}},{"type":"Feature","geometry":{"type":"Point","coordinates":[76.54229,19.82362]},"properties":{"udise":"27160205901","name":"ZPPS.WAZAR KU","state":"MAHARASHTRA","district":"HINGOLI","block":"SENGAON","indicator":"no_girls_toilet"}},{"type":"Feature","geometry":{"type":"Point","coordinates":[77.16725,19.73556]},"properties":{"udise":"27160100301","name":"ZPPS GARMAAL","state":"MAHARASHTRA","district":"HINGOLI","block":"HINGOLI","indicator":"no_girls_toilet"}},{"type":"Feature","geometry":{"type":"Point","coordinates":[77.04371,19.31434]},"properties":{"udise":"27160310201","name":"ZPPS.SATEGAON","state":"MAHARASHTRA","district":"HINGOLI","block":"BASMATH","indicator":"no_girls_toilet"}},{"type":"Feature","geometry":{"type":"Point","coordinates":[77.30878,19.46552]},"properties":{"udise":"27160415103","name":"ZPPS GANESHWADI DANDEGAON","state":"MAHARASHTRA","district":"HINGOLI","block":"KALAMNURI","indicator":"no_girls_toilet"}},{"type":"Feature","geometry":{"type":"Point","coordinates":[77.32234,19.61474]},"properties":{"udise":"27160404101","name":"ZPPS.KUMBHARWADI","state":"MAHARASHTRA","district":"HINGOLI","block":"KALAMNURI","indicator":"no_girls_toilet"}},{"type":"Feature","geometry":{"type":"Point","coordinates":[77.03475,19.53208]},"properties":{"udise":"27160500125","name":"V.K.PATIL ENGLISH SCHOOL AUNDHA NAGNATH","state":"MAHARASHTRA","district":"HINGOLI","block":"AUNDHA NAGNATH","indicator":"no_girls_toilet"}},{"type":"Feature","geometry":{"type":"Point","coordinates":[77.23084,19.50468]},"properties":{"udise":"27160305001","name":"ZPPS KUPTI","state":"MAHARASHTRA","district":"HINGOLI","block":"BASMATH","indicator":"no_girls_toilet"}},{"type":"Feature","geometry":{"type":"Point","coordinates":[77.09756,19.36142]},"properties":{"udise":"27160312001","name":"ZPPS.FATA","state":"MAHARASHTRA","district":"HINGOLI","block":"BASMATH","indicator":"no_girls_toilet"}},{"type":"Feature","geometry":{"type":"Point","coordinates":[77.07337,19.44706]},"properties":{"udise":"27160511601","name":"ZPPS.KANYA SHIRAD","state":"MAHARASHTRA","district":"HINGOLI","block":"AUNDHA NAGNATH","indicator":"no_girls_toilet"}},{"type":"Feature","geometry":{"type":"Point","coordinates":[77.20199,19.92608]},"properties":{"udise":"27160104301","name":"ZPPS.WANZOLA","state":"MAHARASHTRA","district":"HINGOLI","block":"HINGOLI","indicator":"no_girls_toilet"}},{"type":"Feature","geometry":{"type":"Point","coordinates":[77.16075,19.33939]},"properties":{"udise":"27160300165","name":"ZPPS PATHAN MOHALLA URDU BASMATH","state":"MAHARASHTRA","district":"HINGOLI","block":"BASMATH","indicator":"no_girls_toilet"}},{"type":"Feature","geometry":{"type":"Point","coordinates":[77.36366,19.62811]},"properties":{"udise":"27160407601","name":"ZPPS.ARATHI","state":"MAHARASHTRA","district":"HINGOLI","block":"KALAMNURI","indicator":"no_girls_toilet"}},{"type":"Feature","geometry":{"type":"Point","coordinates":[77.32432,19.75142]},"properties":{"udise":"27160402001","name":"ZPPS.MORWAD","state":"MAHARASHTRA","district":"HINGOLI","block":"KALAMNURI","indicator":"no_girls_toilet"}},{"type":"Feature","geometry":{"type":"Point","coordinates":[77.06089,19.29428]},"properties":{"udise":"27160310001","name":"ZPPS.LINGI","state":"MAHARASHTRA","district":"HINGOLI","block":"BASMATH","indicator":"girls_toilet_nonfunctional"}},{"type":"Feature","geometry":{"type":"Point","coordinates":[77.14314,19.27116]},"properties":{"udise":"27160312703","name":"ZPPS BABHULGAON URDU","state":"MAHARASHTRA","district":"HINGOLI","block":"BASMATH","indicator":"girls_toilet_nonfunctional"}},{"type":"Feature","geometry":{"type":"Point","coordinates":[76.97679,19.92964]},"properties":{"udise":"27160211601","name":"ZPPS.GODANKHEDA","state":"MAHARASHTRA","district":"HINGOLI","block":"SENGAON","indicator":"girls_toilet_nonfunctional"}},{"type":"Feature","geometry":{"type":"Point","coordinates":[76.95339,19.63498]},"properties":{"udise":"27160506301","name":"ZPPS.DHEGAJ","state":"MAHARASHTRA","district":"HINGOLI","block":"AUNDHA NAGNATH","indicator":"girls_toilet_nonfunctional"}},{"type":"Feature","geometry":{"type":"Point","coordinates":[76.97563,19.66095]},"properties":{"udise":"27160504901","name":"ZPPS.JAMBHALI TANDA","state":"MAHARASHTRA","district":"HINGOLI","block":"AUNDHA NAGNATH","indicator":"girls_toilet_nonfunctional"}},{"type":"Feature","geometry":{"type":"Point","coordinates":[77.15758,19.74911]},"properties":{"udise":"27160110401","name":"ZPPS.BALSOND","state":"MAHARASHTRA","district":"HINGOLI","block":"HINGOLI","indicator":"girls_toilet_nonfunctional"}},{"type":"Feature","geometry":{"type":"Point","coordinates":[77.03244,19.64828]},"properties":{"udise":"27160507605","name":"ZPPS SAWALI TANDA","state":"MAHARASHTRA","district":"HINGOLI","block":"AUNDHA NAGNATH","indicator":"girls_toilet_nonfunctional"}},{"type":"Feature","geometry":{"type":"Point","coordinates":[76.79759,19.7724]},"properties":{"udise":"27160201501","name":"ZPPS.HATTA","state":"MAHARASHTRA","district":"HINGOLI","block":"SENGAON","indicator":"girls_toilet_nonfunctional"}},{"type":"Feature","geometry":{"type":"Point","coordinates":[76.71723,19.81993]},"properties":{"udise":"27160203301","name":"ZPPS.HIWARKHEDA","state":"MAHARASHTRA","district":"HINGOLI","block":"SENGAON","indicator":"girls_toilet_nonfunctional"}},{"type":"Feature","geometry":{"type":"Point","coordinates":[77.2348,19.80121]},"properties":{"udise":"27160110301","name":"ZPPS.JOGYACHIWADI","state":"MAHARASHTRA","district":"HINGOLI","block":"HINGOLI","indicator":"girls_toilet_nonfunctional"}},{"type":"Feature","geometry":{"type":"Point","coordinates":[77.19365,19.9794]},"properties":{"udise":"27160104701","name":"ZPPS.KALBURGA","state":"MAHARASHTRA","district":"HINGOLI","block":"HINGOLI","indicator":"girls_toilet_nonfunctional"}},{"type":"Feature","geometry":{"type":"Point","coordinates":[77.16099,19.32888]},"properties":{"udise":"27160300107","name":"MAHATMA GANDHI PRATHAMIK VIDYALAY BASMATH","state":"MAHARASHTRA","district":"HINGOLI","block":"BASMATH","indicator":"girls_toilet_nonfunctional"}},{"type":"Feature","geometry":{"type":"Point","coordinates":[76.98265,19.56992]},"properties":{"udise":"27160505601","name":"ZPPS.BARGEWADI","state":"MAHARASHTRA","district":"HINGOLI","block":"AUNDHA NAGNATH","indicator":"girls_toilet_nonfunctional"}},{"type":"Feature","geometry":{"type":"Point","coordinates":[77.14868,19.37397]},"properties":{"udise":"27160301601","name":"ZPPS.MOHGAON","state":"MAHARASHTRA","district":"HINGOLI","block":"BASMATH","indicator":"girls_toilet_nonfunctional"}},{"type":"Feature","geometry":{"type":"Point","coordinates":[77.24729,19.81096]},"properties":{"udise":"27160111701","name":"ZPPS.MALAI","state":"MAHARASHTRA","district":"HINGOLI","block":"HINGOLI","indicator":"girls_toilet_nonfunctional"}},{"type":"Feature","geometry":{"type":"Point","coordinates":[77.26543,19.3421]},"properties":{"udise":"27160313501","name":"ZP CPS GIRGAON","state":"MAHARASHTRA","district":"HINGOLI","block":"BASMATH","indicator":"girls_toilet_nonfunctional"}},{"type":"Feature","geometry":{"type":"Point","coordinates":[77.07357,19.65873]},"properties":{"udise":"27160505001","name":"ZPPS.PAZAR TANDA","state":"MAHARASHTRA","district":"HINGOLI","block":"AUNDHA NAGNATH","indicator":"girls_toilet_nonfunctional"}},{"type":"Feature","geometry":{"type":"Point","coordinates":[77.30431,19.37329]},"properties":{"udise":"27160416001","name":"ZPPS RANGNATHWADI","state":"MAHARASHTRA","district":"HINGOLI","block":"KALAMNURI","indicator":"girls_toilet_nonfunctional"}},{"type":"Feature","geometry":{"type":"Point","coordinates":[77.32431,19.83013]},"properties":{"udise":"27160113401","name":"ZPPS.BORJA","state":"MAHARASHTRA","district":"HINGOLI","block":"HINGOLI","indicator":"girls_toilet_nonfunctional"}},{"type":"Feature","geometry":{"type":"Point","coordinates":[76.67756,19.83787]},"properties":{"udise":"27160203202","name":"ZPPS RAMPRASAD NAGAR BORKHEDI","state":"MAHARASHTRA","district":"HINGOLI","block":"SENGAON","indicator":"girls_toilet_nonfunctional"}},{"type":"Feature","geometry":{"type":"Point","coordinates":[77.21087,19.34645]},"properties":{"udise":"27160302401","name":"ZPPS.CHANDGAVHAN","state":"MAHARASHTRA","district":"HINGOLI","block":"BASMATH","indicator":"girls_toilet_nonfunctional"}},{"type":"Feature","geometry":{"type":"Point","coordinates":[76.88251,19.64382]},"properties":{"udise":"27160208201","name":"ZPPS.LINGPIMPRI","state":"MAHARASHTRA","district":"HINGOLI","block":"SENGAON","indicator":"girls_toilet_nonfunctional"}},{"type":"Feature","geometry":{"type":"Point","coordinates":[77.04417,19.54306]},"properties":{"udise":"27160500117","name":"ZPPS URDU AUNDHA NA","state":"MAHARASHTRA","district":"HINGOLI","block":"AUNDHA NAGNATH","indicator":"girls_toilet_nonfunctional"}},{"type":"Feature","geometry":{"type":"Point","coordinates":[77.17281,19.5181]},"properties":{"udise":"27160513301","name":"ZPPS.DAREWADI","state":"MAHARASHTRA","district":"HINGOLI","block":"AUNDHA NAGNATH","indicator":"girls_toilet_nonfunctional"}},{"type":"Feature","geometry":{"type":"Point","coordinates":[76.85304,19.731]},"properties":{"udise":"27160201301","name":"ZPPS JAMANDH TANDA","state":"MAHARASHTRA","district":"HINGOLI","block":"SENGAON","indicator":"girls_toilet_nonfunctional"}},{"type":"Feature","geometry":{"type":"Point","coordinates":[77.09173,19.49649]},"properties":{"udise":"27160511801","name":"ZPPS.SHIRADWADI","state":"MAHARASHTRA","district":"HINGOLI","block":"AUNDHA NAGNATH","indicator":"girls_toilet_nonfunctional"}},{"type":"Feature","geometry":{"type":"Point","coordinates":[77.0736,19.65873]},"properties":{"udise":"27160505401","name":"ZPPS.DHANWEWADI","state":"MAHARASHTRA","district":"HINGOLI","block":"AUNDHA NAGNATH","indicator":"girls_toilet_nonfunctional"}},{"type":"Feature","geometry":{"type":"Point","coordinates":[76.81372,19.81908]},"properties":{"udise":"27160207401","name":"ZPPS.KAWARDADI","state":"MAHARASHTRA","district":"HINGOLI","block":"SENGAON","indicator":"girls_toilet_nonfunctional"}},{"type":"Feature","geometry":{"type":"Point","coordinates":[76.71051,19.78984]},"properties":{"udise":"27160203901","name":"ZPPS.DHOTRA","state":"MAHARASHTRA","district":"HINGOLI","block":"SENGAON","indicator":"girls_toilet_nonfunctional"}},{"type":"Feature","geometry":{"type":"Point","coordinates":[77.35458,19.58789]},"properties":{"udise":"27160407701","name":"ZPPS.GOTEWADI","state":"MAHARASHTRA","district":"HINGOLI","block":"KALAMNURI","indicator":"girls_toilet_nonfunctional"}},{"type":"Feature","geometry":{"type":"Point","coordinates":[76.99801,19.56951]},"properties":{"udise":"27160506001","name":"ZPPS.BRAMHANWADA","state":"MAHARASHTRA","district":"HINGOLI","block":"AUNDHA NAGNATH","indicator":"girls_toilet_nonfunctional"}},{"type":"Feature","geometry":{"type":"Point","coordinates":[77.13841,19.88182]},"properties":{"udise":"27160104001","name":"ZPPS.BODAKHI","state":"MAHARASHTRA","district":"HINGOLI","block":"HINGOLI","indicator":"girls_toilet_nonfunctional"}},{"type":"Feature","geometry":{"type":"Point","coordinates":[76.99693,19.39644]},"properties":{"udise":"27160308601","name":"ZPPS.KALMBA","state":"MAHARASHTRA","district":"HINGOLI","block":"BASMATH","indicator":"girls_toilet_nonfunctional"}},{"type":"Feature","geometry":{"type":"Point","coordinates":[76.88842,19.50119]},"properties":{"udise":"27160508801","name":"ZPPS.UNDEGAON","state":"MAHARASHTRA","district":"HINGOLI","block":"AUNDHA NAGNATH","indicator":"girls_toilet_nonfunctional"}},{"type":"Feature","geometry":{"type":"Point","coordinates":[77.29289,19.68604]},"properties":{"udise":"27160400143","name":"SAMAJBHUSHAN SW. MADHAVRAOJI NAIK UPPERPRIMARY AND SECONDARY SCHOOL KALAMNURI","state":"MAHARASHTRA","district":"HINGOLI","block":"KALAMNURI","indicator":"girls_toilet_nonfunctional"}},{"type":"Feature","geometry":{"type":"Point","coordinates":[77.22602,19.86861]},"properties":{"udise":"27160111501","name":"ZPPS.SIRSAM KHU.","state":"MAHARASHTRA","district":"HINGOLI","block":"HINGOLI","indicator":"girls_toilet_nonfunctional"}},{"type":"Feature","geometry":{"type":"Point","coordinates":[77.42899,19.5053]},"properties":{"udise":"27160409901","name":"ZPPS.PIMPRI KHU","state":"MAHARASHTRA","district":"HINGOLI","block":"KALAMNURI","indicator":"girls_toilet_nonfunctional"}},{"type":"Feature","geometry":{"type":"Point","coordinates":[76.78975,19.79622]},"properties":{"udise":"27160202801","name":"ZPPS.PATONDA","state":"MAHARASHTRA","district":"HINGOLI","block":"SENGAON","indicator":"girls_toilet_nonfunctional"}},{"type":"Feature","geometry":{"type":"Point","coordinates":[77.1417,19.71784]},"properties":{"udise":"27160100101","name":"CPS S.B. HINGOLI","state":"MAHARASHTRA","district":"HINGOLI","block":"HINGOLI","indicator":"girls_toilet_nonfunctional"}},{"type":"Feature","geometry":{"type":"Point","coordinates":[77.22782,19.69345]},"properties":{"udise":"27160101901","name":"ZPPS.HIVRABEL","state":"MAHARASHTRA","district":"HINGOLI","block":"HINGOLI","indicator":"girls_toilet_nonfunctional"}},{"type":"Feature","geometry":{"type":"Point","coordinates":[77.06191,19.27431]},"properties":{"udise":"27160309501","name":"ZPPS.HAYATNAGAR","state":"MAHARASHTRA","district":"HINGOLI","block":"BASMATH","indicator":"girls_toilet_nonfunctional"}},{"type":"Feature","geometry":{"type":"Point","coordinates":[77.05445,19.9921]},"properties":{"udise":"27160211101","name":"ZPPS.TAPOWAN","state":"MAHARASHTRA","district":"HINGOLI","block":"SENGAON","indicator":"girls_toilet_nonfunctional"}},{"type":"Feature","geometry":{"type":"Point","coordinates":[77.14386,19.2711]},"properties":{"udise":"27160312701","name":"ZPPS.BABHULGAON","state":"MAHARASHTRA","district":"HINGOLI","block":"BASMATH","indicator":"girls_toilet_nonfunctional"}},{"type":"Feature","geometry":{"type":"Point","coordinates":[77.35573,19.43936]},"properties":{"udise":"27160416301","name":"ZPPS EKGHARI","state":"MAHARASHTRA","district":"HINGOLI","block":"KALAMNURI","indicator":"girls_toilet_nonfunctional"}},{"type":"Feature","geometry":{"type":"Point","coordinates":[77.27684,19.44145]},"properties":{"udise":"27160314301","name":"ZPPS.DABHADI","state":"MAHARASHTRA","district":"HINGOLI","block":"BASMATH","indicator":"girls_toilet_nonfunctional"}},{"type":"Feature","geometry":{"type":"Point","coordinates":[77.12558,19.30163]},"properties":{"udise":"27160312302","name":"ZPPS MUDI N V","state":"MAHARASHTRA","district":"HINGOLI","block":"BASMATH","indicator":"girls_toilet_nonfunctional"}},{"type":"Feature","geometry":{"type":"Point","coordinates":[77.04739,19.68616]},"properties":{"udise":"27160108701","name":"ZPPS.LOHAGAON","state":"MAHARASHTRA","district":"HINGOLI","block":"HINGOLI","indicator":"girls_toilet_nonfunctional"}},{"type":"Feature","geometry":{"type":"Point","coordinates":[77.17039,19.6988]},"properties":{"udise":"27160100129","name":"ANSOOYA VIDYA MANDIR KHATKALI PARISAR HINGOLI","state":"MAHARASHTRA","district":"HINGOLI","block":"HINGOLI","indicator":"girls_toilet_nonfunctional"}},{"type":"Feature","geometry":{"type":"Point","coordinates":[77.30518,19.40216]},"properties":{"udise":"27160313701","name":"ZPPS.PARDI KU","state":"MAHARASHTRA","district":"HINGOLI","block":"BASMATH","indicator":"girls_toilet_nonfunctional"}},{"type":"Feature","geometry":{"type":"Point","coordinates":[77.09371,19.46796]},"properties":{"udise":"27160511603","name":"ZPPS.SHIRADSHAHAPUR","state":"MAHARASHTRA","district":"HINGOLI","block":"AUNDHA NAGNATH","indicator":"girls_toilet_nonfunctional"}},{"type":"Feature","geometry":{"type":"Point","coordinates":[77.12086,19.24755]},"properties":{"udise":"27160313101","name":"ZPPS.LAHAN","state":"MAHARASHTRA","district":"HINGOLI","block":"BASMATH","indicator":"girls_toilet_nonfunctional"}},{"type":"Feature","geometry":{"type":"Point","coordinates":[77.3012,19.86635]},"properties":{"udise":"27160113801","name":"ZPPS.BHATTASAWANGI WADI","state":"MAHARASHTRA","district":"HINGOLI","block":"HINGOLI","indicator":"girls_toilet_nonfunctional"}},{"type":"Feature","geometry":{"type":"Point","coordinates":[76.94908,19.48216]},"properties":{"udise":"27160511301","name":"ZPPS.TAKALGAVHAN","state":"MAHARASHTRA","district":"HINGOLI","block":"AUNDHA NAGNATH","indicator":"girls_toilet_nonfunctional"}},{"type":"Feature","geometry":{"type":"Point","coordinates":[76.89264,19.79415]},"properties":{"udise":"27160200103","name":"APPASWAMI P.V.SENGAON","state":"MAHARASHTRA","district":"HINGOLI","block":"SENGAON","indicator":"girls_toilet_nonfunctional"}},{"type":"Feature","geometry":{"type":"Point","coordinates":[76.76465,19.83804]},"properties":{"udise":"27160202901","name":"ZPPS.SAKHARA","state":"MAHARASHTRA","district":"HINGOLI","block":"SENGAON","indicator":"girls_toilet_nonfunctional"}},{"type":"Feature","geometry":{"type":"Point","coordinates":[77.25488,19.34477]},"properties":{"udise":"27160313901","name":"ZPPS.PARJANA","state":"MAHARASHTRA","district":"HINGOLI","block":"BASMATH","indicator":"girls_toilet_nonfunctional"}},{"type":"Feature","geometry":{"type":"Point","coordinates":[76.95975,19.74082]},"properties":{"udise":"27160209501","name":"ZPPS.PUSEGAON N.V.","state":"MAHARASHTRA","district":"HINGOLI","block":"SENGAON","indicator":"girls_toilet_nonfunctional"}},{"type":"Feature","geometry":{"type":"Point","coordinates":[77.32972,19.54269]},"properties":{"udise":"27160407401","name":"ZPPS.GORLEGAON","state":"MAHARASHTRA","district":"HINGOLI","block":"KALAMNURI","indicator":"girls_toilet_nonfunctional"}},{"type":"Feature","geometry":{"type":"Point","coordinates":[77.04284,19.9645]},"properties":{"udise":"27160210701","name":"ZPPS.KADOLI","state":"MAHARASHTRA","district":"HINGOLI","block":"SENGAON","indicator":"girls_toilet_nonfunctional"}},{"type":"Feature","geometry":{"type":"Point","coordinates":[77.1941,19.68944]},"properties":{"udise":"27160101101","name":"ZPPS.BORISIKARI","state":"MAHARASHTRA","district":"HINGOLI","block":"HINGOLI","indicator":"girls_toilet_nonfunctional"}},{"type":"Feature","geometry":{"type":"Point","coordinates":[77.20296,19.61422]},"properties":{"udise":"27160503101","name":"ZPPS.PUR","state":"MAHARASHTRA","district":"HINGOLI","block":"AUNDHA NAGNATH","indicator":"girls_toilet_nonfunctional"}},{"type":"Feature","geometry":{"type":"Point","coordinates":[77.05806,19.57765]},"properties":{"udise":"27160501303","name":"ZPPS GHYARAWADI","state":"MAHARASHTRA","district":"HINGOLI","block":"AUNDHA NAGNATH","indicator":"girls_toilet_nonfunctional"}},{"type":"Feature","geometry":{"type":"Point","coordinates":[77.12567,19.38674]},"properties":{"udise":"27160300501","name":"ZPPS.BAREPURWADI","state":"MAHARASHTRA","district":"HINGOLI","block":"BASMATH","indicator":"girls_toilet_nonfunctional"}},{"type":"Feature","geometry":{"type":"Point","coordinates":[77.16563,19.32934]},"properties":{"udise":"27160300170","name":"MAHATMA GANDHI JR COLLEGE BASMATH","state":"MAHARASHTRA","district":"HINGOLI","block":"BASMATH","indicator":"girls_toilet_nonfunctional"}},{"type":"Feature","geometry":{"type":"Point","coordinates":[76.744,19.85176]},"properties":{"udise":"27160203701","name":"ZPPS.KELSULA","state":"MAHARASHTRA","district":"HINGOLI","block":"SENGAON","indicator":"girls_toilet_nonfunctional"}},{"type":"Feature","geometry":{"type":"Point","coordinates":[76.95378,19.63505]},"properties":{"udise":"27160506701","name":"ZPPS.SHIDHESHWAR TANDA","state":"MAHARASHTRA","district":"HINGOLI","block":"AUNDHA NAGNATH","indicator":"girls_toilet_nonfunctional"}},{"type":"Feature","geometry":{"type":"Point","coordinates":[77.06907,19.292]},"properties":{"udise":"27160310101","name":"ZPPS.INDIRANAGAR","state":"MAHARASHTRA","district":"HINGOLI","block":"BASMATH","indicator":"girls_toilet_nonfunctional"}},{"type":"Feature","geometry":{"type":"Point","coordinates":[77.30395,19.85222]},"properties":{"udise":"27160116101","name":"ZPPS DHOLUMARI","state":"MAHARASHTRA","district":"HINGOLI","block":"HINGOLI","indicator":"girls_toilet_nonfunctional"}},{"type":"Feature","geometry":{"type":"Point","coordinates":[76.87598,19.47213]},"properties":{"udise":"27160509901","name":"ZPPS.LANDALA","state":"MAHARASHTRA","district":"HINGOLI","block":"AUNDHA NAGNATH","indicator":"girls_toilet_nonfunctional"}},{"type":"Feature","geometry":{"type":"Point","coordinates":[77.18895,19.4242]},"properties":{"udise":"27160306701","name":"ZPPS.WARTALA","state":"MAHARASHTRA","district":"HINGOLI","block":"BASMATH","indicator":"girls_toilet_nonfunctional"}},{"type":"Feature","geometry":{"type":"Point","coordinates":[77.13066,19.91117]},"properties":{"udise":"27160103701","name":"ZPPS.AMBALA TANDA","state":"MAHARASHTRA","district":"HINGOLI","block":"HINGOLI","indicator":"girls_toilet_nonfunctional"}},{"type":"Feature","geometry":{"type":"Point","coordinates":[77.11083,19.43586]},"properties":{"udise":"27160304201","name":"ZPPS.WAGHI","state":"MAHARASHTRA","district":"HINGOLI","block":"BASMATH","indicator":"girls_toilet_nonfunctional"}},{"type":"Feature","geometry":{"type":"Point","coordinates":[77.14672,19.34161]},"properties":{"udise":"27160304001","name":"ZPPS.NAGAPUR","state":"MAHARASHTRA","district":"HINGOLI","block":"BASMATH","indicator":"girls_toilet_nonfunctional"}},{"type":"Feature","geometry":{"type":"Point","coordinates":[76.86148,19.86481]},"properties":{"udise":"27160206801","name":"ZPPS.WATKALI","state":"MAHARASHTRA","district":"HINGOLI","block":"SENGAON","indicator":"girls_toilet_nonfunctional"}},{"type":"Feature","geometry":{"type":"Point","coordinates":[77.23015,19.76243]},"properties":{"udise":"27160110201","name":"ZPPS.SAYALA","state":"MAHARASHTRA","district":"HINGOLI","block":"HINGOLI","indicator":"girls_toilet_nonfunctional"}},{"type":"Feature","geometry":{"type":"Point","coordinates":[77.15825,19.33083]},"properties":{"udise":"27160300105","name":"ZPPS BUDHWARA BASMATH","state":"MAHARASHTRA","district":"HINGOLI","block":"BASMATH","indicator":"girls_toilet_nonfunctional"}},{"type":"Feature","geometry":{"type":"Point","coordinates":[77.17872,19.72248]},"properties":{"udise":"27160100601","name":"ZPPS KARWADI","state":"MAHARASHTRA","district":"HINGOLI","block":"HINGOLI","indicator":"girls_toilet_nonfunctional"}},{"type":"Feature","geometry":{"type":"Point","coordinates":[76.98018,19.75483]},"properties":{"udise":"27160209401","name":"ZPPS.WARUD SAMAD","state":"MAHARASHTRA","district":"HINGOLI","block":"SENGAON","indicator":"girls_toilet_nonfunctional"}},{"type":"Feature","geometry":{"type":"Point","coordinates":[77.10372,19.55663]},"properties":{"udise":"27160500901","name":"ZPPS.RAJAPUR","state":"MAHARASHTRA","district":"HINGOLI","block":"AUNDHA NAGNATH","indicator":"girls_toilet_nonfunctional"}},{"type":"Feature","geometry":{"type":"Point","coordinates":[77.42106,19.50834]},"properties":{"udise":"27160410901","name":"ZPPS.ADA","state":"MAHARASHTRA","district":"HINGOLI","block":"KALAMNURI","indicator":"girls_toilet_nonfunctional"}},{"type":"Feature","geometry":{"type":"Point","coordinates":[77.01842,19.90391]},"properties":{"udise":"27160209801","name":"ZPPS.JAMTHI BU","state":"MAHARASHTRA","district":"HINGOLI","block":"SENGAON","indicator":"girls_toilet_nonfunctional"}},{"type":"Feature","geometry":{"type":"Point","coordinates":[76.59908,19.83313]},"properties":{"udise":"27160205203","name":"ZPPS DHANORA BANJARA","state":"MAHARASHTRA","district":"HINGOLI","block":"SENGAON","indicator":"girls_toilet_nonfunctional"}},{"type":"Feature","geometry":{"type":"Point","coordinates":[77.14783,19.95902]},"properties":{"udise":"27160104803","name":"Z.P.P.S. RAILWAY STATION , KANERGAON NAKA","state":"MAHARASHTRA","district":"HINGOLI","block":"HINGOLI","indicator":"girls_toilet_nonfunctional"}},{"type":"Feature","geometry":{"type":"Point","coordinates":[76.92446,19.87539]},"properties":{"udise":"27160213302","name":"ZPHS.PRASHALA  AJEGAON","state":"MAHARASHTRA","district":"HINGOLI","block":"SENGAON","indicator":"girls_toilet_nonfunctional"}},{"type":"Feature","geometry":{"type":"Point","coordinates":[76.95141,19.9541]},"properties":{"udise":"27160211501","name":"ZPPS.BATWADI","state":"MAHARASHTRA","district":"HINGOLI","block":"SENGAON","indicator":"girls_toilet_nonfunctional"}},{"type":"Feature","geometry":{"type":"Point","coordinates":[76.91864,19.59157]},"properties":{"udise":"27160505201","name":"ZPPS.SAWALI TANDA","state":"MAHARASHTRA","district":"HINGOLI","block":"AUNDHA NAGNATH","indicator":"girls_toilet_nonfunctional"}},{"type":"Feature","geometry":{"type":"Point","coordinates":[76.86357,19.65424]},"properties":{"udise":"27160208001","name":"ZPPS.REPA","state":"MAHARASHTRA","district":"HINGOLI","block":"SENGAON","indicator":"girls_toilet_nonfunctional"}},{"type":"Feature","geometry":{"type":"Point","coordinates":[75.74464,21.33668]},"properties":{"udise":"27031504905","name":"Z.P.SCH.SAKYADEV","state":"MAHARASHTRA","district":"JALGAON","block":"YAWAL","indicator":"no_girls_toilet"}},{"type":"Feature","geometry":{"type":"Point","coordinates":[75.35386,20.67335]},"properties":{"udise":"27031201701","name":"Z. P. MAR BOYS SCH. NO. 1PACHORA","state":"MAHARASHTRA","district":"JALGAON","block":"PACHORA","indicator":"no_girls_toilet"}},{"type":"Feature","geometry":{"type":"Point","coordinates":[75.14709,21.01814]},"properties":{"udise":"27030105601","name":"Z.P. SCH.KHEDI KH.","state":"MAHARASHTRA","district":"JALGAON","block":"AMALNER","indicator":"no_girls_toilet"}},{"type":"Feature","geometry":{"type":"Point","coordinates":[75.87514,21.06478]},"properties":{"udise":"27031409601","name":"Z.P. MAR .SCH. GAHUKHEDA","state":"MAHARASHTRA","district":"JALGAON","block":"RAWER","indicator":"no_girls_toilet"}},{"type":"Feature","geometry":{"type":"Point","coordinates":[76.38803,21.02352]},"properties":{"udise":"27031107405","name":"Z.P SCHOOL NAVANATH NAGAR VADHODE","state":"MAHARASHTRA","district":"JALGAON","block":"MUKTAINAGAR","indicator":"no_girls_toilet"}},{"type":"Feature","geometry":{"type":"Point","coordinates":[74.98491,21.07614]},"properties":{"udise":"27030111001","name":"Z.P. SCH. ZADI","state":"MAHARASHTRA","district":"JALGAON","block":"AMALNER","indicator":"no_girls_toilet"}},{"type":"Feature","geometry":{"type":"Point","coordinates":[75.22274,20.79718]},"properties":{"udise":"27031304801","name":"Z. P. PRI. SCH.WADGAON P.E.","state":"MAHARASHTRA","district":"JALGAON","block":"PAROLA","indicator":"no_girls_toilet"}},{"type":"Feature","geometry":{"type":"Point","coordinates":[75.56912,21.06496]},"properties":{"udise":"27030900303","name":"Z. P. URDU SCH. MAMURABAD","state":"MAHARASHTRA","district":"JALGAON","block":"JALGAON","indicator":"no_girls_toilet"}},{"type":"Feature","geometry":{"type":"Point","coordinates":[75.89803,21.29876]},"properties":{"udise":"27031404803","name":"Z.P. PRI. SCH. SUKIDHARN GARBARDI","state":"MAHARASHTRA","district":"JALGAON","block":"RAWER","indicator":"no_girls_toilet"}},{"type":"Feature","geometry":{"type":"Point","coordinates":[75.01666,20.45578]},"properties":{"udise":"27030500116","name":"N.P. URDU SCH. NO.3 CHALISGAON","state":"MAHARASHTRA","district":"JALGAON","block":"CHALISGAON","indicator":"no_girls_toilet"}},{"type":"Feature","geometry":{"type":"Point","coordinates":[75.00397,20.4658]},"properties":{"udise":"27030500106","name":"N.P. SCH. NO.7 CHALISGAON","state":"MAHARASHTRA","district":"JALGAON","block":"CHALISGAON","indicator":"no_girls_toilet"}},{"type":"Feature","geometry":{"type":"Point","coordinates":[75.06888,21.07369]},"properties":{"udise":"27030100801","name":"Z.P. SCH. LADGAON","state":"MAHARASHTRA","district":"JALGAON","block":"AMALNER","indicator":"no_girls_toilet"}},{"type":"Feature","geometry":{"type":"Point","coordinates":[75.1241,21.02397]},"properties":{"udise":"27030106201","name":"Z.P. SCH. RAMESHWAR KH","state":"MAHARASHTRA","district":"JALGAON","block":"AMALNER","indicator":"no_girls_toilet"}},{"type":"Feature","geometry":{"type":"Point","coordinates":[75.02294,20.8571]},"properties":{"udise":"27031308301","name":"Z. P. PRI. SCH.DALWEL","state":"MAHARASHTRA","district":"JALGAON","block":"PAROLA","indicator":"no_girls_toilet"}},{"type":"Feature","geometry":{"type":"Point","coordinates":[75.89274,20.93571]},"properties":{"udise":"27030403601","name":"Z.P.PRI. SCH. DHANORI","state":"MAHARASHTRA","district":"JALGAON","block":"BODWAD","indicator":"no_girls_toilet"}},{"type":"Feature","geometry":{"type":"Point","coordinates":[75.02477,20.35888]},"properties":{"udise":"27030506902","name":"NEW Z.P.PRI.SCHOOL , HANUMANWADI","state":"MAHARASHTRA","district":"JALGAON","block":"CHALISGAON","indicator":"no_girls_toilet"}},{"type":"Feature","geometry":{"type":"Point","coordinates":[75.25954,21.04985]},"properties":{"udise":"27030705801","name":"Z.P.PRI. SCH.  NISHANE BK.","state":"MAHARASHTRA","district":"JALGAON","block":"DHARANGAON","indicator":"no_girls_toilet"}},{"type":"Feature","geometry":{"type":"Point","coordinates":[75.46174,20.92696]},"properties":{"udise":"27030805002","name":"Z.P. URDU SCH. RAVANJE BK","state":"MAHARASHTRA","district":"JALGAON","block":"ERANDOL","indicator":"no_girls_toilet"}},{"type":"Feature","geometry":{"type":"Point","coordinates":[75.76465,21.23869]},"properties":{"udise":"27031503803","name":"Z.P. SCH. DHULEPADA","state":"MAHARASHTRA","district":"JALGAON","block":"YAWAL","indicator":"no_girls_toilet"}},{"type":"Feature","geometry":{"type":"Point","coordinates":[75.26058,20.95353]},"properties":{"udise":"27030701901","name":"Z. P. PRI. SCH. VIVARE","state":"MAHARASHTRA","district":"JALGAON","block":"DHARANGAON","indicator":"no_girls_toilet"}},{"type":"Feature","geometry":{"type":"Point","coordinates":[74.94717,20.499]},"properties":{"udise":"27030511401","name":"Z.P. PRI. SCH. BELGANGA","state":"MAHARASHTRA","district":"JALGAON","block":"CHALISGAON","indicator":"no_girls_toilet"}},{"type":"Feature","geometry":{"type":"Point","coordinates":[75.93592,21.2639]},"properties":{"udise":"27031402301","name":"Z.P.  MARATHI SCH. CHINCHATI","state":"MAHARASHTRA","district":"JALGAON","block":"RAWER","indicator":"no_girls_toilet"}},{"type":"Feature","geometry":{"type":"Point","coordinates":[75.2269,20.66947]},"properties":{"udise":"27030201107","name":"Z.P. PRI. GIRL URDU SCH. NO.2 BHADGAON","state":"MAHARASHTRA","district":"JALGAON","block":"BHADGAON","indicator":"no_girls_toilet"}},{"type":"Feature","geometry":{"type":"Point","coordinates":[75.68296,20.70059]},"properties":{"udise":"27031007108","name":"Z.P. PRI. SCH. (URDU) PAHUR KASBE","state":"MAHARASHTRA","district":"JALGAON","block":"JAMNER","indicator":"no_girls_toilet"}},{"type":"Feature","geometry":{"type":"Point","coordinates":[74.98655,20.40993]},"properties":{"udise":"27030507006","name":"NEW Z.P.PRI.SCHOOL , KHADKHADYA NALA","state":"MAHARASHTRA","district":"JALGAON","block":"CHALISGAON","indicator":"no_girls_toilet"}},{"type":"Feature","geometry":{"type":"Point","coordinates":[75.80026,20.8547]},"properties":{"udise":"27031002201","name":"Z.P. PRI. SCH.GARKHEDA BK","state":"MAHARASHTRA","district":"JALGAON","block":"JAMNER","indicator":"no_girls_toilet"}},{"type":"Feature","geometry":{"type":"Point","coordinates":[75.13226,21.08052]},"properties":{"udise":"27030108101","name":"Z.P. SCH. DHUPI","state":"MAHARASHTRA","district":"JALGAON","block":"AMALNER","indicator":"no_girls_toilet"}},{"type":"Feature","geometry":{"type":"Point","coordinates":[75.56899,21.06809]},"properties":{"udise":"27030900302","name":"Z. P.SCHOOL . MAMURABAD","state":"MAHARASHTRA","district":"JALGAON","block":"JALGAON","indicator":"no_girls_toilet"}},{"type":"Feature","geometry":{"type":"Point","coordinates":[74.97632,20.86258]},"properties":{"udise":"27031309001","name":"Z. P. PRI. SCH.SABGAVHAN KH.","state":"MAHARASHTRA","district":"JALGAON","block":"PAROLA","indicator":"no_girls_toilet"}},{"type":"Feature","geometry":{"type":"Point","coordinates":[75.494,20.96194]},"properties":{"udise":"27030803501","name":"Z.P. SCH. KHEDI KH","state":"MAHARASHTRA","district":"JALGAON","block":"ERANDOL","indicator":"no_girls_toilet"}},{"type":"Feature","geometry":{"type":"Point","coordinates":[75.09408,21.00602]},"properties":{"udise":"27030107701","name":"Z.P. SCH SUNDARPATTI","state":"MAHARASHTRA","district":"JALGAON","block":"AMALNER","indicator":"no_girls_toilet"}},{"type":"Feature","geometry":{"type":"Point","coordinates":[76.01954,21.13927]},"properties":{"udise":"27031400301","name":"Z. P. BOYS SCH. DHAMODI","state":"MAHARASHTRA","district":"JALGAON","block":"RAWER","indicator":"no_girls_toilet"}},{"type":"Feature","geometry":{"type":"Point","coordinates":[75.01585,20.45882]},"properties":{"udise":"27030500104","name":"N.P. SCH. NO.4 CHALISGAON","state":"MAHARASHTRA","district":"JALGAON","block":"CHALISGAON","indicator":"no_girls_toilet"}},{"type":"Feature","geometry":{"type":"Point","coordinates":[75.15616,20.61467]},"properties":{"udise":"27030201801","name":"Z.P.PRI. SCH. DEVHARI","state":"MAHARASHTRA","district":"JALGAON","block":"BHADGAON","indicator":"no_girls_toilet"}},{"type":"Feature","geometry":{"type":"Point","coordinates":[74.90262,20.24659]},"properties":{"udise":"27030501301","name":"Z.P. PRI. SCH. GUJARDARI","state":"MAHARASHTRA","district":"JALGAON","block":"CHALISGAON","indicator":"no_girls_toilet"}},{"type":"Feature","geometry":{"type":"Point","coordinates":[75.01336,20.45791]},"properties":{"udise":"27030500101","name":"N.P. SCH. NO.1 CHALISGAON","state":"MAHARASHTRA","district":"JALGAON","block":"CHALISGAON","indicator":"no_girls_toilet"}},{"type":"Feature","geometry":{"type":"Point","coordinates":[75.74872,21.3165]},"properties":{"udise":"27031505603","name":"Z.P. SCH. RUEKHEDA","state":"MAHARASHTRA","district":"JALGAON","block":"YAWAL","indicator":"no_girls_toilet"}},{"type":"Feature","geometry":{"type":"Point","coordinates":[75.33225,20.92783]},"properties":{"udise":"27030801001","name":"Z.P. KEVDIPURA","state":"MAHARASHTRA","district":"JALGAON","block":"ERANDOL","indicator":"no_girls_toilet"}},{"type":"Feature","geometry":{"type":"Point","coordinates":[75.69333,21.36877]},"properties":{"udise":"27031508601","name":"Z.P. SCH. DHUP GHAT","state":"MAHARASHTRA","district":"JALGAON","block":"YAWAL","indicator":"no_girls_toilet"}},{"type":"Feature","geometry":{"type":"Point","coordinates":[75.59881,21.32263]},"properties":{"udise":"27031502703","name":"Z.P. MAR. SCH. TEMBHRUNBARI","state":"MAHARASHTRA","district":"JALGAON","block":"YAWAL","indicator":"no_girls_toilet"}},{"type":"Feature","geometry":{"type":"Point","coordinates":[74.98819,21.13622]},"properties":{"udise":"27030111601","name":"Z.P. SCH. KHARDE","state":"MAHARASHTRA","district":"JALGAON","block":"AMALNER","indicator":"no_girls_toilet"}},{"type":"Feature","geometry":{"type":"Point","coordinates":[75.14122,20.61673]},"properties":{"udise":"27030202101","name":"Z.P.PRI. SCH. GHUSARDI","state":"MAHARASHTRA","district":"JALGAON","block":"BHADGAON","indicator":"no_girls_toilet"}},{"type":"Feature","geometry":{"type":"Point","coordinates":[75.60777,20.96564]},"properties":{"udise":"27030902601","name":"Z. P. PRI. SCH. KUSUMBE","state":"MAHARASHTRA","district":"JALGAON","block":"JALGAON","indicator":"no_girls_toilet"}},{"type":"Feature","geometry":{"type":"Point","coordinates":[75.15814,21.31129]},"properties":{"udise":"27030608601","name":"Z.P. PRI. SCH. MARATHE","state":"MAHARASHTRA","district":"JALGAON","block":"CHOPDA","indicator":"no_girls_toilet"}},{"type":"Feature","geometry":{"type":"Point","coordinates":[75.54427,20.68984]},"properties":{"udise":"27031204804","name":"Z.P.NEW MAR.SCH.KUMBHARKHAN KALAMSARE","state":"MAHARASHTRA","district":"JALGAON","block":"PACHORA","indicator":"no_girls_toilet"}},{"type":"Feature","geometry":{"type":"Point","coordinates":[75.7031,21.16735]},"properties":{"udise":"27031508501","name":"Z.P. SCH. LANGADA AAMBA","state":"MAHARASHTRA","district":"JALGAON","block":"YAWAL","indicator":"no_girls_toilet"}},{"type":"Feature","geometry":{"type":"Point","coordinates":[74.97489,20.40028]},"properties":{"udise":"27030507401","name":"Z.P.PRIMARY SCHOOL SHAMWADI","state":"MAHARASHTRA","district":"JALGAON","block":"CHALISGAON","indicator":"no_girls_toilet"}},{"type":"Feature","geometry":{"type":"Point","coordinates":[75.27166,20.74725]},"properties":{"udise":"27030204502","name":"Z.P.PRI. URDU SCH. PIMPARKHED","state":"MAHARASHTRA","district":"JALGAON","block":"BHADGAON","indicator":"no_girls_toilet"}},{"type":"Feature","geometry":{"type":"Point","coordinates":[75.00238,21.17757]},"properties":{"udise":"27030111301","name":"Z.P. SCH. GOVARDHAN","state":"MAHARASHTRA","district":"JALGAON","block":"AMALNER","indicator":"no_girls_toilet"}},{"type":"Feature","geometry":{"type":"Point","coordinates":[75.29441,20.83096]},"properties":{"udise":"27030801802","name":"Z.P. SCH. ARJUN NAGAR","state":"MAHARASHTRA","district":"JALGAON","block":"ERANDOL","indicator":"no_girls_toilet"}},{"type":"Feature","geometry":{"type":"Point","coordinates":[75.85921,21.10201]},"properties":{"udise":"27031409401","name":"Z.P. PRI. SCH. CHUNWADE","state":"MAHARASHTRA","district":"JALGAON","block":"RAWER","indicator":"no_girls_toilet"}},{"type":"Feature","geometry":{"type":"Point","coordinates":[75.22658,20.66922]},"properties":{"udise":"27030205302","name":"Z.P.PRI. URDU SCH. TONGAON","state":"MAHARASHTRA","district":"JALGAON","block":"BHADGAON","indicator":"no_girls_toilet"}},{"type":"Feature","geometry":{"type":"Point","coordinates":[75.34032,20.99898]},"properties":{"udise":"27030704801","name":"Z.P.PRI. SCH.  KALYANE HOL","state":"MAHARASHTRA","district":"JALGAON","block":"DHARANGAON","indicator":"no_girls_toilet"}},{"type":"Feature","geometry":{"type":"Point","coordinates":[75.35711,21.38668]},"properties":{"udise":"27030609601","name":"Z.P. PRI. SCH. KHARYAPADAV","state":"MAHARASHTRA","district":"JALGAON","block":"CHOPDA","indicator":"no_girls_toilet"}},{"type":"Feature","geometry":{"type":"Point","coordinates":[75.78963,20.80266]},"properties":{"udise":"27031002916","name":"Z P PRI SCH. SHAHPUR CORNER JAMNER","state":"MAHARASHTRA","district":"JALGAON","block":"JAMNER","indicator":"no_girls_toilet"}},{"type":"Feature","geometry":{"type":"Point","coordinates":[75.3156,21.05468]},"properties":{"udise":"27030707001","name":"SEC. SCH. PASHTANE BK.","state":"MAHARASHTRA","district":"JALGAON","block":"DHARANGAON","indicator":"no_girls_toilet"}},{"type":"Feature","geometry":{"type":"Point","coordinates":[75.77024,21.3478]},"properties":{"udise":"27031504904","name":"Z .P.SCH.MATHAN","state":"MAHARASHTRA","district":"JALGAON","block":"YAWAL","indicator":"no_girls_toilet"}},{"type":"Feature","geometry":{"type":"Point","coordinates":[75.56725,20.75671]},"properties":{"udise":"27031204903","name":"Z.P.NEW PRI.SCH KASAMPURA","state":"MAHARASHTRA","district":"JALGAON","block":"PACHORA","indicator":"no_girls_toilet"}},{"type":"Feature","geometry":{"type":"Point","coordinates":[75.60617,21.03872]},"properties":{"udise":"27030900105","name":"Z. P. URDU SCH.  ASODA","state":"MAHARASHTRA","district":"JALGAON","block":"JALGAON","indicator":"no_girls_toilet"}},{"type":"Feature","geometry":{"type":"Point","coordinates":[75.27528,21.0087]},"properties":{"udise":"27030701704","name":"Z.P. UPPER PRI URDU SCH. NO. 2 DHARANGAON","state":"MAHARASHTRA","district":"JALGAON","block":"DHARANGAON","indicator":"no_girls_toilet"}},{"type":"Feature","geometry":{"type":"Point","coordinates":[76.02304,21.2603]},"properties":{"udise":"27031411603","name":"Z.P. URDU SCH. KERHALE BK","state":"MAHARASHTRA","district":"JALGAON","block":"RAWER","indicator":"no_girls_toilet"}},{"type":"Feature","geometry":{"type":"Point","coordinates":[75.39852,20.62846]},"properties":{"udise":"27031211701","name":"Z. P. MAR SCH. MONDHALE","state":"MAHARASHTRA","district":"JALGAON","block":"PACHORA","indicator":"girls_toilet_nonfunctional"}},{"type":"Feature","geometry":{"type":"Point","coordinates":[74.92356,21.0201]},"properties":{"udise":"27030108901","name":"Z.P. SCH. ANCHALWADI","state":"MAHARASHTRA","district":"JALGAON","block":"AMALNER","indicator":"girls_toilet_nonfunctional"}},{"type":"Feature","geometry":{"type":"Point","coordinates":[75.28374,21.03669]},"properties":{"udise":"27030701301","name":"Z.P.PRI. SCH. BABHALE BK","state":"MAHARASHTRA","district":"JALGAON","block":"DHARANGAON","indicator":"girls_toilet_nonfunctional"}},{"type":"Feature","geometry":{"type":"Point","coordinates":[75.80063,21.06786]},"properties":{"udise":"27031506901","name":"Z.P. SCH. KATHORE P.SAWDA","state":"MAHARASHTRA","district":"JALGAON","block":"YAWAL","indicator":"girls_toilet_nonfunctional"}},{"type":"Feature","geometry":{"type":"Point","coordinates":[74.94556,20.59946]},"properties":{"udise":"27030504801","name":"Z.P. PRI. SCH. BHAUR","state":"MAHARASHTRA","district":"JALGAON","block":"CHALISGAON","indicator":"girls_toilet_nonfunctional"}},{"type":"Feature","geometry":{"type":"Point","coordinates":[74.91776,21.14407]},"properties":{"udise":"27030113301","name":"Z.P. SCH. EKTAS","state":"MAHARASHTRA","district":"JALGAON","block":"AMALNER","indicator":"girls_toilet_nonfunctional"}},{"type":"Feature","geometry":{"type":"Point","coordinates":[75.85282,20.7868]},"properties":{"udise":"27031004101","name":"Z.P. PRI. SCH.LAHASAR TANDA","state":"MAHARASHTRA","district":"JALGAON","block":"JAMNER","indicator":"girls_toilet_nonfunctional"}},{"type":"Feature","geometry":{"type":"Point","coordinates":[75.237,20.80875]},"properties":{"udise":"27030800501","name":"Z.P. PRI. SCH. JANFAL","state":"MAHARASHTRA","district":"JALGAON","block":"ERANDOL","indicator":"girls_toilet_nonfunctional"}},{"type":"Feature","geometry":{"type":"Point","coordinates":[76.00004,20.86962]},"properties":{"udise":"27030400104","name":"Z.P.GIRLS SCH. NO. 2 BODWAD","state":"MAHARASHTRA","district":"JALGAON","block":"BODWAD","indicator":"girls_toilet_nonfunctional"}},{"type":"Feature","geometry":{"type":"Point","coordinates":[75.45456,20.87052]},"properties":{"udise":"27030904203","name":"Z. P. URDU SCH.  MHASAWAD","state":"MAHARASHTRA","district":"JALGAON","block":"JALGAON","indicator":"girls_toilet_nonfunctional"}},{"type":"Feature","geometry":{"type":"Point","coordinates":[75.94943,20.82657]},"properties":{"udise":"27030405301","name":"Z.P.PRI. MARATHI SCH. YEWATI","state":"MAHARASHTRA","district":"JALGAON","block":"BODWAD","indicator":"girls_toilet_nonfunctional"}},{"type":"Feature","geometry":{"type":"Point","coordinates":[75.68058,21.08936]},"properties":{"udise":"27030901001","name":"Z. P. PRI. SCH. SHELGAON","state":"MAHARASHTRA","district":"JALGAON","block":"JALGAON","indicator":"girls_toilet_nonfunctional"}},{"type":"Feature","geometry":{"type":"Point","coordinates":[74.97422,20.35361]},"properties":{"udise":"27030507201","name":"Z.P.PRIMARY SCHOOL PATNATANDA","state":"MAHARASHTRA","district":"JALGAON","block":"CHALISGAON","indicator":"girls_toilet_nonfunctional"}},{"type":"Feature","geometry":{"type":"Point","coordinates":[75.75635,20.87147]},"properties":{"udise":"27031002002","name":"Z.P. PRI. SCH. DOHARI TANDA","state":"MAHARASHTRA","district":"JALGAON","block":"JAMNER","indicator":"girls_toilet_nonfunctional"}},{"type":"Feature","geometry":{"type":"Point","coordinates":[75.8763,20.87311]},"properties":{"udise":"27030403501","name":"Z.P.PRI. SCH. BORGAON","state":"MAHARASHTRA","district":"JALGAON","block":"BODWAD","indicator":"girls_toilet_nonfunctional"}},{"type":"Feature","geometry":{"type":"Point","coordinates":[75.48712,20.81914]},"properties":{"udise":"27030906701","name":"Z. P. PRI SCH. JAVKHEDA","state":"MAHARASHTRA","district":"JALGAON","block":"JALGAON","indicator":"girls_toilet_nonfunctional"}},{"type":"Feature","geometry":{"type":"Point","coordinates":[75.89122,21.06754]},"properties":{"udise":"27031410001","name":"Z.P. MAR SCH. RANGAON","state":"MAHARASHTRA","district":"JALGAON","block":"RAWER","indicator":"girls_toilet_nonfunctional"}},{"type":"Feature","geometry":{"type":"Point","coordinates":[75.28098,20.82552]},"properties":{"udise":"27030802417","name":"Z P SCHOOL PHASEPARDHINAGAR KASODA","state":"MAHARASHTRA","district":"JALGAON","block":"ERANDOL","indicator":"girls_toilet_nonfunctional"}},{"type":"Feature","geometry":{"type":"Point","coordinates":[75.53374,20.86121]},"properties":{"udise":"27030905801","name":"Z. P. PRI SCH.  JALAKE TANDA","state":"MAHARASHTRA","district":"JALGAON","block":"JALGAON","indicator":"girls_toilet_nonfunctional"}},{"type":"Feature","geometry":{"type":"Point","coordinates":[75.19715,21.15914]},"properties":{"udise":"27030112902","name":"NUTAN SEC.V.M.SCH.","state":"MAHARASHTRA","district":"JALGAON","block":"AMALNER","indicator":"girls_toilet_nonfunctional"}},{"type":"Feature","geometry":{"type":"Point","coordinates":[75.32229,20.96892]},"properties":{"udise":"27030803302","name":"Z.P.SCH.JAGDHAN JAWKHEDE KH","state":"MAHARASHTRA","district":"JALGAON","block":"ERANDOL","indicator":"girls_toilet_nonfunctional"}},{"type":"Feature","geometry":{"type":"Point","coordinates":[75.78188,21.23539]},"properties":{"udise":"27031506306","name":"Z.P. SCH. VITAVE","state":"MAHARASHTRA","district":"JALGAON","block":"YAWAL","indicator":"girls_toilet_nonfunctional"}},{"type":"Feature","geometry":{"type":"Point","coordinates":[75.36343,20.87131]},"properties":{"udise":"27030805802","name":"Z.P.PRI SCH BHILVASTI GALPUR","state":"MAHARASHTRA","district":"JALGAON","block":"ERANDOL","indicator":"girls_toilet_nonfunctional"}},{"type":"Feature","geometry":{"type":"Point","coordinates":[75.58229,20.65194]},"properties":{"udise":"27031010010","name":"Z.P. PRI. SCH. JANGIPURA SHENDURNI","state":"MAHARASHTRA","district":"JALGAON","block":"JAMNER","indicator":"girls_toilet_nonfunctional"}},{"type":"Feature","geometry":{"type":"Point","coordinates":[75.85844,21.25068]},"properties":{"udise":"27031402401","name":"Z.P.  MARATHI SCH. JANORI","state":"MAHARASHTRA","district":"JALGAON","block":"RAWER","indicator":"girls_toilet_nonfunctional"}},{"type":"Feature","geometry":{"type":"Point","coordinates":[75.33926,20.62842]},"properties":{"udise":"27031209603","name":"Z.P.NEW PRI.SCH. KHADAKDEVALE BK","state":"MAHARASHTRA","district":"JALGAON","block":"PACHORA","indicator":"girls_toilet_nonfunctional"}},{"type":"Feature","geometry":{"type":"Point","coordinates":[75.79914,21.30508]},"properties":{"udise":"27031402701","name":"Z.P.  MARATHI SCH. MOHMANDLI NAVI","state":"MAHARASHTRA","district":"JALGAON","block":"RAWER","indicator":"girls_toilet_nonfunctional"}},{"type":"Feature","geometry":{"type":"Point","coordinates":[75.22927,21.06617]},"properties":{"udise":"27030702501","name":"Z.P.PRI. MARATHI.  SCH. KANDARI BK","state":"MAHARASHTRA","district":"JALGAON","block":"DHARANGAON","indicator":"girls_toilet_nonfunctional"}},{"type":"Feature","geometry":{"type":"Point","coordinates":[75.35458,21.20232]},"properties":{"udise":"27030605601","name":"Z.P. PRI. SCH. GORGAWALE BK","state":"MAHARASHTRA","district":"JALGAON","block":"CHOPDA","indicator":"girls_toilet_nonfunctional"}},{"type":"Feature","geometry":{"type":"Point","coordinates":[75.7661,21.00596]},"properties":{"udise":"27030304501","name":"Z.P. SCH. VANJOLE","state":"MAHARASHTRA","district":"JALGAON","block":"BHUSAWAL","indicator":"girls_toilet_nonfunctional"}},{"type":"Feature","geometry":{"type":"Point","coordinates":[75.43146,20.85231]},"properties":{"udise":"27030804802","name":"Z.P. SCH. DAULTPUR","state":"MAHARASHTRA","district":"JALGAON","block":"ERANDOL","indicator":"girls_toilet_nonfunctional"}},{"type":"Feature","geometry":{"type":"Point","coordinates":[75.78343,21.05152]},"properties":{"udise":"27030305365","name":"D S HIGHSCHOOL & JR.COLLEGE  BHUSAWAL","state":"MAHARASHTRA","district":"JALGAON","block":"BHUSAWAL","indicator":"girls_toilet_nonfunctional"}},{"type":"Feature","geometry":{"type":"Point","coordinates":[75.98946,21.16167]},"properties":{"udise":"27031406905","name":"Z.P. NIMBHORA STATIO. SCH. NImbhora","state":"MAHARASHTRA","district":"JALGAON","block":"RAWER","indicator":"girls_toilet_nonfunctional"}},{"type":"Feature","geometry":{"type":"Point","coordinates":[74.94973,21.17472]},"properties":{"udise":"27030113701","name":"Z.P. SCH. NIM","state":"MAHARASHTRA","district":"JALGAON","block":"AMALNER","indicator":"girls_toilet_nonfunctional"}},{"type":"Feature","geometry":{"type":"Point","coordinates":[75.31527,21.05584]},"properties":{"udise":"27030707101","name":"Z. P. KENDRA SCH. PASHTANE KH.","state":"MAHARASHTRA","district":"JALGAON","block":"DHARANGAON","indicator":"girls_toilet_nonfunctional"}},{"type":"Feature","geometry":{"type":"Point","coordinates":[75.16131,20.71292]},"properties":{"udise":"27030203301","name":"Z.P.PRI. SCH. MAHINDLE","state":"MAHARASHTRA","district":"JALGAON","block":"BHADGAON","indicator":"girls_toilet_nonfunctional"}},{"type":"Feature","geometry":{"type":"Point","coordinates":[75.60411,21.11187]},"properties":{"udise":"27030901101","name":"Z. P. PRI. SCH. SUJADE","state":"MAHARASHTRA","district":"JALGAON","block":"JALGAON","indicator":"girls_toilet_nonfunctional"}},{"type":"Feature","geometry":{"type":"Point","coordinates":[75.93879,20.84844]},"properties":{"udise":"27030405001","name":"Z.P.PRI. MARATHI SCH. REWATI","state":"MAHARASHTRA","district":"JALGAON","block":"BODWAD","indicator":"girls_toilet_nonfunctional"}},{"type":"Feature","geometry":{"type":"Point","coordinates":[75.37393,21.16633]},"properties":{"udise":"27030902201","name":"Z. P. PRI. SCH. PALSOD","state":"MAHARASHTRA","district":"JALGAON","block":"JALGAON","indicator":"girls_toilet_nonfunctional"}},{"type":"Feature","geometry":{"type":"Point","coordinates":[76.09532,19.79104]},"properties":{"udise":"27180113101","name":"ZPPS DHANDEGAON","state":"MAHARASHTRA","district":"JALNA","block":"JALNA","indicator":"no_girls_toilet"}},{"type":"Feature","geometry":{"type":"Point","coordinates":[76.02514,20.20148]},"properties":{"udise":"27180803701","name":"ZILLA PARISHAD UPPER PRI. SCHOOL PIMPALKHUTA","state":"MAHARASHTRA","district":"JALNA","block":"JAFRABAD","indicator":"no_girls_toilet"}},{"type":"Feature","geometry":{"type":"Point","coordinates":[75.89523,20.38809]},"properties":{"udise":"27180709801","name":"ZILLA PARISHAD PRIMARY SCHOOL LOKMANYA NAGAR (P.R.)","state":"MAHARASHTRA","district":"JALNA","block":"BHOKARDAN","indicator":"no_girls_toilet"}},{"type":"Feature","geometry":{"type":"Point","coordinates":[75.66932,19.55254]},"properties":{"udise":"27180303101","name":"ZILLA PARISHAD PRIMARY SCHOOL  DOMEGAON","state":"MAHARASHTRA","district":"JALNA","block":"AMBAD","indicator":"no_girls_toilet"}},{"type":"Feature","geometry":{"type":"Point","coordinates":[75.79609,19.60852]},"properties":{"udise":"27180300104","name":"ZILLA PARISHAD PRIMARY SCHOOL VIKAS COLONY AMBAD","state":"MAHARASHTRA","district":"JALNA","block":"AMBAD","indicator":"no_girls_toilet"}},{"type":"Feature","geometry":{"type":"Point","coordinates":[75.90338,20.30127]},"properties":{"udise":"27180717701","name":"ZILLA PARISHAD PRIMARY SCHOOL KOLEGAON","state":"MAHARASHTRA","district":"JALNA","block":"BHOKARDAN","indicator":"no_girls_toilet"}},{"type":"Feature","geometry":{"type":"Point","coordinates":[76.00215,19.82665]},"properties":{"udise":"27180115401","name":"ZPCPS SINDHIKALEGAON","state":"MAHARASHTRA","district":"JALNA","block":"JALNA","indicator":"no_girls_toilet"}},{"type":"Feature","geometry":{"type":"Point","coordinates":[75.85175,19.45908]},"properties":{"udise":"27180312503","name":"ZPPS ZO.PATTI VA BHARDI V.SHALA","state":"MAHARASHTRA","district":"JALNA","block":"AMBAD","indicator":"no_girls_toilet"}},{"type":"Feature","geometry":{"type":"Point","coordinates":[75.9322,19.82896]},"properties":{"udise":"27180103303","name":"DARUL ULOOM RAZILIY LATIFIYA MISHAHUL ULOOM KHARPUDI ROAD KHARPUDI","state":"MAHARASHTRA","district":"JALNA","block":"JALNA","indicator":"no_girls_toilet"}},{"type":"Feature","geometry":{"type":"Point","coordinates":[75.79554,20.41364]},"properties":{"udise":"27180716503","name":"HAJJAN HAWA BIBI ISMILE VASTANVI PRIMARY SCHOOL ANVAPADA","state":"MAHARASHTRA","district":"JALNA","block":"BHOKARDAN","indicator":"no_girls_toilet"}},{"type":"Feature","geometry":{"type":"Point","coordinates":[76.17153,19.34686]},"properties":{"udise":"27180505601","name":"Z P P S BANWADI","state":"MAHARASHTRA","district":"JALNA","block":"PARTUR","indicator":"no_girls_toilet"}},{"type":"Feature","geometry":{"type":"Point","coordinates":[76.36439,19.74873]},"properties":{"udise":"27180601501","name":"ZILLA PARISHAD PRIMERY SCHOOL PANDHURNA","state":"MAHARASHTRA","district":"JALNA","block":"MANTHA","indicator":"no_girls_toilet"}},{"type":"Feature","geometry":{"type":"Point","coordinates":[76.12144,19.66143]},"properties":{"udise":"27180411601","name":"ZILLA PARISHAD PRIMARY SCHOOL RANJANI WADI","state":"MAHARASHTRA","district":"JALNA","block":"GHANSAWANGI","indicator":"no_girls_toilet"}},{"type":"Feature","geometry":{"type":"Point","coordinates":[76.27204,19.38018]},"properties":{"udise":"27180501301","name":"Z P P S  BRHAMNWADI","state":"MAHARASHTRA","district":"JALNA","block":"PARTUR","indicator":"no_girls_toilet"}},{"type":"Feature","geometry":{"type":"Point","coordinates":[76.25293,19.6629]},"properties":{"udise":"27180509601","name":"Z P P S  DAHIPHAL BHO.PURVA","state":"MAHARASHTRA","district":"JALNA","block":"PARTUR","indicator":"no_girls_toilet"}},{"type":"Feature","geometry":{"type":"Point","coordinates":[76.06697,20.16745]},"properties":{"udise":"27180806601","name":"ZILLA PARISHAD UPPER PRI. SCHOOL HIVRA KABALI","state":"MAHARASHTRA","district":"JALNA","block":"JAFRABAD","indicator":"no_girls_toilet"}},{"type":"Feature","geometry":{"type":"Point","coordinates":[75.71315,19.6145]},"properties":{"udise":"27180301101","name":"ZILLA PARISHAD PRIMARY SCHOOL GANGARAMWADI","state":"MAHARASHTRA","district":"JALNA","block":"AMBAD","indicator":"no_girls_toilet"}},{"type":"Feature","geometry":{"type":"Point","coordinates":[75.63808,20.02359]},"properties":{"udise":"27180209801","name":"ZILLA PARISHAD PRIMARY SCHOOL KHODAWADI","state":"MAHARASHTRA","district":"JALNA","block":"BADNAPUR","indicator":"no_girls_toilet"}},{"type":"Feature","geometry":{"type":"Point","coordinates":[75.8803,20.46074]},"properties":{"udise":"27180716103","name":"ZILLA PARISHAD PRIMARY SCHOOL SULTANPURA","state":"MAHARASHTRA","district":"JALNA","block":"BHOKARDAN","indicator":"no_girls_toilet"}},{"type":"Feature","geometry":{"type":"Point","coordinates":[75.88947,19.87375]},"properties":{"udise":"27180102721","name":"JALNA CITY M.CORP.CENTRAL PRIM.&UPPER PRIM.SCHOOL KADRABAD,JALNA","state":"MAHARASHTRA","district":"JALNA","block":"JALNA","indicator":"no_girls_toilet"}},{"type":"Feature","geometry":{"type":"Point","coordinates":[76.09553,19.48462]},"properties":{"udise":"27180411901","name":"ZILLA PARISHAD PRIMARY SCHOOL GHONSI BU","state":"MAHARASHTRA","district":"JALNA","block":"GHANSAWANGI","indicator":"no_girls_toilet"}},{"type":"Feature","geometry":{"type":"Point","coordinates":[76.34713,19.62499]},"properties":{"udise":"27180605401","name":"ZILLA PARISHAD PRIMARY SCHOOL KENDHALI (TANDA)","state":"MAHARASHTRA","district":"JALNA","block":"MANTHA","indicator":"no_girls_toilet"}},{"type":"Feature","geometry":{"type":"Point","coordinates":[75.75769,19.53698]},"properties":{"udise":"27180317101","name":"ZILLA PARISHAD PRIMARY SCHOOL  ZIRPI TANDA VASANT NAGAR","state":"MAHARASHTRA","district":"JALNA","block":"AMBAD","indicator":"no_girls_toilet"}},{"type":"Feature","geometry":{"type":"Point","coordinates":[76.36448,19.74866]},"properties":{"udise":"27180601001","name":"ZILLA PARISHAD CENTRAL PRIMERY SCHOOL DHOKSAL","state":"MAHARASHTRA","district":"JALNA","block":"MANTHA","indicator":"no_girls_toilet"}},{"type":"Feature","geometry":{"type":"Point","coordinates":[76.26095,19.73566]},"properties":{"udise":"27180610101","name":"ZILLA PARISHAD CENTRAL PRIMARY SCHOOL PANGARI (GO)","state":"MAHARASHTRA","district":"JALNA","block":"MANTHA","indicator":"no_girls_toilet"}},{"type":"Feature","geometry":{"type":"Point","coordinates":[75.78405,20.41684]},"properties":{"udise":"27180716502","name":"M G M VASTANVI URDU SCIENCE JR COLLEGE","state":"MAHARASHTRA","district":"JALNA","block":"BHOKARDAN","indicator":"no_girls_toilet"}},{"type":"Feature","geometry":{"type":"Point","coordinates":[75.95987,19.47707]},"properties":{"udise":"27180413101","name":"ZILLA PARISHAD PRIMARY SCHOOL  EK-RUKHA","state":"MAHARASHTRA","district":"JALNA","block":"GHANSAWANGI","indicator":"no_girls_toilet"}},{"type":"Feature","geometry":{"type":"Point","coordinates":[75.68948,20.13514]},"properties":{"udise":"27180705401","name":"ZILLA PARISHAD PRIMARY SCHOOL BORGAON KADAK","state":"MAHARASHTRA","district":"JALNA","block":"BHOKARDAN","indicator":"no_girls_toilet"}},{"type":"Feature","geometry":{"type":"Point","coordinates":[75.74392,20.08928]},"properties":{"udise":"27180706001","name":"ZILLA PARISHAD PRIMARY SCHOOL JAVKHEDA (KH)","state":"MAHARASHTRA","district":"JALNA","block":"BHOKARDAN","indicator":"no_girls_toilet"}},{"type":"Feature","geometry":{"type":"Point","coordinates":[75.90799,20.35531]},"properties":{"udise":"27180718201","name":"ZILLA PARISHAD PRIMARY SCHOOL RELGAON","state":"MAHARASHTRA","district":"JALNA","block":"BHOKARDAN","indicator":"no_girls_toilet"}},{"type":"Feature","geometry":{"type":"Point","coordinates":[76.26616,19.82233]},"properties":{"udise":"27180114808","name":"ZPPS SEVALI URDU","state":"MAHARASHTRA","district":"JALNA","block":"JALNA","indicator":"no_girls_toilet"}},{"type":"Feature","geometry":{"type":"Point","coordinates":[76.43369,19.56473]},"properties":{"udise":"27180613401","name":"ZILLA PARISHAD PRIMARY SCHOOL SHANKARNAGAR","state":"MAHARASHTRA","district":"JALNA","block":"MANTHA","indicator":"no_girls_toilet"}},{"type":"Feature","geometry":{"type":"Point","coordinates":[76.22619,19.77348]},"properties":{"udise":"27180107701","name":"ZPPS TIMA TANDA","state":"MAHARASHTRA","district":"JALNA","block":"JALNA","indicator":"no_girls_toilet"}},{"type":"Feature","geometry":{"type":"Point","coordinates":[75.91089,20.26364]},"properties":{"udise":"27180807601","name":"ZILLA PARISHAD UPPER PRI. SCHOOL KOLHAPUR","state":"MAHARASHTRA","district":"JALNA","block":"JAFRABAD","indicator":"no_girls_toilet"}},{"type":"Feature","geometry":{"type":"Point","coordinates":[75.89624,20.3169]},"properties":{"udise":"27180718001","name":"ZILLA PARISHAD PRIMARY SCHOOL MALEGAON","state":"MAHARASHTRA","district":"JALNA","block":"BHOKARDAN","indicator":"no_girls_toilet"}},{"type":"Feature","geometry":{"type":"Point","coordinates":[75.9806,19.80934]},"properties":{"udise":"27180115402","name":"ZPPS PANDHRI","state":"MAHARASHTRA","district":"JALNA","block":"JALNA","indicator":"no_girls_toilet"}},{"type":"Feature","geometry":{"type":"Point","coordinates":[75.95584,19.63538]},"properties":{"udise":"27180410401","name":"ZILLA PARISHAD CENTRAL PRIMARY SCHOOL RANI UNCHEGAON","state":"MAHARASHTRA","district":"JALNA","block":"GHANSAWANGI","indicator":"no_girls_toilet"}},{"type":"Feature","geometry":{"type":"Point","coordinates":[76.25823,19.52796]},"properties":{"udise":"27180503501","name":"Z P C P S KHANDVI","state":"MAHARASHTRA","district":"JALNA","block":"PARTUR","indicator":"no_girls_toilet"}},{"type":"Feature","geometry":{"type":"Point","coordinates":[76.28846,19.56983]},"properties":{"udise":"27180503802","name":"Z P P S  MAPEGAON(KU) URDU","state":"MAHARASHTRA","district":"JALNA","block":"PARTUR","indicator":"no_girls_toilet"}},{"type":"Feature","geometry":{"type":"Point","coordinates":[75.79955,19.56249]},"properties":{"udise":"27180300501","name":"ZILLA PARISHAD PRIMARY SCHOOL PAVSHE PANGRI","state":"MAHARASHTRA","district":"JALNA","block":"AMBAD","indicator":"no_girls_toilet"}},{"type":"Feature","geometry":{"type":"Point","coordinates":[75.79579,20.41341]},"properties":{"udise":"27180716505","name":"HAJI ISMAIL VASTANNVI URDU SECONDARY SCHOOL ANWA PADA","state":"MAHARASHTRA","district":"JALNA","block":"BHOKARDAN","indicator":"no_girls_toilet"}},{"type":"Feature","geometry":{"type":"Point","coordinates":[75.67808,19.36327]},"properties":{"udise":"27180315801","name":"ZILLA PARISHAD PRIMARY SCHOOL  RAJESHNAGAR","state":"MAHARASHTRA","district":"JALNA","block":"AMBAD","indicator":"no_girls_toilet"}},{"type":"Feature","geometry":{"type":"Point","coordinates":[76.25819,19.70368]},"properties":{"udise":"27180609201","name":"ZILLA PARISHAD PRIMARY SCHOOL GULKHAND","state":"MAHARASHTRA","district":"JALNA","block":"MANTHA","indicator":"no_girls_toilet"}},{"type":"Feature","geometry":{"type":"Point","coordinates":[76.06973,19.43765]},"properties":{"udise":"27180405001","name":"ZILLA PARISHAD PRIMARY SCHOOL BHENDALA","state":"MAHARASHTRA","district":"JALNA","block":"GHANSAWANGI","indicator":"no_girls_toilet"}},{"type":"Feature","geometry":{"type":"Point","coordinates":[75.91355,19.86294]},"properties":{"udise":"27180102722","name":"JALNA CITY M.CORP.PRIM.SCHOOL,OLD M.I.D.C.POWERLOOM,JALNA","state":"MAHARASHTRA","district":"JALNA","block":"JALNA","indicator":"no_girls_toilet"}},{"type":"Feature","geometry":{"type":"Point","coordinates":[75.71286,19.42197]},"properties":{"udise":"27180315201","name":"ZILLA PARISHAD PRIMARY SCHOOL GAHININATH NAGAR","state":"MAHARASHTRA","district":"JALNA","block":"AMBAD","indicator":"no_girls_toilet"}},{"type":"Feature","geometry":{"type":"Point","coordinates":[76.01341,20.15839]},"properties":{"udise":"27180809916","name":"Z.P. PRIM SCHOOL GONDHANKHEDA","state":"MAHARASHTRA","district":"JALNA","block":"JAFRABAD","indicator":"no_girls_toilet"}},{"type":"Feature","geometry":{"type":"Point","coordinates":[75.79416,20.23899]},"properties":{"udise":"27180707003","name":"ZILLA PARISHAD PRIMARY SCHOOL  WATESHWAR NAGAR","state":"MAHARASHTRA","district":"JALNA","block":"BHOKARDAN","indicator":"no_girls_toilet"}},{"type":"Feature","geometry":{"type":"Point","coordinates":[75.8903,19.83778]},"properties":{"udise":"27180308104","name":"ZILLA PARISHAD PRIMARY SCHOOL GANAPATINAGAR (GHU.HADGAON)","state":"MAHARASHTRA","district":"JALNA","block":"AMBAD","indicator":"no_girls_toilet"}},{"type":"Feature","geometry":{"type":"Point","coordinates":[75.87766,19.52221]},"properties":{"udise":"27180401001","name":"ZILLA PARISHAD PRIMARY SCHOOL SIPIMPALGAON","state":"MAHARASHTRA","district":"JALNA","block":"GHANSAWANGI","indicator":"no_girls_toilet"}},{"type":"Feature","geometry":{"type":"Point","coordinates":[75.7943,20.41438]},"properties":{"udise":"27180716506","name":"MADARSA ARBIYA RIYAZUL ULOOM","state":"MAHARASHTRA","district":"JALNA","block":"BHOKARDAN","indicator":"no_girls_toilet"}},{"type":"Feature","geometry":{"type":"Point","coordinates":[76.05286,20.19377]},"properties":{"udise":"27180803501","name":"ZILLA PARISHAD UPPER PRI. SCHOOL NIMKHEDA BU","state":"MAHARASHTRA","district":"JALNA","block":"JAFRABAD","indicator":"no_girls_toilet"}},{"type":"Feature","geometry":{"type":"Point","coordinates":[76.10957,19.83342]},"properties":{"udise":"27180105901","name":"ZPPS MANEGAONWADI-1","state":"MAHARASHTRA","district":"JALNA","block":"JALNA","indicator":"no_girls_toilet"}},{"type":"Feature","geometry":{"type":"Point","coordinates":[76.21685,19.59725]},"properties":{"udise":"27180506802","name":"Z P P S GIRLS PARTUR","state":"MAHARASHTRA","district":"JALNA","block":"PARTUR","indicator":"no_girls_toilet"}},{"type":"Feature","geometry":{"type":"Point","coordinates":[75.956,19.636]},"properties":{"udise":"27180410406","name":"ZILLA PARISHAD PRIMARY SCHOOL RANI UNCHEGAON ( URDU )","state":"MAHARASHTRA","district":"JALNA","block":"GHANSAWANGI","indicator":"no_girls_toilet"}},{"type":"Feature","geometry":{"type":"Point","coordinates":[75.96036,20.12578]},"properties":{"udise":"27180800107","name":"ZP PS CHIDE VASTI","state":"MAHARASHTRA","district":"JALNA","block":"JAFRABAD","indicator":"no_girls_toilet"}},{"type":"Feature","geometry":{"type":"Point","coordinates":[76.34786,19.76207]},"properties":{"udise":"27180602101","name":"ZILLA PARISHAD PRIMERY SCHOOL WAGHODA TANDA","state":"MAHARASHTRA","district":"JALNA","block":"MANTHA","indicator":"no_girls_toilet"}},{"type":"Feature","geometry":{"type":"Point","coordinates":[76.01159,20.19487]},"properties":{"udise":"27180803324","name":"ZILLA PARISHAD URDU PRIMARY SCHOO JAFRBAD BARAD , JAFRABAD","state":"MAHARASHTRA","district":"JALNA","block":"JAFRABAD","indicator":"no_girls_toilet"}},{"type":"Feature","geometry":{"type":"Point","coordinates":[75.8742,19.9291]},"properties":{"udise":"27180110303","name":"ZPPS NUTANWADI V.SHALA","state":"MAHARASHTRA","district":"JALNA","block":"JALNA","indicator":"no_girls_toilet"}},{"type":"Feature","geometry":{"type":"Point","coordinates":[75.60625,19.632]},"properties":{"udise":"27180304801","name":"ZILLA PARISHAD PRIMARY SCHOOL THAKURWADI","state":"MAHARASHTRA","district":"JALNA","block":"AMBAD","indicator":"no_girls_toilet"}},{"type":"Feature","geometry":{"type":"Point","coordinates":[76.46409,19.85233]},"properties":{"udise":"27180610701","name":"ZILLA PARISHAD PRIMARY SCHOOL KANADI","state":"MAHARASHTRA","district":"JALNA","block":"MANTHA","indicator":"no_girls_toilet"}},{"type":"Feature","geometry":{"type":"Point","coordinates":[76.21064,19.58512]},"properties":{"udise":"27180506810","name":"YOGANAND HIGH SCHOOL PARTUR","state":"MAHARASHTRA","district":"JALNA","block":"PARTUR","indicator":"no_girls_toilet"}},{"type":"Feature","geometry":{"type":"Point","coordinates":[75.93211,20.28623]},"properties":{"udise":"27180808301","name":"ZILLA PARISHAD UPPER PRI. SCHOOL YEVATA","state":"MAHARASHTRA","district":"JALNA","block":"JAFRABAD","indicator":"no_girls_toilet"}},{"type":"Feature","geometry":{"type":"Point","coordinates":[76.1244,19.74185]},"properties":{"udise":"27180116501","name":"ZPPS PIMPARI DU","state":"MAHARASHTRA","district":"JALNA","block":"JALNA","indicator":"no_girls_toilet"}},{"type":"Feature","geometry":{"type":"Point","coordinates":[76.10522,19.587]},"properties":{"udise":"27180404401","name":"ZILLA PARISHAD PRIMARY SCHOOL PANGARA TANDA","state":"MAHARASHTRA","district":"JALNA","block":"GHANSAWANGI","indicator":"no_girls_toilet"}},{"type":"Feature","geometry":{"type":"Point","coordinates":[75.82463,19.72812]},"properties":{"udise":"27180311901","name":"ZILLA PARISHAD PRIMARY SCHOOL MATH-PIMPALGAON","state":"MAHARASHTRA","district":"JALNA","block":"AMBAD","indicator":"no_girls_toilet"}},{"type":"Feature","geometry":{"type":"Point","coordinates":[75.97459,20.00776]},"properties":{"udise":"27180802501","name":"ZILLA PARISHAD PRI. SCHOOL ISLAMWADI","state":"MAHARASHTRA","district":"JALNA","block":"JAFRABAD","indicator":"no_girls_toilet"}},{"type":"Feature","geometry":{"type":"Point","coordinates":[76.17491,19.55554]},"properties":{"udise":"27180502701","name":"Z P P S SHELWADA","state":"MAHARASHTRA","district":"JALNA","block":"PARTUR","indicator":"no_girls_toilet"}},{"type":"Feature","geometry":{"type":"Point","coordinates":[75.79463,20.36722]},"properties":{"udise":"27180716901","name":"ZILLA PARISHAD PRIMARY SCHOOL KUKDI","state":"MAHARASHTRA","district":"JALNA","block":"BHOKARDAN","indicator":"no_girls_toilet"}},{"type":"Feature","geometry":{"type":"Point","coordinates":[76.08913,20.21399]},"properties":{"udise":"27180809101","name":"ZILLA PARISHAD PRI. SCHOOL SIPORA AMBHORA","state":"MAHARASHTRA","district":"JALNA","block":"JAFRABAD","indicator":"no_girls_toilet"}},{"type":"Feature","geometry":{"type":"Point","coordinates":[76.48691,19.7712]},"properties":{"udise":"27180612101","name":"ZILLA PARISHAD PRIMARY SCHOOL KIRTAPUR TANDA","state":"MAHARASHTRA","district":"JALNA","block":"MANTHA","indicator":"no_girls_toilet"}},{"type":"Feature","geometry":{"type":"Point","coordinates":[76.06362,19.43005]},"properties":{"udise":"27180407101","name":"ZILLA PARISHAD PRIMARY SCHOOL PADOLI TANDA","state":"MAHARASHTRA","district":"JALNA","block":"GHANSAWANGI","indicator":"no_girls_toilet"}},{"type":"Feature","geometry":{"type":"Point","coordinates":[75.77225,20.23446]},"properties":{"udise":"27180707101","name":"ZILLA PARISHAD PRIMARY SCHOOL JOMALA","state":"MAHARASHTRA","district":"JALNA","block":"BHOKARDAN","indicator":"no_girls_toilet"}},{"type":"Feature","geometry":{"type":"Point","coordinates":[76.37301,19.66888]},"properties":{"udise":"27180604301","name":"ZILLA PARISHAD PRIMARY SCHOOL THENGEWADGAON","state":"MAHARASHTRA","district":"JALNA","block":"MANTHA","indicator":"no_girls_toilet"}},{"type":"Feature","geometry":{"type":"Point","coordinates":[76.12678,19.81438]},"properties":{"udise":"27180105701","name":"ZPPS MANEGAON(JAHANGIR)","state":"MAHARASHTRA","district":"JALNA","block":"JALNA","indicator":"no_girls_toilet"}},{"type":"Feature","geometry":{"type":"Point","coordinates":[76.11958,19.62644]},"properties":{"udise":"27180411101","name":"ZILLA PARISHAD PRIMARY SCHOOL DEVLI PARTUR","state":"MAHARASHTRA","district":"JALNA","block":"GHANSAWANGI","indicator":"no_girls_toilet"}},{"type":"Feature","geometry":{"type":"Point","coordinates":[75.85894,19.38492]},"properties":{"udise":"27180312801","name":"ZILLA PARISHAD PRIMARY SCHOOL  INDALGAON","state":"MAHARASHTRA","district":"JALNA","block":"AMBAD","indicator":"no_girls_toilet"}},{"type":"Feature","geometry":{"type":"Point","coordinates":[76.42086,19.61424]},"properties":{"udise":"27180607101","name":"ZILLA PARISHAD PRIMARY SCHOOL HELASWADI","state":"MAHARASHTRA","district":"JALNA","block":"MANTHA","indicator":"no_girls_toilet"}},{"type":"Feature","geometry":{"type":"Point","coordinates":[75.71292,19.42215]},"properties":{"udise":"27180316001","name":"ZILLA PARISHAD PRIMARY SCHOOL SHRIKRUSHNA NAGAR","state":"MAHARASHTRA","district":"JALNA","block":"AMBAD","indicator":"no_girls_toilet"}},{"type":"Feature","geometry":{"type":"Point","coordinates":[76.082,19.59259]},"properties":{"udise":"27180404501","name":"ZILLA PARISHAD PRIMARY SCHOOL YAWALPIMPRI","state":"MAHARASHTRA","district":"JALNA","block":"GHANSAWANGI","indicator":"no_girls_toilet"}},{"type":"Feature","geometry":{"type":"Point","coordinates":[76.26067,19.71809]},"properties":{"udise":"27180609701","name":"ZILLA PARISHAD PRIMARY SCHOOL KATHALA (KH)","state":"MAHARASHTRA","district":"JALNA","block":"MANTHA","indicator":"no_girls_toilet"}},{"type":"Feature","geometry":{"type":"Point","coordinates":[76.41036,19.65731]},"properties":{"udise":"27180607701","name":"ZILLA PARISHAD PRIMARY SCHOOL TOKWADI TANDA","state":"MAHARASHTRA","district":"JALNA","block":"MANTHA","indicator":"no_girls_toilet"}},{"type":"Feature","geometry":{"type":"Point","coordinates":[75.94312,19.69441]},"properties":{"udise":"27180410202","name":"ZILLA PARISHAD PRIMARY SCHOOL MUDHEGAON ( URDU )","state":"MAHARASHTRA","district":"JALNA","block":"GHANSAWANGI","indicator":"no_girls_toilet"}},{"type":"Feature","geometry":{"type":"Point","coordinates":[75.71691,19.45317]},"properties":{"udise":"27180316201","name":"ZILLA PARISHAD PRIMARY SCHOOL  WADI GODRI","state":"MAHARASHTRA","district":"JALNA","block":"AMBAD","indicator":"no_girls_toilet"}},{"type":"Feature","geometry":{"type":"Point","coordinates":[76.10952,19.83333]},"properties":{"udise":"27180105401","name":"ZPPS GANESHPUR","state":"MAHARASHTRA","district":"JALNA","block":"JALNA","indicator":"no_girls_toilet"}},{"type":"Feature","geometry":{"type":"Point","coordinates":[75.8953,19.83161]},"properties":{"udise":"27180115901","name":"ZPPS HASTEPIMPALGAON","state":"MAHARASHTRA","district":"JALNA","block":"JALNA","indicator":"no_girls_toilet"}},{"type":"Feature","geometry":{"type":"Point","coordinates":[75.71791,19.95953]},"properties":{"udise":"27180207501","name":"ZILLA PARISHAD CENTRAL PRIMARY SCHOOL KANDARI (BU)","state":"MAHARASHTRA","district":"JALNA","block":"BADNAPUR","indicator":"no_girls_toilet"}},{"type":"Feature","geometry":{"type":"Point","coordinates":[75.70253,19.64418]},"properties":{"udise":"27180301401","name":"ZILLA PARISHAD PRIMARY SCHOOL  MATH-JALGAON TANDA","state":"MAHARASHTRA","district":"JALNA","block":"AMBAD","indicator":"no_girls_toilet"}},{"type":"Feature","geometry":{"type":"Point","coordinates":[75.88772,20.50139]},"properties":{"udise":"27180715401","name":"ZILLA PARISHAD PRIMARY SCHOOL DHAWADA","state":"MAHARASHTRA","district":"JALNA","block":"BHOKARDAN","indicator":"no_girls_toilet"}},{"type":"Feature","geometry":{"type":"Point","coordinates":[76.21201,19.59039]},"properties":{"udise":"27180506820","name":"DR APJ ABDUL KALAM ZILLA PARISHAD URDU HIGH SCHOOL PARTUR","state":"MAHARASHTRA","district":"JALNA","block":"PARTUR","indicator":"no_girls_toilet"}},{"type":"Feature","geometry":{"type":"Point","coordinates":[76.38599,19.755]},"properties":{"udise":"27180601901","name":"ZILLA PARISHAD PRIMERY SCHOOL WADHEGAON","state":"MAHARASHTRA","district":"JALNA","block":"MANTHA","indicator":"no_girls_toilet"}},{"type":"Feature","geometry":{"type":"Point","coordinates":[75.70143,19.82412]},"properties":{"udise":"27180202701","name":"ZILLA PARISHAD PRIMARY SCHOOL  KASTURWADI","state":"MAHARASHTRA","district":"JALNA","block":"BADNAPUR","indicator":"no_girls_toilet"}},{"type":"Feature","geometry":{"type":"Point","coordinates":[75.73054,19.86758]},"properties":{"udise":"27180200204","name":"ZILLA PARISHAD HIGH.SCHOOL BADNAPUR","state":"MAHARASHTRA","district":"JALNA","block":"BADNAPUR","indicator":"no_girls_toilet"}},{"type":"Feature","geometry":{"type":"Point","coordinates":[75.70349,19.51825]},"properties":{"udise":"27180303201","name":"ZILLA PARISHAD PRIMARY SCHOOL DONDADGAON TANDA","state":"MAHARASHTRA","district":"JALNA","block":"AMBAD","indicator":"no_girls_toilet"}},{"type":"Feature","geometry":{"type":"Point","coordinates":[75.74942,19.81402]},"properties":{"udise":"27180202501","name":"ZILLA PARISHAD PRIMARY SCHOOL DHOKSAL","state":"MAHARASHTRA","district":"JALNA","block":"BADNAPUR","indicator":"no_girls_toilet"}},{"type":"Feature","geometry":{"type":"Point","coordinates":[76.42323,19.77111]},"properties":{"udise":"27180600601","name":"ZILLA PARISHAD PRIMERY SCHOOL KHORAD SAWANGI (EAST) PURVA TANDA","state":"MAHARASHTRA","district":"JALNA","block":"MANTHA","indicator":"no_girls_toilet"}},{"type":"Feature","geometry":{"type":"Point","coordinates":[76.18973,19.84219]},"properties":{"udise":"27180112601","name":"ZPPS UMARI","state":"MAHARASHTRA","district":"JALNA","block":"JALNA","indicator":"no_girls_toilet"}},{"type":"Feature","geometry":{"type":"Point","coordinates":[75.70075,20.21276]},"properties":{"udise":"27180700705","name":"ZILLA PARISHAD PRIMARY SCHOOL BANWADI","state":"MAHARASHTRA","district":"JALNA","block":"BHOKARDAN","indicator":"no_girls_toilet"}},{"type":"Feature","geometry":{"type":"Point","coordinates":[76.30472,19.80225]},"properties":{"udise":"27180114101","name":"ZPPS DAREGAON","state":"MAHARASHTRA","district":"JALNA","block":"JALNA","indicator":"no_girls_toilet"}},{"type":"Feature","geometry":{"type":"Point","coordinates":[76.28199,19.71284]},"properties":{"udise":"27180609801","name":"ZILLA PARISHAD PRIMARY SCHOOL KATHALA (TANDA)","state":"MAHARASHTRA","district":"JALNA","block":"MANTHA","indicator":"no_girls_toilet"}},{"type":"Feature","geometry":{"type":"Point","coordinates":[75.68318,19.47273]},"properties":{"udise":"27180307001","name":"ZILLA PARISHAD PRIMARY SCHOOL RAMGAVHAN BD.","state":"MAHARASHTRA","district":"JALNA","block":"AMBAD","indicator":"no_girls_toilet"}},{"type":"Feature","geometry":{"type":"Point","coordinates":[75.96642,20.20092]},"properties":{"udise":"27180804202","name":"ZPPS ARADKHEDA JUNA","state":"MAHARASHTRA","district":"JALNA","block":"JAFRABAD","indicator":"no_girls_toilet"}},{"type":"Feature","geometry":{"type":"Point","coordinates":[76.24987,19.34074]},"properties":{"udise":"27180501501","name":"Z P P S  FOOLWADI","state":"MAHARASHTRA","district":"JALNA","block":"PARTUR","indicator":"girls_toilet_nonfunctional"}},{"type":"Feature","geometry":{"type":"Point","coordinates":[76.05984,19.39494]},"properties":{"udise":"27180102732","name":"A.M.D.(ENGLISH) SCHOOL , MANTHA ROAD JALNA","state":"MAHARASHTRA","district":"JALNA","block":"JALNA","indicator":"girls_toilet_nonfunctional"}},{"type":"Feature","geometry":{"type":"Point","coordinates":[76.08175,19.39116]},"properties":{"udise":"27180406002","name":"ZILLA PARISHAD PRIMARY SCHOOL VIREGAON V.SHALA","state":"MAHARASHTRA","district":"JALNA","block":"GHANSAWANGI","indicator":"girls_toilet_nonfunctional"}},{"type":"Feature","geometry":{"type":"Point","coordinates":[75.88841,20.38688]},"properties":{"udise":"27180710401","name":"ZILLA PARISHAD PRIMARY SCHOOL SAWANGI AUGHADRAO","state":"MAHARASHTRA","district":"JALNA","block":"BHOKARDAN","indicator":"girls_toilet_nonfunctional"}},{"type":"Feature","geometry":{"type":"Point","coordinates":[76.12177,19.3482]},"properties":{"udise":"27180403401","name":"ZILLA PARISHAD PRIMARY SCHOOL SHRIPAT DHAMANGAON","state":"MAHARASHTRA","district":"JALNA","block":"GHANSAWANGI","indicator":"girls_toilet_nonfunctional"}},{"type":"Feature","geometry":{"type":"Point","coordinates":[75.96026,19.89554]},"properties":{"udise":"27180108901","name":"ZPPS A.DEULGAON","state":"MAHARASHTRA","district":"JALNA","block":"JALNA","indicator":"girls_toilet_nonfunctional"}},{"type":"Feature","geometry":{"type":"Point","coordinates":[75.67881,19.61999]},"properties":{"udise":"27180305001","name":"ZILLA PARISHAD PRIMARY SCHOOL VITTHALWADI","state":"MAHARASHTRA","district":"JALNA","block":"AMBAD","indicator":"girls_toilet_nonfunctional"}},{"type":"Feature","geometry":{"type":"Point","coordinates":[76.04022,19.51582]},"properties":{"udise":"27180406301","name":"ZILLA PARISHAD PRIMARY SCHOOL DEVNAGAR TANDA","state":"MAHARASHTRA","district":"JALNA","block":"GHANSAWANGI","indicator":"girls_toilet_nonfunctional"}},{"type":"Feature","geometry":{"type":"Point","coordinates":[76.17886,20.29066]},"properties":{"udise":"27180810502","name":"SWAMI VIVEKANANAD ART,COMM AND SCIENCE JR COLLAGE, SANJOL","state":"MAHARASHTRA","district":"JALNA","block":"JAFRABAD","indicator":"girls_toilet_nonfunctional"}},{"type":"Feature","geometry":{"type":"Point","coordinates":[76.18546,19.79826]},"properties":{"udise":"27180111401","name":"ZPPS BA.POKHARI","state":"MAHARASHTRA","district":"JALNA","block":"JALNA","indicator":"girls_toilet_nonfunctional"}},{"type":"Feature","geometry":{"type":"Point","coordinates":[76.11417,19.63251]},"properties":{"udise":"27180411508","name":"MAULANA SIDDIQ AHEMAD URDU HIGHSCHOOL RANJANI","state":"MAHARASHTRA","district":"JALNA","block":"GHANSAWANGI","indicator":"girls_toilet_nonfunctional"}},{"type":"Feature","geometry":{"type":"Point","coordinates":[75.88962,20.47208]},"properties":{"udise":"27180716104","name":"ZILLA PARISHAD PRIMARY SCHOOL KHADAKWADI","state":"MAHARASHTRA","district":"JALNA","block":"BHOKARDAN","indicator":"girls_toilet_nonfunctional"}},{"type":"Feature","geometry":{"type":"Point","coordinates":[75.75401,20.06202]},"properties":{"udise":"27180703001","name":"ZILLA PARISHAD PRIMARY SCHOOL PIMPALGAON SERMULKI","state":"MAHARASHTRA","district":"JALNA","block":"BHOKARDAN","indicator":"girls_toilet_nonfunctional"}},{"type":"Feature","geometry":{"type":"Point","coordinates":[76.06179,19.70122]},"properties":{"udise":"27180105001","name":"ZPPS MAMDABAD TANDA","state":"MAHARASHTRA","district":"JALNA","block":"JALNA","indicator":"girls_toilet_nonfunctional"}},{"type":"Feature","geometry":{"type":"Point","coordinates":[75.65575,19.65046]},"properties":{"udise":"27180304108","name":"AADRASH PRATHMIK VIDYALYA VA MAHAVIDYALYA JAMKHED","state":"MAHARASHTRA","district":"JALNA","block":"AMBAD","indicator":"girls_toilet_nonfunctional"}},{"type":"Feature","geometry":{"type":"Point","coordinates":[76.2107,19.58739]},"properties":{"udise":"27180500106","name":"NEW ERA INTERNATIONAL ENGLISH SCHOOL AND JR.COLLEGE OF SCIENCE AMBA","state":"MAHARASHTRA","district":"JALNA","block":"PARTUR","indicator":"girls_toilet_nonfunctional"}},{"type":"Feature","geometry":{"type":"Point","coordinates":[76.01171,20.20549]},"properties":{"udise":"27180803321","name":"SIDHARTH JUNIOR COLLAGE JAFRABAD","state":"MAHARASHTRA","district":"JALNA","block":"JAFRABAD","indicator":"girls_toilet_nonfunctional"}},{"type":"Feature","geometry":{"type":"Point","coordinates":[75.96766,20.53025]},"properties":{"udise":"27180715501","name":"ZILLA PARISHAD PRIMARY SCHOOL JAIDEVWADI","state":"MAHARASHTRA","district":"JALNA","block":"BHOKARDAN","indicator":"girls_toilet_nonfunctional"}},{"type":"Feature","geometry":{"type":"Point","coordinates":[75.82674,19.41463]},"properties":{"udise":"27180309201","name":"ZILLA PARISHAD PRIMARY SCHOOL VILASNAGAR","state":"MAHARASHTRA","district":"JALNA","block":"AMBAD","indicator":"girls_toilet_nonfunctional"}},{"type":"Feature","geometry":{"type":"Point","coordinates":[76.192,19.666]},"properties":{"udise":"27180500301","name":"Z P P S BABULTARA","state":"MAHARASHTRA","district":"JALNA","block":"PARTUR","indicator":"girls_toilet_nonfunctional"}},{"type":"Feature","geometry":{"type":"Point","coordinates":[75.85763,20.0162]},"properties":{"udise":"27180201801","name":"ZILLA PARISHAD PRIMARY SCHOOL KALUNAIK  (TANDA)","state":"MAHARASHTRA","district":"JALNA","block":"BADNAPUR","indicator":"girls_toilet_nonfunctional"}},{"type":"Feature","geometry":{"type":"Point","coordinates":[76.15167,20.24703]},"properties":{"udise":"27180810401","name":"ZILLA PARISHAD UPPER PRIMARY SCHOOL KONAD BU","state":"MAHARASHTRA","district":"JALNA","block":"JAFRABAD","indicator":"girls_toilet_nonfunctional"}},{"type":"Feature","geometry":{"type":"Point","coordinates":[76.47281,19.87978]},"properties":{"udise":"27180611001","name":"ZILLA PARISHAD PRIMARY SCHOOL NUTAN VASAHAT TALNI","state":"MAHARASHTRA","district":"JALNA","block":"MANTHA","indicator":"girls_toilet_nonfunctional"}},{"type":"Feature","geometry":{"type":"Point","coordinates":[75.77625,19.55645]},"properties":{"udise":"27180316401","name":"ZILLA PARISHAD PRIMARY SCHOOL  KAILASNAGAR","state":"MAHARASHTRA","district":"JALNA","block":"AMBAD","indicator":"girls_toilet_nonfunctional"}},{"type":"Feature","geometry":{"type":"Point","coordinates":[76.17522,19.84655]},"properties":{"udise":"27180111501","name":"ZPPS BARDI","state":"MAHARASHTRA","district":"JALNA","block":"JALNA","indicator":"girls_toilet_nonfunctional"}},{"type":"Feature","geometry":{"type":"Point","coordinates":[75.80752,20.07459]},"properties":{"udise":"27180702406","name":"ZILLA PARISHAD PRIMARY SCHOOL TOMPEVASTI","state":"MAHARASHTRA","district":"JALNA","block":"BHOKARDAN","indicator":"girls_toilet_nonfunctional"}},{"type":"Feature","geometry":{"type":"Point","coordinates":[75.74287,20.22414]},"properties":{"udise":"27180707201","name":"ZILLA PARISHAD PRIMARY SCHOOL KSHIRSAGAR","state":"MAHARASHTRA","district":"JALNA","block":"BHOKARDAN","indicator":"girls_toilet_nonfunctional"}},{"type":"Feature","geometry":{"type":"Point","coordinates":[76.09666,19.65087]},"properties":{"udise":"27180409301","name":"ZILLA PARISHAD PRIMARY SCHOOL SHEVGALTANDA","state":"MAHARASHTRA","district":"JALNA","block":"GHANSAWANGI","indicator":"girls_toilet_nonfunctional"}},{"type":"Feature","geometry":{"type":"Point","coordinates":[75.72921,19.54671]},"properties":{"udise":"27180316801","name":"ZILLA PARISHAD PRIMARY SCHOOL SO.PI.TANDA","state":"MAHARASHTRA","district":"JALNA","block":"AMBAD","indicator":"girls_toilet_nonfunctional"}},{"type":"Feature","geometry":{"type":"Point","coordinates":[75.72876,19.47524]},"properties":{"udise":"27180315901","name":"ZILLA PARISHAD PRIMARY SCHOOL  SHOBHA NAGAR","state":"MAHARASHTRA","district":"JALNA","block":"AMBAD","indicator":"girls_toilet_nonfunctional"}},{"type":"Feature","geometry":{"type":"Point","coordinates":[76.39657,19.69288]},"properties":{"udise":"27180603801","name":"ZILLA PARISHAD PRIMARY SCHOOL MURUMKHEDA","state":"MAHARASHTRA","district":"JALNA","block":"MANTHA","indicator":"girls_toilet_nonfunctional"}},{"type":"Feature","geometry":{"type":"Point","coordinates":[76.10676,19.76885]},"properties":{"udise":"27180116401","name":"ZPPS NIPANI POKHARI","state":"MAHARASHTRA","district":"JALNA","block":"JALNA","indicator":"girls_toilet_nonfunctional"}},{"type":"Feature","geometry":{"type":"Point","coordinates":[75.87937,19.67364]},"properties":{"udise":"27180302801","name":"ZILLA PARISHAD PRIMARY SCHOOL WAGHALKHEDA","state":"MAHARASHTRA","district":"JALNA","block":"AMBAD","indicator":"girls_toilet_nonfunctional"}},{"type":"Feature","geometry":{"type":"Point","coordinates":[75.93547,20.44706]},"properties":{"udise":"27180709901","name":"ZILLA PARISHAD PRIMARY SCHOOL PADMAWATI","state":"MAHARASHTRA","district":"JALNA","block":"BHOKARDAN","indicator":"girls_toilet_nonfunctional"}},{"type":"Feature","geometry":{"type":"Point","coordinates":[75.99258,19.69555]},"properties":{"udise":"27180104801","name":"ZPPS MALI PIMPALGAON","state":"MAHARASHTRA","district":"JALNA","block":"JALNA","indicator":"girls_toilet_nonfunctional"}},{"type":"Feature","geometry":{"type":"Point","coordinates":[76.29038,19.67853]},"properties":{"udise":"27180509701","name":"Z P P S  DAHIPHAL BHO.TANDA","state":"MAHARASHTRA","district":"JALNA","block":"PARTUR","indicator":"girls_toilet_nonfunctional"}},{"type":"Feature","geometry":{"type":"Point","coordinates":[75.89028,19.83777]},"properties":{"udise":"27180310502","name":"ZILLA PARISHAD PRIMARY SCHOOL  GANDHARI GAYRAN V SHALA","state":"MAHARASHTRA","district":"JALNA","block":"AMBAD","indicator":"girls_toilet_nonfunctional"}},{"type":"Feature","geometry":{"type":"Point","coordinates":[75.89744,19.84383]},"properties":{"udise":"27180102712","name":"JALNA CITY M.CORP.PRIM.SCHOOL RANGARKHIDKI,PANIVESHJALNA","state":"MAHARASHTRA","district":"JALNA","block":"JALNA","indicator":"girls_toilet_nonfunctional"}},{"type":"Feature","geometry":{"type":"Point","coordinates":[76.07773,20.12607]},"properties":{"udise":"27180806701","name":"ZILLA PARISHAD UPPER PRI. SCHOOL KALEGAON","state":"MAHARASHTRA","district":"JALNA","block":"JAFRABAD","indicator":"girls_toilet_nonfunctional"}},{"type":"Feature","geometry":{"type":"Point","coordinates":[75.77013,20.24472]},"properties":{"udise":"27180706812","name":"Z.P.PRIM.SCHOOL NEW BOKARDAN","state":"MAHARASHTRA","district":"JALNA","block":"BHOKARDAN","indicator":"girls_toilet_nonfunctional"}},{"type":"Feature","geometry":{"type":"Point","coordinates":[75.75661,19.7028]},"properties":{"udise":"27180305604","name":"ZILLA PARISHAD PRIMARY SCHOOL RAJAPUTVASTI (KARJAT)","state":"MAHARASHTRA","district":"JALNA","block":"AMBAD","indicator":"girls_toilet_nonfunctional"}},{"type":"Feature","geometry":{"type":"Point","coordinates":[75.86193,20.4296]},"properties":{"udise":"27180704701","name":"ZILLA PARISHAD PRIMARY SCHOOL HISODA (BK)","state":"MAHARASHTRA","district":"JALNA","block":"BHOKARDAN","indicator":"girls_toilet_nonfunctional"}},{"type":"Feature","geometry":{"type":"Point","coordinates":[76.16775,19.7026]},"properties":{"udise":"27180100601","name":"ZPPS PUTALI","state":"MAHARASHTRA","district":"JALNA","block":"JALNA","indicator":"girls_toilet_nonfunctional"}},{"type":"Feature","geometry":{"type":"Point","coordinates":[75.66283,19.95291]},"properties":{"udise":"27180205204","name":"SAIBABA INTERNATIONAL ENGLISH SCHOOL DHASALA","state":"MAHARASHTRA","district":"JALNA","block":"BADNAPUR","indicator":"girls_toilet_nonfunctional"}},{"type":"Feature","geometry":{"type":"Point","coordinates":[76.2865,19.66498]},"properties":{"udise":"27180509801","name":"Z P P S  KANDARI","state":"MAHARASHTRA","district":"JALNA","block":"PARTUR","indicator":"girls_toilet_nonfunctional"}},{"type":"Feature","geometry":{"type":"Point","coordinates":[76.34566,19.7155]},"properties":{"udise":"27180601701","name":"ZILLA PARISHAD PRIMERY SCHOOL SAWARGAON WAYAL","state":"MAHARASHTRA","district":"JALNA","block":"MANTHA","indicator":"girls_toilet_nonfunctional"}},{"type":"Feature","geometry":{"type":"Point","coordinates":[75.83383,20.1537]},"properties":{"udise":"27180707701","name":"ZILLA PARISHAD PRIMARY SCHOOL BAMKHEDA","state":"MAHARASHTRA","district":"JALNA","block":"BHOKARDAN","indicator":"girls_toilet_nonfunctional"}},{"type":"Feature","geometry":{"type":"Point","coordinates":[76.09554,19.48465]},"properties":{"udise":"27180412101","name":"ZILLA PARISHAD PRIMARY SCHOOL GHONSI TANDA-2","state":"MAHARASHTRA","district":"JALNA","block":"GHANSAWANGI","indicator":"girls_toilet_nonfunctional"}},{"type":"Feature","geometry":{"type":"Point","coordinates":[76.08598,20.15647]},"properties":{"udise":"27180806401","name":"ZILLA PARISHAD  PRI. SCHOOL BORKHEDI CHINCH","state":"MAHARASHTRA","district":"JALNA","block":"JAFRABAD","indicator":"girls_toilet_nonfunctional"}},{"type":"Feature","geometry":{"type":"Point","coordinates":[76.4969,19.81316]},"properties":{"udise":"27180611801","name":"ZILLA PARISHAD PRIMARY SCHOOL KHORWAD","state":"MAHARASHTRA","district":"JALNA","block":"MANTHA","indicator":"girls_toilet_nonfunctional"}},{"type":"Feature","geometry":{"type":"Point","coordinates":[75.77856,20.14205]},"properties":{"udise":"27180708001","name":"ZILLA PARISHAD PRIMARY SCHOOL DAYANANDWADI","state":"MAHARASHTRA","district":"JALNA","block":"BHOKARDAN","indicator":"girls_toilet_nonfunctional"}},{"type":"Feature","geometry":{"type":"Point","coordinates":[76.06578,19.49574]},"properties":{"udise":"27180406901","name":"ZILLA PARISHAD PRIMARY SCHOOL M.CHINCHOLIWADI","state":"MAHARASHTRA","district":"JALNA","block":"GHANSAWANGI","indicator":"girls_toilet_nonfunctional"}},{"type":"Feature","geometry":{"type":"Point","coordinates":[76.34742,19.49573]},"properties":{"udise":"27180507903","name":"ZILLA PARISHAD HIGH SCHOOL SATONA KH.","state":"MAHARASHTRA","district":"JALNA","block":"PARTUR","indicator":"girls_toilet_nonfunctional"}},{"type":"Feature","geometry":{"type":"Point","coordinates":[76.184,19.73382]},"properties":{"udise":"27180100103","name":"ZP PS CHITALI FATA (VS)","state":"MAHARASHTRA","district":"JALNA","block":"JALNA","indicator":"girls_toilet_nonfunctional"}},{"type":"Feature","geometry":{"type":"Point","coordinates":[75.87476,19.83029]},"properties":{"udise":"27180102603","name":"BHUJANGRAO PATIL UGALE ENG SCH","state":"MAHARASHTRA","district":"JALNA","block":"JALNA","indicator":"girls_toilet_nonfunctional"}},{"type":"Feature","geometry":{"type":"Point","coordinates":[75.77282,20.12343]},"properties":{"udise":"27180708701","name":"ZILLA PARISHAD PRIMARY SCHOOL TAKALI HIWARADI","state":"MAHARASHTRA","district":"JALNA","block":"BHOKARDAN","indicator":"girls_toilet_nonfunctional"}},{"type":"Feature","geometry":{"type":"Point","coordinates":[76.21434,19.60212]},"properties":{"udise":"27180506823","name":"AL HUDA URDU PRIMARY SCHOOL PARTUR","state":"MAHARASHTRA","district":"JALNA","block":"PARTUR","indicator":"girls_toilet_nonfunctional"}},{"type":"Feature","geometry":{"type":"Point","coordinates":[76.20764,19.58159]},"properties":{"udise":"27180502606","name":"BRIGHT STAR ENGLISH SCHOOL","state":"MAHARASHTRA","district":"JALNA","block":"PARTUR","indicator":"girls_toilet_nonfunctional"}},{"type":"Feature","geometry":{"type":"Point","coordinates":[76.43288,19.73004]},"properties":{"udise":"27180608601","name":"ZILLA PARISHAD PRIMARY SCHOOL PANGARI (WEST (PACHIM) TANDA)","state":"MAHARASHTRA","district":"JALNA","block":"MANTHA","indicator":"girls_toilet_nonfunctional"}},{"type":"Feature","geometry":{"type":"Point","coordinates":[75.70686,19.45564]},"properties":{"udise":"27180315301","name":"ZILLA PARISHAD PRIMARY SCHOOL  JAIKWADI VASAHAT","state":"MAHARASHTRA","district":"JALNA","block":"AMBAD","indicator":"girls_toilet_nonfunctional"}},{"type":"Feature","geometry":{"type":"Point","coordinates":[75.84337,20.4434]},"properties":{"udise":"27180704502","name":"ZP PS BAHIROBA WADI","state":"MAHARASHTRA","district":"JALNA","block":"BHOKARDAN","indicator":"girls_toilet_nonfunctional"}},{"type":"Feature","geometry":{"type":"Point","coordinates":[76.2302,19.31884]},"properties":{"udise":"27180505902","name":"Z P P S AHILYA NAGAR","state":"MAHARASHTRA","district":"JALNA","block":"PARTUR","indicator":"girls_toilet_nonfunctional"}},{"type":"Feature","geometry":{"type":"Point","coordinates":[75.76641,20.24704]},"properties":{"udise":"27180706819","name":"ZILLA PARISHAD PRIMARY SCHOOL NANDUBAI NAGAR V.SHALA","state":"MAHARASHTRA","district":"JALNA","block":"BHOKARDAN","indicator":"girls_toilet_nonfunctional"}},{"type":"Feature","geometry":{"type":"Point","coordinates":[75.82502,19.52678]},"properties":{"udise":"27180314501","name":"ZILLA PARISHAD PRIMARY SCHOOL  KUKKADGAON","state":"MAHARASHTRA","district":"JALNA","block":"AMBAD","indicator":"girls_toilet_nonfunctional"}},{"type":"Feature","geometry":{"type":"Point","coordinates":[75.85433,20.06695]},"properties":{"udise":"27180711603","name":"LATE GANPATRAO DADA ENGLISH SCHOOL RAJUR","state":"MAHARASHTRA","district":"JALNA","block":"BHOKARDAN","indicator":"girls_toilet_nonfunctional"}},{"type":"Feature","geometry":{"type":"Point","coordinates":[76.38795,19.65126]},"properties":{"udise":"27180603601","name":"ZILLA PARISHAD CENTRAL UPPER PRIMARY SCHOOL KANYA MANTHA","state":"MAHARASHTRA","district":"JALNA","block":"MANTHA","indicator":"girls_toilet_nonfunctional"}},{"type":"Feature","geometry":{"type":"Point","coordinates":[76.43978,19.87251]},"properties":{"udise":"27180611101","name":"ZILLA PARISHAD PRIMARY SCHOOL SASKHEDA","state":"MAHARASHTRA","district":"JALNA","block":"MANTHA","indicator":"girls_toilet_nonfunctional"}},{"type":"Feature","geometry":{"type":"Point","coordinates":[76.35064,19.63685]},"properties":{"udise":"27180604801","name":"ZILLA PARISHAD PRIMARY SCHOOL AWALGAON","state":"MAHARASHTRA","district":"JALNA","block":"MANTHA","indicator":"girls_toilet_nonfunctional"}},{"type":"Feature","geometry":{"type":"Point","coordinates":[76.20427,19.41837]},"properties":{"udise":"27180502001","name":"Z P P S  PARATWADI","state":"MAHARASHTRA","district":"JALNA","block":"PARTUR","indicator":"girls_toilet_nonfunctional"}},{"type":"Feature","geometry":{"type":"Point","coordinates":[75.71871,19.63596]},"properties":{"udise":"27180301301","name":"ZILLA PARISHAD PRIMARY SCHOOL  MATH-JALGAON","state":"MAHARASHTRA","district":"JALNA","block":"AMBAD","indicator":"girls_toilet_nonfunctional"}},{"type":"Feature","geometry":{"type":"Point","coordinates":[75.83372,20.41456]},"properties":{"udise":"27180704906","name":"SANT GADAGEBABA PRATHMIK, MADHYAMIK VA UCHCHA MADHYAMIK VIDYALYA , JALGAON SAPKAL","state":"MAHARASHTRA","district":"JALNA","block":"BHOKARDAN","indicator":"girls_toilet_nonfunctional"}},{"type":"Feature","geometry":{"type":"Point","coordinates":[75.67522,19.41619]},"properties":{"udise":"27180306801","name":"ZILLA PARISHAD PRIMARY SCHOOL  HANUMAN NAGAR","state":"MAHARASHTRA","district":"JALNA","block":"AMBAD","indicator":"girls_toilet_nonfunctional"}},{"type":"Feature","geometry":{"type":"Point","coordinates":[75.95724,19.53464]},"properties":{"udise":"27180401201","name":"ZILLA PARISHAD PRIMARY SCHOOL BAHIREGAON","state":"MAHARASHTRA","district":"JALNA","block":"GHANSAWANGI","indicator":"girls_toilet_nonfunctional"}},{"type":"Feature","geometry":{"type":"Point","coordinates":[75.89031,19.83785]},"properties":{"udise":"27180315501","name":"ZILLA PARISHAD PRIMARY SCHOOL  NU.VA.PITHORI SIRSGAON","state":"MAHARASHTRA","district":"JALNA","block":"AMBAD","indicator":"girls_toilet_nonfunctional"}},{"type":"Feature","geometry":{"type":"Point","coordinates":[76.08584,19.72568]},"properties":{"udise":"27180104501","name":"ZPPS HIVRA TANDA","state":"MAHARASHTRA","district":"JALNA","block":"JALNA","indicator":"girls_toilet_nonfunctional"}},{"type":"Feature","geometry":{"type":"Point","coordinates":[75.8679,19.50555]},"properties":{"udise":"27180313501","name":"ZILLA PARISHAD PRIMARY SCHOOL  SHRIRAM TANDA","state":"MAHARASHTRA","district":"JALNA","block":"AMBAD","indicator":"girls_toilet_nonfunctional"}},{"type":"Feature","geometry":{"type":"Point","coordinates":[75.75774,20.28511]},"properties":{"udise":"27180707601","name":"ZILLA PARISHAD PRIMARY SCHOOL PRALHADPUR","state":"MAHARASHTRA","district":"JALNA","block":"BHOKARDAN","indicator":"girls_toilet_nonfunctional"}},{"type":"Feature","geometry":{"type":"Point","coordinates":[76.43758,19.91102]},"properties":{"udise":"27180611201","name":"ZILLA PARISHAD UPPER PRIMARY SCHOOL SHIRPUR","state":"MAHARASHTRA","district":"JALNA","block":"MANTHA","indicator":"girls_toilet_nonfunctional"}},{"type":"Feature","geometry":{"type":"Point","coordinates":[76.08747,20.29339]},"properties":{"udise":"27180801504","name":"SARASWATI VIDYA MANDIR BHARAJ BU","state":"MAHARASHTRA","district":"JALNA","block":"JAFRABAD","indicator":"girls_toilet_nonfunctional"}},{"type":"Feature","geometry":{"type":"Point","coordinates":[76.1899,19.81993]},"properties":{"udise":"27180112001","name":"ZPPS PATHRUD","state":"MAHARASHTRA","district":"JALNA","block":"JALNA","indicator":"girls_toilet_nonfunctional"}},{"type":"Feature","geometry":{"type":"Point","coordinates":[75.82166,19.76096]},"properties":{"udise":"27180207101","name":"ZILLA PARISHAD PRIMARY SCHOOL KUMBHARI","state":"MAHARASHTRA","district":"JALNA","block":"BADNAPUR","indicator":"girls_toilet_nonfunctional"}},{"type":"Feature","geometry":{"type":"Point","coordinates":[75.79256,19.62023]},"properties":{"udise":"27180300150","name":"SURYODAYAENGLISH MEDIUM SCHOOL , PACHOD ROAD , AMBAD","state":"MAHARASHTRA","district":"JALNA","block":"AMBAD","indicator":"girls_toilet_nonfunctional"}},{"type":"Feature","geometry":{"type":"Point","coordinates":[76.29964,19.73569]},"properties":{"udise":"27180609902","name":"ZILLA PARISHAD PRIMARY SCHOOL LAVANI TANDA","state":"MAHARASHTRA","district":"JALNA","block":"MANTHA","indicator":"girls_toilet_nonfunctional"}},{"type":"Feature","geometry":{"type":"Point","coordinates":[75.71097,20.00972]},"properties":{"udise":"27180204602","name":"ZILLA PARISHAD PRIMARY SCHOOL  GAWALIWADI KINHOLA","state":"MAHARASHTRA","district":"JALNA","block":"BADNAPUR","indicator":"girls_toilet_nonfunctional"}},{"type":"Feature","geometry":{"type":"Point","coordinates":[75.78086,19.48715]},"properties":{"udise":"27180313101","name":"ZILLA PARISHAD PRIMARY SCHOOL  REWALGAON","state":"MAHARASHTRA","district":"JALNA","block":"AMBAD","indicator":"girls_toilet_nonfunctional"}},{"type":"Feature","geometry":{"type":"Point","coordinates":[75.68561,19.49027]},"properties":{"udise":"27180303601","name":"ZILLA PARISHAD PRIMARY SCHOOL NU VASAHAT RAMGAVHAN","state":"MAHARASHTRA","district":"JALNA","block":"AMBAD","indicator":"girls_toilet_nonfunctional"}},{"type":"Feature","geometry":{"type":"Point","coordinates":[76.08582,20.15649]},"properties":{"udise":"27180806901","name":"ZILLA PARISHAD UPPER PRI. SCHOOL KUMBHARZARI","state":"MAHARASHTRA","district":"JALNA","block":"JAFRABAD","indicator":"girls_toilet_nonfunctional"}},{"type":"Feature","geometry":{"type":"Point","coordinates":[75.80594,19.52059]},"properties":{"udise":"27180312901","name":"ZILLA PARISHAD PRIMARY SCHOOL  LAKHMAPURI","state":"MAHARASHTRA","district":"JALNA","block":"AMBAD","indicator":"girls_toilet_nonfunctional"}},{"type":"Feature","geometry":{"type":"Point","coordinates":[76.10573,19.64909]},"properties":{"udise":"27180411201","name":"ZILLA PARISHAD PRIMARY SCHOOL KARADGAON","state":"MAHARASHTRA","district":"JALNA","block":"GHANSAWANGI","indicator":"girls_toilet_nonfunctional"}},{"type":"Feature","geometry":{"type":"Point","coordinates":[75.77219,20.07461]},"properties":{"udise":"27180702801","name":"ZILLA PARISHAD PRIMARY SCHOOL KOTHA (DHABADI)","state":"MAHARASHTRA","district":"JALNA","block":"BHOKARDAN","indicator":"girls_toilet_nonfunctional"}},{"type":"Feature","geometry":{"type":"Point","coordinates":[76.1959,19.76395]},"properties":{"udise":"27180111601","name":"ZPPS DHARA","state":"MAHARASHTRA","district":"JALNA","block":"JALNA","indicator":"girls_toilet_nonfunctional"}},{"type":"Feature","geometry":{"type":"Point","coordinates":[76.31321,19.52843]},"properties":{"udise":"27180504401","name":"Z P P S USMANPUR","state":"MAHARASHTRA","district":"JALNA","block":"PARTUR","indicator":"girls_toilet_nonfunctional"}},{"type":"Feature","geometry":{"type":"Point","coordinates":[76.23375,19.33832]},"properties":{"udise":"27180501502","name":"Z P P S DATTANAGAR","state":"MAHARASHTRA","district":"JALNA","block":"PARTUR","indicator":"girls_toilet_nonfunctional"}},{"type":"Feature","geometry":{"type":"Point","coordinates":[76.28657,19.66508]},"properties":{"udise":"27180509902","name":"Z P P S PIMPARKHED GARAD","state":"MAHARASHTRA","district":"JALNA","block":"PARTUR","indicator":"girls_toilet_nonfunctional"}},{"type":"Feature","geometry":{"type":"Point","coordinates":[76.01932,19.84228]},"properties":{"udise":"27180115501","name":"ZPPS SOMNATH","state":"MAHARASHTRA","district":"JALNA","block":"JALNA","indicator":"girls_toilet_nonfunctional"}},{"type":"Feature","geometry":{"type":"Point","coordinates":[75.77479,19.73355]},"properties":{"udise":"27180305101","name":"ZILLA PARISHAD PRIMARY SCHOOL AALAMGAON","state":"MAHARASHTRA","district":"JALNA","block":"AMBAD","indicator":"girls_toilet_nonfunctional"}},{"type":"Feature","geometry":{"type":"Point","coordinates":[75.91394,20.4046]},"properties":{"udise":"27180710201","name":"ZILLA PARISHAD PRIMARY SCHOOL PARASHAR NAGAR","state":"MAHARASHTRA","district":"JALNA","block":"BHOKARDAN","indicator":"girls_toilet_nonfunctional"}},{"type":"Feature","geometry":{"type":"Point","coordinates":[75.73847,19.71645]},"properties":{"udise":"27180305603","name":"ZILLA PARISHAD PRIMARY SCHOOL SHENDAGE TANDA","state":"MAHARASHTRA","district":"JALNA","block":"AMBAD","indicator":"girls_toilet_nonfunctional"}},{"type":"Feature","geometry":{"type":"Point","coordinates":[76.21062,19.58518]},"properties":{"udise":"27180506818","name":"YOGANAND PRIMARY SCHOOL PARTUR","state":"MAHARASHTRA","district":"JALNA","block":"PARTUR","indicator":"girls_toilet_nonfunctional"}},{"type":"Feature","geometry":{"type":"Point","coordinates":[75.77282,20.24888]},"properties":{"udise":"27180706824","name":"ZILLA PARISHAD PRIMARY SCHOOL JAY BHAVANINAGAR","state":"MAHARASHTRA","district":"JALNA","block":"BHOKARDAN","indicator":"girls_toilet_nonfunctional"}},{"type":"Feature","geometry":{"type":"Point","coordinates":[75.92122,20.04944]},"properties":{"udise":"27180802406","name":"ZP PS CHIREBANDIWADI","state":"MAHARASHTRA","district":"JALNA","block":"JAFRABAD","indicator":"girls_toilet_nonfunctional"}},{"type":"Feature","geometry":{"type":"Point","coordinates":[76.38689,19.64911]},"properties":{"udise":"27180607401","name":"ZILLA PARISHAD CENTRAL PRIMARY SCHOOL NUTAN MANTHA","state":"MAHARASHTRA","district":"JALNA","block":"MANTHA","indicator":"girls_toilet_nonfunctional"}},{"type":"Feature","geometry":{"type":"Point","coordinates":[75.91169,20.28002]},"properties":{"udise":"27180718405","name":"ZILLA PARISHAD PRIMARY SCHOOL BRAMHAWADI","state":"MAHARASHTRA","district":"JALNA","block":"BHOKARDAN","indicator":"girls_toilet_nonfunctional"}},{"type":"Feature","geometry":{"type":"Point","coordinates":[76.3234,19.85933]},"properties":{"udise":"27180603201","name":"ZILLA PARISHAD PRIMARY SCHOOL POKHARI TAKLE","state":"MAHARASHTRA","district":"JALNA","block":"MANTHA","indicator":"girls_toilet_nonfunctional"}},{"type":"Feature","geometry":{"type":"Point","coordinates":[76.39402,19.79463]},"properties":{"udise":"27180601401","name":"ZILLA PARISHAD UPPER PRIMERY SCHOOL NAIGAON (TIMA TANDA)","state":"MAHARASHTRA","district":"JALNA","block":"MANTHA","indicator":"girls_toilet_nonfunctional"}},{"type":"Feature","geometry":{"type":"Point","coordinates":[75.8569,20.29987]},"properties":{"udise":"27180717603","name":"KAI.SHEVANTABAI WA.DASPUTE","state":"MAHARASHTRA","district":"JALNA","block":"BHOKARDAN","indicator":"girls_toilet_nonfunctional"}},{"type":"Feature","geometry":{"type":"Point","coordinates":[76.09369,19.69712]},"properties":{"udise":"27180105202","name":"ZPPS WAZARWADI (VS)","state":"MAHARASHTRA","district":"JALNA","block":"JALNA","indicator":"girls_toilet_nonfunctional"}},{"type":"Feature","geometry":{"type":"Point","coordinates":[75.74602,20.06167]},"properties":{"udise":"27180703101","name":"ZILLA PARISHAD PRIMARY SCHOOL PIMPALGAON SUTAR","state":"MAHARASHTRA","district":"JALNA","block":"BHOKARDAN","indicator":"girls_toilet_nonfunctional"}},{"type":"Feature","geometry":{"type":"Point","coordinates":[76.26503,19.65337]},"properties":{"udise":"27180510201","name":"Z P P S  WADHONA","state":"MAHARASHTRA","district":"JALNA","block":"PARTUR","indicator":"girls_toilet_nonfunctional"}},{"type":"Feature","geometry":{"type":"Point","coordinates":[75.91073,20.43301]},"properties":{"udise":"27180710701","name":"ZILLA PARISHAD PRIMARY SCHOOL VIVEKANAND NAGAR","state":"MAHARASHTRA","district":"JALNA","block":"BHOKARDAN","indicator":"girls_toilet_nonfunctional"}},{"type":"Feature","geometry":{"type":"Point","coordinates":[76.47894,19.87958]},"properties":{"udise":"27180611304","name":"ZILLA PARISHAD PRIMARY SCHOOL VASANTNAGAR (TALNI)","state":"MAHARASHTRA","district":"JALNA","block":"MANTHA","indicator":"girls_toilet_nonfunctional"}},{"type":"Feature","geometry":{"type":"Point","coordinates":[75.90978,19.69136]},"properties":{"udise":"27180409701","name":"ZILLA PARISHAD PRIMARY SCHOOL DAITHANA KU","state":"MAHARASHTRA","district":"JALNA","block":"GHANSAWANGI","indicator":"girls_toilet_nonfunctional"}},{"type":"Feature","geometry":{"type":"Point","coordinates":[75.87742,19.95131]},"properties":{"udise":"27180201601","name":"ZILLA PARISHAD PRIMARY SCHOOL DAGADWADI","state":"MAHARASHTRA","district":"JALNA","block":"BADNAPUR","indicator":"girls_toilet_nonfunctional"}},{"type":"Feature","geometry":{"type":"Point","coordinates":[76.39737,19.59809]},"properties":{"udise":"27180612901","name":"ZILLA PARISHAD PRIMARY SCHOOL KHARI (ARDA)","state":"MAHARASHTRA","district":"JALNA","block":"MANTHA","indicator":"girls_toilet_nonfunctional"}},{"type":"Feature","geometry":{"type":"Point","coordinates":[76.40257,19.80885]},"properties":{"udise":"27180600801","name":"ZILLA PARISHAD PRIMERY SCHOOL TALEGAON","state":"MAHARASHTRA","district":"JALNA","block":"MANTHA","indicator":"girls_toilet_nonfunctional"}},{"type":"Feature","geometry":{"type":"Point","coordinates":[76.10108,20.22464]},"properties":{"udise":"27180809001","name":"ZILLA PARISHAD PRIMARY SCHOOL SAWARKHEDA","state":"MAHARASHTRA","district":"JALNA","block":"JAFRABAD","indicator":"girls_toilet_nonfunctional"}},{"type":"Feature","geometry":{"type":"Point","coordinates":[75.88209,20.39346]},"properties":{"udise":"27180710801","name":"ZILLA PARISHAD PRIMARY SCHOOL WARUD BU","state":"MAHARASHTRA","district":"JALNA","block":"BHOKARDAN","indicator":"girls_toilet_nonfunctional"}},{"type":"Feature","geometry":{"type":"Point","coordinates":[76.2419,19.80746]},"properties":{"udise":"27180114401","name":"ZPPS KHAMBEWADI","state":"MAHARASHTRA","district":"JALNA","block":"JALNA","indicator":"girls_toilet_nonfunctional"}},{"type":"Feature","geometry":{"type":"Point","coordinates":[76.26145,19.73588]},"properties":{"udise":"27180610104","name":"ZILLA PARISHAD HIGH SCHOOL PANGRI GO.","state":"MAHARASHTRA","district":"JALNA","block":"MANTHA","indicator":"girls_toilet_nonfunctional"}},{"type":"Feature","geometry":{"type":"Point","coordinates":[75.90912,20.07111]},"properties":{"udise":"27180712001","name":"ZILLA PARISHAD PRIMARY SCHOOL UMERKHEDA","state":"MAHARASHTRA","district":"JALNA","block":"BHOKARDAN","indicator":"girls_toilet_nonfunctional"}},{"type":"Feature","geometry":{"type":"Point","coordinates":[76.3247,19.61867]},"properties":{"udise":"27180605101","name":"ZILLA PARISHAD PRIMARY SCHOOL HATVAN","state":"MAHARASHTRA","district":"JALNA","block":"MANTHA","indicator":"girls_toilet_nonfunctional"}},{"type":"Feature","geometry":{"type":"Point","coordinates":[75.74917,19.79848]},"properties":{"udise":"27180202901","name":"ZILLA PARISHAD PRIMARY SCHOOL  MANJARGAON","state":"MAHARASHTRA","district":"JALNA","block":"BADNAPUR","indicator":"girls_toilet_nonfunctional"}},{"type":"Feature","geometry":{"type":"Point","coordinates":[76.36587,19.69259]},"properties":{"udise":"27180603701","name":"ZILLA PARISHAD UPPER PRIMARY SCHOOL MESKHEDA","state":"MAHARASHTRA","district":"JALNA","block":"MANTHA","indicator":"girls_toilet_nonfunctional"}},{"type":"Feature","geometry":{"type":"Point","coordinates":[76.45272,19.69561]},"properties":{"udise":"27180608701","name":"ZILLA PARISHAD PRIMARY SCHOOL VIRGAVHAN","state":"MAHARASHTRA","district":"JALNA","block":"MANTHA","indicator":"girls_toilet_nonfunctional"}},{"type":"Feature","geometry":{"type":"Point","coordinates":[76.41232,19.88836]},"properties":{"udise":"27180606701","name":"ZILLA PARISHAD PRIMARY SCHOOL WAGHALA","state":"MAHARASHTRA","district":"JALNA","block":"MANTHA","indicator":"girls_toilet_nonfunctional"}},{"type":"Feature","geometry":{"type":"Point","coordinates":[75.72593,19.56392]},"properties":{"udise":"27180316601","name":"ZILLA PARISHAD PRIMARY SCHOOL  MATH-TANDA","state":"MAHARASHTRA","district":"JALNA","block":"AMBAD","indicator":"girls_toilet_nonfunctional"}},{"type":"Feature","geometry":{"type":"Point","coordinates":[76.01288,20.0548]},"properties":{"udise":"27180803001","name":"ZILLA PARISHAD UPPER PRI. SCHOOL WADHONA","state":"MAHARASHTRA","district":"JALNA","block":"JAFRABAD","indicator":"girls_toilet_nonfunctional"}},{"type":"Feature","geometry":{"type":"Point","coordinates":[75.65545,19.44734]},"properties":{"udise":"27180307101","name":"ZILLA PARISHAD PRIMARY SCHOOL RENAPURI","state":"MAHARASHTRA","district":"JALNA","block":"AMBAD","indicator":"girls_toilet_nonfunctional"}},{"type":"Feature","geometry":{"type":"Point","coordinates":[76.15486,19.8543]},"properties":{"udise":"27180111301","name":"ZPPS ANTARWALA","state":"MAHARASHTRA","district":"JALNA","block":"JALNA","indicator":"girls_toilet_nonfunctional"}},{"type":"Feature","geometry":{"type":"Point","coordinates":[76.2129,19.59059]},"properties":{"udise":"27180506822","name":"RAJKUNWAR JR.COLLEGE PARTUR","state":"MAHARASHTRA","district":"JALNA","block":"PARTUR","indicator":"girls_toilet_nonfunctional"}},{"type":"Feature","geometry":{"type":"Point","coordinates":[75.74824,20.15532]},"properties":{"udise":"27180713701","name":"ZILLA PARISHAD PRIMARY SCHOOL RAJALA","state":"MAHARASHTRA","district":"JALNA","block":"BHOKARDAN","indicator":"girls_toilet_nonfunctional"}},{"type":"Feature","geometry":{"type":"Point","coordinates":[75.59061,19.63837]},"properties":{"udise":"27180304901","name":"ZILLA PARISHAD PRAMARY SCHOOL BAKSHICIWADI","state":"MAHARASHTRA","district":"JALNA","block":"AMBAD","indicator":"girls_toilet_nonfunctional"}},{"type":"Feature","geometry":{"type":"Point","coordinates":[75.96813,20.17678]},"properties":{"udise":"27180803201","name":"ZILLA PARISHAD UPPER PRI. SCHOOL GARKHEDA","state":"MAHARASHTRA","district":"JALNA","block":"JAFRABAD","indicator":"girls_toilet_nonfunctional"}},{"type":"Feature","geometry":{"type":"Point","coordinates":[75.79354,20.25086]},"properties":{"udise":"27180707401","name":"ZILLA PARISHAD PRIMARY SCHOOL MASANPUR","state":"MAHARASHTRA","district":"JALNA","block":"BHOKARDAN","indicator":"girls_toilet_nonfunctional"}},{"type":"Feature","geometry":{"type":"Point","coordinates":[76.17415,19.58146]},"properties":{"udise":"27180502801","name":"Z P P S SHEVGA","state":"MAHARASHTRA","district":"JALNA","block":"PARTUR","indicator":"girls_toilet_nonfunctional"}},{"type":"Feature","geometry":{"type":"Point","coordinates":[76.32491,19.65124]},"properties":{"udise":"27180605001","name":"ZILLA PARISHAD PRIMARY SCHOOL BARBADA (VASAHAT)","state":"MAHARASHTRA","district":"JALNA","block":"MANTHA","indicator":"girls_toilet_nonfunctional"}},{"type":"Feature","geometry":{"type":"Point","coordinates":[75.63616,19.70903]},"properties":{"udise":"27180310001","name":"ZILLA PARISHAD PRIMARY SCHOOL  NIHALSINGHWADI","state":"MAHARASHTRA","district":"JALNA","block":"AMBAD","indicator":"girls_toilet_nonfunctional"}},{"type":"Feature","geometry":{"type":"Point","coordinates":[75.66535,19.81437]},"properties":{"udise":"27180205803","name":"ZILLA PARISHAD BAILBHARYA  SHIVAR KUSALI","state":"MAHARASHTRA","district":"JALNA","block":"BADNAPUR","indicator":"girls_toilet_nonfunctional"}},{"type":"Feature","geometry":{"type":"Point","coordinates":[76.02183,20.22065]},"properties":{"udise":"27180803801","name":"ZILLA PARISHAD PRI. SCHOOL REPALA","state":"MAHARASHTRA","district":"JALNA","block":"JAFRABAD","indicator":"girls_toilet_nonfunctional"}},{"type":"Feature","geometry":{"type":"Point","coordinates":[75.88242,20.5073]},"properties":{"udise":"27180715416","name":"ZILLA PARISHAD URDU PRIMARY SCHOOL SAMATANGAR DHAWADA","state":"MAHARASHTRA","district":"JALNA","block":"BHOKARDAN","indicator":"girls_toilet_nonfunctional"}},{"type":"Feature","geometry":{"type":"Point","coordinates":[76.42026,19.85872]},"properties":{"udise":"27180606001","name":"ZILLA PARISHAD UPPER PRIMARY SCHOOL DUDHA","state":"MAHARASHTRA","district":"JALNA","block":"MANTHA","indicator":"girls_toilet_nonfunctional"}},{"type":"Feature","geometry":{"type":"Point","coordinates":[74.05149,16.65139]},"properties":{"udise":"27340510702","name":"VIDYA MANDIR PACHAKATEWADI","state":"MAHARASHTRA","district":"KOLHAPUR","block":"KARVEER","indicator":"no_girls_toilet"}},{"type":"Feature","geometry":{"type":"Point","coordinates":[74.01259,16.19278]},"properties":{"udise":"27340960701","name":"VIDYA MNDIR KONDOSHI","state":"MAHARASHTRA","district":"KOLHAPUR","block":"BHUDARGAD","indicator":"no_girls_toilet"}},{"type":"Feature","geometry":{"type":"Point","coordinates":[73.87025,16.87878]},"properties":{"udise":"27340102304","name":"VIDYAMANDIR MHALSAVADE-DHANGAR","state":"MAHARASHTRA","district":"KOLHAPUR","block":"SHAHUWADI","indicator":"no_girls_toilet"}},{"type":"Feature","geometry":{"type":"Point","coordinates":[74.35121,16.1959]},"properties":{"udise":"27341101207","name":"VIDYAMANDIR LAXMINAGAR BHADGAON","state":"MAHARASHTRA","district":"KOLHAPUR","block":"GADHINGLAJ","indicator":"no_girls_toilet"}},{"type":"Feature","geometry":{"type":"Point","coordinates":[74.07181,16.89453]},"properties":{"udise":"27340107401","name":"VIDYAMANDIR SAIDAPUR","state":"MAHARASHTRA","district":"KOLHAPUR","block":"SHAHUWADI","indicator":"no_girls_toilet"}},{"type":"Feature","geometry":{"type":"Point","coordinates":[74.0953,16.49498]},"properties":{"udise":"27340711405","name":"VIDAY MANDIR DHEREWADI (BHIRI)","state":"MAHARASHTRA","district":"KOLHAPUR","block":"RADHANAGARI","indicator":"no_girls_toilet"}},{"type":"Feature","geometry":{"type":"Point","coordinates":[74.26546,16.2186]},"properties":{"udise":"27341007001","name":"PR.VIDYA MANDIR PENDHARWADI","state":"MAHARASHTRA","district":"KOLHAPUR","block":"AAJARA","indicator":"no_girls_toilet"}},{"type":"Feature","geometry":{"type":"Point","coordinates":[74.37888,16.15805]},"properties":{"udise":"27341103104","name":"DYANSAGAR UP. VIDYANIKETAN HASURWADI","state":"MAHARASHTRA","district":"KOLHAPUR","block":"GADHINGLAJ","indicator":"no_girls_toilet"}},{"type":"Feature","geometry":{"type":"Point","coordinates":[74.13897,16.2671]},"properties":{"udise":"27340956901","name":"VIDYA MANDIR PUSHPNAGAR","state":"MAHARASHTRA","district":"KOLHAPUR","block":"BHUDARGAD","indicator":"no_girls_toilet"}},{"type":"Feature","geometry":{"type":"Point","coordinates":[74.45075,16.69875]},"properties":{"udise":"27340308402","name":"SHAHIR AMAR SHAIKH URDU V.M.","state":"MAHARASHTRA","district":"KOLHAPUR","block":"HATKALANGLE","indicator":"no_girls_toilet"}},{"type":"Feature","geometry":{"type":"Point","coordinates":[74.262,16.178]},"properties":{"udise":"27341004601","name":"VIDYA MANDIR KHORATWADI","state":"MAHARASHTRA","district":"KOLHAPUR","block":"AAJARA","indicator":"no_girls_toilet"}},{"type":"Feature","geometry":{"type":"Point","coordinates":[73.86601,17.10413]},"properties":{"udise":"27340111608","name":"VIDYA MANDIR TALICHAWADA","state":"MAHARASHTRA","district":"KOLHAPUR","block":"SHAHUWADI","indicator":"no_girls_toilet"}},{"type":"Feature","geometry":{"type":"Point","coordinates":[73.94311,16.71302]},"properties":{"udise":"27340209602","name":"VIDYA MANIDR CHAVANWADI","state":"MAHARASHTRA","district":"KOLHAPUR","block":"PANHALA","indicator":"girls_toilet_nonfunctional"}},{"type":"Feature","geometry":{"type":"Point","coordinates":[74.03485,16.79746]},"properties":{"udise":"27340205301","name":"VIDYA MANDIR KANERI","state":"MAHARASHTRA","district":"KOLHAPUR","block":"PANHALA","indicator":"girls_toilet_nonfunctional"}},{"type":"Feature","geometry":{"type":"Point","coordinates":[73.87479,16.81826]},"properties":{"udise":"27340104801","name":"VIDYAMANDIR BURAMBAL","state":"MAHARASHTRA","district":"KOLHAPUR","block":"SHAHUWADI","indicator":"girls_toilet_nonfunctional"}},{"type":"Feature","geometry":{"type":"Point","coordinates":[74.26501,15.82168]},"properties":{"udise":"27341215503","name":"VIDYA MANDIR NAGARGAON","state":"MAHARASHTRA","district":"KOLHAPUR","block":"CHANDGAD","indicator":"girls_toilet_nonfunctional"}},{"type":"Feature","geometry":{"type":"Point","coordinates":[74.36966,16.65327]},"properties":{"udise":"27340304406","name":"DATTAJRAO JADHAV ENGLISH SCHOOL P.KODOLI","state":"MAHARASHTRA","district":"KOLHAPUR","block":"HATKALANGLE","indicator":"girls_toilet_nonfunctional"}},{"type":"Feature","geometry":{"type":"Point","coordinates":[73.88195,16.95897]},"properties":{"udise":"27340114508","name":"V.M.GOTHANE","state":"MAHARASHTRA","district":"KOLHAPUR","block":"SHAHUWADI","indicator":"girls_toilet_nonfunctional"}},{"type":"Feature","geometry":{"type":"Point","coordinates":[74.19622,16.59451]},"properties":{"udise":"27340505601","name":"VIDYA MANDIR HANBARWADI","state":"MAHARASHTRA","district":"KOLHAPUR","block":"KARVEER","indicator":"girls_toilet_nonfunctional"}},{"type":"Feature","geometry":{"type":"Point","coordinates":[74.06185,16.37357]},"properties":{"udise":"27340702602","name":"VIDYA MANDIR AVACHITWADI","state":"MAHARASHTRA","district":"KOLHAPUR","block":"RADHANAGARI","indicator":"girls_toilet_nonfunctional"}},{"type":"Feature","geometry":{"type":"Point","coordinates":[73.88469,17.03713]},"properties":{"udise":"27340110702","name":"VIDYAMANDIR DHANAGARWADA (KANDVAN)","state":"MAHARASHTRA","district":"KOLHAPUR","block":"SHAHUWADI","indicator":"girls_toilet_nonfunctional"}},{"type":"Feature","geometry":{"type":"Point","coordinates":[74.25371,15.76464]},"properties":{"udise":"27341212301","name":"MARATHI VIDYA MANDIR KOLIK","state":"MAHARASHTRA","district":"KOLHAPUR","block":"CHANDGAD","indicator":"girls_toilet_nonfunctional"}},{"type":"Feature","geometry":{"type":"Point","coordinates":[74.35152,16.71895]},"properties":{"udise":"27340304811","name":"VIDYA MANDIR  RUKADIWADI","state":"MAHARASHTRA","district":"KOLHAPUR","block":"HATKALANGLE","indicator":"girls_toilet_nonfunctional"}},{"type":"Feature","geometry":{"type":"Point","coordinates":[74.17259,15.97149]},"properties":{"udise":"27341202401","name":"MARATHI VIDYA MANDIR KAJIRNE","state":"MAHARASHTRA","district":"KOLHAPUR","block":"CHANDGAD","indicator":"girls_toilet_nonfunctional"}},{"type":"Feature","geometry":{"type":"Point","coordinates":[74.40664,16.14472]},"properties":{"udise":"27341103501","name":"CENTRAL  SCHOOL HIDADUGI","state":"MAHARASHTRA","district":"KOLHAPUR","block":"GADHINGLAJ","indicator":"girls_toilet_nonfunctional"}},{"type":"Feature","geometry":{"type":"Point","coordinates":[73.89163,16.57828]},"properties":{"udise":"27340670101","name":"VIDYA MANDIR PALSAMBE","state":"MAHARASHTRA","district":"KOLHAPUR","block":"GAGANBAWADA","indicator":"girls_toilet_nonfunctional"}},{"type":"Feature","geometry":{"type":"Point","coordinates":[74.21085,16.73296]},"properties":{"udise":"27340503002","name":"KANYA VIDYA MANDIR VADANGE","state":"MAHARASHTRA","district":"KOLHAPUR","block":"KARVEER","indicator":"girls_toilet_nonfunctional"}},{"type":"Feature","geometry":{"type":"Point","coordinates":[74.24494,16.7047]},"properties":{"udise":"27341306803","name":"MNC COMRADE GOVIND PANSARE VIDYALAY","state":"MAHARASHTRA","district":"KOLHAPUR","block":"KOLHAPUR","indicator":"girls_toilet_nonfunctional"}},{"type":"Feature","geometry":{"type":"Point","coordinates":[73.88549,16.89502]},"properties":{"udise":"27340101702","name":"VIDYA MANDIR THANEWADI","state":"MAHARASHTRA","district":"KOLHAPUR","block":"SHAHUWADI","indicator":"girls_toilet_nonfunctional"}},{"type":"Feature","geometry":{"type":"Point","coordinates":[74.13108,16.86323]},"properties":{"udise":"27340200703","name":"GAJANAN VIDYALAY ARALE","state":"MAHARASHTRA","district":"KOLHAPUR","block":"PANHALA","indicator":"girls_toilet_nonfunctional"}},{"type":"Feature","geometry":{"type":"Point","coordinates":[74.10085,16.86258]},"properties":{"udise":"27340200901","name":"VIDYA MANDIR SHINDEWADI","state":"MAHARASHTRA","district":"KOLHAPUR","block":"PANHALA","indicator":"girls_toilet_nonfunctional"}},{"type":"Feature","geometry":{"type":"Point","coordinates":[74.03386,16.19838]},"properties":{"udise":"27340959701","name":"VIDYA MANDIR THADYACHIWADI","state":"MAHARASHTRA","district":"KOLHAPUR","block":"BHUDARGAD","indicator":"girls_toilet_nonfunctional"}},{"type":"Feature","geometry":{"type":"Point","coordinates":[74.08801,16.87309]},"properties":{"udise":"27340200203","name":"VIDYA MANDIR WALAKEWADI","state":"MAHARASHTRA","district":"KOLHAPUR","block":"PANHALA","indicator":"girls_toilet_nonfunctional"}},{"type":"Feature","geometry":{"type":"Point","coordinates":[74.14628,16.67834]},"properties":{"udise":"27340513201","name":"VIDYA MANDIR POWARWADI","state":"MAHARASHTRA","district":"KOLHAPUR","block":"KARVEER","indicator":"girls_toilet_nonfunctional"}},{"type":"Feature","geometry":{"type":"Point","coordinates":[73.97057,16.82868]},"properties":{"udise":"27340115407","name":"VIDYA MANDIR  GHUNGURWADI","state":"MAHARASHTRA","district":"KOLHAPUR","block":"SHAHUWADI","indicator":"girls_toilet_nonfunctional"}},{"type":"Feature","geometry":{"type":"Point","coordinates":[74.45501,16.7071]},"properties":{"udise":"27340308504","name":"KAI VENUTAI Y.CHAVAN V.M. NO. 54, ICHALKARANJI","state":"MAHARASHTRA","district":"KOLHAPUR","block":"HATKALANGLE","indicator":"girls_toilet_nonfunctional"}},{"type":"Feature","geometry":{"type":"Point","coordinates":[73.96321,16.73789]},"properties":{"udise":"27340208801","name":"VIDYA MANDIR KISRUL","state":"MAHARASHTRA","district":"KOLHAPUR","block":"PANHALA","indicator":"girls_toilet_nonfunctional"}},{"type":"Feature","geometry":{"type":"Point","coordinates":[74.23182,16.83492]},"properties":{"udise":"27340304103","name":"ASHOKRAO MANE PUBLIC SCH. PADALI","state":"MAHARASHTRA","district":"KOLHAPUR","block":"HATKALANGLE","indicator":"girls_toilet_nonfunctional"}},{"type":"Feature","geometry":{"type":"Point","coordinates":[74.07951,16.78521]},"properties":{"udise":"27340206302","name":"SRIMANT SANJAYSINGH GAYAKWAD MADYAMIK VIDYALAYA","state":"MAHARASHTRA","district":"KOLHAPUR","block":"PANHALA","indicator":"girls_toilet_nonfunctional"}},{"type":"Feature","geometry":{"type":"Point","coordinates":[74.06368,16.63498]},"properties":{"udise":"27340508601","name":"VIDYA MANDIR SHIPEKARWADI","state":"MAHARASHTRA","district":"KOLHAPUR","block":"KARVEER","indicator":"girls_toilet_nonfunctional"}},{"type":"Feature","geometry":{"type":"Point","coordinates":[73.92857,16.84152]},"properties":{"udise":"27340109403","name":"VIDYA MANDIR KALAKEWADI","state":"MAHARASHTRA","district":"KOLHAPUR","block":"SHAHUWADI","indicator":"girls_toilet_nonfunctional"}},{"type":"Feature","geometry":{"type":"Point","coordinates":[74.18197,16.56101]},"properties":{"udise":"27340506101","name":"VIDYA MANDIR ISPURLI","state":"MAHARASHTRA","district":"KOLHAPUR","block":"KARVEER","indicator":"girls_toilet_nonfunctional"}},{"type":"Feature","geometry":{"type":"Point","coordinates":[74.10264,16.79548]},"properties":{"udise":"27340206405","name":"VIDYA MANDIR SURVEWADI","state":"MAHARASHTRA","district":"KOLHAPUR","block":"PANHALA","indicator":"girls_toilet_nonfunctional"}},{"type":"Feature","geometry":{"type":"Point","coordinates":[74.02816,16.58891]},"properties":{"udise":"27340708401","name":"VIDYA MANDIR PAL KHURD","state":"MAHARASHTRA","district":"KOLHAPUR","block":"RADHANAGARI","indicator":"girls_toilet_nonfunctional"}},{"type":"Feature","geometry":{"type":"Point","coordinates":[74.05108,16.62908]},"properties":{"udise":"27340511102","name":"VIDYA MANDIR KARANDEWADI","state":"MAHARASHTRA","district":"KOLHAPUR","block":"KARVEER","indicator":"girls_toilet_nonfunctional"}},{"type":"Feature","geometry":{"type":"Point","coordinates":[73.91086,16.88948]},"properties":{"udise":"27340101902","name":"VIDYAMANDIR BANDARWADI","state":"MAHARASHTRA","district":"KOLHAPUR","block":"SHAHUWADI","indicator":"girls_toilet_nonfunctional"}},{"type":"Feature","geometry":{"type":"Point","coordinates":[73.79081,16.78087]},"properties":{"udise":"27340105006","name":"V M NHAVYACHIWADI","state":"MAHARASHTRA","district":"KOLHAPUR","block":"SHAHUWADI","indicator":"girls_toilet_nonfunctional"}},{"type":"Feature","geometry":{"type":"Point","coordinates":[73.8388,16.79245]},"properties":{"udise":"27340105003","name":"V. M. KUMBHYACHIWADI","state":"MAHARASHTRA","district":"KOLHAPUR","block":"SHAHUWADI","indicator":"girls_toilet_nonfunctional"}},{"type":"Feature","geometry":{"type":"Point","coordinates":[74.08888,16.81154]},"properties":{"udise":"27340202701","name":"VIDYA MANDIR INJOLE","state":"MAHARASHTRA","district":"KOLHAPUR","block":"PANHALA","indicator":"girls_toilet_nonfunctional"}},{"type":"Feature","geometry":{"type":"Point","coordinates":[74.44485,16.70437]},"properties":{"udise":"27340308405","name":"PANDIT BALKRISHNA BUWA V.M. 7, ICHALKARANJI","state":"MAHARASHTRA","district":"KOLHAPUR","block":"HATKALANGLE","indicator":"girls_toilet_nonfunctional"}},{"type":"Feature","geometry":{"type":"Point","coordinates":[73.97303,16.59154]},"properties":{"udise":"27340600602","name":"VIDYA MANDIR CHOUDHARWADI","state":"MAHARASHTRA","district":"KOLHAPUR","block":"GAGANBAWADA","indicator":"girls_toilet_nonfunctional"}},{"type":"Feature","geometry":{"type":"Point","coordinates":[74.19613,16.6692]},"properties":{"udise":"27341306910","name":"DNYANHO VIDYAMANDIR","state":"MAHARASHTRA","district":"KOLHAPUR","block":"KOLHAPUR","indicator":"girls_toilet_nonfunctional"}},{"type":"Feature","geometry":{"type":"Point","coordinates":[74.44946,16.69202]},"properties":{"udise":"27340308208","name":"DISHA ADHYAYAN AKSHAM MULANCHI SHALA ICHALKARANJI","state":"MAHARASHTRA","district":"KOLHAPUR","block":"HATKALANGLE","indicator":"girls_toilet_nonfunctional"}},{"type":"Feature","geometry":{"type":"Point","coordinates":[74.10442,16.80656]},"properties":{"udise":"27340203005","name":"VIDYA MANDIR SOMAWAR PETH","state":"MAHARASHTRA","district":"KOLHAPUR","block":"PANHALA","indicator":"girls_toilet_nonfunctional"}},{"type":"Feature","geometry":{"type":"Point","coordinates":[73.98469,16.75772]},"properties":{"udise":"27340209401","name":"VIDYA MANIDR KOLIK","state":"MAHARASHTRA","district":"KOLHAPUR","block":"PANHALA","indicator":"girls_toilet_nonfunctional"}},{"type":"Feature","geometry":{"type":"Point","coordinates":[74.02795,16.48032]},"properties":{"udise":"27340711201","name":"VIDYA MANDIR TARSAMBALE","state":"MAHARASHTRA","district":"KOLHAPUR","block":"RADHANAGARI","indicator":"girls_toilet_nonfunctional"}},{"type":"Feature","geometry":{"type":"Point","coordinates":[74.45751,16.16212]},"properties":{"udise":"27341105601","name":"VIDYA MANDIR KUMBALHAL","state":"MAHARASHTRA","district":"KOLHAPUR","block":"GADHINGLAJ","indicator":"girls_toilet_nonfunctional"}},{"type":"Feature","geometry":{"type":"Point","coordinates":[74.1155,16.80717]},"properties":{"udise":"27340203101","name":"VIDYA MANDIR APATI","state":"MAHARASHTRA","district":"KOLHAPUR","block":"PANHALA","indicator":"girls_toilet_nonfunctional"}},{"type":"Feature","geometry":{"type":"Point","coordinates":[74.15769,16.38929]},"properties":{"udise":"27340951402","name":"VIDYA MANDIR SHRINAGAR","state":"MAHARASHTRA","district":"KOLHAPUR","block":"BHUDARGAD","indicator":"girls_toilet_nonfunctional"}},{"type":"Feature","geometry":{"type":"Point","coordinates":[74.39731,15.85973]},"properties":{"udise":"27341211301","name":"VIDYA MANDIR SHINOLI BUDRUK","state":"MAHARASHTRA","district":"KOLHAPUR","block":"CHANDGAD","indicator":"girls_toilet_nonfunctional"}},{"type":"Feature","geometry":{"type":"Point","coordinates":[74.01796,16.70293]},"properties":{"udise":"27340601201","name":"VIDYA MANDIR KHADULE","state":"MAHARASHTRA","district":"KOLHAPUR","block":"GAGANBAWADA","indicator":"girls_toilet_nonfunctional"}},{"type":"Feature","geometry":{"type":"Point","coordinates":[73.97942,16.45961]},"properties":{"udise":"27340703002","name":"VIDYA MANDIR DURGMANWAD (GAVATHAN)","state":"MAHARASHTRA","district":"KOLHAPUR","block":"RADHANAGARI","indicator":"girls_toilet_nonfunctional"}},{"type":"Feature","geometry":{"type":"Point","coordinates":[74.24432,16.73359]},"properties":{"udise":"27341300201","name":"MNC RAJRSHI SHAHU VIDYAMANDIR","state":"MAHARASHTRA","district":"KOLHAPUR","block":"KOLHAPUR","indicator":"girls_toilet_nonfunctional"}},{"type":"Feature","geometry":{"type":"Point","coordinates":[76.91048,18.19781]},"properties":{"udise":"27280604803","name":"ZILLA PARISHAD PRIMARY SCHOOL LAMANATANDA DHANEGAON","state":"MAHARASHTRA","district":"LATUR","block":"DEVANI","indicator":"no_girls_toilet"}},{"type":"Feature","geometry":{"type":"Point","coordinates":[76.79291,17.88788]},"properties":{"udise":"27280403901","name":"ZILLA PARISHAD PRI SCH KORALI","state":"MAHARASHTRA","district":"LATUR","block":"NILANGA","indicator":"no_girls_toilet"}},{"type":"Feature","geometry":{"type":"Point","coordinates":[76.75245,18.55493]},"properties":{"udise":"27281009906","name":"K JANARDHAN RAJMANE MA.ASHRAM SCHOOL JANWAL","state":"MAHARASHTRA","district":"LATUR","block":"CHAKUR","indicator":"no_girls_toilet"}},{"type":"Feature","geometry":{"type":"Point","coordinates":[76.67843,18.36678]},"properties":{"udise":"27280112501","name":"ZAILLA PARISHAD PRATHMIK SHALA SHIVANI BK.","state":"MAHARASHTRA","district":"LATUR","block":"LATUR","indicator":"no_girls_toilet"}},{"type":"Feature","geometry":{"type":"Point","coordinates":[76.86423,18.14211]},"properties":{"udise":"27280409101","name":"ZILLA PARISHAD PRI SCH HANAMANTWADI A. B.","state":"MAHARASHTRA","district":"LATUR","block":"NILANGA","indicator":"no_girls_toilet"}},{"type":"Feature","geometry":{"type":"Point","coordinates":[76.64738,18.19806]},"properties":{"udise":"27280401603","name":"ZILLA PARISHAD PRI SCH  DATTA NAGAR SHEDOL","state":"MAHARASHTRA","district":"LATUR","block":"NILANGA","indicator":"no_girls_toilet"}},{"type":"Feature","geometry":{"type":"Point","coordinates":[77.08073,18.26194]},"properties":{"udise":"27280600201","name":"ZILLA PARISHAD PRIMARY GIRLS SCHOOL DEONI","state":"MAHARASHTRA","district":"LATUR","block":"DEVANI","indicator":"no_girls_toilet"}},{"type":"Feature","geometry":{"type":"Point","coordinates":[76.75623,18.60689]},"properties":{"udise":"27281010002","name":"MADHAWARAO PATIIL VIDYALYA H.S MAHALANGEE","state":"MAHARASHTRA","district":"LATUR","block":"CHAKUR","indicator":"no_girls_toilet"}},{"type":"Feature","geometry":{"type":"Point","coordinates":[76.77016,18.57112]},"properties":{"udise":"27281010601","name":"ZILLA PARISHAD PRIMARY SCHOOL BOKANGAONTANDA","state":"MAHARASHTRA","district":"LATUR","block":"CHAKUR","indicator":"no_girls_toilet"}},{"type":"Feature","geometry":{"type":"Point","coordinates":[76.48906,18.49839]},"properties":{"udise":"27280207401","name":"ZILLA PARISHAD PRATHMIK SHALA SANGAVI","state":"MAHARASHTRA","district":"LATUR","block":"RENAPUR","indicator":"no_girls_toilet"}},{"type":"Feature","geometry":{"type":"Point","coordinates":[77.07806,18.56091]},"properties":{"udise":"27280912203","name":"ZILLA PARISHAD PRIMARY SCHOOL GADGEWADI","state":"MAHARASHTRA","district":"LATUR","block":"AHAMADPUR","indicator":"no_girls_toilet"}},{"type":"Feature","geometry":{"type":"Point","coordinates":[76.76796,18.31883]},"properties":{"udise":"27280505401","name":"ZILLA PARISHAD PRIMARY SCHOOL UMARDARA","state":"MAHARASHTRA","district":"LATUR","block":"SHIRUR ANANTPAL","indicator":"no_girls_toilet"}},{"type":"Feature","geometry":{"type":"Point","coordinates":[76.74508,18.12986]},"properties":{"udise":"27280400161","name":"MADARSA AREBIYA DARUL ULUM RURUL HAKK NILANGA","state":"MAHARASHTRA","district":"LATUR","block":"NILANGA","indicator":"no_girls_toilet"}},{"type":"Feature","geometry":{"type":"Point","coordinates":[76.68706,18.06412]},"properties":{"udise":"27280403101","name":"ZILLA PARISHAD PRI SCH PIMPALWADI","state":"MAHARASHTRA","district":"LATUR","block":"NILANGA","indicator":"no_girls_toilet"}},{"type":"Feature","geometry":{"type":"Point","coordinates":[76.68102,18.24547]},"properties":{"udise":"27280412801","name":"ZILLA PARISHAD PRI SCH SONESANGAVI","state":"MAHARASHTRA","district":"LATUR","block":"NILANGA","indicator":"no_girls_toilet"}},{"type":"Feature","geometry":{"type":"Point","coordinates":[76.38164,18.14901]},"properties":{"udise":"27280304101","name":"ZILHA PARISHAD PRIMARY SCHOOL  WADARWADI","state":"MAHARASHTRA","district":"LATUR","block":"AUSA","indicator":"no_girls_toilet"}},{"type":"Feature","geometry":{"type":"Point","coordinates":[76.70332,18.22177]},"properties":{"udise":"27280401401","name":"ZILLA PRISHAD PRI SCH ANANDWADI SHI KO","state":"MAHARASHTRA","district":"LATUR","block":"NILANGA","indicator":"no_girls_toilet"}},{"type":"Feature","geometry":{"type":"Point","coordinates":[76.94736,18.82813]},"properties":{"udise":"27280908801","name":"ZILLA PARISHAD PRIMARY SCHOOL THAWARATANDA","state":"MAHARASHTRA","district":"LATUR","block":"AHAMADPUR","indicator":"no_girls_toilet"}},{"type":"Feature","geometry":{"type":"Point","coordinates":[76.73029,17.96842]},"properties":{"udise":"27280404101","name":"ZILLA PARISHAD PRI SCH HALSIWADI","state":"MAHARASHTRA","district":"LATUR","block":"NILANGA","indicator":"no_girls_toilet"}},{"type":"Feature","geometry":{"type":"Point","coordinates":[76.98524,18.80029]},"properties":{"udise":"27280910501","name":"ZILLA PARISHAD PRIMARY SCHOOL PINKU TANDA","state":"MAHARASHTRA","district":"LATUR","block":"AHAMADPUR","indicator":"no_girls_toilet"}},{"type":"Feature","geometry":{"type":"Point","coordinates":[76.74718,18.58948]},"properties":{"udise":"27281010001","name":"ZILLA PARISHAD PARISHAD PRIMARY MAHALNGEE","state":"MAHARASHTRA","district":"LATUR","block":"CHAKUR","indicator":"no_girls_toilet"}},{"type":"Feature","geometry":{"type":"Point","coordinates":[76.7324,17.94983]},"properties":{"udise":"27280403501","name":"ZILLA PARISHAD PRI SCH HATTARGA","state":"MAHARASHTRA","district":"LATUR","block":"NILANGA","indicator":"no_girls_toilet"}},{"type":"Feature","geometry":{"type":"Point","coordinates":[76.98295,18.81584]},"properties":{"udise":"27280910301","name":"ZILLA PARISHAD PRIMARY SCHOOL RALGA TANDA","state":"MAHARASHTRA","district":"LATUR","block":"AHAMADPUR","indicator":"no_girls_toilet"}},{"type":"Feature","geometry":{"type":"Point","coordinates":[76.6173,18.38812]},"properties":{"udise":"27280112114","name":"SANT GADGEBABA ANATH MATIMAND MULANCHE BALGRAH","state":"MAHARASHTRA","district":"LATUR","block":"LATUR","indicator":"no_girls_toilet"}},{"type":"Feature","geometry":{"type":"Point","coordinates":[76.93331,18.10872]},"properties":{"udise":"27280409702","name":"MAHARASHTRA VIDYALYA HALASI TU","state":"MAHARASHTRA","district":"LATUR","block":"NILANGA","indicator":"no_girls_toilet"}},{"type":"Feature","geometry":{"type":"Point","coordinates":[76.59193,18.52582]},"properties":{"udise":"27280200120","name":"SAKSHAM ENGLISH SCHOOL RENAPUR","state":"MAHARASHTRA","district":"LATUR","block":"RENAPUR","indicator":"no_girls_toilet"}},{"type":"Feature","geometry":{"type":"Point","coordinates":[77.0803,18.26658]},"properties":{"udise":"27280600801","name":"ZILLA PARISHAD PRIMARY SCHOOL JAWAI NAGAR","state":"MAHARASHTRA","district":"LATUR","block":"DEVANI","indicator":"no_girls_toilet"}},{"type":"Feature","geometry":{"type":"Point","coordinates":[76.71376,18.33496]},"properties":{"udise":"27280111601","name":"ZAILLA PARISHAD PRATHMIK SHALA DAGAWADI","state":"MAHARASHTRA","district":"LATUR","block":"LATUR","indicator":"no_girls_toilet"}},{"type":"Feature","geometry":{"type":"Point","coordinates":[76.85758,18.06405]},"properties":{"udise":"27280408701","name":"ZILLA PARISHAD PRI SCH CHANNAJIWADI","state":"MAHARASHTRA","district":"LATUR","block":"NILANGA","indicator":"no_girls_toilet"}},{"type":"Feature","geometry":{"type":"Point","coordinates":[76.94442,18.60812]},"properties":{"udise":"27280913201","name":"ZILLA PARISHAD PRIMARY SCHOOL  BHAVANWADI","state":"MAHARASHTRA","district":"LATUR","block":"AHAMADPUR","indicator":"no_girls_toilet"}},{"type":"Feature","geometry":{"type":"Point","coordinates":[76.62341,18.35193]},"properties":{"udise":"27280314801","name":"ZILHA PARISHAD PRIMARY SCHOOL DHANORA","state":"MAHARASHTRA","district":"LATUR","block":"AUSA","indicator":"no_girls_toilet"}},{"type":"Feature","geometry":{"type":"Point","coordinates":[76.74668,18.01401]},"properties":{"udise":"27280404401","name":"ZILLA PARISHAD PRI SCH HARI JAWALGA","state":"MAHARASHTRA","district":"LATUR","block":"NILANGA","indicator":"no_girls_toilet"}},{"type":"Feature","geometry":{"type":"Point","coordinates":[76.94235,18.79206]},"properties":{"udise":"27280908001","name":"ZILLA PARISHAD PRIMARY SCHOOL NAGZARI","state":"MAHARASHTRA","district":"LATUR","block":"AHAMADPUR","indicator":"no_girls_toilet"}},{"type":"Feature","geometry":{"type":"Point","coordinates":[76.68529,17.93666]},"properties":{"udise":"27280403701","name":"ZILLA PARISHAD PRI SCH RAMLIMG WADI","state":"MAHARASHTRA","district":"LATUR","block":"NILANGA","indicator":"no_girls_toilet"}},{"type":"Feature","geometry":{"type":"Point","coordinates":[76.75789,18.15551]},"properties":{"udise":"27280400501","name":"ZILLA PARISHAD PRIMARY SCHOOL LATA DAPKA","state":"MAHARASHTRA","district":"LATUR","block":"NILANGA","indicator":"no_girls_toilet"}},{"type":"Feature","geometry":{"type":"Point","coordinates":[76.72913,18.25068]},"properties":{"udise":"27280413601","name":"ZIILA PARISHAD PRI SCH MASALGA","state":"MAHARASHTRA","district":"LATUR","block":"NILANGA","indicator":"no_girls_toilet"}},{"type":"Feature","geometry":{"type":"Point","coordinates":[76.5917,18.09075]},"properties":{"udise":"27280308501","name":"ZILHA PARISHAD PRIMARY SCHOOL  YELWAT","state":"MAHARASHTRA","district":"LATUR","block":"AUSA","indicator":"no_girls_toilet"}},{"type":"Feature","geometry":{"type":"Point","coordinates":[76.80918,18.00344]},"properties":{"udise":"27280406901","name":"ZILLA PARISHAD PRI SCH WAKSA","state":"MAHARASHTRA","district":"LATUR","block":"NILANGA","indicator":"no_girls_toilet"}},{"type":"Feature","geometry":{"type":"Point","coordinates":[76.2763,18.54439]},"properties":{"udise":"27280110601","name":"ZAILLA PARISHAD PRATHMIK SHALA LAMAN TANDA KANADI BORGAON","state":"MAHARASHTRA","district":"LATUR","block":"LATUR","indicator":"no_girls_toilet"}},{"type":"Feature","geometry":{"type":"Point","coordinates":[76.97767,18.67323]},"properties":{"udise":"27280911701","name":"ZILLA PARISHAD PRIMARY SCHOOL  JAWALGA","state":"MAHARASHTRA","district":"LATUR","block":"AHAMADPUR","indicator":"no_girls_toilet"}},{"type":"Feature","geometry":{"type":"Point","coordinates":[76.7325,18.06497]},"properties":{"udise":"27280414701","name":"ZIILA PARISHAD PRI SCH RAMTHIRTH","state":"MAHARASHTRA","district":"LATUR","block":"NILANGA","indicator":"no_girls_toilet"}},{"type":"Feature","geometry":{"type":"Point","coordinates":[76.8238,18.45619]},"properties":{"udise":"27281005901","name":"ZILLA PARISHAD PRIMARY SCHOOL HATKARWADI","state":"MAHARASHTRA","district":"LATUR","block":"CHAKUR","indicator":"no_girls_toilet"}},{"type":"Feature","geometry":{"type":"Point","coordinates":[76.89289,17.97479]},"properties":{"udise":"27280406301","name":"ZILLA PARISHAD HIGH SCH MALEGAON KA.","state":"MAHARASHTRA","district":"LATUR","block":"NILANGA","indicator":"no_girls_toilet"}},{"type":"Feature","geometry":{"type":"Point","coordinates":[76.57086,18.4322]},"properties":{"udise":"27281200514","name":"MUNICIPAL COPERATION SCHOOL NO.10","state":"MAHARASHTRA","district":"LATUR","block":"LATUR URC2","indicator":"no_girls_toilet"}},{"type":"Feature","geometry":{"type":"Point","coordinates":[76.9181,18.05554]},"properties":{"udise":"27280405516","name":"MA, DINANATH MANGESHKAR JR. COLLAGE","state":"MAHARASHTRA","district":"LATUR","block":"NILANGA","indicator":"no_girls_toilet"}},{"type":"Feature","geometry":{"type":"Point","coordinates":[76.84176,18.18536]},"properties":{"udise":"27280410701","name":"ZILLA PARISHAD PRI SCH KEDARPUR","state":"MAHARASHTRA","district":"LATUR","block":"NILANGA","indicator":"girls_toilet_nonfunctional"}},{"type":"Feature","geometry":{"type":"Point","coordinates":[76.75209,18.13151]},"properties":{"udise":"27280400126","name":"INDIRA MADYAMIKVIDYALYA H.S.","state":"MAHARASHTRA","district":"LATUR","block":"NILANGA","indicator":"girls_toilet_nonfunctional"}},{"type":"Feature","geometry":{"type":"Point","coordinates":[76.55247,18.47354]},"properties":{"udise":"27280104601","name":"ZAILLA PARISHAD PRATHMIK SHALA MAHPUR","state":"MAHARASHTRA","district":"LATUR","block":"LATUR","indicator":"girls_toilet_nonfunctional"}},{"type":"Feature","geometry":{"type":"Point","coordinates":[76.60853,18.19445]},"properties":{"udise":"27280315501","name":"ZILLA PARISHAD CENTRAL PRIMARY SCHOOL APCHUNDA","state":"MAHARASHTRA","district":"LATUR","block":"AUSA","indicator":"girls_toilet_nonfunctional"}},{"type":"Feature","geometry":{"type":"Point","coordinates":[76.45347,18.08246]},"properties":{"udise":"27280306201","name":"ZILHA PARISHAD PRIMARY SCHOOL HASALGAN","state":"MAHARASHTRA","district":"LATUR","block":"AUSA","indicator":"girls_toilet_nonfunctional"}},{"type":"Feature","geometry":{"type":"Point","coordinates":[76.77842,18.41507]},"properties":{"udise":"27281006502","name":"SANT TUKARAM VIDYALYA H.S.DEVANGRA","state":"MAHARASHTRA","district":"LATUR","block":"CHAKUR","indicator":"girls_toilet_nonfunctional"}},{"type":"Feature","geometry":{"type":"Point","coordinates":[76.97896,18.7915]},"properties":{"udise":"27280909001","name":"ZILLA PARISHAD PRIMARY SCHOOL TULSHIRAM TANDA","state":"MAHARASHTRA","district":"LATUR","block":"AHAMADPUR","indicator":"girls_toilet_nonfunctional"}},{"type":"Feature","geometry":{"type":"Point","coordinates":[76.47924,18.25458]},"properties":{"udise":"27280300901","name":"ZILHA PARISHAD PRIMARY SCHOOL LAMAN TANDA AUSA","state":"MAHARASHTRA","district":"LATUR","block":"AUSA","indicator":"girls_toilet_nonfunctional"}},{"type":"Feature","geometry":{"type":"Point","coordinates":[76.64489,18.6307]},"properties":{"udise":"27280210001","name":"ZILLA PARISHAD PRATHMIK SHALA INAMWADI","state":"MAHARASHTRA","district":"LATUR","block":"RENAPUR","indicator":"girls_toilet_nonfunctional"}},{"type":"Feature","geometry":{"type":"Point","coordinates":[76.59747,18.52322]},"properties":{"udise":"27280200104","name":"CHATRAPATI SHIVAJI PRATHMIK VIDYALAYA","state":"MAHARASHTRA","district":"LATUR","block":"RENAPUR","indicator":"girls_toilet_nonfunctional"}},{"type":"Feature","geometry":{"type":"Point","coordinates":[76.6665,18.21855]},"properties":{"udise":"27280401501","name":"ZILLA PARISHAD PRI SCH  WADI SHEDOLE","state":"MAHARASHTRA","district":"LATUR","block":"NILANGA","indicator":"girls_toilet_nonfunctional"}},{"type":"Feature","geometry":{"type":"Point","coordinates":[76.61533,18.1469]},"properties":{"udise":"27280310401","name":"ZILLA PARISHAD CENTRAL PRIMARY SCHOOL TAMBERWADI","state":"MAHARASHTRA","district":"LATUR","block":"AUSA","indicator":"girls_toilet_nonfunctional"}},{"type":"Feature","geometry":{"type":"Point","coordinates":[76.5601,18.33048]},"properties":{"udise":"27280107601","name":"ZAILLA PARISHAD PRATHMIK SHALA CHANDESHWAR OLD","state":"MAHARASHTRA","district":"LATUR","block":"LATUR","indicator":"girls_toilet_nonfunctional"}},{"type":"Feature","geometry":{"type":"Point","coordinates":[76.7572,18.2963]},"properties":{"udise":"27280504701","name":"ZILLA PARISHAD PRIMARY SCHOOL FAKRANPUR","state":"MAHARASHTRA","district":"LATUR","block":"SHIRUR ANANTPAL","indicator":"girls_toilet_nonfunctional"}},{"type":"Feature","geometry":{"type":"Point","coordinates":[76.86516,18.67]},"properties":{"udise":"27280901801","name":"ZILLA PARISHAD PRIMARY SCHOOL BHUTEKARWADI","state":"MAHARASHTRA","district":"LATUR","block":"AHAMADPUR","indicator":"girls_toilet_nonfunctional"}},{"type":"Feature","geometry":{"type":"Point","coordinates":[76.88121,18.41096]},"properties":{"udise":"27281003801","name":"ZILLA PARISHAD PRIMARY SCHOOL BAWALGAON","state":"MAHARASHTRA","district":"LATUR","block":"CHAKUR","indicator":"girls_toilet_nonfunctional"}},{"type":"Feature","geometry":{"type":"Point","coordinates":[76.60501,18.30678]},"properties":{"udise":"27280314301","name":"ZILHA PARISHAD PRIMARY SCHOOL LAMAN TANDA HASEGAON","state":"MAHARASHTRA","district":"LATUR","block":"AUSA","indicator":"girls_toilet_nonfunctional"}},{"type":"Feature","geometry":{"type":"Point","coordinates":[76.81935,18.2186]},"properties":{"udise":"27280410401","name":"ZILLA PARISHAD PRI SCH KHADAK UMARGA","state":"MAHARASHTRA","district":"LATUR","block":"NILANGA","indicator":"girls_toilet_nonfunctional"}},{"type":"Feature","geometry":{"type":"Point","coordinates":[76.65264,18.0636]},"properties":{"udise":"27280402302","name":"ZILLA PARISHAD PRI SCH SANGAVI (PURVA)","state":"MAHARASHTRA","district":"LATUR","block":"NILANGA","indicator":"girls_toilet_nonfunctional"}},{"type":"Feature","geometry":{"type":"Point","coordinates":[77.21548,18.51959]},"properties":{"udise":"27280801101","name":"ZILLA PARISHAD PRIMARY SCHOOL SULLALI","state":"MAHARASHTRA","district":"LATUR","block":"JALKOT","indicator":"girls_toilet_nonfunctional"}},{"type":"Feature","geometry":{"type":"Point","coordinates":[76.64109,18.4258]},"properties":{"udise":"27280108501","name":"ZAILLA PARISHAD PRATHMIK SHALA KOLPA","state":"MAHARASHTRA","district":"LATUR","block":"LATUR","indicator":"girls_toilet_nonfunctional"}},{"type":"Feature","geometry":{"type":"Point","coordinates":[77.17849,18.62928]},"properties":{"udise":"27280805501","name":"ZILLA PARISHAD HIGH SCHOOL JALKOT","state":"MAHARASHTRA","district":"LATUR","block":"JALKOT","indicator":"girls_toilet_nonfunctional"}},{"type":"Feature","geometry":{"type":"Point","coordinates":[76.69524,18.08655]},"properties":{"udise":"27280402601","name":"ZILLA PARISHAD PRI SCH JEWARI","state":"MAHARASHTRA","district":"LATUR","block":"NILANGA","indicator":"girls_toilet_nonfunctional"}},{"type":"Feature","geometry":{"type":"Point","coordinates":[76.87873,18.52571]},"properties":{"udise":"27281000122","name":"ZILLA PARISHAD PRIMARY SCHOOL RAJIV GANDHI NAGAR CHAKUR","state":"MAHARASHTRA","district":"LATUR","block":"CHAKUR","indicator":"girls_toilet_nonfunctional"}},{"type":"Feature","geometry":{"type":"Point","coordinates":[76.84701,18.72582]},"properties":{"udise":"27280907001","name":"ZILLA PARISHAD PRIMARY SCHOOL  VAIRAGAD","state":"MAHARASHTRA","district":"LATUR","block":"AHAMADPUR","indicator":"girls_toilet_nonfunctional"}},{"type":"Feature","geometry":{"type":"Point","coordinates":[76.64466,18.31348]},"properties":{"udise":"27280314901","name":"ZILHA PARISHAD PRIMARY SCHOOL GONDRI","state":"MAHARASHTRA","district":"LATUR","block":"AUSA","indicator":"girls_toilet_nonfunctional"}},{"type":"Feature","geometry":{"type":"Point","coordinates":[76.98689,18.72973]},"properties":{"udise":"27280911601","name":"ZILLA PARISHAD PRIMARY SCHOOL KATEWADI","state":"MAHARASHTRA","district":"LATUR","block":"AHAMADPUR","indicator":"girls_toilet_nonfunctional"}},{"type":"Feature","geometry":{"type":"Point","coordinates":[76.84576,18.11461]},"properties":{"udise":"27280411801","name":"ZILLA PARISHAD PRI SCH TALIKHED","state":"MAHARASHTRA","district":"LATUR","block":"NILANGA","indicator":"girls_toilet_nonfunctional"}},{"type":"Feature","geometry":{"type":"Point","coordinates":[76.85359,17.94149]},"properties":{"udise":"27280407802","name":"ZILLA PARISHAD HIGH SCH KASARBALKUNDA","state":"MAHARASHTRA","district":"LATUR","block":"NILANGA","indicator":"girls_toilet_nonfunctional"}},{"type":"Feature","geometry":{"type":"Point","coordinates":[76.47917,18.3072]},"properties":{"udise":"27280302101","name":"ZILHA PARISHAD PRIMARY SCHOOL  ALMALA TANDA","state":"MAHARASHTRA","district":"LATUR","block":"AUSA","indicator":"girls_toilet_nonfunctional"}},{"type":"Feature","geometry":{"type":"Point","coordinates":[76.66519,18.15192]},"properties":{"udise":"27280311904","name":"ZILHA PARISHAD PRIMARY SCHOOL VITTHALNAGER KHAROSA","state":"MAHARASHTRA","district":"LATUR","block":"AUSA","indicator":"girls_toilet_nonfunctional"}},{"type":"Feature","geometry":{"type":"Point","coordinates":[76.96004,18.69062]},"properties":{"udise":"27280900119","name":"NIVASI APANG PRIMARY SCHOOL AHAMADPUR","state":"MAHARASHTRA","district":"LATUR","block":"AHAMADPUR","indicator":"girls_toilet_nonfunctional"}},{"type":"Feature","geometry":{"type":"Point","coordinates":[76.79741,17.92776]},"properties":{"udise":"27280407201","name":"ZILLA PARISHAD PRI SCH AUNDHA","state":"MAHARASHTRA","district":"LATUR","block":"NILANGA","indicator":"girls_toilet_nonfunctional"}},{"type":"Feature","geometry":{"type":"Point","coordinates":[76.62271,18.12264]},"properties":{"udise":"27280311101","name":"ZILHA PARISHAD PRIMARY SCHOOL CHINCHOLI JOGAN","state":"MAHARASHTRA","district":"LATUR","block":"AUSA","indicator":"girls_toilet_nonfunctional"}},{"type":"Feature","geometry":{"type":"Point","coordinates":[76.66742,18.56278]},"properties":{"udise":"27280202001","name":"ZILLA PARISHAD PRATHMIK SHALA TALANI","state":"MAHARASHTRA","district":"LATUR","block":"RENAPUR","indicator":"girls_toilet_nonfunctional"}},{"type":"Feature","geometry":{"type":"Point","coordinates":[76.56394,18.15132]},"properties":{"udise":"27280311401","name":"ZILHA PARISHAD PRIMARY SCHOOL LAMAN TANDA UTKA","state":"MAHARASHTRA","district":"LATUR","block":"AUSA","indicator":"girls_toilet_nonfunctional"}},{"type":"Feature","geometry":{"type":"Point","coordinates":[76.90845,18.1837]},"properties":{"udise":"27280409501","name":"ZILLA PARISHAD PRI SCH HANCHNAL","state":"MAHARASHTRA","district":"LATUR","block":"NILANGA","indicator":"girls_toilet_nonfunctional"}},{"type":"Feature","geometry":{"type":"Point","coordinates":[76.8751,18.18749]},"properties":{"udise":"27280411001","name":"ZILLA PARISHAD PRI SCH WANJARWADA","state":"MAHARASHTRA","district":"LATUR","block":"NILANGA","indicator":"girls_toilet_nonfunctional"}},{"type":"Feature","geometry":{"type":"Point","coordinates":[76.27068,18.50998]},"properties":{"udise":"27280109701","name":"ZAILLA PARISHAD PRATHMIK SHALA BHOSA","state":"MAHARASHTRA","district":"LATUR","block":"LATUR","indicator":"girls_toilet_nonfunctional"}},{"type":"Feature","geometry":{"type":"Point","coordinates":[76.79721,17.95793]},"properties":{"udise":"27280407501","name":"ZILLA PARISHAD PRI SCH NELWAD","state":"MAHARASHTRA","district":"LATUR","block":"NILANGA","indicator":"girls_toilet_nonfunctional"}},{"type":"Feature","geometry":{"type":"Point","coordinates":[76.87582,17.91372]},"properties":{"udise":"27280407401","name":"ZILLA PARISHAD CENTRAL PRI SCH HALLALI","state":"MAHARASHTRA","district":"LATUR","block":"NILANGA","indicator":"girls_toilet_nonfunctional"}},{"type":"Feature","geometry":{"type":"Point","coordinates":[76.49411,18.57907]},"properties":{"udise":"27280205001","name":"ZILLA PARISHAD PRATHMIK SHALA KHANAPUR","state":"MAHARASHTRA","district":"LATUR","block":"RENAPUR","indicator":"girls_toilet_nonfunctional"}},{"type":"Feature","geometry":{"type":"Point","coordinates":[76.40967,18.48573]},"properties":{"udise":"27280106601","name":"ZAILLA PARISHAD PRATHMIK SHALA WAKDI","state":"MAHARASHTRA","district":"LATUR","block":"LATUR","indicator":"girls_toilet_nonfunctional"}},{"type":"Feature","geometry":{"type":"Point","coordinates":[76.71345,18.39979]},"properties":{"udise":"27281006702","name":"ZILLA PARISHAD PRIMARY SCHOOL MURAMBI JUNI WASTI","state":"MAHARASHTRA","district":"LATUR","block":"CHAKUR","indicator":"girls_toilet_nonfunctional"}},{"type":"Feature","geometry":{"type":"Point","coordinates":[76.67494,18.61912]},"properties":{"udise":"27280202601","name":"ZILLA PARISHAD PRATHMIK SHALA GOPALWADI","state":"MAHARASHTRA","district":"LATUR","block":"RENAPUR","indicator":"girls_toilet_nonfunctional"}},{"type":"Feature","geometry":{"type":"Point","coordinates":[76.98972,18.51781]},"properties":{"udise":"27281009201","name":"ZILLA PARISHAD PRIMARY SCHOOL TAKALGAON","state":"MAHARASHTRA","district":"LATUR","block":"CHAKUR","indicator":"girls_toilet_nonfunctional"}},{"type":"Feature","geometry":{"type":"Point","coordinates":[76.86031,18.7861]},"properties":{"udise":"27280907201","name":"ZILLA PARISHAD PRIMARY SCHOOL KHARKHADI TANDA","state":"MAHARASHTRA","district":"LATUR","block":"AHAMADPUR","indicator":"girls_toilet_nonfunctional"}},{"type":"Feature","geometry":{"type":"Point","coordinates":[76.78902,18.01103]},"properties":{"udise":"27280404901","name":"ZILLA PARISHAD PRI SCH CHANDORI","state":"MAHARASHTRA","district":"LATUR","block":"NILANGA","indicator":"girls_toilet_nonfunctional"}},{"type":"Feature","geometry":{"type":"Point","coordinates":[76.61533,18.14695]},"properties":{"udise":"27280311201","name":"ZILHA PARISHAD PRIMARY SCHOOL RAJEWADI","state":"MAHARASHTRA","district":"LATUR","block":"AUSA","indicator":"girls_toilet_nonfunctional"}},{"type":"Feature","geometry":{"type":"Point","coordinates":[76.86075,18.735]},"properties":{"udise":"27280906901","name":"ZILLA PARISHAD PRIMARY SCHOOL   BORGAON KHU","state":"MAHARASHTRA","district":"LATUR","block":"AHAMADPUR","indicator":"girls_toilet_nonfunctional"}},{"type":"Feature","geometry":{"type":"Point","coordinates":[76.51813,18.14393]},"properties":{"udise":"27280307803","name":"ZILHA PARISHAD PRIMARY SCHOOL GANESH NAGAR NAGARSOGA","state":"MAHARASHTRA","district":"LATUR","block":"AUSA","indicator":"girls_toilet_nonfunctional"}},{"type":"Feature","geometry":{"type":"Point","coordinates":[76.41578,18.26623]},"properties":{"udise":"27280303101","name":"ZILHA PARISHAD PRIMARY SCHOOL BARHANPUR","state":"MAHARASHTRA","district":"LATUR","block":"AUSA","indicator":"girls_toilet_nonfunctional"}},{"type":"Feature","geometry":{"type":"Point","coordinates":[76.98785,18.81494]},"properties":{"udise":"27280910201","name":"ZILLA PARISHAD PRIMARY SCHOOL RALGA","state":"MAHARASHTRA","district":"LATUR","block":"AHAMADPUR","indicator":"girls_toilet_nonfunctional"}},{"type":"Feature","geometry":{"type":"Point","coordinates":[76.57456,18.3899]},"properties":{"udise":"27281100817","name":"GLOBAL VISION CBSE SECHOOL, KANERI ROAD, LATUR","state":"MAHARASHTRA","district":"LATUR","block":"LATUR URC1","indicator":"girls_toilet_nonfunctional"}},{"type":"Feature","geometry":{"type":"Point","coordinates":[76.77351,17.8993]},"properties":{"udise":"27280404201","name":"ZILLA PARISHAD PRI SCH KORALWADI","state":"MAHARASHTRA","district":"LATUR","block":"NILANGA","indicator":"girls_toilet_nonfunctional"}},{"type":"Feature","geometry":{"type":"Point","coordinates":[76.59567,18.40948]},"properties":{"udise":"27281100201","name":"M.N.C.SCHOOL NO..32","state":"MAHARASHTRA","district":"LATUR","block":"LATUR URC1","indicator":"girls_toilet_nonfunctional"}},{"type":"Feature","geometry":{"type":"Point","coordinates":[76.54459,18.40511]},"properties":{"udise":"27281200830","name":"SHRI SHAMBHULING SHIVACHARYA VIDYALAYA","state":"MAHARASHTRA","district":"LATUR","block":"LATUR URC2","indicator":"girls_toilet_nonfunctional"}},{"type":"Feature","geometry":{"type":"Point","coordinates":[77.25434,18.46207]},"properties":{"udise":"27280708101","name":"ZILLA PARISHAD CENTRAL PRIMARY SCHOOL KODALI","state":"MAHARASHTRA","district":"LATUR","block":"UDGIR","indicator":"girls_toilet_nonfunctional"}},{"type":"Feature","geometry":{"type":"Point","coordinates":[76.6762,18.17785]},"properties":{"udise":"27280313001","name":"ZILHA PARISHAD PRIMARY SCHOOL HIMMAT NAGAR RAMEGAON","state":"MAHARASHTRA","district":"LATUR","block":"AUSA","indicator":"girls_toilet_nonfunctional"}},{"type":"Feature","geometry":{"type":"Point","coordinates":[75.81829,19.63672]},"properties":{"udise":"27280307501","name":"ZILHA PARISHAD PRIMARY SCHOOL LAMAN TANDA CHINCHOLI TAPASE","state":"MAHARASHTRA","district":"LATUR","block":"AUSA","indicator":"girls_toilet_nonfunctional"}},{"type":"Feature","geometry":{"type":"Point","coordinates":[76.93448,18.53276]},"properties":{"udise":"27281009301","name":"ZILLA PARISHAD PRIMARY SCHOOL MASHNERWADI","state":"MAHARASHTRA","district":"LATUR","block":"CHAKUR","indicator":"girls_toilet_nonfunctional"}},{"type":"Feature","geometry":{"type":"Point","coordinates":[76.49483,18.10035]},"properties":{"udise":"27280307201","name":"ZILHA PARISHAD PRIMARY SCHOOL MASALGA-KHU","state":"MAHARASHTRA","district":"LATUR","block":"AUSA","indicator":"girls_toilet_nonfunctional"}},{"type":"Feature","geometry":{"type":"Point","coordinates":[76.83749,18.25218]},"properties":{"udise":"27280504601","name":"ZILLA PARISHAD PRIMARY SCHOOL BIBARAL","state":"MAHARASHTRA","district":"LATUR","block":"SHIRUR ANANTPAL","indicator":"girls_toilet_nonfunctional"}},{"type":"Feature","geometry":{"type":"Point","coordinates":[76.76825,18.14437]},"properties":{"udise":"27280400401","name":"ZILLA PARISHAD PRIMARY SCH DAPKA BHA.","state":"MAHARASHTRA","district":"LATUR","block":"NILANGA","indicator":"girls_toilet_nonfunctional"}},{"type":"Feature","geometry":{"type":"Point","coordinates":[76.87347,18.05155]},"properties":{"udise":"27280408201","name":"ZILLA PARISHAD CENTRAL PRI SCH SAWARI","state":"MAHARASHTRA","district":"LATUR","block":"NILANGA","indicator":"girls_toilet_nonfunctional"}},{"type":"Feature","geometry":{"type":"Point","coordinates":[76.79827,18.26657]},"properties":{"udise":"27280422201","name":"ZIILA PARISHAD PRI SCH SAMBHAJI NAGAR NITUR","state":"MAHARASHTRA","district":"LATUR","block":"NILANGA","indicator":"girls_toilet_nonfunctional"}},{"type":"Feature","geometry":{"type":"Point","coordinates":[76.84084,18.79385]},"properties":{"udise":"27280907601","name":"ZILLA PARISHAD PRIMARY SCHOOL NARWATWADI","state":"MAHARASHTRA","district":"LATUR","block":"AHAMADPUR","indicator":"girls_toilet_nonfunctional"}},{"type":"Feature","geometry":{"type":"Point","coordinates":[76.64737,18.198]},"properties":{"udise":"27280401601","name":"ZIILA PARISHAD PRI SCH SHEDOL","state":"MAHARASHTRA","district":"LATUR","block":"NILANGA","indicator":"girls_toilet_nonfunctional"}},{"type":"Feature","geometry":{"type":"Point","coordinates":[76.83954,18.33649]},"properties":{"udise":"27280501001","name":"ZILLA PARISHAD PRIMARY SCHOOL NAGEWADI","state":"MAHARASHTRA","district":"LATUR","block":"SHIRUR ANANTPAL","indicator":"girls_toilet_nonfunctional"}},{"type":"Feature","geometry":{"type":"Point","coordinates":[76.79098,18.77748]},"properties":{"udise":"27280905001","name":"ZILLA PARISHAD PRIMARY SCHOOL KAWALWADI","state":"MAHARASHTRA","district":"LATUR","block":"AHAMADPUR","indicator":"girls_toilet_nonfunctional"}},{"type":"Feature","geometry":{"type":"Point","coordinates":[76.71042,18.22152]},"properties":{"udise":"27280422801","name":"ZIILA PARISHAD PRI SCH M.PHULE SHIVANI KO.","state":"MAHARASHTRA","district":"LATUR","block":"NILANGA","indicator":"girls_toilet_nonfunctional"}},{"type":"Feature","geometry":{"type":"Point","coordinates":[76.88027,18.66261]},"properties":{"udise":"27280901501","name":"ZILLA PARISHAD PRIMARY SCHOOL UGILEWADI","state":"MAHARASHTRA","district":"LATUR","block":"AHAMADPUR","indicator":"girls_toilet_nonfunctional"}},{"type":"Feature","geometry":{"type":"Point","coordinates":[76.8941,17.93164]},"properties":{"udise":"27280408001","name":"ZILLA PARISHAD PRI SCH TAMBALA","state":"MAHARASHTRA","district":"LATUR","block":"NILANGA","indicator":"girls_toilet_nonfunctional"}},{"type":"Feature","geometry":{"type":"Point","coordinates":[76.67552,18.15491]},"properties":{"udise":"27280313101","name":"ZILHA PARISHAD PRIMARY SCHOOL RENUKA NAGAR KHAROSA","state":"MAHARASHTRA","district":"LATUR","block":"AUSA","indicator":"girls_toilet_nonfunctional"}},{"type":"Feature","geometry":{"type":"Point","coordinates":[76.51375,18.05226]},"properties":{"udise":"27280309901","name":"ZILHA PARISHAD PRIMARY SCHOOL GANJANKHEDA","state":"MAHARASHTRA","district":"LATUR","block":"AUSA","indicator":"girls_toilet_nonfunctional"}},{"type":"Feature","geometry":{"type":"Point","coordinates":[76.55438,18.23457]},"properties":{"udise":"27280313401","name":"ZILHA PARISHAD PRIMARY SCHOOL YAKATPUR","state":"MAHARASHTRA","district":"LATUR","block":"AUSA","indicator":"girls_toilet_nonfunctional"}},{"type":"Feature","geometry":{"type":"Point","coordinates":[76.74001,18.04366]},"properties":{"udise":"27280415001","name":"ZIILA PARISHAD PRI SCH YELAMWADI OLD","state":"MAHARASHTRA","district":"LATUR","block":"NILANGA","indicator":"girls_toilet_nonfunctional"}},{"type":"Feature","geometry":{"type":"Point","coordinates":[76.88813,18.3722]},"properties":{"udise":"27280503801","name":"ZILLA PARISHAD HIGH SCHOOL YEROL","state":"MAHARASHTRA","district":"LATUR","block":"SHIRUR ANANTPAL","indicator":"girls_toilet_nonfunctional"}},{"type":"Feature","geometry":{"type":"Point","coordinates":[76.4776,18.25873]},"properties":{"udise":"27280107301","name":"ZAILLA PARISHAD PRATHMIK SHALA PETH","state":"MAHARASHTRA","district":"LATUR","block":"LATUR","indicator":"girls_toilet_nonfunctional"}},{"type":"Feature","geometry":{"type":"Point","coordinates":[76.73576,18.40083]},"properties":{"udise":"27281006402","name":"JAI BHAVANI VIDYALAY SUGAON","state":"MAHARASHTRA","district":"LATUR","block":"CHAKUR","indicator":"girls_toilet_nonfunctional"}},{"type":"Feature","geometry":{"type":"Point","coordinates":[76.42576,18.42683]},"properties":{"udise":"27280100401","name":"ZAILLA PARISHAD PRATHMIK SHALA CHIKURDA","state":"MAHARASHTRA","district":"LATUR","block":"LATUR","indicator":"girls_toilet_nonfunctional"}},{"type":"Feature","geometry":{"type":"Point","coordinates":[76.57946,18.26102]},"properties":{"udise":"27280313901","name":"ZILHA PARISHAD PRIMARY SCHOOL YERANDI","state":"MAHARASHTRA","district":"LATUR","block":"AUSA","indicator":"girls_toilet_nonfunctional"}},{"type":"Feature","geometry":{"type":"Point","coordinates":[76.50735,18.59864]},"properties":{"udise":"27280209801","name":"ZILLA PARISHAD PRATHMIK SHALA DAMODAR TANDA VASTI","state":"MAHARASHTRA","district":"LATUR","block":"RENAPUR","indicator":"girls_toilet_nonfunctional"}},{"type":"Feature","geometry":{"type":"Point","coordinates":[76.59743,18.52362]},"properties":{"udise":"27280200111","name":"CHATRAPATI SHIVAJI M.VIDYALAYA","state":"MAHARASHTRA","district":"LATUR","block":"RENAPUR","indicator":"girls_toilet_nonfunctional"}},{"type":"Feature","geometry":{"type":"Point","coordinates":[76.51792,18.3993]},"properties":{"udise":"27280101004","name":"RAVINDRANATH TAGOR PRIMARY SCHOOL","state":"MAHARASHTRA","district":"LATUR","block":"LATUR","indicator":"girls_toilet_nonfunctional"}},{"type":"Feature","geometry":{"type":"Point","coordinates":[76.66548,18.36123]},"properties":{"udise":"27280112601","name":"ZAILLA PARISHAD PRATHMIK SHALA SHELU BK.","state":"MAHARASHTRA","district":"LATUR","block":"LATUR","indicator":"girls_toilet_nonfunctional"}},{"type":"Feature","geometry":{"type":"Point","coordinates":[76.8637,18.06409]},"properties":{"udise":"27280408801","name":"ZILLA PARISHAD PRI SCH KOYAJIWADI","state":"MAHARASHTRA","district":"LATUR","block":"NILANGA","indicator":"girls_toilet_nonfunctional"}},{"type":"Feature","geometry":{"type":"Point","coordinates":[76.40877,18.54523]},"properties":{"udise":"27280105801","name":"ZAILLA PARISHAD PRATHMIK SHALA GANJUR","state":"MAHARASHTRA","district":"LATUR","block":"LATUR","indicator":"girls_toilet_nonfunctional"}},{"type":"Feature","geometry":{"type":"Point","coordinates":[76.89057,18.72017]},"properties":{"udise":"27280906601","name":"ZILLA PARISHAD PRIMARY SCHOOL GAWANDWADI","state":"MAHARASHTRA","district":"LATUR","block":"AHAMADPUR","indicator":"girls_toilet_nonfunctional"}},{"type":"Feature","geometry":{"type":"Point","coordinates":[77.11003,18.30269]},"properties":{"udise":"27280606401","name":"ZILLA PARISHAD PRIMARY SCHOOL BHOPANI","state":"MAHARASHTRA","district":"LATUR","block":"DEVANI","indicator":"girls_toilet_nonfunctional"}},{"type":"Feature","geometry":{"type":"Point","coordinates":[76.73278,18.47482]},"properties":{"udise":"27281005001","name":"ZILLA PARISHAD PRIMARY SCHOOL GANJURWADI","state":"MAHARASHTRA","district":"LATUR","block":"CHAKUR","indicator":"girls_toilet_nonfunctional"}},{"type":"Feature","geometry":{"type":"Point","coordinates":[76.85223,18.75712]},"properties":{"udise":"27280906202","name":"ZILLA PARISHAD PRIMARY SCHOOL ZOPPADPATTI DHALEGAON","state":"MAHARASHTRA","district":"LATUR","block":"AHAMADPUR","indicator":"girls_toilet_nonfunctional"}},{"type":"Feature","geometry":{"type":"Point","coordinates":[76.907,18.32389]},"properties":{"udise":"27280500601","name":"ZILLA PARISHAD PRIMARY SCHOOL SHEND UTTER","state":"MAHARASHTRA","district":"LATUR","block":"SHIRUR ANANTPAL","indicator":"girls_toilet_nonfunctional"}},{"type":"Feature","geometry":{"type":"Point","coordinates":[76.53986,18.50785]},"properties":{"udise":"27280207701","name":"ZILLA PARISHAD PRATHMIK SHALA BRHAMAWADI","state":"MAHARASHTRA","district":"LATUR","block":"RENAPUR","indicator":"girls_toilet_nonfunctional"}},{"type":"Feature","geometry":{"type":"Point","coordinates":[76.8037,18.05576]},"properties":{"udise":"27280412501","name":"ZILLA PARISHAD PRI SCH GUNJARGA","state":"MAHARASHTRA","district":"LATUR","block":"NILANGA","indicator":"girls_toilet_nonfunctional"}},{"type":"Feature","geometry":{"type":"Point","coordinates":[76.71549,18.06816]},"properties":{"udise":"27280402701","name":"ZILLA PARISHAD PRI SCH DHANORA","state":"MAHARASHTRA","district":"LATUR","block":"NILANGA","indicator":"girls_toilet_nonfunctional"}},{"type":"Feature","geometry":{"type":"Point","coordinates":[76.91891,18.19825]},"properties":{"udise":"27280605101","name":"ZILLA PARISHAD PRIMARY SCHOOL BHAVANINAGER","state":"MAHARASHTRA","district":"LATUR","block":"DEVANI","indicator":"girls_toilet_nonfunctional"}},{"type":"Feature","geometry":{"type":"Point","coordinates":[76.69697,18.33337]},"properties":{"udise":"27280111301","name":"ZAILLA PARISHAD PRATHMIK SHALA SALGARA BK.","state":"MAHARASHTRA","district":"LATUR","block":"LATUR","indicator":"girls_toilet_nonfunctional"}},{"type":"Feature","geometry":{"type":"Point","coordinates":[76.6358,18.01406]},"properties":{"udise":"27280414201","name":"ZIILA PARISHAD PRI SCH MUDGUD EKOJI","state":"MAHARASHTRA","district":"LATUR","block":"NILANGA","indicator":"girls_toilet_nonfunctional"}},{"type":"Feature","geometry":{"type":"Point","coordinates":[76.79801,17.95895]},"properties":{"udise":"27280406401","name":"ZILLA PARISHAD CENTRAL PRI SCH BADUR","state":"MAHARASHTRA","district":"LATUR","block":"NILANGA","indicator":"girls_toilet_nonfunctional"}},{"type":"Feature","geometry":{"type":"Point","coordinates":[76.61033,18.05185]},"properties":{"udise":"27280402501","name":"ZILLA PARISHAD PRI SCH NADI HATTARGA","state":"MAHARASHTRA","district":"LATUR","block":"NILANGA","indicator":"girls_toilet_nonfunctional"}},{"type":"Feature","geometry":{"type":"Point","coordinates":[76.86461,18.80075]},"properties":{"udise":"27280916301","name":"ZILLA PARISHAD PRIMARY SCHOOL  UDHAV TANDA","state":"MAHARASHTRA","district":"LATUR","block":"AHAMADPUR","indicator":"girls_toilet_nonfunctional"}},{"type":"Feature","geometry":{"type":"Point","coordinates":[76.43554,18.21642]},"properties":{"udise":"27280301101","name":"ZILHA PARISHAD PRIMARY SCHOOL LAMAN TANDA BORPHAL","state":"MAHARASHTRA","district":"LATUR","block":"AUSA","indicator":"girls_toilet_nonfunctional"}},{"type":"Feature","geometry":{"type":"Point","coordinates":[76.61811,18.16591]},"properties":{"udise":"27280311701","name":"ZILHA PARISHAD PRIMARY SCHOOL KENGALWADI","state":"MAHARASHTRA","district":"LATUR","block":"AUSA","indicator":"girls_toilet_nonfunctional"}},{"type":"Feature","geometry":{"type":"Point","coordinates":[77.18908,18.2947]},"properties":{"udise":"27280709202","name":"ZILLA PARISHAD PRIMARY SCHOOL RAVANGAON NAVI VASTI","state":"MAHARASHTRA","district":"LATUR","block":"UDGIR","indicator":"girls_toilet_nonfunctional"}},{"type":"Feature","geometry":{"type":"Point","coordinates":[76.71745,18.00113]},"properties":{"udise":"27280414601","name":"ZIILA PARISHAD PRI SCH HANMANTWADI HA.","state":"MAHARASHTRA","district":"LATUR","block":"NILANGA","indicator":"girls_toilet_nonfunctional"}},{"type":"Feature","geometry":{"type":"Point","coordinates":[76.42994,18.517]},"properties":{"udise":"27280105901","name":"ZAILLA PARISHAD PRATHMIK SHALA KARSA","state":"MAHARASHTRA","district":"LATUR","block":"LATUR","indicator":"girls_toilet_nonfunctional"}},{"type":"Feature","geometry":{"type":"Point","coordinates":[76.53461,18.42757]},"properties":{"udise":"27280105001","name":"ZAILLA PARISHAD PRATHMIK SHALA RAIWADI","state":"MAHARASHTRA","district":"LATUR","block":"LATUR","indicator":"girls_toilet_nonfunctional"}},{"type":"Feature","geometry":{"type":"Point","coordinates":[76.44447,18.36778]},"properties":{"udise":"27280102301","name":"ZAILLA PARISHAD PRATHMIK SHALA  ROHIDASNAGAR","state":"MAHARASHTRA","district":"LATUR","block":"LATUR","indicator":"girls_toilet_nonfunctional"}},{"type":"Feature","geometry":{"type":"Point","coordinates":[76.5549,18.53919]},"properties":{"udise":"27280209301","name":"ZILLA PARISHAD PRATHMIK SHALA SAMSAPUR TANDA VASTI","state":"MAHARASHTRA","district":"LATUR","block":"RENAPUR","indicator":"girls_toilet_nonfunctional"}},{"type":"Feature","geometry":{"type":"Point","coordinates":[77.03073,18.32243]},"properties":{"udise":"27280711602","name":"ZILLA PARISHAD HIGH SCHOOL  DAVANGAON","state":"MAHARASHTRA","district":"LATUR","block":"UDGIR","indicator":"girls_toilet_nonfunctional"}},{"type":"Feature","geometry":{"type":"Point","coordinates":[76.58206,18.3994]},"properties":{"udise":"27281101101","name":"SHRI GUJARATI ENGLISH SCHOOL LATUR","state":"MAHARASHTRA","district":"LATUR","block":"LATUR URC1","indicator":"girls_toilet_nonfunctional"}},{"type":"Feature","geometry":{"type":"Point","coordinates":[76.29229,18.46053]},"properties":{"udise":"27280109401","name":"ZAILLA PARISHAD PRATHMIK SHALA KHUNTEPHAL","state":"MAHARASHTRA","district":"LATUR","block":"LATUR","indicator":"girls_toilet_nonfunctional"}},{"type":"Feature","geometry":{"type":"Point","coordinates":[76.58102,18.34799]},"properties":{"udise":"27280107202","name":"ZAILLA PARISHAD PRATHMIK SHALA RAJIV NAGAR","state":"MAHARASHTRA","district":"LATUR","block":"LATUR","indicator":"girls_toilet_nonfunctional"}},{"type":"Feature","geometry":{"type":"Point","coordinates":[76.61497,18.49429]},"properties":{"udise":"27280200901","name":"ZILLA PARISHAD PRATHMIK SHALA HAKETANDA","state":"MAHARASHTRA","district":"LATUR","block":"RENAPUR","indicator":"girls_toilet_nonfunctional"}},{"type":"Feature","geometry":{"type":"Point","coordinates":[76.47048,18.06865]},"properties":{"udise":"27280310101","name":"ZILHA PARISHAD PRIMARY SCHOOL NANDURGA-2","state":"MAHARASHTRA","district":"LATUR","block":"AUSA","indicator":"girls_toilet_nonfunctional"}},{"type":"Feature","geometry":{"type":"Point","coordinates":[76.86992,18.22509]},"properties":{"udise":"27280422101","name":"ZIILA PARISHAD PRI SCH VETALWADI","state":"MAHARASHTRA","district":"LATUR","block":"NILANGA","indicator":"girls_toilet_nonfunctional"}},{"type":"Feature","geometry":{"type":"Point","coordinates":[76.59113,18.40596]},"properties":{"udise":"27281100404","name":"SANJAY GANDHI PRATHMIK P.S.","state":"MAHARASHTRA","district":"LATUR","block":"LATUR URC1","indicator":"girls_toilet_nonfunctional"}},{"type":"Feature","geometry":{"type":"Point","coordinates":[76.4984,18.12491]},"properties":{"udise":"27280306701","name":"ZILLA PARISHAD CENTRAL PRIMARY SCHOOL JAWALGA PO","state":"MAHARASHTRA","district":"LATUR","block":"AUSA","indicator":"girls_toilet_nonfunctional"}},{"type":"Feature","geometry":{"type":"Point","coordinates":[76.82778,18.40641]},"properties":{"udise":"27281007501","name":"ZILLA PARISHAD PRIMARY SCHOOL UKACHIWADI","state":"MAHARASHTRA","district":"LATUR","block":"CHAKUR","indicator":"girls_toilet_nonfunctional"}},{"type":"Feature","geometry":{"type":"Point","coordinates":[76.59333,18.40078]},"properties":{"udise":"27281101301","name":"M.N.C.SCHOOL NO.26","state":"MAHARASHTRA","district":"LATUR","block":"LATUR URC1","indicator":"girls_toilet_nonfunctional"}},{"type":"Feature","geometry":{"type":"Point","coordinates":[77.11824,18.63026]},"properties":{"udise":"27280804001","name":"ZILLA PARISHAD PRIMARY SCHOOL DHAMANGAON","state":"MAHARASHTRA","district":"LATUR","block":"JALKOT","indicator":"girls_toilet_nonfunctional"}},{"type":"Feature","geometry":{"type":"Point","coordinates":[76.31806,18.43325]},"properties":{"udise":"27280103401","name":"ZAILLA PARISHAD PRATHMIK SHALA KHANDALA","state":"MAHARASHTRA","district":"LATUR","block":"LATUR","indicator":"girls_toilet_nonfunctional"}},{"type":"Feature","geometry":{"type":"Point","coordinates":[76.66247,18.51405]},"properties":{"udise":"27280201801","name":"ZILLA PARISHAD PRATHMIK SHALA SHRIRAMNAGAR","state":"MAHARASHTRA","district":"LATUR","block":"RENAPUR","indicator":"girls_toilet_nonfunctional"}},{"type":"Feature","geometry":{"type":"Point","coordinates":[76.5813,18.52211]},"properties":{"udise":"27280200102","name":"ZILLA PARISHAD HIGH SCHOOL RENAPUR","state":"MAHARASHTRA","district":"LATUR","block":"RENAPUR","indicator":"girls_toilet_nonfunctional"}},{"type":"Feature","geometry":{"type":"Point","coordinates":[76.46471,18.4417]},"properties":{"udise":"27280101401","name":"ZAILLA PARISHAD PRATHMIK SHALA AKHARWAI","state":"MAHARASHTRA","district":"LATUR","block":"LATUR","indicator":"girls_toilet_nonfunctional"}},{"type":"Feature","geometry":{"type":"Point","coordinates":[76.5809,18.18443]},"properties":{"udise":"27280315802","name":"ZILHA PARISHAD PRIMARY SCHOOL CHALBURGA PATI","state":"MAHARASHTRA","district":"LATUR","block":"AUSA","indicator":"girls_toilet_nonfunctional"}},{"type":"Feature","geometry":{"type":"Point","coordinates":[76.80376,18.05557]},"properties":{"udise":"27280421501","name":"ZIILA PARISHAD PRI SCH GOKUL WASTI","state":"MAHARASHTRA","district":"LATUR","block":"NILANGA","indicator":"girls_toilet_nonfunctional"}},{"type":"Feature","geometry":{"type":"Point","coordinates":[77.0362,18.50961]},"properties":{"udise":"27280704701","name":"ZILLA PARISHAD PRIMARY SCHOOL UMERGA MANNA","state":"MAHARASHTRA","district":"LATUR","block":"UDGIR","indicator":"girls_toilet_nonfunctional"}},{"type":"Feature","geometry":{"type":"Point","coordinates":[76.56249,18.05597]},"properties":{"udise":"27280308104","name":"ZILHA PARISHAD PRIMARY SCHOOL BHAG 2","state":"MAHARASHTRA","district":"LATUR","block":"AUSA","indicator":"girls_toilet_nonfunctional"}},{"type":"Feature","geometry":{"type":"Point","coordinates":[76.72565,18.44852]},"properties":{"udise":"27281006801","name":"ZILLA PARISHAD PRIMARY SCHOOL MAHALANGRA","state":"MAHARASHTRA","district":"LATUR","block":"CHAKUR","indicator":"girls_toilet_nonfunctional"}},{"type":"Feature","geometry":{"type":"Point","coordinates":[76.58039,18.39841]},"properties":{"udise":"27281101105","name":"DESHIKENDRA JR. COLLEGE LATUR","state":"MAHARASHTRA","district":"LATUR","block":"LATUR URC1","indicator":"girls_toilet_nonfunctional"}},{"type":"Feature","geometry":{"type":"Point","coordinates":[76.8761,18.2298]},"properties":{"udise":"27280411101","name":"ZILLA PARISHAD PRI SCH GIRAKCHAL","state":"MAHARASHTRA","district":"LATUR","block":"NILANGA","indicator":"girls_toilet_nonfunctional"}},{"type":"Feature","geometry":{"type":"Point","coordinates":[76.55881,18.40155]},"properties":{"udise":"27281201011","name":"DAYANAND ARTS JR. COLLEGE","state":"MAHARASHTRA","district":"LATUR","block":"LATUR URC2","indicator":"girls_toilet_nonfunctional"}},{"type":"Feature","geometry":{"type":"Point","coordinates":[72.90736,19.05793]},"properties":{"udise":"27230300354","name":"N. G. ACHARYA & D. K. MARATHE COLLEGE OF ARTS, SCIENCE & COMMERC CHEMBUR MUMBAI 71","state":"MAHARASHTRA","district":"MUMBAI II","block":"MUMBAI_DYD_URC3 ( GHATKOPAR )","indicator":"no_girls_toilet"}},{"type":"Feature","geometry":{"type":"Point","coordinates":[72.83564,18.96936]},"properties":{"udise":"27230200246","name":"ST MARY'S SCHOOL (ICSE)","state":"MAHARASHTRA","district":"MUMBAI II","block":"MUMBAI_DYD_URC2 ( SION )","indicator":"no_girls_toilet"}},{"type":"Feature","geometry":{"type":"Point","coordinates":[72.93688,19.05483]},"properties":{"udise":"27220800514","name":"EDUCARE ENGLISH SCHOOL","state":"MAHARASHTRA","district":"MUMBAI (SUBURBAN)","block":"URC-8 (CHEMBUR)","indicator":"girls_toilet_nonfunctional"}},{"type":"Feature","geometry":{"type":"Point","coordinates":[79.13671,20.88389]},"properties":{"udise":"27091106101","name":"Z.P. PS, SINDHIWIHRI","state":"MAHARASHTRA","district":"NAGPUR","block":"UMRED","indicator":"no_girls_toilet"}},{"type":"Feature","geometry":{"type":"Point","coordinates":[79.15764,21.16366]},"properties":{"udise":"27091500406","name":"NIRMAL HIGH SCHOOL, GULMOHARNAGAR KALMANA, BHARATWADA ROAD, NAGPUR","state":"MAHARASHTRA","district":"NAGPUR","block":"URC 2","indicator":"no_girls_toilet"}},{"type":"Feature","geometry":{"type":"Point","coordinates":[79.3315,21.52618]},"properties":{"udise":"27090601601","name":"Z.P. UPS, MOUDI","state":"MAHARASHTRA","district":"NAGPUR","block":"RAMTEK","indicator":"no_girls_toilet"}},{"type":"Feature","geometry":{"type":"Point","coordinates":[79.4592,21.11595]},"properties":{"udise":"27090702401","name":"Z.P.PS, NANDGAON","state":"MAHARASHTRA","district":"NAGPUR","block":"MOUDA","indicator":"no_girls_toilet"}},{"type":"Feature","geometry":{"type":"Point","coordinates":[79.23178,20.67456]},"properties":{"udise":"27091308801","name":"Z.P.UPS, MAHALGAON","state":"MAHARASHTRA","district":"NAGPUR","block":"BHIWAPUR","indicator":"no_girls_toilet"}},{"type":"Feature","geometry":{"type":"Point","coordinates":[78.82935,21.47446]},"properties":{"udise":"27090402401","name":"Z.P. PS, KAWTHA","state":"MAHARASHTRA","district":"NAGPUR","block":"SAONER","indicator":"no_girls_toilet"}},{"type":"Feature","geometry":{"type":"Point","coordinates":[79.44909,20.72226]},"properties":{"udise":"27091306301","name":"Z.P.PS, TATOLI","state":"MAHARASHTRA","district":"NAGPUR","block":"BHIWAPUR","indicator":"no_girls_toilet"}},{"type":"Feature","geometry":{"type":"Point","coordinates":[78.38755,21.34098]},"properties":{"udise":"27090113401","name":"Z.P.PS, MENDHALA","state":"MAHARASHTRA","district":"NAGPUR","block":"NARKHED","indicator":"no_girls_toilet"}},{"type":"Feature","geometry":{"type":"Point","coordinates":[79.40908,21.34319]},"properties":{"udise":"27090612401","name":"Z.P. PS, MASLA","state":"MAHARASHTRA","district":"NAGPUR","block":"RAMTEK","indicator":"no_girls_toilet"}},{"type":"Feature","geometry":{"type":"Point","coordinates":[78.60909,21.2282]},"properties":{"udise":"27090214101","name":"Z.P.UPS, GHARATWADA","state":"MAHARASHTRA","district":"NAGPUR","block":"KATOL","indicator":"no_girls_toilet"}},{"type":"Feature","geometry":{"type":"Point","coordinates":[79.55337,21.28094]},"properties":{"udise":"27090712301","name":"Z.P.PS, PIMPALGAON","state":"MAHARASHTRA","district":"NAGPUR","block":"MOUDA","indicator":"no_girls_toilet"}},{"type":"Feature","geometry":{"type":"Point","coordinates":[79.13525,21.27959]},"properties":{"udise":"27090807501","name":"Z.P. PS, SINGORI","state":"MAHARASHTRA","district":"NAGPUR","block":"PARSEONI","indicator":"no_girls_toilet"}},{"type":"Feature","geometry":{"type":"Point","coordinates":[79.44013,21.04768]},"properties":{"udise":"27091200501","name":"Z.P.PS, CHIKHLABODI","state":"MAHARASHTRA","district":"NAGPUR","block":"KUHI","indicator":"no_girls_toilet"}},{"type":"Feature","geometry":{"type":"Point","coordinates":[79.4536,21.35757]},"properties":{"udise":"27090610701","name":"Z.P. PS, ASOLI","state":"MAHARASHTRA","district":"NAGPUR","block":"RAMTEK","indicator":"no_girls_toilet"}},{"type":"Feature","geometry":{"type":"Point","coordinates":[79.14931,20.87565]},"properties":{"udise":"27091106701","name":"Z.P. PS, JAMBHALAPANI","state":"MAHARASHTRA","district":"NAGPUR","block":"UMRED","indicator":"no_girls_toilet"}},{"type":"Feature","geometry":{"type":"Point","coordinates":[79.15871,20.83143]},"properties":{"udise":"27091109501","name":"Z.P. PS, DEVLI","state":"MAHARASHTRA","district":"NAGPUR","block":"UMRED","indicator":"no_girls_toilet"}},{"type":"Feature","geometry":{"type":"Point","coordinates":[79.18069,21.42111]},"properties":{"udise":"27090803901","name":"Z.P. PS, AAMGAON","state":"MAHARASHTRA","district":"NAGPUR","block":"PARSEONI","indicator":"no_girls_toilet"}},{"type":"Feature","geometry":{"type":"Point","coordinates":[79.31907,21.40822]},"properties":{"udise":"27090610202","name":"Z.P. PS, DUDHALA","state":"MAHARASHTRA","district":"NAGPUR","block":"RAMTEK","indicator":"no_girls_toilet"}},{"type":"Feature","geometry":{"type":"Point","coordinates":[79.49689,21.04342]},"properties":{"udise":"27091208101","name":"Z.P.PS, AMTI","state":"MAHARASHTRA","district":"NAGPUR","block":"KUHI","indicator":"no_girls_toilet"}},{"type":"Feature","geometry":{"type":"Point","coordinates":[78.80678,21.37938]},"properties":{"udise":"27090307001","name":"Z.P. UPS, TIDANGI","state":"MAHARASHTRA","district":"NAGPUR","block":"KALMESHWAR","indicator":"no_girls_toilet"}},{"type":"Feature","geometry":{"type":"Point","coordinates":[79.04521,20.9305]},"properties":{"udise":"27090902601","name":"Z.P.PS, PARSODIGOKHALE","state":"MAHARASHTRA","district":"NAGPUR","block":"NAGPUR (GRAMIN)","indicator":"no_girls_toilet"}},{"type":"Feature","geometry":{"type":"Point","coordinates":[79.47281,21.03985]},"properties":{"udise":"27091208401","name":"Z.P.PS, DEVLIKHURD","state":"MAHARASHTRA","district":"NAGPUR","block":"KUHI","indicator":"no_girls_toilet"}},{"type":"Feature","geometry":{"type":"Point","coordinates":[79.21873,21.05996]},"properties":{"udise":"27091216701","name":"Z.P.PS, MOHADI","state":"MAHARASHTRA","district":"NAGPUR","block":"KUHI","indicator":"no_girls_toilet"}},{"type":"Feature","geometry":{"type":"Point","coordinates":[79.4503,21.22105]},"properties":{"udise":"27090704101","name":"Z.P.PS ,KHANDALA(PIPARI)","state":"MAHARASHTRA","district":"NAGPUR","block":"MOUDA","indicator":"no_girls_toilet"}},{"type":"Feature","geometry":{"type":"Point","coordinates":[79.31273,21.10532]},"properties":{"udise":"27090506201","name":"Z.P.PS,SELU","state":"MAHARASHTRA","district":"NAGPUR","block":"KAMPTEE","indicator":"no_girls_toilet"}},{"type":"Feature","geometry":{"type":"Point","coordinates":[79.60944,20.98195]},"properties":{"udise":"27091217601","name":"Z.P.PS, CHIKHALI","state":"MAHARASHTRA","district":"NAGPUR","block":"KUHI","indicator":"no_girls_toilet"}},{"type":"Feature","geometry":{"type":"Point","coordinates":[79.4332,21.42085]},"properties":{"udise":"27090611201","name":"Z.P. PS, GHOGRA","state":"MAHARASHTRA","district":"NAGPUR","block":"RAMTEK","indicator":"no_girls_toilet"}},{"type":"Feature","geometry":{"type":"Point","coordinates":[79.47941,21.2327]},"properties":{"udise":"27090704301","name":"Z.P.PS, CHARBHA","state":"MAHARASHTRA","district":"NAGPUR","block":"MOUDA","indicator":"no_girls_toilet"}},{"type":"Feature","geometry":{"type":"Point","coordinates":[79.41388,21.15721]},"properties":{"udise":"27090703201","name":"Z.P.PS, LAPKA","state":"MAHARASHTRA","district":"NAGPUR","block":"MOUDA","indicator":"no_girls_toilet"}},{"type":"Feature","geometry":{"type":"Point","coordinates":[79.44353,20.73895]},"properties":{"udise":"27091307701","name":"Z.P.UPS, SELOTI","state":"MAHARASHTRA","district":"NAGPUR","block":"BHIWAPUR","indicator":"no_girls_toilet"}},{"type":"Feature","geometry":{"type":"Point","coordinates":[78.53205,21.46555]},"properties":{"udise":"27090115001","name":"Z.P. PS, SAYWADA(AMBADA)","state":"MAHARASHTRA","district":"NAGPUR","block":"NARKHED","indicator":"no_girls_toilet"}},{"type":"Feature","geometry":{"type":"Point","coordinates":[79.56048,20.97006]},"properties":{"udise":"27091211001","name":"Z.P.PS, SHIKARPUR","state":"MAHARASHTRA","district":"NAGPUR","block":"KUHI","indicator":"no_girls_toilet"}},{"type":"Feature","geometry":{"type":"Point","coordinates":[79.42988,21.39495]},"properties":{"udise":"27090611301","name":"Z. P. PS, MAHADULA","state":"MAHARASHTRA","district":"NAGPUR","block":"RAMTEK","indicator":"no_girls_toilet"}},{"type":"Feature","geometry":{"type":"Point","coordinates":[78.75783,21.17668]},"properties":{"udise":"27090205901","name":"Z.P.PS, KATALABODI","state":"MAHARASHTRA","district":"NAGPUR","block":"KATOL","indicator":"no_girls_toilet"}},{"type":"Feature","geometry":{"type":"Point","coordinates":[79.37832,20.83086]},"properties":{"udise":"27091111701","name":"Z.P. UPS, NAVEGAON SADHU","state":"MAHARASHTRA","district":"NAGPUR","block":"UMRED","indicator":"no_girls_toilet"}},{"type":"Feature","geometry":{"type":"Point","coordinates":[79.36681,21.05569]},"properties":{"udise":"27091206001","name":"Z.P.PS, BHOWARDEO","state":"MAHARASHTRA","district":"NAGPUR","block":"KUHI","indicator":"no_girls_toilet"}},{"type":"Feature","geometry":{"type":"Point","coordinates":[78.62253,21.2513]},"properties":{"udise":"27090214501","name":"Z.P.PS, SAWALI(P)","state":"MAHARASHTRA","district":"NAGPUR","block":"KATOL","indicator":"no_girls_toilet"}},{"type":"Feature","geometry":{"type":"Point","coordinates":[78.44916,21.33772]},"properties":{"udise":"27090108201","name":"Z.P.UPS,  MAYWADI","state":"MAHARASHTRA","district":"NAGPUR","block":"NARKHED","indicator":"no_girls_toilet"}},{"type":"Feature","geometry":{"type":"Point","coordinates":[79.40891,21.01094]},"properties":{"udise":"27091205901","name":"Z.P.PS, BHATRA","state":"MAHARASHTRA","district":"NAGPUR","block":"KUHI","indicator":"no_girls_toilet"}},{"type":"Feature","geometry":{"type":"Point","coordinates":[78.97451,21.14682]},"properties":{"udise":"27090915806","name":"Z.P. UPS, DEFENCE(HIN.)","state":"MAHARASHTRA","district":"NAGPUR","block":"NAGPUR (GRAMIN)","indicator":"no_girls_toilet"}},{"type":"Feature","geometry":{"type":"Point","coordinates":[79.40615,21.06202]},"properties":{"udise":"27091206401","name":"Z.P.PS, KHOBNA","state":"MAHARASHTRA","district":"NAGPUR","block":"KUHI","indicator":"no_girls_toilet"}},{"type":"Feature","geometry":{"type":"Point","coordinates":[78.86882,21.29168]},"properties":{"udise":"27090308601","name":"Z.P. PS, WADHONA(KH)","state":"MAHARASHTRA","district":"NAGPUR","block":"KALMESHWAR","indicator":"no_girls_toilet"}},{"type":"Feature","geometry":{"type":"Point","coordinates":[79.25593,21.11734]},"properties":{"udise":"27090504401","name":"Z.P.PS,GARLA","state":"MAHARASHTRA","district":"NAGPUR","block":"KAMPTEE","indicator":"no_girls_toilet"}},{"type":"Feature","geometry":{"type":"Point","coordinates":[79.12696,21.08302]},"properties":{"udise":"27090908701","name":"Z.P.PS,HUDKESHWAR BUJRUG","state":"MAHARASHTRA","district":"NAGPUR","block":"NAGPUR (GRAMIN)","indicator":"no_girls_toilet"}},{"type":"Feature","geometry":{"type":"Point","coordinates":[79.36256,21.43321]},"properties":{"udise":"27090609401","name":"Z.P. PS, MANGALI","state":"MAHARASHTRA","district":"NAGPUR","block":"RAMTEK","indicator":"no_girls_toilet"}},{"type":"Feature","geometry":{"type":"Point","coordinates":[78.51976,21.31743]},"properties":{"udise":"27090202101","name":"Z.P.UPS, DIGRAS[BU]","state":"MAHARASHTRA","district":"NAGPUR","block":"KATOL","indicator":"no_girls_toilet"}},{"type":"Feature","geometry":{"type":"Point","coordinates":[79.39966,20.96049]},"properties":{"udise":"27091213901","name":"Z.P.PS, SATARA","state":"MAHARASHTRA","district":"NAGPUR","block":"KUHI","indicator":"no_girls_toilet"}},{"type":"Feature","geometry":{"type":"Point","coordinates":[78.64649,21.13635]},"properties":{"udise":"27090209101","name":"Z.P.UPS, DUDHALA","state":"MAHARASHTRA","district":"NAGPUR","block":"KATOL","indicator":"no_girls_toilet"}},{"type":"Feature","geometry":{"type":"Point","coordinates":[79.02029,20.86898]},"properties":{"udise":"27090910801","name":"Z.P.PS,KHAPRI SUBHEDAR","state":"MAHARASHTRA","district":"NAGPUR","block":"NAGPUR (GRAMIN)","indicator":"no_girls_toilet"}},{"type":"Feature","geometry":{"type":"Point","coordinates":[79.40265,21.31966]},"properties":{"udise":"27090612501","name":"Z.P. PS, KIRNAPUR (KACHURWAHI)","state":"MAHARASHTRA","district":"NAGPUR","block":"RAMTEK","indicator":"no_girls_toilet"}},{"type":"Feature","geometry":{"type":"Point","coordinates":[79.02596,21.41515]},"properties":{"udise":"27090404401","name":"Z.P. PS, DHAKARA","state":"MAHARASHTRA","district":"NAGPUR","block":"SAONER","indicator":"no_girls_toilet"}},{"type":"Feature","geometry":{"type":"Point","coordinates":[79.23095,21.29869]},"properties":{"udise":"27090810301","name":"Z.P. PS, WAGHOLI","state":"MAHARASHTRA","district":"NAGPUR","block":"PARSEONI","indicator":"no_girls_toilet"}},{"type":"Feature","geometry":{"type":"Point","coordinates":[79.42244,21.37947]},"properties":{"udise":"27090611401","name":"Z.P. PS, LOHARA","state":"MAHARASHTRA","district":"NAGPUR","block":"RAMTEK","indicator":"no_girls_toilet"}},{"type":"Feature","geometry":{"type":"Point","coordinates":[79.1401,20.69756]},"properties":{"udise":"27091116801","name":"Z.P. PS, KINHALA(SIRSI)","state":"MAHARASHTRA","district":"NAGPUR","block":"UMRED","indicator":"no_girls_toilet"}},{"type":"Feature","geometry":{"type":"Point","coordinates":[79.04554,21.11059]},"properties":{"udise":"27091511815","name":"ALL SAINTS HIGH SCHOOL","state":"MAHARASHTRA","district":"NAGPUR","block":"URC 2","indicator":"no_girls_toilet"}},{"type":"Feature","geometry":{"type":"Point","coordinates":[79.14849,21.06835]},"properties":{"udise":"27090915201","name":"Z.P.PS, ADYALI","state":"MAHARASHTRA","district":"NAGPUR","block":"NAGPUR (GRAMIN)","indicator":"no_girls_toilet"}},{"type":"Feature","geometry":{"type":"Point","coordinates":[78.70025,21.10406]},"properties":{"udise":"27090212001","name":"Z.P.UPS, MASALA","state":"MAHARASHTRA","district":"NAGPUR","block":"KATOL","indicator":"no_girls_toilet"}},{"type":"Feature","geometry":{"type":"Point","coordinates":[78.73263,21.31419]},"properties":{"udise":"27090203901","name":"Z.P.PS, CHENDKAPUR","state":"MAHARASHTRA","district":"NAGPUR","block":"KATOL","indicator":"no_girls_toilet"}},{"type":"Feature","geometry":{"type":"Point","coordinates":[79.23122,21.01507]},"properties":{"udise":"27091202501","name":"Z.P.PS, SONEGAON","state":"MAHARASHTRA","district":"NAGPUR","block":"KUHI","indicator":"no_girls_toilet"}},{"type":"Feature","geometry":{"type":"Point","coordinates":[79.0838,21.16494]},"properties":{"udise":"27091404313","name":"Shashkiya Bahu Apang Mulanche Sanmishra Kendra","state":"MAHARASHTRA","district":"NAGPUR","block":"URC 1","indicator":"no_girls_toilet"}},{"type":"Feature","geometry":{"type":"Point","coordinates":[79.19638,21.23359]},"properties":{"udise":"27090811002","name":"Z.P. PS, GADE GHAT(JUNIKAMPTEE)","state":"MAHARASHTRA","district":"NAGPUR","block":"PARSEONI","indicator":"no_girls_toilet"}},{"type":"Feature","geometry":{"type":"Point","coordinates":[79.40832,20.70988]},"properties":{"udise":"27091305701","name":"Z.P.PS, JAOLI","state":"MAHARASHTRA","district":"NAGPUR","block":"BHIWAPUR","indicator":"no_girls_toilet"}},{"type":"Feature","geometry":{"type":"Point","coordinates":[78.84817,21.11683]},"properties":{"udise":"27091009401","name":"Z.P. PS, TURAGONDI","state":"MAHARASHTRA","district":"NAGPUR","block":"HINGNA","indicator":"no_girls_toilet"}},{"type":"Feature","geometry":{"type":"Point","coordinates":[79.34501,20.95077]},"properties":{"udise":"27091100701","name":"Z.P. PS, SALAI","state":"MAHARASHTRA","district":"NAGPUR","block":"UMRED","indicator":"no_girls_toilet"}},{"type":"Feature","geometry":{"type":"Point","coordinates":[79.16347,21.05914]},"properties":{"udise":"27090915301","name":"Z.P.UPS,KALMANA","state":"MAHARASHTRA","district":"NAGPUR","block":"NAGPUR (GRAMIN)","indicator":"no_girls_toilet"}},{"type":"Feature","geometry":{"type":"Point","coordinates":[78.52551,21.27979]},"properties":{"udise":"27090216901","name":"Z.P.PS, JUNEWANI","state":"MAHARASHTRA","district":"NAGPUR","block":"KATOL","indicator":"no_girls_toilet"}},{"type":"Feature","geometry":{"type":"Point","coordinates":[79.50866,20.98332]},"properties":{"udise":"27091211101","name":"Z.P.UPS, SHIVANI","state":"MAHARASHTRA","district":"NAGPUR","block":"KUHI","indicator":"no_girls_toilet"}},{"type":"Feature","geometry":{"type":"Point","coordinates":[79.07247,21.41465]},"properties":{"udise":"27090804501","name":"Z.P. PS, SAWALI","state":"MAHARASHTRA","district":"NAGPUR","block":"PARSEONI","indicator":"girls_toilet_nonfunctional"}},{"type":"Feature","geometry":{"type":"Point","coordinates":[79.30415,21.59814]},"properties":{"udise":"27090603201","name":"Z.P. PS, KHAPA","state":"MAHARASHTRA","district":"NAGPUR","block":"RAMTEK","indicator":"girls_toilet_nonfunctional"}},{"type":"Feature","geometry":{"type":"Point","coordinates":[79.33571,21.11664]},"properties":{"udise":"27090506601","name":"Z.P.PS,AASALVADA","state":"MAHARASHTRA","district":"NAGPUR","block":"KAMPTEE","indicator":"girls_toilet_nonfunctional"}},{"type":"Feature","geometry":{"type":"Point","coordinates":[78.78475,21.37474]},"properties":{"udise":"27090307101","name":"Z.P. PS, TISHTI(BU)","state":"MAHARASHTRA","district":"NAGPUR","block":"KALMESHWAR","indicator":"girls_toilet_nonfunctional"}},{"type":"Feature","geometry":{"type":"Point","coordinates":[79.37383,21.43808]},"properties":{"udise":"27090609301","name":"Z.P. PS, GUDEGAON","state":"MAHARASHTRA","district":"NAGPUR","block":"RAMTEK","indicator":"girls_toilet_nonfunctional"}},{"type":"Feature","geometry":{"type":"Point","coordinates":[79.35127,21.44529]},"properties":{"udise":"27090609501","name":"Z.P. PS, NAHAVI","state":"MAHARASHTRA","district":"NAGPUR","block":"RAMTEK","indicator":"girls_toilet_nonfunctional"}},{"type":"Feature","geometry":{"type":"Point","coordinates":[79.41595,21.50079]},"properties":{"udise":"27090607901","name":"Z.P. UPS, PUSDA","state":"MAHARASHTRA","district":"NAGPUR","block":"RAMTEK","indicator":"girls_toilet_nonfunctional"}},{"type":"Feature","geometry":{"type":"Point","coordinates":[79.3021,21.53786]},"properties":{"udise":"27090604201","name":"Z.P. PS, HIWARA (PATHARAI)","state":"MAHARASHTRA","district":"NAGPUR","block":"RAMTEK","indicator":"girls_toilet_nonfunctional"}},{"type":"Feature","geometry":{"type":"Point","coordinates":[78.39475,21.25336]},"properties":{"udise":"27090110001","name":"Z.P. PS, JATLAPUR","state":"MAHARASHTRA","district":"NAGPUR","block":"NARKHED","indicator":"girls_toilet_nonfunctional"}},{"type":"Feature","geometry":{"type":"Point","coordinates":[79.4317,21.54991]},"properties":{"udise":"27090608301","name":"Z.P. PS, FULZARI (HIWARA)","state":"MAHARASHTRA","district":"NAGPUR","block":"RAMTEK","indicator":"girls_toilet_nonfunctional"}},{"type":"Feature","geometry":{"type":"Point","coordinates":[79.18768,21.32491]},"properties":{"udise":"27090810101","name":"Z.P. PS, BAKHARI","state":"MAHARASHTRA","district":"NAGPUR","block":"PARSEONI","indicator":"girls_toilet_nonfunctional"}},{"type":"Feature","geometry":{"type":"Point","coordinates":[79.53717,20.97281]},"properties":{"udise":"27091210501","name":"Z.P.UPS, KHEIRLANJI","state":"MAHARASHTRA","district":"NAGPUR","block":"KUHI","indicator":"girls_toilet_nonfunctional"}},{"type":"Feature","geometry":{"type":"Point","coordinates":[78.53312,21.42086]},"properties":{"udise":"27090105401","name":"Z.P.UPS, MOHDI DHOTRA","state":"MAHARASHTRA","district":"NAGPUR","block":"NARKHED","indicator":"girls_toilet_nonfunctional"}},{"type":"Feature","geometry":{"type":"Point","coordinates":[79.08784,20.91633]},"properties":{"udise":"27091108003","name":"Z.P. PS, BENDOLI","state":"MAHARASHTRA","district":"NAGPUR","block":"UMRED","indicator":"girls_toilet_nonfunctional"}},{"type":"Feature","geometry":{"type":"Point","coordinates":[79.1982,21.2266]},"properties":{"udise":"27090507679","name":"CANTONMENT BOARD ENGLISH PRY. SCH. KAMPTEE","state":"MAHARASHTRA","district":"NAGPUR","block":"KAMPTEE","indicator":"girls_toilet_nonfunctional"}},{"type":"Feature","geometry":{"type":"Point","coordinates":[78.6168,21.17963]},"properties":{"udise":"27090208501","name":"Z.P.PS, MENDHEPATHAR(JANGALI)","state":"MAHARASHTRA","district":"NAGPUR","block":"KATOL","indicator":"girls_toilet_nonfunctional"}},{"type":"Feature","geometry":{"type":"Point","coordinates":[79.35946,21.08476]},"properties":{"udise":"27090501201","name":"Z.P.PS,MANGLI","state":"MAHARASHTRA","district":"NAGPUR","block":"KAMPTEE","indicator":"girls_toilet_nonfunctional"}},{"type":"Feature","geometry":{"type":"Point","coordinates":[79.06685,21.30984]},"properties":{"udise":"27090410401","name":"Z.P. UPS, PIPLADB","state":"MAHARASHTRA","district":"NAGPUR","block":"SAONER","indicator":"girls_toilet_nonfunctional"}},{"type":"Feature","geometry":{"type":"Point","coordinates":[79.08143,21.60001]},"properties":{"udise":"27090800101","name":"Z.P. PS, GHATKUKDA","state":"MAHARASHTRA","district":"NAGPUR","block":"PARSEONI","indicator":"girls_toilet_nonfunctional"}},{"type":"Feature","geometry":{"type":"Point","coordinates":[79.35413,21.35974]},"properties":{"udise":"27090613002","name":"Z.P. PS, SANGRAMPURTOLA","state":"MAHARASHTRA","district":"NAGPUR","block":"RAMTEK","indicator":"girls_toilet_nonfunctional"}},{"type":"Feature","geometry":{"type":"Point","coordinates":[79.32213,20.85535]},"properties":{"udise":"27091119432","name":"NIRMAL CONVENT PS, PARSODI, UMRED","state":"MAHARASHTRA","district":"NAGPUR","block":"UMRED","indicator":"girls_toilet_nonfunctional"}},{"type":"Feature","geometry":{"type":"Point","coordinates":[79.00409,20.75082]},"properties":{"udise":"27091102701","name":"Z.P. PS, PAWNI","state":"MAHARASHTRA","district":"NAGPUR","block":"UMRED","indicator":"girls_toilet_nonfunctional"}},{"type":"Feature","geometry":{"type":"Point","coordinates":[79.06228,21.27737]},"properties":{"udise":"27090502501","name":"Z.P.UPS,LONKHAIRI","state":"MAHARASHTRA","district":"NAGPUR","block":"KAMPTEE","indicator":"girls_toilet_nonfunctional"}},{"type":"Feature","geometry":{"type":"Point","coordinates":[79.36518,21.5811]},"properties":{"udise":"27090615001","name":"Z.P. PS, RAMTEKDI","state":"MAHARASHTRA","district":"NAGPUR","block":"RAMTEK","indicator":"girls_toilet_nonfunctional"}},{"type":"Feature","geometry":{"type":"Point","coordinates":[79.26766,21.55765]},"properties":{"udise":"27090603401","name":"Z.P. UPS, GHOTI","state":"MAHARASHTRA","district":"NAGPUR","block":"RAMTEK","indicator":"girls_toilet_nonfunctional"}},{"type":"Feature","geometry":{"type":"Point","coordinates":[79.42472,21.49378]},"properties":{"udise":"27090608701","name":"Z.P. UPS, GHOTI (RAMJAN)","state":"MAHARASHTRA","district":"NAGPUR","block":"RAMTEK","indicator":"girls_toilet_nonfunctional"}},{"type":"Feature","geometry":{"type":"Point","coordinates":[79.20279,21.17258]},"properties":{"udise":"27090507401","name":"Z.P.PS,SHIRPUR","state":"MAHARASHTRA","district":"NAGPUR","block":"KAMPTEE","indicator":"girls_toilet_nonfunctional"}},{"type":"Feature","geometry":{"type":"Point","coordinates":[79.38033,21.43724]},"properties":{"udise":"27090609101","name":"Z.P. PS, MURDA","state":"MAHARASHTRA","district":"NAGPUR","block":"RAMTEK","indicator":"girls_toilet_nonfunctional"}},{"type":"Feature","geometry":{"type":"Point","coordinates":[79.27601,20.90095]},"properties":{"udise":"27091117901","name":"PM SHRI Z.P. UPS, UDASA","state":"MAHARASHTRA","district":"NAGPUR","block":"UMRED","indicator":"girls_toilet_nonfunctional"}},{"type":"Feature","geometry":{"type":"Point","coordinates":[79.24579,20.89067]},"properties":{"udise":"27091117401","name":"Z.P. UPS, HEVTI","state":"MAHARASHTRA","district":"NAGPUR","block":"UMRED","indicator":"girls_toilet_nonfunctional"}},{"type":"Feature","geometry":{"type":"Point","coordinates":[79.00526,20.83688]},"properties":{"udise":"27090911301","name":"Z.P.UPS,RAMA","state":"MAHARASHTRA","district":"NAGPUR","block":"NAGPUR (GRAMIN)","indicator":"girls_toilet_nonfunctional"}},{"type":"Feature","geometry":{"type":"Point","coordinates":[79.38027,21.43726]},"properties":{"udise":"27090608901","name":"Z.P. UPS MUSEWADI","state":"MAHARASHTRA","district":"NAGPUR","block":"RAMTEK","indicator":"girls_toilet_nonfunctional"}},{"type":"Feature","geometry":{"type":"Point","coordinates":[79.27369,21.18715]},"properties":{"udise":"27090507101","name":"Z.P.UPS,NERI","state":"MAHARASHTRA","district":"NAGPUR","block":"KAMPTEE","indicator":"girls_toilet_nonfunctional"}},{"type":"Feature","geometry":{"type":"Point","coordinates":[79.29078,20.65271]},"properties":{"udise":"27091310502","name":"PM SHRI Z.P.PS (GIRLS), NAND","state":"MAHARASHTRA","district":"NAGPUR","block":"BHIWAPUR","indicator":"girls_toilet_nonfunctional"}},{"type":"Feature","geometry":{"type":"Point","coordinates":[79.25176,21.57697]},"properties":{"udise":"27090603301","name":"Z.P. PS, FULZARI","state":"MAHARASHTRA","district":"NAGPUR","block":"RAMTEK","indicator":"girls_toilet_nonfunctional"}},{"type":"Feature","geometry":{"type":"Point","coordinates":[79.34075,21.46027]},"properties":{"udise":"27090609901","name":"Z.P. PS, MUKNAPUR","state":"MAHARASHTRA","district":"NAGPUR","block":"RAMTEK","indicator":"girls_toilet_nonfunctional"}},{"type":"Feature","geometry":{"type":"Point","coordinates":[78.82219,21.31045]},"properties":{"udise":"27090306101","name":"Z.P. PS, SAWANDRI","state":"MAHARASHTRA","district":"NAGPUR","block":"KALMESHWAR","indicator":"girls_toilet_nonfunctional"}},{"type":"Feature","geometry":{"type":"Point","coordinates":[79.39443,20.91227]},"properties":{"udise":"27091214501","name":"Z.P.PS, PACHAKHEDI TARNA","state":"MAHARASHTRA","district":"NAGPUR","block":"KUHI","indicator":"girls_toilet_nonfunctional"}},{"type":"Feature","geometry":{"type":"Point","coordinates":[79.17846,21.10193]},"properties":{"udise":"27090505301","name":"Z.P.PS,PANDHURNA","state":"MAHARASHTRA","district":"NAGPUR","block":"KAMPTEE","indicator":"girls_toilet_nonfunctional"}},{"type":"Feature","geometry":{"type":"Point","coordinates":[79.37833,20.83076]},"properties":{"udise":"27091111401","name":"Z.P. PS, KARANDALA","state":"MAHARASHTRA","district":"NAGPUR","block":"UMRED","indicator":"girls_toilet_nonfunctional"}},{"type":"Feature","geometry":{"type":"Point","coordinates":[79.23825,21.25963]},"properties":{"udise":"27090810811","name":"SAIBABA ANUDANIT AADIWASI ASHRAM SCOOL,TEKADI","state":"MAHARASHTRA","district":"NAGPUR","block":"PARSEONI","indicator":"girls_toilet_nonfunctional"}},{"type":"Feature","geometry":{"type":"Point","coordinates":[78.83014,21.32292]},"properties":{"udise":"27090302701","name":"Z.P. UPS, KHUMARI","state":"MAHARASHTRA","district":"NAGPUR","block":"KALMESHWAR","indicator":"girls_toilet_nonfunctional"}},{"type":"Feature","geometry":{"type":"Point","coordinates":[79.01304,21.57264]},"properties":{"udise":"27090411201","name":"Z.P. UPS, NAGALWADI","state":"MAHARASHTRA","district":"NAGPUR","block":"SAONER","indicator":"girls_toilet_nonfunctional"}},{"type":"Feature","geometry":{"type":"Point","coordinates":[79.0283,21.30551]},"properties":{"udise":"27090502701","name":"Z.P.UPS,BABHULKHEDA","state":"MAHARASHTRA","district":"NAGPUR","block":"KAMPTEE","indicator":"girls_toilet_nonfunctional"}},{"type":"Feature","geometry":{"type":"Point","coordinates":[79.28766,21.04718]},"properties":{"udise":"27091216901","name":"Z.P.PS, TARNI","state":"MAHARASHTRA","district":"NAGPUR","block":"KUHI","indicator":"girls_toilet_nonfunctional"}},{"type":"Feature","geometry":{"type":"Point","coordinates":[79.33369,21.36279]},"properties":{"udise":"27090613701","name":"Z.P. PS, UDAPUR","state":"MAHARASHTRA","district":"NAGPUR","block":"RAMTEK","indicator":"girls_toilet_nonfunctional"}},{"type":"Feature","geometry":{"type":"Point","coordinates":[79.29752,21.54941]},"properties":{"udise":"27090604301","name":"Z.P. PS, SALAI (PIPRIYA)","state":"MAHARASHTRA","district":"NAGPUR","block":"RAMTEK","indicator":"girls_toilet_nonfunctional"}},{"type":"Feature","geometry":{"type":"Point","coordinates":[79.43879,21.66544]},"properties":{"udise":"27090614901","name":"Z.P. PS, MANSARAMTOLA","state":"MAHARASHTRA","district":"NAGPUR","block":"RAMTEK","indicator":"girls_toilet_nonfunctional"}},{"type":"Feature","geometry":{"type":"Point","coordinates":[79.1528,21.04317]},"properties":{"udise":"27090915501","name":"Z.P.PS,NIMBA","state":"MAHARASHTRA","district":"NAGPUR","block":"NAGPUR (GRAMIN)","indicator":"girls_toilet_nonfunctional"}},{"type":"Feature","geometry":{"type":"Point","coordinates":[78.9788,21.22189]},"properties":{"udise":"27090906501","name":"Z.P.PS,KHANDALA","state":"MAHARASHTRA","district":"NAGPUR","block":"NAGPUR (GRAMIN)","indicator":"girls_toilet_nonfunctional"}},{"type":"Feature","geometry":{"type":"Point","coordinates":[79.35601,21.45123]},"properties":{"udise":"27090609601","name":"Z.P. PS, MAHARAJPUR","state":"MAHARASHTRA","district":"NAGPUR","block":"RAMTEK","indicator":"girls_toilet_nonfunctional"}},{"type":"Feature","geometry":{"type":"Point","coordinates":[79.25931,21.27728]},"properties":{"udise":"27090810001","name":"Z.P. UPS, BORDA GANESHI","state":"MAHARASHTRA","district":"NAGPUR","block":"PARSEONI","indicator":"girls_toilet_nonfunctional"}},{"type":"Feature","geometry":{"type":"Point","coordinates":[78.8003,20.9531]},"properties":{"udise":"27091006001","name":"Z.P. PS, KAJALI","state":"MAHARASHTRA","district":"NAGPUR","block":"HINGNA","indicator":"girls_toilet_nonfunctional"}},{"type":"Feature","geometry":{"type":"Point","coordinates":[79.20291,21.216]},"properties":{"udise":"27090507621","name":"N.P. PS,(U) GIRLS NO.3 MODI,KAMP","state":"MAHARASHTRA","district":"NAGPUR","block":"KAMPTEE","indicator":"girls_toilet_nonfunctional"}},{"type":"Feature","geometry":{"type":"Point","coordinates":[79.55516,20.95358]},"properties":{"udise":"27091204301","name":"Z.P. UPS, TAROLI","state":"MAHARASHTRA","district":"NAGPUR","block":"KUHI","indicator":"girls_toilet_nonfunctional"}},{"type":"Feature","geometry":{"type":"Point","coordinates":[79.08666,21.4377]},"properties":{"udise":"27090804701","name":"Z.P. PS, KANHADEVI","state":"MAHARASHTRA","district":"NAGPUR","block":"PARSEONI","indicator":"girls_toilet_nonfunctional"}},{"type":"Feature","geometry":{"type":"Point","coordinates":[79.36615,21.37218]},"properties":{"udise":"27090612001","name":"Z.P. UPS, NAWARGAON","state":"MAHARASHTRA","district":"NAGPUR","block":"RAMTEK","indicator":"girls_toilet_nonfunctional"}},{"type":"Feature","geometry":{"type":"Point","coordinates":[78.48417,21.4055]},"properties":{"udise":"27090105001","name":"Z.P.UPS, DINDERGAON","state":"MAHARASHTRA","district":"NAGPUR","block":"NARKHED","indicator":"girls_toilet_nonfunctional"}},{"type":"Feature","geometry":{"type":"Point","coordinates":[79.47183,21.39147]},"properties":{"udise":"27090610501","name":"Z.P. PS, SHIWANI (BHONDKI)","state":"MAHARASHTRA","district":"NAGPUR","block":"RAMTEK","indicator":"girls_toilet_nonfunctional"}},{"type":"Feature","geometry":{"type":"Point","coordinates":[78.80357,21.13114]},"properties":{"udise":"27090901402","name":"Z.P. UPS, SATNAVARI","state":"MAHARASHTRA","district":"NAGPUR","block":"NAGPUR (GRAMIN)","indicator":"girls_toilet_nonfunctional"}},{"type":"Feature","geometry":{"type":"Point","coordinates":[79.13303,21.50675]},"properties":{"udise":"27090801601","name":"Z.P. PS, SHILADEVI","state":"MAHARASHTRA","district":"NAGPUR","block":"PARSEONI","indicator":"girls_toilet_nonfunctional"}},{"type":"Feature","geometry":{"type":"Point","coordinates":[79.37005,21.58779]},"properties":{"udise":"27090604401","name":"Z.P. PS, DEOLAPAR","state":"MAHARASHTRA","district":"NAGPUR","block":"RAMTEK","indicator":"girls_toilet_nonfunctional"}},{"type":"Feature","geometry":{"type":"Point","coordinates":[79.41321,21.28963]},"properties":{"udise":"27090707701","name":"Z.P.PS, TUMAN","state":"MAHARASHTRA","district":"NAGPUR","block":"MOUDA","indicator":"girls_toilet_nonfunctional"}},{"type":"Feature","geometry":{"type":"Point","coordinates":[79.51997,20.76181]},"properties":{"udise":"27091301702","name":"Z.P.PS(GIRLS), BHIWAPUR","state":"MAHARASHTRA","district":"NAGPUR","block":"BHIWAPUR","indicator":"girls_toilet_nonfunctional"}},{"type":"Feature","geometry":{"type":"Point","coordinates":[79.16261,20.85153]},"properties":{"udise":"27091109701","name":"Z.P.  PS, TAMBEKHANI","state":"MAHARASHTRA","district":"NAGPUR","block":"UMRED","indicator":"girls_toilet_nonfunctional"}},{"type":"Feature","geometry":{"type":"Point","coordinates":[79.25294,21.40088]},"properties":{"udise":"27090601201","name":"Z. P. PS, HETITOLA","state":"MAHARASHTRA","district":"NAGPUR","block":"RAMTEK","indicator":"girls_toilet_nonfunctional"}},{"type":"Feature","geometry":{"type":"Point","coordinates":[78.73114,21.35281]},"properties":{"udise":"27090306801","name":"Z.P. PS, NANDIKHEDA","state":"MAHARASHTRA","district":"NAGPUR","block":"KALMESHWAR","indicator":"girls_toilet_nonfunctional"}},{"type":"Feature","geometry":{"type":"Point","coordinates":[79.04824,21.29705]},"properties":{"udise":"27090503201","name":"Z.P.PS,CHICHOLI","state":"MAHARASHTRA","district":"NAGPUR","block":"KAMPTEE","indicator":"girls_toilet_nonfunctional"}},{"type":"Feature","geometry":{"type":"Point","coordinates":[79.31283,20.89739]},"properties":{"udise":"27091117501","name":"Z.P. UPS, THOMBRA","state":"MAHARASHTRA","district":"NAGPUR","block":"UMRED","indicator":"girls_toilet_nonfunctional"}},{"type":"Feature","geometry":{"type":"Point","coordinates":[78.73715,21.39847]},"properties":{"udise":"27090100301","name":"Z.P. UPS, MOHGAON BHADADE","state":"MAHARASHTRA","district":"NAGPUR","block":"NARKHED","indicator":"girls_toilet_nonfunctional"}},{"type":"Feature","geometry":{"type":"Point","coordinates":[79.39467,21.53505]},"properties":{"udise":"27090608601","name":"Z.P. PS, TUMDITOLA","state":"MAHARASHTRA","district":"NAGPUR","block":"RAMTEK","indicator":"girls_toilet_nonfunctional"}},{"type":"Feature","geometry":{"type":"Point","coordinates":[79.05127,21.52326]},"properties":{"udise":"27090801101","name":"Z.P. PS, SALEGHAT","state":"MAHARASHTRA","district":"NAGPUR","block":"PARSEONI","indicator":"girls_toilet_nonfunctional"}},{"type":"Feature","geometry":{"type":"Point","coordinates":[79.32574,21.42856]},"properties":{"udise":"27090610301","name":"Z.P. PS, CHOUGAN","state":"MAHARASHTRA","district":"NAGPUR","block":"RAMTEK","indicator":"girls_toilet_nonfunctional"}},{"type":"Feature","geometry":{"type":"Point","coordinates":[79.06226,21.27742]},"properties":{"udise":"27090502402","name":"Z.P.PS,NANDA (JUNA)","state":"MAHARASHTRA","district":"NAGPUR","block":"KAMPTEE","indicator":"girls_toilet_nonfunctional"}},{"type":"Feature","geometry":{"type":"Point","coordinates":[79.43457,20.98922]},"properties":{"udise":"27091209601","name":"Z.P.UPS, KATARA","state":"MAHARASHTRA","district":"NAGPUR","block":"KUHI","indicator":"girls_toilet_nonfunctional"}},{"type":"Feature","geometry":{"type":"Point","coordinates":[79.3037,21.52382]},"properties":{"udise":"27090602601","name":"Z.P. PS, BANJARTOLA","state":"MAHARASHTRA","district":"NAGPUR","block":"RAMTEK","indicator":"girls_toilet_nonfunctional"}},{"type":"Feature","geometry":{"type":"Point","coordinates":[79.31662,21.43644]},"properties":{"udise":"27090610001","name":"Z.P. UPS, BHONDEWADA","state":"MAHARASHTRA","district":"NAGPUR","block":"RAMTEK","indicator":"girls_toilet_nonfunctional"}},{"type":"Feature","geometry":{"type":"Point","coordinates":[79.49266,21.38679]},"properties":{"udise":"27090610601","name":"Z.P. UPS, KIRNAPUR (SHIWANI)","state":"MAHARASHTRA","district":"NAGPUR","block":"RAMTEK","indicator":"girls_toilet_nonfunctional"}},{"type":"Feature","geometry":{"type":"Point","coordinates":[79.53707,20.97274]},"properties":{"udise":"27091210401","name":"Z.P.PS, KESORI","state":"MAHARASHTRA","district":"NAGPUR","block":"KUHI","indicator":"girls_toilet_nonfunctional"}},{"type":"Feature","geometry":{"type":"Point","coordinates":[79.43963,21.04807]},"properties":{"udise":"27091200601","name":"Z.P.PS, HUDPA","state":"MAHARASHTRA","district":"NAGPUR","block":"KUHI","indicator":"girls_toilet_nonfunctional"}},{"type":"Feature","geometry":{"type":"Point","coordinates":[78.45417,21.36128]},"properties":{"udise":"27090111601","name":"Z.P. PS, BHARSINGI","state":"MAHARASHTRA","district":"NAGPUR","block":"NARKHED","indicator":"girls_toilet_nonfunctional"}},{"type":"Feature","geometry":{"type":"Point","coordinates":[79.42779,21.35848]},"properties":{"udise":"27090611501","name":"Z.P. PS, GHOTI (MAHADULA)","state":"MAHARASHTRA","district":"NAGPUR","block":"RAMTEK","indicator":"girls_toilet_nonfunctional"}},{"type":"Feature","geometry":{"type":"Point","coordinates":[78.47706,21.38725]},"properties":{"udise":"27090111901","name":"Z.P. PS, PIMPALGAON(RAUT)","state":"MAHARASHTRA","district":"NAGPUR","block":"NARKHED","indicator":"girls_toilet_nonfunctional"}},{"type":"Feature","geometry":{"type":"Point","coordinates":[77.78525,19.30478]},"properties":{"udise":"27151408101","name":"ZILLA PARISHAD PRIMARY SCHOOL WAI","state":"MAHARASHTRA","district":"NANDED","block":"HIMAYAT NAGAR","indicator":"no_girls_toilet"}},{"type":"Feature","geometry":{"type":"Point","coordinates":[77.73189,18.94789]},"properties":{"udise":"27151004701","name":"ZILLA PARISHAD PRIMARY SCHOOL  VILEGAON D","state":"MAHARASHTRA","district":"NANDED","block":"DHARMABAD","indicator":"no_girls_toilet"}},{"type":"Feature","geometry":{"type":"Point","coordinates":[77.90179,19.85658]},"properties":{"udise":"27151605713","name":"ZPPS SAATGHARI NAVI","state":"MAHARASHTRA","district":"NANDED","block":"MAHOOR","indicator":"no_girls_toilet"}},{"type":"Feature","geometry":{"type":"Point","coordinates":[77.54739,19.5641]},"properties":{"udise":"27151310214","name":"ZPPS VARULA","state":"MAHARASHTRA","district":"NANDED","block":"HADGAON","indicator":"no_girls_toilet"}},{"type":"Feature","geometry":{"type":"Point","coordinates":[77.37112,18.54264]},"properties":{"udise":"27150602501","name":"ZPPS BHENDEGAON (BK)","state":"MAHARASHTRA","district":"NANDED","block":"MUKHED","indicator":"no_girls_toilet"}},{"type":"Feature","geometry":{"type":"Point","coordinates":[77.39838,18.44916]},"properties":{"udise":"27150616802","name":"ZPPS RAMCHANDRA TANDA","state":"MAHARASHTRA","district":"NANDED","block":"MUKHED","indicator":"no_girls_toilet"}},{"type":"Feature","geometry":{"type":"Point","coordinates":[77.68891,18.78147]},"properties":{"udise":"27150802102","name":"SECONDARY ASHRAM SCH. DAGDAPUR","state":"MAHARASHTRA","district":"NANDED","block":"BILOLI","indicator":"no_girls_toilet"}},{"type":"Feature","geometry":{"type":"Point","coordinates":[77.63241,19.07947]},"properties":{"udise":"27151203101","name":"ZPPS ISHWARNAGAR","state":"MAHARASHTRA","district":"NANDED","block":"UMRI","indicator":"no_girls_toilet"}},{"type":"Feature","geometry":{"type":"Point","coordinates":[77.1123,18.83863]},"properties":{"udise":"27150508103","name":"ZPPS LIMBATANDA","state":"MAHARASHTRA","district":"NANDED","block":"KANDHAR","indicator":"no_girls_toilet"}},{"type":"Feature","geometry":{"type":"Point","coordinates":[78.13541,19.53466]},"properties":{"udise":"27151512901","name":"ZPPS PENDA","state":"MAHARASHTRA","district":"NANDED","block":"KINWAT","indicator":"no_girls_toilet"}},{"type":"Feature","geometry":{"type":"Point","coordinates":[77.39778,18.63837]},"properties":{"udise":"27150607402","name":"ZPPS JAMBHLITANDA","state":"MAHARASHTRA","district":"NANDED","block":"MUKHED","indicator":"no_girls_toilet"}},{"type":"Feature","geometry":{"type":"Point","coordinates":[77.9756,19.71781]},"properties":{"udise":"27151609201","name":"ZPPS SIRANJANI","state":"MAHARASHTRA","district":"NANDED","block":"MAHOOR","indicator":"no_girls_toilet"}},{"type":"Feature","geometry":{"type":"Point","coordinates":[77.51281,19.15086]},"properties":{"udise":"27150300125","name":"ZILLA PARISHAD PRIMARY SCHOOL  NEW ABADI MUDKHED","state":"MAHARASHTRA","district":"NANDED","block":"MUDKHED","indicator":"no_girls_toilet"}},{"type":"Feature","geometry":{"type":"Point","coordinates":[77.39965,18.49936]},"properties":{"udise":"27150602101","name":"ZPPS BHASWADI","state":"MAHARASHTRA","district":"NANDED","block":"MUKHED","indicator":"no_girls_toilet"}},{"type":"Feature","geometry":{"type":"Point","coordinates":[77.04857,18.79528]},"properties":{"udise":"27150408101","name":"ZPPS LIMBOTI","state":"MAHARASHTRA","district":"NANDED","block":"LOHA","indicator":"no_girls_toilet"}},{"type":"Feature","geometry":{"type":"Point","coordinates":[77.75538,18.74487]},"properties":{"udise":"27150804402","name":"NEW ZILLA PARISHAD PRIMARY SCHOOL KARLA KH","state":"MAHARASHTRA","district":"NANDED","block":"BILOLI","indicator":"no_girls_toilet"}},{"type":"Feature","geometry":{"type":"Point","coordinates":[77.12296,18.9535]},"properties":{"udise":"27150408307","name":"ZPCPS KANYA LOHA","state":"MAHARASHTRA","district":"NANDED","block":"LOHA","indicator":"no_girls_toilet"}},{"type":"Feature","geometry":{"type":"Point","coordinates":[78.26717,19.48973]},"properties":{"udise":"27151512802","name":"ZPPS SHASHTRI NAGAR","state":"MAHARASHTRA","district":"NANDED","block":"KINWAT","indicator":"no_girls_toilet"}},{"type":"Feature","geometry":{"type":"Point","coordinates":[78.17027,19.29692]},"properties":{"udise":"27151505801","name":"ZPPS GONDJEVELI TANDA","state":"MAHARASHTRA","district":"NANDED","block":"KINWAT","indicator":"no_girls_toilet"}},{"type":"Feature","geometry":{"type":"Point","coordinates":[77.3062,19.09478]},"properties":{"udise":"27151705406","name":"ZPPS ASDWAN","state":"MAHARASHTRA","district":"NANDED","block":"NANDED M.C.","indicator":"no_girls_toilet"}},{"type":"Feature","geometry":{"type":"Point","coordinates":[77.66632,19.33461]},"properties":{"udise":"27151316708","name":"ZPPS YPHANA KH.","state":"MAHARASHTRA","district":"NANDED","block":"HADGAON","indicator":"no_girls_toilet"}},{"type":"Feature","geometry":{"type":"Point","coordinates":[77.38591,18.61255]},"properties":{"udise":"27150608701","name":"ZPPS KASARWADI","state":"MAHARASHTRA","district":"NANDED","block":"MUKHED","indicator":"no_girls_toilet"}},{"type":"Feature","geometry":{"type":"Point","coordinates":[77.29422,19.15366]},"properties":{"udise":"27150102604","name":"ZILLA PARISHED PRIMANRY SCHOOL  NEW HASSAPUR","state":"MAHARASHTRA","district":"NANDED","block":"NANDED","indicator":"no_girls_toilet"}},{"type":"Feature","geometry":{"type":"Point","coordinates":[78.16647,19.79888]},"properties":{"udise":"27151514302","name":"ZPPS RINGANWADI","state":"MAHARASHTRA","district":"NANDED","block":"KINWAT","indicator":"no_girls_toilet"}},{"type":"Feature","geometry":{"type":"Point","coordinates":[77.3587,18.46043]},"properties":{"udise":"27150612401","name":"ZPPS PARATPUR","state":"MAHARASHTRA","district":"NANDED","block":"MUKHED","indicator":"no_girls_toilet"}},{"type":"Feature","geometry":{"type":"Point","coordinates":[77.40863,18.45031]},"properties":{"udise":"27150621901","name":"ZPPS REKHANAIKTANDA","state":"MAHARASHTRA","district":"NANDED","block":"MUKHED","indicator":"no_girls_toilet"}},{"type":"Feature","geometry":{"type":"Point","coordinates":[77.35618,18.78125]},"properties":{"udise":"27150504401","name":"ZPCPS GONAR","state":"MAHARASHTRA","district":"NANDED","block":"KANDHAR","indicator":"no_girls_toilet"}},{"type":"Feature","geometry":{"type":"Point","coordinates":[77.58631,18.89647]},"properties":{"udise":"27150907602","name":"Z.P.N.P.S. CHARWADI","state":"MAHARASHTRA","district":"NANDED","block":"NAIGAON","indicator":"no_girls_toilet"}},{"type":"Feature","geometry":{"type":"Point","coordinates":[78.17124,19.44495]},"properties":{"udise":"27151504901","name":"ZPPS DONGARGAON TANDA","state":"MAHARASHTRA","district":"NANDED","block":"KINWAT","indicator":"no_girls_toilet"}},{"type":"Feature","geometry":{"type":"Point","coordinates":[78.20923,19.47534]},"properties":{"udise":"27151504801","name":"ZPPS DONGERGAON (SIN)","state":"MAHARASHTRA","district":"NANDED","block":"KINWAT","indicator":"no_girls_toilet"}},{"type":"Feature","geometry":{"type":"Point","coordinates":[77.68773,19.59918]},"properties":{"udise":"27151308916","name":"ZPPS VITHALWADI","state":"MAHARASHTRA","district":"NANDED","block":"HADGAON","indicator":"no_girls_toilet"}},{"type":"Feature","geometry":{"type":"Point","coordinates":[77.38379,19.00496]},"properties":{"udise":"27150406506","name":"ZPPS NEW ABADI KAPSHI BU","state":"MAHARASHTRA","district":"NANDED","block":"LOHA","indicator":"no_girls_toilet"}},{"type":"Feature","geometry":{"type":"Point","coordinates":[77.69904,19.33465]},"properties":{"udise":"27151316701","name":"ZILLA PARISHAD CENTRAL PRAIMARY SCHOOL YEOLI","state":"MAHARASHTRA","district":"NANDED","block":"HADGAON","indicator":"no_girls_toilet"}},{"type":"Feature","geometry":{"type":"Point","coordinates":[77.28974,18.58404]},"properties":{"udise":"27150610803","name":"ZPPS MANJRITANDA","state":"MAHARASHTRA","district":"NANDED","block":"MUKHED","indicator":"no_girls_toilet"}},{"type":"Feature","geometry":{"type":"Point","coordinates":[77.96146,19.44103]},"properties":{"udise":"27151402301","name":"ZILLA PARISHAD PRIMARY SCSHOOL GODHAN TANDA","state":"MAHARASHTRA","district":"NANDED","block":"HIMAYAT NAGAR","indicator":"no_girls_toilet"}},{"type":"Feature","geometry":{"type":"Point","coordinates":[78.16223,19.46751]},"properties":{"udise":"27151515101","name":"ZPPS SAVARI","state":"MAHARASHTRA","district":"NANDED","block":"KINWAT","indicator":"no_girls_toilet"}},{"type":"Feature","geometry":{"type":"Point","coordinates":[77.54228,18.31681]},"properties":{"udise":"27150711103","name":"ZPPS GUTTI TANDA","state":"MAHARASHTRA","district":"NANDED","block":"DEGLOOR","indicator":"no_girls_toilet"}},{"type":"Feature","geometry":{"type":"Point","coordinates":[77.32301,18.51213]},"properties":{"udise":"27150619501","name":"ZPPS HONANAIKTANDA","state":"MAHARASHTRA","district":"NANDED","block":"MUKHED","indicator":"no_girls_toilet"}},{"type":"Feature","geometry":{"type":"Point","coordinates":[78.27021,19.49977]},"properties":{"udise":"27151500601","name":"ZPPS ANDBORI CHI","state":"MAHARASHTRA","district":"NANDED","block":"KINWAT","indicator":"no_girls_toilet"}},{"type":"Feature","geometry":{"type":"Point","coordinates":[78.12455,19.27275]},"properties":{"udise":"27151509301","name":"ZPPS MALAKJAM TANDA","state":"MAHARASHTRA","district":"NANDED","block":"KINWAT","indicator":"no_girls_toilet"}},{"type":"Feature","geometry":{"type":"Point","coordinates":[77.66,19.49148]},"properties":{"udise":"27151305002","name":"Z.P.P.S. , HADGAON TANDA","state":"MAHARASHTRA","district":"NANDED","block":"HADGAON","indicator":"no_girls_toilet"}},{"type":"Feature","geometry":{"type":"Point","coordinates":[77.63181,18.65234]},"properties":{"udise":"27150807802","name":"NEW ZPPS SAVALITHADI","state":"MAHARASHTRA","district":"NANDED","block":"BILOLI","indicator":"no_girls_toilet"}},{"type":"Feature","geometry":{"type":"Point","coordinates":[77.51501,19.07867]},"properties":{"udise":"27150304101","name":"ZPPS PANGARGAON","state":"MAHARASHTRA","district":"NANDED","block":"MUDKHED","indicator":"no_girls_toilet"}},{"type":"Feature","geometry":{"type":"Point","coordinates":[77.50471,19.34314]},"properties":{"udise":"27151305808","name":"ZPPS DAKYACHIWADI","state":"MAHARASHTRA","district":"NANDED","block":"HADGAON","indicator":"no_girls_toilet"}},{"type":"Feature","geometry":{"type":"Point","coordinates":[78.2056,19.71579]},"properties":{"udise":"27151500503","name":"ZPPS VARGUDA","state":"MAHARASHTRA","district":"NANDED","block":"KINWAT","indicator":"no_girls_toilet"}},{"type":"Feature","geometry":{"type":"Point","coordinates":[77.31589,19.17878]},"properties":{"udise":"27150407901","name":"ZPPS LANDGEWADI","state":"MAHARASHTRA","district":"NANDED","block":"LOHA","indicator":"no_girls_toilet"}},{"type":"Feature","geometry":{"type":"Point","coordinates":[77.46124,19.24433]},"properties":{"udise":"27150303201","name":"ZPPS TORNATANDA","state":"MAHARASHTRA","district":"NANDED","block":"MUDKHED","indicator":"no_girls_toilet"}},{"type":"Feature","geometry":{"type":"Point","coordinates":[77.65259,18.99374]},"properties":{"udise":"27151205001","name":"ZPPS NAGTHANA KH","state":"MAHARASHTRA","district":"NANDED","block":"UMRI","indicator":"no_girls_toilet"}},{"type":"Feature","geometry":{"type":"Point","coordinates":[77.25703,19.3079]},"properties":{"udise":"27150201701","name":"ZPPS DHAMDARI","state":"MAHARASHTRA","district":"NANDED","block":"ARDHAPUR","indicator":"no_girls_toilet"}},{"type":"Feature","geometry":{"type":"Point","coordinates":[78.20626,19.50182]},"properties":{"udise":"27151516903","name":"Z.PPS WALKI (THARA)","state":"MAHARASHTRA","district":"NANDED","block":"KINWAT","indicator":"no_girls_toilet"}},{"type":"Feature","geometry":{"type":"Point","coordinates":[77.71575,18.90994]},"properties":{"udise":"27151001601","name":"ZILLA PARISHAD PRIMARY SCHOOL  CHOLAKHA","state":"MAHARASHTRA","district":"NANDED","block":"DHARMABAD","indicator":"no_girls_toilet"}},{"type":"Feature","geometry":{"type":"Point","coordinates":[77.36998,18.93466]},"properties":{"udise":"27150501501","name":"ZPPS DINDA BINDA","state":"MAHARASHTRA","district":"NANDED","block":"KANDHAR","indicator":"no_girls_toilet"}},{"type":"Feature","geometry":{"type":"Point","coordinates":[77.57355,19.50152]},"properties":{"udise":"27151310506","name":"CPS PALSA","state":"MAHARASHTRA","district":"NANDED","block":"HADGAON","indicator":"no_girls_toilet"}},{"type":"Feature","geometry":{"type":"Point","coordinates":[77.78971,18.76805]},"properties":{"udise":"27150805601","name":"ZILLA PARISHAD PRIMARY SCHOOL KOTGYAL","state":"MAHARASHTRA","district":"NANDED","block":"BILOLI","indicator":"no_girls_toilet"}},{"type":"Feature","geometry":{"type":"Point","coordinates":[77.5397,18.596]},"properties":{"udise":"27150700201","name":"ZPPS ALLAPUR","state":"MAHARASHTRA","district":"NANDED","block":"DEGLOOR","indicator":"no_girls_toilet"}},{"type":"Feature","geometry":{"type":"Point","coordinates":[78.00325,19.84756]},"properties":{"udise":"27151600802","name":"ZPPS SAINAGAR","state":"MAHARASHTRA","district":"NANDED","block":"MAHOOR","indicator":"no_girls_toilet"}},{"type":"Feature","geometry":{"type":"Point","coordinates":[77.03866,18.93914]},"properties":{"udise":"27150411405","name":"ZPPS NAVI  ABADI SAWARGAON N.","state":"MAHARASHTRA","district":"NANDED","block":"LOHA","indicator":"no_girls_toilet"}},{"type":"Feature","geometry":{"type":"Point","coordinates":[77.54539,19.47438]},"properties":{"udise":"27151310507","name":"ZPPS KAWANA","state":"MAHARASHTRA","district":"NANDED","block":"HADGAON","indicator":"no_girls_toilet"}},{"type":"Feature","geometry":{"type":"Point","coordinates":[77.70795,18.8518]},"properties":{"udise":"27150804601","name":"ZILLA PARISHAD PRIMARY SCHOOL KAUTHA","state":"MAHARASHTRA","district":"NANDED","block":"BILOLI","indicator":"no_girls_toilet"}},{"type":"Feature","geometry":{"type":"Point","coordinates":[77.9491,19.3667]},"properties":{"udise":"27151401101","name":"ZILLA PARISHAD PRIMARY SCHOOL DAGADWADI","state":"MAHARASHTRA","district":"NANDED","block":"HIMAYAT NAGAR","indicator":"no_girls_toilet"}},{"type":"Feature","geometry":{"type":"Point","coordinates":[77.21435,18.88551]},"properties":{"udise":"27150512801","name":"ZPPS SUJANWADI","state":"MAHARASHTRA","district":"NANDED","block":"KANDHAR","indicator":"no_girls_toilet"}},{"type":"Feature","geometry":{"type":"Point","coordinates":[77.02203,18.89926]},"properties":{"udise":"27150407801","name":"ZPPS KOSHT WADI","state":"MAHARASHTRA","district":"NANDED","block":"LOHA","indicator":"no_girls_toilet"}},{"type":"Feature","geometry":{"type":"Point","coordinates":[77.53758,19.00543]},"properties":{"udise":"27151205401","name":"ZPPS RAHATI KH","state":"MAHARASHTRA","district":"NANDED","block":"UMRI","indicator":"no_girls_toilet"}},{"type":"Feature","geometry":{"type":"Point","coordinates":[77.64428,18.6405]},"properties":{"udise":"27150710701","name":"Z.P.P.S.KOTEKALLUR","state":"MAHARASHTRA","district":"NANDED","block":"DEGLOOR","indicator":"no_girls_toilet"}},{"type":"Feature","geometry":{"type":"Point","coordinates":[77.42692,18.51406]},"properties":{"udise":"27150605201","name":"ZPPS GONEGAON","state":"MAHARASHTRA","district":"NANDED","block":"MUKHED","indicator":"no_girls_toilet"}},{"type":"Feature","geometry":{"type":"Point","coordinates":[78.17249,19.74892]},"properties":{"udise":"27151503603","name":"ZPPS VASANTWADI","state":"MAHARASHTRA","district":"NANDED","block":"KINWAT","indicator":"no_girls_toilet"}},{"type":"Feature","geometry":{"type":"Point","coordinates":[77.51976,19.18213]},"properties":{"udise":"27150300801","name":"ZILLA PARISHAD PRIMARY SCHOOL RAJWADI","state":"MAHARASHTRA","district":"NANDED","block":"MUDKHED","indicator":"no_girls_toilet"}},{"type":"Feature","geometry":{"type":"Point","coordinates":[77.7071,18.6527]},"properties":{"udise":"27150707701","name":"Z.P.P.S. OLD SHEVALA","state":"MAHARASHTRA","district":"NANDED","block":"DEGLOOR","indicator":"no_girls_toilet"}},{"type":"Feature","geometry":{"type":"Point","coordinates":[77.36867,18.61948]},"properties":{"udise":"27150613101","name":"ZPPS RATNATANDA","state":"MAHARASHTRA","district":"NANDED","block":"MUKHED","indicator":"no_girls_toilet"}},{"type":"Feature","geometry":{"type":"Point","coordinates":[77.9905,19.38014]},"properties":{"udise":"27151507701","name":"ZPPS KOLLARI","state":"MAHARASHTRA","district":"NANDED","block":"KINWAT","indicator":"no_girls_toilet"}},{"type":"Feature","geometry":{"type":"Point","coordinates":[77.68712,19.36063]},"properties":{"udise":"27151300609","name":"ZPPS SHETEWADI","state":"MAHARASHTRA","district":"NANDED","block":"HADGAON","indicator":"no_girls_toilet"}},{"type":"Feature","geometry":{"type":"Point","coordinates":[77.35461,19.20283]},"properties":{"udise":"27150203501","name":"ZPPS NANDLA MAKTA","state":"MAHARASHTRA","district":"NANDED","block":"ARDHAPUR","indicator":"no_girls_toilet"}},{"type":"Feature","geometry":{"type":"Point","coordinates":[77.43592,19.06921]},"properties":{"udise":"27150304401","name":"ZP CPS WASARI","state":"MAHARASHTRA","district":"NANDED","block":"MUDKHED","indicator":"no_girls_toilet"}},{"type":"Feature","geometry":{"type":"Point","coordinates":[77.30714,19.12857]},"properties":{"udise":"27151705408","name":"ZPPS NEW KAUTHA","state":"MAHARASHTRA","district":"NANDED","block":"NANDED M.C.","indicator":"no_girls_toilet"}},{"type":"Feature","geometry":{"type":"Point","coordinates":[78.06183,19.80632]},"properties":{"udise":"27151600501","name":"ZPPS AMINGUDA","state":"MAHARASHTRA","district":"NANDED","block":"MAHOOR","indicator":"no_girls_toilet"}},{"type":"Feature","geometry":{"type":"Point","coordinates":[77.10857,18.77955]},"properties":{"udise":"27150509301","name":"ZPPS NARWATWADI","state":"MAHARASHTRA","district":"NANDED","block":"KANDHAR","indicator":"no_girls_toilet"}},{"type":"Feature","geometry":{"type":"Point","coordinates":[77.8171,18.80917]},"properties":{"udise":"27150803801","name":"ZILLA PARISHAD CENTRAL PRIMARY SCHOOLHUNGUNDA","state":"MAHARASHTRA","district":"NANDED","block":"BILOLI","indicator":"no_girls_toilet"}},{"type":"Feature","geometry":{"type":"Point","coordinates":[77.18622,19.01649]},"properties":{"udise":"27150405907","name":"ZPPS HOTALWADI TANDA PIPALGAON A","state":"MAHARASHTRA","district":"NANDED","block":"LOHA","indicator":"no_girls_toilet"}},{"type":"Feature","geometry":{"type":"Point","coordinates":[77.92469,19.85377]},"properties":{"udise":"27151605712","name":"ZPPS WADARPURA MAHOOR","state":"MAHARASHTRA","district":"NANDED","block":"MAHOOR","indicator":"no_girls_toilet"}},{"type":"Feature","geometry":{"type":"Point","coordinates":[77.988,19.85668]},"properties":{"udise":"27151610301","name":"ZPPS UMRA","state":"MAHARASHTRA","district":"NANDED","block":"MAHOOR","indicator":"no_girls_toilet"}},{"type":"Feature","geometry":{"type":"Point","coordinates":[77.56982,18.60217]},"properties":{"udise":"27150704306","name":"ZILLA PARISHAD PRIMARY SCHOOL RAVANGAON PUNARVASAN KHANAPUR","state":"MAHARASHTRA","district":"NANDED","block":"DEGLOOR","indicator":"no_girls_toilet"}},{"type":"Feature","geometry":{"type":"Point","coordinates":[78.19356,19.49634]},"properties":{"udise":"27151504502","name":"ZPPS GONDKHEDA","state":"MAHARASHTRA","district":"NANDED","block":"KINWAT","indicator":"no_girls_toilet"}},{"type":"Feature","geometry":{"type":"Point","coordinates":[77.54216,18.31682]},"properties":{"udise":"27150711101","name":"ZPPS GOGLA GOVIND TANDA","state":"MAHARASHTRA","district":"NANDED","block":"DEGLOOR","indicator":"no_girls_toilet"}},{"type":"Feature","geometry":{"type":"Point","coordinates":[77.56968,18.54713]},"properties":{"udise":"27150702227","name":"CH SHAHU M PS DEGLOOR","state":"MAHARASHTRA","district":"NANDED","block":"DEGLOOR","indicator":"no_girls_toilet"}},{"type":"Feature","geometry":{"type":"Point","coordinates":[77.82689,19.31861]},"properties":{"udise":"27151401804","name":"ZILLA PARISHAD PRIMARY SCHOOL WADACHA DARA","state":"MAHARASHTRA","district":"NANDED","block":"HIMAYAT NAGAR","indicator":"no_girls_toilet"}},{"type":"Feature","geometry":{"type":"Point","coordinates":[77.46646,18.76927]},"properties":{"udise":"27150909601","name":"Z.P.P.S. ALUWADGAON NAVIABADI","state":"MAHARASHTRA","district":"NANDED","block":"NAIGAON","indicator":"no_girls_toilet"}},{"type":"Feature","geometry":{"type":"Point","coordinates":[77.08055,18.78202]},"properties":{"udise":"27150403902","name":"ZPPS BHAMALA TANDA","state":"MAHARASHTRA","district":"NANDED","block":"LOHA","indicator":"no_girls_toilet"}},{"type":"Feature","geometry":{"type":"Point","coordinates":[78.11253,19.85582]},"properties":{"udise":"27151605302","name":"ZPPS MANIRAMTHAD","state":"MAHARASHTRA","district":"NANDED","block":"MAHOOR","indicator":"no_girls_toilet"}},{"type":"Feature","geometry":{"type":"Point","coordinates":[77.36911,18.4342]},"properties":{"udise":"27150604201","name":"ZPPS DEGAON","state":"MAHARASHTRA","district":"NANDED","block":"MUKHED","indicator":"no_girls_toilet"}},{"type":"Feature","geometry":{"type":"Point","coordinates":[77.40527,19.00209]},"properties":{"udise":"27150413801","name":"ZPPS WALKI KH.","state":"MAHARASHTRA","district":"NANDED","block":"LOHA","indicator":"no_girls_toilet"}},{"type":"Feature","geometry":{"type":"Point","coordinates":[77.53959,18.47746]},"properties":{"udise":"27150702602","name":"Z.P.P.S. , TANDA GAVANDGAON","state":"MAHARASHTRA","district":"NANDED","block":"DEGLOOR","indicator":"no_girls_toilet"}},{"type":"Feature","geometry":{"type":"Point","coordinates":[77.73267,18.68933]},"properties":{"udise":"27150802301","name":"ZILLA PARISHAD PRIMARY SCHOOL DAULATAPUR","state":"MAHARASHTRA","district":"NANDED","block":"BILOLI","indicator":"no_girls_toilet"}},{"type":"Feature","geometry":{"type":"Point","coordinates":[77.40993,18.51939]},"properties":{"udise":"27150602301","name":"ZPPS BHATAPUR (PM)","state":"MAHARASHTRA","district":"NANDED","block":"MUKHED","indicator":"no_girls_toilet"}},{"type":"Feature","geometry":{"type":"Point","coordinates":[77.57564,18.53731]},"properties":{"udise":"27150702265","name":"DYAN SARASWATI JUNIOR MAHAVIDYALAY DEGLOOR","state":"MAHARASHTRA","district":"NANDED","block":"DEGLOOR","indicator":"no_girls_toilet"}},{"type":"Feature","geometry":{"type":"Point","coordinates":[77.58147,19.39812]},"properties":{"udise":"27151314221","name":"ZPPS NAVA","state":"MAHARASHTRA","district":"NANDED","block":"HADGAON","indicator":"no_girls_toilet"}},{"type":"Feature","geometry":{"type":"Point","coordinates":[77.74651,19.11848]},"properties":{"udise":"27151101903","name":"ZILLA PARISHAD PRIMARY SCHOOL KUDALA TANDA","state":"MAHARASHTRA","district":"NANDED","block":"BHOKAR","indicator":"no_girls_toilet"}},{"type":"Feature","geometry":{"type":"Point","coordinates":[78.0723,19.82191]},"properties":{"udise":"27151602801","name":"ZPPS GONDWADI","state":"MAHARASHTRA","district":"NANDED","block":"MAHOOR","indicator":"no_girls_toilet"}},{"type":"Feature","geometry":{"type":"Point","coordinates":[77.37749,18.77619]},"properties":{"udise":"27150513901","name":"ZPPS YELUR (OLD)","state":"MAHARASHTRA","district":"NANDED","block":"KANDHAR","indicator":"no_girls_toilet"}},{"type":"Feature","geometry":{"type":"Point","coordinates":[77.0963,18.72803]},"properties":{"udise":"27150505402","name":"ZPPS HATKYAL WADI","state":"MAHARASHTRA","district":"NANDED","block":"KANDHAR","indicator":"no_girls_toilet"}},{"type":"Feature","geometry":{"type":"Point","coordinates":[77.76913,19.31433]},"properties":{"udise":"27151402901","name":"ZILLA PARISHAD PRIMARY SCHOOL KALUWADI","state":"MAHARASHTRA","district":"NANDED","block":"HIMAYAT NAGAR","indicator":"no_girls_toilet"}},{"type":"Feature","geometry":{"type":"Point","coordinates":[77.43689,18.41946]},"properties":{"udise":"27150601601","name":"ZPPS BENNAL","state":"MAHARASHTRA","district":"NANDED","block":"MUKHED","indicator":"no_girls_toilet"}},{"type":"Feature","geometry":{"type":"Point","coordinates":[77.31085,18.64646]},"properties":{"udise":"27150610703","name":"ZPPS MANGYALTANDA","state":"MAHARASHTRA","district":"NANDED","block":"MUKHED","indicator":"no_girls_toilet"}},{"type":"Feature","geometry":{"type":"Point","coordinates":[77.72563,19.35627]},"properties":{"udise":"27151403501","name":"ZILLA PARISHAD PRIMARY SCHOOL KANDLI KH.","state":"MAHARASHTRA","district":"NANDED","block":"HIMAYAT NAGAR","indicator":"no_girls_toilet"}},{"type":"Feature","geometry":{"type":"Point","coordinates":[77.41124,18.40914]},"properties":{"udise":"27150605401","name":"ZPPS HANGARGA (PM)","state":"MAHARASHTRA","district":"NANDED","block":"MUKHED","indicator":"no_girls_toilet"}},{"type":"Feature","geometry":{"type":"Point","coordinates":[77.8707,19.34632]},"properties":{"udise":"27151405501","name":"ZILLA PARISHAD PRIMARY SCHOOL PAWANA","state":"MAHARASHTRA","district":"NANDED","block":"HIMAYAT NAGAR","indicator":"no_girls_toilet"}},{"type":"Feature","geometry":{"type":"Point","coordinates":[77.56614,19.30371]},"properties":{"udise":"27151308306","name":"ZPPS WANWADI","state":"MAHARASHTRA","district":"NANDED","block":"HADGAON","indicator":"no_girls_toilet"}},{"type":"Feature","geometry":{"type":"Point","coordinates":[77.54897,18.70468]},"properties":{"udise":"27150802002","name":"ZILLA PARISHAD PRIMARY SCHOOL OLD CHITMOGRA","state":"MAHARASHTRA","district":"NANDED","block":"BILOLI","indicator":"no_girls_toilet"}},{"type":"Feature","geometry":{"type":"Point","coordinates":[77.36165,18.83362]},"properties":{"udise":"27150513002","name":"ZPPS TELUR (NEW)","state":"MAHARASHTRA","district":"NANDED","block":"KANDHAR","indicator":"no_girls_toilet"}},{"type":"Feature","geometry":{"type":"Point","coordinates":[77.15838,18.97964]},"properties":{"udise":"27150406701","name":"ZPPS KAREGAON","state":"MAHARASHTRA","district":"NANDED","block":"LOHA","indicator":"no_girls_toilet"}},{"type":"Feature","geometry":{"type":"Point","coordinates":[77.64652,19.28891]},"properties":{"udise":"27151314209","name":"ZPPS GANESHNAGAR TANDA","state":"MAHARASHTRA","district":"NANDED","block":"HADGAON","indicator":"no_girls_toilet"}},{"type":"Feature","geometry":{"type":"Point","coordinates":[77.64933,19.40489]},"properties":{"udise":"27151310806","name":"ZPPS KOLGAON","state":"MAHARASHTRA","district":"NANDED","block":"HADGAON","indicator":"no_girls_toilet"}},{"type":"Feature","geometry":{"type":"Point","coordinates":[77.57664,18.54741]},"properties":{"udise":"27150702203","name":"Z.P.P.S. SHAHAJI NAGAR DEGLOOR","state":"MAHARASHTRA","district":"NANDED","block":"DEGLOOR","indicator":"no_girls_toilet"}},{"type":"Feature","geometry":{"type":"Point","coordinates":[77.39156,18.98667]},"properties":{"udise":"27150410101","name":"ZPPS PIMPALDARI","state":"MAHARASHTRA","district":"NANDED","block":"LOHA","indicator":"no_girls_toilet"}},{"type":"Feature","geometry":{"type":"Point","coordinates":[77.74554,18.78819]},"properties":{"udise":"27150808001","name":"ZILLA PARISHAD PRIMARY SCHOOL SULTANPUR","state":"MAHARASHTRA","district":"NANDED","block":"BILOLI","indicator":"no_girls_toilet"}},{"type":"Feature","geometry":{"type":"Point","coordinates":[77.39115,18.80667]},"properties":{"udise":"27150502001","name":"ZPPS CHAUKIMAHAKAYA","state":"MAHARASHTRA","district":"NANDED","block":"KANDHAR","indicator":"no_girls_toilet"}},{"type":"Feature","geometry":{"type":"Point","coordinates":[77.45414,18.56268]},"properties":{"udise":"27150612601","name":"CPS RAJURA (BK)","state":"MAHARASHTRA","district":"NANDED","block":"MUKHED","indicator":"no_girls_toilet"}},{"type":"Feature","geometry":{"type":"Point","coordinates":[77.56095,18.31799]},"properties":{"udise":"27150705704","name":"ZPPS MOTIRAM TANDA MANUR BK","state":"MAHARASHTRA","district":"NANDED","block":"DEGLOOR","indicator":"no_girls_toilet"}},{"type":"Feature","geometry":{"type":"Point","coordinates":[77.32704,18.84225]},"properties":{"udise":"27150500902","name":"ZPPS BARUL CAMP","state":"MAHARASHTRA","district":"NANDED","block":"KANDHAR","indicator":"no_girls_toilet"}},{"type":"Feature","geometry":{"type":"Point","coordinates":[78.02053,19.27888]},"properties":{"udise":"27151517005","name":"NUTAN ZPPS RAMANANAIKTANDA","state":"MAHARASHTRA","district":"NANDED","block":"KINWAT","indicator":"no_girls_toilet"}},{"type":"Feature","geometry":{"type":"Point","coordinates":[77.73904,18.85137]},"properties":{"udise":"27150801901","name":"ZILLA PARISHAD PRIMARY SCHOOL  CHIRLI","state":"MAHARASHTRA","district":"NANDED","block":"BILOLI","indicator":"no_girls_toilet"}},{"type":"Feature","geometry":{"type":"Point","coordinates":[77.55606,18.6386]},"properties":{"udise":"27150707301","name":"Z.P.P.S.SAVARGAON","state":"MAHARASHTRA","district":"NANDED","block":"DEGLOOR","indicator":"no_girls_toilet"}},{"type":"Feature","geometry":{"type":"Point","coordinates":[77.75148,19.33508]},"properties":{"udise":"27151403303","name":"ZILLA PARISHAD PRIMARY SCHOOL KANDALI BALIRAM TANDA","state":"MAHARASHTRA","district":"NANDED","block":"HIMAYAT NAGAR","indicator":"no_girls_toilet"}},{"type":"Feature","geometry":{"type":"Point","coordinates":[77.34601,18.61098]},"properties":{"udise":"27150620301","name":"ZPPS RATNATANDA","state":"MAHARASHTRA","district":"NANDED","block":"MUKHED","indicator":"no_girls_toilet"}},{"type":"Feature","geometry":{"type":"Point","coordinates":[77.52007,18.73376]},"properties":{"udise":"27150601401","name":"ZPPS BAWALGAON","state":"MAHARASHTRA","district":"NANDED","block":"MUKHED","indicator":"no_girls_toilet"}},{"type":"Feature","geometry":{"type":"Point","coordinates":[77.86962,19.51423]},"properties":{"udise":"27151406801","name":"ZILLA PARISHAD PRIMARY SCHOOL SIRPALLI","state":"MAHARASHTRA","district":"NANDED","block":"HIMAYAT NAGAR","indicator":"no_girls_toilet"}},{"type":"Feature","geometry":{"type":"Point","coordinates":[78.16227,19.90196]},"properties":{"udise":"27151514101","name":"ZPPS RAMPUR","state":"MAHARASHTRA","district":"NANDED","block":"KINWAT","indicator":"no_girls_toilet"}},{"type":"Feature","geometry":{"type":"Point","coordinates":[77.78613,18.72124]},"properties":{"udise":"27150804303","name":"NEW ZILLA PARISHAD PRIMARY SCHOOL KARLA BK","state":"MAHARASHTRA","district":"NANDED","block":"BILOLI","indicator":"no_girls_toilet"}},{"type":"Feature","geometry":{"type":"Point","coordinates":[77.98609,19.69573]},"properties":{"udise":"27151602301","name":"ZPPS DIGDI (DHA.)","state":"MAHARASHTRA","district":"NANDED","block":"MAHOOR","indicator":"no_girls_toilet"}},{"type":"Feature","geometry":{"type":"Point","coordinates":[77.13335,18.80021]},"properties":{"udise":"27150514401","name":"ZPPS UDATANDA","state":"MAHARASHTRA","district":"NANDED","block":"KANDHAR","indicator":"no_girls_toilet"}},{"type":"Feature","geometry":{"type":"Point","coordinates":[77.865,19.26038]},"properties":{"udise":"27151105801","name":"ZILLA PARISHAD PRIMARY SCHOOL NEKLI","state":"MAHARASHTRA","district":"NANDED","block":"BHOKAR","indicator":"no_girls_toilet"}},{"type":"Feature","geometry":{"type":"Point","coordinates":[77.55455,18.31745]},"properties":{"udise":"27150711102","name":"ZPPS GOVIND TANDA","state":"MAHARASHTRA","district":"NANDED","block":"DEGLOOR","indicator":"no_girls_toilet"}},{"type":"Feature","geometry":{"type":"Point","coordinates":[77.23994,19.17192]},"properties":{"udise":"27150108501","name":"ZILLA PARISHED PRIMANRY SCHOOL WARKAED","state":"MAHARASHTRA","district":"NANDED","block":"NANDED","indicator":"no_girls_toilet"}},{"type":"Feature","geometry":{"type":"Point","coordinates":[77.27733,18.83258]},"properties":{"udise":"27150501701","name":"ZPPS BORI (BK.)","state":"MAHARASHTRA","district":"NANDED","block":"KANDHAR","indicator":"no_girls_toilet"}},{"type":"Feature","geometry":{"type":"Point","coordinates":[77.79876,18.83004]},"properties":{"udise":"27150804201","name":"ZILLA PARISHAD PRIMARY SCHOOL KARHAL","state":"MAHARASHTRA","district":"NANDED","block":"BILOLI","indicator":"no_girls_toilet"}},{"type":"Feature","geometry":{"type":"Point","coordinates":[77.26193,18.88747]},"properties":{"udise":"27150500502","name":"ZPPS BACHOTI TANDA","state":"MAHARASHTRA","district":"NANDED","block":"KANDHAR","indicator":"no_girls_toilet"}},{"type":"Feature","geometry":{"type":"Point","coordinates":[77.33402,19.02971]},"properties":{"udise":"27150406401","name":"ZPPS KANJALWADI","state":"MAHARASHTRA","district":"NANDED","block":"LOHA","indicator":"no_girls_toilet"}},{"type":"Feature","geometry":{"type":"Point","coordinates":[77.95796,19.43866]},"properties":{"udise":"27151404401","name":"ZILLA PARISHAD PRIMARY SCCHOOL KHAIRGAON JAHANGIR","state":"MAHARASHTRA","district":"NANDED","block":"HIMAYAT NAGAR","indicator":"no_girls_toilet"}},{"type":"Feature","geometry":{"type":"Point","coordinates":[77.42612,18.45906]},"properties":{"udise":"27150609802","name":"ZPPS KOTGYALWADITANDA","state":"MAHARASHTRA","district":"NANDED","block":"MUKHED","indicator":"no_girls_toilet"}},{"type":"Feature","geometry":{"type":"Point","coordinates":[77.70842,18.82399]},"properties":{"udise":"27150800502","name":"ZILLA PARISHAD PRIMARY SCHOOL  ARALI NA","state":"MAHARASHTRA","district":"NANDED","block":"BILOLI","indicator":"no_girls_toilet"}},{"type":"Feature","geometry":{"type":"Point","coordinates":[77.45673,18.35841]},"properties":{"udise":"27150701801","name":"Z.P.P.S.CHAVANWADI","state":"MAHARASHTRA","district":"NANDED","block":"DEGLOOR","indicator":"no_girls_toilet"}},{"type":"Feature","geometry":{"type":"Point","coordinates":[78.21633,19.57882]},"properties":{"udise":"27151513702","name":"ZPPS DUDHGAON","state":"MAHARASHTRA","district":"NANDED","block":"KINWAT","indicator":"no_girls_toilet"}},{"type":"Feature","geometry":{"type":"Point","coordinates":[78.0421,19.28001]},"properties":{"udise":"27151518702","name":"ZPPS MARLA G. TANDA","state":"MAHARASHTRA","district":"NANDED","block":"KINWAT","indicator":"no_girls_toilet"}},{"type":"Feature","geometry":{"type":"Point","coordinates":[77.30628,19.23757]},"properties":{"udise":"27150103601","name":"ZILLA PARISHED PRIMANRY WITH UPPEAR PRIMANRY SCHOOL KHUGAON","state":"MAHARASHTRA","district":"NANDED","block":"NANDED","indicator":"no_girls_toilet"}},{"type":"Feature","geometry":{"type":"Point","coordinates":[77.1063,18.77281]},"properties":{"udise":"27150511001","name":"ZPPS POMATANDA","state":"MAHARASHTRA","district":"NANDED","block":"KANDHAR","indicator":"no_girls_toilet"}},{"type":"Feature","geometry":{"type":"Point","coordinates":[77.22939,18.77437]},"properties":{"udise":"27150501301","name":"ZPPS BHOJUCHIWADI","state":"MAHARASHTRA","district":"NANDED","block":"KANDHAR","indicator":"no_girls_toilet"}},{"type":"Feature","geometry":{"type":"Point","coordinates":[77.61636,18.92075]},"properties":{"udise":"27150907801","name":"Z.P.P.S. MELGAON","state":"MAHARASHTRA","district":"NANDED","block":"NAIGAON","indicator":"no_girls_toilet"}},{"type":"Feature","geometry":{"type":"Point","coordinates":[77.38549,18.58016]},"properties":{"udise":"27150617801","name":"ZPPS WASURTANDA (NANUTANDA)","state":"MAHARASHTRA","district":"NANDED","block":"MUKHED","indicator":"no_girls_toilet"}},{"type":"Feature","geometry":{"type":"Point","coordinates":[77.56436,18.50078]},"properties":{"udise":"27150707001","name":"Z.P.P.S.RAMPUR BK","state":"MAHARASHTRA","district":"NANDED","block":"DEGLOOR","indicator":"no_girls_toilet"}},{"type":"Feature","geometry":{"type":"Point","coordinates":[77.56396,18.69442]},"properties":{"udise":"27150801701","name":"ZILLA PARISHAD PRIMARY SCHOOL BORGAON THADI","state":"MAHARASHTRA","district":"NANDED","block":"BILOLI","indicator":"no_girls_toilet"}},{"type":"Feature","geometry":{"type":"Point","coordinates":[77.72369,19.27131]},"properties":{"udise":"27151107502","name":"ZILLA PARISHAD PRIMARY SCHOOL SOMTHANA PATTI TANDA","state":"MAHARASHTRA","district":"NANDED","block":"BHOKAR","indicator":"no_girls_toilet"}},{"type":"Feature","geometry":{"type":"Point","coordinates":[78.15991,19.70041]},"properties":{"udise":"27151508801","name":"ZPPS LONI","state":"MAHARASHTRA","district":"NANDED","block":"KINWAT","indicator":"no_girls_toilet"}},{"type":"Feature","geometry":{"type":"Point","coordinates":[77.66653,19.22597]},"properties":{"udise":"27151100942","name":"ZILLA PARISHAD PRIMARY SCHOOL URDU SAYEED NAGAR  (KHAJA ALI NAGAR) BHOKAR","state":"MAHARASHTRA","district":"NANDED","block":"BHOKAR","indicator":"no_girls_toilet"}},{"type":"Feature","geometry":{"type":"Point","coordinates":[77.30879,19.07884]},"properties":{"udise":"27150102501","name":"ZILLA PARISHED PRIMANRY SCHOOL GUNDEGAON","state":"MAHARASHTRA","district":"NANDED","block":"NANDED","indicator":"no_girls_toilet"}},{"type":"Feature","geometry":{"type":"Point","coordinates":[77.44429,18.76919]},"properties":{"udise":"27150903201","name":"Z.P.P.S. MAHEGAON","state":"MAHARASHTRA","district":"NANDED","block":"NAIGAON","indicator":"no_girls_toilet"}},{"type":"Feature","geometry":{"type":"Point","coordinates":[77.44031,19.31765]},"properties":{"udise":"27151310002","name":"ZPPS NAIKTANDA","state":"MAHARASHTRA","district":"NANDED","block":"HADGAON","indicator":"no_girls_toilet"}},{"type":"Feature","geometry":{"type":"Point","coordinates":[77.22531,19.25106]},"properties":{"udise":"27151705407","name":"ZPPS FATEJANGPUR","state":"MAHARASHTRA","district":"NANDED","block":"NANDED M.C.","indicator":"no_girls_toilet"}},{"type":"Feature","geometry":{"type":"Point","coordinates":[77.53563,19.66317]},"properties":{"udise":"27151314008","name":"ZPPS MANU KH","state":"MAHARASHTRA","district":"NANDED","block":"HADGAON","indicator":"no_girls_toilet"}},{"type":"Feature","geometry":{"type":"Point","coordinates":[77.61157,19.08813]},"properties":{"udise":"27151200203","name":"ZPPS GOKULNAGAR ASWALDARI","state":"MAHARASHTRA","district":"NANDED","block":"UMRI","indicator":"no_girls_toilet"}},{"type":"Feature","geometry":{"type":"Point","coordinates":[77.44906,18.46063]},"properties":{"udise":"27150600601","name":"ZPPS ANDEGAON","state":"MAHARASHTRA","district":"NANDED","block":"MUKHED","indicator":"no_girls_toilet"}},{"type":"Feature","geometry":{"type":"Point","coordinates":[77.37191,18.41712]},"properties":{"udise":"27150601101","name":"ZPPS BARABHAI TANDA","state":"MAHARASHTRA","district":"NANDED","block":"MUKHED","indicator":"no_girls_toilet"}},{"type":"Feature","geometry":{"type":"Point","coordinates":[77.37373,18.81086]},"properties":{"udise":"27150506803","name":"ZPPS GIRLS KAUTHA","state":"MAHARASHTRA","district":"NANDED","block":"KANDHAR","indicator":"no_girls_toilet"}},{"type":"Feature","geometry":{"type":"Point","coordinates":[77.93639,19.88743]},"properties":{"udise":"27151607101","name":"ZILLA PARISHAD PRIMARY SCHOOL LIMBAYAT JUNE","state":"MAHARASHTRA","district":"NANDED","block":"MAHOOR","indicator":"no_girls_toilet"}},{"type":"Feature","geometry":{"type":"Point","coordinates":[77.93965,19.76285]},"properties":{"udise":"27151608001","name":"ZPPS PAVNALA (KHALCHA)","state":"MAHARASHTRA","district":"NANDED","block":"MAHOOR","indicator":"no_girls_toilet"}},{"type":"Feature","geometry":{"type":"Point","coordinates":[77.32083,18.53041]},"properties":{"udise":"27150621201","name":"ZPPS KHOBATANDA","state":"MAHARASHTRA","district":"NANDED","block":"MUKHED","indicator":"girls_toilet_nonfunctional"}},{"type":"Feature","geometry":{"type":"Point","coordinates":[77.11639,18.79045]},"properties":{"udise":"27150511203","name":"KAI. SOMANAIK MADYAMIK ASHRAM SCH. RAMANAIKTANDA","state":"MAHARASHTRA","district":"NANDED","block":"KANDHAR","indicator":"girls_toilet_nonfunctional"}},{"type":"Feature","geometry":{"type":"Point","coordinates":[77.37625,18.69955]},"properties":{"udise":"27150616001","name":"ZPPS SHIVLINGWADI (UMARDARI)","state":"MAHARASHTRA","district":"NANDED","block":"MUKHED","indicator":"girls_toilet_nonfunctional"}},{"type":"Feature","geometry":{"type":"Point","coordinates":[77.3983,18.93639]},"properties":{"udise":"27150415401","name":"ZPPS PARSARAM TANDA","state":"MAHARASHTRA","district":"NANDED","block":"LOHA","indicator":"girls_toilet_nonfunctional"}},{"type":"Feature","geometry":{"type":"Point","coordinates":[77.62273,19.08364]},"properties":{"udise":"27151204201","name":"ZPPS LALU TANDA","state":"MAHARASHTRA","district":"NANDED","block":"UMRI","indicator":"girls_toilet_nonfunctional"}},{"type":"Feature","geometry":{"type":"Point","coordinates":[77.72579,19.30566]},"properties":{"udise":"27151407101","name":"ZILLA PARISHAD PRIMARY SCHOOL TAKRALA TANDA","state":"MAHARASHTRA","district":"NANDED","block":"HIMAYAT NAGAR","indicator":"girls_toilet_nonfunctional"}},{"type":"Feature","geometry":{"type":"Point","coordinates":[77.99356,19.79234]},"properties":{"udise":"27151606101","name":"ZPPS MANDVA","state":"MAHARASHTRA","district":"NANDED","block":"MAHOOR","indicator":"girls_toilet_nonfunctional"}},{"type":"Feature","geometry":{"type":"Point","coordinates":[78.09824,19.41493]},"properties":{"udise":"27151506303","name":"ZPPS JALDHARA TANDA","state":"MAHARASHTRA","district":"NANDED","block":"KINWAT","indicator":"girls_toilet_nonfunctional"}},{"type":"Feature","geometry":{"type":"Point","coordinates":[78.09311,19.85429]},"properties":{"udise":"27151605301","name":"ZPPS LOKARWADI","state":"MAHARASHTRA","district":"NANDED","block":"MAHOOR","indicator":"girls_toilet_nonfunctional"}},{"type":"Feature","geometry":{"type":"Point","coordinates":[77.52066,18.94077]},"properties":{"udise":"27150905301","name":"Z.P.P.S.  SAVARKHED","state":"MAHARASHTRA","district":"NANDED","block":"NAIGAON","indicator":"girls_toilet_nonfunctional"}},{"type":"Feature","geometry":{"type":"Point","coordinates":[78.02103,19.77265]},"properties":{"udise":"27151607501","name":"ZPPS PANOLA","state":"MAHARASHTRA","district":"NANDED","block":"MAHOOR","indicator":"girls_toilet_nonfunctional"}},{"type":"Feature","geometry":{"type":"Point","coordinates":[77.26051,18.81464]},"properties":{"udise":"27150513101","name":"ZPPS TOKWADI","state":"MAHARASHTRA","district":"NANDED","block":"KANDHAR","indicator":"girls_toilet_nonfunctional"}},{"type":"Feature","geometry":{"type":"Point","coordinates":[77.44634,18.34665]},"properties":{"udise":"27150702904","name":"M AZAD URDU PS HANEGAON","state":"MAHARASHTRA","district":"NANDED","block":"DEGLOOR","indicator":"girls_toilet_nonfunctional"}},{"type":"Feature","geometry":{"type":"Point","coordinates":[77.3596,18.74887]},"properties":{"udise":"27150608401","name":"ZPPS KAPARWADI","state":"MAHARASHTRA","district":"NANDED","block":"MUKHED","indicator":"girls_toilet_nonfunctional"}},{"type":"Feature","geometry":{"type":"Point","coordinates":[77.35821,18.99976]},"properties":{"udise":"27150403501","name":"ZPPS DOLORA","state":"MAHARASHTRA","district":"NANDED","block":"LOHA","indicator":"girls_toilet_nonfunctional"}},{"type":"Feature","geometry":{"type":"Point","coordinates":[77.90447,19.34282]},"properties":{"udise":"27151403601","name":"ZILLA PARISHAD PRIMARY SCHOOL KAPATYACHIWADI","state":"MAHARASHTRA","district":"NANDED","block":"HIMAYAT NAGAR","indicator":"girls_toilet_nonfunctional"}},{"type":"Feature","geometry":{"type":"Point","coordinates":[77.94647,19.80064]},"properties":{"udise":"27151605711","name":"ZPPS DATTAMANJARI TANDA NEW","state":"MAHARASHTRA","district":"NANDED","block":"MAHOOR","indicator":"girls_toilet_nonfunctional"}},{"type":"Feature","geometry":{"type":"Point","coordinates":[77.40477,18.74914]},"properties":{"udise":"27150509501","name":"ZPPS NARNALI","state":"MAHARASHTRA","district":"NANDED","block":"KANDHAR","indicator":"girls_toilet_nonfunctional"}},{"type":"Feature","geometry":{"type":"Point","coordinates":[77.40207,19.24315]},"properties":{"udise":"27150200601","name":"ZPPS BARASGAON","state":"MAHARASHTRA","district":"NANDED","block":"ARDHAPUR","indicator":"girls_toilet_nonfunctional"}},{"type":"Feature","geometry":{"type":"Point","coordinates":[77.38936,18.82426]},"properties":{"udise":"27150502901","name":"ZPPS DHANORA (KAUTHA)","state":"MAHARASHTRA","district":"NANDED","block":"KANDHAR","indicator":"girls_toilet_nonfunctional"}},{"type":"Feature","geometry":{"type":"Point","coordinates":[77.04396,18.90403]},"properties":{"udise":"27150415601","name":"ZPPS CHITRA TANDA","state":"MAHARASHTRA","district":"NANDED","block":"LOHA","indicator":"girls_toilet_nonfunctional"}},{"type":"Feature","geometry":{"type":"Point","coordinates":[77.50308,19.15693]},"properties":{"udise":"27150300135","name":"GLOBAL INTERNATIONAL ENGLISH  MUDKHED","state":"MAHARASHTRA","district":"NANDED","block":"MUDKHED","indicator":"girls_toilet_nonfunctional"}},{"type":"Feature","geometry":{"type":"Point","coordinates":[77.70987,19.34619]},"properties":{"udise":"27151300608","name":"ZPPS ASHTI TANDA","state":"MAHARASHTRA","district":"NANDED","block":"HADGAON","indicator":"girls_toilet_nonfunctional"}},{"type":"Feature","geometry":{"type":"Point","coordinates":[77.34825,19.01398]},"properties":{"udise":"27150406302","name":"ZPPS KANJALA TANDA","state":"MAHARASHTRA","district":"NANDED","block":"LOHA","indicator":"girls_toilet_nonfunctional"}},{"type":"Feature","geometry":{"type":"Point","coordinates":[78.02757,19.84546]},"properties":{"udise":"27151611901","name":"ZPPS KOLAMKHED","state":"MAHARASHTRA","district":"NANDED","block":"MAHOOR","indicator":"girls_toilet_nonfunctional"}},{"type":"Feature","geometry":{"type":"Point","coordinates":[78.18769,19.46854]},"properties":{"udise":"27151516901","name":"ZPCPS THARA","state":"MAHARASHTRA","district":"NANDED","block":"KINWAT","indicator":"girls_toilet_nonfunctional"}},{"type":"Feature","geometry":{"type":"Point","coordinates":[77.23295,18.78256]},"properties":{"udise":"27150508101","name":"ZPPS MANSINGWADI","state":"MAHARASHTRA","district":"NANDED","block":"KANDHAR","indicator":"girls_toilet_nonfunctional"}},{"type":"Feature","geometry":{"type":"Point","coordinates":[77.47094,19.62126]},"properties":{"udise":"27151307504","name":"ZPPS BHATEGAON","state":"MAHARASHTRA","district":"NANDED","block":"HADGAON","indicator":"girls_toilet_nonfunctional"}},{"type":"Feature","geometry":{"type":"Point","coordinates":[77.89462,19.86166]},"properties":{"udise":"27151609301","name":"ZPPS SHEKAPUR","state":"MAHARASHTRA","district":"NANDED","block":"MAHOOR","indicator":"girls_toilet_nonfunctional"}},{"type":"Feature","geometry":{"type":"Point","coordinates":[78.16207,19.90199]},"properties":{"udise":"27151501702","name":"ZPPS GONDKHEDI (BHAMPUR)","state":"MAHARASHTRA","district":"NANDED","block":"KINWAT","indicator":"girls_toilet_nonfunctional"}},{"type":"Feature","geometry":{"type":"Point","coordinates":[77.49236,19.10772]},"properties":{"udise":"27150300401","name":"ZPPS GOPALWADI","state":"MAHARASHTRA","district":"NANDED","block":"MUDKHED","indicator":"girls_toilet_nonfunctional"}},{"type":"Feature","geometry":{"type":"Point","coordinates":[77.87242,19.42696]},"properties":{"udise":"27151402501","name":"ZILLA PARISHAD CENTER GIRLS SCHOOL HIMAYATNAGAR","state":"MAHARASHTRA","district":"NANDED","block":"HIMAYAT NAGAR","indicator":"girls_toilet_nonfunctional"}},{"type":"Feature","geometry":{"type":"Point","coordinates":[77.32651,19.2295]},"properties":{"udise":"27150204501","name":"ZPPS SHELGAON BK","state":"MAHARASHTRA","district":"NANDED","block":"ARDHAPUR","indicator":"girls_toilet_nonfunctional"}},{"type":"Feature","geometry":{"type":"Point","coordinates":[78.17919,19.79039]},"properties":{"udise":"27151511401","name":"ZPPS NIRALA TANDA","state":"MAHARASHTRA","district":"NANDED","block":"KINWAT","indicator":"girls_toilet_nonfunctional"}},{"type":"Feature","geometry":{"type":"Point","coordinates":[77.76035,19.2858]},"properties":{"udise":"27151104801","name":"ZILLA PARISHAD PRIMARY SCHOOL MASALGA","state":"MAHARASHTRA","district":"NANDED","block":"BHOKAR","indicator":"girls_toilet_nonfunctional"}},{"type":"Feature","geometry":{"type":"Point","coordinates":[77.47629,19.43198]},"properties":{"udise":"27151308921","name":"ZPPS NEW ABADI","state":"MAHARASHTRA","district":"NANDED","block":"HADGAON","indicator":"girls_toilet_nonfunctional"}},{"type":"Feature","geometry":{"type":"Point","coordinates":[77.07827,18.77545]},"properties":{"udise":"27150505101","name":"ZPPS HANMANTWADI CL. KURULA","state":"MAHARASHTRA","district":"NANDED","block":"KANDHAR","indicator":"girls_toilet_nonfunctional"}},{"type":"Feature","geometry":{"type":"Point","coordinates":[78.21712,19.80623]},"properties":{"udise":"27151510301","name":"ZPPS MOHADA","state":"MAHARASHTRA","district":"NANDED","block":"KINWAT","indicator":"girls_toilet_nonfunctional"}},{"type":"Feature","geometry":{"type":"Point","coordinates":[77.56275,19.46087]},"properties":{"udise":"27151310511","name":"ZPPS PANGRI NI","state":"MAHARASHTRA","district":"NANDED","block":"HADGAON","indicator":"girls_toilet_nonfunctional"}},{"type":"Feature","geometry":{"type":"Point","coordinates":[77.05424,18.87036]},"properties":{"udise":"27150408703","name":"GRAMIN PS","state":"MAHARASHTRA","district":"NANDED","block":"LOHA","indicator":"girls_toilet_nonfunctional"}},{"type":"Feature","geometry":{"type":"Point","coordinates":[77.40487,18.45514]},"properties":{"udise":"27150603501","name":"ZPPS CHINCHANPALLI TANDA","state":"MAHARASHTRA","district":"NANDED","block":"MUKHED","indicator":"girls_toilet_nonfunctional"}},{"type":"Feature","geometry":{"type":"Point","coordinates":[77.82269,19.40995]},"properties":{"udise":"27151409001","name":"ZILLA PARISHAD PRIMARY SCHOOL PAWANMARI","state":"MAHARASHTRA","district":"NANDED","block":"HIMAYAT NAGAR","indicator":"girls_toilet_nonfunctional"}},{"type":"Feature","geometry":{"type":"Point","coordinates":[77.62321,19.06054]},"properties":{"udise":"27151202202","name":"ZPPS TANDA GORTHA","state":"MAHARASHTRA","district":"NANDED","block":"UMRI","indicator":"girls_toilet_nonfunctional"}},{"type":"Feature","geometry":{"type":"Point","coordinates":[78.27899,19.4664]},"properties":{"udise":"27151519101","name":"ZPPS POTREDDI","state":"MAHARASHTRA","district":"NANDED","block":"KINWAT","indicator":"girls_toilet_nonfunctional"}},{"type":"Feature","geometry":{"type":"Point","coordinates":[77.99885,19.68292]},"properties":{"udise":"27151602201","name":"ZPPS DHANORA (DI.)","state":"MAHARASHTRA","district":"NANDED","block":"MAHOOR","indicator":"girls_toilet_nonfunctional"}},{"type":"Feature","geometry":{"type":"Point","coordinates":[77.57622,19.13044]},"properties":{"udise":"27150306001","name":"ZILLA PARISHAD PRIMARY SCHOOL WAI","state":"MAHARASHTRA","district":"NANDED","block":"MUDKHED","indicator":"girls_toilet_nonfunctional"}},{"type":"Feature","geometry":{"type":"Point","coordinates":[77.27197,18.80899]},"properties":{"udise":"27150509801","name":"ZPPS NAWANDYACHIWADI","state":"MAHARASHTRA","district":"NANDED","block":"KANDHAR","indicator":"girls_toilet_nonfunctional"}},{"type":"Feature","geometry":{"type":"Point","coordinates":[78.28069,19.79592]},"properties":{"udise":"27151508201","name":"ZPPS KOTHARI (SIN)","state":"MAHARASHTRA","district":"NANDED","block":"KINWAT","indicator":"girls_toilet_nonfunctional"}},{"type":"Feature","geometry":{"type":"Point","coordinates":[78.0242,19.45825]},"properties":{"udise":"27151512401","name":"ZPPS PAROTHI","state":"MAHARASHTRA","district":"NANDED","block":"KINWAT","indicator":"girls_toilet_nonfunctional"}},{"type":"Feature","geometry":{"type":"Point","coordinates":[78.13208,19.46643]},"properties":{"udise":"27151501001","name":"ZPCPS BELLORI (DH)","state":"MAHARASHTRA","district":"NANDED","block":"KINWAT","indicator":"girls_toilet_nonfunctional"}},{"type":"Feature","geometry":{"type":"Point","coordinates":[77.11648,18.79044]},"properties":{"udise":"27150507104","name":"SHRI MADHUKARRAO NAIK PRI. ASHRAM SCH. RAMANAIKTANDA","state":"MAHARASHTRA","district":"NANDED","block":"KANDHAR","indicator":"girls_toilet_nonfunctional"}},{"type":"Feature","geometry":{"type":"Point","coordinates":[78.03363,19.28878]},"properties":{"udise":"27151505601","name":"ZPPS GONDE MAHAGAON","state":"MAHARASHTRA","district":"NANDED","block":"KINWAT","indicator":"girls_toilet_nonfunctional"}},{"type":"Feature","geometry":{"type":"Point","coordinates":[77.56616,19.60265]},"properties":{"udise":"27151310217","name":"ZPPS NEW ABADI KOHLI","state":"MAHARASHTRA","district":"NANDED","block":"HADGAON","indicator":"girls_toilet_nonfunctional"}},{"type":"Feature","geometry":{"type":"Point","coordinates":[77.75412,19.41937]},"properties":{"udise":"27151403101","name":"ZILLA PARISHAD PRIMARY SCHOOL KAMARI TANDA","state":"MAHARASHTRA","district":"NANDED","block":"HIMAYAT NAGAR","indicator":"girls_toilet_nonfunctional"}},{"type":"Feature","geometry":{"type":"Point","coordinates":[78.28436,19.59217]},"properties":{"udise":"27151510703","name":"ZPPS ZENDIGUDA","state":"MAHARASHTRA","district":"NANDED","block":"KINWAT","indicator":"girls_toilet_nonfunctional"}},{"type":"Feature","geometry":{"type":"Point","coordinates":[77.89898,19.82274]},"properties":{"udise":"27151603001","name":"ZPPS GUNDWAL","state":"MAHARASHTRA","district":"NANDED","block":"MAHOOR","indicator":"girls_toilet_nonfunctional"}},{"type":"Feature","geometry":{"type":"Point","coordinates":[77.92929,19.8477]},"properties":{"udise":"27151605703","name":"ZPPS DHARAMWADI MAHOOR","state":"MAHARASHTRA","district":"NANDED","block":"MAHOOR","indicator":"girls_toilet_nonfunctional"}},{"type":"Feature","geometry":{"type":"Point","coordinates":[77.97177,19.35761]},"properties":{"udise":"27151510901","name":"ZPPS NAKHATEWADI","state":"MAHARASHTRA","district":"NANDED","block":"KINWAT","indicator":"girls_toilet_nonfunctional"}},{"type":"Feature","geometry":{"type":"Point","coordinates":[77.44797,18.78875]},"properties":{"udise":"27150902801","name":"Z.P.P.S. ALUWADGAON","state":"MAHARASHTRA","district":"NANDED","block":"NAIGAON","indicator":"girls_toilet_nonfunctional"}},{"type":"Feature","geometry":{"type":"Point","coordinates":[77.28363,19.24057]},"properties":{"udise":"27150101701","name":"ZPCPS DHANGARWADI","state":"MAHARASHTRA","district":"NANDED","block":"NANDED","indicator":"girls_toilet_nonfunctional"}},{"type":"Feature","geometry":{"type":"Point","coordinates":[77.52463,19.1862]},"properties":{"udise":"27150300901","name":"ZILLA PARISHAD PRIMARY SCHOOL RAJWADI TANDA","state":"MAHARASHTRA","district":"NANDED","block":"MUDKHED","indicator":"girls_toilet_nonfunctional"}},{"type":"Feature","geometry":{"type":"Point","coordinates":[77.04035,18.86133]},"properties":{"udise":"27150408708","name":"ZPPS KIRU TANDA MALAKOLI","state":"MAHARASHTRA","district":"NANDED","block":"LOHA","indicator":"girls_toilet_nonfunctional"}},{"type":"Feature","geometry":{"type":"Point","coordinates":[77.37197,18.47983]},"properties":{"udise":"27150611406","name":"SHIVAMRUTI APPA MALGE PRIMARY SCHOOL MUKHED","state":"MAHARASHTRA","district":"NANDED","block":"MUKHED","indicator":"girls_toilet_nonfunctional"}},{"type":"Feature","geometry":{"type":"Point","coordinates":[77.41747,19.17751]},"properties":{"udise":"27150301801","name":"ZILLA PARISHAD PRIMARY DHANAJ","state":"MAHARASHTRA","district":"NANDED","block":"MUDKHED","indicator":"girls_toilet_nonfunctional"}},{"type":"Feature","geometry":{"type":"Point","coordinates":[77.77335,18.8453]},"properties":{"udise":"27151002901","name":"ZILLA PARISHAD PRIMARY SCHOOL  MASHTI","state":"MAHARASHTRA","district":"NANDED","block":"DHARMABAD","indicator":"girls_toilet_nonfunctional"}},{"type":"Feature","geometry":{"type":"Point","coordinates":[77.4786,19.42248]},"properties":{"udise":"27151308915","name":"ZPPS KANKEWADI","state":"MAHARASHTRA","district":"NANDED","block":"HADGAON","indicator":"girls_toilet_nonfunctional"}},{"type":"Feature","geometry":{"type":"Point","coordinates":[77.24581,18.89523]},"properties":{"udise":"27150504302","name":"ZPPS PANDAVNAGAR","state":"MAHARASHTRA","district":"NANDED","block":"KANDHAR","indicator":"girls_toilet_nonfunctional"}},{"type":"Feature","geometry":{"type":"Point","coordinates":[78.19912,19.62179]},"properties":{"udise":"27151507602","name":"ZP GIRLS KINWAT","state":"MAHARASHTRA","district":"NANDED","block":"KINWAT","indicator":"girls_toilet_nonfunctional"}},{"type":"Feature","geometry":{"type":"Point","coordinates":[78.06441,19.87996]},"properties":{"udise":"27151602701","name":"ZPPS GONDEGAON TANDA","state":"MAHARASHTRA","district":"NANDED","block":"MAHOOR","indicator":"girls_toilet_nonfunctional"}},{"type":"Feature","geometry":{"type":"Point","coordinates":[77.47518,18.42935]},"properties":{"udise":"27150705801","name":"Z.P.P.S.GIRLS MARHEL","state":"MAHARASHTRA","district":"NANDED","block":"DEGLOOR","indicator":"girls_toilet_nonfunctional"}},{"type":"Feature","geometry":{"type":"Point","coordinates":[77.18517,18.94042]},"properties":{"udise":"27150408901","name":"ZPPS MALKAPUR","state":"MAHARASHTRA","district":"NANDED","block":"LOHA","indicator":"girls_toilet_nonfunctional"}},{"type":"Feature","geometry":{"type":"Point","coordinates":[77.5915,19.28708]},"properties":{"udise":"27151308310","name":"ZPPS LOHA TANDA MOTHA","state":"MAHARASHTRA","district":"NANDED","block":"HADGAON","indicator":"girls_toilet_nonfunctional"}},{"type":"Feature","geometry":{"type":"Point","coordinates":[77.58156,19.40238]},"properties":{"udise":"27151314220","name":"ZPPS DESHMUKHWADI","state":"MAHARASHTRA","district":"NANDED","block":"HADGAON","indicator":"girls_toilet_nonfunctional"}},{"type":"Feature","geometry":{"type":"Point","coordinates":[77.40006,19.26678]},"properties":{"udise":"27150202101","name":"ZPPS HAMERAPUR","state":"MAHARASHTRA","district":"NANDED","block":"ARDHAPUR","indicator":"girls_toilet_nonfunctional"}},{"type":"Feature","geometry":{"type":"Point","coordinates":[77.23088,18.7068]},"properties":{"udise":"27150504705","name":"VASANT PRIMARY SCHOOL GUNTUR","state":"MAHARASHTRA","district":"NANDED","block":"KANDHAR","indicator":"girls_toilet_nonfunctional"}},{"type":"Feature","geometry":{"type":"Point","coordinates":[78.00812,19.35614]},"properties":{"udise":"27151505901","name":"ZPPS HUDI (ISLAPUR)","state":"MAHARASHTRA","district":"NANDED","block":"KINWAT","indicator":"girls_toilet_nonfunctional"}},{"type":"Feature","geometry":{"type":"Point","coordinates":[77.29487,19.19651]},"properties":{"udise":"27151701610","name":"LALBHADUR SHASTRI P.S ENGLISH TARODA","state":"MAHARASHTRA","district":"NANDED","block":"NANDED M.C.","indicator":"girls_toilet_nonfunctional"}},{"type":"Feature","geometry":{"type":"Point","coordinates":[77.66567,18.92693]},"properties":{"udise":"27151206201","name":"ZPPS SINGNAPUR","state":"MAHARASHTRA","district":"NANDED","block":"UMRI","indicator":"girls_toilet_nonfunctional"}},{"type":"Feature","geometry":{"type":"Point","coordinates":[77.56608,18.97881]},"properties":{"udise":"27150906201","name":"Z.P.P.S. IJJATGAON","state":"MAHARASHTRA","district":"NANDED","block":"NAIGAON","indicator":"girls_toilet_nonfunctional"}},{"type":"Feature","geometry":{"type":"Point","coordinates":[77.3746,19.11838]},"properties":{"udise":"27150107401","name":"ZILLA PARIISHED PRIMANRY WITH UPPEAR PARIMANRY SCHOOL WADGAON","state":"MAHARASHTRA","district":"NANDED","block":"NANDED","indicator":"girls_toilet_nonfunctional"}},{"type":"Feature","geometry":{"type":"Point","coordinates":[77.65731,19.5331]},"properties":{"udise":"27151300305","name":"ZPPS GOJEGAON","state":"MAHARASHTRA","district":"NANDED","block":"HADGAON","indicator":"girls_toilet_nonfunctional"}},{"type":"Feature","geometry":{"type":"Point","coordinates":[77.6873,18.88362]},"properties":{"udise":"27150805401","name":"ZILLA PARISHAD PRIMARY SCHOOL KOLGAON","state":"MAHARASHTRA","district":"NANDED","block":"BILOLI","indicator":"girls_toilet_nonfunctional"}},{"type":"Feature","geometry":{"type":"Point","coordinates":[77.30801,19.16308]},"properties":{"udise":"27151703609","name":"SANJAY GANDHI VIDYALAYA KHADAKPURA","state":"MAHARASHTRA","district":"NANDED","block":"NANDED M.C.","indicator":"girls_toilet_nonfunctional"}},{"type":"Feature","geometry":{"type":"Point","coordinates":[77.48572,19.40823]},"properties":{"udise":"27151308907","name":"ZPPS TALYACHIWADI","state":"MAHARASHTRA","district":"NANDED","block":"HADGAON","indicator":"girls_toilet_nonfunctional"}},{"type":"Feature","geometry":{"type":"Point","coordinates":[78.31235,19.83251]},"properties":{"udise":"27151510601","name":"ZPPS NAGAPUR","state":"MAHARASHTRA","district":"NANDED","block":"KINWAT","indicator":"girls_toilet_nonfunctional"}},{"type":"Feature","geometry":{"type":"Point","coordinates":[77.00349,18.88088]},"properties":{"udise":"27150411312","name":"ZPPS THAKU NAIK TANDA","state":"MAHARASHTRA","district":"NANDED","block":"LOHA","indicator":"girls_toilet_nonfunctional"}},{"type":"Feature","geometry":{"type":"Point","coordinates":[78.09958,19.41818]},"properties":{"udise":"27151515002","name":"ZPPS SAWARGAON TANDA","state":"MAHARASHTRA","district":"NANDED","block":"KINWAT","indicator":"girls_toilet_nonfunctional"}},{"type":"Feature","geometry":{"type":"Point","coordinates":[77.57978,19.32531]},"properties":{"udise":"27151308308","name":"ZPPS LOHAPATTI","state":"MAHARASHTRA","district":"NANDED","block":"HADGAON","indicator":"girls_toilet_nonfunctional"}},{"type":"Feature","geometry":{"type":"Point","coordinates":[77.29335,19.12136]},"properties":{"udise":"27151705405","name":"ZPPS ASARJAN","state":"MAHARASHTRA","district":"NANDED","block":"NANDED M.C.","indicator":"girls_toilet_nonfunctional"}},{"type":"Feature","geometry":{"type":"Point","coordinates":[77.57761,18.54306]},"properties":{"udise":"27150702238","name":"VENKATESH PRIMARY SCHOOL DEGLOOR","state":"MAHARASHTRA","district":"NANDED","block":"DEGLOOR","indicator":"girls_toilet_nonfunctional"}},{"type":"Feature","geometry":{"type":"Point","coordinates":[77.84284,19.36247]},"properties":{"udise":"27151406306","name":"ZILLA PARISHAD PRIMARY SCHOOL KOTALWADI TANDA","state":"MAHARASHTRA","district":"NANDED","block":"HIMAYAT NAGAR","indicator":"girls_toilet_nonfunctional"}},{"type":"Feature","geometry":{"type":"Point","coordinates":[77.25299,19.09653]},"properties":{"udise":"27150103001","name":"ZILLA PARISHED PRIMANRY SCHOOL  KALHAL","state":"MAHARASHTRA","district":"NANDED","block":"NANDED","indicator":"girls_toilet_nonfunctional"}},{"type":"Feature","geometry":{"type":"Point","coordinates":[77.32176,19.29024]},"properties":{"udise":"27150202001","name":"ZPPS GANPUR","state":"MAHARASHTRA","district":"NANDED","block":"ARDHAPUR","indicator":"girls_toilet_nonfunctional"}},{"type":"Feature","geometry":{"type":"Point","coordinates":[77.43433,19.20286]},"properties":{"udise":"27150302301","name":"ZILLA PARISHAD PRIMARY SCHOOL BORGAON NA","state":"MAHARASHTRA","district":"NANDED","block":"MUDKHED","indicator":"girls_toilet_nonfunctional"}},{"type":"Feature","geometry":{"type":"Point","coordinates":[77.67392,19.34889]},"properties":{"udise":"27151316707","name":"ZPPS YPHANA BK.","state":"MAHARASHTRA","district":"NANDED","block":"HADGAON","indicator":"girls_toilet_nonfunctional"}},{"type":"Feature","geometry":{"type":"Point","coordinates":[78.2933,19.7698]},"properties":{"udise":"27151511501","name":"ZPCPS PALSHI","state":"MAHARASHTRA","district":"NANDED","block":"KINWAT","indicator":"girls_toilet_nonfunctional"}},{"type":"Feature","geometry":{"type":"Point","coordinates":[77.32107,18.81552]},"properties":{"udise":"27150513801","name":"ZPPS WARWANT","state":"MAHARASHTRA","district":"NANDED","block":"KANDHAR","indicator":"girls_toilet_nonfunctional"}},{"type":"Feature","geometry":{"type":"Point","coordinates":[78.27412,19.48008]},"properties":{"udise":"27151504001","name":"ZPPS DEVLA NAIK TANDA","state":"MAHARASHTRA","district":"NANDED","block":"KINWAT","indicator":"girls_toilet_nonfunctional"}},{"type":"Feature","geometry":{"type":"Point","coordinates":[77.96315,19.74908]},"properties":{"udise":"27151600205","name":"ZPPS AMARSING NAIK TANDA","state":"MAHARASHTRA","district":"NANDED","block":"MAHOOR","indicator":"girls_toilet_nonfunctional"}},{"type":"Feature","geometry":{"type":"Point","coordinates":[77.59997,19.10824]},"properties":{"udise":"27151203701","name":"ZPPS KARLA","state":"MAHARASHTRA","district":"NANDED","block":"UMRI","indicator":"girls_toilet_nonfunctional"}},{"type":"Feature","geometry":{"type":"Point","coordinates":[77.58278,19.35715]},"properties":{"udise":"27151314218","name":"ZPPS EKRALA","state":"MAHARASHTRA","district":"NANDED","block":"HADGAON","indicator":"girls_toilet_nonfunctional"}},{"type":"Feature","geometry":{"type":"Point","coordinates":[78.24856,19.5417]},"properties":{"udise":"27151502601","name":"ZPCPS CHIKHALI (BK)","state":"MAHARASHTRA","district":"NANDED","block":"KINWAT","indicator":"girls_toilet_nonfunctional"}},{"type":"Feature","geometry":{"type":"Point","coordinates":[78.31165,19.75906]},"properties":{"udise":"27151507202","name":"ZPCPS KANKI TANDA","state":"MAHARASHTRA","district":"NANDED","block":"KINWAT","indicator":"girls_toilet_nonfunctional"}},{"type":"Feature","geometry":{"type":"Point","coordinates":[77.35672,19.23649]},"properties":{"udise":"27150201105","name":"GURUKUL PUBLIC SCHOOL DABHAD","state":"MAHARASHTRA","district":"NANDED","block":"ARDHAPUR","indicator":"girls_toilet_nonfunctional"}},{"type":"Feature","geometry":{"type":"Point","coordinates":[77.35709,19.23622]},"properties":{"udise":"27150201102","name":"GURUKUL ENGLISH MEDIUM SCHOOL DABHAD","state":"MAHARASHTRA","district":"NANDED","block":"ARDHAPUR","indicator":"girls_toilet_nonfunctional"}},{"type":"Feature","geometry":{"type":"Point","coordinates":[77.4441,18.76901]},"properties":{"udise":"27150903101","name":"Z.P.P.S.KARLA TM","state":"MAHARASHTRA","district":"NANDED","block":"NAIGAON","indicator":"girls_toilet_nonfunctional"}},{"type":"Feature","geometry":{"type":"Point","coordinates":[78.18413,19.74115]},"properties":{"udise":"27151503602","name":"ZPPS PREMNAGAR","state":"MAHARASHTRA","district":"NANDED","block":"KINWAT","indicator":"girls_toilet_nonfunctional"}},{"type":"Feature","geometry":{"type":"Point","coordinates":[77.50835,19.60362]},"properties":{"udise":"27151310301","name":"DNYANODAY ENGLISH SCHOOL NIVLA","state":"MAHARASHTRA","district":"NANDED","block":"HADGAON","indicator":"girls_toilet_nonfunctional"}},{"type":"Feature","geometry":{"type":"Point","coordinates":[77.67679,19.37202]},"properties":{"udise":"27151300610","name":"ZPPS  WALKI BK TANDA","state":"MAHARASHTRA","district":"NANDED","block":"HADGAON","indicator":"girls_toilet_nonfunctional"}},{"type":"Feature","geometry":{"type":"Point","coordinates":[77.56612,19.30376]},"properties":{"udise":"27151308305","name":"ZPPS MANDWA","state":"MAHARASHTRA","district":"NANDED","block":"HADGAON","indicator":"girls_toilet_nonfunctional"}},{"type":"Feature","geometry":{"type":"Point","coordinates":[77.40321,19.19679]},"properties":{"udise":"27150302201","name":"ZILLA PARISHAD PRIMARY SCHOOL  SAREGAON","state":"MAHARASHTRA","district":"NANDED","block":"MUDKHED","indicator":"girls_toilet_nonfunctional"}},{"type":"Feature","geometry":{"type":"Point","coordinates":[77.98631,19.83564]},"properties":{"udise":"27151610401","name":"ZPPS UMRA TANDA","state":"MAHARASHTRA","district":"NANDED","block":"MAHOOR","indicator":"girls_toilet_nonfunctional"}},{"type":"Feature","geometry":{"type":"Point","coordinates":[78.185,19.85625]},"properties":{"udise":"27151505202","name":"ZPPS SUBHASHNAGER","state":"MAHARASHTRA","district":"NANDED","block":"KINWAT","indicator":"girls_toilet_nonfunctional"}},{"type":"Feature","geometry":{"type":"Point","coordinates":[77.51779,19.54078]},"properties":{"udise":"27151307513","name":"ZPPS MARLEGAON NEW","state":"MAHARASHTRA","district":"NANDED","block":"HADGAON","indicator":"girls_toilet_nonfunctional"}},{"type":"Feature","geometry":{"type":"Point","coordinates":[77.46496,19.08535]},"properties":{"udise":"27150304002","name":"ZPPS TANDA DAREGAON WADI","state":"MAHARASHTRA","district":"NANDED","block":"MUDKHED","indicator":"girls_toilet_nonfunctional"}},{"type":"Feature","geometry":{"type":"Point","coordinates":[77.2443,18.72399]},"properties":{"udise":"27150504704","name":"ZPPS GUNTUR TANDA","state":"MAHARASHTRA","district":"NANDED","block":"KANDHAR","indicator":"girls_toilet_nonfunctional"}},{"type":"Feature","geometry":{"type":"Point","coordinates":[77.38079,19.28595]},"properties":{"udise":"27150200414","name":"ZPPS ANANDNAGAR ARDHAPUR","state":"MAHARASHTRA","district":"NANDED","block":"ARDHAPUR","indicator":"girls_toilet_nonfunctional"}},{"type":"Feature","geometry":{"type":"Point","coordinates":[77.4371,18.39713]},"properties":{"udise":"27150705202","name":"Z.P.P.S. TANDA LONI","state":"MAHARASHTRA","district":"NANDED","block":"DEGLOOR","indicator":"girls_toilet_nonfunctional"}},{"type":"Feature","geometry":{"type":"Point","coordinates":[77.48317,19.07961]},"properties":{"udise":"27150305505","name":"Zilla Parishad Primary School Rohipimpalgaon Tanda","state":"MAHARASHTRA","district":"NANDED","block":"MUDKHED","indicator":"girls_toilet_nonfunctional"}},{"type":"Feature","geometry":{"type":"Point","coordinates":[77.58003,19.14741]},"properties":{"udise":"27150301301","name":"ZILLA PARISHAD PRIMARY SCHOOL WARDADA","state":"MAHARASHTRA","district":"NANDED","block":"MUDKHED","indicator":"girls_toilet_nonfunctional"}},{"type":"Feature","geometry":{"type":"Point","coordinates":[77.50312,19.15164]},"properties":{"udise":"27150304801","name":"ZPPS WADI NI","state":"MAHARASHTRA","district":"NANDED","block":"MUDKHED","indicator":"girls_toilet_nonfunctional"}},{"type":"Feature","geometry":{"type":"Point","coordinates":[77.45419,18.38821]},"properties":{"udise":"27150706901","name":"Z.P.P.S.PUJARWADI","state":"MAHARASHTRA","district":"NANDED","block":"DEGLOOR","indicator":"girls_toilet_nonfunctional"}},{"type":"Feature","geometry":{"type":"Point","coordinates":[77.45658,19.29537]},"properties":{"udise":"27150201001","name":"ZILLA PARISHAD PRIMARY SCHOOL CHENAPUR","state":"MAHARASHTRA","district":"NANDED","block":"ARDHAPUR","indicator":"girls_toilet_nonfunctional"}},{"type":"Feature","geometry":{"type":"Point","coordinates":[77.99575,19.77626]},"properties":{"udise":"27151601602","name":"ZPPS BHIMPUR","state":"MAHARASHTRA","district":"NANDED","block":"MAHOOR","indicator":"girls_toilet_nonfunctional"}},{"type":"Feature","geometry":{"type":"Point","coordinates":[77.60845,19.08889]},"properties":{"udise":"27151200201","name":"ZPPS ASWALDARI","state":"MAHARASHTRA","district":"NANDED","block":"UMRI","indicator":"girls_toilet_nonfunctional"}},{"type":"Feature","geometry":{"type":"Point","coordinates":[77.48185,18.94539]},"properties":{"udise":"27150904901","name":"Z.P.P.S. KUSHNOOR TANDA","state":"MAHARASHTRA","district":"NANDED","block":"NAIGAON","indicator":"girls_toilet_nonfunctional"}},{"type":"Feature","geometry":{"type":"Point","coordinates":[77.91272,19.73578]},"properties":{"udise":"27151609501","name":"ZPPS SHIUR","state":"MAHARASHTRA","district":"NANDED","block":"MAHOOR","indicator":"girls_toilet_nonfunctional"}},{"type":"Feature","geometry":{"type":"Point","coordinates":[77.58983,19.08168]},"properties":{"udise":"27151205603","name":"ZPPS SHELGAON (RLY STATION)","state":"MAHARASHTRA","district":"NANDED","block":"UMRI","indicator":"girls_toilet_nonfunctional"}},{"type":"Feature","geometry":{"type":"Point","coordinates":[77.03102,18.84965]},"properties":{"udise":"27150408709","name":"ZPPS RUPALA TANDA MALAKOLI","state":"MAHARASHTRA","district":"NANDED","block":"LOHA","indicator":"girls_toilet_nonfunctional"}},{"type":"Feature","geometry":{"type":"Point","coordinates":[77.59694,18.90355]},"properties":{"udise":"27150907101","name":"Z.P.P.S. PARADWADI","state":"MAHARASHTRA","district":"NANDED","block":"NAIGAON","indicator":"girls_toilet_nonfunctional"}},{"type":"Feature","geometry":{"type":"Point","coordinates":[77.29549,19.18922]},"properties":{"udise":"27151701609","name":"SUDHAKARAO NAIK P.S.SWAGAT NAGAR","state":"MAHARASHTRA","district":"NANDED","block":"NANDED M.C.","indicator":"girls_toilet_nonfunctional"}},{"type":"Feature","geometry":{"type":"Point","coordinates":[77.67277,19.30611]},"properties":{"udise":"27151316709","name":"ZPPS NEW PIMPALGAON","state":"MAHARASHTRA","district":"NANDED","block":"HADGAON","indicator":"girls_toilet_nonfunctional"}},{"type":"Feature","geometry":{"type":"Point","coordinates":[77.55238,19.51728]},"properties":{"udise":"27151310516","name":"ZPPS CHENDKAPUR","state":"MAHARASHTRA","district":"NANDED","block":"HADGAON","indicator":"girls_toilet_nonfunctional"}},{"type":"Feature","geometry":{"type":"Point","coordinates":[77.81742,19.36963]},"properties":{"udise":"27151403702","name":"ZILLA PARISHAD PRIMARY SCHOOL NEW ABADI KARANJI","state":"MAHARASHTRA","district":"NANDED","block":"HIMAYAT NAGAR","indicator":"girls_toilet_nonfunctional"}},{"type":"Feature","geometry":{"type":"Point","coordinates":[78.21229,19.82853]},"properties":{"udise":"27151511101","name":"ZPPS NAVARGAON","state":"MAHARASHTRA","district":"NANDED","block":"KINWAT","indicator":"girls_toilet_nonfunctional"}},{"type":"Feature","geometry":{"type":"Point","coordinates":[78.15352,19.49384]},"properties":{"udise":"27151505701","name":"ZPPS GONDKHEDA","state":"MAHARASHTRA","district":"NANDED","block":"KINWAT","indicator":"girls_toilet_nonfunctional"}},{"type":"Feature","geometry":{"type":"Point","coordinates":[77.7957,19.32577]},"properties":{"udise":"27151405902","name":"ZILLA PARISHAD PRIMARY SCHOOL POTA TANDA","state":"MAHARASHTRA","district":"NANDED","block":"HIMAYAT NAGAR","indicator":"girls_toilet_nonfunctional"}},{"type":"Feature","geometry":{"type":"Point","coordinates":[78.04987,19.27081]},"properties":{"udise":"27151502801","name":"ZPPS CHIKHALI TANDA","state":"MAHARASHTRA","district":"NANDED","block":"KINWAT","indicator":"girls_toilet_nonfunctional"}},{"type":"Feature","geometry":{"type":"Point","coordinates":[78.31282,19.78342]},"properties":{"udise":"27151508501","name":"ZPPS LALU NAIK TANDA","state":"MAHARASHTRA","district":"NANDED","block":"KINWAT","indicator":"girls_toilet_nonfunctional"}},{"type":"Feature","geometry":{"type":"Point","coordinates":[77.38039,19.28421]},"properties":{"udise":"27150200407","name":"SWAMI VIVEKANAND PS ARDHAPUR","state":"MAHARASHTRA","district":"NANDED","block":"ARDHAPUR","indicator":"girls_toilet_nonfunctional"}},{"type":"Feature","geometry":{"type":"Point","coordinates":[77.39289,18.96094]},"properties":{"udise":"27150412303","name":"ZPPS RAMJI AMBEDKAR NAGAR UMRA","state":"MAHARASHTRA","district":"NANDED","block":"LOHA","indicator":"girls_toilet_nonfunctional"}},{"type":"Feature","geometry":{"type":"Point","coordinates":[77.25237,18.74105]},"properties":{"udise":"27150507701","name":"ZPPS MAHADEVMAL TANDA","state":"MAHARASHTRA","district":"NANDED","block":"KANDHAR","indicator":"girls_toilet_nonfunctional"}},{"type":"Feature","geometry":{"type":"Point","coordinates":[77.60888,18.94561]},"properties":{"udise":"27151201701","name":"ZPPS ERANDEL","state":"MAHARASHTRA","district":"NANDED","block":"UMRI","indicator":"girls_toilet_nonfunctional"}},{"type":"Feature","geometry":{"type":"Point","coordinates":[77.76401,19.27991]},"properties":{"udise":"27151108001","name":"ZILLA PARISHAD PRIMARY SCHOOL KASARTANDA","state":"MAHARASHTRA","district":"NANDED","block":"BHOKAR","indicator":"girls_toilet_nonfunctional"}},{"type":"Feature","geometry":{"type":"Point","coordinates":[77.57541,18.53753]},"properties":{"udise":"27150702262","name":"DNYAN SARASWATI ENGLISH SCHOOL DEGLOOR","state":"MAHARASHTRA","district":"NANDED","block":"DEGLOOR","indicator":"girls_toilet_nonfunctional"}},{"type":"Feature","geometry":{"type":"Point","coordinates":[77.6327,19.29803]},"properties":{"udise":"27151314219","name":"ZPPS TALYACHIWADI","state":"MAHARASHTRA","district":"NANDED","block":"HADGAON","indicator":"girls_toilet_nonfunctional"}},{"type":"Feature","geometry":{"type":"Point","coordinates":[77.48502,18.43167]},"properties":{"udise":"27150705805","name":"Z.P.P.S.TANDA MARHEL","state":"MAHARASHTRA","district":"NANDED","block":"DEGLOOR","indicator":"girls_toilet_nonfunctional"}},{"type":"Feature","geometry":{"type":"Point","coordinates":[77.17874,18.82691]},"properties":{"udise":"27150513203","name":"ZPPS THAKUTANDA","state":"MAHARASHTRA","district":"NANDED","block":"KANDHAR","indicator":"girls_toilet_nonfunctional"}},{"type":"Feature","geometry":{"type":"Point","coordinates":[77.59328,18.62414]},"properties":{"udise":"27150709501","name":"Z.P.C.P.S. WANNALI","state":"MAHARASHTRA","district":"NANDED","block":"DEGLOOR","indicator":"girls_toilet_nonfunctional"}},{"type":"Feature","geometry":{"type":"Point","coordinates":[77.91961,19.77245]},"properties":{"udise":"27151603601","name":"ZPPS HINGANI","state":"MAHARASHTRA","district":"NANDED","block":"MAHOOR","indicator":"girls_toilet_nonfunctional"}},{"type":"Feature","geometry":{"type":"Point","coordinates":[77.32687,19.22926]},"properties":{"udise":"27150204601","name":"ZPPS SHELGAON KD","state":"MAHARASHTRA","district":"NANDED","block":"ARDHAPUR","indicator":"girls_toilet_nonfunctional"}},{"type":"Feature","geometry":{"type":"Point","coordinates":[77.33104,19.18375]},"properties":{"udise":"27151704702","name":"ZPPS MANDAI SANGAVI","state":"MAHARASHTRA","district":"NANDED","block":"NANDED M.C.","indicator":"girls_toilet_nonfunctional"}},{"type":"Feature","geometry":{"type":"Point","coordinates":[77.10733,18.92116]},"properties":{"udise":"27150414501","name":"ZPPS RAMNA TANDA","state":"MAHARASHTRA","district":"NANDED","block":"LOHA","indicator":"girls_toilet_nonfunctional"}},{"type":"Feature","geometry":{"type":"Point","coordinates":[77.52156,19.4605]},"properties":{"udise":"27151302603","name":"CPS CHINCHGAVAN","state":"MAHARASHTRA","district":"NANDED","block":"HADGAON","indicator":"girls_toilet_nonfunctional"}},{"type":"Feature","geometry":{"type":"Point","coordinates":[78.20647,19.58893]},"properties":{"udise":"27151508101","name":"ZPPS KOTHARI (CHI)","state":"MAHARASHTRA","district":"NANDED","block":"KINWAT","indicator":"girls_toilet_nonfunctional"}},{"type":"Feature","geometry":{"type":"Point","coordinates":[77.59679,18.51966]},"properties":{"udise":"27150702206","name":"Z.P.P.S. URDU NARENDRA MARG DEGLOOR","state":"MAHARASHTRA","district":"NANDED","block":"DEGLOOR","indicator":"girls_toilet_nonfunctional"}},{"type":"Feature","geometry":{"type":"Point","coordinates":[77.40316,19.13281]},"properties":{"udise":"27150105701","name":"ZILLA PARISHED PRIMANRY SCHOOL PUNEGAON","state":"MAHARASHTRA","district":"NANDED","block":"NANDED","indicator":"girls_toilet_nonfunctional"}},{"type":"Feature","geometry":{"type":"Point","coordinates":[78.17184,19.49818]},"properties":{"udise":"27151515102","name":"ZPPS CHANDARAPURPATI","state":"MAHARASHTRA","district":"NANDED","block":"KINWAT","indicator":"girls_toilet_nonfunctional"}},{"type":"Feature","geometry":{"type":"Point","coordinates":[78.13247,19.68321]},"properties":{"udise":"27151509904","name":"ZPPS SAMBARLOLI","state":"MAHARASHTRA","district":"NANDED","block":"KINWAT","indicator":"girls_toilet_nonfunctional"}},{"type":"Feature","geometry":{"type":"Point","coordinates":[77.69001,18.93354]},"properties":{"udise":"27151001101","name":"ZILLA PARISHAD PRIMARY SCHOOL  BELGUJARI","state":"MAHARASHTRA","district":"NANDED","block":"DHARMABAD","indicator":"girls_toilet_nonfunctional"}},{"type":"Feature","geometry":{"type":"Point","coordinates":[77.18671,18.87336]},"properties":{"udise":"27150506802","name":"ZPPS KAUTHAWADI","state":"MAHARASHTRA","district":"NANDED","block":"KANDHAR","indicator":"girls_toilet_nonfunctional"}},{"type":"Feature","geometry":{"type":"Point","coordinates":[77.03816,18.82342]},"properties":{"udise":"27150414101","name":"ZPPS YELDARI TANDA","state":"MAHARASHTRA","district":"NANDED","block":"LOHA","indicator":"girls_toilet_nonfunctional"}},{"type":"Feature","geometry":{"type":"Point","coordinates":[77.28945,19.31714]},"properties":{"udise":"27150204301","name":"ZPPS SAWARGAON","state":"MAHARASHTRA","district":"NANDED","block":"ARDHAPUR","indicator":"girls_toilet_nonfunctional"}},{"type":"Feature","geometry":{"type":"Point","coordinates":[77.9716,19.38776]},"properties":{"udise":"27151501801","name":"ZPCPS BHISI","state":"MAHARASHTRA","district":"NANDED","block":"KINWAT","indicator":"girls_toilet_nonfunctional"}},{"type":"Feature","geometry":{"type":"Point","coordinates":[77.62904,18.5548]},"properties":{"udise":"27150708201","name":"Z.P.P.S.SUNDGGI BK","state":"MAHARASHTRA","district":"NANDED","block":"DEGLOOR","indicator":"girls_toilet_nonfunctional"}},{"type":"Feature","geometry":{"type":"Point","coordinates":[77.38571,19.22022]},"properties":{"udise":"27150201902","name":"ZPPS INDERANAGER ELEGAON","state":"MAHARASHTRA","district":"NANDED","block":"ARDHAPUR","indicator":"girls_toilet_nonfunctional"}},{"type":"Feature","geometry":{"type":"Point","coordinates":[77.53448,18.84858]},"properties":{"udise":"27150900109","name":"SHRI DATTA PRIMARY SCHOOL NAIGAON","state":"MAHARASHTRA","district":"NANDED","block":"NAIGAON","indicator":"girls_toilet_nonfunctional"}},{"type":"Feature","geometry":{"type":"Point","coordinates":[78.31185,19.75584]},"properties":{"udise":"27151507201","name":"ZPPS KANKI","state":"MAHARASHTRA","district":"NANDED","block":"KINWAT","indicator":"girls_toilet_nonfunctional"}},{"type":"Feature","geometry":{"type":"Point","coordinates":[78.27591,19.7987]},"properties":{"udise":"27151513101","name":"ZPPS PIMPAL SHENDA","state":"MAHARASHTRA","district":"NANDED","block":"KINWAT","indicator":"girls_toilet_nonfunctional"}},{"type":"Feature","geometry":{"type":"Point","coordinates":[78.21716,19.80614]},"properties":{"udise":"27151503802","name":"ZPPS UTTAMNAGER","state":"MAHARASHTRA","district":"NANDED","block":"KINWAT","indicator":"girls_toilet_nonfunctional"}},{"type":"Feature","geometry":{"type":"Point","coordinates":[77.77443,19.22759]},"properties":{"udise":"27151105402","name":"ZILLA PARISHAD PRIMARY SCHOOL NANDA KH TANDA","state":"MAHARASHTRA","district":"NANDED","block":"BHOKAR","indicator":"girls_toilet_nonfunctional"}},{"type":"Feature","geometry":{"type":"Point","coordinates":[77.96135,19.44115]},"properties":{"udise":"27151404802","name":"ZILLA PARISHAD PRIMARY SCHOOL LINE TANDA","state":"MAHARASHTRA","district":"NANDED","block":"HIMAYAT NAGAR","indicator":"girls_toilet_nonfunctional"}},{"type":"Feature","geometry":{"type":"Point","coordinates":[77.32037,18.67918]},"properties":{"udise":"27150617401","name":"ZPPS MANCHUTANDA","state":"MAHARASHTRA","district":"NANDED","block":"MUKHED","indicator":"girls_toilet_nonfunctional"}},{"type":"Feature","geometry":{"type":"Point","coordinates":[77.12501,18.82681]},"properties":{"udise":"27150510001","name":"ZPPS PALASWADI","state":"MAHARASHTRA","district":"NANDED","block":"KANDHAR","indicator":"girls_toilet_nonfunctional"}},{"type":"Feature","geometry":{"type":"Point","coordinates":[77.79197,18.92738]},"properties":{"udise":"27151003701","name":"ZILLA PARISHAD PRIMARY SCHOOL  RAJAPUR","state":"MAHARASHTRA","district":"NANDED","block":"DHARMABAD","indicator":"girls_toilet_nonfunctional"}},{"type":"Feature","geometry":{"type":"Point","coordinates":[77.26921,19.18412]},"properties":{"udise":"27150107501","name":"ZILHA PARISHED PRIMANRY WITH UPPEAR PRIMANRY SCHOOLWADI BK","state":"MAHARASHTRA","district":"NANDED","block":"NANDED","indicator":"girls_toilet_nonfunctional"}},{"type":"Feature","geometry":{"type":"Point","coordinates":[77.98937,19.69994]},"properties":{"udise":"27151600204","name":"ZPPS DIGDI TANDA","state":"MAHARASHTRA","district":"NANDED","block":"MAHOOR","indicator":"girls_toilet_nonfunctional"}},{"type":"Feature","geometry":{"type":"Point","coordinates":[77.56867,19.40369]},"properties":{"udise":"27151314216","name":"ZPPS POTREWADI","state":"MAHARASHTRA","district":"NANDED","block":"HADGAON","indicator":"girls_toilet_nonfunctional"}},{"type":"Feature","geometry":{"type":"Point","coordinates":[77.56591,18.6628]},"properties":{"udise":"27150705601","name":"Z.P.P.S. MAN SAKHARGA","state":"MAHARASHTRA","district":"NANDED","block":"DEGLOOR","indicator":"girls_toilet_nonfunctional"}},{"type":"Feature","geometry":{"type":"Point","coordinates":[77.73924,19.1316]},"properties":{"udise":"27151101904","name":"ZILLA PARISHAD PRIMARY SCHOOL SOCIETY TANDA","state":"MAHARASHTRA","district":"NANDED","block":"BHOKAR","indicator":"girls_toilet_nonfunctional"}},{"type":"Feature","geometry":{"type":"Point","coordinates":[78.19357,19.66344]},"properties":{"udise":"27151505403","name":"ZPPS DATTANAGAR GHOTI","state":"MAHARASHTRA","district":"NANDED","block":"KINWAT","indicator":"girls_toilet_nonfunctional"}},{"type":"Feature","geometry":{"type":"Point","coordinates":[78.0909,19.80373]},"properties":{"udise":"27151608601","name":"ZPPS RAMU NAIK TANDA","state":"MAHARASHTRA","district":"NANDED","block":"MAHOOR","indicator":"girls_toilet_nonfunctional"}},{"type":"Feature","geometry":{"type":"Point","coordinates":[78.3099,19.81486]},"properties":{"udise":"27151508602","name":"ZPPS LINGI TANDA","state":"MAHARASHTRA","district":"NANDED","block":"KINWAT","indicator":"girls_toilet_nonfunctional"}},{"type":"Feature","geometry":{"type":"Point","coordinates":[77.23058,18.68471]},"properties":{"udise":"27150607301","name":"ZPPS JAMB (KH)","state":"MAHARASHTRA","district":"NANDED","block":"MUKHED","indicator":"girls_toilet_nonfunctional"}},{"type":"Feature","geometry":{"type":"Point","coordinates":[77.3672,18.5724]},"properties":{"udise":"27150601214","name":"ZPPS BALAJINAGARTANDA","state":"MAHARASHTRA","district":"NANDED","block":"MUKHED","indicator":"girls_toilet_nonfunctional"}},{"type":"Feature","geometry":{"type":"Point","coordinates":[77.91612,19.86459]},"properties":{"udise":"27151605714","name":"ZPPS KEROLI","state":"MAHARASHTRA","district":"NANDED","block":"MAHOOR","indicator":"girls_toilet_nonfunctional"}},{"type":"Feature","geometry":{"type":"Point","coordinates":[77.63397,18.87162]},"properties":{"udise":"27150802701","name":"ZILLA PARISHAD CENTRAL  PRIMARY SCHOOL DUGAON","state":"MAHARASHTRA","district":"NANDED","block":"BILOLI","indicator":"girls_toilet_nonfunctional"}},{"type":"Feature","geometry":{"type":"Point","coordinates":[77.37578,19.0701]},"properties":{"udise":"27150102905","name":"ZILLA PARISHED PRIMANRY SCHOOL YETALWADI","state":"MAHARASHTRA","district":"NANDED","block":"NANDED","indicator":"girls_toilet_nonfunctional"}},{"type":"Feature","geometry":{"type":"Point","coordinates":[77.86702,19.76283]},"properties":{"udise":"27151602401","name":"ZPPS DIGADI KUTTEMAR","state":"MAHARASHTRA","district":"NANDED","block":"MAHOOR","indicator":"girls_toilet_nonfunctional"}},{"type":"Feature","geometry":{"type":"Point","coordinates":[77.63288,18.57745]},"properties":{"udise":"27150708301","name":"Z.P.P.S.SUNDGGI KH","state":"MAHARASHTRA","district":"NANDED","block":"DEGLOOR","indicator":"girls_toilet_nonfunctional"}},{"type":"Feature","geometry":{"type":"Point","coordinates":[77.50644,18.42668]},"properties":{"udise":"27150708601","name":"Z.P.P.S.  TAKLI JAHAGIR","state":"MAHARASHTRA","district":"NANDED","block":"DEGLOOR","indicator":"girls_toilet_nonfunctional"}},{"type":"Feature","geometry":{"type":"Point","coordinates":[77.384,19.29263]},"properties":{"udise":"27150200413","name":"AMRUTNAGAR VASTI SCHOOL ARDHAPUR","state":"MAHARASHTRA","district":"NANDED","block":"ARDHAPUR","indicator":"girls_toilet_nonfunctional"}},{"type":"Feature","geometry":{"type":"Point","coordinates":[77.56865,18.53968]},"properties":{"udise":"27150702254","name":"DEGLOOR MAHAVIDDIYALAYDEGLOOR","state":"MAHARASHTRA","district":"NANDED","block":"DEGLOOR","indicator":"girls_toilet_nonfunctional"}},{"type":"Feature","geometry":{"type":"Point","coordinates":[77.72291,19.33327]},"properties":{"udise":"27151402401","name":"ZILLA PARISHAD PRIMARY SCHOOL HADGON ROAD","state":"MAHARASHTRA","district":"NANDED","block":"HIMAYAT NAGAR","indicator":"girls_toilet_nonfunctional"}},{"type":"Feature","geometry":{"type":"Point","coordinates":[77.49828,19.15129]},"properties":{"udise":"27150300124","name":"ZILLA PARISHAD PRIMARY SCHOOL  NEW NANDIWADA","state":"MAHARASHTRA","district":"NANDED","block":"MUDKHED","indicator":"girls_toilet_nonfunctional"}},{"type":"Feature","geometry":{"type":"Point","coordinates":[77.36444,18.46488]},"properties":{"udise":"27150619801","name":"ZPPS HANUMANNAGAR (PARATPUR)","state":"MAHARASHTRA","district":"NANDED","block":"MUKHED","indicator":"girls_toilet_nonfunctional"}},{"type":"Feature","geometry":{"type":"Point","coordinates":[77.20057,18.71322]},"properties":{"udise":"27150503105","name":"SHRI SHIVAJI P.S. DIGRAS (BK.)","state":"MAHARASHTRA","district":"NANDED","block":"KANDHAR","indicator":"girls_toilet_nonfunctional"}},{"type":"Feature","geometry":{"type":"Point","coordinates":[77.27023,19.30009]},"properties":{"udise":"27150203202","name":"SARSWATI PS  MALEGAON","state":"MAHARASHTRA","district":"NANDED","block":"ARDHAPUR","indicator":"girls_toilet_nonfunctional"}},{"type":"Feature","geometry":{"type":"Point","coordinates":[77.25065,18.7472]},"properties":{"udise":"27150511403","name":"ZPPS GOVINDNAIKTANDA","state":"MAHARASHTRA","district":"NANDED","block":"KANDHAR","indicator":"girls_toilet_nonfunctional"}},{"type":"Feature","geometry":{"type":"Point","coordinates":[77.16621,18.90231]},"properties":{"udise":"27150503002","name":"ZPPS DHARMAPURI TANDA","state":"MAHARASHTRA","district":"NANDED","block":"KANDHAR","indicator":"girls_toilet_nonfunctional"}},{"type":"Feature","geometry":{"type":"Point","coordinates":[77.80679,19.24441]},"properties":{"udise":"27151101703","name":"ZILLA PARISHAD PRIMARY SCHOOL BABANAGAR","state":"MAHARASHTRA","district":"NANDED","block":"BHOKAR","indicator":"girls_toilet_nonfunctional"}},{"type":"Feature","geometry":{"type":"Point","coordinates":[77.36531,18.57068]},"properties":{"udise":"27150621101","name":"ZPPS DEVLATANDA","state":"MAHARASHTRA","district":"NANDED","block":"MUKHED","indicator":"girls_toilet_nonfunctional"}}]}