{"type":"FeatureCollection","features":[{"type":"Feature","geometry":{"type":"Point","coordinates":[93.59345,25.71618]},"properties":{"udise":"13060100701","name":"GOVERNMENT PRIMARY SCHOOL TOSHEZU","state":"NAGALAND","district":"DIMAPUR","block":"DHANSIRIPAR","indicator":"no_girls_toilet"}},{"type":"Feature","geometry":{"type":"Point","coordinates":[93.94894,25.81158]},"properties":{"udise":"13060301704","name":"GOVERNMENT PRIMARY SCHOOL TSIEPAMA MODEL VILLAGE","state":"NAGALAND","district":"DIMAPUR","block":"MEDZIPHEMA","indicator":"no_girls_toilet"}},{"type":"Feature","geometry":{"type":"Point","coordinates":[93.97294,25.91109]},"properties":{"udise":"13060405001","name":"GOVERNMENT PRIMARY SCHOOL R HOVISHE","state":"NAGALAND","district":"DIMAPUR","block":"NUILAND","indicator":"no_girls_toilet"}},{"type":"Feature","geometry":{"type":"Point","coordinates":[93.95445,25.75815]},"properties":{"udise":"13060300402","name":"GOVERNMENT HIGH SCHOOL PIPHEMA","state":"NAGALAND","district":"DIMAPUR","block":"MEDZIPHEMA","indicator":"no_girls_toilet"}},{"type":"Feature","geometry":{"type":"Point","coordinates":[93.8053,25.743]},"properties":{"udise":"13060306301","name":"GOVERNMENT PRIMARY SCHOOL CHATHE","state":"NAGALAND","district":"DIMAPUR","block":"MEDZIPHEMA","indicator":"no_girls_toilet"}},{"type":"Feature","geometry":{"type":"Point","coordinates":[93.78731,25.71017]},"properties":{"udise":"13060300202","name":"GOVERNMENT PRIMARY SCHOOL RUZAPHEMA BLOCK III","state":"NAGALAND","district":"DIMAPUR","block":"MEDZIPHEMA","indicator":"no_girls_toilet"}},{"type":"Feature","geometry":{"type":"Point","coordinates":[93.94434,25.86377]},"properties":{"udise":"13060409402","name":"GOVERNMENT MIDDLE SCHOOL GHOKUTO","state":"NAGALAND","district":"DIMAPUR","block":"NUILAND","indicator":"no_girls_toilet"}},{"type":"Feature","geometry":{"type":"Point","coordinates":[93.66463,25.72037]},"properties":{"udise":"13060103001","name":"GOVERNMENT PRIMARY SCHOOL VIHOSHE","state":"NAGALAND","district":"DIMAPUR","block":"DHANSIRIPAR","indicator":"no_girls_toilet"}},{"type":"Feature","geometry":{"type":"Point","coordinates":[93.96939,25.89995]},"properties":{"udise":"13060410501","name":"GOVERNMENT PRIMARY SCHOOL NGAMJALAM","state":"NAGALAND","district":"DIMAPUR","block":"NUILAND","indicator":"no_girls_toilet"}},{"type":"Feature","geometry":{"type":"Point","coordinates":[93.70666,25.91229]},"properties":{"udise":"13060305901","name":"GOVERNMENT PRIMARY SCHOOL AGRI COLONY","state":"NAGALAND","district":"DIMAPUR","block":"MEDZIPHEMA","indicator":"no_girls_toilet"}},{"type":"Feature","geometry":{"type":"Point","coordinates":[93.52357,25.50451]},"properties":{"udise":"13060411001","name":"GOVERNMENT PRIMARY SCHOOL AHNGJONG KONYAK","state":"NAGALAND","district":"DIMAPUR","block":"NUILAND","indicator":"no_girls_toilet"}},{"type":"Feature","geometry":{"type":"Point","coordinates":[93.83127,25.73731]},"properties":{"udise":"13060302901","name":"GOVERNMENT PRIMARY SCHOOL BUNGSANG","state":"NAGALAND","district":"DIMAPUR","block":"MEDZIPHEMA","indicator":"no_girls_toilet"}},{"type":"Feature","geometry":{"type":"Point","coordinates":[93.76861,25.90363]},"properties":{"udise":"13060201409","name":"GOVERNMENT PRIMARY SCHOOL PADUMPUKHURI BLOCK  3","state":"NAGALAND","district":"DIMAPUR","block":"KUSHIABILL","indicator":"no_girls_toilet"}},{"type":"Feature","geometry":{"type":"Point","coordinates":[93.98968,25.90229]},"properties":{"udise":"13060408201","name":"GOVERNMENT PRIMARY SCHOOL GHOSHITO","state":"NAGALAND","district":"DIMAPUR","block":"NUILAND","indicator":"girls_toilet_nonfunctional"}},{"type":"Feature","geometry":{"type":"Point","coordinates":[93.88175,25.70015]},"properties":{"udise":"13060305002","name":"GOVERNMENT PRIMARY SCHOOL ZHUIKHU","state":"NAGALAND","district":"DIMAPUR","block":"MEDZIPHEMA","indicator":"girls_toilet_nonfunctional"}},{"type":"Feature","geometry":{"type":"Point","coordinates":[93.77039,25.85579]},"properties":{"udise":"13060301405","name":"GOVERNMENT MIDDLE SCHOOL 5TH MILE MODEL VILLGE","state":"NAGALAND","district":"DIMAPUR","block":"MEDZIPHEMA","indicator":"girls_toilet_nonfunctional"}},{"type":"Feature","geometry":{"type":"Point","coordinates":[93.87303,25.72439]},"properties":{"udise":"13060305305","name":"GOVERNMENT MIDDLE SCHOOL NEW SOCUNOMA","state":"NAGALAND","district":"DIMAPUR","block":"MEDZIPHEMA","indicator":"girls_toilet_nonfunctional"}},{"type":"Feature","geometry":{"type":"Point","coordinates":[93.85436,25.73534]},"properties":{"udise":"13060304703","name":"GOVERNMENT MIDDLE SCHOOL MOLVOM","state":"NAGALAND","district":"DIMAPUR","block":"MEDZIPHEMA","indicator":"girls_toilet_nonfunctional"}},{"type":"Feature","geometry":{"type":"Point","coordinates":[93.59552,25.71239]},"properties":{"udise":"13060103601","name":"GOVERNMENT PRIMARY SCHOOL A.K.INDUSTRIAL VILLAGE","state":"NAGALAND","district":"DIMAPUR","block":"DHANSIRIPAR","indicator":"girls_toilet_nonfunctional"}},{"type":"Feature","geometry":{"type":"Point","coordinates":[93.74565,25.87135]},"properties":{"udise":"13060201505","name":"GOVERNMENT PRIMARY SCHOOL THILIXU BLOCK I","state":"NAGALAND","district":"DIMAPUR","block":"KUSHIABILL","indicator":"girls_toilet_nonfunctional"}},{"type":"Feature","geometry":{"type":"Point","coordinates":[93.8825,25.7575]},"properties":{"udise":"13060303802","name":"GOVERNMENT MIDDLE SCHOOL MEDZIPHEMA TOWN","state":"NAGALAND","district":"DIMAPUR","block":"MEDZIPHEMA","indicator":"girls_toilet_nonfunctional"}},{"type":"Feature","geometry":{"type":"Point","coordinates":[93.76157,25.84054]},"properties":{"udise":"13060300107","name":"GOVERNMENT HIGH SCHOOL SOVIMA","state":"NAGALAND","district":"DIMAPUR","block":"MEDZIPHEMA","indicator":"girls_toilet_nonfunctional"}},{"type":"Feature","geometry":{"type":"Point","coordinates":[93.71985,25.8764]},"properties":{"udise":"13060501909","name":"GOVERNMENT PRIMARY SCHOOL THAHEKHU BLOCK  VII","state":"NAGALAND","district":"DIMAPUR","block":"DIMAPUR URBAN","indicator":"girls_toilet_nonfunctional"}},{"type":"Feature","geometry":{"type":"Point","coordinates":[93.73122,25.88019]},"properties":{"udise":"13060501907","name":"GOVERNMENT HIGH SCHOOL THAHEKHU","state":"NAGALAND","district":"DIMAPUR","block":"DIMAPUR URBAN","indicator":"girls_toilet_nonfunctional"}},{"type":"Feature","geometry":{"type":"Point","coordinates":[93.97993,25.90503]},"properties":{"udise":"13060410801","name":"GOVERNMENT PRIMARY SCHOOL HEZHETO","state":"NAGALAND","district":"DIMAPUR","block":"NUILAND","indicator":"girls_toilet_nonfunctional"}},{"type":"Feature","geometry":{"type":"Point","coordinates":[93.98393,25.90553]},"properties":{"udise":"13060410002","name":"GOVERNMENT MIDDLE SCHOOL HEZULHO","state":"NAGALAND","district":"DIMAPUR","block":"NUILAND","indicator":"girls_toilet_nonfunctional"}},{"type":"Feature","geometry":{"type":"Point","coordinates":[94.89019,25.75843]},"properties":{"udise":"13100901001","name":"GOVERNMENT PRIMARY SCHOOL LONGKHIMVONG","state":"NAGALAND","district":"KIPHIRE","block":"PUNGRO","indicator":"no_girls_toilet"}},{"type":"Feature","geometry":{"type":"Point","coordinates":[94.82826,25.77682]},"properties":{"udise":"13100902603","name":"CHRISTIAN SCHOOL MOYA","state":"NAGALAND","district":"KIPHIRE","block":"PUNGRO","indicator":"no_girls_toilet"}},{"type":"Feature","geometry":{"type":"Point","coordinates":[94.8931,25.75886]},"properties":{"udise":"13100901601","name":"GOVERNMENT PRIMARY SCHOOL LOPFUKHONG","state":"NAGALAND","district":"KIPHIRE","block":"PUNGRO","indicator":"no_girls_toilet"}},{"type":"Feature","geometry":{"type":"Point","coordinates":[94.89129,25.7925]},"properties":{"udise":"13100900205","name":"KIJINGVONG SCHOOL SALOMI","state":"NAGALAND","district":"KIPHIRE","block":"PUNGRO","indicator":"no_girls_toilet"}},{"type":"Feature","geometry":{"type":"Point","coordinates":[94.92014,25.91681]},"properties":{"udise":"13100902301","name":"GOVERNMENT PRIMARY SCHOOL CHIKIUPONGER","state":"NAGALAND","district":"KIPHIRE","block":"PUNGRO","indicator":"girls_toilet_nonfunctional"}},{"type":"Feature","geometry":{"type":"Point","coordinates":[94.90517,25.70776]},"properties":{"udise":"13100903401","name":"CHRISTIAN SCHOL MIMI VILLAGE","state":"NAGALAND","district":"KIPHIRE","block":"PUNGRO","indicator":"girls_toilet_nonfunctional"}},{"type":"Feature","geometry":{"type":"Point","coordinates":[94.76103,25.96566]},"properties":{"udise":"13100801501","name":"GOVERNMENT MIDDLE SCHOOL OLD RISETHSI","state":"NAGALAND","district":"KIPHIRE","block":"KIPHIRE","indicator":"girls_toilet_nonfunctional"}},{"type":"Feature","geometry":{"type":"Point","coordinates":[94.70493,25.95835]},"properties":{"udise":"13100802201","name":"GOVERNMENT MIDDLE SCHOOL KISETONG","state":"NAGALAND","district":"KIPHIRE","block":"KIPHIRE","indicator":"girls_toilet_nonfunctional"}},{"type":"Feature","geometry":{"type":"Point","coordinates":[94.84025,25.80572]},"properties":{"udise":"13100902501","name":"GOVERNMENT MIDDLE SCHOOL PUNGRO VILLAGE","state":"NAGALAND","district":"KIPHIRE","block":"PUNGRO","indicator":"girls_toilet_nonfunctional"}},{"type":"Feature","geometry":{"type":"Point","coordinates":[94.789,25.83774]},"properties":{"udise":"13100803801","name":"GOVERNMENT PRIMARY SCHOOL AZETSO VILLAGE","state":"NAGALAND","district":"KIPHIRE","block":"KIPHIRE","indicator":"girls_toilet_nonfunctional"}},{"type":"Feature","geometry":{"type":"Point","coordinates":[94.69455,25.90007]},"properties":{"udise":"13101000701","name":"GOVERNMENT MIDDLE SCHOOL THSINGER","state":"NAGALAND","district":"KIPHIRE","block":"SEYOCHUNG","indicator":"girls_toilet_nonfunctional"}},{"type":"Feature","geometry":{"type":"Point","coordinates":[94.75811,25.90268]},"properties":{"udise":"13100802101","name":"GOVERNMENT PRIMARY SCHOOL LANGKOK","state":"NAGALAND","district":"KIPHIRE","block":"KIPHIRE","indicator":"girls_toilet_nonfunctional"}},{"type":"Feature","geometry":{"type":"Point","coordinates":[94.83341,25.80461]},"properties":{"udise":"13100900801","name":"GOVERNMENT PRIMARY SCHOOL OLD VONGTI","state":"NAGALAND","district":"KIPHIRE","block":"PUNGRO","indicator":"girls_toilet_nonfunctional"}},{"type":"Feature","geometry":{"type":"Point","coordinates":[94.8745,25.91563]},"properties":{"udise":"13100902101","name":"GOVERNMENT MIDDLE SCHOOL SANGKHUMTI","state":"NAGALAND","district":"KIPHIRE","block":"PUNGRO","indicator":"girls_toilet_nonfunctional"}},{"type":"Feature","geometry":{"type":"Point","coordinates":[94.72054,25.75424]},"properties":{"udise":"13100801101","name":"GOVERNMENT PRIMARY SCHOOL NGOROMI","state":"NAGALAND","district":"KIPHIRE","block":"KIPHIRE","indicator":"girls_toilet_nonfunctional"}},{"type":"Feature","geometry":{"type":"Point","coordinates":[94.67525,25.83801]},"properties":{"udise":"13101001703","name":"SAN JOSE SCHOOL, SITIMI TOWN","state":"NAGALAND","district":"KIPHIRE","block":"SEYOCHUNG","indicator":"girls_toilet_nonfunctional"}},{"type":"Feature","geometry":{"type":"Point","coordinates":[94.72086,25.98134]},"properties":{"udise":"13100801301","name":"GOVERNMENT MIDDLE SCHOOL HURONGER","state":"NAGALAND","district":"KIPHIRE","block":"KIPHIRE","indicator":"girls_toilet_nonfunctional"}},{"type":"Feature","geometry":{"type":"Point","coordinates":[94.11917,25.78056]},"properties":{"udise":"13070300101","name":"GOVERNMENT PRIMARY SCHOOL TSIESEBOU","state":"NAGALAND","district":"KOHIMA","block":"CHIEPHOBOZOU","indicator":"no_girls_toilet"}},{"type":"Feature","geometry":{"type":"Point","coordinates":[94.25528,25.99361]},"properties":{"udise":"13070401905","name":"GOVERNMENT PRIMARY SCHOOL KANDINU SECTOR 'B'","state":"NAGALAND","district":"KOHIMA","block":"TSEMINYU","indicator":"no_girls_toilet"}},{"type":"Feature","geometry":{"type":"Point","coordinates":[94.11806,25.68722]},"properties":{"udise":"13070702110","name":"GOVERNMENT PRIMARY SCHOOL GARUZOU","state":"NAGALAND","district":"KOHIMA","block":"L. KHEL KOHIMA","indicator":"no_girls_toilet"}},{"type":"Feature","geometry":{"type":"Point","coordinates":[94.13861,25.80361]},"properties":{"udise":"13070300404","name":"GOVERNMENT HIGHER SECONDARY SCHOOL CHIECHAMA","state":"NAGALAND","district":"KOHIMA","block":"CHIEPHOBOZOU","indicator":"no_girls_toilet"}},{"type":"Feature","geometry":{"type":"Point","coordinates":[94.27389,25.97389]},"properties":{"udise":"13070400401","name":"GOVERNMENT MIDDLE SCHOOL YIKHANU","state":"NAGALAND","district":"KOHIMA","block":"TSEMINYU","indicator":"no_girls_toilet"}},{"type":"Feature","geometry":{"type":"Point","coordinates":[94.00889,25.84]},"properties":{"udise":"13070302301","name":"GOVERNMENT MIDDLE SCHOOL VIPHOMA","state":"NAGALAND","district":"KOHIMA","block":"CHIEPHOBOZOU","indicator":"girls_toilet_nonfunctional"}},{"type":"Feature","geometry":{"type":"Point","coordinates":[94.09056,25.85722]},"properties":{"udise":"13070303101","name":"GOVERNMENT PRIMARY SCHOOL SEIYHA PHESA","state":"NAGALAND","district":"KOHIMA","block":"CHIEPHOBOZOU","indicator":"girls_toilet_nonfunctional"}},{"type":"Feature","geometry":{"type":"Point","coordinates":[94.035,25.71833]},"properties":{"udise":"13070800602","name":"GOVERNMENT HIGHER SECONDARY  SCHOOL SECHU  ZUBZA","state":"NAGALAND","district":"KOHIMA","block":"SECHU ZUBZA","indicator":"girls_toilet_nonfunctional"}},{"type":"Feature","geometry":{"type":"Point","coordinates":[94.20861,25.91]},"properties":{"udise":"13070401602","name":"GOVERNMENT HIGHER SECONDARY SCHOOL TSEMINYU TOWN","state":"NAGALAND","district":"KOHIMA","block":"TSEMINYU","indicator":"girls_toilet_nonfunctional"}},{"type":"Feature","geometry":{"type":"Point","coordinates":[94.09008,25.77567]},"properties":{"udise":"13070300301","name":"GOVERNMENT PRIMARY SCHOOL NERHE PHEZHA","state":"NAGALAND","district":"KOHIMA","block":"CHIEPHOBOZOU","indicator":"girls_toilet_nonfunctional"}},{"type":"Feature","geometry":{"type":"Point","coordinates":[94.21306,25.96861]},"properties":{"udise":"13070403201","name":"GOVERNMENT PRIMARY SCHOOL TESOPHENYU LOWER","state":"NAGALAND","district":"KOHIMA","block":"TSEMINYU","indicator":"girls_toilet_nonfunctional"}},{"type":"Feature","geometry":{"type":"Point","coordinates":[94.10361,25.65722]},"properties":{"udise":"13070701205","name":"GOVERNMENT HIGH SCHOOL CHANDMARI","state":"NAGALAND","district":"KOHIMA","block":"L. KHEL KOHIMA","indicator":"girls_toilet_nonfunctional"}},{"type":"Feature","geometry":{"type":"Point","coordinates":[94.11611,25.62917]},"properties":{"udise":"13070200801","name":"GOVERNMENT MIDDLE SCHOOL PHESAMA","state":"NAGALAND","district":"KOHIMA","block":"VISWEMA","indicator":"girls_toilet_nonfunctional"}},{"type":"Feature","geometry":{"type":"Point","coordinates":[94.86528,26.4825]},"properties":{"udise":"13090600502","name":"GOVERNMENT PRIMARY SCHOOL PONGO 'B'","state":"NAGALAND","district":"LONGLENG","block":"LONGLENG","indicator":"no_girls_toilet"}},{"type":"Feature","geometry":{"type":"Point","coordinates":[94.86667,26.4025]},"properties":{"udise":"13090600701","name":"GOVERNMENT PRIMARY SCHOOL SAKSHI 'A'","state":"NAGALAND","district":"LONGLENG","block":"LONGLENG","indicator":"girls_toilet_nonfunctional"}},{"type":"Feature","geometry":{"type":"Point","coordinates":[94.79917,26.46861]},"properties":{"udise":"13090600306","name":"GOVERNMENT MIDDLE SCHOOL HUKPHANG  'A'","state":"NAGALAND","district":"LONGLENG","block":"LONGLENG","indicator":"girls_toilet_nonfunctional"}},{"type":"Feature","geometry":{"type":"Point","coordinates":[94.81194,26.4675]},"properties":{"udise":"13090600305","name":"GOVERNMENT PRIMARY SCHOOL LINGTAK","state":"NAGALAND","district":"LONGLENG","block":"LONGLENG","indicator":"girls_toilet_nonfunctional"}},{"type":"Feature","geometry":{"type":"Point","coordinates":[94.72421,26.52605]},"properties":{"udise":"13090600118","name":"ZION SCHOO LONGLENG TOWN","state":"NAGALAND","district":"LONGLENG","block":"LONGLENG","indicator":"girls_toilet_nonfunctional"}},{"type":"Feature","geometry":{"type":"Point","coordinates":[94.88472,26.44417]},"properties":{"udise":"13090600802","name":"GOVERNMENT MIDDLE SCHOOL YANGCHING","state":"NAGALAND","district":"LONGLENG","block":"LONGLENG","indicator":"girls_toilet_nonfunctional"}},{"type":"Feature","geometry":{"type":"Point","coordinates":[94.78667,26.46806]},"properties":{"udise":"13090600604","name":"GOVERNMENT HIGH SCHOOL NAMCHING","state":"NAGALAND","district":"LONGLENG","block":"LONGLENG","indicator":"girls_toilet_nonfunctional"}},{"type":"Feature","geometry":{"type":"Point","coordinates":[94.82083,26.49278]},"properties":{"udise":"13090602001","name":"GOVERNMENT MIDDLE SCHOOL PUPEI","state":"NAGALAND","district":"LONGLENG","block":"LONGLENG","indicator":"girls_toilet_nonfunctional"}},{"type":"Feature","geometry":{"type":"Point","coordinates":[94.84389,26.52194]},"properties":{"udise":"13090600405","name":"GOVERNMENT PRIMARY SCHOOL BHUMNYU 'B'","state":"NAGALAND","district":"LONGLENG","block":"LONGLENG","indicator":"girls_toilet_nonfunctional"}},{"type":"Feature","geometry":{"type":"Point","coordinates":[94.70583,26.70452]},"properties":{"udise":"13030401402","name":"GOVERNMENT PRIMARY SCHOOL KANGTSUNG","state":"NAGALAND","district":"MOKOKCHUNG","block":"CHANGTONGYA-B","indicator":"no_girls_toilet"}},{"type":"Feature","geometry":{"type":"Point","coordinates":[94.60129,26.35629]},"properties":{"udise":"13030100508","name":"BAPTIST SCHOOL","state":"NAGALAND","district":"MOKOKCHUNG","block":"MOKOKCHUNG VILLAGE","indicator":"girls_toilet_nonfunctional"}},{"type":"Feature","geometry":{"type":"Point","coordinates":[94.4441,26.38439]},"properties":{"udise":"13030200202","name":"GOVERNMENT PRIMARY SCHOOL CHUNGTIA 'B'","state":"NAGALAND","district":"MOKOKCHUNG","block":"KHENSA","indicator":"girls_toilet_nonfunctional"}},{"type":"Feature","geometry":{"type":"Point","coordinates":[94.48111,26.28583]},"properties":{"udise":"13030100409","name":"GOVERNMENT PRIMARY SCHOOL LIDEN, ELECTRICAL COLONY","state":"NAGALAND","district":"MOKOKCHUNG","block":"MOKOKCHUNG VILLAGE","indicator":"girls_toilet_nonfunctional"}},{"type":"Feature","geometry":{"type":"Point","coordinates":[94.6689,26.43331]},"properties":{"udise":"13030300801","name":"GOVERNMENT PRIMARY SCHOOL YAONGYIMTI OLD","state":"NAGALAND","district":"MOKOKCHUNG","block":"KOBULONG","indicator":"girls_toilet_nonfunctional"}},{"type":"Feature","geometry":{"type":"Point","coordinates":[94.64474,26.46632]},"properties":{"udise":"13030301106","name":"GOVERNMENT MIDDLE SCHOOL LONGZUNG","state":"NAGALAND","district":"MOKOKCHUNG","block":"KOBULONG","indicator":"girls_toilet_nonfunctional"}},{"type":"Feature","geometry":{"type":"Point","coordinates":[94.55796,26.70324]},"properties":{"udise":"13030602301","name":"GOVERNMENT PRIMARY SCHOOL YAJANG 'B'","state":"NAGALAND","district":"MOKOKCHUNG","block":"WATIYIM","indicator":"girls_toilet_nonfunctional"}},{"type":"Feature","geometry":{"type":"Point","coordinates":[94.64497,26.67231]},"properties":{"udise":"13030401202","name":"GOVERNMENT PRIMARY SCHOOL TULI 'B'","state":"NAGALAND","district":"MOKOKCHUNG","block":"CHANGTONGYA-B","indicator":"girls_toilet_nonfunctional"}},{"type":"Feature","geometry":{"type":"Point","coordinates":[94.53187,26.67781]},"properties":{"udise":"13030602202","name":"GOVERNMENT MIDDLE SCHOOL YAJANG 'A'","state":"NAGALAND","district":"MOKOKCHUNG","block":"WATIYIM","indicator":"girls_toilet_nonfunctional"}},{"type":"Feature","geometry":{"type":"Point","coordinates":[94.55618,26.3959]},"properties":{"udise":"13030300301","name":"GOVERNMENT PRIMARY SCHOOL ALONGMEN","state":"NAGALAND","district":"MOKOKCHUNG","block":"KOBULONG","indicator":"girls_toilet_nonfunctional"}},{"type":"Feature","geometry":{"type":"Point","coordinates":[94.31612,26.42813]},"properties":{"udise":"13030600901","name":"GOVERNMENT PRIMARY SCHOOL PUNEBOTO","state":"NAGALAND","district":"MOKOKCHUNG","block":"WATIYIM","indicator":"girls_toilet_nonfunctional"}},{"type":"Feature","geometry":{"type":"Point","coordinates":[94.31703,26.42704]},"properties":{"udise":"13030600902","name":"DELANO MEMORIAL SCHOOL","state":"NAGALAND","district":"MOKOKCHUNG","block":"WATIYIM","indicator":"girls_toilet_nonfunctional"}},{"type":"Feature","geometry":{"type":"Point","coordinates":[94.51361,26.6537]},"properties":{"udise":"13030504002","name":"NOKLANGSANGBA GOVERNMENT HIGH SCHOOL LIRMEN","state":"NAGALAND","district":"MOKOKCHUNG","block":"MANGKOLEMBA-II","indicator":"girls_toilet_nonfunctional"}},{"type":"Feature","geometry":{"type":"Point","coordinates":[94.50312,26.29502]},"properties":{"udise":"13030100401","name":"GOVERNMENT PRIMARY SCHOOL MANGKUSONG","state":"NAGALAND","district":"MOKOKCHUNG","block":"MOKOKCHUNG VILLAGE","indicator":"girls_toilet_nonfunctional"}},{"type":"Feature","geometry":{"type":"Point","coordinates":[94.51518,26.54051]},"properties":{"udise":"13030500702","name":"GOVERNMENT HIGH SCHOOL ALONGKIMA","state":"NAGALAND","district":"MOKOKCHUNG","block":"MANGKOLEMBA-II","indicator":"girls_toilet_nonfunctional"}},{"type":"Feature","geometry":{"type":"Point","coordinates":[94.62364,26.43036]},"properties":{"udise":"13030301303","name":"GOVERNMENT PRIMARY SCHOOL SHITILONG","state":"NAGALAND","district":"MOKOKCHUNG","block":"KOBULONG","indicator":"girls_toilet_nonfunctional"}},{"type":"Feature","geometry":{"type":"Point","coordinates":[94.53263,26.4172]},"properties":{"udise":"13030300202","name":"GOVERNMENT HIGH SCHOOL KOBULONG","state":"NAGALAND","district":"MOKOKCHUNG","block":"KOBULONG","indicator":"girls_toilet_nonfunctional"}},{"type":"Feature","geometry":{"type":"Point","coordinates":[94.54674,26.33258]},"properties":{"udise":"13030101502","name":"GOVERNMENT MIDDLE SCHOOL ALISUNGKUM","state":"NAGALAND","district":"MOKOKCHUNG","block":"MOKOKCHUNG VILLAGE","indicator":"girls_toilet_nonfunctional"}},{"type":"Feature","geometry":{"type":"Point","coordinates":[95.05028,26.4075]},"properties":{"udise":"13010101602","name":"GOVERNMENT PRIMARY SCHOOL PESSAO - B","state":"NAGALAND","district":"MON","block":"TOBU","indicator":"no_girls_toilet"}},{"type":"Feature","geometry":{"type":"Point","coordinates":[94.95672,26.50145]},"properties":{"udise":"13010401702","name":"GOVERNMENT PRIMARY SCHOOL CHANGLANG - B","state":"NAGALAND","district":"MON","block":"ABOI","indicator":"no_girls_toilet"}},{"type":"Feature","geometry":{"type":"Point","coordinates":[94.93809,26.51412]},"properties":{"udise":"13010402001","name":"GOVERNMENT PRIMARY SCHOOL LONGCHING - A","state":"NAGALAND","district":"MON","block":"ABOI","indicator":"no_girls_toilet"}},{"type":"Feature","geometry":{"type":"Point","coordinates":[95.06887,26.78915]},"properties":{"udise":"13010700401","name":"GOVERNMENT MIDDLE SCHOOL PHUKTONG","state":"NAGALAND","district":"MON","block":"MON","indicator":"no_girls_toilet"}},{"type":"Feature","geometry":{"type":"Point","coordinates":[95.07389,26.51078]},"properties":{"udise":"13010400501","name":"GOVERNMENT MIDDLE SCHOOL WANGTI","state":"NAGALAND","district":"MON","block":"ABOI","indicator":"no_girls_toilet"}},{"type":"Feature","geometry":{"type":"Point","coordinates":[95.02167,26.71972]},"properties":{"udise":"13010705837","name":"GOVERNMENT PRIMARY SCHOOL SHAMNYU WARD, MON TOWN","state":"NAGALAND","district":"MON","block":"MON","indicator":"no_girls_toilet"}},{"type":"Feature","geometry":{"type":"Point","coordinates":[94.93651,26.51514]},"properties":{"udise":"13010402002","name":"GOVERNMENT PRIMARY SCHOOL LONGCHING - B","state":"NAGALAND","district":"MON","block":"ABOI","indicator":"no_girls_toilet"}},{"type":"Feature","geometry":{"type":"Point","coordinates":[95.20775,26.91709]},"properties":{"udise":"13010203601","name":"GOVERNMENT PRIMARY SCHOOL HUNTA HQ.","state":"NAGALAND","district":"MON","block":"TIZIT","indicator":"no_girls_toilet"}},{"type":"Feature","geometry":{"type":"Point","coordinates":[95.07366,26.6919]},"properties":{"udise":"13010702303","name":"BAPTIST ENGLISH SCHOOL, YUCHING","state":"NAGALAND","district":"MON","block":"MON","indicator":"no_girls_toilet"}},{"type":"Feature","geometry":{"type":"Point","coordinates":[95.20338,26.88534]},"properties":{"udise":"13010202101","name":"GOVERNMENT MIDDLE SCHOOL YANNYU","state":"NAGALAND","district":"MON","block":"TIZIT","indicator":"no_girls_toilet"}},{"type":"Feature","geometry":{"type":"Point","coordinates":[95.07549,26.90655]},"properties":{"udise":"13010202401","name":"GOVERNMENT PRIMARY SCHOOL NANGTAN","state":"NAGALAND","district":"MON","block":"TIZIT","indicator":"no_girls_toilet"}},{"type":"Feature","geometry":{"type":"Point","coordinates":[94.88455,26.69878]},"properties":{"udise":"13010800501","name":"GOVERNMENT PRIMARY SCHOOL WAKCHING - A","state":"NAGALAND","district":"MON","block":"WAKCHING","indicator":"no_girls_toilet"}},{"type":"Feature","geometry":{"type":"Point","coordinates":[94.95069,26.48737]},"properties":{"udise":"13010402106","name":"GOVERNMENT HIGH  SCHOOL ANGJANGYANG","state":"NAGALAND","district":"MON","block":"ABOI","indicator":"no_girls_toilet"}},{"type":"Feature","geometry":{"type":"Point","coordinates":[94.96235,26.61023]},"properties":{"udise":"13010401110","name":"GOVERNMENT PRIMARY SCHOOL ABOI TOWN 'D'","state":"NAGALAND","district":"MON","block":"ABOI","indicator":"no_girls_toilet"}},{"type":"Feature","geometry":{"type":"Point","coordinates":[94.96256,26.36494]},"properties":{"udise":"13010101202","name":"GOVERNMENT PRIMARY SCHOOL SHAMNYU - B","state":"NAGALAND","district":"MON","block":"TOBU","indicator":"no_girls_toilet"}},{"type":"Feature","geometry":{"type":"Point","coordinates":[95.07464,26.51288]},"properties":{"udise":"13010400502","name":"GOVERNMENT PRIMARY SCHOOL WANGTI","state":"NAGALAND","district":"MON","block":"ABOI","indicator":"no_girls_toilet"}},{"type":"Feature","geometry":{"type":"Point","coordinates":[94.97647,26.36855]},"properties":{"udise":"13010102201","name":"GOVERNMENT PRIMARY SCHOOL WANGSHU CHANGLE","state":"NAGALAND","district":"MON","block":"TOBU","indicator":"no_girls_toilet"}},{"type":"Feature","geometry":{"type":"Point","coordinates":[94.9602,26.43343]},"properties":{"udise":"13010100202","name":"GOVERNMENT PRIMARY SCHOOL YAKSHU 'B'","state":"NAGALAND","district":"MON","block":"TOBU","indicator":"no_girls_toilet"}},{"type":"Feature","geometry":{"type":"Point","coordinates":[94.90722,26.69722]},"properties":{"udise":"13010800505","name":"GOVERNMENT HIGH  SCHOOL WAKCHING","state":"NAGALAND","district":"MON","block":"WAKCHING","indicator":"no_girls_toilet"}},{"type":"Feature","geometry":{"type":"Point","coordinates":[94.93719,26.46477]},"properties":{"udise":"13010401902","name":"GOVERNMENT PRIMARY SCHOOL JAKPHANG - A","state":"NAGALAND","district":"MON","block":"ABOI","indicator":"no_girls_toilet"}},{"type":"Feature","geometry":{"type":"Point","coordinates":[94.9718,26.57612]},"properties":{"udise":"13010401403","name":"GOVERNMENT MIDDLE SCHOOL NGANGCHING","state":"NAGALAND","district":"MON","block":"ABOI","indicator":"no_girls_toilet"}},{"type":"Feature","geometry":{"type":"Point","coordinates":[95.06595,26.87373]},"properties":{"udise":"13010200404","name":"HILL VIEW SCHOOL, TIZIT VILLAGE","state":"NAGALAND","district":"MON","block":"TIZIT","indicator":"no_girls_toilet"}},{"type":"Feature","geometry":{"type":"Point","coordinates":[95.057,26.73417]},"properties":{"udise":"13010700902","name":"GOVERNMENT PRIMARY SCHOOL MON VILLAGE","state":"NAGALAND","district":"MON","block":"MON","indicator":"no_girls_toilet"}},{"type":"Feature","geometry":{"type":"Point","coordinates":[95.13529,26.90784]},"properties":{"udise":"13010201701","name":"GOVERNMENT PRIMARY SCHOOL TELA","state":"NAGALAND","district":"MON","block":"TIZIT","indicator":"no_girls_toilet"}},{"type":"Feature","geometry":{"type":"Point","coordinates":[95.0186,26.4256]},"properties":{"udise":"13010100801","name":"GOVERNMENT PRIMARY SCHOOL BUMEI","state":"NAGALAND","district":"MON","block":"TOBU","indicator":"no_girls_toilet"}},{"type":"Feature","geometry":{"type":"Point","coordinates":[94.98554,26.66263]},"properties":{"udise":"13010700102","name":"GOVERNMENT PRIMARY SCHOOL TOTOK CHINGNYU 'A'","state":"NAGALAND","district":"MON","block":"MON","indicator":"no_girls_toilet"}},{"type":"Feature","geometry":{"type":"Point","coordinates":[94.93926,26.52149]},"properties":{"udise":"13010402003","name":"GOVERNMENT HIGH  SCHOOL LONGCHING","state":"NAGALAND","district":"MON","block":"ABOI","indicator":"no_girls_toilet"}},{"type":"Feature","geometry":{"type":"Point","coordinates":[95.07822,26.8843]},"properties":{"udise":"13010200402","name":"GOVERNMENT PRIMARY SCHOOL MONLEM SECTOR, TIZIT VILLAGE","state":"NAGALAND","district":"MON","block":"TIZIT","indicator":"no_girls_toilet"}},{"type":"Feature","geometry":{"type":"Point","coordinates":[95.18147,26.71621]},"properties":{"udise":"13010703601","name":"GOVERNMENT PRIMARY SCHOOL WETTING","state":"NAGALAND","district":"MON","block":"MON","indicator":"no_girls_toilet"}},{"type":"Feature","geometry":{"type":"Point","coordinates":[94.81086,26.81655]},"properties":{"udise":"13010800801","name":"GOVERNMENT PRIMARY SCHOOL NAGINIMORA - A","state":"NAGALAND","district":"MON","block":"WAKCHING","indicator":"no_girls_toilet"}},{"type":"Feature","geometry":{"type":"Point","coordinates":[95.0341,26.53102]},"properties":{"udise":"13010400606","name":"GOVERNMENT HIGH  SCHOOL CHINGKAO CHINGNYU","state":"NAGALAND","district":"MON","block":"ABOI","indicator":"no_girls_toilet"}},{"type":"Feature","geometry":{"type":"Point","coordinates":[94.94836,26.4219]},"properties":{"udise":"13010101501","name":"GOVERNMENT HIGH  SCHOOL MOPONG","state":"NAGALAND","district":"MON","block":"TOBU","indicator":"no_girls_toilet"}},{"type":"Feature","geometry":{"type":"Point","coordinates":[95.0776,26.54524]},"properties":{"udise":"13010400301","name":"GOVERNMENT HIGH  SCHOOL CHEN LOISHO","state":"NAGALAND","district":"MON","block":"ABOI","indicator":"no_girls_toilet"}},{"type":"Feature","geometry":{"type":"Point","coordinates":[95.16476,26.84822]},"properties":{"udise":"13010202901","name":"GOVERNMENT PRIMARY SCHOOL ZANGKHAM TINGSA","state":"NAGALAND","district":"MON","block":"TIZIT","indicator":"no_girls_toilet"}},{"type":"Feature","geometry":{"type":"Point","coordinates":[94.93178,26.45819]},"properties":{"udise":"13010401901","name":"GOVERNMENT MIDDLE SCHOOL JAKPHANG","state":"NAGALAND","district":"MON","block":"ABOI","indicator":"no_girls_toilet"}},{"type":"Feature","geometry":{"type":"Point","coordinates":[95.03097,26.69733]},"properties":{"udise":"13010701501","name":"GOVERNMENT PRIMARY SCHOOL GUCHING","state":"NAGALAND","district":"MON","block":"MON","indicator":"no_girls_toilet"}},{"type":"Feature","geometry":{"type":"Point","coordinates":[95.10312,26.8831]},"properties":{"udise":"13010200301","name":"GOVERNMENT MIDDLE SCHOOL SHANGSA","state":"NAGALAND","district":"MON","block":"TIZIT","indicator":"no_girls_toilet"}},{"type":"Feature","geometry":{"type":"Point","coordinates":[95.03694,26.44798]},"properties":{"udise":"13010100901","name":"GOVERNMENT PRIMARY SCHOOL MONYAKSHU - A","state":"NAGALAND","district":"MON","block":"TOBU","indicator":"girls_toilet_nonfunctional"}},{"type":"Feature","geometry":{"type":"Point","coordinates":[95.08859,26.85904]},"properties":{"udise":"13010200901","name":"GOVERNMENT PRIMARY SCHOOL NGANGTING","state":"NAGALAND","district":"MON","block":"TIZIT","indicator":"girls_toilet_nonfunctional"}},{"type":"Feature","geometry":{"type":"Point","coordinates":[94.85085,26.65628]},"properties":{"udise":"13010800603","name":"GOVERNMENT PRIMARY SCHOOL WANCHING - B","state":"NAGALAND","district":"MON","block":"WAKCHING","indicator":"girls_toilet_nonfunctional"}},{"type":"Feature","geometry":{"type":"Point","coordinates":[94.99897,26.55597]},"properties":{"udise":"13010400803","name":"GOVERNMENT PRIMARY SCHOOL CHAOHA CHINGNYU - B","state":"NAGALAND","district":"MON","block":"ABOI","indicator":"girls_toilet_nonfunctional"}},{"type":"Feature","geometry":{"type":"Point","coordinates":[95.08129,26.54772]},"properties":{"udise":"13010400302","name":"GOVERNMENT PRIMARY SCHOOL CHEN LOISHO 'A'","state":"NAGALAND","district":"MON","block":"ABOI","indicator":"girls_toilet_nonfunctional"}},{"type":"Feature","geometry":{"type":"Point","coordinates":[94.80803,26.80731]},"properties":{"udise":"13010801101","name":"GOVERNMENT PRIMARY SCHOOL BORJAN","state":"NAGALAND","district":"MON","block":"WAKCHING","indicator":"girls_toilet_nonfunctional"}},{"type":"Feature","geometry":{"type":"Point","coordinates":[95.07299,26.8161]},"properties":{"udise":"13010701802","name":"GOVERNMENT PRIMARY SCHOOL TUIMEI","state":"NAGALAND","district":"MON","block":"MON","indicator":"girls_toilet_nonfunctional"}},{"type":"Feature","geometry":{"type":"Point","coordinates":[95.03051,26.64373]},"properties":{"udise":"13010700201","name":"GOVERNMENT MIDDLE SCHOOL TOTOK CHINGKHO","state":"NAGALAND","district":"MON","block":"MON","indicator":"girls_toilet_nonfunctional"}},{"type":"Feature","geometry":{"type":"Point","coordinates":[95.04846,26.37904]},"properties":{"udise":"13010101001","name":"GOVERNMENT MIDDLE SCHOOL YONGKHAO","state":"NAGALAND","district":"MON","block":"TOBU","indicator":"girls_toilet_nonfunctional"}},{"type":"Feature","geometry":{"type":"Point","coordinates":[95.00641,26.38217]},"properties":{"udise":"13010101105","name":"GOVERNMENT PRIMARY SCHOOL TAMKOANG - B","state":"NAGALAND","district":"MON","block":"TOBU","indicator":"girls_toilet_nonfunctional"}},{"type":"Feature","geometry":{"type":"Point","coordinates":[95.12541,26.98059]},"properties":{"udise":"13010201601","name":"GOVERNMENT PRIMARY SCHOOL TINGALIBAM","state":"NAGALAND","district":"MON","block":"TIZIT","indicator":"girls_toilet_nonfunctional"}},{"type":"Feature","geometry":{"type":"Point","coordinates":[93.4649,25.41836]},"properties":{"udise":"13110702401","name":"GOVERNMENT PRIMARY SCHOOL  NGAULONG NEW","state":"NAGALAND","district":"PEREN","block":"AHTHIBUNG","indicator":"no_girls_toilet"}},{"type":"Feature","geometry":{"type":"Point","coordinates":[93.7914,25.48257]},"properties":{"udise":"13110505401","name":"GOVERNMENT MIDDLE SCHOOL  NEW PUILWA","state":"NAGALAND","district":"PEREN","block":"PEREN","indicator":"no_girls_toilet"}},{"type":"Feature","geometry":{"type":"Point","coordinates":[93.47194,25.47861]},"properties":{"udise":"13110702301","name":"GOVERNMENT PRIMARY SCHOOL  NSENLAO","state":"NAGALAND","district":"PEREN","block":"AHTHIBUNG","indicator":"no_girls_toilet"}},{"type":"Feature","geometry":{"type":"Point","coordinates":[93.60802,25.55526]},"properties":{"udise":"13110700201","name":"GOVERNMENT MIDDLE SCHOOL INBUNG","state":"NAGALAND","district":"PEREN","block":"AHTHIBUNG","indicator":"no_girls_toilet"}},{"type":"Feature","geometry":{"type":"Point","coordinates":[93.61528,25.54521]},"properties":{"udise":"13110701301","name":"GOVERNMENT PRIMARY SCHOOL  SONGLHUH","state":"NAGALAND","district":"PEREN","block":"AHTHIBUNG","indicator":"no_girls_toilet"}},{"type":"Feature","geometry":{"type":"Point","coordinates":[93.46305,25.49384]},"properties":{"udise":"13110702101","name":"GOVERNMENT PRIMARY SCHOOL  SONGAU","state":"NAGALAND","district":"PEREN","block":"AHTHIBUNG","indicator":"no_girls_toilet"}},{"type":"Feature","geometry":{"type":"Point","coordinates":[93.64588,25.61359]},"properties":{"udise":"13110703301","name":"GOVERNMENT PRIMARY SCHOOL  SAIJANG IRB","state":"NAGALAND","district":"PEREN","block":"AHTHIBUNG","indicator":"no_girls_toilet"}},{"type":"Feature","geometry":{"type":"Point","coordinates":[93.60447,25.35714]},"properties":{"udise":"13110600901","name":"GOVERNMENT PRIMARY SCHOOL TENING VILLAGE","state":"NAGALAND","district":"PEREN","block":"TENING","indicator":"no_girls_toilet"}},{"type":"Feature","geometry":{"type":"Point","coordinates":[93.56452,25.56418]},"properties":{"udise":"13110701001","name":"GOVERNMENT MIDDLE SCHOOL  PEILHANG","state":"NAGALAND","district":"PEREN","block":"AHTHIBUNG","indicator":"no_girls_toilet"}},{"type":"Feature","geometry":{"type":"Point","coordinates":[93.72023,25.57124]},"properties":{"udise":"13110506801","name":"GOVERNMENT PRIMARY SCHOOL  OLD JALUKIE UPPER","state":"NAGALAND","district":"PEREN","block":"PEREN","indicator":"no_girls_toilet"}},{"type":"Feature","geometry":{"type":"Point","coordinates":[93.63103,25.39477]},"properties":{"udise":"13110600701","name":"GOVERNMENT MIDDLE SCHOOL NCHANGRAM","state":"NAGALAND","district":"PEREN","block":"TENING","indicator":"no_girls_toilet"}},{"type":"Feature","geometry":{"type":"Point","coordinates":[93.4681,25.48282]},"properties":{"udise":"13110701801","name":"GOVERNMENT PRIMARY SCHOOL  NEW SOGET","state":"NAGALAND","district":"PEREN","block":"AHTHIBUNG","indicator":"no_girls_toilet"}},{"type":"Feature","geometry":{"type":"Point","coordinates":[93.66556,25.46889]},"properties":{"udise":"13110508601","name":"GOVERNMENT PRIMARY SCHOOL  LIBEMPHAI","state":"NAGALAND","district":"PEREN","block":"PEREN","indicator":"no_girls_toilet"}},{"type":"Feature","geometry":{"type":"Point","coordinates":[93.72088,25.418]},"properties":{"udise":"13110505601","name":"GOVERNMENT PRIMARY SCHOOL  MPAI","state":"NAGALAND","district":"PEREN","block":"PEREN","indicator":"no_girls_toilet"}},{"type":"Feature","geometry":{"type":"Point","coordinates":[93.72332,25.42564]},"properties":{"udise":"13110507702","name":"GOVERNMENT MIDDLE SCHOOL MPAI NEW","state":"NAGALAND","district":"PEREN","block":"PEREN","indicator":"girls_toilet_nonfunctional"}},{"type":"Feature","geometry":{"type":"Point","coordinates":[93.41793,25.46141]},"properties":{"udise":"13110700406","name":"GOVERNMENT MIDDLE SCHOOL  KHELMA","state":"NAGALAND","district":"PEREN","block":"AHTHIBUNG","indicator":"girls_toilet_nonfunctional"}},{"type":"Feature","geometry":{"type":"Point","coordinates":[93.61934,25.54521]},"properties":{"udise":"13110700601","name":"GOVERNMENT MIDDLE SCHOOL  AHTHIBUNG","state":"NAGALAND","district":"PEREN","block":"AHTHIBUNG","indicator":"girls_toilet_nonfunctional"}},{"type":"Feature","geometry":{"type":"Point","coordinates":[93.54402,25.69502]},"properties":{"udise":"13110507602","name":"GOVERNMENT HIGH SCHOOL  BEISUMPUIKAM","state":"NAGALAND","district":"PEREN","block":"PEREN","indicator":"girls_toilet_nonfunctional"}},{"type":"Feature","geometry":{"type":"Point","coordinates":[93.42577,25.4571]},"properties":{"udise":"13110701401","name":"GOVERNMENT PRIMARY SCHOOL  SAILHEM","state":"NAGALAND","district":"PEREN","block":"AHTHIBUNG","indicator":"girls_toilet_nonfunctional"}},{"type":"Feature","geometry":{"type":"Point","coordinates":[93.59454,25.6453]},"properties":{"udise":"13110700303","name":"GOVERNMENT HIGH SCHOOL LILEN","state":"NAGALAND","district":"PEREN","block":"AHTHIBUNG","indicator":"girls_toilet_nonfunctional"}},{"type":"Feature","geometry":{"type":"Point","coordinates":[93.73583,25.64583]},"properties":{"udise":"13110504801","name":"GOVERNMENT HIGH SCHOOL DUNGKI","state":"NAGALAND","district":"PEREN","block":"PEREN","indicator":"girls_toilet_nonfunctional"}},{"type":"Feature","geometry":{"type":"Point","coordinates":[93.69872,25.66681]},"properties":{"udise":"13110501403","name":"GOVERNMENT HIGH SCHOOL  MHAINAMTSI","state":"NAGALAND","district":"PEREN","block":"PEREN","indicator":"girls_toilet_nonfunctional"}},{"type":"Feature","geometry":{"type":"Point","coordinates":[93.56547,25.6857]},"properties":{"udise":"13110502101","name":"GOVERNMENT MIDDLE SCHOOL  JALUKIEJANGDI","state":"NAGALAND","district":"PEREN","block":"PEREN","indicator":"girls_toilet_nonfunctional"}},{"type":"Feature","geometry":{"type":"Point","coordinates":[93.64751,25.5974]},"properties":{"udise":"13110700901","name":"GOVERNMENT MIDDLE SCHOOL  SAIJANG","state":"NAGALAND","district":"PEREN","block":"AHTHIBUNG","indicator":"girls_toilet_nonfunctional"}},{"type":"Feature","geometry":{"type":"Point","coordinates":[94.71667,25.69222]},"properties":{"udise":"13080303201","name":"GOVERNMENT MIDDLE SCHOOL YISISOTHA","state":"NAGALAND","district":"PHEK","block":"MELURI","indicator":"no_girls_toilet"}},{"type":"Feature","geometry":{"type":"Point","coordinates":[94.26139,25.66667]},"properties":{"udise":"13080402101","name":"GOVERNMENT HIGH SCHOOL CHETHEBA","state":"NAGALAND","district":"PHEK","block":"CHOZUBA","indicator":"no_girls_toilet"}},{"type":"Feature","geometry":{"type":"Point","coordinates":[94.49444,25.67472]},"properties":{"udise":"13080102004","name":"GOVERNMENT MIDDLE SCHOOL PHEK BASA","state":"NAGALAND","district":"PHEK","block":"PHEK","indicator":"no_girls_toilet"}},{"type":"Feature","geometry":{"type":"Point","coordinates":[94.33814,25.73644]},"properties":{"udise":"13080401103","name":"Z M SCHOOL  YORUBA","state":"NAGALAND","district":"PHEK","block":"CHOZUBA","indicator":"no_girls_toilet"}},{"type":"Feature","geometry":{"type":"Point","coordinates":[94.32417,25.52194]},"properties":{"udise":"13080200501","name":"GOVERNMENT HIGH SCHOOL RAZEBA","state":"NAGALAND","district":"PHEK","block":"PFUTSERO","indicator":"no_girls_toilet"}},{"type":"Feature","geometry":{"type":"Point","coordinates":[94.28944,25.64361]},"properties":{"udise":"13080401901","name":"GOVERNMENT MIDDLE SCHOOL KHULAZU BAWE","state":"NAGALAND","district":"PHEK","block":"CHOZUBA","indicator":"no_girls_toilet"}},{"type":"Feature","geometry":{"type":"Point","coordinates":[94.68361,25.72056]},"properties":{"udise":"13080302306","name":"GOVERNMENT PRIMARY SCHOOL AKHEGWO M.KHEL","state":"NAGALAND","district":"PHEK","block":"MELURI","indicator":"no_girls_toilet"}},{"type":"Feature","geometry":{"type":"Point","coordinates":[94.57333,25.71306]},"properties":{"udise":"13080101401","name":"GOVERNMENT PRIMARY SCHOOL TUZATSE","state":"NAGALAND","district":"PHEK","block":"PHEK","indicator":"no_girls_toilet"}},{"type":"Feature","geometry":{"type":"Point","coordinates":[94.39083,25.82556]},"properties":{"udise":"13080401805","name":"GOVERNMENT PRIMARY SCHOOL DZULHA 'B'","state":"NAGALAND","district":"PHEK","block":"CHOZUBA","indicator":"no_girls_toilet"}},{"type":"Feature","geometry":{"type":"Point","coordinates":[94.5023,25.61633]},"properties":{"udise":"13080104101","name":"GOVERNMENT PRIMARY SCHOOL LANEZHO","state":"NAGALAND","district":"PHEK","block":"PHEK","indicator":"no_girls_toilet"}},{"type":"Feature","geometry":{"type":"Point","coordinates":[94.75861,25.695]},"properties":{"udise":"13080301202","name":"GOVERNMENT MIDDLE SCHOOL SHATUZA","state":"NAGALAND","district":"PHEK","block":"MELURI","indicator":"no_girls_toilet"}},{"type":"Feature","geometry":{"type":"Point","coordinates":[94.31529,25.71534]},"properties":{"udise":"13080401605","name":"ALPHA SCHOOL CHOZUBA VILLAGE","state":"NAGALAND","district":"PHEK","block":"CHOZUBA","indicator":"no_girls_toilet"}},{"type":"Feature","geometry":{"type":"Point","coordinates":[94.27,25.67889]},"properties":{"udise":"13080401702","name":"GOVERNMENT PRIMARY SCHOOL CHESEZU BAWE","state":"NAGALAND","district":"PHEK","block":"CHOZUBA","indicator":"no_girls_toilet"}},{"type":"Feature","geometry":{"type":"Point","coordinates":[94.775,25.73306]},"properties":{"udise":"13080301401","name":"GOVERNMENT PRIMARY SCHOOL U.PHOR WUZU","state":"NAGALAND","district":"PHEK","block":"MELURI","indicator":"no_girls_toilet"}},{"type":"Feature","geometry":{"type":"Point","coordinates":[94.32806,25.61722]},"properties":{"udise":"13080202002","name":"GOVERNMENT PRIMARY SCHOOL PORBA 'B'","state":"NAGALAND","district":"PHEK","block":"PFUTSERO","indicator":"no_girls_toilet"}},{"type":"Feature","geometry":{"type":"Point","coordinates":[94.32092,25.69594]},"properties":{"udise":"13080401401","name":"GOVERNMENT PRIMARY SCHOOL RUNGUZU NEW","state":"NAGALAND","district":"PHEK","block":"CHOZUBA","indicator":"no_girls_toilet"}},{"type":"Feature","geometry":{"type":"Point","coordinates":[94.36139,25.62306]},"properties":{"udise":"13080202602","name":"GOVERNMENT HIGH SCHOOL SAKRABA TOWN","state":"NAGALAND","district":"PHEK","block":"PFUTSERO","indicator":"no_girls_toilet"}},{"type":"Feature","geometry":{"type":"Point","coordinates":[94.37111,25.79778]},"properties":{"udise":"13080400101","name":"GOVERNMENT PRIMARY SCHOOL THURUTSUSWU","state":"NAGALAND","district":"PHEK","block":"CHOZUBA","indicator":"no_girls_toilet"}},{"type":"Feature","geometry":{"type":"Point","coordinates":[94.27556,25.745]},"properties":{"udise":"13080401606","name":"GOVERNMENT PRIMARY SCHOOL CHOZU BASA","state":"NAGALAND","district":"PHEK","block":"CHOZUBA","indicator":"no_girls_toilet"}},{"type":"Feature","geometry":{"type":"Point","coordinates":[94.30889,25.70889]},"properties":{"udise":"13080401601","name":"GOVERNMENT HIGH SCHOOL JAPAN RIBA","state":"NAGALAND","district":"PHEK","block":"CHOZUBA","indicator":"no_girls_toilet"}},{"type":"Feature","geometry":{"type":"Point","coordinates":[94.65972,25.53583]},"properties":{"udise":"13080302403","name":"GOVERNMENT MIDDLE SCHOOL REGURI","state":"NAGALAND","district":"PHEK","block":"MELURI","indicator":"no_girls_toilet"}},{"type":"Feature","geometry":{"type":"Point","coordinates":[94.83448,25.60379]},"properties":{"udise":"13080301003","name":"CHRISTIAN MISSION SCHOOL PHOKHUNGRI","state":"NAGALAND","district":"PHEK","block":"MELURI","indicator":"no_girls_toilet"}},{"type":"Feature","geometry":{"type":"Point","coordinates":[94.36767,25.76202]},"properties":{"udise":"13080400704","name":"GOVERNMENT PRIMARY SCHOOL SUTHOZU NAWE","state":"NAGALAND","district":"PHEK","block":"CHOZUBA","indicator":"no_girls_toilet"}},{"type":"Feature","geometry":{"type":"Point","coordinates":[94.225,25.60778]},"properties":{"udise":"13080201103","name":"GOVERNMENT PRIMARY SCHOOL R.D.BLOCK KIKRUMA","state":"NAGALAND","district":"PHEK","block":"PFUTSERO","indicator":"no_girls_toilet"}},{"type":"Feature","geometry":{"type":"Point","coordinates":[94.33583,25.51861]},"properties":{"udise":"13080201201","name":"GOVERNMENT PRIMARY SCHOOL ZELOME","state":"NAGALAND","district":"PHEK","block":"PFUTSERO","indicator":"no_girls_toilet"}},{"type":"Feature","geometry":{"type":"Point","coordinates":[94.69056,25.73]},"properties":{"udise":"13080302303","name":"GOVERNMENT PRIMARY SCHOOL N/AKHEGWO","state":"NAGALAND","district":"PHEK","block":"MELURI","indicator":"no_girls_toilet"}},{"type":"Feature","geometry":{"type":"Point","coordinates":[94.36672,25.62351]},"properties":{"udise":"13080202603","name":"PEACE CENTRE SCHOOL SAKRABA TOWN","state":"NAGALAND","district":"PHEK","block":"PFUTSERO","indicator":"no_girls_toilet"}},{"type":"Feature","geometry":{"type":"Point","coordinates":[94.32028,25.69611]},"properties":{"udise":"13080400202","name":"GOVERNMENT PRIMARY SCHOOL RUNGUZU OLD","state":"NAGALAND","district":"PHEK","block":"CHOZUBA","indicator":"no_girls_toilet"}},{"type":"Feature","geometry":{"type":"Point","coordinates":[94.2525,25.6075]},"properties":{"udise":"13080201404","name":"GOVERNMENT PRIMARY SCHOOL PHUSACHODU MAIN","state":"NAGALAND","district":"PHEK","block":"PFUTSERO","indicator":"no_girls_toilet"}},{"type":"Feature","geometry":{"type":"Point","coordinates":[94.38083,25.63972]},"properties":{"udise":"13080200402","name":"GOVERNMENT PRIMARY SCHOOL PHOLA BAWE","state":"NAGALAND","district":"PHEK","block":"PFUTSERO","indicator":"no_girls_toilet"}},{"type":"Feature","geometry":{"type":"Point","coordinates":[94.27611,25.68278]},"properties":{"udise":"13080401705","name":"GOVERNMENT PRIMARY SCHOOL CHESEZU NASA","state":"NAGALAND","district":"PHEK","block":"CHOZUBA","indicator":"no_girls_toilet"}},{"type":"Feature","geometry":{"type":"Point","coordinates":[94.27139,25.54694]},"properties":{"udise":"13080201501","name":"GOVERNMENT PRIMARY SCHOOL LEKROMI","state":"NAGALAND","district":"PHEK","block":"PFUTSERO","indicator":"no_girls_toilet"}},{"type":"Feature","geometry":{"type":"Point","coordinates":[94.3675,25.76167]},"properties":{"udise":"13080400301","name":"GOVERNMENT PRIMARY SCHOOL SUTHOZU NASA","state":"NAGALAND","district":"PHEK","block":"CHOZUBA","indicator":"no_girls_toilet"}},{"type":"Feature","geometry":{"type":"Point","coordinates":[94.38167,25.62194]},"properties":{"udise":"13080202301","name":"GOVERNMENT PRIMARY SCHOOL GIDEMI","state":"NAGALAND","district":"PHEK","block":"PFUTSERO","indicator":"no_girls_toilet"}},{"type":"Feature","geometry":{"type":"Point","coordinates":[94.77278,25.7375]},"properties":{"udise":"13080302201","name":"GOVERNMENT PRIMARY SCHOOL LOWER PHOR","state":"NAGALAND","district":"PHEK","block":"MELURI","indicator":"no_girls_toilet"}},{"type":"Feature","geometry":{"type":"Point","coordinates":[94.39861,25.55611]},"properties":{"udise":"13080201003","name":"GOVERNMENT PRIMARY SCHOOL THETSUMI 'B'","state":"NAGALAND","district":"PHEK","block":"PFUTSERO","indicator":"no_girls_toilet"}},{"type":"Feature","geometry":{"type":"Point","coordinates":[94.29139,25.65944]},"properties":{"udise":"13080402001","name":"GOVERNMENT HIGH SCHOOL KHULAZU BASA","state":"NAGALAND","district":"PHEK","block":"CHOZUBA","indicator":"no_girls_toilet"}},{"type":"Feature","geometry":{"type":"Point","coordinates":[94.38194,25.75472]},"properties":{"udise":"13080401002","name":"GOVERNMENT PRIMARY SCHOOL RUZAZHO","state":"NAGALAND","district":"PHEK","block":"CHOZUBA","indicator":"no_girls_toilet"}},{"type":"Feature","geometry":{"type":"Point","coordinates":[94.38278,25.77778]},"properties":{"udise":"13080400601","name":"GOVERNMENT MIDDLE SCHOOL SEKRUZU","state":"NAGALAND","district":"PHEK","block":"CHOZUBA","indicator":"no_girls_toilet"}},{"type":"Feature","geometry":{"type":"Point","coordinates":[94.27494,25.64359]},"properties":{"udise":"13080401902","name":"BAPTIST MISSION SCHOOL KHULAZU BAWE","state":"NAGALAND","district":"PHEK","block":"CHOZUBA","indicator":"no_girls_toilet"}},{"type":"Feature","geometry":{"type":"Point","coordinates":[94.39139,25.765]},"properties":{"udise":"13080401005","name":"GOVERNMENT PRIMARY SCHOOL RUZAZHO NEW","state":"NAGALAND","district":"PHEK","block":"CHOZUBA","indicator":"no_girls_toilet"}},{"type":"Feature","geometry":{"type":"Point","coordinates":[94.76917,25.55361]},"properties":{"udise":"13080300702","name":"GOVERNMENT MIDDLE SCHOOL NEW THEWATI","state":"NAGALAND","district":"PHEK","block":"MELURI","indicator":"no_girls_toilet"}},{"type":"Feature","geometry":{"type":"Point","coordinates":[94.2775,25.65611]},"properties":{"udise":"13080402005","name":"GOVERNMENT PRIMARY SCHOOL KHULAZU BASA 'B'","state":"NAGALAND","district":"PHEK","block":"CHOZUBA","indicator":"no_girls_toilet"}},{"type":"Feature","geometry":{"type":"Point","coordinates":[94.46139,25.71167]},"properties":{"udise":"13080103801","name":"GOVERNMENT PRIMARY SCHOOL JERICHO - II","state":"NAGALAND","district":"PHEK","block":"PHEK","indicator":"no_girls_toilet"}},{"type":"Feature","geometry":{"type":"Point","coordinates":[94.39611,25.55139]},"properties":{"udise":"13080201004","name":"GOVERNMENT PRIMARY SCHOOL THETSUMI","state":"NAGALAND","district":"PHEK","block":"PFUTSERO","indicator":"no_girls_toilet"}},{"type":"Feature","geometry":{"type":"Point","coordinates":[94.71583,25.66972]},"properties":{"udise":"13080301502","name":"GOVERNMENT MIDDLE SCHOOL WEZIHO","state":"NAGALAND","district":"PHEK","block":"MELURI","indicator":"no_girls_toilet"}},{"type":"Feature","geometry":{"type":"Point","coordinates":[94.61583,25.67667]},"properties":{"udise":"13080300502","name":"GOVERNMENT MIDDLE SCHOOL MELURI VILLAGE","state":"NAGALAND","district":"PHEK","block":"MELURI","indicator":"girls_toilet_nonfunctional"}},{"type":"Feature","geometry":{"type":"Point","coordinates":[94.47222,25.66361]},"properties":{"udise":"13080100601","name":"GOVERNMENT MIDDLE SCHOOL PHEK VILLAGE","state":"NAGALAND","district":"PHEK","block":"PHEK","indicator":"girls_toilet_nonfunctional"}},{"type":"Feature","geometry":{"type":"Point","coordinates":[94.38,25.5875]},"properties":{"udise":"13080200601","name":"GOVERNMENT PRIMARY SCHOOL CHIZAMI VILLAGE","state":"NAGALAND","district":"PHEK","block":"PFUTSERO","indicator":"girls_toilet_nonfunctional"}},{"type":"Feature","geometry":{"type":"Point","coordinates":[94.68111,25.72583]},"properties":{"udise":"13080302302","name":"GOVERNMENT HIGH SCHOOL AKHEGWO","state":"NAGALAND","district":"PHEK","block":"MELURI","indicator":"girls_toilet_nonfunctional"}},{"type":"Feature","geometry":{"type":"Point","coordinates":[94.26611,25.54528]},"properties":{"udise":"13080202201","name":"GOVERNMENT PRIMARY SCHOOL KAMI","state":"NAGALAND","district":"PHEK","block":"PFUTSERO","indicator":"girls_toilet_nonfunctional"}},{"type":"Feature","geometry":{"type":"Point","coordinates":[94.36306,25.61944]},"properties":{"udise":"13080202501","name":"GOVERNMENT MIDDLE SCHOOL SAKRABA VILLAGE","state":"NAGALAND","district":"PHEK","block":"PFUTSERO","indicator":"girls_toilet_nonfunctional"}},{"type":"Feature","geometry":{"type":"Point","coordinates":[94.34097,25.57776]},"properties":{"udise":"13080200203","name":"RISING SCHOOL MESULUMI","state":"NAGALAND","district":"PHEK","block":"PFUTSERO","indicator":"girls_toilet_nonfunctional"}},{"type":"Feature","geometry":{"type":"Point","coordinates":[94.68778,25.61583]},"properties":{"udise":"13080302702","name":"GOVERNMENT MIDDLE SCHOOL MOLEN","state":"NAGALAND","district":"PHEK","block":"MELURI","indicator":"girls_toilet_nonfunctional"}},{"type":"Feature","geometry":{"type":"Point","coordinates":[94.33889,25.73778]},"properties":{"udise":"13080401102","name":"GOVERNMENT HIGH SCHOOL YORUBA","state":"NAGALAND","district":"PHEK","block":"CHOZUBA","indicator":"girls_toilet_nonfunctional"}},{"type":"Feature","geometry":{"type":"Point","coordinates":[94.2823,25.6543]},"properties":{"udise":"13080402003","name":"GOVERNMENT PRIMARY SCHOOL KHULAZU BASA","state":"NAGALAND","district":"PHEK","block":"CHOZUBA","indicator":"girls_toilet_nonfunctional"}},{"type":"Feature","geometry":{"type":"Point","coordinates":[94.29667,25.57]},"properties":{"udise":"13080201605","name":"GOVERNMENT HIGHER SECONDARY SCHOOL PFUTSERO TOWN","state":"NAGALAND","district":"PHEK","block":"PFUTSERO","indicator":"girls_toilet_nonfunctional"}},{"type":"Feature","geometry":{"type":"Point","coordinates":[94.37917,25.75861]},"properties":{"udise":"13080401001","name":"GOVERNMENT MIDDLE SCHOOL RUZAZHO","state":"NAGALAND","district":"PHEK","block":"CHOZUBA","indicator":"girls_toilet_nonfunctional"}},{"type":"Feature","geometry":{"type":"Point","coordinates":[94.74333,25.62056]},"properties":{"udise":"13080301602","name":"GOVERNMENT MIDDLE SCHOOL ZHIPU","state":"NAGALAND","district":"PHEK","block":"MELURI","indicator":"girls_toilet_nonfunctional"}},{"type":"Feature","geometry":{"type":"Point","coordinates":[94.45278,25.69111]},"properties":{"udise":"13080103401","name":"GOVERNMENT MIDDLE SCHOOL KEREHUBA","state":"NAGALAND","district":"PHEK","block":"PHEK","indicator":"girls_toilet_nonfunctional"}},{"type":"Feature","geometry":{"type":"Point","coordinates":[94.21722,25.58056]},"properties":{"udise":"13080201104","name":"GOVERNMENT HIGH SCHOOL KIKRUMA","state":"NAGALAND","district":"PHEK","block":"PFUTSERO","indicator":"girls_toilet_nonfunctional"}},{"type":"Feature","geometry":{"type":"Point","coordinates":[94.21111,25.51333]},"properties":{"udise":"13080200303","name":"GOVERNMENT PRIMARY SCHOOL KOMUNO","state":"NAGALAND","district":"PHEK","block":"PFUTSERO","indicator":"girls_toilet_nonfunctional"}},{"type":"Feature","geometry":{"type":"Point","coordinates":[94.49667,25.71778]},"properties":{"udise":"13080100201","name":"GOVERNMENT HIGH SCHOOL SOHOMI","state":"NAGALAND","district":"PHEK","block":"PHEK","indicator":"girls_toilet_nonfunctional"}},{"type":"Feature","geometry":{"type":"Point","coordinates":[94.74194,25.71278]},"properties":{"udise":"13080302902","name":"GOVERNMENT HIGH SCHOOL PHOYISHA YESI","state":"NAGALAND","district":"PHEK","block":"MELURI","indicator":"girls_toilet_nonfunctional"}},{"type":"Feature","geometry":{"type":"Point","coordinates":[94.32778,25.61556]},"properties":{"udise":"13080202003","name":"GOVERNMENT HIGH SCHOOL PORBA","state":"NAGALAND","district":"PHEK","block":"PFUTSERO","indicator":"girls_toilet_nonfunctional"}},{"type":"Feature","geometry":{"type":"Point","coordinates":[94.305,25.69583]},"properties":{"udise":"13080401402","name":"GOVERNMENT MIDDLE SCHOOL RUNGUZU NASA","state":"NAGALAND","district":"PHEK","block":"CHOZUBA","indicator":"girls_toilet_nonfunctional"}},{"type":"Feature","geometry":{"type":"Point","coordinates":[94.32157,25.52091]},"properties":{"udise":"13080200503","name":"ST. JOHN SCHOOL RAZEBA","state":"NAGALAND","district":"PHEK","block":"PFUTSERO","indicator":"girls_toilet_nonfunctional"}},{"type":"Feature","geometry":{"type":"Point","coordinates":[94.25278,25.60528]},"properties":{"udise":"13080201405","name":"GOVERNMENT PRIMARY SCHOOL PHUSACHODU 'A'","state":"NAGALAND","district":"PHEK","block":"PFUTSERO","indicator":"girls_toilet_nonfunctional"}},{"type":"Feature","geometry":{"type":"Point","coordinates":[94.29917,25.57361]},"properties":{"udise":"13080201602","name":"GOVERNMENT PRIMARY SCHOOL KIKRUNASA","state":"NAGALAND","district":"PHEK","block":"PFUTSERO","indicator":"girls_toilet_nonfunctional"}},{"type":"Feature","geometry":{"type":"Point","coordinates":[94.47361,25.76583]},"properties":{"udise":"13080100401","name":"GOVERNMENT HIGH SCHOOL KHUZA","state":"NAGALAND","district":"PHEK","block":"PHEK","indicator":"girls_toilet_nonfunctional"}},{"type":"Feature","geometry":{"type":"Point","coordinates":[94.39694,25.60417]},"properties":{"udise":"13080202704","name":"GOVERNMENT PRIMARY SCHOOL CHIZAMI  NEW TOWN","state":"NAGALAND","district":"PHEK","block":"PFUTSERO","indicator":"girls_toilet_nonfunctional"}},{"type":"Feature","geometry":{"type":"Point","coordinates":[94.7992,25.59483]},"properties":{"udise":"13080303001","name":"GOVERNMENT PRIMARY SCHOOL NGAZU","state":"NAGALAND","district":"PHEK","block":"MELURI","indicator":"girls_toilet_nonfunctional"}},{"type":"Feature","geometry":{"type":"Point","coordinates":[94.77139,25.6525]},"properties":{"udise":"13080302001","name":"GOVERNMENT PRIMARY SCHOOL MOKE","state":"NAGALAND","district":"PHEK","block":"MELURI","indicator":"girls_toilet_nonfunctional"}},{"type":"Feature","geometry":{"type":"Point","coordinates":[94.23528,25.52083]},"properties":{"udise":"13080200802","name":"GOVERNMENT PRIMARY SCHOOL LEWOZA","state":"NAGALAND","district":"PHEK","block":"PFUTSERO","indicator":"girls_toilet_nonfunctional"}},{"type":"Feature","geometry":{"type":"Point","coordinates":[94.29833,25.585]},"properties":{"udise":"13080201603","name":"GOVERNMENT MIDDLE SCHOOL RUKIZU","state":"NAGALAND","district":"PHEK","block":"PFUTSERO","indicator":"girls_toilet_nonfunctional"}},{"type":"Feature","geometry":{"type":"Point","coordinates":[94.30361,25.57278]},"properties":{"udise":"13080201604","name":"GOVERNMENT PRIMARY SCHOOL HORTI FARM PFUTSERO","state":"NAGALAND","district":"PHEK","block":"PFUTSERO","indicator":"girls_toilet_nonfunctional"}},{"type":"Feature","geometry":{"type":"Point","coordinates":[94.48917,25.64361]},"properties":{"udise":"13080100501","name":"GOVERNMENT HIGH SCHOOL LOZAPHUHU","state":"NAGALAND","district":"PHEK","block":"PHEK","indicator":"girls_toilet_nonfunctional"}},{"type":"Feature","geometry":{"type":"Point","coordinates":[94.77861,25.73222]},"properties":{"udise":"13080301403","name":"GOVERNMENT HIGH SCHOOL PHOLARY","state":"NAGALAND","district":"PHEK","block":"MELURI","indicator":"girls_toilet_nonfunctional"}},{"type":"Feature","geometry":{"type":"Point","coordinates":[94.84194,25.69778]},"properties":{"udise":"13080301702","name":"GOVERNMENT PRIMARY SCHOOL SUTSU","state":"NAGALAND","district":"PHEK","block":"MELURI","indicator":"girls_toilet_nonfunctional"}},{"type":"Feature","geometry":{"type":"Point","coordinates":[94.75861,26.09806]},"properties":{"udise":"13020401410","name":"GOVERNMENT PRIMARY SCHOOL KIUMENHEN KHEL","state":"NAGALAND","district":"TUENSANG","block":"SHAMATOR","indicator":"no_girls_toilet"}},{"type":"Feature","geometry":{"type":"Point","coordinates":[94.67938,26.04896]},"properties":{"udise":"13020401601","name":"GOVERNMENT MIDDLE SCHOOL AIPONGER","state":"NAGALAND","district":"TUENSANG","block":"SHAMATOR","indicator":"no_girls_toilet"}},{"type":"Feature","geometry":{"type":"Point","coordinates":[95.07694,26.11374]},"properties":{"udise":"13020503601","name":"GOVERNMENT PRIMARY SCHOOL KINGPAO SCHOOL","state":"NAGALAND","district":"TUENSANG","block":"NOKLAK","indicator":"no_girls_toilet"}},{"type":"Feature","geometry":{"type":"Point","coordinates":[94.61502,26.30066]},"properties":{"udise":"13020300405","name":"GOVERNMENT HIGH  SCHOOL CHARE TOWN","state":"NAGALAND","district":"TUENSANG","block":"LONGKHIM","indicator":"no_girls_toilet"}},{"type":"Feature","geometry":{"type":"Point","coordinates":[94.81543,26.10317]},"properties":{"udise":"13020400901","name":"GOVERNMENT MIDDLE SCHOOL CHASSIR","state":"NAGALAND","district":"TUENSANG","block":"SHAMATOR","indicator":"no_girls_toilet"}},{"type":"Feature","geometry":{"type":"Point","coordinates":[94.6823,26.27878]},"properties":{"udise":"13020300102","name":"GOVERNMENT PRIMARY SCHOOL LONGDI","state":"NAGALAND","district":"TUENSANG","block":"LONGKHIM","indicator":"no_girls_toilet"}},{"type":"Feature","geometry":{"type":"Point","coordinates":[94.87284,26.06652]},"properties":{"udise":"13020402304","name":"GOVERNMENT PRIMARY SCHOOL ASSOR","state":"NAGALAND","district":"TUENSANG","block":"SHAMATOR","indicator":"no_girls_toilet"}},{"type":"Feature","geometry":{"type":"Point","coordinates":[94.79311,26.19402]},"properties":{"udise":"13020100702","name":"GOVERNMENT PRIMARY SCHOOL CHINGMELEN 'B'","state":"NAGALAND","district":"TUENSANG","block":"HAKUSHANG","indicator":"no_girls_toilet"}},{"type":"Feature","geometry":{"type":"Point","coordinates":[94.93814,26.12547]},"properties":{"udise":"13020504201","name":"GOVERNMENT PRIMARY SCHOOL EKHAO","state":"NAGALAND","district":"TUENSANG","block":"NOKLAK","indicator":"no_girls_toilet"}},{"type":"Feature","geometry":{"type":"Point","coordinates":[94.89785,26.32404]},"properties":{"udise":"13020102101","name":"GOVERNMENT PRIMARY SCHOOL KESHAI","state":"NAGALAND","district":"TUENSANG","block":"HAKUSHANG","indicator":"no_girls_toilet"}},{"type":"Feature","geometry":{"type":"Point","coordinates":[95.0186,26.20919]},"properties":{"udise":"13020500301","name":"GOVERNMENT PRIMARY SCHOOL NOKLAK VILLAGE","state":"NAGALAND","district":"TUENSANG","block":"NOKLAK","indicator":"no_girls_toilet"}},{"type":"Feature","geometry":{"type":"Point","coordinates":[94.87833,26.35861]},"properties":{"udise":"13020400104","name":"GOVERNMENT PRIMARY SCHOOL KEWONGTHU","state":"NAGALAND","district":"TUENSANG","block":"SHAMATOR","indicator":"no_girls_toilet"}},{"type":"Feature","geometry":{"type":"Point","coordinates":[94.68028,26.22306]},"properties":{"udise":"13020302005","name":"GOVERNMENT PRIMARY SCHOOL LONGKHIM TOWN","state":"NAGALAND","district":"TUENSANG","block":"LONGKHIM","indicator":"no_girls_toilet"}},{"type":"Feature","geometry":{"type":"Point","coordinates":[94.73363,26.07864]},"properties":{"udise":"13020402102","name":"GOVERNMENT PRIMARY SCHOOL CHESSORE TOWN","state":"NAGALAND","district":"TUENSANG","block":"SHAMATOR","indicator":"no_girls_toilet"}},{"type":"Feature","geometry":{"type":"Point","coordinates":[94.67996,26.21771]},"properties":{"udise":"13020300501","name":"GOVERNMENT MIDDLE SCHOOL LANUTEMJEN","state":"NAGALAND","district":"TUENSANG","block":"LONGKHIM","indicator":"no_girls_toilet"}},{"type":"Feature","geometry":{"type":"Point","coordinates":[94.65598,26.30749]},"properties":{"udise":"13020301401","name":"GOVERNMENT PRIMARY SCHOOL ALISOPUR 'A'","state":"NAGALAND","district":"TUENSANG","block":"LONGKHIM","indicator":"no_girls_toilet"}},{"type":"Feature","geometry":{"type":"Point","coordinates":[94.67639,26.21722]},"properties":{"udise":"13020302001","name":"GOVERNMENT MIDDLE SCHOOL STATION LONGKHIM","state":"NAGALAND","district":"TUENSANG","block":"LONGKHIM","indicator":"no_girls_toilet"}},{"type":"Feature","geometry":{"type":"Point","coordinates":[94.86887,26.03229]},"properties":{"udise":"13020400801","name":"GOVERNMENT PRIMARY SCHOOL LASKIUR","state":"NAGALAND","district":"TUENSANG","block":"SHAMATOR","indicator":"no_girls_toilet"}},{"type":"Feature","geometry":{"type":"Point","coordinates":[94.77706,26.28237]},"properties":{"udise":"13020101601","name":"GOVERNMENT PRIMARY SCHOOL BUTHAMBOU","state":"NAGALAND","district":"TUENSANG","block":"HAKUSHANG","indicator":"no_girls_toilet"}},{"type":"Feature","geometry":{"type":"Point","coordinates":[94.88697,26.36783]},"properties":{"udise":"13020200901","name":"GOVERNMENT PRIMARY SCHOOL SAOSHOU","state":"NAGALAND","district":"TUENSANG","block":"NOKSEN","indicator":"no_girls_toilet"}},{"type":"Feature","geometry":{"type":"Point","coordinates":[94.61442,26.25933]},"properties":{"udise":"13020300801","name":"GOVERNMENT PRIMARY SCHOOL OLD TSADANG","state":"NAGALAND","district":"TUENSANG","block":"LONGKHIM","indicator":"no_girls_toilet"}},{"type":"Feature","geometry":{"type":"Point","coordinates":[94.77954,26.05567]},"properties":{"udise":"13020401101","name":"GOVERNMENT HIGH  SCHOOL MANGKO","state":"NAGALAND","district":"TUENSANG","block":"SHAMATOR","indicator":"no_girls_toilet"}},{"type":"Feature","geometry":{"type":"Point","coordinates":[94.79679,26.23674]},"properties":{"udise":"13020100605","name":"GOVERNMENT MIDDLE SCHOOL 3 NAP SAKSI","state":"NAGALAND","district":"TUENSANG","block":"HAKUSHANG","indicator":"no_girls_toilet"}},{"type":"Feature","geometry":{"type":"Point","coordinates":[94.61393,26.29872]},"properties":{"udise":"13020300403","name":"GOVERNMENT PRIMARY SCHOOL CHARE STATION","state":"NAGALAND","district":"TUENSANG","block":"LONGKHIM","indicator":"no_girls_toilet"}},{"type":"Feature","geometry":{"type":"Point","coordinates":[94.90692,25.97359]},"properties":{"udise":"13020503402","name":"GOVERNMENT PRIMARY SCHOOL THONOKNYU 'A'","state":"NAGALAND","district":"TUENSANG","block":"NOKLAK","indicator":"no_girls_toilet"}},{"type":"Feature","geometry":{"type":"Point","coordinates":[94.81841,26.0062]},"properties":{"udise":"13020400501","name":"GOVERNMENT PRIMARY SCHOOL RURUR 'A'","state":"NAGALAND","district":"TUENSANG","block":"SHAMATOR","indicator":"no_girls_toilet"}},{"type":"Feature","geometry":{"type":"Point","coordinates":[94.61067,26.24716]},"properties":{"udise":"13020300201","name":"GOVERNMENT PRIMARY SCHOOL NEW TSADANG","state":"NAGALAND","district":"TUENSANG","block":"LONGKHIM","indicator":"no_girls_toilet"}},{"type":"Feature","geometry":{"type":"Point","coordinates":[94.93345,26.11579]},"properties":{"udise":"13020503801","name":"GOVERNMENT PRIMARY SCHOOL PATHSO","state":"NAGALAND","district":"TUENSANG","block":"NOKLAK","indicator":"no_girls_toilet"}},{"type":"Feature","geometry":{"type":"Point","coordinates":[94.76864,26.39796]},"properties":{"udise":"13020201102","name":"GOVERNMENT PRIMARY SCHOOL YANGPI 'A'","state":"NAGALAND","district":"TUENSANG","block":"NOKSEN","indicator":"no_girls_toilet"}},{"type":"Feature","geometry":{"type":"Point","coordinates":[94.94488,25.99861]},"properties":{"udise":"13020502601","name":"GOVERNMENT PRIMARY SCHOOL CHILITSO","state":"NAGALAND","district":"TUENSANG","block":"NOKLAK","indicator":"no_girls_toilet"}},{"type":"Feature","geometry":{"type":"Point","coordinates":[94.67874,26.22465]},"properties":{"udise":"13020302006","name":"MOUNT SINAI SCHOOL, LONGKHIM","state":"NAGALAND","district":"TUENSANG","block":"LONGKHIM","indicator":"no_girls_toilet"}},{"type":"Feature","geometry":{"type":"Point","coordinates":[94.78869,26.30863]},"properties":{"udise":"13020100901","name":"GOVERNMENT PRIMARY SCHOOL HAAK","state":"NAGALAND","district":"TUENSANG","block":"HAKUSHANG","indicator":"no_girls_toilet"}},{"type":"Feature","geometry":{"type":"Point","coordinates":[94.69689,26.04652]},"properties":{"udise":"13020400503","name":"GOVERNMENT PRIMARY SCHOOL YAYE BRIDGE","state":"NAGALAND","district":"TUENSANG","block":"SHAMATOR","indicator":"no_girls_toilet"}},{"type":"Feature","geometry":{"type":"Point","coordinates":[94.79127,26.05624]},"properties":{"udise":"13020401901","name":"GOVERNMENT PRIMARY SCHOOL SHIPONGER 'A'","state":"NAGALAND","district":"TUENSANG","block":"SHAMATOR","indicator":"no_girls_toilet"}},{"type":"Feature","geometry":{"type":"Point","coordinates":[94.87109,26.19158]},"properties":{"udise":"13020101101","name":"GOVERNMENT MIDDLE SCHOOL CHENDANG","state":"NAGALAND","district":"TUENSANG","block":"HAKUSHANG","indicator":"no_girls_toilet"}},{"type":"Feature","geometry":{"type":"Point","coordinates":[94.64492,26.28123]},"properties":{"udise":"13020301101","name":"GOVERNMENT PRIMARY SCHOOL LONGKHITPEH","state":"NAGALAND","district":"TUENSANG","block":"LONGKHIM","indicator":"no_girls_toilet"}},{"type":"Feature","geometry":{"type":"Point","coordinates":[94.65601,26.31251]},"properties":{"udise":"13020301402","name":"GOVERNMENT PRIMARY SCHOOL ALISOPUR 'B'","state":"NAGALAND","district":"TUENSANG","block":"LONGKHIM","indicator":"no_girls_toilet"}},{"type":"Feature","geometry":{"type":"Point","coordinates":[94.85658,26.27397]},"properties":{"udise":"13020101301","name":"GOVERNMENT PRIMARY SCHOOL KEJOK","state":"NAGALAND","district":"TUENSANG","block":"HAKUSHANG","indicator":"no_girls_toilet"}},{"type":"Feature","geometry":{"type":"Point","coordinates":[94.89683,25.96853]},"properties":{"udise":"13020503403","name":"GOVERNMENT PRIMARY SCHOOL THONOKNYU 'B'","state":"NAGALAND","district":"TUENSANG","block":"NOKLAK","indicator":"no_girls_toilet"}},{"type":"Feature","geometry":{"type":"Point","coordinates":[94.71656,26.03212]},"properties":{"udise":"13020401701","name":"GOVERNMENT PRIMARY SCHOOL KEPHOR","state":"NAGALAND","district":"TUENSANG","block":"SHAMATOR","indicator":"no_girls_toilet"}},{"type":"Feature","geometry":{"type":"Point","coordinates":[94.81542,26.17703]},"properties":{"udise":"13020100201","name":"GOVERNMENT PRIMARY SCHOOL KUTHUR 'A'","state":"NAGALAND","district":"TUENSANG","block":"HAKUSHANG","indicator":"no_girls_toilet"}},{"type":"Feature","geometry":{"type":"Point","coordinates":[94.83222,26.08896]},"properties":{"udise":"13020402201","name":"GOVERNMENT MIDDLE SCHOOL MULEANGKIUR","state":"NAGALAND","district":"TUENSANG","block":"SHAMATOR","indicator":"no_girls_toilet"}},{"type":"Feature","geometry":{"type":"Point","coordinates":[94.76031,26.15915]},"properties":{"udise":"13020100104","name":"GOVERNMENT HIGH  SCHOOL SOTOKUR","state":"NAGALAND","district":"TUENSANG","block":"HAKUSHANG","indicator":"no_girls_toilet"}},{"type":"Feature","geometry":{"type":"Point","coordinates":[94.64342,26.19856]},"properties":{"udise":"13020302101","name":"GOVERNMENT PRIMARY SCHOOL LITHSAMI","state":"NAGALAND","district":"TUENSANG","block":"LONGKHIM","indicator":"no_girls_toilet"}},{"type":"Feature","geometry":{"type":"Point","coordinates":[94.9973,25.97633]},"properties":{"udise":"13020504403","name":"GOVERNMENT HIGH  SCHOOL CHIPHUR","state":"NAGALAND","district":"TUENSANG","block":"NOKLAK","indicator":"no_girls_toilet"}},{"type":"Feature","geometry":{"type":"Point","coordinates":[95.0797,26.12396]},"properties":{"udise":"13020501001","name":"GOVERNMENT PRIMARY SCHOOL ANIASHU","state":"NAGALAND","district":"TUENSANG","block":"NOKLAK","indicator":"no_girls_toilet"}},{"type":"Feature","geometry":{"type":"Point","coordinates":[95.02671,26.15221]},"properties":{"udise":"13020500201","name":"GOVERNMENT MIDDLE SCHOOL NOKHU","state":"NAGALAND","district":"TUENSANG","block":"NOKLAK","indicator":"no_girls_toilet"}},{"type":"Feature","geometry":{"type":"Point","coordinates":[94.76619,26.15181]},"properties":{"udise":"13020100101","name":"GOVERNMENT MIDDLE SCHOOL SOTOKUR 'A'","state":"NAGALAND","district":"TUENSANG","block":"HAKUSHANG","indicator":"no_girls_toilet"}},{"type":"Feature","geometry":{"type":"Point","coordinates":[94.70764,26.37034]},"properties":{"udise":"13020200803","name":"GOVERNMENT PRIMARY SCHOOL NOKSEN 'B'","state":"NAGALAND","district":"TUENSANG","block":"NOKSEN","indicator":"no_girls_toilet"}},{"type":"Feature","geometry":{"type":"Point","coordinates":[94.82598,26.01456]},"properties":{"udise":"13020400502","name":"GOVERNMENT MIDDLE SCHOOL RURUR 'B'","state":"NAGALAND","district":"TUENSANG","block":"SHAMATOR","indicator":"no_girls_toilet"}},{"type":"Feature","geometry":{"type":"Point","coordinates":[94.79461,26.19198]},"properties":{"udise":"13020100707","name":"GOVERNMENT HIGH  SCHOOL CHINGMELEN","state":"NAGALAND","district":"TUENSANG","block":"HAKUSHANG","indicator":"no_girls_toilet"}},{"type":"Feature","geometry":{"type":"Point","coordinates":[94.65368,26.29569]},"properties":{"udise":"13020302203","name":"GOVERNMENT HIGH SCHOOL, TONGLONGSOR","state":"NAGALAND","district":"TUENSANG","block":"LONGKHIM","indicator":"no_girls_toilet"}},{"type":"Feature","geometry":{"type":"Point","coordinates":[94.76274,26.2547]},"properties":{"udise":"13020100501","name":"GOVERNMENT PRIMARY SCHOOL KHUDEI","state":"NAGALAND","district":"TUENSANG","block":"HAKUSHANG","indicator":"no_girls_toilet"}},{"type":"Feature","geometry":{"type":"Point","coordinates":[94.7393,26.12153]},"properties":{"udise":"13020401501","name":"GOVERNMENT PRIMARY SCHOOL K.LONGSOR","state":"NAGALAND","district":"TUENSANG","block":"SHAMATOR","indicator":"no_girls_toilet"}},{"type":"Feature","geometry":{"type":"Point","coordinates":[94.71343,26.3295]},"properties":{"udise":"13020200201","name":"GOVERNMENT PRIMARY SCHOOL KUMPONG","state":"NAGALAND","district":"TUENSANG","block":"NOKSEN","indicator":"no_girls_toilet"}},{"type":"Feature","geometry":{"type":"Point","coordinates":[94.98326,25.87995]},"properties":{"udise":"13020502901","name":"GOVERNMENT PRIMARY SCHOOL THONGSUNGYU","state":"NAGALAND","district":"TUENSANG","block":"NOKLAK","indicator":"no_girls_toilet"}},{"type":"Feature","geometry":{"type":"Point","coordinates":[95.02854,26.01235]},"properties":{"udise":"13020503201","name":"GOVERNMENT PRIMARY SCHOOL KINGJUNG","state":"NAGALAND","district":"TUENSANG","block":"NOKLAK","indicator":"no_girls_toilet"}},{"type":"Feature","geometry":{"type":"Point","coordinates":[94.76828,26.0493]},"properties":{"udise":"13020401801","name":"GOVERNMENT MIDDLE SCHOOL KIUTSUKIUR","state":"NAGALAND","district":"TUENSANG","block":"SHAMATOR","indicator":"girls_toilet_nonfunctional"}},{"type":"Feature","geometry":{"type":"Point","coordinates":[94.8184,26.27161]},"properties":{"udise":"13020100304","name":"GOVERNMENT PRIMARY SCHOOL M/KHEL TUENSANG","state":"NAGALAND","district":"TUENSANG","block":"HAKUSHANG","indicator":"girls_toilet_nonfunctional"}},{"type":"Feature","geometry":{"type":"Point","coordinates":[94.73343,26.0782]},"properties":{"udise":"13020402104","name":"GOVERNMENT HIGH  SCHOOL CHESSOR","state":"NAGALAND","district":"TUENSANG","block":"SHAMATOR","indicator":"girls_toilet_nonfunctional"}},{"type":"Feature","geometry":{"type":"Point","coordinates":[94.67399,26.22084]},"properties":{"udise":"13020302003","name":"GOVERNMENT HIGHER SECONDARY SCHOOL LONGKHIM","state":"NAGALAND","district":"TUENSANG","block":"LONGKHIM","indicator":"girls_toilet_nonfunctional"}},{"type":"Feature","geometry":{"type":"Point","coordinates":[94.63156,26.25294]},"properties":{"udise":"13020301301","name":"GOVERNMENT PRIMARY SCHOOL KIDING","state":"NAGALAND","district":"TUENSANG","block":"LONGKHIM","indicator":"girls_toilet_nonfunctional"}},{"type":"Feature","geometry":{"type":"Point","coordinates":[94.85512,25.99238]},"properties":{"udise":"13020400202","name":"GOVERNMENT MIDDLE SCHOOL SEKIUR (B)","state":"NAGALAND","district":"TUENSANG","block":"SHAMATOR","indicator":"girls_toilet_nonfunctional"}},{"type":"Feature","geometry":{"type":"Point","coordinates":[94.79889,25.9825]},"properties":{"udise":"13020404301","name":"GOVERNMENT MIDDLE SCHOOL PURRUR","state":"NAGALAND","district":"TUENSANG","block":"SHAMATOR","indicator":"girls_toilet_nonfunctional"}},{"type":"Feature","geometry":{"type":"Point","coordinates":[94.87694,26.06261]},"properties":{"udise":"13020401001","name":"GOVERNMENT MIDDLE SCHOOL SHAMATOR VILLAGE","state":"NAGALAND","district":"TUENSANG","block":"SHAMATOR","indicator":"girls_toilet_nonfunctional"}},{"type":"Feature","geometry":{"type":"Point","coordinates":[94.65165,26.20594]},"properties":{"udise":"13020303101","name":"GOVERNMENT PRIMARY SCHOOL NEW SANGSOMONG","state":"NAGALAND","district":"TUENSANG","block":"LONGKHIM","indicator":"girls_toilet_nonfunctional"}},{"type":"Feature","geometry":{"type":"Point","coordinates":[94.65656,26.21238]},"properties":{"udise":"13020301201","name":"GOVERNMENT MIDDLE SCHOOL YANGLI","state":"NAGALAND","district":"TUENSANG","block":"LONGKHIM","indicator":"girls_toilet_nonfunctional"}},{"type":"Feature","geometry":{"type":"Point","coordinates":[94.6266,26.22995]},"properties":{"udise":"13020301901","name":"GOVERNMENT MIDDLE SCHOOL OLD MANGAKHI","state":"NAGALAND","district":"TUENSANG","block":"LONGKHIM","indicator":"girls_toilet_nonfunctional"}},{"type":"Feature","geometry":{"type":"Point","coordinates":[94.64166,26.27635]},"properties":{"udise":"13020301001","name":"GOVERNMENT MIDDLE SCHOOL TRONGER 'A'","state":"NAGALAND","district":"TUENSANG","block":"LONGKHIM","indicator":"girls_toilet_nonfunctional"}},{"type":"Feature","geometry":{"type":"Point","coordinates":[94.98462,26.28387]},"properties":{"udise":"13020501902","name":"GOVERNMENT MIDDLE SCHOOL YIMPANG","state":"NAGALAND","district":"TUENSANG","block":"NOKLAK","indicator":"girls_toilet_nonfunctional"}},{"type":"Feature","geometry":{"type":"Point","coordinates":[94.70546,26.11244]},"properties":{"udise":"13020401301","name":"GOVERNMENT PRIMARY SCHOOL KELONGRU","state":"NAGALAND","district":"TUENSANG","block":"SHAMATOR","indicator":"girls_toilet_nonfunctional"}},{"type":"Feature","geometry":{"type":"Point","coordinates":[94.68358,26.30488]},"properties":{"udise":"13020300103","name":"GOVERNMENT HIGH  SCHOOL CHIMONGER","state":"NAGALAND","district":"TUENSANG","block":"LONGKHIM","indicator":"girls_toilet_nonfunctional"}},{"type":"Feature","geometry":{"type":"Point","coordinates":[94.69212,26.21423]},"properties":{"udise":"13020300602","name":"GOVERNMENT PRIMARY SCHOOL ANGANGBA 'B'","state":"NAGALAND","district":"TUENSANG","block":"LONGKHIM","indicator":"girls_toilet_nonfunctional"}},{"type":"Feature","geometry":{"type":"Point","coordinates":[94.87595,26.06862]},"properties":{"udise":"13020400405","name":"GOVERNMENT HIGHER SECONDARY SCHOOL SHAMATOR","state":"NAGALAND","district":"TUENSANG","block":"SHAMATOR","indicator":"girls_toilet_nonfunctional"}},{"type":"Feature","geometry":{"type":"Point","coordinates":[94.73219,26.29996]},"properties":{"udise":"13020200301","name":"GOVERNMENT MIDDLE SCHOOL SANGDAK","state":"NAGALAND","district":"TUENSANG","block":"NOKSEN","indicator":"girls_toilet_nonfunctional"}},{"type":"Feature","geometry":{"type":"Point","coordinates":[95.08641,26.22436]},"properties":{"udise":"13020500801","name":"GOVERNMENT PRIMARY SCHOOL WONSOI","state":"NAGALAND","district":"TUENSANG","block":"NOKLAK","indicator":"girls_toilet_nonfunctional"}},{"type":"Feature","geometry":{"type":"Point","coordinates":[94.85937,26.15021]},"properties":{"udise":"13020400701","name":"GOVERNMENT PRIMARY SCHOOL YAKOR","state":"NAGALAND","district":"TUENSANG","block":"SHAMATOR","indicator":"girls_toilet_nonfunctional"}},{"type":"Feature","geometry":{"type":"Point","coordinates":[94.87442,26.35547]},"properties":{"udise":"13020201801","name":"GOVERNMENT PRIMARY SCHOOL MOMCHING","state":"NAGALAND","district":"TUENSANG","block":"NOKSEN","indicator":"girls_toilet_nonfunctional"}},{"type":"Feature","geometry":{"type":"Point","coordinates":[94.25117,26.17049]},"properties":{"udise":"13050100303","name":"GOVERNMENT PRIMARY SCHOOL ENGLAN","state":"NAGALAND","district":"WOKHA","block":"WOKHA","indicator":"no_girls_toilet"}},{"type":"Feature","geometry":{"type":"Point","coordinates":[94.31835,26.25852]},"properties":{"udise":"13050200402","name":"GOVERNMENT PRIMARY SCHOOL PANGTI 'B'","state":"NAGALAND","district":"WOKHA","block":"SANIS","indicator":"no_girls_toilet"}},{"type":"Feature","geometry":{"type":"Point","coordinates":[94.00912,26.17092]},"properties":{"udise":"13050302401","name":"GOVERNMENT PRIMARY SCHOOL LIPHI","state":"NAGALAND","district":"WOKHA","block":"BHANDARI","indicator":"no_girls_toilet"}},{"type":"Feature","geometry":{"type":"Point","coordinates":[94.15661,26.29571]},"properties":{"udise":"13050304701","name":"GOVERNMENT PRIMARY SCHOOL LIO-LONGCHUM","state":"NAGALAND","district":"WOKHA","block":"BHANDARI","indicator":"no_girls_toilet"}},{"type":"Feature","geometry":{"type":"Point","coordinates":[94.2611,26.51462]},"properties":{"udise":"13050303901","name":"GOVERNMENT PRIMARY SCHOOL AMBOTO OLD","state":"NAGALAND","district":"WOKHA","block":"BHANDARI","indicator":"no_girls_toilet"}},{"type":"Feature","geometry":{"type":"Point","coordinates":[94.03169,26.08613]},"properties":{"udise":"13050304501","name":"GOVERNMENT PRIMARY SCHOOL KORO","state":"NAGALAND","district":"WOKHA","block":"BHANDARI","indicator":"no_girls_toilet"}},{"type":"Feature","geometry":{"type":"Point","coordinates":[94.11671,26.10765]},"properties":{"udise":"13050201801","name":"GOVERNMENT PRIMARY SCHOOL MORAKJO","state":"NAGALAND","district":"WOKHA","block":"SANIS","indicator":"no_girls_toilet"}},{"type":"Feature","geometry":{"type":"Point","coordinates":[94.19419,26.08597]},"properties":{"udise":"13050104703","name":"GOVERNMENT MIDDLE SCHOOL ELUMYO","state":"NAGALAND","district":"WOKHA","block":"WOKHA","indicator":"girls_toilet_nonfunctional"}},{"type":"Feature","geometry":{"type":"Point","coordinates":[94.18568,25.99721]},"properties":{"udise":"13050102801","name":"GOVERNMENT PRIMARY SCHOOL PHIRO 'A'","state":"NAGALAND","district":"WOKHA","block":"WOKHA","indicator":"girls_toilet_nonfunctional"}},{"type":"Feature","geometry":{"type":"Point","coordinates":[94.20333,26.05254]},"properties":{"udise":"13050103401","name":"GOVERNMENT MIDDLE SCHOOL PONGIDONG","state":"NAGALAND","district":"WOKHA","block":"WOKHA","indicator":"girls_toilet_nonfunctional"}},{"type":"Feature","geometry":{"type":"Point","coordinates":[94.36038,26.08398]},"properties":{"udise":"13050102501","name":"GOVERNMENT MIDDLE SCHOOL MUNGYA","state":"NAGALAND","district":"WOKHA","block":"WOKHA","indicator":"girls_toilet_nonfunctional"}},{"type":"Feature","geometry":{"type":"Point","coordinates":[94.25358,26.09457]},"properties":{"udise":"13050105401","name":"GOVERNMENT PRIMARY SCHOOL MIDLANE WARD","state":"NAGALAND","district":"WOKHA","block":"WOKHA","indicator":"girls_toilet_nonfunctional"}},{"type":"Feature","geometry":{"type":"Point","coordinates":[94.26239,26.05836]},"properties":{"udise":"13050103201","name":"GOVERNMENT MIDDLE SCHOOL LONGSACHUNG","state":"NAGALAND","district":"WOKHA","block":"WOKHA","indicator":"girls_toilet_nonfunctional"}},{"type":"Feature","geometry":{"type":"Point","coordinates":[94.26497,26.09231]},"properties":{"udise":"13050107903","name":"GOVERNMENT MIDDLE SCHOOL WOKHA TOWN 'D'","state":"NAGALAND","district":"WOKHA","block":"WOKHA","indicator":"girls_toilet_nonfunctional"}},{"type":"Feature","geometry":{"type":"Point","coordinates":[94.2651,26.06166]},"properties":{"udise":"13050103301","name":"GOVERNMENT PRIMARY SCHOOL NIRIYO","state":"NAGALAND","district":"WOKHA","block":"WOKHA","indicator":"girls_toilet_nonfunctional"}},{"type":"Feature","geometry":{"type":"Point","coordinates":[94.28688,26.06952]},"properties":{"udise":"13050103101","name":"GOVERNMENT PRIMARY SCHOOL YANTHAMO","state":"NAGALAND","district":"WOKHA","block":"WOKHA","indicator":"girls_toilet_nonfunctional"}},{"type":"Feature","geometry":{"type":"Point","coordinates":[94.3423,26.28483]},"properties":{"udise":"13050200501","name":"GOVERNMENT MIDDLE SCHOOL OKOTSO","state":"NAGALAND","district":"WOKHA","block":"SANIS","indicator":"girls_toilet_nonfunctional"}},{"type":"Feature","geometry":{"type":"Point","coordinates":[94.18917,26.24278]},"properties":{"udise":"13050304101","name":"GOVERNMENT HIGH  SCHOOL BAGHTY","state":"NAGALAND","district":"WOKHA","block":"BHANDARI","indicator":"girls_toilet_nonfunctional"}},{"type":"Feature","geometry":{"type":"Point","coordinates":[94.3968,25.98909]},"properties":{"udise":"13040502001","name":"GOVERNMENT HIGH SCHOOL SAPTIQA","state":"NAGALAND","district":"ZUNHEBOTO","block":"SATAKHA","indicator":"no_girls_toilet"}},{"type":"Feature","geometry":{"type":"Point","coordinates":[94.46586,25.89408]},"properties":{"udise":"13040503803","name":"GOVERNMENT HIGH SCHOOL XUIVI","state":"NAGALAND","district":"ZUNHEBOTO","block":"SATAKHA","indicator":"no_girls_toilet"}},{"type":"Feature","geometry":{"type":"Point","coordinates":[94.54236,26.0782]},"properties":{"udise":"13040100103","name":"GOVERNMENT PRIMARY SCHOOL  ASUKHO  'A'","state":"NAGALAND","district":"ZUNHEBOTO","block":"ZUNHEBOTO","indicator":"no_girls_toilet"}},{"type":"Feature","geometry":{"type":"Point","coordinates":[94.68,26.10444]},"properties":{"udise":"13040402701","name":"GOVERNMENT PRIMARY SCHOOL TAZUHU","state":"NAGALAND","district":"ZUNHEBOTO","block":"AGHUNATO","indicator":"no_girls_toilet"}},{"type":"Feature","geometry":{"type":"Point","coordinates":[94.51958,26.14991]},"properties":{"udise":"13040200401","name":"GOVERNMENT MIDDLE  SCHOOL  AIZUTO","state":"NAGALAND","district":"ZUNHEBOTO","block":"AKULUTO","indicator":"no_girls_toilet"}},{"type":"Feature","geometry":{"type":"Point","coordinates":[94.49637,25.90354]},"properties":{"udise":"13040500401","name":"GOVERNMENT PRIMARY SCHOOL GHUKHUYI","state":"NAGALAND","district":"ZUNHEBOTO","block":"SATAKHA","indicator":"no_girls_toilet"}},{"type":"Feature","geometry":{"type":"Point","coordinates":[94.40462,26.07333]},"properties":{"udise":"13040203801","name":"GOVERNMENT MIDDLE  SCHOOL PHILIMI","state":"NAGALAND","district":"ZUNHEBOTO","block":"AKULUTO","indicator":"no_girls_toilet"}},{"type":"Feature","geometry":{"type":"Point","coordinates":[94.41622,26.18716]},"properties":{"udise":"13040203301","name":"GOVERNMENT MIDDLE  SCHOOL SASTAMI","state":"NAGALAND","district":"ZUNHEBOTO","block":"AKULUTO","indicator":"no_girls_toilet"}},{"type":"Feature","geometry":{"type":"Point","coordinates":[94.49306,26.09194]},"properties":{"udise":"13040200901","name":"GOVERNMENT MIDDLE  SCHOOL ASUKHUTO TOWN","state":"NAGALAND","district":"ZUNHEBOTO","block":"AKULUTO","indicator":"no_girls_toilet"}},{"type":"Feature","geometry":{"type":"Point","coordinates":[94.47104,25.99585]},"properties":{"udise":"13040503601","name":"GOVERNMENT PRIMARY SCHOOL XUKHEPU","state":"NAGALAND","district":"ZUNHEBOTO","block":"SATAKHA","indicator":"no_girls_toilet"}},{"type":"Feature","geometry":{"type":"Point","coordinates":[94.44152,25.92465]},"properties":{"udise":"13040502201","name":"GOVERNMENT PRIMARY SCHOOL SATAKHA NEW COLONY","state":"NAGALAND","district":"ZUNHEBOTO","block":"SATAKHA","indicator":"no_girls_toilet"}},{"type":"Feature","geometry":{"type":"Point","coordinates":[94.52058,26.10922]},"properties":{"udise":"13040203503","name":"GOVERNMENT HIGH SCHOOL  ATOIZU","state":"NAGALAND","district":"ZUNHEBOTO","block":"AKULUTO","indicator":"no_girls_toilet"}},{"type":"Feature","geometry":{"type":"Point","coordinates":[94.41638,26.18119]},"properties":{"udise":"13040204501","name":"GOVERNMENT PRIMARY   SCHOOL AJIQA","state":"NAGALAND","district":"ZUNHEBOTO","block":"AKULUTO","indicator":"no_girls_toilet"}},{"type":"Feature","geometry":{"type":"Point","coordinates":[94.53433,26.02984]},"properties":{"udise":"13040105901","name":"GOVERNMENT MIDDLE SCHOOL  NORTH POINT","state":"NAGALAND","district":"ZUNHEBOTO","block":"ZUNHEBOTO","indicator":"no_girls_toilet"}},{"type":"Feature","geometry":{"type":"Point","coordinates":[94.68312,26.17263]},"properties":{"udise":"13040401302","name":"GOVERNMENT PRIMARY SCHOOL KHUMISHE Y","state":"NAGALAND","district":"ZUNHEBOTO","block":"AGHUNATO","indicator":"no_girls_toilet"}},{"type":"Feature","geometry":{"type":"Point","coordinates":[94.68802,26.09772]},"properties":{"udise":"13040404301","name":"GOVERNMENT PRIMARY SCHOOL KITAHU","state":"NAGALAND","district":"ZUNHEBOTO","block":"AGHUNATO","indicator":"no_girls_toilet"}},{"type":"Feature","geometry":{"type":"Point","coordinates":[94.63646,26.0192]},"properties":{"udise":"13040404201","name":"GOVERNMENT PRIMARY SCHOOL LUKIKHE","state":"NAGALAND","district":"ZUNHEBOTO","block":"AGHUNATO","indicator":"no_girls_toilet"}},{"type":"Feature","geometry":{"type":"Point","coordinates":[94.45081,26.07816]},"properties":{"udise":"13040200801","name":"GOVERNMENT HIGH SCHOOL  AKUHAITO TOWN","state":"NAGALAND","district":"ZUNHEBOTO","block":"AKULUTO","indicator":"no_girls_toilet"}},{"type":"Feature","geometry":{"type":"Point","coordinates":[94.66762,26.17503]},"properties":{"udise":"13040401301","name":"GOVERNMENT PRIMARY SCHOOL KHUMISHE S","state":"NAGALAND","district":"ZUNHEBOTO","block":"AGHUNATO","indicator":"no_girls_toilet"}},{"type":"Feature","geometry":{"type":"Point","coordinates":[94.52383,26.03226]},"properties":{"udise":"13040102901","name":"GOVERNMENT MIDDLE SCHOOL   NITO MOUNT","state":"NAGALAND","district":"ZUNHEBOTO","block":"ZUNHEBOTO","indicator":"no_girls_toilet"}},{"type":"Feature","geometry":{"type":"Point","coordinates":[94.41719,26.16947]},"properties":{"udise":"13040201701","name":"GOVERNMENT PRIMARY   SCHOOL  MAROMI","state":"NAGALAND","district":"ZUNHEBOTO","block":"AKULUTO","indicator":"no_girls_toilet"}},{"type":"Feature","geometry":{"type":"Point","coordinates":[94.522,26.03692]},"properties":{"udise":"13040102601","name":"GOVERNMENT PRIMARY SCHOOL  LIZU NAGHUTO","state":"NAGALAND","district":"ZUNHEBOTO","block":"ZUNHEBOTO","indicator":"no_girls_toilet"}},{"type":"Feature","geometry":{"type":"Point","coordinates":[94.57535,25.86873]},"properties":{"udise":"13040500701","name":"GOVERNMENT PRIMARY SCHOOL IKIYE","state":"NAGALAND","district":"ZUNHEBOTO","block":"SATAKHA","indicator":"no_girls_toilet"}},{"type":"Feature","geometry":{"type":"Point","coordinates":[94.63186,26.07998]},"properties":{"udise":"13040402401","name":"GOVERNMENT PRIMARY SCHOOL NIZHEVI","state":"NAGALAND","district":"ZUNHEBOTO","block":"AGHUNATO","indicator":"no_girls_toilet"}},{"type":"Feature","geometry":{"type":"Point","coordinates":[94.52191,26.00737]},"properties":{"udise":"13040105301","name":"GOVERNMENT PRIMARY SCHOOL  SOUTH POINT WEST","state":"NAGALAND","district":"ZUNHEBOTO","block":"ZUNHEBOTO","indicator":"no_girls_toilet"}},{"type":"Feature","geometry":{"type":"Point","coordinates":[94.38172,25.96994]},"properties":{"udise":"13040503501","name":"GOVERNMENT MIDDLE SCHOOL USUTOMI","state":"NAGALAND","district":"ZUNHEBOTO","block":"SATAKHA","indicator":"no_girls_toilet"}},{"type":"Feature","geometry":{"type":"Point","coordinates":[94.58818,26.14535]},"properties":{"udise":"13040103901","name":"GOVERNMENT HIGH SCHOOL  SURUHUTO","state":"NAGALAND","district":"ZUNHEBOTO","block":"ZUNHEBOTO","indicator":"no_girls_toilet"}},{"type":"Feature","geometry":{"type":"Point","coordinates":[94.50858,26.10188]},"properties":{"udise":"13040201602","name":"GOVERNMENT MIDDLE  SCHOOL T/VALLEY","state":"NAGALAND","district":"ZUNHEBOTO","block":"AKULUTO","indicator":"no_girls_toilet"}},{"type":"Feature","geometry":{"type":"Point","coordinates":[94.4975,26.09722]},"properties":{"udise":"13040200501","name":"GOVERNMENT PRIMARY   SCHOOL  ASUKHUTO VILLAGE","state":"NAGALAND","district":"ZUNHEBOTO","block":"AKULUTO","indicator":"girls_toilet_nonfunctional"}},{"type":"Feature","geometry":{"type":"Point","coordinates":[94.49876,26.16393]},"properties":{"udise":"13040202201","name":"GOVERNMENT PRIMARY   SCHOOL  SHICHIMI","state":"NAGALAND","district":"ZUNHEBOTO","block":"AKULUTO","indicator":"girls_toilet_nonfunctional"}},{"type":"Feature","geometry":{"type":"Point","coordinates":[94.63767,26.11402]},"properties":{"udise":"13040402903","name":"GOVERNMENT MIDDLE SCHOOL TOKIYE","state":"NAGALAND","district":"ZUNHEBOTO","block":"AGHUNATO","indicator":"girls_toilet_nonfunctional"}},{"type":"Feature","geometry":{"type":"Point","coordinates":[94.53544,25.87498]},"properties":{"udise":"13040404001","name":"GOVERNMENT PRIMARY SCHOOL NIHOSHE S","state":"NAGALAND","district":"ZUNHEBOTO","block":"AGHUNATO","indicator":"girls_toilet_nonfunctional"}},{"type":"Feature","geometry":{"type":"Point","coordinates":[94.57275,26.08942]},"properties":{"udise":"13040104805","name":"GOVERNMENT MIDDLE SCHOOL   NALTOQA","state":"NAGALAND","district":"ZUNHEBOTO","block":"ZUNHEBOTO","indicator":"girls_toilet_nonfunctional"}},{"type":"Feature","geometry":{"type":"Point","coordinates":[94.46658,26.13466]},"properties":{"udise":"13040204101","name":"GOVERNMENT PRIMARY   SCHOOL  LOTISAMI NEW","state":"NAGALAND","district":"ZUNHEBOTO","block":"AKULUTO","indicator":"girls_toilet_nonfunctional"}},{"type":"Feature","geometry":{"type":"Point","coordinates":[94.26667,25.88722]},"properties":{"udise":"13040601008","name":"GOVERNMENT PRIMARY   SCHOOL HEBOLUQA","state":"NAGALAND","district":"ZUNHEBOTO","block":"PUGHOBOTO","indicator":"girls_toilet_nonfunctional"}},{"type":"Feature","geometry":{"type":"Point","coordinates":[94.50452,25.93094]},"properties":{"udise":"13040501301","name":"GOVERNMENT MIDDLE SCHOOL KIYEKHU","state":"NAGALAND","district":"ZUNHEBOTO","block":"SATAKHA","indicator":"girls_toilet_nonfunctional"}},{"type":"Feature","geometry":{"type":"Point","coordinates":[94.50682,26.00569]},"properties":{"udise":"13040102001","name":"GOVERNMENT PRIMARY SCHOOL  NATHA NEW","state":"NAGALAND","district":"ZUNHEBOTO","block":"ZUNHEBOTO","indicator":"girls_toilet_nonfunctional"}},{"type":"Feature","geometry":{"type":"Point","coordinates":[94.43684,25.9232]},"properties":{"udise":"13040502301","name":"GOVERNMENT MIDDLE SCHOOL SATAKHA OLD TOWN","state":"NAGALAND","district":"ZUNHEBOTO","block":"SATAKHA","indicator":"girls_toilet_nonfunctional"}},{"type":"Feature","geometry":{"type":"Point","coordinates":[94.52528,25.99378]},"properties":{"udise":"13040101801","name":"GOVERNMENT PRIMARY SCHOOL  SHEYIPU","state":"NAGALAND","district":"ZUNHEBOTO","block":"ZUNHEBOTO","indicator":"girls_toilet_nonfunctional"}},{"type":"Feature","geometry":{"type":"Point","coordinates":[94.58411,26.18645]},"properties":{"udise":"13040103802","name":"GOVERNMENT MIDDLE SCHOOL  TICHIPA","state":"NAGALAND","district":"ZUNHEBOTO","block":"ZUNHEBOTO","indicator":"girls_toilet_nonfunctional"}},{"type":"Feature","geometry":{"type":"Point","coordinates":[94.61442,25.95351]},"properties":{"udise":"13040400201","name":"GOVERNMENT MIDDLE SCHOOL AGHIYILIMI","state":"NAGALAND","district":"ZUNHEBOTO","block":"AGHUNATO","indicator":"girls_toilet_nonfunctional"}},{"type":"Feature","geometry":{"type":"Point","coordinates":[94.64288,25.80061]},"properties":{"udise":"13040503101","name":"GOVERNMENT MIDDLE SCHOOL THAKIYE","state":"NAGALAND","district":"ZUNHEBOTO","block":"SATAKHA","indicator":"girls_toilet_nonfunctional"}},{"type":"Feature","geometry":{"type":"Point","coordinates":[94.48489,26.19144]},"properties":{"udise":"13040200201","name":"GOVERNMENT PRIMARY   SCHOOL ALAPHUMI","state":"NAGALAND","district":"ZUNHEBOTO","block":"AKULUTO","indicator":"girls_toilet_nonfunctional"}},{"type":"Feature","geometry":{"type":"Point","coordinates":[94.55965,25.91318]},"properties":{"udise":"13040401101","name":"GOVERNMENT MIDDLE SCHOOL KHEWOTO","state":"NAGALAND","district":"ZUNHEBOTO","block":"AGHUNATO","indicator":"girls_toilet_nonfunctional"}},{"type":"Feature","geometry":{"type":"Point","coordinates":[94.66211,26.17347]},"properties":{"udise":"13040401702","name":"GOVERNMENT MIDDLE SCHOOL ATOKIJI","state":"NAGALAND","district":"ZUNHEBOTO","block":"AGHUNATO","indicator":"girls_toilet_nonfunctional"}},{"type":"Feature","geometry":{"type":"Point","coordinates":[94.53005,26.02021]},"properties":{"udise":"13040105701","name":"GOVERNMENT MIDDLE SCHOOL   OLD TOWN ZBTO","state":"NAGALAND","district":"ZUNHEBOTO","block":"ZUNHEBOTO","indicator":"girls_toilet_nonfunctional"}},{"type":"Feature","geometry":{"type":"Point","coordinates":[94.41226,26.00959]},"properties":{"udise":"13040501701","name":"GOVERNMENT PRIMARY SCHOOL NEW SHENA","state":"NAGALAND","district":"ZUNHEBOTO","block":"SATAKHA","indicator":"girls_toilet_nonfunctional"}},{"type":"Feature","geometry":{"type":"Point","coordinates":[94.38787,25.97648]},"properties":{"udise":"13040503503","name":"GOVERNMENT PRIMARY SCHOOL ZHEVISHE","state":"NAGALAND","district":"ZUNHEBOTO","block":"SATAKHA","indicator":"girls_toilet_nonfunctional"}},{"type":"Feature","geometry":{"type":"Point","coordinates":[94.42308,25.8748]},"properties":{"udise":"13040202003","name":"GOVERNMENT PRIMARY   SCHOOL  KHUNGBO","state":"NAGALAND","district":"ZUNHEBOTO","block":"AKULUTO","indicator":"girls_toilet_nonfunctional"}},{"type":"Feature","geometry":{"type":"Point","coordinates":[94.24639,25.85444]},"properties":{"udise":"13040601301","name":"GOVERNMENT PRIMARY   SCHOOL LAZA IYINU","state":"NAGALAND","district":"ZUNHEBOTO","block":"PUGHOBOTO","indicator":"girls_toilet_nonfunctional"}},{"type":"Feature","geometry":{"type":"Point","coordinates":[94.45278,25.85648]},"properties":{"udise":"13040602101","name":"GOVERNMENT PRIMARY   SCHOOL LAZAMI IZUQA","state":"NAGALAND","district":"ZUNHEBOTO","block":"PUGHOBOTO","indicator":"girls_toilet_nonfunctional"}},{"type":"Feature","geometry":{"type":"Point","coordinates":[94.5439,25.81943]},"properties":{"udise":"13040504101","name":"GOVERNMENT PRIMARY SCHOOL KHESHITO","state":"NAGALAND","district":"ZUNHEBOTO","block":"SATAKHA","indicator":"girls_toilet_nonfunctional"}},{"type":"Feature","geometry":{"type":"Point","coordinates":[94.40656,25.96086]},"properties":{"udise":"13040501901","name":"GOVERNMENT MIDDLE SCHOOL NUNUMI","state":"NAGALAND","district":"ZUNHEBOTO","block":"SATAKHA","indicator":"girls_toilet_nonfunctional"}},{"type":"Feature","geometry":{"type":"Point","coordinates":[94.44221,25.92637]},"properties":{"udise":"13040502101","name":"GOVERNMENT HIGHER SECONDARY SCHOOL SATAKHA","state":"NAGALAND","district":"ZUNHEBOTO","block":"SATAKHA","indicator":"girls_toilet_nonfunctional"}},{"type":"Feature","geometry":{"type":"Point","coordinates":[94.39424,25.94372]},"properties":{"udise":"13040503401","name":"GOVERNMENT PRIMARY SCHOOL TUKUNASA","state":"NAGALAND","district":"ZUNHEBOTO","block":"SATAKHA","indicator":"girls_toilet_nonfunctional"}},{"type":"Feature","geometry":{"type":"Point","coordinates":[94.54622,26.17977]},"properties":{"udise":"13040104401","name":"GOVERNMENT PRIMARY SCHOOL  ZHEKUTO","state":"NAGALAND","district":"ZUNHEBOTO","block":"ZUNHEBOTO","indicator":"girls_toilet_nonfunctional"}},{"type":"Feature","geometry":{"type":"Point","coordinates":[94.58351,26.11469]},"properties":{"udise":"13040104501","name":"GOVERNMENT MIDDLE SCHOOL   A/SAGHE","state":"NAGALAND","district":"ZUNHEBOTO","block":"ZUNHEBOTO","indicator":"girls_toilet_nonfunctional"}},{"type":"Feature","geometry":{"type":"Point","coordinates":[94.45536,25.94067]},"properties":{"udise":"13040502401","name":"GOVERNMENT MIDDLE SCHOOL SATAKHA VILLAGE","state":"NAGALAND","district":"ZUNHEBOTO","block":"SATAKHA","indicator":"girls_toilet_nonfunctional"}},{"type":"Feature","geometry":{"type":"Point","coordinates":[94.50615,26.05268]},"properties":{"udise":"13040100801","name":"GOVERNMENT PRIMARY SCHOOL  LIZU AVIKATO","state":"NAGALAND","district":"ZUNHEBOTO","block":"ZUNHEBOTO","indicator":"girls_toilet_nonfunctional"}},{"type":"Feature","geometry":{"type":"Point","coordinates":[94.60412,25.97531]},"properties":{"udise":"13040403101","name":"GOVERNMENT MIDDLE SCHOOL VIYILHO","state":"NAGALAND","district":"ZUNHEBOTO","block":"AGHUNATO","indicator":"girls_toilet_nonfunctional"}},{"type":"Feature","geometry":{"type":"Point","coordinates":[94.53124,26.02025]},"properties":{"udise":"13040105704","name":"GOVERNMENT HIGHER SECONDARY  SCHOOL  ZUNHEBOTO","state":"NAGALAND","district":"ZUNHEBOTO","block":"ZUNHEBOTO","indicator":"girls_toilet_nonfunctional"}},{"type":"Feature","geometry":{"type":"Point","coordinates":[94.4274,25.96254]},"properties":{"udise":"13040502801","name":"GOVERNMENT MIDDLE SCHOOL SHOIPU","state":"NAGALAND","district":"ZUNHEBOTO","block":"SATAKHA","indicator":"girls_toilet_nonfunctional"}},{"type":"Feature","geometry":{"type":"Point","coordinates":[94.51093,25.97601]},"properties":{"udise":"13040102201","name":"GOVERNMENT MIDDLE SCHOOL   SUKHALU","state":"NAGALAND","district":"ZUNHEBOTO","block":"ZUNHEBOTO","indicator":"girls_toilet_nonfunctional"}},{"type":"Feature","geometry":{"type":"Point","coordinates":[94.47704,26.25766]},"properties":{"udise":"13040202401","name":"GOVERNMENT MIDDLE  SCHOOL SUMI-SETTSU","state":"NAGALAND","district":"ZUNHEBOTO","block":"AKULUTO","indicator":"girls_toilet_nonfunctional"}},{"type":"Feature","geometry":{"type":"Point","coordinates":[94.51441,26.00386]},"properties":{"udise":"13040102101","name":"GOVERNMENT MIDDLE SCHOOL   NATHA OLD","state":"NAGALAND","district":"ZUNHEBOTO","block":"ZUNHEBOTO","indicator":"girls_toilet_nonfunctional"}},{"type":"Feature","geometry":{"type":"Point","coordinates":[94.59083,26.11806]},"properties":{"udise":"13040104503","name":"GOVERNMENT PRIMARY SCHOOL   A/SAGHE M","state":"NAGALAND","district":"ZUNHEBOTO","block":"ZUNHEBOTO","indicator":"girls_toilet_nonfunctional"}},{"type":"Feature","geometry":{"type":"Point","coordinates":[94.55639,25.90194]},"properties":{"udise":"13040403802","name":"GOVERNMENT MIDDLE SCHOOL HOSHEPU","state":"NAGALAND","district":"ZUNHEBOTO","block":"AGHUNATO","indicator":"girls_toilet_nonfunctional"}},{"type":"Feature","geometry":{"type":"Point","coordinates":[94.52225,26.02672]},"properties":{"udise":"13040105503","name":"GOVERNMENT MIDDLE SCHOOL   NEW COLONY","state":"NAGALAND","district":"ZUNHEBOTO","block":"ZUNHEBOTO","indicator":"girls_toilet_nonfunctional"}},{"type":"Feature","geometry":{"type":"Point","coordinates":[94.57294,25.83183]},"properties":{"udise":"13040502601","name":"GOVERNMENT HIGH SCHOOL SATOI TOWN","state":"NAGALAND","district":"ZUNHEBOTO","block":"SATAKHA","indicator":"girls_toilet_nonfunctional"}},{"type":"Feature","geometry":{"type":"Point","coordinates":[94.6397,25.99654]},"properties":{"udise":"13040404401","name":"GOVERNMENT PRIMARY SCHOOL TSUKOMI NEW","state":"NAGALAND","district":"ZUNHEBOTO","block":"AGHUNATO","indicator":"girls_toilet_nonfunctional"}},{"type":"Feature","geometry":{"type":"Point","coordinates":[94.51631,26.00238]},"properties":{"udise":"13040105201","name":"GOVERNMENT MIDDLE SCHOOL   AMPHOTO","state":"NAGALAND","district":"ZUNHEBOTO","block":"ZUNHEBOTO","indicator":"girls_toilet_nonfunctional"}},{"type":"Feature","geometry":{"type":"Point","coordinates":[94.5338,26.01684]},"properties":{"udise":"13040105601","name":"GOVERNMENT MIDDLE SCHOOL   ALAHUTO","state":"NAGALAND","district":"ZUNHEBOTO","block":"ZUNHEBOTO","indicator":"girls_toilet_nonfunctional"}},{"type":"Feature","geometry":{"type":"Point","coordinates":[94.54906,26.122]},"properties":{"udise":"13040103601","name":"GOVERNMENT PRIMARY SCHOOL  PHUYE OLD","state":"NAGALAND","district":"ZUNHEBOTO","block":"ZUNHEBOTO","indicator":"girls_toilet_nonfunctional"}},{"type":"Feature","geometry":{"type":"Point","coordinates":[94.50214,25.87766]},"properties":{"udise":"13040503701","name":"GOVERNMENT PRIMARY SCHOOL VISHEPU","state":"NAGALAND","district":"ZUNHEBOTO","block":"SATAKHA","indicator":"girls_toilet_nonfunctional"}},{"type":"Feature","geometry":{"type":"Point","coordinates":[94.55917,26.15306]},"properties":{"udise":"13040104104","name":"GOVERNMENT PRIMARY SCHOOL  SURUMI SOUTH","state":"NAGALAND","district":"ZUNHEBOTO","block":"ZUNHEBOTO","indicator":"girls_toilet_nonfunctional"}},{"type":"Feature","geometry":{"type":"Point","coordinates":[94.49352,26.18409]},"properties":{"udise":"13040201101","name":"GOVERNMENT MIDDLE  SCHOOL LUMITHSAMI","state":"NAGALAND","district":"ZUNHEBOTO","block":"AKULUTO","indicator":"girls_toilet_nonfunctional"}},{"type":"Feature","geometry":{"type":"Point","coordinates":[94.60889,25.99779]},"properties":{"udise":"13040402101","name":"GOVERNMENT PRIMARY SCHOOL LUVISHE OLD","state":"NAGALAND","district":"ZUNHEBOTO","block":"AGHUNATO","indicator":"girls_toilet_nonfunctional"}},{"type":"Feature","geometry":{"type":"Point","coordinates":[94.61919,26.05172]},"properties":{"udise":"13040402501","name":"GOVERNMENT MIDDLE SCHOOL PHULESHETO","state":"NAGALAND","district":"ZUNHEBOTO","block":"AGHUNATO","indicator":"girls_toilet_nonfunctional"}},{"type":"Feature","geometry":{"type":"Point","coordinates":[94.42911,26.0745]},"properties":{"udise":"13040204002","name":"GOVERNMENT MIDDLE  SCHOOL ROTOMI","state":"NAGALAND","district":"ZUNHEBOTO","block":"AKULUTO","indicator":"girls_toilet_nonfunctional"}},{"type":"Feature","geometry":{"type":"Point","coordinates":[94.47757,26.20816]},"properties":{"udise":"13040201501","name":"GOVERNMENT MIDDLE  SCHOOL  LUMAMI","state":"NAGALAND","district":"ZUNHEBOTO","block":"AKULUTO","indicator":"girls_toilet_nonfunctional"}},{"type":"Feature","geometry":{"type":"Point","coordinates":[94.47231,26.23186]},"properties":{"udise":"13040203001","name":"GOVERNMENT PRIMARY SCHOOL ZAPHUMI","state":"NAGALAND","district":"ZUNHEBOTO","block":"AKULUTO","indicator":"girls_toilet_nonfunctional"}},{"type":"Feature","geometry":{"type":"Point","coordinates":[94.50925,26.10256]},"properties":{"udise":"13040202601","name":"GOVERNMENT MIDDLE  SCHOOL VEKUHO NEW","state":"NAGALAND","district":"ZUNHEBOTO","block":"AKULUTO","indicator":"girls_toilet_nonfunctional"}},{"type":"Feature","geometry":{"type":"Point","coordinates":[94.27278,25.89306]},"properties":{"udise":"13040601005","name":"GOVERNMENT  HIGHER SECONDARY  SCHOOL PUGHOBOTO","state":"NAGALAND","district":"ZUNHEBOTO","block":"PUGHOBOTO","indicator":"girls_toilet_nonfunctional"}},{"type":"Feature","geometry":{"type":"Point","coordinates":[94.55469,26.06969]},"properties":{"udise":"13040100301","name":"GOVERNMENT PRIMARY SCHOOL  LOCHOMI","state":"NAGALAND","district":"ZUNHEBOTO","block":"ZUNHEBOTO","indicator":"girls_toilet_nonfunctional"}},{"type":"Feature","geometry":{"type":"Point","coordinates":[94.5042,25.84665]},"properties":{"udise":"13040501203","name":"GOVERNMENT HIGH SCHOOL  XAMUNUBOTO","state":"NAGALAND","district":"ZUNHEBOTO","block":"SATAKHA","indicator":"girls_toilet_nonfunctional"}},{"type":"Feature","geometry":{"type":"Point","coordinates":[94.41378,26.1551]},"properties":{"udise":"13040202101","name":"GOVERNMENT MIDDLE  SCHOOL PHISHUMI","state":"NAGALAND","district":"ZUNHEBOTO","block":"AKULUTO","indicator":"girls_toilet_nonfunctional"}},{"type":"Feature","geometry":{"type":"Point","coordinates":[94.63934,26.11582]},"properties":{"udise":"13040400602","name":"GOVERNMENT HIGH SCHOOL ASUTO","state":"NAGALAND","district":"ZUNHEBOTO","block":"AGHUNATO","indicator":"girls_toilet_nonfunctional"}},{"type":"Feature","geometry":{"type":"Point","coordinates":[94.49339,26.13399]},"properties":{"udise":"13040201901","name":"GOVERNMENT PRIMARY   SCHOOL  NAGHUTO NEW","state":"NAGALAND","district":"ZUNHEBOTO","block":"AKULUTO","indicator":"girls_toilet_nonfunctional"}},{"type":"Feature","geometry":{"type":"Point","coordinates":[94.42428,26.07512]},"properties":{"udise":"13040204003","name":"GOVERNMENT PRIMARY   SCHOOL  ROTTO NEW","state":"NAGALAND","district":"ZUNHEBOTO","block":"AKULUTO","indicator":"girls_toilet_nonfunctional"}},{"type":"Feature","geometry":{"type":"Point","coordinates":[94.61209,26.11111]},"properties":{"udise":"13040104601","name":"GOVERNMENT PRIMARY SCHOOL  VEDAMI","state":"NAGALAND","district":"ZUNHEBOTO","block":"ZUNHEBOTO","indicator":"girls_toilet_nonfunctional"}},{"type":"Feature","geometry":{"type":"Point","coordinates":[94.47814,26.06591]},"properties":{"udise":"13040201201","name":"GOVERNMENT PRIMARY   SCHOOL  LITSAMI","state":"NAGALAND","district":"ZUNHEBOTO","block":"AKULUTO","indicator":"girls_toilet_nonfunctional"}},{"type":"Feature","geometry":{"type":"Point","coordinates":[94.45736,25.94519]},"properties":{"udise":"13040501601","name":"GOVERNMENT PRIMARY SCHOOL SATAKHA OLD","state":"NAGALAND","district":"ZUNHEBOTO","block":"SATAKHA","indicator":"girls_toilet_nonfunctional"}},{"type":"Feature","geometry":{"type":"Point","coordinates":[94.35917,25.94194]},"properties":{"udise":"13040602401","name":"GOVERNMENT MIDDLE   SCHOOL KICHILIMI","state":"NAGALAND","district":"ZUNHEBOTO","block":"PUGHOBOTO","indicator":"girls_toilet_nonfunctional"}},{"type":"Feature","geometry":{"type":"Point","coordinates":[94.53784,26.03552]},"properties":{"udise":"13040105801","name":"GOVERNMENT PRIMARY SCHOOL  KHUWOBOTO","state":"NAGALAND","district":"ZUNHEBOTO","block":"ZUNHEBOTO","indicator":"girls_toilet_nonfunctional"}},{"type":"Feature","geometry":{"type":"Point","coordinates":[94.63062,26.05841]},"properties":{"udise":"13040402201","name":"GOVERNMENT PRIMARY SCHOOL MELAHU","state":"NAGALAND","district":"ZUNHEBOTO","block":"AGHUNATO","indicator":"girls_toilet_nonfunctional"}},{"type":"Feature","geometry":{"type":"Point","coordinates":[94.65678,26.02076]},"properties":{"udise":"13040403501","name":"GOVERNMENT PRIMARY SCHOOL  ZHEISHE","state":"NAGALAND","district":"ZUNHEBOTO","block":"AGHUNATO","indicator":"girls_toilet_nonfunctional"}},{"type":"Feature","geometry":{"type":"Point","coordinates":[94.2975,25.98056]},"properties":{"udise":"13040602001","name":"GOVERNMENT MIDDLE   SCHOOL TSAPHIMI","state":"NAGALAND","district":"ZUNHEBOTO","block":"PUGHOBOTO","indicator":"girls_toilet_nonfunctional"}},{"type":"Feature","geometry":{"type":"Point","coordinates":[94.53094,26.0272]},"properties":{"udise":"13040401601","name":"GOVERNMENT MIDDLE SCHOOL L/SHEVISHE","state":"NAGALAND","district":"ZUNHEBOTO","block":"AGHUNATO","indicator":"girls_toilet_nonfunctional"}},{"type":"Feature","geometry":{"type":"Point","coordinates":[94.33083,25.85167]},"properties":{"udise":"13040601704","name":"GOVERNMENT HIGH   SCHOOL GHATHASHI","state":"NAGALAND","district":"ZUNHEBOTO","block":"PUGHOBOTO","indicator":"girls_toilet_nonfunctional"}},{"type":"Feature","geometry":{"type":"Point","coordinates":[94.42693,25.92038]},"properties":{"udise":"13040501501","name":"GOVERNMENT PRIMARY SCHOOL LUKHAI","state":"NAGALAND","district":"ZUNHEBOTO","block":"SATAKHA","indicator":"girls_toilet_nonfunctional"}},{"type":"Feature","geometry":{"type":"Point","coordinates":[94.64229,26.12572]},"properties":{"udise":"13040404101","name":"GOVERNMENT PRIMARY SCHOOL  YEVISHE","state":"NAGALAND","district":"ZUNHEBOTO","block":"AGHUNATO","indicator":"girls_toilet_nonfunctional"}},{"type":"Feature","geometry":{"type":"Point","coordinates":[94.31389,25.76139]},"properties":{"udise":"13040602602","name":"GOVERNMENT HIGH   SCHOOL IGHANUMI","state":"NAGALAND","district":"ZUNHEBOTO","block":"PUGHOBOTO","indicator":"girls_toilet_nonfunctional"}},{"type":"Feature","geometry":{"type":"Point","coordinates":[94.58709,26.14673]},"properties":{"udise":"13040104001","name":"GOVERNMENT PRIMARY SCHOOL  SURUHUTO B","state":"NAGALAND","district":"ZUNHEBOTO","block":"ZUNHEBOTO","indicator":"girls_toilet_nonfunctional"}},{"type":"Feature","geometry":{"type":"Point","coordinates":[94.61533,25.8029]},"properties":{"udise":"13040503302","name":"GOVERNMENT MIDDLE SCHOOL TSUTOHO","state":"NAGALAND","district":"ZUNHEBOTO","block":"SATAKHA","indicator":"girls_toilet_nonfunctional"}},{"type":"Feature","geometry":{"type":"Point","coordinates":[94.48573,25.92864]},"properties":{"udise":"13040504001","name":"GOVERNMENT PRIMARY SCHOOL ZHEKIYE","state":"NAGALAND","district":"ZUNHEBOTO","block":"SATAKHA","indicator":"girls_toilet_nonfunctional"}},{"type":"Feature","geometry":{"type":"Point","coordinates":[94.53631,26.01685]},"properties":{"udise":"13040101901","name":"GOVERNMENT PRIMARY SCHOOL  SHOTOMI","state":"NAGALAND","district":"ZUNHEBOTO","block":"ZUNHEBOTO","indicator":"girls_toilet_nonfunctional"}},{"type":"Feature","geometry":{"type":"Point","coordinates":[94.41994,26.20466]},"properties":{"udise":"13040203601","name":"GOVERNMENT PRIMARY   SCHOOL IZHETO","state":"NAGALAND","district":"ZUNHEBOTO","block":"AKULUTO","indicator":"girls_toilet_nonfunctional"}},{"type":"Feature","geometry":{"type":"Point","coordinates":[94.6853,26.17312]},"properties":{"udise":"13040403701","name":"GOVERNMENT HIGH SCHOOL  TIZU ISLAND","state":"NAGALAND","district":"ZUNHEBOTO","block":"AGHUNATO","indicator":"girls_toilet_nonfunctional"}},{"type":"Feature","geometry":{"type":"Point","coordinates":[94.48476,25.86242]},"properties":{"udise":"13040503001","name":"GOVERNMENT PRIMARY SCHOOL SUKHAI","state":"NAGALAND","district":"ZUNHEBOTO","block":"SATAKHA","indicator":"girls_toilet_nonfunctional"}},{"type":"Feature","geometry":{"type":"Point","coordinates":[94.39667,25.88056]},"properties":{"udise":"13040600501","name":"GOVERNMENT MIDDLE   SCHOOL CHISHOLIMI","state":"NAGALAND","district":"ZUNHEBOTO","block":"PUGHOBOTO","indicator":"girls_toilet_nonfunctional"}},{"type":"Feature","geometry":{"type":"Point","coordinates":[94.4125,25.865]},"properties":{"udise":"13040603004","name":"GOVERNMENT HIGH   SCHOOL KILOMI","state":"NAGALAND","district":"ZUNHEBOTO","block":"PUGHOBOTO","indicator":"girls_toilet_nonfunctional"}},{"type":"Feature","geometry":{"type":"Point","coordinates":[94.59731,25.96768]},"properties":{"udise":"13040403201","name":"GOVERNMENT PRIMARY SCHOOL  VIYIXE","state":"NAGALAND","district":"ZUNHEBOTO","block":"AGHUNATO","indicator":"girls_toilet_nonfunctional"}},{"type":"Feature","geometry":{"type":"Point","coordinates":[94.57598,26.01668]},"properties":{"udise":"13040405501","name":"GOVERNMENT PRIMARY SCHOOL AQUBA NEW","state":"NAGALAND","district":"ZUNHEBOTO","block":"AGHUNATO","indicator":"girls_toilet_nonfunctional"}},{"type":"Feature","geometry":{"type":"Point","coordinates":[94.66538,26.17014]},"properties":{"udise":"13040404801","name":"GOVERNMENT PRIMARY SCHOOL AKHAKHU","state":"NAGALAND","district":"ZUNHEBOTO","block":"AGHUNATO","indicator":"girls_toilet_nonfunctional"}},{"type":"Feature","geometry":{"type":"Point","coordinates":[94.56645,25.82304]},"properties":{"udise":"13040503201","name":"GOVERNMENT PRIMARY SCHOOL TSURUHU","state":"NAGALAND","district":"ZUNHEBOTO","block":"SATAKHA","indicator":"girls_toilet_nonfunctional"}},{"type":"Feature","geometry":{"type":"Point","coordinates":[94.57447,26.15017]},"properties":{"udise":"13040104102","name":"GOVERNMENT MIDDLE SCHOOL   SURUMI","state":"NAGALAND","district":"ZUNHEBOTO","block":"ZUNHEBOTO","indicator":"girls_toilet_nonfunctional"}},{"type":"Feature","geometry":{"type":"Point","coordinates":[94.26417,25.88833]},"properties":{"udise":"13040601101","name":"GOVERNMENT PRIMARY   SCHOOL MISHILIMI YEPAQA","state":"NAGALAND","district":"ZUNHEBOTO","block":"PUGHOBOTO","indicator":"girls_toilet_nonfunctional"}},{"type":"Feature","geometry":{"type":"Point","coordinates":[94.57634,26.05962]},"properties":{"udise":"13040102401","name":"GOVERNMENT PRIMARY SCHOOL  YEZAMI","state":"NAGALAND","district":"ZUNHEBOTO","block":"ZUNHEBOTO","indicator":"girls_toilet_nonfunctional"}},{"type":"Feature","geometry":{"type":"Point","coordinates":[94.62222,25.9616]},"properties":{"udise":"13040403401","name":"GOVERNMENT PRIMARY SCHOOL  YEZASHI","state":"NAGALAND","district":"ZUNHEBOTO","block":"AGHUNATO","indicator":"girls_toilet_nonfunctional"}},{"type":"Feature","geometry":{"type":"Point","coordinates":[94.33745,25.90689]},"properties":{"udise":"13040602301","name":"GOVERNMENT PRIMARY   SCHOOL SHESULIMI","state":"NAGALAND","district":"ZUNHEBOTO","block":"PUGHOBOTO","indicator":"girls_toilet_nonfunctional"}},{"type":"Feature","geometry":{"type":"Point","coordinates":[94.59122,26.16365]},"properties":{"udise":"13040103301","name":"GOVERNMENT PRIMARY SCHOOL  KHOLEBOTO","state":"NAGALAND","district":"ZUNHEBOTO","block":"ZUNHEBOTO","indicator":"girls_toilet_nonfunctional"}},{"type":"Feature","geometry":{"type":"Point","coordinates":[94.58847,26.02887]},"properties":{"udise":"13040401801","name":"GOVERNMENT PRIMARY SCHOOL LUKHUYI","state":"NAGALAND","district":"ZUNHEBOTO","block":"AGHUNATO","indicator":"girls_toilet_nonfunctional"}},{"type":"Feature","geometry":{"type":"Point","coordinates":[94.5809,26.10976]},"properties":{"udise":"13040104701","name":"GOVERNMENT PRIMARY SCHOOL  A/SAGHE N","state":"NAGALAND","district":"ZUNHEBOTO","block":"ZUNHEBOTO","indicator":"girls_toilet_nonfunctional"}},{"type":"Feature","geometry":{"type":"Point","coordinates":[94.30472,25.97944]},"properties":{"udise":"13040602903","name":"GOVERNMENT HIGH   SCHOOL ASUKIQA","state":"NAGALAND","district":"ZUNHEBOTO","block":"PUGHOBOTO","indicator":"girls_toilet_nonfunctional"}},{"type":"Feature","geometry":{"type":"Point","coordinates":[94.48941,25.95247]},"properties":{"udise":"13040502901","name":"GOVERNMENT PRIMARY SCHOOL SHOIXE","state":"NAGALAND","district":"ZUNHEBOTO","block":"SATAKHA","indicator":"girls_toilet_nonfunctional"}},{"type":"Feature","geometry":{"type":"Point","coordinates":[94.56008,25.99514]},"properties":{"udise":"13040402801","name":"GOVERNMENT MIDDLE SCHOOL THOKIHI","state":"NAGALAND","district":"ZUNHEBOTO","block":"AGHUNATO","indicator":"girls_toilet_nonfunctional"}},{"type":"Feature","geometry":{"type":"Point","coordinates":[94.51654,26.01379]},"properties":{"udise":"13040105401","name":"GOVERNMENT MIDDLE SCHOOL   D.C.HILL","state":"NAGALAND","district":"ZUNHEBOTO","block":"ZUNHEBOTO","indicator":"girls_toilet_nonfunctional"}},{"type":"Feature","geometry":{"type":"Point","coordinates":[94.50737,26.09347]},"properties":{"udise":"13040202701","name":"GOVERNMENT PRIMARY   SCHOOL  VEKUHO OLD","state":"NAGALAND","district":"ZUNHEBOTO","block":"AKULUTO","indicator":"girls_toilet_nonfunctional"}},{"type":"Feature","geometry":{"type":"Point","coordinates":[94.4088,26.18314]},"properties":{"udise":"13040203901","name":"GOVERNMENT HIGH SCHOOL  VK TOWN","state":"NAGALAND","district":"ZUNHEBOTO","block":"AKULUTO","indicator":"girls_toilet_nonfunctional"}},{"type":"Feature","geometry":{"type":"Point","coordinates":[94.49238,25.93654]},"properties":{"udise":"13040500102","name":"GOVERNMENT MIDDLE SCHOOL AGHUYITO","state":"NAGALAND","district":"ZUNHEBOTO","block":"SATAKHA","indicator":"girls_toilet_nonfunctional"}},{"type":"Feature","geometry":{"type":"Point","coordinates":[94.46023,26.03832]},"properties":{"udise":"13040202301","name":"GOVERNMENT MIDDLE  SCHOOL SUKOMI","state":"NAGALAND","district":"ZUNHEBOTO","block":"AKULUTO","indicator":"girls_toilet_nonfunctional"}},{"type":"Feature","geometry":{"type":"Point","coordinates":[94.58782,26.14846]},"properties":{"udise":"13040103401","name":"GOVERNMENT MIDDLE SCHOOL  MEDICAL COLONY SURUHUTO","state":"NAGALAND","district":"ZUNHEBOTO","block":"ZUNHEBOTO","indicator":"girls_toilet_nonfunctional"}},{"type":"Feature","geometry":{"type":"Point","coordinates":[94.53836,26.01518]},"properties":{"udise":"13040104901","name":"GOVERNMENT MIDDLE SCHOOL  LAGHILATO","state":"NAGALAND","district":"ZUNHEBOTO","block":"ZUNHEBOTO","indicator":"girls_toilet_nonfunctional"}},{"type":"Feature","geometry":{"type":"Point","coordinates":[94.40215,26.11993]},"properties":{"udise":"13040201801","name":"GOVERNMENT PRIMARY   SCHOOL  MUKHAMI","state":"NAGALAND","district":"ZUNHEBOTO","block":"AKULUTO","indicator":"girls_toilet_nonfunctional"}},{"type":"Feature","geometry":{"type":"Point","coordinates":[94.48377,26.07175]},"properties":{"udise":"13040203702","name":"GOVERNMENT PRIMARY  SCHOOL EMLOTO","state":"NAGALAND","district":"ZUNHEBOTO","block":"AKULUTO","indicator":"girls_toilet_nonfunctional"}},{"type":"Feature","geometry":{"type":"Point","coordinates":[94.42995,25.92269]},"properties":{"udise":"13040500901","name":"GOVERNMENT MIDDLE SCHOOL KHUKIYE","state":"NAGALAND","district":"ZUNHEBOTO","block":"SATAKHA","indicator":"girls_toilet_nonfunctional"}},{"type":"Feature","geometry":{"type":"Point","coordinates":[94.62647,26.04007]},"properties":{"udise":"13040400901","name":"GOVERNMENT MIDDLE SCHOOL KELTOMI","state":"NAGALAND","district":"ZUNHEBOTO","block":"AGHUNATO","indicator":"girls_toilet_nonfunctional"}},{"type":"Feature","geometry":{"type":"Point","coordinates":[94.66179,26.17399]},"properties":{"udise":"13040405701","name":"GOVERNMENT PRIMARY SCHOOL ATUNAKUGHA","state":"NAGALAND","district":"ZUNHEBOTO","block":"AGHUNATO","indicator":"girls_toilet_nonfunctional"}},{"type":"Feature","geometry":{"type":"Point","coordinates":[94.58732,25.96242]},"properties":{"udise":"13040405001","name":"GOVERNMENT PRIMARY SCHOOL TOKIZHE VILLAGE","state":"NAGALAND","district":"ZUNHEBOTO","block":"AGHUNATO","indicator":"girls_toilet_nonfunctional"}},{"type":"Feature","geometry":{"type":"Point","coordinates":[94.602,26.04662]},"properties":{"udise":"13040401902","name":"GOVERNMENT MIDDLE SCHOOL LUTHSUMI","state":"NAGALAND","district":"ZUNHEBOTO","block":"AGHUNATO","indicator":"girls_toilet_nonfunctional"}},{"type":"Feature","geometry":{"type":"Point","coordinates":[94.29778,25.91694]},"properties":{"udise":"13040600901","name":"GOVERNMENT MIDDLE   SCHOOL NATSUMI","state":"NAGALAND","district":"ZUNHEBOTO","block":"PUGHOBOTO","indicator":"girls_toilet_nonfunctional"}},{"type":"Feature","geometry":{"type":"Point","coordinates":[94.48429,25.99428]},"properties":{"udise":"13040503901","name":"GOVERNMENT PRIMARY SCHOOL ZUNGTI","state":"NAGALAND","district":"ZUNHEBOTO","block":"SATAKHA","indicator":"girls_toilet_nonfunctional"}},{"type":"Feature","geometry":{"type":"Point","coordinates":[94.63583,26.01333]},"properties":{"udise":"13040400401","name":"GOVERNMENT MIDDLE SCHOOL AGHUNATO TOWN","state":"NAGALAND","district":"ZUNHEBOTO","block":"AGHUNATO","indicator":"girls_toilet_nonfunctional"}},{"type":"Feature","geometry":{"type":"Point","coordinates":[94.25095,25.85773]},"properties":{"udise":"13040601401","name":"GOVERNMENT PRIMARY   SCHOOL LAZAMI LAZAKITO","state":"NAGALAND","district":"ZUNHEBOTO","block":"PUGHOBOTO","indicator":"girls_toilet_nonfunctional"}},{"type":"Feature","geometry":{"type":"Point","coordinates":[94.56367,26.03476]},"properties":{"udise":"13040101701","name":"GOVERNMENT PRIMARY SCHOOL  NEW LAND","state":"NAGALAND","district":"ZUNHEBOTO","block":"ZUNHEBOTO","indicator":"girls_toilet_nonfunctional"}},{"type":"Feature","geometry":{"type":"Point","coordinates":[94.51718,26.10749]},"properties":{"udise":"13040203501","name":"GOVERNMENT PRIMARY   SCHOOL  ATOIZU TOWN","state":"NAGALAND","district":"ZUNHEBOTO","block":"AKULUTO","indicator":"girls_toilet_nonfunctional"}},{"type":"Feature","geometry":{"type":"Point","coordinates":[94.3872,26.01726]},"properties":{"udise":"13040502701","name":"GOVERNMENT MIDDLE SCHOOL SHENA OLD","state":"NAGALAND","district":"ZUNHEBOTO","block":"SATAKHA","indicator":"girls_toilet_nonfunctional"}},{"type":"Feature","geometry":{"type":"Point","coordinates":[94.55365,26.03285]},"properties":{"udise":"13040102501","name":"GOVERNMENT MIDDLE SCHOOL   BAIMHO","state":"NAGALAND","district":"ZUNHEBOTO","block":"ZUNHEBOTO","indicator":"girls_toilet_nonfunctional"}},{"type":"Feature","geometry":{"type":"Point","coordinates":[94.49602,26.17339]},"properties":{"udise":"13040200604","name":"GOVERNMENT HIGHER SECONDARY SCHOOL AKULUTO","state":"NAGALAND","district":"ZUNHEBOTO","block":"AKULUTO","indicator":"girls_toilet_nonfunctional"}},{"type":"Feature","geometry":{"type":"Point","coordinates":[94.58401,25.94083]},"properties":{"udise":"13040401001","name":"GOVERNMENT MIDDLE SCHOOL KHETOI","state":"NAGALAND","district":"ZUNHEBOTO","block":"AGHUNATO","indicator":"girls_toilet_nonfunctional"}},{"type":"Feature","geometry":{"type":"Point","coordinates":[94.42556,25.93887]},"properties":{"udise":"13040500501","name":"GOVERNMENT PRIMARY SCHOOL HOISHE","state":"NAGALAND","district":"ZUNHEBOTO","block":"SATAKHA","indicator":"girls_toilet_nonfunctional"}},{"type":"Feature","geometry":{"type":"Point","coordinates":[94.5522,25.85059]},"properties":{"udise":"13040500301","name":"GOVERNMENT MIDDLE SCHOOL GHOKHUVI","state":"NAGALAND","district":"ZUNHEBOTO","block":"SATAKHA","indicator":"girls_toilet_nonfunctional"}},{"type":"Feature","geometry":{"type":"Point","coordinates":[94.48561,26.07481]},"properties":{"udise":"13040202901","name":"GOVERNMENT PRIMARY   SCHOOL  YESHOLUTOMI","state":"NAGALAND","district":"ZUNHEBOTO","block":"AKULUTO","indicator":"girls_toilet_nonfunctional"}},{"type":"Feature","geometry":{"type":"Point","coordinates":[94.65264,26.17792]},"properties":{"udise":"13040404601","name":"GOVERNMENT PRIMARY SCHOOL KIKHEVI","state":"NAGALAND","district":"ZUNHEBOTO","block":"AGHUNATO","indicator":"girls_toilet_nonfunctional"}},{"type":"Feature","geometry":{"type":"Point","coordinates":[94.62054,26.15298]},"properties":{"udise":"13040104301","name":"GOVERNMENT MIDDLE SCHOOL   YEHEMI","state":"NAGALAND","district":"ZUNHEBOTO","block":"ZUNHEBOTO","indicator":"girls_toilet_nonfunctional"}},{"type":"Feature","geometry":{"type":"Point","coordinates":[94.50375,26.14104]},"properties":{"udise":"13040202001","name":"GOVERNMENT MIDDLE  SCHOOL NAGHUTO OLD","state":"NAGALAND","district":"ZUNHEBOTO","block":"AKULUTO","indicator":"girls_toilet_nonfunctional"}},{"type":"Feature","geometry":{"type":"Point","coordinates":[94.54028,26.04401]},"properties":{"udise":"13040100401","name":"GOVERNMENT PRIMARY SCHOOL  HEKIYE","state":"NAGALAND","district":"ZUNHEBOTO","block":"ZUNHEBOTO","indicator":"girls_toilet_nonfunctional"}},{"type":"Feature","geometry":{"type":"Point","coordinates":[94.38194,25.895]},"properties":{"udise":"13040600601","name":"GOVERNMENT MIDDLE   SCHOOL CHISHILIMI","state":"NAGALAND","district":"ZUNHEBOTO","block":"PUGHOBOTO","indicator":"girls_toilet_nonfunctional"}},{"type":"Feature","geometry":{"type":"Point","coordinates":[94.61528,25.98898]},"properties":{"udise":"13040402001","name":"GOVERNMENT PRIMARY SCHOOL LUVISHE NEW","state":"NAGALAND","district":"ZUNHEBOTO","block":"AGHUNATO","indicator":"girls_toilet_nonfunctional"}},{"type":"Feature","geometry":{"type":"Point","coordinates":[94.24722,25.88306]},"properties":{"udise":"13040602201","name":"GOVERNMENT PRIMARY   SCHOOL TUKULIQA","state":"NAGALAND","district":"ZUNHEBOTO","block":"PUGHOBOTO","indicator":"girls_toilet_nonfunctional"}},{"type":"Feature","geometry":{"type":"Point","coordinates":[94.42306,25.87194]},"properties":{"udise":"13040600401","name":"GOVERNMENT PRIMARY   SCHOOL KHUGHUTOMI","state":"NAGALAND","district":"ZUNHEBOTO","block":"PUGHOBOTO","indicator":"girls_toilet_nonfunctional"}},{"type":"Feature","geometry":{"type":"Point","coordinates":[94.52806,26.01417]},"properties":{"udise":"13040105105","name":"GOVERNMENT PRIMARY SCHOOL  PROJECT EAST COLONY","state":"NAGALAND","district":"ZUNHEBOTO","block":"ZUNHEBOTO","indicator":"girls_toilet_nonfunctional"}},{"type":"Feature","geometry":{"type":"Point","coordinates":[94.52969,26.14582]},"properties":{"udise":"13040203201","name":"GOVERNMENT MIDDLE  SCHOOL AOTSAKILIMI","state":"NAGALAND","district":"ZUNHEBOTO","block":"AKULUTO","indicator":"girls_toilet_nonfunctional"}},{"type":"Feature","geometry":{"type":"Point","coordinates":[94.6346,26.16119]},"properties":{"udise":"13040103201","name":"GOVERNMENT PRIMARY SCHOOL  KIYETHA","state":"NAGALAND","district":"ZUNHEBOTO","block":"ZUNHEBOTO","indicator":"girls_toilet_nonfunctional"}}]}