{"type":"FeatureCollection","features":[{"type":"Feature","geometry":{"type":"Point","coordinates":[79.4228,28.37028]},"properties":{"udise":"09201901801","name":"P S BRAHMPURA I","state":"UTTAR PRADESH","district":"BAREILLY","block":"BAREILLY TOWN","indicator":"no_girls_toilet"}},{"type":"Feature","geometry":{"type":"Point","coordinates":[79.57537,28.2153]},"properties":{"udise":"09200304110","name":"MADARSA AMAN MODREN ACADAMY","state":"UTTAR PRADESH","district":"BAREILLY","block":"BHUTA","indicator":"no_girls_toilet"}},{"type":"Feature","geometry":{"type":"Point","coordinates":[79.22101,28.24146]},"properties":{"udise":"09201901402","name":"UPS ALAMGIRIGANJ","state":"UTTAR PRADESH","district":"BAREILLY","block":"BAREILLY TOWN","indicator":"no_girls_toilet"}},{"type":"Feature","geometry":{"type":"Point","coordinates":[79.43654,28.35654]},"properties":{"udise":"09201914603","name":"MADRASA JAM E AALA HAZRAT SAUDAGRAN BAREILLY","state":"UTTAR PRADESH","district":"BAREILLY","block":"BAREILLY TOWN","indicator":"no_girls_toilet"}},{"type":"Feature","geometry":{"type":"Point","coordinates":[79.38667,28.38253]},"properties":{"udise":"09201912904","name":"MADARSA RAZVIYA AZHARUL ULOOM","state":"UTTAR PRADESH","district":"BAREILLY","block":"BAREILLY TOWN","indicator":"no_girls_toilet"}},{"type":"Feature","geometry":{"type":"Point","coordinates":[79.40002,28.34311]},"properties":{"udise":"09201911408","name":"INTREEGAL PRIMARY SCHOOL","state":"UTTAR PRADESH","district":"BAREILLY","block":"BAREILLY TOWN","indicator":"no_girls_toilet"}},{"type":"Feature","geometry":{"type":"Point","coordinates":[79.70254,28.48506]},"properties":{"udise":"09201910405","name":"MAHATMA GANDHI HS","state":"UTTAR PRADESH","district":"BAREILLY","block":"BAREILLY TOWN","indicator":"no_girls_toilet"}},{"type":"Feature","geometry":{"type":"Point","coordinates":[79.3814,28.2413]},"properties":{"udise":"09200603205","name":"GOVT. HIGH SCHOOL JYOTI JAGIR","state":"UTTAR PRADESH","district":"BAREILLY","block":"BHADPURA","indicator":"no_girls_toilet"}},{"type":"Feature","geometry":{"type":"Point","coordinates":[79.43452,28.36523]},"properties":{"udise":"09201901101","name":"P S ROHLI TOLA I","state":"UTTAR PRADESH","district":"BAREILLY","block":"BAREILLY TOWN","indicator":"no_girls_toilet"}},{"type":"Feature","geometry":{"type":"Point","coordinates":[79.84565,28.34252]},"properties":{"udise":"09201908504","name":"DOABA PUBLIC SCHOOL KHAJURIA GHAT","state":"UTTAR PRADESH","district":"BAREILLY","block":"BAREILLY TOWN","indicator":"no_girls_toilet"}},{"type":"Feature","geometry":{"type":"Point","coordinates":[79.62188,28.21856]},"properties":{"udise":"09200304104","name":"N M A ADARSH SCHOOL","state":"UTTAR PRADESH","district":"BAREILLY","block":"BHUTA","indicator":"no_girls_toilet"}},{"type":"Feature","geometry":{"type":"Point","coordinates":[79.42714,28.35909]},"properties":{"udise":"09201905701","name":"P S LODHI RAJPOOT","state":"UTTAR PRADESH","district":"BAREILLY","block":"BAREILLY TOWN","indicator":"no_girls_toilet"}},{"type":"Feature","geometry":{"type":"Point","coordinates":[79.73245,28.27336]},"properties":{"udise":"09200302801","name":"P S VEVAL VARKATPUR","state":"UTTAR PRADESH","district":"BAREILLY","block":"BHUTA","indicator":"no_girls_toilet"}},{"type":"Feature","geometry":{"type":"Point","coordinates":[79.21237,28.6689]},"properties":{"udise":"09201002901","name":"P S ATARCHHERI","state":"UTTAR PRADESH","district":"BAREILLY","block":"MAJHGAWAN","indicator":"no_girls_toilet"}},{"type":"Feature","geometry":{"type":"Point","coordinates":[79.41223,28.35689]},"properties":{"udise":"09201905601","name":"P S KISHOR BAZAR GIRLS","state":"UTTAR PRADESH","district":"BAREILLY","block":"BAREILLY TOWN","indicator":"no_girls_toilet"}},{"type":"Feature","geometry":{"type":"Point","coordinates":[79.35596,28.25874]},"properties":{"udise":"09201707301","name":"P S RAFIYABAD","state":"UTTAR PRADESH","district":"BAREILLY","block":"ALAMPUR","indicator":"no_girls_toilet"}},{"type":"Feature","geometry":{"type":"Point","coordinates":[79.50799,28.58381]},"properties":{"udise":"09200410903","name":"P S MUJHAINA SANTOSH","state":"UTTAR PRADESH","district":"BAREILLY","block":"NAWABGANJ","indicator":"no_girls_toilet"}},{"type":"Feature","geometry":{"type":"Point","coordinates":[79.50311,28.43644]},"properties":{"udise":"09201803001","name":"P S ADUPURA JAGIR","state":"UTTAR PRADESH","district":"BAREILLY","block":"VITHARI CHAINPUR","indicator":"no_girls_toilet"}},{"type":"Feature","geometry":{"type":"Point","coordinates":[79.16446,28.2708]},"properties":{"udise":"09201201002","name":"GAYATRI VIDYA PEETH GANJ","state":"UTTAR PRADESH","district":"BAREILLY","block":"AONLA","indicator":"no_girls_toilet"}},{"type":"Feature","geometry":{"type":"Point","coordinates":[79.52953,28.60961]},"properties":{"udise":"09200400203","name":"P S NANDPUR","state":"UTTAR PRADESH","district":"BAREILLY","block":"NAWABGANJ","indicator":"no_girls_toilet"}},{"type":"Feature","geometry":{"type":"Point","coordinates":[79.24921,28.29542]},"properties":{"udise":"09201003003","name":"P S RADHE NAGAR","state":"UTTAR PRADESH","district":"BAREILLY","block":"MAJHGAWAN","indicator":"no_girls_toilet"}},{"type":"Feature","geometry":{"type":"Point","coordinates":[79.18292,28.4807]},"properties":{"udise":"09200205701","name":"P S BHAIRPURA","state":"UTTAR PRADESH","district":"BAREILLY","block":"MIRGANJ","indicator":"no_girls_toilet"}},{"type":"Feature","geometry":{"type":"Point","coordinates":[79.40404,28.34444]},"properties":{"udise":"09201910503","name":"VIDYA PUBLIC SCHOOL ATARIYA","state":"UTTAR PRADESH","district":"BAREILLY","block":"BAREILLY TOWN","indicator":"no_girls_toilet"}},{"type":"Feature","geometry":{"type":"Point","coordinates":[79.56456,28.26786]},"properties":{"udise":"09201601702","name":"MADARSA GOUSIYA","state":"UTTAR PRADESH","district":"BAREILLY","block":"FARIDPUR TOWN","indicator":"no_girls_toilet"}},{"type":"Feature","geometry":{"type":"Point","coordinates":[79.222,28.53925]},"properties":{"udise":"09200200802","name":"UPS SANJARPUR","state":"UTTAR PRADESH","district":"BAREILLY","block":"MIRGANJ","indicator":"no_girls_toilet"}},{"type":"Feature","geometry":{"type":"Point","coordinates":[79.1316,28.43587]},"properties":{"udise":"09201011801","name":"P S DHIMAR GAUTIYA","state":"UTTAR PRADESH","district":"BAREILLY","block":"MAJHGAWAN","indicator":"no_girls_toilet"}},{"type":"Feature","geometry":{"type":"Point","coordinates":[79.27584,28.30855]},"properties":{"udise":"09201002110","name":"ADARH NISULK VIKLANG SCHOOL TIGAIDATANGAR","state":"UTTAR PRADESH","district":"BAREILLY","block":"MAJHGAWAN","indicator":"no_girls_toilet"}},{"type":"Feature","geometry":{"type":"Point","coordinates":[79.5964,28.25467]},"properties":{"udise":"09200310001","name":"P S HAZIPUR KHAJURIYA","state":"UTTAR PRADESH","district":"BAREILLY","block":"BHUTA","indicator":"no_girls_toilet"}},{"type":"Feature","geometry":{"type":"Point","coordinates":[79.41637,28.3175]},"properties":{"udise":"09200809001","name":"P S TAL GAUTIYA","state":"UTTAR PRADESH","district":"BAREILLY","block":"KYARA","indicator":"no_girls_toilet"}},{"type":"Feature","geometry":{"type":"Point","coordinates":[79.40293,28.36583]},"properties":{"udise":"09201906502","name":"P S BAZAR SANDAL KHAN I","state":"UTTAR PRADESH","district":"BAREILLY","block":"BAREILLY TOWN","indicator":"no_girls_toilet"}},{"type":"Feature","geometry":{"type":"Point","coordinates":[79.41672,28.37726]},"properties":{"udise":"09201904103","name":"SHRI GULAB RAI INTER COLLEGE","state":"UTTAR PRADESH","district":"BAREILLY","block":"BAREILLY TOWN","indicator":"no_girls_toilet"}},{"type":"Feature","geometry":{"type":"Point","coordinates":[79.45004,28.36171]},"properties":{"udise":"09201917202","name":"MADARSA MUSTFA RAZA KHALDI","state":"UTTAR PRADESH","district":"BAREILLY","block":"BAREILLY TOWN","indicator":"no_girls_toilet"}},{"type":"Feature","geometry":{"type":"Point","coordinates":[79.56277,28.28733]},"properties":{"udise":"09200305510","name":"R.R. PUBLIC SCHOOL","state":"UTTAR PRADESH","district":"BAREILLY","block":"BHUTA","indicator":"no_girls_toilet"}},{"type":"Feature","geometry":{"type":"Point","coordinates":[79.2248,28.2057]},"properties":{"udise":"09200806801","name":"P S SARAY TALFI","state":"UTTAR PRADESH","district":"BAREILLY","block":"KYARA","indicator":"no_girls_toilet"}},{"type":"Feature","geometry":{"type":"Point","coordinates":[79.393,28.37539]},"properties":{"udise":"09201909201","name":"P S SWALE NAGAR","state":"UTTAR PRADESH","district":"BAREILLY","block":"BAREILLY TOWN","indicator":"no_girls_toilet"}},{"type":"Feature","geometry":{"type":"Point","coordinates":[79.2995,28.2957]},"properties":{"udise":"09201102405","name":"ASHRAM PADHATI INTER COLLEGE","state":"UTTAR PRADESH","district":"BAREILLY","block":"BHOJIPURA","indicator":"no_girls_toilet"}},{"type":"Feature","geometry":{"type":"Point","coordinates":[79.41264,28.34102]},"properties":{"udise":"09201913601","name":"RAVI MODEL ACADEMY E SCH KUWAR","state":"UTTAR PRADESH","district":"BAREILLY","block":"BAREILLY TOWN","indicator":"no_girls_toilet"}},{"type":"Feature","geometry":{"type":"Point","coordinates":[79.53278,28.21867]},"properties":{"udise":"09201600906","name":"MADARSA KASIMUL ULOOM","state":"UTTAR PRADESH","district":"BAREILLY","block":"FARIDPUR TOWN","indicator":"no_girls_toilet"}},{"type":"Feature","geometry":{"type":"Point","coordinates":[79.4601,28.58221]},"properties":{"udise":"09201106102","name":"SARSWATI GYAN MANDIR","state":"UTTAR PRADESH","district":"BAREILLY","block":"BHOJIPURA","indicator":"no_girls_toilet"}},{"type":"Feature","geometry":{"type":"Point","coordinates":[79.45726,28.3985]},"properties":{"udise":"09201915003","name":"MADRSA GAUSIYA RAJVIYA PIRBAHORA","state":"UTTAR PRADESH","district":"BAREILLY","block":"BAREILLY TOWN","indicator":"no_girls_toilet"}},{"type":"Feature","geometry":{"type":"Point","coordinates":[79.62796,28.1977]},"properties":{"udise":"09200304203","name":"MADARSA FAIZ-E-AAM","state":"UTTAR PRADESH","district":"BAREILLY","block":"BHUTA","indicator":"no_girls_toilet"}},{"type":"Feature","geometry":{"type":"Point","coordinates":[79.51267,28.42735]},"properties":{"udise":"09201808301","name":"P S MOHRANIYAN","state":"UTTAR PRADESH","district":"BAREILLY","block":"VITHARI CHAINPUR","indicator":"no_girls_toilet"}},{"type":"Feature","geometry":{"type":"Point","coordinates":[79.40369,28.361]},"properties":{"udise":"09201906701","name":"P S JAKHIRA I","state":"UTTAR PRADESH","district":"BAREILLY","block":"BAREILLY TOWN","indicator":"no_girls_toilet"}},{"type":"Feature","geometry":{"type":"Point","coordinates":[79.4604,28.76158]},"properties":{"udise":"09201915304","name":"KHLIL HIGHER SECONDARY SCHOOL","state":"UTTAR PRADESH","district":"BAREILLY","block":"BAREILLY TOWN","indicator":"no_girls_toilet"}},{"type":"Feature","geometry":{"type":"Point","coordinates":[79.44528,28.36985]},"properties":{"udise":"09201913103","name":"EVERGREEN PUBLIC SCHOOL MATH LAXMIPUR WARD-29 RAHPURA CHAUDHARY BAREILLY","state":"UTTAR PRADESH","district":"BAREILLY","block":"BAREILLY TOWN","indicator":"no_girls_toilet"}},{"type":"Feature","geometry":{"type":"Point","coordinates":[79.47871,28.21684]},"properties":{"udise":"09201804204","name":"MADARSA JAMITUZ ZIA","state":"UTTAR PRADESH","district":"BAREILLY","block":"VITHARI CHAINPUR","indicator":"no_girls_toilet"}},{"type":"Feature","geometry":{"type":"Point","coordinates":[79.4939,28.7814]},"properties":{"udise":"09201410801","name":"P S TANDA CHHANGA","state":"UTTAR PRADESH","district":"BAREILLY","block":"BAHERI","indicator":"no_girls_toilet"}},{"type":"Feature","geometry":{"type":"Point","coordinates":[79.44987,28.55521]},"properties":{"udise":"09201107002","name":"SARSWATI SHISHU MANDIR","state":"UTTAR PRADESH","district":"BAREILLY","block":"BHOJIPURA","indicator":"no_girls_toilet"}},{"type":"Feature","geometry":{"type":"Point","coordinates":[79.47748,28.46392]},"properties":{"udise":"09201802801","name":"P S BHIKAMPUR MAFI","state":"UTTAR PRADESH","district":"BAREILLY","block":"VITHARI CHAINPUR","indicator":"no_girls_toilet"}},{"type":"Feature","geometry":{"type":"Point","coordinates":[79.40679,28.36796]},"properties":{"udise":"09201911904","name":"MADARSA AHLE SUNNAT TALIM UL KURAN","state":"UTTAR PRADESH","district":"BAREILLY","block":"BAREILLY TOWN","indicator":"no_girls_toilet"}},{"type":"Feature","geometry":{"type":"Point","coordinates":[79.38964,28.39865]},"properties":{"udise":"09201915402","name":"MADARSA MUSTFA RAZA","state":"UTTAR PRADESH","district":"BAREILLY","block":"BAREILLY TOWN","indicator":"no_girls_toilet"}},{"type":"Feature","geometry":{"type":"Point","coordinates":[79.1393,28.5125]},"properties":{"udise":"09200207101","name":"P S TATARPUR","state":"UTTAR PRADESH","district":"BAREILLY","block":"MIRGANJ","indicator":"no_girls_toilet"}},{"type":"Feature","geometry":{"type":"Point","coordinates":[79.08329,28.19201]},"properties":{"udise":"09200107701","name":"P S AYODHYA","state":"UTTAR PRADESH","district":"BAREILLY","block":"RAMNAGAR","indicator":"no_girls_toilet"}},{"type":"Feature","geometry":{"type":"Point","coordinates":[79.53278,28.21867]},"properties":{"udise":"09201600909","name":"MADARSA SHAKILA BEGUM","state":"UTTAR PRADESH","district":"BAREILLY","block":"FARIDPUR TOWN","indicator":"no_girls_toilet"}},{"type":"Feature","geometry":{"type":"Point","coordinates":[79.6229,28.31087]},"properties":{"udise":"09201909104","name":"KRAMOTTAR GIRLS","state":"UTTAR PRADESH","district":"BAREILLY","block":"BAREILLY TOWN","indicator":"no_girls_toilet"}},{"type":"Feature","geometry":{"type":"Point","coordinates":[79.41296,28.37347]},"properties":{"udise":"09201903301","name":"P S WANKHANA","state":"UTTAR PRADESH","district":"BAREILLY","block":"BAREILLY TOWN","indicator":"no_girls_toilet"}},{"type":"Feature","geometry":{"type":"Point","coordinates":[79.16016,28.26978]},"properties":{"udise":"09201200303","name":"SHRI GANESH BAL VIDYA MANDIR","state":"UTTAR PRADESH","district":"BAREILLY","block":"AONLA","indicator":"no_girls_toilet"}},{"type":"Feature","geometry":{"type":"Point","coordinates":[79.4343,28.2459]},"properties":{"udise":"09200608602","name":"P S PRHLADPUR","state":"UTTAR PRADESH","district":"BAREILLY","block":"BHADPURA","indicator":"no_girls_toilet"}},{"type":"Feature","geometry":{"type":"Point","coordinates":[79.56594,28.76235]},"properties":{"udise":"09201904004","name":"K D E M INTER COLLEGE BAREILLY","state":"UTTAR PRADESH","district":"BAREILLY","block":"BAREILLY TOWN","indicator":"no_girls_toilet"}},{"type":"Feature","geometry":{"type":"Point","coordinates":[79.42248,28.42378]},"properties":{"udise":"09201810902","name":"UPS GIRDHARIPUR","state":"UTTAR PRADESH","district":"BAREILLY","block":"VITHARI CHAINPUR","indicator":"no_girls_toilet"}},{"type":"Feature","geometry":{"type":"Point","coordinates":[78.40413,29.00411]},"properties":{"udise":"09201706303","name":"PUNIT CHILDREN ACAD","state":"UTTAR PRADESH","district":"BAREILLY","block":"ALAMPUR","indicator":"no_girls_toilet"}},{"type":"Feature","geometry":{"type":"Point","coordinates":[79.23927,28.42983]},"properties":{"udise":"09200208603","name":"P S TIRTH NAGAR","state":"UTTAR PRADESH","district":"BAREILLY","block":"MIRGANJ","indicator":"no_girls_toilet"}},{"type":"Feature","geometry":{"type":"Point","coordinates":[79.61571,28.77043]},"properties":{"udise":"09201915909","name":"HAFIZ SIDDIQ PUNJABI INTER COLLEGE","state":"UTTAR PRADESH","district":"BAREILLY","block":"BAREILLY TOWN","indicator":"no_girls_toilet"}},{"type":"Feature","geometry":{"type":"Point","coordinates":[79.48897,28.39945]},"properties":{"udise":"09201810102","name":"UPS KLARI","state":"UTTAR PRADESH","district":"BAREILLY","block":"VITHARI CHAINPUR","indicator":"no_girls_toilet"}},{"type":"Feature","geometry":{"type":"Point","coordinates":[79.4625,28.3495]},"properties":{"udise":"09201900902","name":"JAMIA TEHSEENIA ZIA UL ULOOM","state":"UTTAR PRADESH","district":"BAREILLY","block":"BAREILLY TOWN","indicator":"no_girls_toilet"}},{"type":"Feature","geometry":{"type":"Point","coordinates":[79.335,28.5316]},"properties":{"udise":"09201911502","name":"BISHOP MONDOL INTER COLLEGE","state":"UTTAR PRADESH","district":"BAREILLY","block":"BAREILLY TOWN","indicator":"no_girls_toilet"}},{"type":"Feature","geometry":{"type":"Point","coordinates":[79.52118,28.04181]},"properties":{"udise":"09201503601","name":"P S NAGARIYA NAUVARAMAD","state":"UTTAR PRADESH","district":"BAREILLY","block":"FARIDPUR","indicator":"no_girls_toilet"}},{"type":"Feature","geometry":{"type":"Point","coordinates":[79.43361,28.30808]},"properties":{"udise":"09200802104","name":"SARSWATI SHIKSHA SADAN","state":"UTTAR PRADESH","district":"BAREILLY","block":"KYARA","indicator":"no_girls_toilet"}},{"type":"Feature","geometry":{"type":"Point","coordinates":[79.30889,28.28154]},"properties":{"udise":"09201006426","name":"MADARSA ILMO ADAB","state":"UTTAR PRADESH","district":"BAREILLY","block":"MAJHGAWAN","indicator":"no_girls_toilet"}},{"type":"Feature","geometry":{"type":"Point","coordinates":[79.26955,28.22076]},"properties":{"udise":"09201911001","name":"AMAN PUBLIC SCHOOL EJAJ NAGAR","state":"UTTAR PRADESH","district":"BAREILLY","block":"BAREILLY TOWN","indicator":"no_girls_toilet"}},{"type":"Feature","geometry":{"type":"Point","coordinates":[79.18211,28.36127]},"properties":{"udise":"09201913202","name":"MANOHAR BHUSHAN INTER COLLEGE","state":"UTTAR PRADESH","district":"BAREILLY","block":"BAREILLY TOWN","indicator":"no_girls_toilet"}},{"type":"Feature","geometry":{"type":"Point","coordinates":[79.49868,28.14398]},"properties":{"udise":"09201502702","name":"UPS NAWADIA KALYANPUR","state":"UTTAR PRADESH","district":"BAREILLY","block":"FARIDPUR","indicator":"no_girls_toilet"}},{"type":"Feature","geometry":{"type":"Point","coordinates":[79.4214,28.37854]},"properties":{"udise":"09201917106","name":"KUNAL PUBLIC SCHOOL","state":"UTTAR PRADESH","district":"BAREILLY","block":"BAREILLY TOWN","indicator":"no_girls_toilet"}},{"type":"Feature","geometry":{"type":"Point","coordinates":[79.50677,28.26371]},"properties":{"udise":"09201511401","name":"P S SATHRAPUR","state":"UTTAR PRADESH","district":"BAREILLY","block":"FARIDPUR","indicator":"no_girls_toilet"}},{"type":"Feature","geometry":{"type":"Point","coordinates":[79.2638,28.5115]},"properties":{"udise":"09200203906","name":"SWAMI VIVEKANAND INTER COLLEGE","state":"UTTAR PRADESH","district":"BAREILLY","block":"MIRGANJ","indicator":"girls_toilet_nonfunctional"}},{"type":"Feature","geometry":{"type":"Point","coordinates":[79.43903,28.37843]},"properties":{"udise":"09201911203","name":"BHAGWATI PUBLIC SCHOOL SANJAY  NAGAR BAREILLY","state":"UTTAR PRADESH","district":"BAREILLY","block":"BAREILLY TOWN","indicator":"girls_toilet_nonfunctional"}},{"type":"Feature","geometry":{"type":"Point","coordinates":[79.26975,28.52148]},"properties":{"udise":"09201901503","name":"TAKSHILA PUBLIC JHS","state":"UTTAR PRADESH","district":"BAREILLY","block":"BAREILLY TOWN","indicator":"girls_toilet_nonfunctional"}},{"type":"Feature","geometry":{"type":"Point","coordinates":[79.54216,28.62792]},"properties":{"udise":"09200404804","name":"P S BHANPUR","state":"UTTAR PRADESH","district":"BAREILLY","block":"NAWABGANJ","indicator":"girls_toilet_nonfunctional"}},{"type":"Feature","geometry":{"type":"Point","coordinates":[79.63027,28.53432]},"properties":{"udise":"09200400868","name":"SHRI IPS INTERNATIONAL SCHOOL","state":"UTTAR PRADESH","district":"BAREILLY","block":"NAWABGANJ","indicator":"girls_toilet_nonfunctional"}},{"type":"Feature","geometry":{"type":"Point","coordinates":[79.43654,28.23654]},"properties":{"udise":"09201914818","name":"SHINING STARS SCHOOL DAVARIKAPURAM COLONY HATMAN COLEGE ROAD BAREILLYQ","state":"UTTAR PRADESH","district":"BAREILLY","block":"BAREILLY TOWN","indicator":"girls_toilet_nonfunctional"}},{"type":"Feature","geometry":{"type":"Point","coordinates":[79.2296,28.508]},"properties":{"udise":"09200203506","name":"SAMRAT CHANDRA GUPT MAURYA SHIKSHA SANSTHAN, HURHURI","state":"UTTAR PRADESH","district":"BAREILLY","block":"MIRGANJ","indicator":"girls_toilet_nonfunctional"}},{"type":"Feature","geometry":{"type":"Point","coordinates":[79.26698,28.21832]},"properties":{"udise":"09201900705","name":"BUSHRA CONVENT GIRLS INTER COLLEGE","state":"UTTAR PRADESH","district":"BAREILLY","block":"BAREILLY TOWN","indicator":"girls_toilet_nonfunctional"}},{"type":"Feature","geometry":{"type":"Point","coordinates":[79.42962,28.31126]},"properties":{"udise":"09200802107","name":"MAA SARSWATI JHS","state":"UTTAR PRADESH","district":"BAREILLY","block":"KYARA","indicator":"girls_toilet_nonfunctional"}},{"type":"Feature","geometry":{"type":"Point","coordinates":[79.23444,28.22422]},"properties":{"udise":"09201700203","name":"GRAMYA VIKAS INTER COLLEGE","state":"UTTAR PRADESH","district":"BAREILLY","block":"ALAMPUR","indicator":"girls_toilet_nonfunctional"}},{"type":"Feature","geometry":{"type":"Point","coordinates":[79.57875,28.22166]},"properties":{"udise":"09201601506","name":"MADARSA SIRAJUN SHEIKH INTERNATIONAL ACADEMY","state":"UTTAR PRADESH","district":"BAREILLY","block":"FARIDPUR TOWN","indicator":"girls_toilet_nonfunctional"}},{"type":"Feature","geometry":{"type":"Point","coordinates":[79.53419,28.2128]},"properties":{"udise":"09201600702","name":"RAM KUMAR MISHRA MEMO INTER COLLEGE FARRKHPUR FARIDPUR","state":"UTTAR PRADESH","district":"BAREILLY","block":"FARIDPUR TOWN","indicator":"girls_toilet_nonfunctional"}},{"type":"Feature","geometry":{"type":"Point","coordinates":[79.41,28.255]},"properties":{"udise":"09200600103","name":"VIRENDRA SINGH MEMO SCHOOL","state":"UTTAR PRADESH","district":"BAREILLY","block":"BHADPURA","indicator":"girls_toilet_nonfunctional"}},{"type":"Feature","geometry":{"type":"Point","coordinates":[79.43022,28.30182]},"properties":{"udise":"09200802002","name":"SHARDA PUBLIC SCHOOL","state":"UTTAR PRADESH","district":"BAREILLY","block":"KYARA","indicator":"girls_toilet_nonfunctional"}},{"type":"Feature","geometry":{"type":"Point","coordinates":[79.77535,28.45594]},"properties":{"udise":"09201903503","name":"UPS CHAUDHARY MOHALLA II","state":"UTTAR PRADESH","district":"BAREILLY","block":"BAREILLY TOWN","indicator":"girls_toilet_nonfunctional"}},{"type":"Feature","geometry":{"type":"Point","coordinates":[79.62277,28.54463]},"properties":{"udise":"09200400847","name":"MADARSA GULSHANE MADAR ACCEDEMY","state":"UTTAR PRADESH","district":"BAREILLY","block":"NAWABGANJ","indicator":"girls_toilet_nonfunctional"}},{"type":"Feature","geometry":{"type":"Point","coordinates":[79.3731,28.2431]},"properties":{"udise":"09200604702","name":"UPS VISHESHRPUR","state":"UTTAR PRADESH","district":"BAREILLY","block":"BHADPURA","indicator":"girls_toilet_nonfunctional"}},{"type":"Feature","geometry":{"type":"Point","coordinates":[79.41228,28.38683]},"properties":{"udise":"09201911216","name":"GAYATRI KANYA H.S. SCHOOL","state":"UTTAR PRADESH","district":"BAREILLY","block":"BAREILLY TOWN","indicator":"girls_toilet_nonfunctional"}},{"type":"Feature","geometry":{"type":"Point","coordinates":[79.62436,28.21746]},"properties":{"udise":"09200304111","name":"MADARSA GULSHAN E MADINA","state":"UTTAR PRADESH","district":"BAREILLY","block":"BHUTA","indicator":"girls_toilet_nonfunctional"}},{"type":"Feature","geometry":{"type":"Point","coordinates":[79.64381,28.27032]},"properties":{"udise":"09200300804","name":"KUWAR BALRAJ SINGH MEMO JHS","state":"UTTAR PRADESH","district":"BAREILLY","block":"BHUTA","indicator":"girls_toilet_nonfunctional"}},{"type":"Feature","geometry":{"type":"Point","coordinates":[79.49625,28.33783]},"properties":{"udise":"09201800906","name":"GIRLS INTER COLLEGE","state":"UTTAR PRADESH","district":"BAREILLY","block":"VITHARI CHAINPUR","indicator":"girls_toilet_nonfunctional"}},{"type":"Feature","geometry":{"type":"Point","coordinates":[79.3656,28.65747]},"properties":{"udise":"09200909503","name":"MADARSA FAIZAN A TAJURSHIYA","state":"UTTAR PRADESH","district":"BAREILLY","block":"SHERGARH","indicator":"girls_toilet_nonfunctional"}},{"type":"Feature","geometry":{"type":"Point","coordinates":[79.63024,28.54788]},"properties":{"udise":"09200400851","name":"MADARSA ZAMIA SABARIYA","state":"UTTAR PRADESH","district":"BAREILLY","block":"NAWABGANJ","indicator":"girls_toilet_nonfunctional"}},{"type":"Feature","geometry":{"type":"Point","coordinates":[79.231,28.5616]},"properties":{"udise":"09200207206","name":"GAYATRI PUBLIC SCHOOL","state":"UTTAR PRADESH","district":"BAREILLY","block":"MIRGANJ","indicator":"girls_toilet_nonfunctional"}},{"type":"Feature","geometry":{"type":"Point","coordinates":[79.13237,28.45272]},"properties":{"udise":"09201008207","name":"GAUTAM BUDDHA SHISHU MANDIR PRIMARY SCHOOL","state":"UTTAR PRADESH","district":"BAREILLY","block":"MAJHGAWAN","indicator":"girls_toilet_nonfunctional"}},{"type":"Feature","geometry":{"type":"Point","coordinates":[79.53136,28.15142]},"properties":{"udise":"09201502601","name":"P S DHANDHRUA","state":"UTTAR PRADESH","district":"BAREILLY","block":"FARIDPUR","indicator":"girls_toilet_nonfunctional"}},{"type":"Feature","geometry":{"type":"Point","coordinates":[79.255,28.459]},"properties":{"udise":"09200208606","name":"SWAMI VIVEKANAND H S SCHOOL","state":"UTTAR PRADESH","district":"BAREILLY","block":"MIRGANJ","indicator":"girls_toilet_nonfunctional"}},{"type":"Feature","geometry":{"type":"Point","coordinates":[79.8963,28.49048]},"properties":{"udise":"09200107323","name":"MODERN ISLAMIA SCHOOL SIRAULI","state":"UTTAR PRADESH","district":"BAREILLY","block":"RAMNAGAR","indicator":"girls_toilet_nonfunctional"}},{"type":"Feature","geometry":{"type":"Point","coordinates":[79.47521,28.37565]},"properties":{"udise":"09201915106","name":"GAYATRI PUBLIC SCHOOL SHASTRI NAGAR WARD-49 BAREILLY","state":"UTTAR PRADESH","district":"BAREILLY","block":"BAREILLY TOWN","indicator":"girls_toilet_nonfunctional"}},{"type":"Feature","geometry":{"type":"Point","coordinates":[79.2684,28.5985]},"properties":{"udise":"09200206803","name":"NARAYANI DEVI MEMO PUBLIC SCHO","state":"UTTAR PRADESH","district":"BAREILLY","block":"MIRGANJ","indicator":"girls_toilet_nonfunctional"}},{"type":"Feature","geometry":{"type":"Point","coordinates":[79.4152,28.271]},"properties":{"udise":"09200604310","name":"OMKAR SINGH PUBLIC SCHOOL","state":"UTTAR PRADESH","district":"BAREILLY","block":"BHADPURA","indicator":"girls_toilet_nonfunctional"}},{"type":"Feature","geometry":{"type":"Point","coordinates":[79.19082,28.22661]},"properties":{"udise":"09201709602","name":"MADARSA FAIZANE ALA HAZRAT KALLIYA","state":"UTTAR PRADESH","district":"BAREILLY","block":"ALAMPUR","indicator":"girls_toilet_nonfunctional"}},{"type":"Feature","geometry":{"type":"Point","coordinates":[79.61886,28.51968]},"properties":{"udise":"09200401001","name":"P S HARDUA KIFAYATULLA","state":"UTTAR PRADESH","district":"BAREILLY","block":"NAWABGANJ","indicator":"girls_toilet_nonfunctional"}},{"type":"Feature","geometry":{"type":"Point","coordinates":[79.4416,28.2609]},"properties":{"udise":"09200607801","name":"P S NAUGAWAN BHAGWANTPUR","state":"UTTAR PRADESH","district":"BAREILLY","block":"BHADPURA","indicator":"girls_toilet_nonfunctional"}},{"type":"Feature","geometry":{"type":"Point","coordinates":[79.28259,28.51258]},"properties":{"udise":"09200203905","name":"GOVT. HIGH SCHOOL BALLIYA","state":"UTTAR PRADESH","district":"BAREILLY","block":"MIRGANJ","indicator":"girls_toilet_nonfunctional"}},{"type":"Feature","geometry":{"type":"Point","coordinates":[79.2948,28.5964]},"properties":{"udise":"09200206202","name":"SADGURU KABIR BAL GIRLS SCH","state":"UTTAR PRADESH","district":"BAREILLY","block":"MIRGANJ","indicator":"girls_toilet_nonfunctional"}},{"type":"Feature","geometry":{"type":"Point","coordinates":[79.2705,28.3648]},"properties":{"udise":"09200910601","name":"P S SALAR NAGALA","state":"UTTAR PRADESH","district":"BAREILLY","block":"SHERGARH","indicator":"girls_toilet_nonfunctional"}},{"type":"Feature","geometry":{"type":"Point","coordinates":[79.62456,28.08364]},"properties":{"udise":"09201508702","name":"GYANODAY UPS","state":"UTTAR PRADESH","district":"BAREILLY","block":"FARIDPUR","indicator":"girls_toilet_nonfunctional"}},{"type":"Feature","geometry":{"type":"Point","coordinates":[79.4152,28.271]},"properties":{"udise":"09200604324","name":"SST PUBLIC SCHOOL","state":"UTTAR PRADESH","district":"BAREILLY","block":"BHADPURA","indicator":"girls_toilet_nonfunctional"}},{"type":"Feature","geometry":{"type":"Point","coordinates":[79.68341,28.24151]},"properties":{"udise":"09200310402","name":"DR B R AMBEDKAR P SCHOOL","state":"UTTAR PRADESH","district":"BAREILLY","block":"BHUTA","indicator":"girls_toilet_nonfunctional"}},{"type":"Feature","geometry":{"type":"Point","coordinates":[79.4152,28.271]},"properties":{"udise":"09200604309","name":"O L M UPS KYOLADIYA","state":"UTTAR PRADESH","district":"BAREILLY","block":"BHADPURA","indicator":"girls_toilet_nonfunctional"}},{"type":"Feature","geometry":{"type":"Point","coordinates":[79.2091,28.5442]},"properties":{"udise":"09200201307","name":"GYAN PUBLIC SCHOOL","state":"UTTAR PRADESH","district":"BAREILLY","block":"MIRGANJ","indicator":"girls_toilet_nonfunctional"}},{"type":"Feature","geometry":{"type":"Point","coordinates":[79.33066,28.23266]},"properties":{"udise":"09201709506","name":"Shobha ram adarsh junior high School","state":"UTTAR PRADESH","district":"BAREILLY","block":"ALAMPUR","indicator":"girls_toilet_nonfunctional"}},{"type":"Feature","geometry":{"type":"Point","coordinates":[79.64601,28.32573]},"properties":{"udise":"09200300104","name":"SHIV DEVI MEMO HIGHER SEC. SCHOOL","state":"UTTAR PRADESH","district":"BAREILLY","block":"BHUTA","indicator":"girls_toilet_nonfunctional"}},{"type":"Feature","geometry":{"type":"Point","coordinates":[79.28676,28.37459]},"properties":{"udise":"09200803203","name":"B S YADAV MEMO P SCHOOL","state":"UTTAR PRADESH","district":"BAREILLY","block":"KYARA","indicator":"girls_toilet_nonfunctional"}},{"type":"Feature","geometry":{"type":"Point","coordinates":[79.64621,28.32579]},"properties":{"udise":"09200300102","name":"BHUDAN COMM.  A.  V.  BHUTA","state":"UTTAR PRADESH","district":"BAREILLY","block":"BHUTA","indicator":"girls_toilet_nonfunctional"}},{"type":"Feature","geometry":{"type":"Point","coordinates":[79.20322,28.58566]},"properties":{"udise":"09201709505","name":"Shobha ram public school","state":"UTTAR PRADESH","district":"BAREILLY","block":"ALAMPUR","indicator":"girls_toilet_nonfunctional"}},{"type":"Feature","geometry":{"type":"Point","coordinates":[79.40363,28.34982]},"properties":{"udise":"09201906005","name":"SWADESH BHUSHAN JH SCHOOL MADINATH","state":"UTTAR PRADESH","district":"BAREILLY","block":"BAREILLY TOWN","indicator":"girls_toilet_nonfunctional"}},{"type":"Feature","geometry":{"type":"Point","coordinates":[79.19632,28.2157]},"properties":{"udise":"09201713702","name":"TARA CHANDRA ADARSH SCHOOL","state":"UTTAR PRADESH","district":"BAREILLY","block":"ALAMPUR","indicator":"girls_toilet_nonfunctional"}},{"type":"Feature","geometry":{"type":"Point","coordinates":[79.62129,28.21802]},"properties":{"udise":"09200304107","name":"ANSAR ALAM JHS","state":"UTTAR PRADESH","district":"BAREILLY","block":"BHUTA","indicator":"girls_toilet_nonfunctional"}},{"type":"Feature","geometry":{"type":"Point","coordinates":[79.08771,28.39019]},"properties":{"udise":"09200108201","name":"RAJPUT BAL VIDYA MANDIR","state":"UTTAR PRADESH","district":"BAREILLY","block":"RAMNAGAR","indicator":"girls_toilet_nonfunctional"}},{"type":"Feature","geometry":{"type":"Point","coordinates":[79.20811,28.54013]},"properties":{"udise":"09200201327","name":"MADARSA DAR E ARQAM MOHAMMADIYA BARKATE RAZA MEERGANJ","state":"UTTAR PRADESH","district":"BAREILLY","block":"MIRGANJ","indicator":"girls_toilet_nonfunctional"}},{"type":"Feature","geometry":{"type":"Point","coordinates":[79.21123,28.53528]},"properties":{"udise":"09200203902","name":"SWAMI VIVEKANAND PUBLIC SCHOOL","state":"UTTAR PRADESH","district":"BAREILLY","block":"MIRGANJ","indicator":"girls_toilet_nonfunctional"}},{"type":"Feature","geometry":{"type":"Point","coordinates":[79.44887,28.41343]},"properties":{"udise":"09201913405","name":"ANAMIP JHS ALOK NAGAR","state":"UTTAR PRADESH","district":"BAREILLY","block":"BAREILLY TOWN","indicator":"girls_toilet_nonfunctional"}},{"type":"Feature","geometry":{"type":"Point","coordinates":[79.43955,28.39654]},"properties":{"udise":"09201912802","name":"MADARSA JAMIA NOORIA RAZVIA BAQERGANJ","state":"UTTAR PRADESH","district":"BAREILLY","block":"BAREILLY TOWN","indicator":"girls_toilet_nonfunctional"}},{"type":"Feature","geometry":{"type":"Point","coordinates":[79.7547,28.4762]},"properties":{"udise":"09200607404","name":"MADARSA JAME MUSTAFA SIKSHA SAMITI","state":"UTTAR PRADESH","district":"BAREILLY","block":"BHADPURA","indicator":"girls_toilet_nonfunctional"}},{"type":"Feature","geometry":{"type":"Point","coordinates":[79.40363,28.34982]},"properties":{"udise":"09201911603","name":"SWADESH BHOOSHAN GIRLS INTER COLLEGE","state":"UTTAR PRADESH","district":"BAREILLY","block":"BAREILLY TOWN","indicator":"girls_toilet_nonfunctional"}},{"type":"Feature","geometry":{"type":"Point","coordinates":[79.23544,28.19466]},"properties":{"udise":"09201703502","name":"Shree pal public school Bagarpur","state":"UTTAR PRADESH","district":"BAREILLY","block":"ALAMPUR","indicator":"girls_toilet_nonfunctional"}},{"type":"Feature","geometry":{"type":"Point","coordinates":[79.4152,28.271]},"properties":{"udise":"09200604313","name":"AMAR SHAKTI MONT PUBLIC SCHOOL","state":"UTTAR PRADESH","district":"BAREILLY","block":"BHADPURA","indicator":"girls_toilet_nonfunctional"}},{"type":"Feature","geometry":{"type":"Point","coordinates":[79.274,28.576]},"properties":{"udise":"09200704702","name":"V D JH SCHOOL","state":"UTTAR PRADESH","district":"BAREILLY","block":"FATEHGANJ","indicator":"girls_toilet_nonfunctional"}},{"type":"Feature","geometry":{"type":"Point","coordinates":[79.40965,28.34568]},"properties":{"udise":"09201912412","name":"KRISHNA ACADEMY PUBLIC SCHOOL KHALILPUR ROAD CB GANJ","state":"UTTAR PRADESH","district":"BAREILLY","block":"BAREILLY TOWN","indicator":"girls_toilet_nonfunctional"}},{"type":"Feature","geometry":{"type":"Point","coordinates":[79.5623,28.37679]},"properties":{"udise":"09201807705","name":"JWALA PRASAD H.S. SCHOOL","state":"UTTAR PRADESH","district":"BAREILLY","block":"VITHARI CHAINPUR","indicator":"girls_toilet_nonfunctional"}},{"type":"Feature","geometry":{"type":"Point","coordinates":[79.27,28.416]},"properties":{"udise":"09200106806","name":"R N SHARMA INTER COLLEGE BYONDHAN KHURD AONLA BAREILLY","state":"UTTAR PRADESH","district":"BAREILLY","block":"RAMNAGAR","indicator":"girls_toilet_nonfunctional"}},{"type":"Feature","geometry":{"type":"Point","coordinates":[79.43608,28.52248]},"properties":{"udise":"09201108501","name":"P S RAYPUR","state":"UTTAR PRADESH","district":"BAREILLY","block":"BHOJIPURA","indicator":"girls_toilet_nonfunctional"}},{"type":"Feature","geometry":{"type":"Point","coordinates":[79.42188,28.35958]},"properties":{"udise":"09201916202","name":"CHHATRA KALYAN GIRLS H.S. SCHOOL","state":"UTTAR PRADESH","district":"BAREILLY","block":"BAREILLY TOWN","indicator":"girls_toilet_nonfunctional"}},{"type":"Feature","geometry":{"type":"Point","coordinates":[79.1567,28.5292]},"properties":{"udise":"09200201903","name":"SAKLAINA JH SCHOOL","state":"UTTAR PRADESH","district":"BAREILLY","block":"MIRGANJ","indicator":"girls_toilet_nonfunctional"}},{"type":"Feature","geometry":{"type":"Point","coordinates":[79.40666,28.20566]},"properties":{"udise":"09201700305","name":"MADRSA DARUL ULOOM MUFTI-E-AZAM","state":"UTTAR PRADESH","district":"BAREILLY","block":"ALAMPUR","indicator":"girls_toilet_nonfunctional"}},{"type":"Feature","geometry":{"type":"Point","coordinates":[79.24513,28.25357]},"properties":{"udise":"09201110201","name":"P S PURNAPUR","state":"UTTAR PRADESH","district":"BAREILLY","block":"BHOJIPURA","indicator":"girls_toilet_nonfunctional"}},{"type":"Feature","geometry":{"type":"Point","coordinates":[79.53156,28.20559]},"properties":{"udise":"09201600409","name":"Dr Rajeev Modern Public School","state":"UTTAR PRADESH","district":"BAREILLY","block":"FARIDPUR TOWN","indicator":"girls_toilet_nonfunctional"}},{"type":"Feature","geometry":{"type":"Point","coordinates":[79.09472,28.49119]},"properties":{"udise":"09200107318","name":"MODERN PUBLIC SCHOOL","state":"UTTAR PRADESH","district":"BAREILLY","block":"RAMNAGAR","indicator":"girls_toilet_nonfunctional"}},{"type":"Feature","geometry":{"type":"Point","coordinates":[79.384,28.5555]},"properties":{"udise":"09200704901","name":"P S CHAMRAUA","state":"UTTAR PRADESH","district":"BAREILLY","block":"FATEHGANJ","indicator":"girls_toilet_nonfunctional"}},{"type":"Feature","geometry":{"type":"Point","coordinates":[79.52392,28.56394]},"properties":{"udise":"09200413202","name":"UPS MUDIYA VISHAN SAHAY","state":"UTTAR PRADESH","district":"BAREILLY","block":"NAWABGANJ","indicator":"girls_toilet_nonfunctional"}},{"type":"Feature","geometry":{"type":"Point","coordinates":[79.59768,28.32844]},"properties":{"udise":"09200300113","name":"MADARSA AL MAJID","state":"UTTAR PRADESH","district":"BAREILLY","block":"BHUTA","indicator":"girls_toilet_nonfunctional"}},{"type":"Feature","geometry":{"type":"Point","coordinates":[79.05862,28.41928]},"properties":{"udise":"09200101701","name":"P S ATA","state":"UTTAR PRADESH","district":"BAREILLY","block":"RAMNAGAR","indicator":"girls_toilet_nonfunctional"}},{"type":"Feature","geometry":{"type":"Point","coordinates":[79.2647,28.4987]},"properties":{"udise":"09200209101","name":"P S SAHSAN","state":"UTTAR PRADESH","district":"BAREILLY","block":"MIRGANJ","indicator":"girls_toilet_nonfunctional"}},{"type":"Feature","geometry":{"type":"Point","coordinates":[79.13496,28.13496]},"properties":{"udise":"09201008209","name":"VIDYAWATI SHISHU MANDIR","state":"UTTAR PRADESH","district":"BAREILLY","block":"MAJHGAWAN","indicator":"girls_toilet_nonfunctional"}},{"type":"Feature","geometry":{"type":"Point","coordinates":[79.26701,28.21855]},"properties":{"udise":"09201900702","name":"BUSHRA CONVENT SCHOOL","state":"UTTAR PRADESH","district":"BAREILLY","block":"BAREILLY TOWN","indicator":"girls_toilet_nonfunctional"}},{"type":"Feature","geometry":{"type":"Point","coordinates":[82.5616,26.93693]},"properties":{"udise":"09550513001","name":"P S SAORAHA","state":"UTTAR PRADESH","district":"BASTI","block":"GAUR","indicator":"no_girls_toilet"}},{"type":"Feature","geometry":{"type":"Point","coordinates":[82.63049,26.9012]},"properties":{"udise":"09550507401","name":"P.S.BABAHNGANVA KALA","state":"UTTAR PRADESH","district":"BASTI","block":"GAUR","indicator":"no_girls_toilet"}},{"type":"Feature","geometry":{"type":"Point","coordinates":[82.6174,26.83468]},"properties":{"udise":"09550509901","name":"P.S.BADOKHAR","state":"UTTAR PRADESH","district":"BASTI","block":"GAUR","indicator":"no_girls_toilet"}},{"type":"Feature","geometry":{"type":"Point","coordinates":[82.74593,26.79735]},"properties":{"udise":"09551404622","name":"INDRA PUBLIC HR SEC SCHOOL BASTI","state":"UTTAR PRADESH","district":"BASTI","block":"TOWN AREA","indicator":"no_girls_toilet"}},{"type":"Feature","geometry":{"type":"Point","coordinates":[82.74587,26.79725]},"properties":{"udise":"09551404611","name":"KHAIR INDUSTRIAL INTER COLL BASTI","state":"UTTAR PRADESH","district":"BASTI","block":"TOWN AREA","indicator":"no_girls_toilet"}},{"type":"Feature","geometry":{"type":"Point","coordinates":[82.34361,26.7905]},"properties":{"udise":"09550909503","name":"SWAMI DAYANAND SARSWATI INTER COLLEGE SHAKTIPUR BASTI","state":"UTTAR PRADESH","district":"BASTI","block":"VIKRAMJOT","indicator":"no_girls_toilet"}},{"type":"Feature","geometry":{"type":"Point","coordinates":[82.61846,26.65399]},"properties":{"udise":"09551505801","name":"P.S.DEIDEEHA KHURD","state":"UTTAR PRADESH","district":"BASTI","block":"DUBAULIA","indicator":"no_girls_toilet"}},{"type":"Feature","geometry":{"type":"Point","coordinates":[82.81157,26.7354]},"properties":{"udise":"09550702902","name":"P.S. GAURA YADAV KA PURWA","state":"UTTAR PRADESH","district":"BASTI","block":"BASTI SADAR","indicator":"no_girls_toilet"}},{"type":"Feature","geometry":{"type":"Point","coordinates":[82.37577,26.84055]},"properties":{"udise":"09550901202","name":"PS RANI GAON","state":"UTTAR PRADESH","district":"BASTI","block":"VIKRAMJOT","indicator":"no_girls_toilet"}},{"type":"Feature","geometry":{"type":"Point","coordinates":[82.52221,26.92233]},"properties":{"udise":"09550518706","name":"LORD BUDHA HR SEC VIDYALAY GOKULPURAM BABNAN","state":"UTTAR PRADESH","district":"BASTI","block":"GAUR","indicator":"no_girls_toilet"}},{"type":"Feature","geometry":{"type":"Point","coordinates":[82.59333,27.04694]},"properties":{"udise":"09550811402","name":"PS PARASA KHURD","state":"UTTAR PRADESH","district":"BASTI","block":"RAMNAGAR","indicator":"no_girls_toilet"}},{"type":"Feature","geometry":{"type":"Point","coordinates":[82.76349,26.81732]},"properties":{"udise":"09550402605","name":"SARDAR PATEL PUBLIC SCHOOL BADHAUNI","state":"UTTAR PRADESH","district":"BASTI","block":"BANKATI","indicator":"no_girls_toilet"}},{"type":"Feature","geometry":{"type":"Point","coordinates":[82.60868,26.83375]},"properties":{"udise":"09550503501","name":"P.S. ABHAYPURA","state":"UTTAR PRADESH","district":"BASTI","block":"GAUR","indicator":"no_girls_toilet"}},{"type":"Feature","geometry":{"type":"Point","coordinates":[82.7517,26.6995]},"properties":{"udise":"09550110301","name":"P.S. MAHDEVA","state":"UTTAR PRADESH","district":"BASTI","block":"BAHADURPUR","indicator":"no_girls_toilet"}},{"type":"Feature","geometry":{"type":"Point","coordinates":[82.51316,26.90135]},"properties":{"udise":"09550507804","name":"UPS JALADABAD","state":"UTTAR PRADESH","district":"BASTI","block":"GAUR","indicator":"no_girls_toilet"}},{"type":"Feature","geometry":{"type":"Point","coordinates":[82.78883,26.66111]},"properties":{"udise":"09551006501","name":"P.S.MEHNAUNA","state":"UTTAR PRADESH","district":"BASTI","block":"KUDRAHA","indicator":"no_girls_toilet"}},{"type":"Feature","geometry":{"type":"Point","coordinates":[82.58254,26.90451]},"properties":{"udise":"09550503701","name":"P.S. CHAKCHIE","state":"UTTAR PRADESH","district":"BASTI","block":"GAUR","indicator":"no_girls_toilet"}},{"type":"Feature","geometry":{"type":"Point","coordinates":[82.2591,26.394]},"properties":{"udise":"09551208603","name":"U.P.S. ASHOKPUR","state":"UTTAR PRADESH","district":"BASTI","block":"PARSHURAMPUR","indicator":"no_girls_toilet"}},{"type":"Feature","geometry":{"type":"Point","coordinates":[82.6181,26.6626]},"properties":{"udise":"09551505701","name":"P.S.SHRAWANPUR PANDEY","state":"UTTAR PRADESH","district":"BASTI","block":"DUBAULIA","indicator":"no_girls_toilet"}},{"type":"Feature","geometry":{"type":"Point","coordinates":[82.7503,26.8656]},"properties":{"udise":"09551112108","name":"S D PUBLIC SCHOOL DAULATPUR","state":"UTTAR PRADESH","district":"BASTI","block":"SAUNGHAT","indicator":"no_girls_toilet"}},{"type":"Feature","geometry":{"type":"Point","coordinates":[82.76514,26.81985]},"properties":{"udise":"09551405301","name":"ANURAG PS SCHOOL","state":"UTTAR PRADESH","district":"BASTI","block":"TOWN AREA","indicator":"no_girls_toilet"}},{"type":"Feature","geometry":{"type":"Point","coordinates":[82.7804,26.7726]},"properties":{"udise":"09550715802","name":"MADARSA DARUL ULOOM VAZHUL ULOOM MAHBOBIYA SAFVIYA NIZAMIYA","state":"UTTAR PRADESH","district":"BASTI","block":"BASTI SADAR","indicator":"no_girls_toilet"}},{"type":"Feature","geometry":{"type":"Point","coordinates":[82.7607,26.6489]},"properties":{"udise":"09550106901","name":"P.S. RAMPUR","state":"UTTAR PRADESH","district":"BASTI","block":"BAHADURPUR","indicator":"no_girls_toilet"}},{"type":"Feature","geometry":{"type":"Point","coordinates":[82.78781,26.72587]},"properties":{"udise":"09550706901","name":"P.S.BALUVA","state":"UTTAR PRADESH","district":"BASTI","block":"BASTI SADAR","indicator":"no_girls_toilet"}},{"type":"Feature","geometry":{"type":"Point","coordinates":[82.73634,26.6682]},"properties":{"udise":"09551007202","name":"U.P.S MASODHAWA","state":"UTTAR PRADESH","district":"BASTI","block":"KUDRAHA","indicator":"no_girls_toilet"}},{"type":"Feature","geometry":{"type":"Point","coordinates":[82.61616,26.54787]},"properties":{"udise":"09551506301","name":"P.S.TIGHRA","state":"UTTAR PRADESH","district":"BASTI","block":"DUBAULIA","indicator":"no_girls_toilet"}},{"type":"Feature","geometry":{"type":"Point","coordinates":[82.33229,26.75798]},"properties":{"udise":"09550913601","name":"UPS ARJUNPUR","state":"UTTAR PRADESH","district":"BASTI","block":"VIKRAMJOT","indicator":"no_girls_toilet"}},{"type":"Feature","geometry":{"type":"Point","coordinates":[82.56382,26.77338]},"properties":{"udise":"09550201803","name":"PS BHAIROPUR","state":"UTTAR PRADESH","district":"BASTI","block":"KAPTANGANJ","indicator":"no_girls_toilet"}},{"type":"Feature","geometry":{"type":"Point","coordinates":[82.61656,26.64272]},"properties":{"udise":"09551506201","name":"P.S.HARIPALPUR","state":"UTTAR PRADESH","district":"BASTI","block":"DUBAULIA","indicator":"no_girls_toilet"}},{"type":"Feature","geometry":{"type":"Point","coordinates":[82.93267,26.71751]},"properties":{"udise":"09550403001","name":"P.S. PADRI","state":"UTTAR PRADESH","district":"BASTI","block":"BANKATI","indicator":"no_girls_toilet"}},{"type":"Feature","geometry":{"type":"Point","coordinates":[82,27]},"properties":{"udise":"09550810302","name":"GOVT ASHRAM PADATI VIDYALAY JOGIYA PUR","state":"UTTAR PRADESH","district":"BASTI","block":"RAMNAGAR","indicator":"no_girls_toilet"}},{"type":"Feature","geometry":{"type":"Point","coordinates":[82.7631,26.82892]},"properties":{"udise":"09551105908","name":"PREMCHANDRA SMARAK IC AMAULI BASTI","state":"UTTAR PRADESH","district":"BASTI","block":"SAUNGHAT","indicator":"no_girls_toilet"}},{"type":"Feature","geometry":{"type":"Point","coordinates":[82.18097,26.5246]},"properties":{"udise":"09551210104","name":"SHRI SANSKRIT UTTAR MADHYMIK VIDYALAYA MAKHKSHETRA MAKHODA","state":"UTTAR PRADESH","district":"BASTI","block":"PARSHURAMPUR","indicator":"no_girls_toilet"}},{"type":"Feature","geometry":{"type":"Point","coordinates":[82.66349,26.81733]},"properties":{"udise":"09550907602","name":"J.H.S. TURSI","state":"UTTAR PRADESH","district":"BASTI","block":"VIKRAMJOT","indicator":"no_girls_toilet"}},{"type":"Feature","geometry":{"type":"Point","coordinates":[82.59366,26.97009]},"properties":{"udise":"09550518725","name":"H L B INTER COLL HALWA","state":"UTTAR PRADESH","district":"BASTI","block":"GAUR","indicator":"no_girls_toilet"}},{"type":"Feature","geometry":{"type":"Point","coordinates":[82.49203,26.70114]},"properties":{"udise":"09551500104","name":"JHS DUBAULIYA BAZAR","state":"UTTAR PRADESH","district":"BASTI","block":"DUBAULIA","indicator":"no_girls_toilet"}},{"type":"Feature","geometry":{"type":"Point","coordinates":[82.30513,26.83527]},"properties":{"udise":"09550905010","name":"SANT TULSI DAS INTER COLL BASTHANWAN","state":"UTTAR PRADESH","district":"BASTI","block":"VIKRAMJOT","indicator":"no_girls_toilet"}},{"type":"Feature","geometry":{"type":"Point","coordinates":[82.51035,26.92799]},"properties":{"udise":"09550504104","name":"PS LOHAIYA NAGAR","state":"UTTAR PRADESH","district":"BASTI","block":"GAUR","indicator":"no_girls_toilet"}},{"type":"Feature","geometry":{"type":"Point","coordinates":[82.82034,26.96126]},"properties":{"udise":"09550300812","name":"SRI MATI LAXMI DAVI INTER COLL RUDHAULI","state":"UTTAR PRADESH","district":"BASTI","block":"RUDHOLI","indicator":"no_girls_toilet"}},{"type":"Feature","geometry":{"type":"Point","coordinates":[82.79349,26.81712]},"properties":{"udise":"09550406804","name":"UTTAMRAJI DEVI RAMSHANKAR UPADHAYAY PRATHMIK VIDYALAYA","state":"UTTAR PRADESH","district":"BASTI","block":"BANKATI","indicator":"no_girls_toilet"}},{"type":"Feature","geometry":{"type":"Point","coordinates":[82.5137,26.72814]},"properties":{"udise":"09551504302","name":"COMPOSITE JHS SIKTIHVA","state":"UTTAR PRADESH","district":"BASTI","block":"DUBAULIA","indicator":"no_girls_toilet"}},{"type":"Feature","geometry":{"type":"Point","coordinates":[82.38233,26.77617]},"properties":{"udise":"09550905018","name":"LATIFIYA INTER COLL CHAVNI","state":"UTTAR PRADESH","district":"BASTI","block":"VIKRAMJOT","indicator":"no_girls_toilet"}},{"type":"Feature","geometry":{"type":"Point","coordinates":[82.68,26.65]},"properties":{"udise":"09550108111","name":"JHINKU LAL TIRVENI RAM INTER COLLEGE KALWARI","state":"UTTAR PRADESH","district":"BASTI","block":"BAHADURPUR","indicator":"no_girls_toilet"}},{"type":"Feature","geometry":{"type":"Point","coordinates":[82.74592,26.79736]},"properties":{"udise":"09551404605","name":"GOVT INTER COLLEGE BASTI","state":"UTTAR PRADESH","district":"BASTI","block":"TOWN AREA","indicator":"no_girls_toilet"}},{"type":"Feature","geometry":{"type":"Point","coordinates":[82.34791,27.45664]},"properties":{"udise":"09550905011","name":"NEHRU KIRSHAK INTER COLL BHAGWANPUR","state":"UTTAR PRADESH","district":"BASTI","block":"VIKRAMJOT","indicator":"no_girls_toilet"}},{"type":"Feature","geometry":{"type":"Point","coordinates":[82.3366,26.937]},"properties":{"udise":"09551200103","name":"PS MISHRAULI","state":"UTTAR PRADESH","district":"BASTI","block":"PARSHURAMPUR","indicator":"girls_toilet_nonfunctional"}},{"type":"Feature","geometry":{"type":"Point","coordinates":[82.68472,26.76952]},"properties":{"udise":"09550713802","name":"R D SURMOUNT INTERNATIONAL SCHOOL AMHAT","state":"UTTAR PRADESH","district":"BASTI","block":"BASTI SADAR","indicator":"girls_toilet_nonfunctional"}},{"type":"Feature","geometry":{"type":"Point","coordinates":[82.61392,26.9228]},"properties":{"udise":"09550505801","name":"P.S. SHIVA","state":"UTTAR PRADESH","district":"BASTI","block":"GAUR","indicator":"girls_toilet_nonfunctional"}},{"type":"Feature","geometry":{"type":"Point","coordinates":[82.78042,26.77266]},"properties":{"udise":"09550715803","name":"MADARSA DARUL ULOOM VAZHUL ULOOM NISWA","state":"UTTAR PRADESH","district":"BASTI","block":"BASTI SADAR","indicator":"girls_toilet_nonfunctional"}},{"type":"Feature","geometry":{"type":"Point","coordinates":[78.13413,29.37245]},"properties":{"udise":"09550708207","name":"Shubham Global School Mahson, Basti","state":"UTTAR PRADESH","district":"BASTI","block":"BASTI SADAR","indicator":"girls_toilet_nonfunctional"}},{"type":"Feature","geometry":{"type":"Point","coordinates":[82.81365,26.88628]},"properties":{"udise":"09551111802","name":"J.H.S. TELIYADEEH","state":"UTTAR PRADESH","district":"BASTI","block":"SAUNGHAT","indicator":"girls_toilet_nonfunctional"}},{"type":"Feature","geometry":{"type":"Point","coordinates":[82.83247,26.65392]},"properties":{"udise":"09551004501","name":"P.S. KOPE","state":"UTTAR PRADESH","district":"BASTI","block":"KUDRAHA","indicator":"girls_toilet_nonfunctional"}},{"type":"Feature","geometry":{"type":"Point","coordinates":[82.61947,26.71552]},"properties":{"udise":"09550206402","name":"J.H.S. POKHRA","state":"UTTAR PRADESH","district":"BASTI","block":"KAPTANGANJ","indicator":"girls_toilet_nonfunctional"}},{"type":"Feature","geometry":{"type":"Point","coordinates":[82.22518,26.53572]},"properties":{"udise":"09551206101","name":"P.S. GOPINATHPUR","state":"UTTAR PRADESH","district":"BASTI","block":"PARSHURAMPUR","indicator":"girls_toilet_nonfunctional"}},{"type":"Feature","geometry":{"type":"Point","coordinates":[82.70315,26.77922]},"properties":{"udise":"09550709702","name":"OMNI INTERNATIONAL SCHOOL","state":"UTTAR PRADESH","district":"BASTI","block":"BASTI SADAR","indicator":"girls_toilet_nonfunctional"}},{"type":"Feature","geometry":{"type":"Point","coordinates":[82.25896,26.54027]},"properties":{"udise":"09551212522","name":"PS KAKRAHIYA","state":"UTTAR PRADESH","district":"BASTI","block":"PARSHURAMPUR","indicator":"girls_toilet_nonfunctional"}},{"type":"Feature","geometry":{"type":"Point","coordinates":[82.76042,26.81227]},"properties":{"udise":"09551401901","name":"P.S. DAKHIN DARVAJA","state":"UTTAR PRADESH","district":"BASTI","block":"TOWN AREA","indicator":"girls_toilet_nonfunctional"}},{"type":"Feature","geometry":{"type":"Point","coordinates":[82.76342,26.81728]},"properties":{"udise":"09550713219","name":"BABA MAHA DEV INTER COLL NAGHARA","state":"UTTAR PRADESH","district":"BASTI","block":"BASTI SADAR","indicator":"girls_toilet_nonfunctional"}},{"type":"Feature","geometry":{"type":"Point","coordinates":[82.54101,26.69419]},"properties":{"udise":"09551503207","name":"U.P.S. BHARUKAHWA","state":"UTTAR PRADESH","district":"BASTI","block":"DUBAULIA","indicator":"girls_toilet_nonfunctional"}},{"type":"Feature","geometry":{"type":"Point","coordinates":[82.669,27.119]},"properties":{"udise":"09550802302","name":"COMPOSITE J.H.S. MANJHAUVA RAM PRASAD","state":"UTTAR PRADESH","district":"BASTI","block":"RAMNAGAR","indicator":"girls_toilet_nonfunctional"}},{"type":"Feature","geometry":{"type":"Point","coordinates":[82.74854,26.81769]},"properties":{"udise":"09550704901","name":"P.S.RUDHALI(DAIEPAR)","state":"UTTAR PRADESH","district":"BASTI","block":"BASTI SADAR","indicator":"girls_toilet_nonfunctional"}},{"type":"Feature","geometry":{"type":"Point","coordinates":[82.71872,26.76975]},"properties":{"udise":"09550706101","name":"P.S. BHUAR SARAI","state":"UTTAR PRADESH","district":"BASTI","block":"BASTI SADAR","indicator":"girls_toilet_nonfunctional"}},{"type":"Feature","geometry":{"type":"Point","coordinates":[82.678,26.656]},"properties":{"udise":"09550112602","name":"P.S.BELWADAR","state":"UTTAR PRADESH","district":"BASTI","block":"BAHADURPUR","indicator":"girls_toilet_nonfunctional"}},{"type":"Feature","geometry":{"type":"Point","coordinates":[82.19265,26.54688]},"properties":{"udise":"09551207503","name":"COMPOSITE U.P.S. PADRI BABU","state":"UTTAR PRADESH","district":"BASTI","block":"PARSHURAMPUR","indicator":"girls_toilet_nonfunctional"}},{"type":"Feature","geometry":{"type":"Point","coordinates":[82.56222,26.93232]},"properties":{"udise":"09550512503","name":"PS SIKARI REKWAR","state":"UTTAR PRADESH","district":"BASTI","block":"GAUR","indicator":"girls_toilet_nonfunctional"}},{"type":"Feature","geometry":{"type":"Point","coordinates":[82.40482,26.84303]},"properties":{"udise":"09550904503","name":"J.H.S. SHERWADEEH II","state":"UTTAR PRADESH","district":"BASTI","block":"VIKRAMJOT","indicator":"girls_toilet_nonfunctional"}},{"type":"Feature","geometry":{"type":"Point","coordinates":[82.67,26.66]},"properties":{"udise":"09550105107","name":"NISHATE SANIYA A.I. UPS KUSAURA","state":"UTTAR PRADESH","district":"BASTI","block":"BAHADURPUR","indicator":"girls_toilet_nonfunctional"}},{"type":"Feature","geometry":{"type":"Point","coordinates":[82.71672,26.64169]},"properties":{"udise":"09551011701","name":"PS MANOVA","state":"UTTAR PRADESH","district":"BASTI","block":"KUDRAHA","indicator":"girls_toilet_nonfunctional"}},{"type":"Feature","geometry":{"type":"Point","coordinates":[82.51556,26.9184]},"properties":{"udise":"09550518708","name":"GOVT KANYA INTER COL KACHIYA","state":"UTTAR PRADESH","district":"BASTI","block":"GAUR","indicator":"girls_toilet_nonfunctional"}},{"type":"Feature","geometry":{"type":"Point","coordinates":[82.65982,26.82541]},"properties":{"udise":"09550702403","name":"MAHADEV PANDEY INTERMEDIATE COLLEGE GANGAPUR GAURA GANESHPUR BASTI","state":"UTTAR PRADESH","district":"BASTI","block":"BASTI SADAR","indicator":"girls_toilet_nonfunctional"}},{"type":"Feature","geometry":{"type":"Point","coordinates":[82.46354,26.74779]},"properties":{"udise":"09551304801","name":"AMBIKA DAT SINGH J H SCOOL","state":"UTTAR PRADESH","district":"BASTI","block":"HARRIYA","indicator":"girls_toilet_nonfunctional"}},{"type":"Feature","geometry":{"type":"Point","coordinates":[82.0022,26.0053]},"properties":{"udise":"09551202601","name":"P.S. NAGARBEHRA","state":"UTTAR PRADESH","district":"BASTI","block":"PARSHURAMPUR","indicator":"girls_toilet_nonfunctional"}},{"type":"Feature","geometry":{"type":"Point","coordinates":[82.51651,26.9474]},"properties":{"udise":"09550518713","name":"LAL BAHADUR SASTRI INTER COLL MUSHA","state":"UTTAR PRADESH","district":"BASTI","block":"GAUR","indicator":"girls_toilet_nonfunctional"}},{"type":"Feature","geometry":{"type":"Point","coordinates":[82.67136,26.81419]},"properties":{"udise":"09550702514","name":"SMT SHIMLA DEVI PP INTER COLLEGE SHIVNAGAR GANESHPUR","state":"UTTAR PRADESH","district":"BASTI","block":"BASTI SADAR","indicator":"girls_toilet_nonfunctional"}},{"type":"Feature","geometry":{"type":"Point","coordinates":[82.79688,26.6965]},"properties":{"udise":"09550107605","name":"J.H.S. PIPRAGAUTAM","state":"UTTAR PRADESH","district":"BASTI","block":"BAHADURPUR","indicator":"girls_toilet_nonfunctional"}},{"type":"Feature","geometry":{"type":"Point","coordinates":[82.77818,26.81127]},"properties":{"udise":"09550708802","name":"SARLA INTERNATIONAL ACADEMY","state":"UTTAR PRADESH","district":"BASTI","block":"BASTI SADAR","indicator":"girls_toilet_nonfunctional"}},{"type":"Feature","geometry":{"type":"Point","coordinates":[82.80038,26.71302]},"properties":{"udise":"09550700904","name":"GAURI DUTT YADAV SMARAK INTER COLLEGE CHAGERWA","state":"UTTAR PRADESH","district":"BASTI","block":"BASTI SADAR","indicator":"girls_toilet_nonfunctional"}},{"type":"Feature","geometry":{"type":"Point","coordinates":[82.68485,26.96839]},"properties":{"udise":"09550611701","name":"P.S. LAPSI","state":"UTTAR PRADESH","district":"BASTI","block":"SALTOVA GOPALPUR","indicator":"girls_toilet_nonfunctional"}},{"type":"Feature","geometry":{"type":"Point","coordinates":[82.76139,26.79441]},"properties":{"udise":"09550700305","name":"G S INTER COLLEGE JANDEEH BASTI","state":"UTTAR PRADESH","district":"BASTI","block":"BASTI SADAR","indicator":"girls_toilet_nonfunctional"}},{"type":"Feature","geometry":{"type":"Point","coordinates":[82.55049,26.91775]},"properties":{"udise":"09550506001","name":"P.S. NAURANGNAGAR","state":"UTTAR PRADESH","district":"BASTI","block":"GAUR","indicator":"girls_toilet_nonfunctional"}},{"type":"Feature","geometry":{"type":"Point","coordinates":[82.76341,26.81742]},"properties":{"udise":"09550713211","name":"SRI MATI CHANDRA VATI DAVI BALIKA INTER COLL BELADI","state":"UTTAR PRADESH","district":"BASTI","block":"BASTI SADAR","indicator":"girls_toilet_nonfunctional"}},{"type":"Feature","geometry":{"type":"Point","coordinates":[82.52896,26.93627]},"properties":{"udise":"09550518717","name":"SHIV INTER COLL USKA KAR HANSH","state":"UTTAR PRADESH","district":"BASTI","block":"GAUR","indicator":"girls_toilet_nonfunctional"}},{"type":"Feature","geometry":{"type":"Point","coordinates":[82.92563,26.71252]},"properties":{"udise":"09550416201","name":"COMPOSITE JHS JAGUI","state":"UTTAR PRADESH","district":"BASTI","block":"BANKATI","indicator":"girls_toilet_nonfunctional"}},{"type":"Feature","geometry":{"type":"Point","coordinates":[82.70725,26.93343]},"properties":{"udise":"09550613801","name":"P.S. AGYA","state":"UTTAR PRADESH","district":"BASTI","block":"SALTOVA GOPALPUR","indicator":"girls_toilet_nonfunctional"}},{"type":"Feature","geometry":{"type":"Point","coordinates":[82.76345,26.81998]},"properties":{"udise":"09550109402","name":"COMPOSITE UPS BHISWA","state":"UTTAR PRADESH","district":"BASTI","block":"BAHADURPUR","indicator":"girls_toilet_nonfunctional"}},{"type":"Feature","geometry":{"type":"Point","coordinates":[82.77828,26.81027]},"properties":{"udise":"09550710602","name":"PT CHANDRABHAN DWIVEDI IC ODWARA BASTI","state":"UTTAR PRADESH","district":"BASTI","block":"BASTI SADAR","indicator":"girls_toilet_nonfunctional"}},{"type":"Feature","geometry":{"type":"Point","coordinates":[82.60578,26.83642]},"properties":{"udise":"09550502801","name":"P.S. SANVDEEH","state":"UTTAR PRADESH","district":"BASTI","block":"GAUR","indicator":"girls_toilet_nonfunctional"}},{"type":"Feature","geometry":{"type":"Point","coordinates":[82.76451,26.78221]},"properties":{"udise":"09550713215","name":"DHURV CHANDRA PRAHLAD KUMAR INTER COLLEGE PAKARDAND","state":"UTTAR PRADESH","district":"BASTI","block":"BASTI SADAR","indicator":"girls_toilet_nonfunctional"}},{"type":"Feature","geometry":{"type":"Point","coordinates":[82.2205,26.5797]},"properties":{"udise":"09551204601","name":"P.S. KARMIPATTI","state":"UTTAR PRADESH","district":"BASTI","block":"PARSHURAMPUR","indicator":"girls_toilet_nonfunctional"}},{"type":"Feature","geometry":{"type":"Point","coordinates":[82.72155,26.80829]},"properties":{"udise":"09550704604","name":"MAHARISHI VIDYA MANDIR SR SEC SCHOOL","state":"UTTAR PRADESH","district":"BASTI","block":"BASTI SADAR","indicator":"girls_toilet_nonfunctional"}},{"type":"Feature","geometry":{"type":"Point","coordinates":[82.67139,26.81422]},"properties":{"udise":"09550713221","name":"SMT. SHYAM KUMARI TILAK BAHADUR LAL INTER COLLEGE SHIV NAGAR GANESHPUR BASTI","state":"UTTAR PRADESH","district":"BASTI","block":"BASTI SADAR","indicator":"girls_toilet_nonfunctional"}},{"type":"Feature","geometry":{"type":"Point","coordinates":[82.71278,26.79482]},"properties":{"udise":"09550709903","name":"Blooming Buds Higher Secondary School","state":"UTTAR PRADESH","district":"BASTI","block":"BASTI SADAR","indicator":"girls_toilet_nonfunctional"}},{"type":"Feature","geometry":{"type":"Point","coordinates":[82.78031,26.76224]},"properties":{"udise":"09550716002","name":"ALHAJ ABDUL RAZZAK SHAHIDUNNISA KANYA IC BALLIPATTI DUDHAURA BASTI","state":"UTTAR PRADESH","district":"BASTI","block":"BASTI SADAR","indicator":"girls_toilet_nonfunctional"}},{"type":"Feature","geometry":{"type":"Point","coordinates":[82.7738,26.6126]},"properties":{"udise":"09551003802","name":"U.P.S.IJERGAD","state":"UTTAR PRADESH","district":"BASTI","block":"KUDRAHA","indicator":"girls_toilet_nonfunctional"}},{"type":"Feature","geometry":{"type":"Point","coordinates":[82.71845,26.84412]},"properties":{"udise":"09550702002","name":"AJAY PRATAP NARAYAN I C DASKOLWA","state":"UTTAR PRADESH","district":"BASTI","block":"BASTI SADAR","indicator":"girls_toilet_nonfunctional"}},{"type":"Feature","geometry":{"type":"Point","coordinates":[82.63546,26.81974]},"properties":{"udise":"09550700102","name":"COMPOSITE U.P.S. KATARA BUJURG","state":"UTTAR PRADESH","district":"BASTI","block":"BASTI SADAR","indicator":"girls_toilet_nonfunctional"}},{"type":"Feature","geometry":{"type":"Point","coordinates":[82.54354,26.75351]},"properties":{"udise":"09550218511","name":"BHAGWAT PRASAD DALLAN LAL BALIKA INTER COLLEGE BIHRA BAZAR MAHARAJGANJ BASTI","state":"UTTAR PRADESH","district":"BASTI","block":"KAPTANGANJ","indicator":"girls_toilet_nonfunctional"}},{"type":"Feature","geometry":{"type":"Point","coordinates":[82.78685,26.76655]},"properties":{"udise":"09550713207","name":"KIRISHAK HR SEC DARIDIHA","state":"UTTAR PRADESH","district":"BASTI","block":"BASTI SADAR","indicator":"girls_toilet_nonfunctional"}},{"type":"Feature","geometry":{"type":"Point","coordinates":[82.35652,26.202]},"properties":{"udise":"09550704605","name":"DELHI SCHOOL OF EXCELLENCE","state":"UTTAR PRADESH","district":"BASTI","block":"BASTI SADAR","indicator":"girls_toilet_nonfunctional"}},{"type":"Feature","geometry":{"type":"Point","coordinates":[82.42615,26.68668]},"properties":{"udise":"09551503208","name":"U.P.S.BHARWATIYA","state":"UTTAR PRADESH","district":"BASTI","block":"DUBAULIA","indicator":"girls_toilet_nonfunctional"}},{"type":"Feature","geometry":{"type":"Point","coordinates":[82.55445,26.87753]},"properties":{"udise":"09550514703","name":"BEGUM ABDUL MOID GIRLS I C PEDARIYA BASTI","state":"UTTAR PRADESH","district":"BASTI","block":"GAUR","indicator":"girls_toilet_nonfunctional"}},{"type":"Feature","geometry":{"type":"Point","coordinates":[82.35629,25.419]},"properties":{"udise":"09710703503","name":"PS DURGAPUR BRAHMAD BASTI","state":"UTTAR PRADESH","district":"BHADOI","block":"ABHOLI","indicator":"no_girls_toilet"}},{"type":"Feature","geometry":{"type":"Point","coordinates":[82.43477,25.38352]},"properties":{"udise":"09710208906","name":"GOVT. HIGH SCHOOL PALI","state":"UTTAR PRADESH","district":"BHADOI","block":"GYANPUR","indicator":"no_girls_toilet"}},{"type":"Feature","geometry":{"type":"Point","coordinates":[82.70319,25.36461]},"properties":{"udise":"09710110702","name":"UPS RAGHUPUR","state":"UTTAR PRADESH","district":"BHADOI","block":"BHADOHI","indicator":"no_girls_toilet"}},{"type":"Feature","geometry":{"type":"Point","coordinates":[82.31309,25.36466]},"properties":{"udise":"09710204603","name":"MAA GANGA CONVENT SCHOOL SOVARI","state":"UTTAR PRADESH","district":"BHADOI","block":"GYANPUR","indicator":"no_girls_toilet"}},{"type":"Feature","geometry":{"type":"Point","coordinates":[82.417,25.2953]},"properties":{"udise":"09710521102","name":"MAA SHARADA DHANARAJI DEVI UCHCHATAR MADYAMIK VIDHYALAY","state":"UTTAR PRADESH","district":"BHADOI","block":"DEEGH","indicator":"no_girls_toilet"}},{"type":"Feature","geometry":{"type":"Point","coordinates":[82.42482,25.28774]},"properties":{"udise":"09710221612","name":"GULABDHAR MISHRA INTER COLLEGE GOPIGANJ","state":"UTTAR PRADESH","district":"BHADOI","block":"GYANPUR","indicator":"no_girls_toilet"}},{"type":"Feature","geometry":{"type":"Point","coordinates":[82.65004,25.32655]},"properties":{"udise":"09710124801","name":"P S DHANVATIYA","state":"UTTAR PRADESH","district":"BHADOI","block":"BHADOHI","indicator":"no_girls_toilet"}},{"type":"Feature","geometry":{"type":"Point","coordinates":[82.3837,25.3139]},"properties":{"udise":"09710502104","name":"MAN SH DHAN DEVI PS DAVANPUR","state":"UTTAR PRADESH","district":"BHADOI","block":"DEEGH","indicator":"no_girls_toilet"}},{"type":"Feature","geometry":{"type":"Point","coordinates":[82.42558,25.29533]},"properties":{"udise":"09710223501","name":"P S KATHAUTA","state":"UTTAR PRADESH","district":"BHADOI","block":"GYANPUR","indicator":"no_girls_toilet"}},{"type":"Feature","geometry":{"type":"Point","coordinates":[82.40069,25.40069]},"properties":{"udise":"09710703203","name":"GOVT. HIGH SCHOOL SADAUPUR","state":"UTTAR PRADESH","district":"BHADOI","block":"ABHOLI","indicator":"no_girls_toilet"}},{"type":"Feature","geometry":{"type":"Point","coordinates":[82.47837,25.29183]},"properties":{"udise":"09710218902","name":"UPS LOHRAKHAS","state":"UTTAR PRADESH","district":"BHADOI","block":"GYANPUR","indicator":"no_girls_toilet"}},{"type":"Feature","geometry":{"type":"Point","coordinates":[82.3574,25.3976]},"properties":{"udise":"09710706901","name":"PS SARAYRUDDI","state":"UTTAR PRADESH","district":"BHADOI","block":"ABHOLI","indicator":"no_girls_toilet"}},{"type":"Feature","geometry":{"type":"Point","coordinates":[82.60316,25.38797]},"properties":{"udise":"09710104202","name":"SHIVAM PUBLIC SCHOOL JHS AHMADPUR FULWARIYA","state":"UTTAR PRADESH","district":"BHADOI","block":"BHADOHI","indicator":"girls_toilet_nonfunctional"}},{"type":"Feature","geometry":{"type":"Point","coordinates":[82.657,25.3151]},"properties":{"udise":"09710122303","name":"MADARSA JAMIA  MAJEEDIA SAYEEDUL ULOOM ARJUNPUR","state":"UTTAR PRADESH","district":"BHADOI","block":"BHADOHI","indicator":"girls_toilet_nonfunctional"}},{"type":"Feature","geometry":{"type":"Point","coordinates":[82.43504,25.27038]},"properties":{"udise":"09710222902","name":"SAYRA GIRLS INTER COLLEGE GOPIGANJ","state":"UTTAR PRADESH","district":"BHADOI","block":"GYANPUR","indicator":"girls_toilet_nonfunctional"}},{"type":"Feature","geometry":{"type":"Point","coordinates":[82.6405,25.373]},"properties":{"udise":"09710107205","name":"BHARATIYA INTER COLLEGE","state":"UTTAR PRADESH","district":"BHADOI","block":"BHADOHI","indicator":"girls_toilet_nonfunctional"}},{"type":"Feature","geometry":{"type":"Point","coordinates":[82.46752,25.33382]},"properties":{"udise":"09710221518","name":"VIBHUTI NARAYAN GOVT. INTER COLLEGE GYANPUR","state":"UTTAR PRADESH","district":"BHADOI","block":"GYANPUR","indicator":"girls_toilet_nonfunctional"}},{"type":"Feature","geometry":{"type":"Point","coordinates":[82.44934,25.53563]},"properties":{"udise":"09710314201","name":"P S DANGAHARI","state":"UTTAR PRADESH","district":"BHADOI","block":"SURIYAVAN","indicator":"girls_toilet_nonfunctional"}},{"type":"Feature","geometry":{"type":"Point","coordinates":[82.46752,25.33382]},"properties":{"udise":"09710212101","name":"P S LAKHANO","state":"UTTAR PRADESH","district":"BHADOI","block":"GYANPUR","indicator":"girls_toilet_nonfunctional"}},{"type":"Feature","geometry":{"type":"Point","coordinates":[82.6515,25.374]},"properties":{"udise":"09710109007","name":"GAURAV GIRLS INTER COLLEGE","state":"UTTAR PRADESH","district":"BHADOI","block":"BHADOHI","indicator":"girls_toilet_nonfunctional"}},{"type":"Feature","geometry":{"type":"Point","coordinates":[82.5015,25.3718]},"properties":{"udise":"09710117503","name":"GOVT. HIGH SCHOOL AJAYPUR","state":"UTTAR PRADESH","district":"BHADOI","block":"BHADOHI","indicator":"girls_toilet_nonfunctional"}},{"type":"Feature","geometry":{"type":"Point","coordinates":[82.3104,25.2963]},"properties":{"udise":"09710518103","name":"DUKHI RAM P S KOIRAUNA","state":"UTTAR PRADESH","district":"BHADOI","block":"DEEGH","indicator":"girls_toilet_nonfunctional"}},{"type":"Feature","geometry":{"type":"Point","coordinates":[82.6342,25.2664]},"properties":{"udise":"09710412301","name":"UPS LASMADA","state":"UTTAR PRADESH","district":"BHADOI","block":"AURAI","indicator":"girls_toilet_nonfunctional"}},{"type":"Feature","geometry":{"type":"Point","coordinates":[82.50659,25.38657]},"properties":{"udise":"09710117608","name":"G R S PUBLIC SCHOOL PIPIRIS","state":"UTTAR PRADESH","district":"BHADOI","block":"BHADOHI","indicator":"girls_toilet_nonfunctional"}},{"type":"Feature","geometry":{"type":"Point","coordinates":[82.39089,25.50254]},"properties":{"udise":"09710311004","name":"GOVT. HIGH SCHOOL ABHIYA","state":"UTTAR PRADESH","district":"BHADOI","block":"SURIYAVAN","indicator":"girls_toilet_nonfunctional"}},{"type":"Feature","geometry":{"type":"Point","coordinates":[82.3104,25.2963]},"properties":{"udise":"09710518106","name":"D.R. PUBLIC U.M.V. KOIRAUNA","state":"UTTAR PRADESH","district":"BHADOI","block":"DEEGH","indicator":"girls_toilet_nonfunctional"}},{"type":"Feature","geometry":{"type":"Point","coordinates":[82.3623,25.239]},"properties":{"udise":"09710512101","name":"P S SHUBVANTI JAGDISHPUR","state":"UTTAR PRADESH","district":"BHADOI","block":"DEEGH","indicator":"girls_toilet_nonfunctional"}},{"type":"Feature","geometry":{"type":"Point","coordinates":[82.3104,25.2963]},"properties":{"udise":"09710518104","name":"DUKHI RAM U P S KOIRAUNA","state":"UTTAR PRADESH","district":"BHADOI","block":"DEEGH","indicator":"girls_toilet_nonfunctional"}},{"type":"Feature","geometry":{"type":"Point","coordinates":[82.46015,25.48728]},"properties":{"udise":"09710321001","name":"LALTI DEVI  PS CHAUGANA","state":"UTTAR PRADESH","district":"BHADOI","block":"SURIYAVAN","indicator":"girls_toilet_nonfunctional"}},{"type":"Feature","geometry":{"type":"Point","coordinates":[82.44006,25.33552]},"properties":{"udise":"09710213701","name":"P S UMARIYA","state":"UTTAR PRADESH","district":"BHADOI","block":"GYANPUR","indicator":"girls_toilet_nonfunctional"}},{"type":"Feature","geometry":{"type":"Point","coordinates":[82.35595,25.25854]},"properties":{"udise":"09710703202","name":"U P S SADAUPUR","state":"UTTAR PRADESH","district":"BHADOI","block":"ABHOLI","indicator":"girls_toilet_nonfunctional"}},{"type":"Feature","geometry":{"type":"Point","coordinates":[82.47228,25.44883]},"properties":{"udise":"09710315102","name":"RS MAURYA PS KO. PANDEYPUR","state":"UTTAR PRADESH","district":"BHADOI","block":"SURIYAVAN","indicator":"girls_toilet_nonfunctional"}},{"type":"Feature","geometry":{"type":"Point","coordinates":[82.401,25.1722]},"properties":{"udise":"09710411704","name":"GOVT. HIGH SCHOOL JHAUVA","state":"UTTAR PRADESH","district":"BHADOI","block":"AURAI","indicator":"girls_toilet_nonfunctional"}},{"type":"Feature","geometry":{"type":"Point","coordinates":[78.30976,29.13259]},"properties":{"udise":"09030603703","name":"J.S.BOYS ISSMAELPUR","state":"UTTAR PRADESH","district":"BIJNOR","block":"JALILPUR","indicator":"no_girls_toilet"}},{"type":"Feature","geometry":{"type":"Point","coordinates":[78.49968,29.41583]},"properties":{"udise":"09030801103","name":"MADARSA KHADIMUL ULOOM BHAGWANPUR","state":"UTTAR PRADESH","district":"BIJNOR","block":"KOTWALI","indicator":"no_girls_toilet"}},{"type":"Feature","geometry":{"type":"Point","coordinates":[78.56379,29.14197]},"properties":{"udise":"09030417102","name":"COMPOSITE SCHOOL MEWALAMAFI","state":"UTTAR PRADESH","district":"BIJNOR","block":"BURHANPUR(SEOHARA)","indicator":"no_girls_toilet"}},{"type":"Feature","geometry":{"type":"Point","coordinates":[78.13916,29.36835]},"properties":{"udise":"09031200302","name":"G.G. BESIK P.S. BIJNOR","state":"UTTAR PRADESH","district":"BIJNOR","block":"BIJNOR(NAGAR)","indicator":"no_girls_toilet"}},{"type":"Feature","geometry":{"type":"Point","coordinates":[78.72382,29.27614]},"properties":{"udise":"09030105802","name":"BAL ADARSH SISHU SIKSH KENDRA","state":"UTTAR PRADESH","district":"BIJNOR","block":"AFZALGRAH","indicator":"no_girls_toilet"}},{"type":"Feature","geometry":{"type":"Point","coordinates":[78.43463,29.44224]},"properties":{"udise":"09031502501","name":"AGRASEN BAL SADAN NAGINA","state":"UTTAR PRADESH","district":"BIJNOR","block":"NAGINA(NAGAR)","indicator":"no_girls_toilet"}},{"type":"Feature","geometry":{"type":"Point","coordinates":[78.43417,29.55776]},"properties":{"udise":"09030829506","name":"MADARSA ISHLAMIYA MAKTAB PURAINI","state":"UTTAR PRADESH","district":"BIJNOR","block":"KOTWALI","indicator":"no_girls_toilet"}},{"type":"Feature","geometry":{"type":"Point","coordinates":[78.53897,29.14785]},"properties":{"udise":"09030406101","name":"PS MAKANPUR","state":"UTTAR PRADESH","district":"BIJNOR","block":"BURHANPUR(SEOHARA)","indicator":"no_girls_toilet"}},{"type":"Feature","geometry":{"type":"Point","coordinates":[78.20337,29.50522]},"properties":{"udise":"09030704712","name":"PUBLIC P.S MUSLIM FUND","state":"UTTAR PRADESH","district":"BIJNOR","block":"KIRATPUR","indicator":"no_girls_toilet"}},{"type":"Feature","geometry":{"type":"Point","coordinates":[78.395,29.06747]},"properties":{"udise":"09031114702","name":"PM SHRI COMPOSITE SCHOOL JHUJHLA","state":"UTTAR PRADESH","district":"BIJNOR","block":"NOORPUR","indicator":"no_girls_toilet"}},{"type":"Feature","geometry":{"type":"Point","coordinates":[78.46534,29.37668]},"properties":{"udise":"09030840702","name":"M.S.M. J.H.S.","state":"UTTAR PRADESH","district":"BIJNOR","block":"KOTWALI","indicator":"no_girls_toilet"}},{"type":"Feature","geometry":{"type":"Point","coordinates":[78.37544,29.54937]},"properties":{"udise":"09030707203","name":"NAUBAHAR SINGH PUBLIC SCHOOL","state":"UTTAR PRADESH","district":"BIJNOR","block":"KIRATPUR","indicator":"no_girls_toilet"}},{"type":"Feature","geometry":{"type":"Point","coordinates":[78.15328,29.62352]},"properties":{"udise":"09031007307","name":"PUSHPA SHISHU NIKETAN PRIMARY SCH","state":"UTTAR PRADESH","district":"BIJNOR","block":"NAJIBABAD","indicator":"no_girls_toilet"}},{"type":"Feature","geometry":{"type":"Point","coordinates":[78.49841,29.4989]},"properties":{"udise":"09030800706","name":"MADARSA AHSANUL MADARIS RASOOLPUR MUZ.","state":"UTTAR PRADESH","district":"BIJNOR","block":"KOTWALI","indicator":"no_girls_toilet"}},{"type":"Feature","geometry":{"type":"Point","coordinates":[78.4753,29.68632]},"properties":{"udise":"09030841201","name":"P.S. KAMRUDDIN NAGAR","state":"UTTAR PRADESH","district":"BIJNOR","block":"KOTWALI","indicator":"no_girls_toilet"}},{"type":"Feature","geometry":{"type":"Point","coordinates":[78.44088,29.56383]},"properties":{"udise":"09030807503","name":"COMPOSITE SCHOOL  NURULLA PUR","state":"UTTAR PRADESH","district":"BIJNOR","block":"KOTWALI","indicator":"no_girls_toilet"}},{"type":"Feature","geometry":{"type":"Point","coordinates":[78.15021,29.17505]},"properties":{"udise":"09030606502","name":"P.S. JALAL PUR","state":"UTTAR PRADESH","district":"BIJNOR","block":"JALILPUR","indicator":"no_girls_toilet"}},{"type":"Feature","geometry":{"type":"Point","coordinates":[78.30157,29.21995]},"properties":{"udise":"09030516302","name":"J.H.S. JAGNWALA","state":"UTTAR PRADESH","district":"BIJNOR","block":"HALDAUR","indicator":"no_girls_toilet"}},{"type":"Feature","geometry":{"type":"Point","coordinates":[78.13075,29.36687]},"properties":{"udise":"09031200602","name":"P.S. JATAN  3","state":"UTTAR PRADESH","district":"BIJNOR","block":"BIJNOR(NAGAR)","indicator":"no_girls_toilet"}},{"type":"Feature","geometry":{"type":"Point","coordinates":[78.06495,29.54778]},"properties":{"udise":"09030901001","name":"P.S. ABOOSYADPUR","state":"UTTAR PRADESH","district":"BIJNOR","block":"MOHD.PUR DEVMAL","indicator":"no_girls_toilet"}},{"type":"Feature","geometry":{"type":"Point","coordinates":[78.12659,29.48752]},"properties":{"udise":"09030910345","name":"MADARSA SADAF P.S. MANDAWAR","state":"UTTAR PRADESH","district":"BIJNOR","block":"MOHD.PUR DEVMAL","indicator":"no_girls_toilet"}},{"type":"Feature","geometry":{"type":"Point","coordinates":[78.25719,29.20779]},"properties":{"udise":"09030506803","name":"JHS GANGU NAGLA","state":"UTTAR PRADESH","district":"BIJNOR","block":"HALDAUR","indicator":"no_girls_toilet"}},{"type":"Feature","geometry":{"type":"Point","coordinates":[78.73874,29.27927]},"properties":{"udise":"09030105305","name":"MADARSA IQRA P.S. J.H.S. ABHAYRAJPUR","state":"UTTAR PRADESH","district":"BIJNOR","block":"AFZALGRAH","indicator":"no_girls_toilet"}},{"type":"Feature","geometry":{"type":"Point","coordinates":[78.37721,29.49494]},"properties":{"udise":"09030805404","name":"MA BHAGWATI DEVI SARASWATI SHI","state":"UTTAR PRADESH","district":"BIJNOR","block":"KOTWALI","indicator":"no_girls_toilet"}},{"type":"Feature","geometry":{"type":"Point","coordinates":[78.18402,29.62636]},"properties":{"udise":"09031005101","name":"P.S. LAL PUR MAN","state":"UTTAR PRADESH","district":"BIJNOR","block":"NAJIBABAD","indicator":"no_girls_toilet"}},{"type":"Feature","geometry":{"type":"Point","coordinates":[78.23999,29.58959]},"properties":{"udise":"09031001102","name":"P.S. KAWAL NAYAN PUR","state":"UTTAR PRADESH","district":"BIJNOR","block":"NAJIBABAD","indicator":"no_girls_toilet"}},{"type":"Feature","geometry":{"type":"Point","coordinates":[78.24642,29.07233]},"properties":{"udise":"09030608401","name":"P.S. SUNDARA","state":"UTTAR PRADESH","district":"BIJNOR","block":"JALILPUR","indicator":"no_girls_toilet"}},{"type":"Feature","geometry":{"type":"Point","coordinates":[78.48763,29.2074]},"properties":{"udise":"09030208901","name":"P.S.MANPUR SHIVPURI","state":"UTTAR PRADESH","district":"BIJNOR","block":"ALLHEPUR(DHAMPUR)","indicator":"no_girls_toilet"}},{"type":"Feature","geometry":{"type":"Point","coordinates":[78.4675,29.09985]},"properties":{"udise":"09031101105","name":"PS NAUSOUNAGAR","state":"UTTAR PRADESH","district":"BIJNOR","block":"NOORPUR","indicator":"no_girls_toilet"}},{"type":"Feature","geometry":{"type":"Point","coordinates":[78.55606,29.50196]},"properties":{"udise":"09030800603","name":"P.S. GOPI WALA","state":"UTTAR PRADESH","district":"BIJNOR","block":"KOTWALI","indicator":"no_girls_toilet"}},{"type":"Feature","geometry":{"type":"Point","coordinates":[78.50543,29.44564]},"properties":{"udise":"09030832201","name":"PS ABABAKPUR","state":"UTTAR PRADESH","district":"BIJNOR","block":"KOTWALI","indicator":"no_girls_toilet"}},{"type":"Feature","geometry":{"type":"Point","coordinates":[78.70064,29.32042]},"properties":{"udise":"09030111001","name":"P.S BADSHAPUR","state":"UTTAR PRADESH","district":"BIJNOR","block":"AFZALGRAH","indicator":"no_girls_toilet"}},{"type":"Feature","geometry":{"type":"Point","coordinates":[78.463,29.21019]},"properties":{"udise":"09030309202","name":"P.S.CHAKAR PUR","state":"UTTAR PRADESH","district":"BIJNOR","block":"AAKU(NEHTOR)","indicator":"no_girls_toilet"}},{"type":"Feature","geometry":{"type":"Point","coordinates":[78.38344,29.63926]},"properties":{"udise":"09031014401","name":"J.S LUKADHRI","state":"UTTAR PRADESH","district":"BIJNOR","block":"NAJIBABAD","indicator":"no_girls_toilet"}},{"type":"Feature","geometry":{"type":"Point","coordinates":[78.37876,29.53666]},"properties":{"udise":"09031000801","name":"P.S. MANOHAR WALA","state":"UTTAR PRADESH","district":"BIJNOR","block":"NAJIBABAD","indicator":"no_girls_toilet"}},{"type":"Feature","geometry":{"type":"Point","coordinates":[78.74284,29.36422]},"properties":{"udise":"09030104305","name":"P.S.BANIOWALA","state":"UTTAR PRADESH","district":"BIJNOR","block":"AFZALGRAH","indicator":"no_girls_toilet"}},{"type":"Feature","geometry":{"type":"Point","coordinates":[78.46433,29.44904]},"properties":{"udise":"09031502702","name":"UZUUL PUBLIC SCHOOL","state":"UTTAR PRADESH","district":"BIJNOR","block":"NAGINA(NAGAR)","indicator":"no_girls_toilet"}},{"type":"Feature","geometry":{"type":"Point","coordinates":[78.44072,29.43814]},"properties":{"udise":"09031501201","name":"P.S.KASBA II","state":"UTTAR PRADESH","district":"BIJNOR","block":"NAGINA(NAGAR)","indicator":"no_girls_toilet"}},{"type":"Feature","geometry":{"type":"Point","coordinates":[78.57301,29.08954]},"properties":{"udise":"09030416601","name":"PS HALDUA MADAIYA","state":"UTTAR PRADESH","district":"BIJNOR","block":"BURHANPUR(SEOHARA)","indicator":"no_girls_toilet"}},{"type":"Feature","geometry":{"type":"Point","coordinates":[78.57988,29.32937]},"properties":{"udise":"09030211675","name":"MADARSA J S P.S. SHERKOT","state":"UTTAR PRADESH","district":"BIJNOR","block":"ALLHEPUR(DHAMPUR)","indicator":"no_girls_toilet"}},{"type":"Feature","geometry":{"type":"Point","coordinates":[78.43086,29.44338]},"properties":{"udise":"09031500901","name":"P.S. PANJABIYAN","state":"UTTAR PRADESH","district":"BIJNOR","block":"NAGINA(NAGAR)","indicator":"no_girls_toilet"}},{"type":"Feature","geometry":{"type":"Point","coordinates":[78.08427,29.57313]},"properties":{"udise":"09030901303","name":"PRITHVI RAJ CHAWHAN VIDYA MAND","state":"UTTAR PRADESH","district":"BIJNOR","block":"MOHD.PUR DEVMAL","indicator":"no_girls_toilet"}},{"type":"Feature","geometry":{"type":"Point","coordinates":[78.31567,29.51191]},"properties":{"udise":"09031001730","name":"MAD. JOHNE UL ULOM P.S. JALALABAD","state":"UTTAR PRADESH","district":"BIJNOR","block":"NAJIBABAD","indicator":"no_girls_toilet"}},{"type":"Feature","geometry":{"type":"Point","coordinates":[78.46276,29.29395]},"properties":{"udise":"09030200801","name":"P.S.MADHI","state":"UTTAR PRADESH","district":"BIJNOR","block":"ALLHEPUR(DHAMPUR)","indicator":"no_girls_toilet"}},{"type":"Feature","geometry":{"type":"Point","coordinates":[78.36522,29.3012]},"properties":{"udise":"09030303901","name":"P.S. JAREEF PUR CHATER","state":"UTTAR PRADESH","district":"BIJNOR","block":"AAKU(NEHTOR)","indicator":"no_girls_toilet"}},{"type":"Feature","geometry":{"type":"Point","coordinates":[78.13899,29.36748]},"properties":{"udise":"09031203605","name":"MADARSA KAFEELUL ULOM QAZIPARA","state":"UTTAR PRADESH","district":"BIJNOR","block":"BIJNOR(NAGAR)","indicator":"no_girls_toilet"}},{"type":"Feature","geometry":{"type":"Point","coordinates":[78.41812,29.49583]},"properties":{"udise":"09030807902","name":"P.S. HAIJ PUR","state":"UTTAR PRADESH","district":"BIJNOR","block":"KOTWALI","indicator":"no_girls_toilet"}},{"type":"Feature","geometry":{"type":"Point","coordinates":[78.32128,29.6301]},"properties":{"udise":"09031001814","name":"PEACE MODEL P.S.","state":"UTTAR PRADESH","district":"BIJNOR","block":"NAJIBABAD","indicator":"no_girls_toilet"}},{"type":"Feature","geometry":{"type":"Point","coordinates":[78.14061,29.36959]},"properties":{"udise":"09031203206","name":"MADARSA MUMTAZ P.S. CHAHSHREEN","state":"UTTAR PRADESH","district":"BIJNOR","block":"BIJNOR(NAGAR)","indicator":"no_girls_toilet"}},{"type":"Feature","geometry":{"type":"Point","coordinates":[78.32935,29.42476]},"properties":{"udise":"09030804402","name":"P.S. GAWER PUR","state":"UTTAR PRADESH","district":"BIJNOR","block":"KOTWALI","indicator":"no_girls_toilet"}},{"type":"Feature","geometry":{"type":"Point","coordinates":[78.42533,29.44293]},"properties":{"udise":"09031501902","name":"SAPPT RANG PUBLIC SCHOOL","state":"UTTAR PRADESH","district":"BIJNOR","block":"NAGINA(NAGAR)","indicator":"no_girls_toilet"}},{"type":"Feature","geometry":{"type":"Point","coordinates":[78.73862,29.38804]},"properties":{"udise":"09030105902","name":"P.S. SEERVASUCHAND","state":"UTTAR PRADESH","district":"BIJNOR","block":"AFZALGRAH","indicator":"no_girls_toilet"}},{"type":"Feature","geometry":{"type":"Point","coordinates":[78.34244,29.3885]},"properties":{"udise":"09030306301","name":"P.S. SUNPTHA","state":"UTTAR PRADESH","district":"BIJNOR","block":"AAKU(NEHTOR)","indicator":"no_girls_toilet"}},{"type":"Feature","geometry":{"type":"Point","coordinates":[78.50978,29.30529]},"properties":{"udise":"09031401702","name":"P.S. GHANDHI","state":"UTTAR PRADESH","district":"BIJNOR","block":"DHAMPUR(NAGAR)","indicator":"no_girls_toilet"}},{"type":"Feature","geometry":{"type":"Point","coordinates":[78.2215,29.5833]},"properties":{"udise":"09031003902","name":"P.S. MUANGER PUR","state":"UTTAR PRADESH","district":"BIJNOR","block":"NAJIBABAD","indicator":"no_girls_toilet"}},{"type":"Feature","geometry":{"type":"Point","coordinates":[78.13968,29.44209]},"properties":{"udise":"09030900207","name":"CHILDREN AKEDMI GAJRAULA SHIV","state":"UTTAR PRADESH","district":"BIJNOR","block":"MOHD.PUR DEVMAL","indicator":"no_girls_toilet"}},{"type":"Feature","geometry":{"type":"Point","coordinates":[78.43771,29.45025]},"properties":{"udise":"09031500401","name":"P.S. HINDU KATERA","state":"UTTAR PRADESH","district":"BIJNOR","block":"NAGINA(NAGAR)","indicator":"no_girls_toilet"}},{"type":"Feature","geometry":{"type":"Point","coordinates":[78.6343,29.25702]},"properties":{"udise":"09030211801","name":"P.S.SARSWTI SHISHU MANDIR BSED","state":"UTTAR PRADESH","district":"BIJNOR","block":"ALLHEPUR(DHAMPUR)","indicator":"no_girls_toilet"}},{"type":"Feature","geometry":{"type":"Point","coordinates":[78.29306,29.66]},"properties":{"udise":"09031003201","name":"P.S. DHANSEENI","state":"UTTAR PRADESH","district":"BIJNOR","block":"NAJIBABAD","indicator":"no_girls_toilet"}},{"type":"Feature","geometry":{"type":"Point","coordinates":[78.3563,29.61319]},"properties":{"udise":"09031602901","name":"MAD. NIZAM UL ULOM P.S. RAMPURA NBD","state":"UTTAR PRADESH","district":"BIJNOR","block":"NAJIBABAD(NAGAR)","indicator":"no_girls_toilet"}},{"type":"Feature","geometry":{"type":"Point","coordinates":[78.41462,29.2933]},"properties":{"udise":"09030301901","name":"P.S. GOORWAPUR","state":"UTTAR PRADESH","district":"BIJNOR","block":"AAKU(NEHTOR)","indicator":"no_girls_toilet"}},{"type":"Feature","geometry":{"type":"Point","coordinates":[78.35567,29.61373]},"properties":{"udise":"09031600801","name":"P.S. JABTA GANG","state":"UTTAR PRADESH","district":"BIJNOR","block":"NAJIBABAD(NAGAR)","indicator":"no_girls_toilet"}},{"type":"Feature","geometry":{"type":"Point","coordinates":[78.29269,29.17241]},"properties":{"udise":"09030618801","name":"P.S. AJJU NANGLI","state":"UTTAR PRADESH","district":"BIJNOR","block":"JALILPUR","indicator":"no_girls_toilet"}},{"type":"Feature","geometry":{"type":"Point","coordinates":[78.34308,29.61596]},"properties":{"udise":"09031601705","name":"MAD. AL JAMIATUL ARAB. AHLE SUNNAT NAJIBA","state":"UTTAR PRADESH","district":"BIJNOR","block":"NAJIBABAD(NAGAR)","indicator":"no_girls_toilet"}},{"type":"Feature","geometry":{"type":"Point","coordinates":[78.43313,29.28136]},"properties":{"udise":"09030300308","name":"AKANCHA MARDAN PS","state":"UTTAR PRADESH","district":"BIJNOR","block":"AAKU(NEHTOR)","indicator":"no_girls_toilet"}},{"type":"Feature","geometry":{"type":"Point","coordinates":[78.13226,29.41652]},"properties":{"udise":"09030913303","name":"MADARSA MARIYA ISLA. URDU ACAD. MANDAWLI SAIDU","state":"UTTAR PRADESH","district":"BIJNOR","block":"MOHD.PUR DEVMAL","indicator":"no_girls_toilet"}},{"type":"Feature","geometry":{"type":"Point","coordinates":[78.45517,29.12421]},"properties":{"udise":"09031135205","name":"S S PABLIC SCHOOL ASKARI","state":"UTTAR PRADESH","district":"BIJNOR","block":"NOORPUR","indicator":"no_girls_toilet"}},{"type":"Feature","geometry":{"type":"Point","coordinates":[78.2817,29.1683]},"properties":{"udise":"09031301906","name":"MADARSA AL FALAH CHANDPURs","state":"UTTAR PRADESH","district":"BIJNOR","block":"CHANDPUR(NAGAR)","indicator":"no_girls_toilet"}},{"type":"Feature","geometry":{"type":"Point","coordinates":[78.28418,29.55013]},"properties":{"udise":"09030700701","name":"P.S.ISLAM PUR SADAT","state":"UTTAR PRADESH","district":"BIJNOR","block":"KIRATPUR","indicator":"no_girls_toilet"}},{"type":"Feature","geometry":{"type":"Point","coordinates":[78.2817,29.1683]},"properties":{"udise":"09031303220","name":"M.M INTER COLLEGE","state":"UTTAR PRADESH","district":"BIJNOR","block":"CHANDPUR(NAGAR)","indicator":"no_girls_toilet"}},{"type":"Feature","geometry":{"type":"Point","coordinates":[78.43526,29.43126]},"properties":{"udise":"09031502902","name":"MADARSA DARUL UL. HUSANIA NAGINA","state":"UTTAR PRADESH","district":"BIJNOR","block":"NAGINA(NAGAR)","indicator":"no_girls_toilet"}},{"type":"Feature","geometry":{"type":"Point","coordinates":[78.27839,29.50269]},"properties":{"udise":"09030703604","name":"MADARSA MUAVINUL ISLAM BIRDO NANGLI","state":"UTTAR PRADESH","district":"BIJNOR","block":"KIRATPUR","indicator":"no_girls_toilet"}},{"type":"Feature","geometry":{"type":"Point","coordinates":[78.1265,29.48597]},"properties":{"udise":"09030910335","name":"GOLDEN ERA PUBLIC SCHOOL","state":"UTTAR PRADESH","district":"BIJNOR","block":"MOHD.PUR DEVMAL","indicator":"no_girls_toilet"}},{"type":"Feature","geometry":{"type":"Point","coordinates":[78.43594,29.44116]},"properties":{"udise":"09031501001","name":"P.S.SARAYMEER","state":"UTTAR PRADESH","district":"BIJNOR","block":"NAGINA(NAGAR)","indicator":"no_girls_toilet"}},{"type":"Feature","geometry":{"type":"Point","coordinates":[78.58948,29.38584]},"properties":{"udise":"09030103104","name":"M S RAHBER PS SCHOOL","state":"UTTAR PRADESH","district":"BIJNOR","block":"AFZALGRAH","indicator":"no_girls_toilet"}},{"type":"Feature","geometry":{"type":"Point","coordinates":[78.77068,29.3567]},"properties":{"udise":"09030106507","name":"JANTA JUNIER SCHOOL","state":"UTTAR PRADESH","district":"BIJNOR","block":"AFZALGRAH","indicator":"no_girls_toilet"}},{"type":"Feature","geometry":{"type":"Point","coordinates":[78.39,29.23641]},"properties":{"udise":"09030312302","name":"CH. SHER SINGH J.H.S","state":"UTTAR PRADESH","district":"BIJNOR","block":"AAKU(NEHTOR)","indicator":"no_girls_toilet"}},{"type":"Feature","geometry":{"type":"Point","coordinates":[78.5014,29.3215]},"properties":{"udise":"09030220806","name":"RGRC INTER COLLEGE","state":"UTTAR PRADESH","district":"BIJNOR","block":"ALLHEPUR(DHAMPUR)","indicator":"no_girls_toilet"}},{"type":"Feature","geometry":{"type":"Point","coordinates":[78.4701,29.65509]},"properties":{"udise":"09030813201","name":"J.S. GIRLS KANDRAWALA","state":"UTTAR PRADESH","district":"BIJNOR","block":"KOTWALI","indicator":"no_girls_toilet"}},{"type":"Feature","geometry":{"type":"Point","coordinates":[78.08033,29.57121]},"properties":{"udise":"09030921801","name":"ADARSH JANTA BAL VIDYALYA NARAYANPUR","state":"UTTAR PRADESH","district":"BIJNOR","block":"MOHD.PUR DEVMAL","indicator":"girls_toilet_nonfunctional"}},{"type":"Feature","geometry":{"type":"Point","coordinates":[78.2817,29.1683]},"properties":{"udise":"09031302701","name":"MADHO PRASAD JHS CHANDPUR","state":"UTTAR PRADESH","district":"BIJNOR","block":"CHANDPUR(NAGAR)","indicator":"girls_toilet_nonfunctional"}},{"type":"Feature","geometry":{"type":"Point","coordinates":[78.12883,29.12373]},"properties":{"udise":"09030610602","name":"COMPOSITE SCHOOL  SIYALIKHADDAN","state":"UTTAR PRADESH","district":"BIJNOR","block":"JALILPUR","indicator":"girls_toilet_nonfunctional"}},{"type":"Feature","geometry":{"type":"Point","coordinates":[78.39178,29.13441]},"properties":{"udise":"09031107010","name":"MADARSA MUFEEDUL ULOOM JHS","state":"UTTAR PRADESH","district":"BIJNOR","block":"NOORPUR","indicator":"girls_toilet_nonfunctional"}},{"type":"Feature","geometry":{"type":"Point","coordinates":[78.40148,29.26619]},"properties":{"udise":"09030310303","name":"HARITAGE ACADEMY HIGHER SEC.SCHOOL SADIPUR","state":"UTTAR PRADESH","district":"BIJNOR","block":"AAKU(NEHTOR)","indicator":"girls_toilet_nonfunctional"}},{"type":"Feature","geometry":{"type":"Point","coordinates":[78.07302,29.52996]},"properties":{"udise":"09030903602","name":"BUTAR BAL SIXCHA NIKETAN","state":"UTTAR PRADESH","district":"BIJNOR","block":"MOHD.PUR DEVMAL","indicator":"girls_toilet_nonfunctional"}},{"type":"Feature","geometry":{"type":"Point","coordinates":[78.3209,29.6299]},"properties":{"udise":"09031602453","name":"LADY AMANA MEMO HR SEC SCHOOL","state":"UTTAR PRADESH","district":"BIJNOR","block":"NAJIBABAD(NAGAR)","indicator":"girls_toilet_nonfunctional"}},{"type":"Feature","geometry":{"type":"Point","coordinates":[78.21721,29.57761]},"properties":{"udise":"09030710918","name":"ADARSH VIDYA NIKETAN PS TAHARPUR","state":"UTTAR PRADESH","district":"BIJNOR","block":"KIRATPUR","indicator":"girls_toilet_nonfunctional"}},{"type":"Feature","geometry":{"type":"Point","coordinates":[78.42688,29.06926]},"properties":{"udise":"09031100407","name":"MAD. ISLAMIA ARABIA TANVIRUL QURAN SELA","state":"UTTAR PRADESH","district":"BIJNOR","block":"NOORPUR","indicator":"girls_toilet_nonfunctional"}},{"type":"Feature","geometry":{"type":"Point","coordinates":[78,29]},"properties":{"udise":"09031200807","name":"MADARSA AIMAN BEE PUBLIC SCHOOOL","state":"UTTAR PRADESH","district":"BIJNOR","block":"BIJNOR(NAGAR)","indicator":"girls_toilet_nonfunctional"}},{"type":"Feature","geometry":{"type":"Point","coordinates":[78.69709,29.25465]},"properties":{"udise":"09030100907","name":"P.M. PUB SCHOOL MAHAWATPUR","state":"UTTAR PRADESH","district":"BIJNOR","block":"AFZALGRAH","indicator":"girls_toilet_nonfunctional"}},{"type":"Feature","geometry":{"type":"Point","coordinates":[78.26027,29.40864]},"properties":{"udise":"09030907408","name":"VIRENDRA VIJAY BHAN SINGH","state":"UTTAR PRADESH","district":"BIJNOR","block":"MOHD.PUR DEVMAL","indicator":"girls_toilet_nonfunctional"}},{"type":"Feature","geometry":{"type":"Point","coordinates":[78.19687,29.57683]},"properties":{"udise":"09031017102","name":"SARGAM SARASWATI SHISHU SHIKSH","state":"UTTAR PRADESH","district":"BIJNOR","block":"NAJIBABAD","indicator":"girls_toilet_nonfunctional"}},{"type":"Feature","geometry":{"type":"Point","coordinates":[78.24159,29.70054]},"properties":{"udise":"09031006204","name":"MAD. JAMIA MAKTAB NAZERIA DARUL FALAH SHYAMIWALA","state":"UTTAR PRADESH","district":"BIJNOR","block":"NAJIBABAD","indicator":"girls_toilet_nonfunctional"}},{"type":"Feature","geometry":{"type":"Point","coordinates":[78.14196,29.36874]},"properties":{"udise":"09031200804","name":"MAD. NIZAMUDDIN MODERN AREB. ACAD. BIJNOR","state":"UTTAR PRADESH","district":"BIJNOR","block":"BIJNOR(NAGAR)","indicator":"girls_toilet_nonfunctional"}},{"type":"Feature","geometry":{"type":"Point","coordinates":[78.43486,29.12536]},"properties":{"udise":"09031107709","name":"M.M.JUNIOR HIGH SCHOOL RAMNAGAR NOORPUR","state":"UTTAR PRADESH","district":"BIJNOR","block":"NOORPUR","indicator":"girls_toilet_nonfunctional"}},{"type":"Feature","geometry":{"type":"Point","coordinates":[78.2427,29.18676]},"properties":{"udise":"09030605102","name":"COMPOSITE SCHOOL TIRIPUDI","state":"UTTAR PRADESH","district":"BIJNOR","block":"JALILPUR","indicator":"girls_toilet_nonfunctional"}},{"type":"Feature","geometry":{"type":"Point","coordinates":[78.1593,29.06544]},"properties":{"udise":"09030603401","name":"P.S. BUNDRA KHURD","state":"UTTAR PRADESH","district":"BIJNOR","block":"JALILPUR","indicator":"girls_toilet_nonfunctional"}},{"type":"Feature","geometry":{"type":"Point","coordinates":[78.32128,29.6301]},"properties":{"udise":"09031001817","name":"PEACE MODEL J.H.S","state":"UTTAR PRADESH","district":"BIJNOR","block":"NAJIBABAD","indicator":"girls_toilet_nonfunctional"}},{"type":"Feature","geometry":{"type":"Point","coordinates":[78.77068,29.3567]},"properties":{"udise":"09030106508","name":"K.D. MEMORIAL PUBLIC SCHOOL","state":"UTTAR PRADESH","district":"BIJNOR","block":"AFZALGRAH","indicator":"girls_toilet_nonfunctional"}},{"type":"Feature","geometry":{"type":"Point","coordinates":[78.25596,29.66677]},"properties":{"udise":"09031009807","name":"MADARSA ANJUMAN TARAKKI JHS NARIANPUR","state":"UTTAR PRADESH","district":"BIJNOR","block":"NAJIBABAD","indicator":"girls_toilet_nonfunctional"}},{"type":"Feature","geometry":{"type":"Point","coordinates":[78.45535,29.37765]},"properties":{"udise":"09030806702","name":"COMPOSITE SCHOOL  KHANPUR MANEK","state":"UTTAR PRADESH","district":"BIJNOR","block":"KOTWALI","indicator":"girls_toilet_nonfunctional"}},{"type":"Feature","geometry":{"type":"Point","coordinates":[78.57666,29.33373]},"properties":{"udise":"09030211680","name":"MADARSA SIR SYED ACADEMY NISWAN SHERK.","state":"UTTAR PRADESH","district":"BIJNOR","block":"ALLHEPUR(DHAMPUR)","indicator":"girls_toilet_nonfunctional"}},{"type":"Feature","geometry":{"type":"Point","coordinates":[78.25996,29.69875]},"properties":{"udise":"09031006103","name":"MORNING STAR PUBLIC SCHOOL BHAGUWALA","state":"UTTAR PRADESH","district":"BIJNOR","block":"NAJIBABAD","indicator":"girls_toilet_nonfunctional"}},{"type":"Feature","geometry":{"type":"Point","coordinates":[78.30446,29.09462]},"properties":{"udise":"09031119801","name":"PS ALIYARPUR","state":"UTTAR PRADESH","district":"BIJNOR","block":"NOORPUR","indicator":"girls_toilet_nonfunctional"}},{"type":"Feature","geometry":{"type":"Point","coordinates":[78.22841,29.70089]},"properties":{"udise":"09031006207","name":"MADARSA ZULFKAR AAMILA JHS SHAYAMIWALA","state":"UTTAR PRADESH","district":"BIJNOR","block":"NAJIBABAD","indicator":"girls_toilet_nonfunctional"}},{"type":"Feature","geometry":{"type":"Point","coordinates":[78.22898,29.72268]},"properties":{"udise":"09031006409","name":"MAKTAB S.Z.A. JHS SABALGARH","state":"UTTAR PRADESH","district":"BIJNOR","block":"NAJIBABAD","indicator":"girls_toilet_nonfunctional"}},{"type":"Feature","geometry":{"type":"Point","coordinates":[78.66784,29.35789]},"properties":{"udise":"09030100202","name":"MADARSA AZAD ISLAMIA ACADEMY","state":"UTTAR PRADESH","district":"BIJNOR","block":"AFZALGRAH","indicator":"girls_toilet_nonfunctional"}},{"type":"Feature","geometry":{"type":"Point","coordinates":[78.14169,29.43968]},"properties":{"udise":"09030900103","name":"MA. PREMWATI SISHU MANDIR","state":"UTTAR PRADESH","district":"BIJNOR","block":"MOHD.PUR DEVMAL","indicator":"girls_toilet_nonfunctional"}},{"type":"Feature","geometry":{"type":"Point","coordinates":[78.4667,29.44351]},"properties":{"udise":"09031503801","name":"GYAN PRASARJUNIER SCHOOL","state":"UTTAR PRADESH","district":"BIJNOR","block":"NAGINA(NAGAR)","indicator":"girls_toilet_nonfunctional"}},{"type":"Feature","geometry":{"type":"Point","coordinates":[78.34592,29.03472]},"properties":{"udise":"09031108703","name":"JAGRIRI I.C. BHAINSA","state":"UTTAR PRADESH","district":"BIJNOR","block":"NOORPUR","indicator":"girls_toilet_nonfunctional"}},{"type":"Feature","geometry":{"type":"Point","coordinates":[78.28415,29.40556]},"properties":{"udise":"09030908201","name":"P.S. ISLAM PUR LALU","state":"UTTAR PRADESH","district":"BIJNOR","block":"MOHD.PUR DEVMAL","indicator":"girls_toilet_nonfunctional"}},{"type":"Feature","geometry":{"type":"Point","coordinates":[78.32441,29.62238]},"properties":{"udise":"09031008507","name":"MADARSA FAIZE AAM JHS ALIPURA","state":"UTTAR PRADESH","district":"BIJNOR","block":"NAJIBABAD","indicator":"girls_toilet_nonfunctional"}},{"type":"Feature","geometry":{"type":"Point","coordinates":[78.25664,29.6628]},"properties":{"udise":"09031010004","name":"MADARSA MUSKAN UL ULOOM AURANGPUR BHIK.","state":"UTTAR PRADESH","district":"BIJNOR","block":"NAJIBABAD","indicator":"girls_toilet_nonfunctional"}},{"type":"Feature","geometry":{"type":"Point","coordinates":[78.72516,29.49321]},"properties":{"udise":"09030103004","name":".RAJKIYA SANT .RAVIDAS AVAM A.HIG.SEC. HAREWALI","state":"UTTAR PRADESH","district":"BIJNOR","block":"AFZALGRAH","indicator":"girls_toilet_nonfunctional"}},{"type":"Feature","geometry":{"type":"Point","coordinates":[78.39296,29.16712]},"properties":{"udise":"09031104504","name":"RANVEER SINGH MEMO HR SEC SCHOOL","state":"UTTAR PRADESH","district":"BIJNOR","block":"NOORPUR","indicator":"girls_toilet_nonfunctional"}},{"type":"Feature","geometry":{"type":"Point","coordinates":[78.50978,29.24616]},"properties":{"udise":"09030207702","name":"SHRI GANDHI I.C. MANKUWA","state":"UTTAR PRADESH","district":"BIJNOR","block":"ALLHEPUR(DHAMPUR)","indicator":"girls_toilet_nonfunctional"}},{"type":"Feature","geometry":{"type":"Point","coordinates":[78.08981,29.42945]},"properties":{"udise":"09030927701","name":"JHS MAKSUDANPUR HAFEEJ","state":"UTTAR PRADESH","district":"BIJNOR","block":"MOHD.PUR DEVMAL","indicator":"girls_toilet_nonfunctional"}},{"type":"Feature","geometry":{"type":"Point","coordinates":[78.328,29.32973]},"properties":{"udise":"09030308203","name":"COMPOSITE SCHOOL NANRYAN PUR","state":"UTTAR PRADESH","district":"BIJNOR","block":"AAKU(NEHTOR)","indicator":"girls_toilet_nonfunctional"}},{"type":"Feature","geometry":{"type":"Point","coordinates":[78.59139,29.26583]},"properties":{"udise":"09030420530","name":"M.Q PUBLIC SCHOOL","state":"UTTAR PRADESH","district":"BIJNOR","block":"BURHANPUR(SEOHARA)","indicator":"girls_toilet_nonfunctional"}},{"type":"Feature","geometry":{"type":"Point","coordinates":[78.35764,29.07424]},"properties":{"udise":"09031104712","name":"GAYATRI PUBLIC SCHOOL","state":"UTTAR PRADESH","district":"BIJNOR","block":"NOORPUR","indicator":"girls_toilet_nonfunctional"}},{"type":"Feature","geometry":{"type":"Point","coordinates":[78.40441,29.27617]},"properties":{"udise":"09030325601","name":"P.S. BUDPUR","state":"UTTAR PRADESH","district":"BIJNOR","block":"AAKU(NEHTOR)","indicator":"girls_toilet_nonfunctional"}},{"type":"Feature","geometry":{"type":"Point","coordinates":[78.41774,29.08276]},"properties":{"udise":"09031105802","name":"P.S. KAMALUDDEENPUR","state":"UTTAR PRADESH","district":"BIJNOR","block":"NOORPUR","indicator":"girls_toilet_nonfunctional"}},{"type":"Feature","geometry":{"type":"Point","coordinates":[78.13738,29.36479]},"properties":{"udise":"09031201902","name":"STAR PUBLIC SCHOOL KHTRIYAN","state":"UTTAR PRADESH","district":"BIJNOR","block":"BIJNOR(NAGAR)","indicator":"girls_toilet_nonfunctional"}},{"type":"Feature","geometry":{"type":"Point","coordinates":[78.39978,29.17591]},"properties":{"udise":"09031137601","name":"KISAN INTER COLLEGE KELANPUR","state":"UTTAR PRADESH","district":"BIJNOR","block":"JALILPUR","indicator":"girls_toilet_nonfunctional"}},{"type":"Feature","geometry":{"type":"Point","coordinates":[78.37814,29.07451]},"properties":{"udise":"09031101707","name":"MANBHAVAN SARJANIK CHILD REN PS","state":"UTTAR PRADESH","district":"BIJNOR","block":"NOORPUR","indicator":"girls_toilet_nonfunctional"}},{"type":"Feature","geometry":{"type":"Point","coordinates":[78.07992,29.57048]},"properties":{"udise":"09030913003","name":"VISVKARMA VIDYA MANDIR NARAYAN","state":"UTTAR PRADESH","district":"BIJNOR","block":"MOHD.PUR DEVMAL","indicator":"girls_toilet_nonfunctional"}},{"type":"Feature","geometry":{"type":"Point","coordinates":[78.35264,29.04512]},"properties":{"udise":"09031115022","name":"SHIV J.H.S. ISMAILPUR","state":"UTTAR PRADESH","district":"BIJNOR","block":"NOORPUR","indicator":"girls_toilet_nonfunctional"}},{"type":"Feature","geometry":{"type":"Point","coordinates":[78.20131,29.61284]},"properties":{"udise":"09031003704","name":"MADARSA JAMIYA SABRIYA AHLR SUNNAT FAIZANE MUSTAFA DINORA","state":"UTTAR PRADESH","district":"BIJNOR","block":"NAJIBABAD","indicator":"girls_toilet_nonfunctional"}},{"type":"Feature","geometry":{"type":"Point","coordinates":[78.25579,29.64551]},"properties":{"udise":"09031009512","name":"MADARSA NEHA UL ULOOM JHS MANAWALI","state":"UTTAR PRADESH","district":"BIJNOR","block":"NAJIBABAD","indicator":"girls_toilet_nonfunctional"}},{"type":"Feature","geometry":{"type":"Point","coordinates":[78.2483,29.2083]},"properties":{"udise":"09030607104","name":"CHIKARA PUBLIC HIGHER SECONDARY SCHOOL LADUPURA","state":"UTTAR PRADESH","district":"BIJNOR","block":"JALILPUR","indicator":"girls_toilet_nonfunctional"}},{"type":"Feature","geometry":{"type":"Point","coordinates":[78.1045,29.49587]},"properties":{"udise":"09030913806","name":"MADARSA FAIZ E AAM ISLAMIA KISHANVAS","state":"UTTAR PRADESH","district":"BIJNOR","block":"MOHD.PUR DEVMAL","indicator":"girls_toilet_nonfunctional"}},{"type":"Feature","geometry":{"type":"Point","coordinates":[78.06519,29.40189]},"properties":{"udise":"09030909004","name":"RAVINDR VIDIYA BHARTI P.S SCHO","state":"UTTAR PRADESH","district":"BIJNOR","block":"MOHD.PUR DEVMAL","indicator":"girls_toilet_nonfunctional"}},{"type":"Feature","geometry":{"type":"Point","coordinates":[78,29]},"properties":{"udise":"09031300125","name":"WINGS PUBLIC SCHOOL CHANDPUR","state":"UTTAR PRADESH","district":"BIJNOR","block":"CHANDPUR(NAGAR)","indicator":"girls_toilet_nonfunctional"}},{"type":"Feature","geometry":{"type":"Point","coordinates":[78.12177,29.49111]},"properties":{"udise":"09030910348","name":"MAD. AINUL ULUMIN ISLAMIA MANDAWAR","state":"UTTAR PRADESH","district":"BIJNOR","block":"MOHD.PUR DEVMAL","indicator":"girls_toilet_nonfunctional"}},{"type":"Feature","geometry":{"type":"Point","coordinates":[78.12899,29.48967]},"properties":{"udise":"09030910350","name":"NATIONAL PRIMARY PUBLIC SCHOOL MANDWAR","state":"UTTAR PRADESH","district":"BIJNOR","block":"MOHD.PUR DEVMAL","indicator":"girls_toilet_nonfunctional"}},{"type":"Feature","geometry":{"type":"Point","coordinates":[78.08911,29.39743]},"properties":{"udise":"09030909009","name":"VEERA INTER COLLEGE","state":"UTTAR PRADESH","district":"BIJNOR","block":"MOHD.PUR DEVMAL","indicator":"girls_toilet_nonfunctional"}},{"type":"Feature","geometry":{"type":"Point","coordinates":[78.14818,29.57132]},"properties":{"udise":"09030913202","name":"M.S. BAL VIDYA MANDIR CHANDAK","state":"UTTAR PRADESH","district":"BIJNOR","block":"MOHD.PUR DEVMAL","indicator":"girls_toilet_nonfunctional"}},{"type":"Feature","geometry":{"type":"Point","coordinates":[78.12688,29.37145]},"properties":{"udise":"09031202302","name":"NEW CHILDREN P.S. KAJIPADA","state":"UTTAR PRADESH","district":"BIJNOR","block":"BIJNOR(NAGAR)","indicator":"girls_toilet_nonfunctional"}},{"type":"Feature","geometry":{"type":"Point","coordinates":[78.28254,29.70425]},"properties":{"udise":"09031006116","name":"MADARSA SHADULA MAKTAB BHAGUWALA","state":"UTTAR PRADESH","district":"BIJNOR","block":"NAJIBABAD","indicator":"girls_toilet_nonfunctional"}},{"type":"Feature","geometry":{"type":"Point","coordinates":[78.31879,29.34528]},"properties":{"udise":"09030308401","name":"P.S. HAMEDPUR","state":"UTTAR PRADESH","district":"BIJNOR","block":"AAKU(NEHTOR)","indicator":"girls_toilet_nonfunctional"}},{"type":"Feature","geometry":{"type":"Point","coordinates":[78.52457,29.52562]},"properties":{"udise":"09030803304","name":"MADARSA ISLA. ARAB. ABU BAQR SIDDIQ TARAPUR","state":"UTTAR PRADESH","district":"BIJNOR","block":"KOTWALI","indicator":"girls_toilet_nonfunctional"}},{"type":"Feature","geometry":{"type":"Point","coordinates":[78.53774,29.14025]},"properties":{"udise":"09030400801","name":"PS BHOGPUR","state":"UTTAR PRADESH","district":"BIJNOR","block":"BURHANPUR(SEOHARA)","indicator":"girls_toilet_nonfunctional"}},{"type":"Feature","geometry":{"type":"Point","coordinates":[78.27974,29.41238]},"properties":{"udise":"09030927502","name":"MADARSA RAZA UL ULOM MODERN ISLAMPUR LALU","state":"UTTAR PRADESH","district":"BIJNOR","block":"MOHD.PUR DEVMAL","indicator":"girls_toilet_nonfunctional"}},{"type":"Feature","geometry":{"type":"Point","coordinates":[78.67604,29.39583]},"properties":{"udise":"09030107501","name":"SHIKHAR CHAND RAJENDRA KUMAR JAIN SARSWTI VIDHYA MANDIR  AFZALGARH","state":"UTTAR PRADESH","district":"BIJNOR","block":"AFZALGRAH","indicator":"girls_toilet_nonfunctional"}},{"type":"Feature","geometry":{"type":"Point","coordinates":[78.11126,29.614]},"properties":{"udise":"09030902207","name":"ADARSH JANTA J.H.S","state":"UTTAR PRADESH","district":"BIJNOR","block":"MOHD.PUR DEVMAL","indicator":"girls_toilet_nonfunctional"}},{"type":"Feature","geometry":{"type":"Point","coordinates":[78.24171,29.37626]},"properties":{"udise":"09030917901","name":"PS SHEKHPURA","state":"UTTAR PRADESH","district":"BIJNOR","block":"MOHD.PUR DEVMAL","indicator":"girls_toilet_nonfunctional"}},{"type":"Feature","geometry":{"type":"Point","coordinates":[78.28023,29.65583]},"properties":{"udise":"09031008002","name":".MADARSA KHADIMUL ISSLAM","state":"UTTAR PRADESH","district":"BIJNOR","block":"NAJIBABAD","indicator":"girls_toilet_nonfunctional"}},{"type":"Feature","geometry":{"type":"Point","coordinates":[78.41385,29.52386]},"properties":{"udise":"09030805606","name":"GREEN FIELD PUBLIC P.S.","state":"UTTAR PRADESH","district":"BIJNOR","block":"KOTWALI","indicator":"girls_toilet_nonfunctional"}},{"type":"Feature","geometry":{"type":"Point","coordinates":[78.11009,29.60511]},"properties":{"udise":"09030928401","name":"S.M.P.P.S.S.  MIRGI PUR","state":"UTTAR PRADESH","district":"BIJNOR","block":"MOHD.PUR DEVMAL","indicator":"girls_toilet_nonfunctional"}},{"type":"Feature","geometry":{"type":"Point","coordinates":[78.2483,29.2083]},"properties":{"udise":"09030622601","name":"SHIV VIDHYA MANDIR P.S RAJPUR PARSU","state":"UTTAR PRADESH","district":"BIJNOR","block":"JALILPUR","indicator":"girls_toilet_nonfunctional"}},{"type":"Feature","geometry":{"type":"Point","coordinates":[78.07122,29.58479]},"properties":{"udise":"09030902401","name":"P.S.KUNDANPUR","state":"UTTAR PRADESH","district":"BIJNOR","block":"MOHD.PUR DEVMAL","indicator":"girls_toilet_nonfunctional"}},{"type":"Feature","geometry":{"type":"Point","coordinates":[78.26243,29.61896]},"properties":{"udise":"09031014902","name":"MADARSA SUN LIGHT JHS MOJAMPUR SADAT","state":"UTTAR PRADESH","district":"BIJNOR","block":"NAJIBABAD","indicator":"girls_toilet_nonfunctional"}},{"type":"Feature","geometry":{"type":"Point","coordinates":[78.32,29.41491]},"properties":{"udise":"09030809301","name":"P.S. KHURAM PUR KHADAK","state":"UTTAR PRADESH","district":"BIJNOR","block":"KOTWALI","indicator":"girls_toilet_nonfunctional"}},{"type":"Feature","geometry":{"type":"Point","coordinates":[78.54683,29.25585]},"properties":{"udise":"09030210706","name":"MAHARAJA RAM SINGH RAJAWAT PUB","state":"UTTAR PRADESH","district":"BIJNOR","block":"ALLHEPUR(DHAMPUR)","indicator":"girls_toilet_nonfunctional"}},{"type":"Feature","geometry":{"type":"Point","coordinates":[78.14635,29.37905]},"properties":{"udise":"09030914001","name":"J.H.S MOHSINPUR CHAMRA","state":"UTTAR PRADESH","district":"BIJNOR","block":"MOHD.PUR DEVMAL","indicator":"girls_toilet_nonfunctional"}},{"type":"Feature","geometry":{"type":"Point","coordinates":[78.47845,29.32166]},"properties":{"udise":"09030201202","name":"P.S. GAJUPURA","state":"UTTAR PRADESH","district":"BIJNOR","block":"ALLHEPUR(DHAMPUR)","indicator":"girls_toilet_nonfunctional"}},{"type":"Feature","geometry":{"type":"Point","coordinates":[78.11114,29.60961]},"properties":{"udise":"09030902201","name":"P.S.GOPALPUR","state":"UTTAR PRADESH","district":"BIJNOR","block":"MOHD.PUR DEVMAL","indicator":"girls_toilet_nonfunctional"}},{"type":"Feature","geometry":{"type":"Point","coordinates":[78.31292,29.23067]},"properties":{"udise":"09030501509","name":"P.S JAUNULABDINPUR","state":"UTTAR PRADESH","district":"BIJNOR","block":"HALDAUR","indicator":"girls_toilet_nonfunctional"}},{"type":"Feature","geometry":{"type":"Point","coordinates":[78.59492,29.40695]},"properties":{"udise":"09030103010","name":"SAVITRI BAI PHULE UMV HAREWALI","state":"UTTAR PRADESH","district":"BIJNOR","block":"AFZALGRAH","indicator":"girls_toilet_nonfunctional"}},{"type":"Feature","geometry":{"type":"Point","coordinates":[78.55636,29.50121]},"properties":{"udise":"09030800134","name":"MADRSA ABD. SHAKOR MEMO J.H.S. GOPIWALA","state":"UTTAR PRADESH","district":"BIJNOR","block":"KOTWALI","indicator":"girls_toilet_nonfunctional"}},{"type":"Feature","geometry":{"type":"Point","coordinates":[78.45002,29.39758]},"properties":{"udise":"09030806519","name":"ANKUR CHILDREN ACEDAMY PURAINI","state":"UTTAR PRADESH","district":"BIJNOR","block":"KOTWALI","indicator":"girls_toilet_nonfunctional"}},{"type":"Feature","geometry":{"type":"Point","coordinates":[78.20139,29.11513]},"properties":{"udise":"09030604802","name":"P.S MANDIYO","state":"UTTAR PRADESH","district":"BIJNOR","block":"JALILPUR","indicator":"girls_toilet_nonfunctional"}},{"type":"Feature","geometry":{"type":"Point","coordinates":[78.15328,29.62352]},"properties":{"udise":"09031007310","name":"GRAMIN BAL SADN INTER COLLEGE","state":"UTTAR PRADESH","district":"BIJNOR","block":"NAJIBABAD","indicator":"girls_toilet_nonfunctional"}},{"type":"Feature","geometry":{"type":"Point","coordinates":[78.17702,29.47903]},"properties":{"udise":"09030900216","name":"MADARSA SHUMAILA P.S. MUNDHALA","state":"UTTAR PRADESH","district":"BIJNOR","block":"MOHD.PUR DEVMAL","indicator":"girls_toilet_nonfunctional"}},{"type":"Feature","geometry":{"type":"Point","coordinates":[78.49131,29.1359]},"properties":{"udise":"09030419504","name":"MAD. GULZAR E ALI RAWANA SHIKARPUR","state":"UTTAR PRADESH","district":"BIJNOR","block":"BURHANPUR(SEOHARA)","indicator":"girls_toilet_nonfunctional"}},{"type":"Feature","geometry":{"type":"Point","coordinates":[78.46164,29.24455]},"properties":{"udise":"09030202201","name":"P.S. SARAK THAL MADHO","state":"UTTAR PRADESH","district":"BIJNOR","block":"ALLHEPUR(DHAMPUR)","indicator":"girls_toilet_nonfunctional"}},{"type":"Feature","geometry":{"type":"Point","coordinates":[78.73666,29.37953]},"properties":{"udise":"09030112101","name":"ADERSE BALL NIKETAN JU.","state":"UTTAR PRADESH","district":"BIJNOR","block":"AFZALGRAH","indicator":"girls_toilet_nonfunctional"}},{"type":"Feature","geometry":{"type":"Point","coordinates":[78.46214,29.40141]},"properties":{"udise":"09031115034","name":"MADARSA MAULAN ABDUL KALAM AZAD NOORPUR","state":"UTTAR PRADESH","district":"BIJNOR","block":"NOORPUR","indicator":"girls_toilet_nonfunctional"}},{"type":"Feature","geometry":{"type":"Point","coordinates":[78.69787,29.27146]},"properties":{"udise":"09030101503","name":"J.S. RAM SHARMA ACHARYA","state":"UTTAR PRADESH","district":"BIJNOR","block":"AFZALGRAH","indicator":"girls_toilet_nonfunctional"}},{"type":"Feature","geometry":{"type":"Point","coordinates":[78.55305,29.20018]},"properties":{"udise":"09030408324","name":"M.Q. INTER COLLEGE","state":"UTTAR PRADESH","district":"BIJNOR","block":"BURHANPUR(SEOHARA)","indicator":"girls_toilet_nonfunctional"}},{"type":"Feature","geometry":{"type":"Point","coordinates":[78.2483,29.1683]},"properties":{"udise":"09030613003","name":"MOORTI DEVI MEMORAL PUBLIC INTER COLLEGE PADLA","state":"UTTAR PRADESH","district":"BIJNOR","block":"JALILPUR","indicator":"girls_toilet_nonfunctional"}},{"type":"Feature","geometry":{"type":"Point","coordinates":[78.2817,29.1683]},"properties":{"udise":"09031302201","name":"RENBO PUBLIC SCHOOL CHANDPUR","state":"UTTAR PRADESH","district":"BIJNOR","block":"CHANDPUR(NAGAR)","indicator":"girls_toilet_nonfunctional"}},{"type":"Feature","geometry":{"type":"Point","coordinates":[78.53155,29.529]},"properties":{"udise":"09030800820","name":"MAD. ABDUL MAJEED MEMO. JHS BARHAPUR","state":"UTTAR PRADESH","district":"BIJNOR","block":"KOTWALI","indicator":"girls_toilet_nonfunctional"}},{"type":"Feature","geometry":{"type":"Point","coordinates":[78.10994,29.40934]},"properties":{"udise":"09030909402","name":"PM SHRI COMPOSITE SCHOOL TAREEKAMUR RUPCHAND","state":"UTTAR PRADESH","district":"BIJNOR","block":"MOHD.PUR DEVMAL","indicator":"girls_toilet_nonfunctional"}},{"type":"Feature","geometry":{"type":"Point","coordinates":[78.1784,29.58345]},"properties":{"udise":"09030908803","name":"P.S. DWARIKAPURI","state":"UTTAR PRADESH","district":"BIJNOR","block":"MOHD.PUR DEVMAL","indicator":"girls_toilet_nonfunctional"}},{"type":"Feature","geometry":{"type":"Point","coordinates":[78.55784,29.06454]},"properties":{"udise":"09030421501","name":"MADARSA ISL. ARAB. ANWARUL ULOM MANSOR SARI","state":"UTTAR PRADESH","district":"BIJNOR","block":"BURHANPUR(SEOHARA)","indicator":"girls_toilet_nonfunctional"}},{"type":"Feature","geometry":{"type":"Point","coordinates":[78.10151,29.6109]},"properties":{"udise":"09030902601","name":"P.S. SIOHARA","state":"UTTAR PRADESH","district":"BIJNOR","block":"MOHD.PUR DEVMAL","indicator":"girls_toilet_nonfunctional"}},{"type":"Feature","geometry":{"type":"Point","coordinates":[78.22871,29.61996]},"properties":{"udise":"09031003514","name":"MADARSA FARMANUL ULOM HIGH SCHOOL RAJPUR NAWADA","state":"UTTAR PRADESH","district":"BIJNOR","block":"NAJIBABAD","indicator":"girls_toilet_nonfunctional"}},{"type":"Feature","geometry":{"type":"Point","coordinates":[78.4479,29.07582]},"properties":{"udise":"09031136601","name":"P.S. ENAYAT PUR","state":"UTTAR PRADESH","district":"BIJNOR","block":"NOORPUR","indicator":"girls_toilet_nonfunctional"}},{"type":"Feature","geometry":{"type":"Point","coordinates":[78.43123,29.44325]},"properties":{"udise":"09031502204","name":"JAMIYATUL MOMINAT SCHOOL","state":"UTTAR PRADESH","district":"BIJNOR","block":"NAGINA(NAGAR)","indicator":"girls_toilet_nonfunctional"}},{"type":"Feature","geometry":{"type":"Point","coordinates":[78.2405,29.66943]},"properties":{"udise":"09031009703","name":"MAKTAB WANIA J.H.S. AURANGPUR BASANTA","state":"UTTAR PRADESH","district":"BIJNOR","block":"NAJIBABAD","indicator":"girls_toilet_nonfunctional"}},{"type":"Feature","geometry":{"type":"Point","coordinates":[78.15328,29.62352]},"properties":{"udise":"09031007306","name":"GRAMIN BAL SADAN J.H.S TISOTRA","state":"UTTAR PRADESH","district":"BIJNOR","block":"NAJIBABAD","indicator":"girls_toilet_nonfunctional"}},{"type":"Feature","geometry":{"type":"Point","coordinates":[78.69693,29.26895]},"properties":{"udise":"09030101304","name":"GANESH SINGH SAINI JHS SHERGAR","state":"UTTAR PRADESH","district":"BIJNOR","block":"AFZALGRAH","indicator":"girls_toilet_nonfunctional"}},{"type":"Feature","geometry":{"type":"Point","coordinates":[78.2817,29.1683]},"properties":{"udise":"09031302601","name":"AMIT GYANDEEP VIDHYA MANDIR","state":"UTTAR PRADESH","district":"BIJNOR","block":"CHANDPUR(NAGAR)","indicator":"girls_toilet_nonfunctional"}},{"type":"Feature","geometry":{"type":"Point","coordinates":[78.64459,29.36973]},"properties":{"udise":"09030211624","name":"P.J.M.I. COLLAGE SHERKOT","state":"UTTAR PRADESH","district":"BIJNOR","block":"ALLHEPUR(DHAMPUR)","indicator":"girls_toilet_nonfunctional"}},{"type":"Feature","geometry":{"type":"Point","coordinates":[78.2817,29.1683]},"properties":{"udise":"09031300113","name":"AMIT GYANDEEP J.H.S","state":"UTTAR PRADESH","district":"BIJNOR","block":"CHANDPUR(NAGAR)","indicator":"girls_toilet_nonfunctional"}},{"type":"Feature","geometry":{"type":"Point","coordinates":[78.50518,29.12664]},"properties":{"udise":"09030407609","name":"MUKANDI SINGH INTER COLLEAGE GALLAKHERI","state":"UTTAR PRADESH","district":"BIJNOR","block":"BURHANPUR(SEOHARA)","indicator":"girls_toilet_nonfunctional"}},{"type":"Feature","geometry":{"type":"Point","coordinates":[78.21179,29.64822]},"properties":{"udise":"09031020401","name":"PRAYAG RAJ AMBEDKAR PUBLIC P.S","state":"UTTAR PRADESH","district":"BIJNOR","block":"NAJIBABAD","indicator":"girls_toilet_nonfunctional"}},{"type":"Feature","geometry":{"type":"Point","coordinates":[78.24778,29.64652]},"properties":{"udise":"09031017904","name":"MADARSA ISLAMIYA FAIZUL QURAN-A-ULL PUBLIC SCHOOL  MIRZAPUR","state":"UTTAR PRADESH","district":"BIJNOR","block":"NAJIBABAD","indicator":"girls_toilet_nonfunctional"}},{"type":"Feature","geometry":{"type":"Point","coordinates":[78.0728,29.58391]},"properties":{"udise":"09030902402","name":"J.H.S.KUNDANPUR","state":"UTTAR PRADESH","district":"BIJNOR","block":"MOHD.PUR DEVMAL","indicator":"girls_toilet_nonfunctional"}},{"type":"Feature","geometry":{"type":"Point","coordinates":[78.38948,29.35726]},"properties":{"udise":"09030315601","name":"ISHWARI DEVI MEMORIYAL H.S.S BHATIYANA","state":"UTTAR PRADESH","district":"BIJNOR","block":"AAKU(NEHTOR)","indicator":"girls_toilet_nonfunctional"}},{"type":"Feature","geometry":{"type":"Point","coordinates":[78.7233,29.34359]},"properties":{"udise":"09030108703","name":"L.K. PUBLIC SCHOOL BHAGTA WALA","state":"UTTAR PRADESH","district":"BIJNOR","block":"AFZALGRAH","indicator":"girls_toilet_nonfunctional"}},{"type":"Feature","geometry":{"type":"Point","coordinates":[78.69452,29.27459]},"properties":{"udise":"09030101305","name":"GANESH SINGH SAINI PS SHERGAR","state":"UTTAR PRADESH","district":"BIJNOR","block":"AFZALGRAH","indicator":"girls_toilet_nonfunctional"}},{"type":"Feature","geometry":{"type":"Point","coordinates":[78.49482,29.52394]},"properties":{"udise":"09030803403","name":"MAD. JAMIA ARAB. KASIMUL ULOM NOORPUR ARAB","state":"UTTAR PRADESH","district":"BIJNOR","block":"KOTWALI","indicator":"girls_toilet_nonfunctional"}},{"type":"Feature","geometry":{"type":"Point","coordinates":[78.73994,29.39242]},"properties":{"udise":"09030106013","name":"ALIGARH CONVENT JUNIOR HIGH SCHOOL KASAMPUR GARHI","state":"UTTAR PRADESH","district":"BIJNOR","block":"AFZALGRAH","indicator":"girls_toilet_nonfunctional"}},{"type":"Feature","geometry":{"type":"Point","coordinates":[78.51742,29.18205]},"properties":{"udise":"09030407303","name":"BUDH SINGH JANTA JHS SHEKHPURA","state":"UTTAR PRADESH","district":"BIJNOR","block":"BURHANPUR(SEOHARA)","indicator":"girls_toilet_nonfunctional"}},{"type":"Feature","geometry":{"type":"Point","coordinates":[78.35812,29.43235]},"properties":{"udise":"09030801941","name":"DAYANAND INTER COLLEGE KOTWALI","state":"UTTAR PRADESH","district":"BIJNOR","block":"KOTWALI","indicator":"girls_toilet_nonfunctional"}},{"type":"Feature","geometry":{"type":"Point","coordinates":[78.12416,29.48525]},"properties":{"udise":"09030910344","name":"MADARSA AHYAUL ULOM ACA. MANDAWAR","state":"UTTAR PRADESH","district":"BIJNOR","block":"MOHD.PUR DEVMAL","indicator":"girls_toilet_nonfunctional"}},{"type":"Feature","geometry":{"type":"Point","coordinates":[78.22613,29.70901]},"properties":{"udise":"09031006008","name":"MADARSA ISHALAMIYA ARBIYA TALIMUL QURAN","state":"UTTAR PRADESH","district":"BIJNOR","block":"NAJIBABAD","indicator":"girls_toilet_nonfunctional"}},{"type":"Feature","geometry":{"type":"Point","coordinates":[78.35051,29.54287]},"properties":{"udise":"09030704802","name":"J.S. GUNIYA PUR","state":"UTTAR PRADESH","district":"BIJNOR","block":"KIRATPUR","indicator":"girls_toilet_nonfunctional"}},{"type":"Feature","geometry":{"type":"Point","coordinates":[78.45123,29.12572]},"properties":{"udise":"09031112603","name":"INTER COLLEGE ASKARI PUR","state":"UTTAR PRADESH","district":"BIJNOR","block":"NOORPUR","indicator":"girls_toilet_nonfunctional"}},{"type":"Feature","geometry":{"type":"Point","coordinates":[78.45962,29.3756]},"properties":{"udise":"09030840701","name":"JANNAT NISHA P.S.","state":"UTTAR PRADESH","district":"BIJNOR","block":"KOTWALI","indicator":"girls_toilet_nonfunctional"}},{"type":"Feature","geometry":{"type":"Point","coordinates":[78.12714,29.48358]},"properties":{"udise":"09030910309","name":"RAIES RAHEE CHILDREN SCHOOL","state":"UTTAR PRADESH","district":"BIJNOR","block":"MOHD.PUR DEVMAL","indicator":"girls_toilet_nonfunctional"}},{"type":"Feature","geometry":{"type":"Point","coordinates":[78.50549,29.54531]},"properties":{"udise":"09030820401","name":"MADARSA AZEEZUL ULOM I ABDUL AZEEZ NANDPUR","state":"UTTAR PRADESH","district":"BIJNOR","block":"KOTWALI","indicator":"girls_toilet_nonfunctional"}},{"type":"Feature","geometry":{"type":"Point","coordinates":[78.13551,29.3642]},"properties":{"udise":"09031201709","name":"MADARSA HAFEEZUL ULOM MODER. ACA. BJR","state":"UTTAR PRADESH","district":"BIJNOR","block":"BIJNOR(NAGAR)","indicator":"girls_toilet_nonfunctional"}},{"type":"Feature","geometry":{"type":"Point","coordinates":[78.24755,29.42634]},"properties":{"udise":"09030907702","name":"A.S.R.B. SARSVATI SHISU MANDIR","state":"UTTAR PRADESH","district":"BIJNOR","block":"MOHD.PUR DEVMAL","indicator":"girls_toilet_nonfunctional"}},{"type":"Feature","geometry":{"type":"Point","coordinates":[78.2817,29.1683]},"properties":{"udise":"09031303228","name":"MOMIN HR SEC SCHOOL","state":"UTTAR PRADESH","district":"BIJNOR","block":"CHANDPUR(NAGAR)","indicator":"girls_toilet_nonfunctional"}},{"type":"Feature","geometry":{"type":"Point","coordinates":[78.66104,29.50727]},"properties":{"udise":"09030800203","name":"J.S BHOGPUR","state":"UTTAR PRADESH","district":"BIJNOR","block":"KOTWALI","indicator":"girls_toilet_nonfunctional"}},{"type":"Feature","geometry":{"type":"Point","coordinates":[78,29]},"properties":{"udise":"09031200106","name":"MADARSA SHAD CHILDREN ACADEMY","state":"UTTAR PRADESH","district":"BIJNOR","block":"BIJNOR(NAGAR)","indicator":"girls_toilet_nonfunctional"}},{"type":"Feature","geometry":{"type":"Point","coordinates":[78.2483,29.2083]},"properties":{"udise":"09030613001","name":"M.D.M PUBLIC PRIMARY SCHOOL","state":"UTTAR PRADESH","district":"BIJNOR","block":"JALILPUR","indicator":"girls_toilet_nonfunctional"}},{"type":"Feature","geometry":{"type":"Point","coordinates":[78.40564,29.15283]},"properties":{"udise":"09031113001","name":"M Z UPS SCHOOL NOOR PUR","state":"UTTAR PRADESH","district":"BIJNOR","block":"NOORPUR","indicator":"girls_toilet_nonfunctional"}},{"type":"Feature","geometry":{"type":"Point","coordinates":[78.08977,29.42535]},"properties":{"udise":"09030907003","name":"GURU TEG BHADUR SCHOOL","state":"UTTAR PRADESH","district":"BIJNOR","block":"MOHD.PUR DEVMAL","indicator":"girls_toilet_nonfunctional"}},{"type":"Feature","geometry":{"type":"Point","coordinates":[78.07423,29.44823]},"properties":{"udise":"09030905001","name":"P.S. RAFIULL NAGAR","state":"UTTAR PRADESH","district":"BIJNOR","block":"MOHD.PUR DEVMAL","indicator":"girls_toilet_nonfunctional"}},{"type":"Feature","geometry":{"type":"Point","coordinates":[78.74574,29.28519]},"properties":{"udise":"09030111101","name":"RAMLAL SINGH VIDHYA MANDIR  Junior high School Paigambarpur","state":"UTTAR PRADESH","district":"BIJNOR","block":"AFZALGRAH","indicator":"girls_toilet_nonfunctional"}},{"type":"Feature","geometry":{"type":"Point","coordinates":[78.74284,29.36422]},"properties":{"udise":"09030104004","name":"P.S. PREMPURI","state":"UTTAR PRADESH","district":"BIJNOR","block":"AFZALGRAH","indicator":"girls_toilet_nonfunctional"}},{"type":"Feature","geometry":{"type":"Point","coordinates":[78.14062,29.36556]},"properties":{"udise":"09031203606","name":"MAD. SAFINA SADAF P.S. QASSABAN BJR","state":"UTTAR PRADESH","district":"BIJNOR","block":"BIJNOR(NAGAR)","indicator":"girls_toilet_nonfunctional"}},{"type":"Feature","geometry":{"type":"Point","coordinates":[78.11009,29.60511]},"properties":{"udise":"09030928403","name":"S.M.P.J.H.S. PUBLIC SCHOOL MIRGIPUR","state":"UTTAR PRADESH","district":"BIJNOR","block":"MOHD.PUR DEVMAL","indicator":"girls_toilet_nonfunctional"}},{"type":"Feature","geometry":{"type":"Point","coordinates":[78.23114,29.67549]},"properties":{"udise":"09031006506","name":"MADARSHA JAMIYA UPS DAHIR","state":"UTTAR PRADESH","district":"BIJNOR","block":"NAJIBABAD","indicator":"girls_toilet_nonfunctional"}},{"type":"Feature","geometry":{"type":"Point","coordinates":[78.2817,29.1683]},"properties":{"udise":"09031303230","name":"AMIT GYANDEEP INTER COLLEGE","state":"UTTAR PRADESH","district":"BIJNOR","block":"CHANDPUR(NAGAR)","indicator":"girls_toilet_nonfunctional"}},{"type":"Feature","geometry":{"type":"Point","coordinates":[78.37814,29.07451]},"properties":{"udise":"09031104720","name":"MADARSHA SHAMA MEMORIYAL","state":"UTTAR PRADESH","district":"BIJNOR","block":"NOORPUR","indicator":"girls_toilet_nonfunctional"}},{"type":"Feature","geometry":{"type":"Point","coordinates":[78.54555,29.11965]},"properties":{"udise":"09030407202","name":"BUDH SINGH JANTA HR SEC SCHOOL SHEKHPURA","state":"UTTAR PRADESH","district":"BIJNOR","block":"BURHANPUR(SEOHARA)","indicator":"girls_toilet_nonfunctional"}},{"type":"Feature","geometry":{"type":"Point","coordinates":[78.35812,29.45235]},"properties":{"udise":"09030801907","name":"DAYANAND JHS KOTWALI","state":"UTTAR PRADESH","district":"BIJNOR","block":"KOTWALI","indicator":"girls_toilet_nonfunctional"}},{"type":"Feature","geometry":{"type":"Point","coordinates":[78.24592,29.65529]},"properties":{"udise":"09031009402","name":"MAD. SUN RISE J.H.S. MEERAMPUR BEGA","state":"UTTAR PRADESH","district":"BIJNOR","block":"NAJIBABAD","indicator":"girls_toilet_nonfunctional"}},{"type":"Feature","geometry":{"type":"Point","coordinates":[78.36974,29.2807]},"properties":{"udise":"09030305903","name":"J.H.S. SWAMI PRERNANAND SADRUDEEN","state":"UTTAR PRADESH","district":"BIJNOR","block":"AAKU(NEHTOR)","indicator":"girls_toilet_nonfunctional"}},{"type":"Feature","geometry":{"type":"Point","coordinates":[78.25715,29.14555]},"properties":{"udise":"09030601507","name":"C.S. ACADEMY J.H.S. SIAU","state":"UTTAR PRADESH","district":"BIJNOR","block":"JALILPUR","indicator":"girls_toilet_nonfunctional"}},{"type":"Feature","geometry":{"type":"Point","coordinates":[78.46602,29.19911]},"properties":{"udise":"09031109102","name":"P.S. POUTI","state":"UTTAR PRADESH","district":"BIJNOR","block":"NOORPUR","indicator":"girls_toilet_nonfunctional"}},{"type":"Feature","geometry":{"type":"Point","coordinates":[78.34167,29.31043]},"properties":{"udise":"09030304705","name":"SAVITRI DEVI SARASWATI SHISHU","state":"UTTAR PRADESH","district":"BIJNOR","block":"AAKU(NEHTOR)","indicator":"girls_toilet_nonfunctional"}},{"type":"Feature","geometry":{"type":"Point","coordinates":[78.25442,29.66406]},"properties":{"udise":"09031010006","name":"MADARSA FAIZULQURAN AURANGPUR BHIKKU","state":"UTTAR PRADESH","district":"BIJNOR","block":"NAJIBABAD","indicator":"girls_toilet_nonfunctional"}},{"type":"Feature","geometry":{"type":"Point","coordinates":[78.4463,29.13097]},"properties":{"udise":"09031107601","name":"P.S. FAIZPUR","state":"UTTAR PRADESH","district":"BIJNOR","block":"NOORPUR","indicator":"girls_toilet_nonfunctional"}},{"type":"Feature","geometry":{"type":"Point","coordinates":[78.78213,29.39878]},"properties":{"udise":"09030106407","name":"SAWMI VIVEKA NANDSISU MANDIR","state":"UTTAR PRADESH","district":"BIJNOR","block":"AFZALGRAH","indicator":"girls_toilet_nonfunctional"}},{"type":"Feature","geometry":{"type":"Point","coordinates":[78.41378,29.52401]},"properties":{"udise":"09030802714","name":"GREEN FLIDE PABLIC UPS","state":"UTTAR PRADESH","district":"BIJNOR","block":"KOTWALI","indicator":"girls_toilet_nonfunctional"}},{"type":"Feature","geometry":{"type":"Point","coordinates":[78.5637,29.43137]},"properties":{"udise":"09030801202","name":"P.S. INAYAT PUR","state":"UTTAR PRADESH","district":"BIJNOR","block":"KOTWALI","indicator":"girls_toilet_nonfunctional"}},{"type":"Feature","geometry":{"type":"Point","coordinates":[78.29698,29.12594]},"properties":{"udise":"09030607602","name":"P.S. KAJISORA","state":"UTTAR PRADESH","district":"BIJNOR","block":"JALILPUR","indicator":"girls_toilet_nonfunctional"}},{"type":"Feature","geometry":{"type":"Point","coordinates":[78.32525,29.63754]},"properties":{"udise":"09031001824","name":"MADARSA ANSARUL ULOOM SAHANPUR","state":"UTTAR PRADESH","district":"BIJNOR","block":"NAJIBABAD","indicator":"girls_toilet_nonfunctional"}},{"type":"Feature","geometry":{"type":"Point","coordinates":[78.66745,29.35732]},"properties":{"udise":"09030108708","name":"BEENA VIDYA MANDIR JHS SCHOOL","state":"UTTAR PRADESH","district":"BIJNOR","block":"AFZALGRAH","indicator":"girls_toilet_nonfunctional"}},{"type":"Feature","geometry":{"type":"Point","coordinates":[78.2933,29.14814]},"properties":{"udise":"09030603901","name":"P.S.KARAL","state":"UTTAR PRADESH","district":"BIJNOR","block":"JALILPUR","indicator":"girls_toilet_nonfunctional"}},{"type":"Feature","geometry":{"type":"Point","coordinates":[78.25276,29.6621]},"properties":{"udise":"09031010005","name":"MAD. FALAH E DARIN JHS AURANGPUR BHIKU","state":"UTTAR PRADESH","district":"BIJNOR","block":"NAJIBABAD","indicator":"girls_toilet_nonfunctional"}},{"type":"Feature","geometry":{"type":"Point","coordinates":[78.41227,29.5126]},"properties":{"udise":"09030805607","name":"P.S. BANI GANESH","state":"UTTAR PRADESH","district":"BIJNOR","block":"KOTWALI","indicator":"girls_toilet_nonfunctional"}},{"type":"Feature","geometry":{"type":"Point","coordinates":[78.44169,29.53606]},"properties":{"udise":"09030828501","name":"P.S. FIROJPUR","state":"UTTAR PRADESH","district":"BIJNOR","block":"KOTWALI","indicator":"girls_toilet_nonfunctional"}},{"type":"Feature","geometry":{"type":"Point","coordinates":[78.40564,29.15283]},"properties":{"udise":"09031115307","name":"P.S. M.Z. NOORPUR","state":"UTTAR PRADESH","district":"BIJNOR","block":"NOORPUR","indicator":"girls_toilet_nonfunctional"}},{"type":"Feature","geometry":{"type":"Point","coordinates":[78.08981,29.42945]},"properties":{"udise":"09030917702","name":"J.S. KHAN ZAHAPUR BAHADAR","state":"UTTAR PRADESH","district":"BIJNOR","block":"MOHD.PUR DEVMAL","indicator":"girls_toilet_nonfunctional"}},{"type":"Feature","geometry":{"type":"Point","coordinates":[78.21397,29.06826]},"properties":{"udise":"09030607901","name":"P.S. BASTA","state":"UTTAR PRADESH","district":"BIJNOR","block":"JALILPUR","indicator":"girls_toilet_nonfunctional"}},{"type":"Feature","geometry":{"type":"Point","coordinates":[78.31491,29.11826]},"properties":{"udise":"09031127001","name":"KISAN INTER COLLEGE MEERAPUR PHUHLI","state":"UTTAR PRADESH","district":"BIJNOR","block":"NOORPUR","indicator":"girls_toilet_nonfunctional"}},{"type":"Feature","geometry":{"type":"Point","coordinates":[79.24486,27.74121]},"properties":{"udise":"09190904002","name":"PS. KAMLAIYAPUR","state":"UTTAR PRADESH","district":"BUDAUN","block":"USAWAN","indicator":"no_girls_toilet"}},{"type":"Feature","geometry":{"type":"Point","coordinates":[79.1,28.5]},"properties":{"udise":"09191205704","name":"GYANVARSHA EDUCATION ACADEMY","state":"UTTAR PRADESH","district":"BUDAUN","block":"WAZEERGANJ","indicator":"no_girls_toilet"}},{"type":"Feature","geometry":{"type":"Point","coordinates":[78.11744,28.52259]},"properties":{"udise":"09190504201","name":"PS. NERSAINA","state":"UTTAR PRADESH","district":"BUDAUN","block":"SAHASWAN","indicator":"no_girls_toilet"}},{"type":"Feature","geometry":{"type":"Point","coordinates":[79.555,28.2367]},"properties":{"udise":"09190502806","name":"MAHARISHI DAYANAND BAL VIDYALAYA AHMADNA","state":"UTTAR PRADESH","district":"BUDAUN","block":"SAHASWAN","indicator":"no_girls_toilet"}},{"type":"Feature","geometry":{"type":"Point","coordinates":[78.9683,28.425]},"properties":{"udise":"09191602603","name":"T.P.S.JHS.NAGPUR","state":"UTTAR PRADESH","district":"BUDAUN","block":"BISAULI","indicator":"no_girls_toilet"}},{"type":"Feature","geometry":{"type":"Point","coordinates":[78.64282,28.22657]},"properties":{"udise":"09191804502","name":"UPS. SAMAS PUR BHOOR","state":"UTTAR PRADESH","district":"BUDAUN","block":"DEHGANWAN","indicator":"no_girls_toilet"}},{"type":"Feature","geometry":{"type":"Point","coordinates":[79.3084,28.12877]},"properties":{"udise":"09190401702","name":"UPS. NAUSANA","state":"UTTAR PRADESH","district":"BUDAUN","block":"SALARPUR","indicator":"no_girls_toilet"}},{"type":"Feature","geometry":{"type":"Point","coordinates":[79.1074,28.03761]},"properties":{"udise":"09192100138","name":"PS. QABOOL PURA NO. 3","state":"UTTAR PRADESH","district":"BUDAUN","block":"BUDAUN CITY","indicator":"no_girls_toilet"}},{"type":"Feature","geometry":{"type":"Point","coordinates":[79.22525,27.74303]},"properties":{"udise":"09190912401","name":"PS. BEHTI","state":"UTTAR PRADESH","district":"BUDAUN","block":"USAWAN","indicator":"no_girls_toilet"}},{"type":"Feature","geometry":{"type":"Point","coordinates":[79.12062,28.03039]},"properties":{"udise":"09192100102","name":"PS. SARAI NAHER KHAN NO. 2","state":"UTTAR PRADESH","district":"BUDAUN","block":"BUDAUN CITY","indicator":"no_girls_toilet"}},{"type":"Feature","geometry":{"type":"Point","coordinates":[79.27597,27.8842]},"properties":{"udise":"09191006507","name":"UPS. HADAURA","state":"UTTAR PRADESH","district":"BUDAUN","block":"MIAUN","indicator":"no_girls_toilet"}},{"type":"Feature","geometry":{"type":"Point","coordinates":[79.13132,28.03449]},"properties":{"udise":"09192100140","name":"PS. SARAI 9 NO.1","state":"UTTAR PRADESH","district":"BUDAUN","block":"BUDAUN CITY","indicator":"no_girls_toilet"}},{"type":"Feature","geometry":{"type":"Point","coordinates":[79.13365,28.0684]},"properties":{"udise":"09190405102","name":"PS. NANDGANO","state":"UTTAR PRADESH","district":"BUDAUN","block":"SALARPUR","indicator":"no_girls_toilet"}},{"type":"Feature","geometry":{"type":"Point","coordinates":[79.12112,28.03115]},"properties":{"udise":"09192100199","name":"PS. LALPUL","state":"UTTAR PRADESH","district":"BUDAUN","block":"BUDAUN CITY","indicator":"no_girls_toilet"}},{"type":"Feature","geometry":{"type":"Point","coordinates":[78.9598,27.9211]},"properties":{"udise":"09190205701","name":"PS. DHAUNRERA","state":"UTTAR PRADESH","district":"BUDAUN","block":"UJHANI","indicator":"no_girls_toilet"}},{"type":"Feature","geometry":{"type":"Point","coordinates":[78.75311,28.07132]},"properties":{"udise":"09191808601","name":"PS. THANPUR","state":"UTTAR PRADESH","district":"BUDAUN","block":"DEHGANWAN","indicator":"no_girls_toilet"}},{"type":"Feature","geometry":{"type":"Point","coordinates":[78.79101,27.9289]},"properties":{"udise":"09190508101","name":"PS. KHARAKVARI MANPUR","state":"UTTAR PRADESH","district":"BUDAUN","block":"SAHASWAN","indicator":"no_girls_toilet"}},{"type":"Feature","geometry":{"type":"Point","coordinates":[79.23198,27.74584]},"properties":{"udise":"09190903606","name":"GOVT. HIGH SCHOOL, BHUNDI","state":"UTTAR PRADESH","district":"BUDAUN","block":"USAWAN","indicator":"no_girls_toilet"}},{"type":"Feature","geometry":{"type":"Point","coordinates":[79.3767,28.2667]},"properties":{"udise":"09190401009","name":"R.S. PUB. SCHOOL PUTHI SARAI","state":"UTTAR PRADESH","district":"BUDAUN","block":"SALARPUR","indicator":"no_girls_toilet"}},{"type":"Feature","geometry":{"type":"Point","coordinates":[78.61566,27.99279]},"properties":{"udise":"09191805601","name":"COMPOSITE SCHOOL TONTPUR KERSARI","state":"UTTAR PRADESH","district":"BUDAUN","block":"DEHGANWAN","indicator":"no_girls_toilet"}},{"type":"Feature","geometry":{"type":"Point","coordinates":[78.76551,28.0626]},"properties":{"udise":"09190514002","name":"PS. GHOORANPUR JAMINI","state":"UTTAR PRADESH","district":"BUDAUN","block":"SAHASWAN","indicator":"no_girls_toilet"}},{"type":"Feature","geometry":{"type":"Point","coordinates":[78.9683,28.425]},"properties":{"udise":"09191600308","name":"DINESH CHAND BHATT JHS.,MUDIYA DHUREKI","state":"UTTAR PRADESH","district":"BUDAUN","block":"BISAULI","indicator":"no_girls_toilet"}},{"type":"Feature","geometry":{"type":"Point","coordinates":[79.18666,27.87526]},"properties":{"udise":"09190109301","name":"PS. PANDEY NAGLA","state":"UTTAR PRADESH","district":"BUDAUN","block":"QADARCHOWK","indicator":"no_girls_toilet"}},{"type":"Feature","geometry":{"type":"Point","coordinates":[79.27276,28.14154]},"properties":{"udise":"09190402301","name":"PS. RAIPURA","state":"UTTAR PRADESH","district":"BUDAUN","block":"SALARPUR","indicator":"no_girls_toilet"}},{"type":"Feature","geometry":{"type":"Point","coordinates":[79.23922,28.14141]},"properties":{"udise":"09190402210","name":"UPS. MOHAMADPUR BIHAR","state":"UTTAR PRADESH","district":"BUDAUN","block":"SALARPUR","indicator":"no_girls_toilet"}},{"type":"Feature","geometry":{"type":"Point","coordinates":[79.40526,28.02475]},"properties":{"udise":"09190804406","name":"PAWAN KUMAR MEMO. CONVENT SCHOOL DATAGANJ","state":"UTTAR PRADESH","district":"BUDAUN","block":"DATAGANJ","indicator":"no_girls_toilet"}},{"type":"Feature","geometry":{"type":"Point","coordinates":[79.38864,27.91759]},"properties":{"udise":"09190800103","name":"PS. DATAGANJ III","state":"UTTAR PRADESH","district":"BUDAUN","block":"DATAGANJ","indicator":"no_girls_toilet"}},{"type":"Feature","geometry":{"type":"Point","coordinates":[79.49,28.335]},"properties":{"udise":"09191108004","name":"SUBHASH SAROJ PS.,HASANPUR","state":"UTTAR PRADESH","district":"BUDAUN","block":"SAMRER","indicator":"no_girls_toilet"}},{"type":"Feature","geometry":{"type":"Point","coordinates":[78.84367,28.06653]},"properties":{"udise":"09190516901","name":"PS. BEHARIPUR","state":"UTTAR PRADESH","district":"BUDAUN","block":"SAHASWAN","indicator":"no_girls_toilet"}},{"type":"Feature","geometry":{"type":"Point","coordinates":[79.12597,28.03757]},"properties":{"udise":"09192100215","name":"PS. SHABAZPUR NO. 1","state":"UTTAR PRADESH","district":"BUDAUN","block":"BUDAUN CITY","indicator":"no_girls_toilet"}},{"type":"Feature","geometry":{"type":"Point","coordinates":[78.86706,28.0879]},"properties":{"udise":"09190515401","name":"PS. SIRKI KHEDA","state":"UTTAR PRADESH","district":"BUDAUN","block":"SAHASWAN","indicator":"no_girls_toilet"}},{"type":"Feature","geometry":{"type":"Point","coordinates":[78.81051,28.25689]},"properties":{"udise":"09190307901","name":"PS. KISHERA","state":"UTTAR PRADESH","district":"BUDAUN","block":"ISLAMNAGAR","indicator":"no_girls_toilet"}},{"type":"Feature","geometry":{"type":"Point","coordinates":[78.6426,28.11842]},"properties":{"udise":"09191810503","name":"PS. SOORAJPUR TAPPA","state":"UTTAR PRADESH","district":"BUDAUN","block":"DEHGANWAN","indicator":"no_girls_toilet"}},{"type":"Feature","geometry":{"type":"Point","coordinates":[79.22273,28.14505]},"properties":{"udise":"09190405901","name":"PS. DADMAI","state":"UTTAR PRADESH","district":"BUDAUN","block":"SALARPUR","indicator":"no_girls_toilet"}},{"type":"Feature","geometry":{"type":"Point","coordinates":[79.47746,27.85016]},"properties":{"udise":"09191007801","name":"PS. SIMRIYA TEDU","state":"UTTAR PRADESH","district":"BUDAUN","block":"MIAUN","indicator":"no_girls_toilet"}},{"type":"Feature","geometry":{"type":"Point","coordinates":[79.03343,28.1413]},"properties":{"udise":"09191301801","name":"PS. PAHAR PUR","state":"UTTAR PRADESH","district":"BUDAUN","block":"AMBIYAPUR","indicator":"no_girls_toilet"}},{"type":"Feature","geometry":{"type":"Point","coordinates":[78.7711,28.2415]},"properties":{"udise":"09190306507","name":"V.P.SHARMA HIGHER SECONDARY SCHOOL, EIKH KHERA","state":"UTTAR PRADESH","district":"BUDAUN","block":"ISLAMNAGAR","indicator":"no_girls_toilet"}},{"type":"Feature","geometry":{"type":"Point","coordinates":[79.12336,28.03691]},"properties":{"udise":"09192100145","name":"PS. HALKA NO. 1","state":"UTTAR PRADESH","district":"BUDAUN","block":"BUDAUN CITY","indicator":"no_girls_toilet"}},{"type":"Feature","geometry":{"type":"Point","coordinates":[79.16898,28.17136]},"properties":{"udise":"09190407901","name":"PS. AHRUIYA","state":"UTTAR PRADESH","district":"BUDAUN","block":"SALARPUR","indicator":"no_girls_toilet"}},{"type":"Feature","geometry":{"type":"Point","coordinates":[78.83773,28.08081]},"properties":{"udise":"09190508301","name":"PS. DARIAPUR","state":"UTTAR PRADESH","district":"BUDAUN","block":"SAHASWAN","indicator":"no_girls_toilet"}},{"type":"Feature","geometry":{"type":"Point","coordinates":[79.2567,28.37]},"properties":{"udise":"09190602906","name":"GOVT. HS SCHOOL,UPERA","state":"UTTAR PRADESH","district":"BUDAUN","block":"JAGAT","indicator":"no_girls_toilet"}},{"type":"Feature","geometry":{"type":"Point","coordinates":[79.22753,27.96428]},"properties":{"udise":"09190601306","name":"PS. PARSURA CCHOTA","state":"UTTAR PRADESH","district":"BUDAUN","block":"JAGAT","indicator":"no_girls_toilet"}},{"type":"Feature","geometry":{"type":"Point","coordinates":[78.62587,28.1158]},"properties":{"udise":"09191808801","name":"PS. JALLUPUR MAJHRA DEHGAWAN","state":"UTTAR PRADESH","district":"BUDAUN","block":"DEHGANWAN","indicator":"no_girls_toilet"}},{"type":"Feature","geometry":{"type":"Point","coordinates":[78.74056,28.19546]},"properties":{"udise":"09191806702","name":"UPS. BHAGATA NAGLA SURJI","state":"UTTAR PRADESH","district":"BUDAUN","block":"DEHGANWAN","indicator":"no_girls_toilet"}},{"type":"Feature","geometry":{"type":"Point","coordinates":[79.27597,27.8842]},"properties":{"udise":"09191005303","name":"UPS. GOORA BARELA","state":"UTTAR PRADESH","district":"BUDAUN","block":"MIAUN","indicator":"no_girls_toilet"}},{"type":"Feature","geometry":{"type":"Point","coordinates":[78.86853,28.00886]},"properties":{"udise":"09190509002","name":"SHEKHAR PUBLIC SCHOOL","state":"UTTAR PRADESH","district":"BUDAUN","block":"SAHASWAN","indicator":"no_girls_toilet"}},{"type":"Feature","geometry":{"type":"Point","coordinates":[78.75037,28.06698]},"properties":{"udise":"09191900113","name":"PS.(G). SAIFULLA GANJ","state":"UTTAR PRADESH","district":"BUDAUN","block":"SAHASWAN CITY","indicator":"no_girls_toilet"}},{"type":"Feature","geometry":{"type":"Point","coordinates":[78.71802,28.03925]},"properties":{"udise":"09191810802","name":"UPS. SHAHPUR TAHARKHEDA","state":"UTTAR PRADESH","district":"BUDAUN","block":"DEHGANWAN","indicator":"no_girls_toilet"}},{"type":"Feature","geometry":{"type":"Point","coordinates":[79.42433,27.87512]},"properties":{"udise":"09191007401","name":"PS. KAIMI","state":"UTTAR PRADESH","district":"BUDAUN","block":"MIAUN","indicator":"no_girls_toilet"}},{"type":"Feature","geometry":{"type":"Point","coordinates":[78.74248,28.03615]},"properties":{"udise":"09190506602","name":"PS. KAMANPUR BAILA","state":"UTTAR PRADESH","district":"BUDAUN","block":"SAHASWAN","indicator":"no_girls_toilet"}},{"type":"Feature","geometry":{"type":"Point","coordinates":[79.06753,28.3]},"properties":{"udise":"09191205701","name":"PS. PENPAL","state":"UTTAR PRADESH","district":"BUDAUN","block":"WAZEERGANJ","indicator":"no_girls_toilet"}},{"type":"Feature","geometry":{"type":"Point","coordinates":[79.23486,28.05126]},"properties":{"udise":"09190605104","name":"PS. GULARIYA IST","state":"UTTAR PRADESH","district":"BUDAUN","block":"JAGAT","indicator":"no_girls_toilet"}},{"type":"Feature","geometry":{"type":"Point","coordinates":[79.13202,28.02853]},"properties":{"udise":"09192100139","name":"PS. SHAHBAZ PUR NO. 2","state":"UTTAR PRADESH","district":"BUDAUN","block":"BUDAUN CITY","indicator":"no_girls_toilet"}},{"type":"Feature","geometry":{"type":"Point","coordinates":[80.0292,27.10762]},"properties":{"udise":"09191005202","name":"UPS. RITHIYA","state":"UTTAR PRADESH","district":"BUDAUN","block":"MIAUN","indicator":"no_girls_toilet"}},{"type":"Feature","geometry":{"type":"Point","coordinates":[78.78527,28.28576]},"properties":{"udise":"09190310401","name":"PS. RUDAINA","state":"UTTAR PRADESH","district":"BUDAUN","block":"ISLAMNAGAR","indicator":"no_girls_toilet"}},{"type":"Feature","geometry":{"type":"Point","coordinates":[78.98732,28.34127]},"properties":{"udise":"09191508003","name":"UPS. AHEROLI","state":"UTTAR PRADESH","district":"BUDAUN","block":"AASAFPUR","indicator":"no_girls_toilet"}},{"type":"Feature","geometry":{"type":"Point","coordinates":[78.86103,28.07464]},"properties":{"udise":"09190514602","name":"UPS. SAMASPUR BALLU","state":"UTTAR PRADESH","district":"BUDAUN","block":"SAHASWAN","indicator":"no_girls_toilet"}},{"type":"Feature","geometry":{"type":"Point","coordinates":[79.13489,28.03824]},"properties":{"udise":"09192100378","name":"MAHESHWARI VIDYA MANDIR CHOWK BRAHMPUR","state":"UTTAR PRADESH","district":"BUDAUN","block":"BUDAUN CITY","indicator":"no_girls_toilet"}},{"type":"Feature","geometry":{"type":"Point","coordinates":[79.24979,28.024]},"properties":{"udise":"09190601903","name":"UPS. MACHLAI","state":"UTTAR PRADESH","district":"BUDAUN","block":"JAGAT","indicator":"no_girls_toilet"}},{"type":"Feature","geometry":{"type":"Point","coordinates":[79.30949,27.677]},"properties":{"udise":"09190907201","name":"PS. JATTA","state":"UTTAR PRADESH","district":"BUDAUN","block":"USAWAN","indicator":"no_girls_toilet"}},{"type":"Feature","geometry":{"type":"Point","coordinates":[79.585,28.2017]},"properties":{"udise":"09190601904","name":"D.V.M.,MACHLAI","state":"UTTAR PRADESH","district":"BUDAUN","block":"JAGAT","indicator":"no_girls_toilet"}},{"type":"Feature","geometry":{"type":"Point","coordinates":[78.02145,28.44512]},"properties":{"udise":"09191605802","name":"MAA CHANDRAKANTA DEVI MEMORIAL PUBLIC SCHOOL, RAGHUNATHPUR","state":"UTTAR PRADESH","district":"BUDAUN","block":"BISAULI","indicator":"no_girls_toilet"}},{"type":"Feature","geometry":{"type":"Point","coordinates":[78.95633,28.9377]},"properties":{"udise":"09190900301","name":"PS. SIKENDRA BAD","state":"UTTAR PRADESH","district":"BUDAUN","block":"USAWAN","indicator":"no_girls_toilet"}},{"type":"Feature","geometry":{"type":"Point","coordinates":[79.3683,28.2017]},"properties":{"udise":"09190602204","name":"BAL VIKAS MONTE.SCHOOL,PATSA","state":"UTTAR PRADESH","district":"BUDAUN","block":"JAGAT","indicator":"no_girls_toilet"}},{"type":"Feature","geometry":{"type":"Point","coordinates":[79.22246,27.71591]},"properties":{"udise":"09190907901","name":"PS. RAIPURA NAVIN","state":"UTTAR PRADESH","district":"BUDAUN","block":"USAWAN","indicator":"no_girls_toilet"}},{"type":"Feature","geometry":{"type":"Point","coordinates":[78.88145,28.38861]},"properties":{"udise":"09191506101","name":"PS. JAIT PUR","state":"UTTAR PRADESH","district":"BUDAUN","block":"AASAFPUR","indicator":"no_girls_toilet"}},{"type":"Feature","geometry":{"type":"Point","coordinates":[79.02589,27.96706]},"properties":{"udise":"09190209201","name":"PS. BENI NAGLA","state":"UTTAR PRADESH","district":"BUDAUN","block":"UJHANI","indicator":"no_girls_toilet"}},{"type":"Feature","geometry":{"type":"Point","coordinates":[79.25837,27.98012]},"properties":{"udise":"09190604801","name":"PS. ROOPPUR","state":"UTTAR PRADESH","district":"BUDAUN","block":"JAGAT","indicator":"no_girls_toilet"}},{"type":"Feature","geometry":{"type":"Point","coordinates":[79.4017,28.0717]},"properties":{"udise":"09192100294","name":"CHRISTIAN HIGHER SECONDARY SCHOOL","state":"UTTAR PRADESH","district":"BUDAUN","block":"BUDAUN CITY","indicator":"no_girls_toilet"}},{"type":"Feature","geometry":{"type":"Point","coordinates":[78.79234,28.01675]},"properties":{"udise":"09190106501","name":"PS. EISMAIL PUR","state":"UTTAR PRADESH","district":"BUDAUN","block":"QADARCHOWK","indicator":"no_girls_toilet"}},{"type":"Feature","geometry":{"type":"Point","coordinates":[79.01063,28.00123]},"properties":{"udise":"09192000116","name":"PS. ZAKIR HUSAIN","state":"UTTAR PRADESH","district":"BUDAUN","block":"UJHANI CITY","indicator":"no_girls_toilet"}},{"type":"Feature","geometry":{"type":"Point","coordinates":[78.754,28.0649]},"properties":{"udise":"09190500109","name":"N.L.U.R. PUBLIC SCHOOL,KOOLHAI","state":"UTTAR PRADESH","district":"BUDAUN","block":"SAHASWAN","indicator":"no_girls_toilet"}},{"type":"Feature","geometry":{"type":"Point","coordinates":[79.9581,28.1371]},"properties":{"udise":"09191202502","name":"GOVT. HIGH SCHOOL, SOHI","state":"UTTAR PRADESH","district":"BUDAUN","block":"WAZEERGANJ","indicator":"no_girls_toilet"}},{"type":"Feature","geometry":{"type":"Point","coordinates":[78.9681,28.426]},"properties":{"udise":"09191600165","name":"HARDEVI MEMORIAL ENGLISH SCHOOL","state":"UTTAR PRADESH","district":"BUDAUN","block":"BISAULI","indicator":"no_girls_toilet"}},{"type":"Feature","geometry":{"type":"Point","coordinates":[78.8053,28.23475]},"properties":{"udise":"09191810401","name":"PS. NAWABGANJ VAHTANI","state":"UTTAR PRADESH","district":"BUDAUN","block":"DEHGANWAN","indicator":"no_girls_toilet"}},{"type":"Feature","geometry":{"type":"Point","coordinates":[79.2667,28.0683]},"properties":{"udise":"09192100222","name":"NEHRU CHILDREN ACADAMY","state":"UTTAR PRADESH","district":"BUDAUN","block":"BUDAUN CITY","indicator":"no_girls_toilet"}},{"type":"Feature","geometry":{"type":"Point","coordinates":[79.16223,27.82235]},"properties":{"udise":"09190109901","name":"PS. KHUDWARA","state":"UTTAR PRADESH","district":"BUDAUN","block":"QADARCHOWK","indicator":"no_girls_toilet"}},{"type":"Feature","geometry":{"type":"Point","coordinates":[78.97573,28.3068]},"properties":{"udise":"09191600153","name":"SHRI RAMCHANDRARTH SHIKSHA NIKETAN KEECHARPUR BISAULI","state":"UTTAR PRADESH","district":"BUDAUN","block":"BISAULI","indicator":"no_girls_toilet"}},{"type":"Feature","geometry":{"type":"Point","coordinates":[79.33426,27.81962]},"properties":{"udise":"09190900201","name":"PS. RAVAT PUR","state":"UTTAR PRADESH","district":"BUDAUN","block":"USAWAN","indicator":"no_girls_toilet"}},{"type":"Feature","geometry":{"type":"Point","coordinates":[79.1152,27.9786]},"properties":{"udise":"09190106701","name":"PS. GOORAMAI","state":"UTTAR PRADESH","district":"BUDAUN","block":"QADARCHOWK","indicator":"no_girls_toilet"}},{"type":"Feature","geometry":{"type":"Point","coordinates":[79.12311,28.03681]},"properties":{"udise":"09192100131","name":"COMPOSITE SCHOOL SOTHA,BUDAUN","state":"UTTAR PRADESH","district":"BUDAUN","block":"BUDAUN CITY","indicator":"no_girls_toilet"}},{"type":"Feature","geometry":{"type":"Point","coordinates":[78.9683,28.425]},"properties":{"udise":"09191603903","name":"CHANDRA SEN RASTOGI JHS.","state":"UTTAR PRADESH","district":"BUDAUN","block":"BISAULI","indicator":"girls_toilet_nonfunctional"}},{"type":"Feature","geometry":{"type":"Point","coordinates":[78.88789,28.32357]},"properties":{"udise":"09191610501","name":"PS. ADUPURA","state":"UTTAR PRADESH","district":"BUDAUN","block":"BISAULI","indicator":"girls_toilet_nonfunctional"}},{"type":"Feature","geometry":{"type":"Point","coordinates":[78.96998,28.30257]},"properties":{"udise":"09191607407","name":"SARASWATI BAL VIDHYA MANDIR,HATSA","state":"UTTAR PRADESH","district":"BUDAUN","block":"BISAULI","indicator":"girls_toilet_nonfunctional"}},{"type":"Feature","geometry":{"type":"Point","coordinates":[79.0283,28.1117]},"properties":{"udise":"09190505203","name":"MADARSA AMMARA PUBLIC SCHOOL,JONAIRA","state":"UTTAR PRADESH","district":"BUDAUN","block":"SAHASWAN","indicator":"girls_toilet_nonfunctional"}},{"type":"Feature","geometry":{"type":"Point","coordinates":[78.75601,28.06842]},"properties":{"udise":"09191900106","name":"PS. PATTIYAKIN MOHMAD","state":"UTTAR PRADESH","district":"BUDAUN","block":"SAHASWAN CITY","indicator":"girls_toilet_nonfunctional"}},{"type":"Feature","geometry":{"type":"Point","coordinates":[79.16964,27.8255]},"properties":{"udise":"09190903104","name":"PS. DEVKALI","state":"UTTAR PRADESH","district":"BUDAUN","block":"USAWAN","indicator":"girls_toilet_nonfunctional"}},{"type":"Feature","geometry":{"type":"Point","coordinates":[79.3683,28.2017]},"properties":{"udise":"09190600702","name":"B.L. MONTE.SCHOOL,GURGAON","state":"UTTAR PRADESH","district":"BUDAUN","block":"JAGAT","indicator":"girls_toilet_nonfunctional"}},{"type":"Feature","geometry":{"type":"Point","coordinates":[78.63821,28.13649]},"properties":{"udise":"09191804303","name":"DEEPU KANYA INTER COLLEGE","state":"UTTAR PRADESH","district":"BUDAUN","block":"DEHGANWAN","indicator":"girls_toilet_nonfunctional"}},{"type":"Feature","geometry":{"type":"Point","coordinates":[78.86853,28.00886]},"properties":{"udise":"09190504101","name":"PS. CHATURI NAGLA","state":"UTTAR PRADESH","district":"BUDAUN","block":"SAHASWAN","indicator":"girls_toilet_nonfunctional"}},{"type":"Feature","geometry":{"type":"Point","coordinates":[79.555,28.2367]},"properties":{"udise":"09190506408","name":"S.S. COLLEGE, RIYONAI","state":"UTTAR PRADESH","district":"BUDAUN","block":"SAHASWAN","indicator":"girls_toilet_nonfunctional"}},{"type":"Feature","geometry":{"type":"Point","coordinates":[78.66128,28.17507]},"properties":{"udise":"09191808101","name":"PS. KHANUA NAGALA","state":"UTTAR PRADESH","district":"BUDAUN","block":"DEHGANWAN","indicator":"girls_toilet_nonfunctional"}},{"type":"Feature","geometry":{"type":"Point","coordinates":[78.754,28.0649]},"properties":{"udise":"09190500108","name":"LIGHT OF LIFE MISSIOM ACADEMY","state":"UTTAR PRADESH","district":"BUDAUN","block":"SAHASWAN","indicator":"girls_toilet_nonfunctional"}},{"type":"Feature","geometry":{"type":"Point","coordinates":[78.95663,28.24395]},"properties":{"udise":"09191603001","name":"PS. NAAGPUR","state":"UTTAR PRADESH","district":"BUDAUN","block":"BISAULI","indicator":"girls_toilet_nonfunctional"}},{"type":"Feature","geometry":{"type":"Point","coordinates":[78.95149,27.94231]},"properties":{"udise":"09190210102","name":"UPS. JANUIYA","state":"UTTAR PRADESH","district":"BUDAUN","block":"UJHANI","indicator":"girls_toilet_nonfunctional"}},{"type":"Feature","geometry":{"type":"Point","coordinates":[79.24544,27.93276]},"properties":{"udise":"09191003602","name":"UPS. DIORIYA","state":"UTTAR PRADESH","district":"BUDAUN","block":"MIAUN","indicator":"girls_toilet_nonfunctional"}},{"type":"Feature","geometry":{"type":"Point","coordinates":[78.95947,28.37501]},"properties":{"udise":"09191501806","name":"PEETAM RAI KKHS SCHOOL,NIZAMUDDINPUR SHAH","state":"UTTAR PRADESH","district":"BUDAUN","block":"AASAFPUR","indicator":"girls_toilet_nonfunctional"}},{"type":"Feature","geometry":{"type":"Point","coordinates":[78.84974,28.07946]},"properties":{"udise":"09191004902","name":"UPS. SEVA NAGLA","state":"UTTAR PRADESH","district":"BUDAUN","block":"MIAUN","indicator":"girls_toilet_nonfunctional"}},{"type":"Feature","geometry":{"type":"Point","coordinates":[79.15984,28.15488]},"properties":{"udise":"09190407801","name":"PS. FAKIRA BAD","state":"UTTAR PRADESH","district":"BUDAUN","block":"SALARPUR","indicator":"girls_toilet_nonfunctional"}},{"type":"Feature","geometry":{"type":"Point","coordinates":[79.11383,27.98257]},"properties":{"udise":"09190210202","name":"UPS. PALIA MEHADI","state":"UTTAR PRADESH","district":"BUDAUN","block":"UJHANI","indicator":"girls_toilet_nonfunctional"}},{"type":"Feature","geometry":{"type":"Point","coordinates":[78.80075,28.11846]},"properties":{"udise":"09190501001","name":"PS. BAHBALPUR","state":"UTTAR PRADESH","district":"BUDAUN","block":"SAHASWAN","indicator":"girls_toilet_nonfunctional"}},{"type":"Feature","geometry":{"type":"Point","coordinates":[79.13489,28.03824]},"properties":{"udise":"09192100349","name":"MADARSA SAYEED ANWAR ALI,NAI SARAI","state":"UTTAR PRADESH","district":"BUDAUN","block":"BUDAUN CITY","indicator":"girls_toilet_nonfunctional"}},{"type":"Feature","geometry":{"type":"Point","coordinates":[79.12336,28.03691]},"properties":{"udise":"09192100105","name":"PS. UPER PARA N.1BUDAUN","state":"UTTAR PRADESH","district":"BUDAUN","block":"BUDAUN CITY","indicator":"girls_toilet_nonfunctional"}},{"type":"Feature","geometry":{"type":"Point","coordinates":[79.00988,28.00185]},"properties":{"udise":"09192000127","name":"ADERSH BAL VIDY MONDIR","state":"UTTAR PRADESH","district":"BUDAUN","block":"UJHANI CITY","indicator":"girls_toilet_nonfunctional"}},{"type":"Feature","geometry":{"type":"Point","coordinates":[79.555,28.2367]},"properties":{"udise":"09190503904","name":"SARASWATI BAL VIDYA MANDIR ISMAILPUR","state":"UTTAR PRADESH","district":"BUDAUN","block":"SAHASWAN","indicator":"girls_toilet_nonfunctional"}},{"type":"Feature","geometry":{"type":"Point","coordinates":[79.555,28.2367]},"properties":{"udise":"09190507912","name":"SHRI BALAJI HS SCHOOL,UGHATI","state":"UTTAR PRADESH","district":"BUDAUN","block":"SAHASWAN","indicator":"girls_toilet_nonfunctional"}},{"type":"Feature","geometry":{"type":"Point","coordinates":[78.71529,28.29516]},"properties":{"udise":"09190300502","name":"UPS. SADASTPUR NACHNI","state":"UTTAR PRADESH","district":"BUDAUN","block":"ISLAMNAGAR","indicator":"girls_toilet_nonfunctional"}},{"type":"Feature","geometry":{"type":"Point","coordinates":[79.22753,27.96432]},"properties":{"udise":"09190600106","name":"UPS.(G). JAGAT","state":"UTTAR PRADESH","district":"BUDAUN","block":"JAGAT","indicator":"girls_toilet_nonfunctional"}},{"type":"Feature","geometry":{"type":"Point","coordinates":[79.4883,28.19]},"properties":{"udise":"09192100269","name":"RAJA RAM MAHILA INTER COLLEGE","state":"UTTAR PRADESH","district":"BUDAUN","block":"BUDAUN CITY","indicator":"girls_toilet_nonfunctional"}},{"type":"Feature","geometry":{"type":"Point","coordinates":[79.0534,27.8536]},"properties":{"udise":"09190100504","name":"DR. BANWARI  LAL MEMO. J.H. SCHOOL MOHAMMAD GANJ","state":"UTTAR PRADESH","district":"BUDAUN","block":"QADARCHOWK","indicator":"girls_toilet_nonfunctional"}},{"type":"Feature","geometry":{"type":"Point","coordinates":[78.95617,27.94549]},"properties":{"udise":"09190201403","name":"UPS. RAIPUR","state":"UTTAR PRADESH","district":"BUDAUN","block":"UJHANI","indicator":"girls_toilet_nonfunctional"}},{"type":"Feature","geometry":{"type":"Point","coordinates":[78.9397,27.9132]},"properties":{"udise":"09190202001","name":"PS. PALIYA PUKHTA","state":"UTTAR PRADESH","district":"BUDAUN","block":"UJHANI","indicator":"girls_toilet_nonfunctional"}},{"type":"Feature","geometry":{"type":"Point","coordinates":[78.95947,28.37501]},"properties":{"udise":"09191501802","name":"KALAWATI VIDHYA MANDIR,N.PUR SHAH","state":"UTTAR PRADESH","district":"BUDAUN","block":"AASAFPUR","indicator":"girls_toilet_nonfunctional"}},{"type":"Feature","geometry":{"type":"Point","coordinates":[79.0283,28.1117]},"properties":{"udise":"09190507803","name":"SARSWATI GYAN MANDIR","state":"UTTAR PRADESH","district":"BUDAUN","block":"SAHASWAN","indicator":"girls_toilet_nonfunctional"}},{"type":"Feature","geometry":{"type":"Point","coordinates":[79.2667,28.0683]},"properties":{"udise":"09192100245","name":"NATIONAL PUBLIC J.H.SCHOOL","state":"UTTAR PRADESH","district":"BUDAUN","block":"BUDAUN CITY","indicator":"girls_toilet_nonfunctional"}},{"type":"Feature","geometry":{"type":"Point","coordinates":[78.99232,27.9438]},"properties":{"udise":"09190212501","name":"PS. CHAITU NAGLA","state":"UTTAR PRADESH","district":"BUDAUN","block":"UJHANI","indicator":"girls_toilet_nonfunctional"}},{"type":"Feature","geometry":{"type":"Point","coordinates":[79.01011,28.00174]},"properties":{"udise":"09192000203","name":"SHIV BAL VIDHYA MANDIR","state":"UTTAR PRADESH","district":"BUDAUN","block":"UJHANI CITY","indicator":"girls_toilet_nonfunctional"}},{"type":"Feature","geometry":{"type":"Point","coordinates":[79.32328,27.70926]},"properties":{"udise":"09190905106","name":"PRIYADARSHI ASHOK PRIMARY SCHOOL","state":"UTTAR PRADESH","district":"BUDAUN","block":"USAWAN","indicator":"girls_toilet_nonfunctional"}},{"type":"Feature","geometry":{"type":"Point","coordinates":[79.3767,28.2667]},"properties":{"udise":"09190404604","name":"MADARSA GAZI HIGHER SECONDARY SCHOOL,HUSSAINPUR KAROTIYA","state":"UTTAR PRADESH","district":"BUDAUN","block":"SALARPUR","indicator":"girls_toilet_nonfunctional"}},{"type":"Feature","geometry":{"type":"Point","coordinates":[79.2667,28.0683]},"properties":{"udise":"09192100180","name":"SRIRAM VIDYA MON. PRATAP NGR.","state":"UTTAR PRADESH","district":"BUDAUN","block":"BUDAUN CITY","indicator":"girls_toilet_nonfunctional"}},{"type":"Feature","geometry":{"type":"Point","coordinates":[79.50383,28.2999]},"properties":{"udise":"09191205613","name":"O P SINGH CHILDREN FUTURE COLLEGE BAGARAIN","state":"UTTAR PRADESH","district":"BUDAUN","block":"WAZEERGANJ","indicator":"girls_toilet_nonfunctional"}},{"type":"Feature","geometry":{"type":"Point","coordinates":[79.2567,28.37]},"properties":{"udise":"09190600403","name":"SH. RAGHUVEER SINGH JHS AAMGAON","state":"UTTAR PRADESH","district":"BUDAUN","block":"JAGAT","indicator":"girls_toilet_nonfunctional"}},{"type":"Feature","geometry":{"type":"Point","coordinates":[78.15559,28.00933]},"properties":{"udise":"09191209301","name":"COMPOSITE SCHOOL TALIBNAGAR","state":"UTTAR PRADESH","district":"BUDAUN","block":"WAZEERGANJ","indicator":"girls_toilet_nonfunctional"}},{"type":"Feature","geometry":{"type":"Point","coordinates":[78.78782,28.12002]},"properties":{"udise":"09190507301","name":"PS. SULTANPUR TAPPA","state":"UTTAR PRADESH","district":"BUDAUN","block":"SAHASWAN","indicator":"girls_toilet_nonfunctional"}},{"type":"Feature","geometry":{"type":"Point","coordinates":[78.76424,28.0649]},"properties":{"udise":"09191900196","name":"MADARSA DARUM ULUM FALAHUL MUSLEMEEN,SHAHBAAZPUR","state":"UTTAR PRADESH","district":"BUDAUN","block":"SAHASWAN CITY","indicator":"girls_toilet_nonfunctional"}},{"type":"Feature","geometry":{"type":"Point","coordinates":[79.515,28.2117]},"properties":{"udise":"09190800106","name":"SRI RAM KALI DEVI SIYA RAM MEM","state":"UTTAR PRADESH","district":"BUDAUN","block":"DATAGANJ","indicator":"girls_toilet_nonfunctional"}},{"type":"Feature","geometry":{"type":"Point","coordinates":[78.76848,28.31159]},"properties":{"udise":"09190303602","name":"UPS. NAGLA BARH","state":"UTTAR PRADESH","district":"BUDAUN","block":"ISLAMNAGAR","indicator":"girls_toilet_nonfunctional"}},{"type":"Feature","geometry":{"type":"Point","coordinates":[79.3683,28.2017]},"properties":{"udise":"09190604203","name":"PYARAI LAL JHS,RASOOLPUR","state":"UTTAR PRADESH","district":"BUDAUN","block":"JAGAT","indicator":"girls_toilet_nonfunctional"}},{"type":"Feature","geometry":{"type":"Point","coordinates":[78.754,28.0649]},"properties":{"udise":"09191900105","name":"PS. AKBARABAD","state":"UTTAR PRADESH","district":"BUDAUN","block":"SAHASWAN CITY","indicator":"girls_toilet_nonfunctional"}},{"type":"Feature","geometry":{"type":"Point","coordinates":[78.83875,28.08832]},"properties":{"udise":"09190502805","name":"PS. ATHGAUNA","state":"UTTAR PRADESH","district":"BUDAUN","block":"SAHASWAN","indicator":"girls_toilet_nonfunctional"}},{"type":"Feature","geometry":{"type":"Point","coordinates":[78.09906,26.95941]},"properties":{"udise":"09191205617","name":"O.P.SINGH CHILDREN'S FUTURE SCHOOL,BAGRAIN","state":"UTTAR PRADESH","district":"BUDAUN","block":"WAZEERGANJ","indicator":"girls_toilet_nonfunctional"}},{"type":"Feature","geometry":{"type":"Point","coordinates":[78.73625,28.15365]},"properties":{"udise":"09191801802","name":"UPS. SHAHNAGAR PATPARAGANJ","state":"UTTAR PRADESH","district":"BUDAUN","block":"DEHGANWAN","indicator":"girls_toilet_nonfunctional"}},{"type":"Feature","geometry":{"type":"Point","coordinates":[79.3683,28.2017]},"properties":{"udise":"09190600703","name":"B.L. JHS,GURGAON","state":"UTTAR PRADESH","district":"BUDAUN","block":"JAGAT","indicator":"girls_toilet_nonfunctional"}},{"type":"Feature","geometry":{"type":"Point","coordinates":[79.0562,28.25351]},"properties":{"udise":"09191203601","name":"PS. SHER ANDAJ PUR","state":"UTTAR PRADESH","district":"BUDAUN","block":"WAZEERGANJ","indicator":"girls_toilet_nonfunctional"}},{"type":"Feature","geometry":{"type":"Point","coordinates":[78.94917,28.24708]},"properties":{"udise":"09191603302","name":"BRIJLAL SHAKYA MEMO. GAUTAM BUDH PRIMARY SCHOOL","state":"UTTAR PRADESH","district":"BUDAUN","block":"BISAULI","indicator":"girls_toilet_nonfunctional"}},{"type":"Feature","geometry":{"type":"Point","coordinates":[78.78564,28.22639]},"properties":{"udise":"09190505601","name":"COMPOSITE SCHOOL MEVLI","state":"UTTAR PRADESH","district":"BUDAUN","block":"SAHASWAN","indicator":"girls_toilet_nonfunctional"}},{"type":"Feature","geometry":{"type":"Point","coordinates":[78.6426,28.11842]},"properties":{"udise":"09191803701","name":"PS. AANTER","state":"UTTAR PRADESH","district":"BUDAUN","block":"DEHGANWAN","indicator":"girls_toilet_nonfunctional"}},{"type":"Feature","geometry":{"type":"Point","coordinates":[79.4433,28.175]},"properties":{"udise":"09191006505","name":"ADARSH H. SEC. SCHOOL,CHANGASI","state":"UTTAR PRADESH","district":"BUDAUN","block":"MIAUN","indicator":"girls_toilet_nonfunctional"}},{"type":"Feature","geometry":{"type":"Point","coordinates":[79.555,28.2367]},"properties":{"udise":"09190505304","name":"SH. RAM JHS, UGHAITI","state":"UTTAR PRADESH","district":"BUDAUN","block":"SAHASWAN","indicator":"girls_toilet_nonfunctional"}},{"type":"Feature","geometry":{"type":"Point","coordinates":[79.2667,28.0683]},"properties":{"udise":"09192100240","name":"ADARSH JANKALYAN SEWA SANSTHAN,LALPUL","state":"UTTAR PRADESH","district":"BUDAUN","block":"BUDAUN CITY","indicator":"girls_toilet_nonfunctional"}},{"type":"Feature","geometry":{"type":"Point","coordinates":[79.555,28.2367]},"properties":{"udise":"09190505705","name":"SAHU AYODHYA PRASAD ANANT RAM MEMO. SCHOOL","state":"UTTAR PRADESH","district":"BUDAUN","block":"SAHASWAN","indicator":"girls_toilet_nonfunctional"}},{"type":"Feature","geometry":{"type":"Point","coordinates":[79.0283,28.1117]},"properties":{"udise":"09190507908","name":"SHAU AYODHYA PRASAD ANANTRAM MEMORIAL KANYA PUBLIC SCHOOL,UGHATI","state":"UTTAR PRADESH","district":"BUDAUN","block":"SAHASWAN","indicator":"girls_toilet_nonfunctional"}},{"type":"Feature","geometry":{"type":"Point","coordinates":[78.64062,28.22511]},"properties":{"udise":"09191800801","name":"PS. BHOJIPURA PAVAI","state":"UTTAR PRADESH","district":"BUDAUN","block":"DEHGANWAN","indicator":"girls_toilet_nonfunctional"}},{"type":"Feature","geometry":{"type":"Point","coordinates":[79.39567,28.02438]},"properties":{"udise":"09190803401","name":"PS. DIORI","state":"UTTAR PRADESH","district":"BUDAUN","block":"DATAGANJ","indicator":"girls_toilet_nonfunctional"}},{"type":"Feature","geometry":{"type":"Point","coordinates":[78.8117,28.5517]},"properties":{"udise":"09190301203","name":"SAHU AVLESH VAIKUNTHI CONVENT SCHOOL,ALLAHPUR SAMESHPUR","state":"UTTAR PRADESH","district":"BUDAUN","block":"ISLAMNAGAR","indicator":"girls_toilet_nonfunctional"}},{"type":"Feature","geometry":{"type":"Point","coordinates":[79.2667,28.0683]},"properties":{"udise":"09192100210","name":"MADARSA SAMSUL ULOOM,GHANTAGHAR,BUDAUN","state":"UTTAR PRADESH","district":"BUDAUN","block":"BUDAUN CITY","indicator":"girls_toilet_nonfunctional"}},{"type":"Feature","geometry":{"type":"Point","coordinates":[79.15,28.36]},"properties":{"udise":"09191200208","name":"SH. DEVKI NANDAN SAIGANI SMARAK I.C. WAZEERGANJ","state":"UTTAR PRADESH","district":"BUDAUN","block":"WAZEERGANJ","indicator":"girls_toilet_nonfunctional"}},{"type":"Feature","geometry":{"type":"Point","coordinates":[78.92635,28.30053]},"properties":{"udise":"09191611601","name":"PS. KUDHAULI","state":"UTTAR PRADESH","district":"BUDAUN","block":"BISAULI","indicator":"girls_toilet_nonfunctional"}},{"type":"Feature","geometry":{"type":"Point","coordinates":[79.3683,28.2017]},"properties":{"udise":"09190601407","name":"MADARSA MUZFFARUL ULUM,SAKHANU","state":"UTTAR PRADESH","district":"BUDAUN","block":"JAGAT","indicator":"girls_toilet_nonfunctional"}},{"type":"Feature","geometry":{"type":"Point","coordinates":[78.75831,28.0646]},"properties":{"udise":"09191900168","name":"KGBV,SAHASWAN CITY","state":"UTTAR PRADESH","district":"BUDAUN","block":"SAHASWAN CITY","indicator":"girls_toilet_nonfunctional"}},{"type":"Feature","geometry":{"type":"Point","coordinates":[79.4433,28.175]},"properties":{"udise":"09191006511","name":"J.B.S. UPS.,CHANGASI","state":"UTTAR PRADESH","district":"BUDAUN","block":"MIAUN","indicator":"girls_toilet_nonfunctional"}},{"type":"Feature","geometry":{"type":"Point","coordinates":[78.73646,28.1165]},"properties":{"udise":"09190513301","name":"PS. MO.PUR UDHA","state":"UTTAR PRADESH","district":"BUDAUN","block":"SAHASWAN","indicator":"girls_toilet_nonfunctional"}},{"type":"Feature","geometry":{"type":"Point","coordinates":[78.88568,28.05458]},"properties":{"udise":"09190513401","name":"PS. SHIKARPUR","state":"UTTAR PRADESH","district":"BUDAUN","block":"SAHASWAN","indicator":"girls_toilet_nonfunctional"}},{"type":"Feature","geometry":{"type":"Point","coordinates":[78.9375,28.28836]},"properties":{"udise":"09191610801","name":"PS. NIJRA","state":"UTTAR PRADESH","district":"BUDAUN","block":"BISAULI","indicator":"girls_toilet_nonfunctional"}},{"type":"Feature","geometry":{"type":"Point","coordinates":[79.3683,28.2017]},"properties":{"udise":"09190606510","name":"R.B. PUBLIC SCHOOL,PADAUA","state":"UTTAR PRADESH","district":"BUDAUN","block":"JAGAT","indicator":"girls_toilet_nonfunctional"}},{"type":"Feature","geometry":{"type":"Point","coordinates":[78.84817,28.431]},"properties":{"udise":"09191503104","name":"GLOBAL HERITAGE INTERNATIONAL SCHOOL, ORCCHI CHAURAHA","state":"UTTAR PRADESH","district":"BUDAUN","block":"AASAFPUR","indicator":"girls_toilet_nonfunctional"}},{"type":"Feature","geometry":{"type":"Point","coordinates":[79.3767,28.2667]},"properties":{"udise":"09190400107","name":"GYANDEEP SATYBHAN MEMO. SCHOOL","state":"UTTAR PRADESH","district":"BUDAUN","block":"SALARPUR","indicator":"girls_toilet_nonfunctional"}},{"type":"Feature","geometry":{"type":"Point","coordinates":[78.8117,28.5517]},"properties":{"udise":"09190307306","name":"K.P.SHARMA MODEL DURGA DEVI H.S.S.,KARIYAMAI","state":"UTTAR PRADESH","district":"BUDAUN","block":"ISLAMNAGAR","indicator":"girls_toilet_nonfunctional"}},{"type":"Feature","geometry":{"type":"Point","coordinates":[78.85533,27.92002]},"properties":{"udise":"09190210901","name":"PS. LAKSHAMI NAGLA","state":"UTTAR PRADESH","district":"BUDAUN","block":"UJHANI","indicator":"girls_toilet_nonfunctional"}},{"type":"Feature","geometry":{"type":"Point","coordinates":[79.515,28.2117]},"properties":{"udise":"09190805303","name":"LAXMI NARAYAN SARSWATI VIDHYA MANDIR","state":"UTTAR PRADESH","district":"BUDAUN","block":"DATAGANJ","indicator":"girls_toilet_nonfunctional"}},{"type":"Feature","geometry":{"type":"Point","coordinates":[79.2567,28.37]},"properties":{"udise":"09190600910","name":"MADARSA JAMIYA MUZZAFAR, SAKHANU","state":"UTTAR PRADESH","district":"BUDAUN","block":"JAGAT","indicator":"girls_toilet_nonfunctional"}},{"type":"Feature","geometry":{"type":"Point","coordinates":[79.5267,28.4183]},"properties":{"udise":"09192100377","name":"AZAD MEMO. PUBLIC SCHOOL NAI SARAI","state":"UTTAR PRADESH","district":"BUDAUN","block":"BUDAUN CITY","indicator":"girls_toilet_nonfunctional"}},{"type":"Feature","geometry":{"type":"Point","coordinates":[79.2667,28.0683]},"properties":{"udise":"09192100241","name":"NAQABIYA ISLAMIA GIRLS INTER COLLEGE","state":"UTTAR PRADESH","district":"BUDAUN","block":"BUDAUN CITY","indicator":"girls_toilet_nonfunctional"}},{"type":"Feature","geometry":{"type":"Point","coordinates":[79.555,28.2367]},"properties":{"udise":"09190505404","name":"JANTA UCHHA MADHYAMIK VIDYALAYA,KHANDUA","state":"UTTAR PRADESH","district":"BUDAUN","block":"SAHASWAN","indicator":"girls_toilet_nonfunctional"}},{"type":"Feature","geometry":{"type":"Point","coordinates":[78.60504,28.15051]},"properties":{"udise":"09191803201","name":"PS. MOHD. PUR KURAI","state":"UTTAR PRADESH","district":"BUDAUN","block":"DEHGANWAN","indicator":"girls_toilet_nonfunctional"}},{"type":"Feature","geometry":{"type":"Point","coordinates":[79.13302,28.0463]},"properties":{"udise":"09192100104","name":"KIDS BACHPAN CONVENT SCHOOL, KRISHNA PARK COLONY","state":"UTTAR PRADESH","district":"BUDAUN","block":"BUDAUN CITY","indicator":"girls_toilet_nonfunctional"}},{"type":"Feature","geometry":{"type":"Point","coordinates":[79.24554,27.74527]},"properties":{"udise":"09190903901","name":"PS. KHERA JALALPUR  I","state":"UTTAR PRADESH","district":"BUDAUN","block":"USAWAN","indicator":"girls_toilet_nonfunctional"}},{"type":"Feature","geometry":{"type":"Point","coordinates":[79.32837,27.8686]},"properties":{"udise":"09191008701","name":"VAIDYA PYARE LAL PUB. SCH. GAUNTRA","state":"UTTAR PRADESH","district":"BUDAUN","block":"MIAUN","indicator":"girls_toilet_nonfunctional"}},{"type":"Feature","geometry":{"type":"Point","coordinates":[79.555,28.2367]},"properties":{"udise":"09190503013","name":"MAHAVEER SINGH SOLANKI MEMORIAL KRISHI JUNIOR HIGH SCHOOL, ALIGANJ","state":"UTTAR PRADESH","district":"BUDAUN","block":"SAHASWAN","indicator":"girls_toilet_nonfunctional"}},{"type":"Feature","geometry":{"type":"Point","coordinates":[78.8117,28.5517]},"properties":{"udise":"09190307718","name":"HAZARI BAPU MEMORIAL J.H.SCHOOL","state":"UTTAR PRADESH","district":"BUDAUN","block":"ISLAMNAGAR","indicator":"girls_toilet_nonfunctional"}},{"type":"Feature","geometry":{"type":"Point","coordinates":[79.1456,27.5457]},"properties":{"udise":"09191010902","name":"SHRI GAURISHANKER KISHORI DEVI MEMORIAL PUBLIC SCHOOL, DUNDI NAGLA","state":"UTTAR PRADESH","district":"BUDAUN","block":"MIAUN","indicator":"girls_toilet_nonfunctional"}},{"type":"Feature","geometry":{"type":"Point","coordinates":[79.08955,28.33339]},"properties":{"udise":"09191606801","name":"COMPOSITE SCHOOL MUDIYA KARANGI","state":"UTTAR PRADESH","district":"BUDAUN","block":"BISAULI","indicator":"girls_toilet_nonfunctional"}},{"type":"Feature","geometry":{"type":"Point","coordinates":[78.8117,28.5517]},"properties":{"udise":"09190307723","name":"HAJARI BAAPU INTER COLLEGE,ISLAM","state":"UTTAR PRADESH","district":"BUDAUN","block":"ISLAMNAGAR","indicator":"girls_toilet_nonfunctional"}},{"type":"Feature","geometry":{"type":"Point","coordinates":[79.0283,28.1117]},"properties":{"udise":"09190505406","name":"SUDHA RANI MODEL GIRLS SCHOOL","state":"UTTAR PRADESH","district":"BUDAUN","block":"SAHASWAN","indicator":"girls_toilet_nonfunctional"}},{"type":"Feature","geometry":{"type":"Point","coordinates":[79.29337,27.71127]},"properties":{"udise":"09190905004","name":"DR.B.R.AMBEDKAR VIDYA MANDIR","state":"UTTAR PRADESH","district":"BUDAUN","block":"USAWAN","indicator":"girls_toilet_nonfunctional"}},{"type":"Feature","geometry":{"type":"Point","coordinates":[78.98281,28.00708]},"properties":{"udise":"09190206102","name":"PS. BHAWANI PUR II","state":"UTTAR PRADESH","district":"BUDAUN","block":"UJHANI","indicator":"girls_toilet_nonfunctional"}},{"type":"Feature","geometry":{"type":"Point","coordinates":[79.49,28.335]},"properties":{"udise":"09191108005","name":"SUBHASH SAROJ HIGHER SECONDARY SCHOOL, HASANPUR","state":"UTTAR PRADESH","district":"BUDAUN","block":"SAMRER","indicator":"girls_toilet_nonfunctional"}},{"type":"Feature","geometry":{"type":"Point","coordinates":[78.8053,28.23475]},"properties":{"udise":"09191809601","name":"PS. RAMNAGAR BHOOD","state":"UTTAR PRADESH","district":"BUDAUN","block":"DEHGANWAN","indicator":"girls_toilet_nonfunctional"}},{"type":"Feature","geometry":{"type":"Point","coordinates":[79.09686,28.10481]},"properties":{"udise":"09190403202","name":"UPS. BANAI","state":"UTTAR PRADESH","district":"BUDAUN","block":"SALARPUR","indicator":"girls_toilet_nonfunctional"}},{"type":"Feature","geometry":{"type":"Point","coordinates":[79.14247,28.01309]},"properties":{"udise":"09190207504","name":"SIYARAM ANOKHI DEVI MEMORIAL PUBLIC SCHOOL MUZAHIDPUR","state":"UTTAR PRADESH","district":"BUDAUN","block":"UJHANI","indicator":"girls_toilet_nonfunctional"}},{"type":"Feature","geometry":{"type":"Point","coordinates":[78.9358,27.9595]},"properties":{"udise":"09190202301","name":"PS. PHOOL PUR","state":"UTTAR PRADESH","district":"BUDAUN","block":"UJHANI","indicator":"girls_toilet_nonfunctional"}},{"type":"Feature","geometry":{"type":"Point","coordinates":[79.01021,28.00162]},"properties":{"udise":"09192000207","name":"ESSELL ODIAN PUBLIC SCHOOL","state":"UTTAR PRADESH","district":"BUDAUN","block":"UJHANI CITY","indicator":"girls_toilet_nonfunctional"}},{"type":"Feature","geometry":{"type":"Point","coordinates":[79.0534,27.9113]},"properties":{"udise":"09190104205","name":"RAMPRAKASH SOHAN DEVI UMV KHIRIYA WAKAR PUR BUDAUN","state":"UTTAR PRADESH","district":"BUDAUN","block":"QADARCHOWK","indicator":"girls_toilet_nonfunctional"}},{"type":"Feature","geometry":{"type":"Point","coordinates":[79.49,28.335]},"properties":{"udise":"09191106502","name":"BUDAUN SUN CITY PUBLIC SCHOOL","state":"UTTAR PRADESH","district":"BUDAUN","block":"SAMRER","indicator":"girls_toilet_nonfunctional"}},{"type":"Feature","geometry":{"type":"Point","coordinates":[79.0667,28.4]},"properties":{"udise":"09191203131","name":"MADARSA FUTURE PUBLIC SCHOOL,SAIDPUR","state":"UTTAR PRADESH","district":"BUDAUN","block":"WAZEERGANJ","indicator":"girls_toilet_nonfunctional"}},{"type":"Feature","geometry":{"type":"Point","coordinates":[79.5267,28.4183]},"properties":{"udise":"09192100375","name":"SANATAN DHARM SANSKRIT VIDYALAYA BUDAUN","state":"UTTAR PRADESH","district":"BUDAUN","block":"BUDAUN CITY","indicator":"girls_toilet_nonfunctional"}},{"type":"Feature","geometry":{"type":"Point","coordinates":[78.81827,28.16439]},"properties":{"udise":"09190506405","name":"UPS. BALAKISHANPUR","state":"UTTAR PRADESH","district":"BUDAUN","block":"SAHASWAN","indicator":"girls_toilet_nonfunctional"}},{"type":"Feature","geometry":{"type":"Point","coordinates":[79.2567,28.37]},"properties":{"udise":"09190602104","name":"MANOHAR SINGH PUBLIC SCHOOL KISARUA","state":"UTTAR PRADESH","district":"BUDAUN","block":"JAGAT","indicator":"girls_toilet_nonfunctional"}},{"type":"Feature","geometry":{"type":"Point","coordinates":[78.9267,27.9171]},"properties":{"udise":"09190206301","name":"PS. SARAI SWALAY","state":"UTTAR PRADESH","district":"BUDAUN","block":"UJHANI","indicator":"girls_toilet_nonfunctional"}},{"type":"Feature","geometry":{"type":"Point","coordinates":[79.2567,28.37]},"properties":{"udise":"09190604208","name":"SWAMI JI MAHARAJ S.D. SHISHU MANDIR","state":"UTTAR PRADESH","district":"BUDAUN","block":"JAGAT","indicator":"girls_toilet_nonfunctional"}},{"type":"Feature","geometry":{"type":"Point","coordinates":[78.84026,28.19616]},"properties":{"udise":"09190508801","name":"COMPOSITE SCHOOL TEHRA","state":"UTTAR PRADESH","district":"BUDAUN","block":"SAHASWAN","indicator":"girls_toilet_nonfunctional"}},{"type":"Feature","geometry":{"type":"Point","coordinates":[79.2667,28.0683]},"properties":{"udise":"09192100168","name":"NATIONAL PUBLIC SCHOOL","state":"UTTAR PRADESH","district":"BUDAUN","block":"BUDAUN CITY","indicator":"girls_toilet_nonfunctional"}},{"type":"Feature","geometry":{"type":"Point","coordinates":[78.8117,28.5517]},"properties":{"udise":"09190304202","name":"UMED SINGH SMARAK PS. NOORPUR PINOONI","state":"UTTAR PRADESH","district":"BUDAUN","block":"ISLAMNAGAR","indicator":"girls_toilet_nonfunctional"}},{"type":"Feature","geometry":{"type":"Point","coordinates":[79.2567,28.37]},"properties":{"udise":"09190603806","name":"SUDAMA DEVI SARASWATI BAL VIDYA MANDIR , MALGAON","state":"UTTAR PRADESH","district":"BUDAUN","block":"JAGAT","indicator":"girls_toilet_nonfunctional"}},{"type":"Feature","geometry":{"type":"Point","coordinates":[78.90454,28.3772]},"properties":{"udise":"09191504401","name":"PS. MAAN PUR","state":"UTTAR PRADESH","district":"BUDAUN","block":"AASAFPUR","indicator":"girls_toilet_nonfunctional"}},{"type":"Feature","geometry":{"type":"Point","coordinates":[79.0283,28.1117]},"properties":{"udise":"09190507911","name":"MADARSA FAIZANE RAZA,UGHAITI","state":"UTTAR PRADESH","district":"BUDAUN","block":"SAHASWAN","indicator":"girls_toilet_nonfunctional"}},{"type":"Feature","geometry":{"type":"Point","coordinates":[79.24101,27.68651]},"properties":{"udise":"09190904101","name":"PS. PATHRA MAI","state":"UTTAR PRADESH","district":"BUDAUN","block":"USAWAN","indicator":"girls_toilet_nonfunctional"}},{"type":"Feature","geometry":{"type":"Point","coordinates":[79.01,28.045]},"properties":{"udise":"09190204708","name":"SATYODAYA PS. BANGAWAN","state":"UTTAR PRADESH","district":"BUDAUN","block":"UJHANI","indicator":"girls_toilet_nonfunctional"}},{"type":"Feature","geometry":{"type":"Point","coordinates":[79.2667,28.0683]},"properties":{"udise":"09192100186","name":"NAQAVIYA PS. GHANTAGH","state":"UTTAR PRADESH","district":"BUDAUN","block":"BUDAUN CITY","indicator":"girls_toilet_nonfunctional"}},{"type":"Feature","geometry":{"type":"Point","coordinates":[78.88568,28.05458]},"properties":{"udise":"09190511101","name":"PS. IBRAHIMPUR GADI","state":"UTTAR PRADESH","district":"BUDAUN","block":"SAHASWAN","indicator":"girls_toilet_nonfunctional"}},{"type":"Feature","geometry":{"type":"Point","coordinates":[78.8527,28.2461]},"properties":{"udise":"09191612401","name":"PS. DAMMI NAGAR","state":"UTTAR PRADESH","district":"BUDAUN","block":"BISAULI","indicator":"girls_toilet_nonfunctional"}},{"type":"Feature","geometry":{"type":"Point","coordinates":[78.84424,28.32373]},"properties":{"udise":"09191605204","name":"SARASWATI SARVODAY AADARSH SHIKSHA SAMITI","state":"UTTAR PRADESH","district":"BUDAUN","block":"BISAULI","indicator":"girls_toilet_nonfunctional"}},{"type":"Feature","geometry":{"type":"Point","coordinates":[79.852,27.8513]},"properties":{"udise":"09191007905","name":"PS. KALAKTAR NAGLA","state":"UTTAR PRADESH","district":"BUDAUN","block":"MIAUN","indicator":"girls_toilet_nonfunctional"}},{"type":"Feature","geometry":{"type":"Point","coordinates":[79.5267,28.4183]},"properties":{"udise":"09192100384","name":"SH. RAMVILAS VIDYA MANDIR","state":"UTTAR PRADESH","district":"BUDAUN","block":"BUDAUN CITY","indicator":"girls_toilet_nonfunctional"}},{"type":"Feature","geometry":{"type":"Point","coordinates":[79.3767,28.2667]},"properties":{"udise":"09190405002","name":"SRI JAGANNATH SINGH MEM. PUB. SCH.","state":"UTTAR PRADESH","district":"BUDAUN","block":"SALARPUR","indicator":"girls_toilet_nonfunctional"}},{"type":"Feature","geometry":{"type":"Point","coordinates":[78.78673,28.06871]},"properties":{"udise":"09190500107","name":"MURARI LAL PRIMARY VIDHYLYA, KOOLHAI","state":"UTTAR PRADESH","district":"BUDAUN","block":"SAHASWAN","indicator":"girls_toilet_nonfunctional"}},{"type":"Feature","geometry":{"type":"Point","coordinates":[79.37403,28.02672]},"properties":{"udise":"09190802207","name":"KUNWAR NARESH LAXHMI DEVI UMV PAPAD","state":"UTTAR PRADESH","district":"BUDAUN","block":"DATAGANJ","indicator":"girls_toilet_nonfunctional"}},{"type":"Feature","geometry":{"type":"Point","coordinates":[78.84188,28.29244]},"properties":{"udise":"09191604202","name":"RAJPAL SINGH MEMO SHIKSHA MANDIR","state":"UTTAR PRADESH","district":"BUDAUN","block":"BISAULI","indicator":"girls_toilet_nonfunctional"}},{"type":"Feature","geometry":{"type":"Point","coordinates":[78.75134,28.01738]},"properties":{"udise":"09190508102","name":"UPS. KHARAKVARI MANPUR","state":"UTTAR PRADESH","district":"BUDAUN","block":"SAHASWAN","indicator":"girls_toilet_nonfunctional"}},{"type":"Feature","geometry":{"type":"Point","coordinates":[78.6933,28.2909]},"properties":{"udise":"09190304207","name":"ASHA RAM MEMO. ADARSH J H S","state":"UTTAR PRADESH","district":"BUDAUN","block":"ISLAMNAGAR","indicator":"girls_toilet_nonfunctional"}},{"type":"Feature","geometry":{"type":"Point","coordinates":[78.88598,28.05433]},"properties":{"udise":"09190515901","name":"PS. DHOORI NAGLA","state":"UTTAR PRADESH","district":"BUDAUN","block":"SAHASWAN","indicator":"girls_toilet_nonfunctional"}},{"type":"Feature","geometry":{"type":"Point","coordinates":[79.3683,28.2017]},"properties":{"udise":"09190603804","name":"VEERAGANA AVANTI BAI AADARSH VIDHYA MANDIR ,NAI","state":"UTTAR PRADESH","district":"BUDAUN","block":"JAGAT","indicator":"girls_toilet_nonfunctional"}},{"type":"Feature","geometry":{"type":"Point","coordinates":[79.3683,28.2017]},"properties":{"udise":"09190613601","name":"M.D.CONVENT SCHOOL","state":"UTTAR PRADESH","district":"BUDAUN","block":"JAGAT","indicator":"girls_toilet_nonfunctional"}},{"type":"Feature","geometry":{"type":"Point","coordinates":[79.3767,28.2667]},"properties":{"udise":"09190401010","name":"SH. CHANDRAPAL SINGH PUB. MEMO. SCHOOL BAHORPURA","state":"UTTAR PRADESH","district":"BUDAUN","block":"SALARPUR","indicator":"girls_toilet_nonfunctional"}},{"type":"Feature","geometry":{"type":"Point","coordinates":[79.3067,28.2283]},"properties":{"udise":"09190602008","name":"VIDHYAWATI VAIDIK KANYA HR.SEC.","state":"UTTAR PRADESH","district":"BUDAUN","block":"JAGAT","indicator":"girls_toilet_nonfunctional"}},{"type":"Feature","geometry":{"type":"Point","coordinates":[78.21967,28.40385]},"properties":{"udise":"09112900201","name":"P.S. SATHA","state":"UTTAR PRADESH","district":"BULANDSHAHR","block":"BULANDSHAR NAGAR","indicator":"no_girls_toilet"}},{"type":"Feature","geometry":{"type":"Point","coordinates":[78.20592,28.16264]},"properties":{"udise":"09110304302","name":"P.S. DANGARH--2","state":"UTTAR PRADESH","district":"BULANDSHAHR","block":"DANPUR","indicator":"no_girls_toilet"}},{"type":"Feature","geometry":{"type":"Point","coordinates":[78.09927,28.50571]},"properties":{"udise":"09110800802","name":"PS. NAGLA BANJARA","state":"UTTAR PRADESH","district":"BULANDSHAHR","block":"DEBAI","indicator":"no_girls_toilet"}},{"type":"Feature","geometry":{"type":"Point","coordinates":[78.00133,28.43997]},"properties":{"udise":"09110900703","name":"UPS SURJAWALI","state":"UTTAR PRADESH","district":"BULANDSHAHR","block":"LAKHAWATI","indicator":"no_girls_toilet"}},{"type":"Feature","geometry":{"type":"Point","coordinates":[77.85821,28.25468]},"properties":{"udise":"09112600201","name":"BASIC P.S  NO 14","state":"UTTAR PRADESH","district":"BULANDSHAHR","block":"KHURJA NAGAR","indicator":"no_girls_toilet"}},{"type":"Feature","geometry":{"type":"Point","coordinates":[78.25402,28.19934]},"properties":{"udise":"09111105402","name":"P.S  RAMGARHI","state":"UTTAR PRADESH","district":"BULANDSHAHR","block":"KHURJA","indicator":"no_girls_toilet"}},{"type":"Feature","geometry":{"type":"Point","coordinates":[77.69791,28.44877]},"properties":{"udise":"09113001308","name":"P.S.NO.4","state":"UTTAR PRADESH","district":"BULANDSHAHR","block":"SIKANDARABAD NAGAR","indicator":"no_girls_toilet"}},{"type":"Feature","geometry":{"type":"Point","coordinates":[78.02505,28.39318]},"properties":{"udise":"09111207402","name":"P.S. RAUNDA--1","state":"UTTAR PRADESH","district":"BULANDSHAHR","block":"JAHAGIRABAD","indicator":"no_girls_toilet"}},{"type":"Feature","geometry":{"type":"Point","coordinates":[78.18398,28.25701]},"properties":{"udise":"09110406001","name":"P.S. THAGAURA","state":"UTTAR PRADESH","district":"BULANDSHAHR","block":"ARNIA","indicator":"no_girls_toilet"}},{"type":"Feature","geometry":{"type":"Point","coordinates":[78.15676,28.53962]},"properties":{"udise":"09110705701","name":"P.S. RANJITPURA","state":"UTTAR PRADESH","district":"BULANDSHAHR","block":"B.B.NAGAR","indicator":"no_girls_toilet"}},{"type":"Feature","geometry":{"type":"Point","coordinates":[77.83323,28.5437]},"properties":{"udise":"09111305901","name":"P.S. SHAHJAHANPUR","state":"UTTAR PRADESH","district":"BULANDSHAHR","block":"ANOOPSHAHAR","indicator":"no_girls_toilet"}},{"type":"Feature","geometry":{"type":"Point","coordinates":[77.86906,28.2457]},"properties":{"udise":"09111100701","name":"P.S. FIROZ PUR","state":"UTTAR PRADESH","district":"BULANDSHAHR","block":"KHURJA","indicator":"no_girls_toilet"}},{"type":"Feature","geometry":{"type":"Point","coordinates":[78.66175,28.1703]},"properties":{"udise":"09113100803","name":"LAL BAHADUR SHASTRI H.S.S.","state":"UTTAR PRADESH","district":"BULANDSHAHR","block":"AGAUTA","indicator":"no_girls_toilet"}},{"type":"Feature","geometry":{"type":"Point","coordinates":[77.85082,28.21591]},"properties":{"udise":"09111106502","name":"UPS ASAFPUR","state":"UTTAR PRADESH","district":"BULANDSHAHR","block":"KHURJA","indicator":"no_girls_toilet"}},{"type":"Feature","geometry":{"type":"Point","coordinates":[78.17226,28.32399]},"properties":{"udise":"09112600140","name":"S.M.J.E.C. INTER COLLEGE KHURJA","state":"UTTAR PRADESH","district":"BULANDSHAHR","block":"KHURJA NAGAR","indicator":"no_girls_toilet"}},{"type":"Feature","geometry":{"type":"Point","coordinates":[78.03809,28.26464]},"properties":{"udise":"09110306601","name":"P.S. NARAINPUR","state":"UTTAR PRADESH","district":"BULANDSHAHR","block":"DANPUR","indicator":"no_girls_toilet"}},{"type":"Feature","geometry":{"type":"Point","coordinates":[78.09301,28.37215]},"properties":{"udise":"09110207401","name":"P.S. MUSTAFABAD DADUA","state":"UTTAR PRADESH","district":"BULANDSHAHR","block":"SHIKARPUR","indicator":"no_girls_toilet"}},{"type":"Feature","geometry":{"type":"Point","coordinates":[78.18693,28.30052]},"properties":{"udise":"09111306104","name":"JHS BAGSARA","state":"UTTAR PRADESH","district":"BULANDSHAHR","block":"ANOOPSHAHAR","indicator":"no_girls_toilet"}},{"type":"Feature","geometry":{"type":"Point","coordinates":[77.98501,28.24183]},"properties":{"udise":"09113000701","name":"P.S. NO. 12","state":"UTTAR PRADESH","district":"BULANDSHAHR","block":"SIKANDARABAD NAGAR","indicator":"no_girls_toilet"}},{"type":"Feature","geometry":{"type":"Point","coordinates":[78.23089,28.16987]},"properties":{"udise":"09111105901","name":"P.S  MURA KHERA---1","state":"UTTAR PRADESH","district":"BULANDSHAHR","block":"KHURJA","indicator":"no_girls_toilet"}},{"type":"Feature","geometry":{"type":"Point","coordinates":[77.82178,28.3065]},"properties":{"udise":"09111108201","name":"P.S  UMARALA","state":"UTTAR PRADESH","district":"BULANDSHAHR","block":"KHURJA","indicator":"no_girls_toilet"}},{"type":"Feature","geometry":{"type":"Point","coordinates":[78.07525,28.24691]},"properties":{"udise":"09113103301","name":"PS. BABUPUR","state":"UTTAR PRADESH","district":"BULANDSHAHR","block":"AGAUTA","indicator":"no_girls_toilet"}},{"type":"Feature","geometry":{"type":"Point","coordinates":[77.95219,28.35882]},"properties":{"udise":"09110101201","name":"P.S. GAYASPUR","state":"UTTAR PRADESH","district":"BULANDSHAHR","block":"BULANDSHAHR","indicator":"no_girls_toilet"}},{"type":"Feature","geometry":{"type":"Point","coordinates":[78.03924,28.47177]},"properties":{"udise":"09111200604","name":"UPS JADAULI","state":"UTTAR PRADESH","district":"BULANDSHAHR","block":"JAHAGIRABAD","indicator":"no_girls_toilet"}},{"type":"Feature","geometry":{"type":"Point","coordinates":[78.695,28.8017]},"properties":{"udise":"09111200114","name":"B.P.A.S.I.C. JHANGIRABAD","state":"UTTAR PRADESH","district":"BULANDSHAHR","block":"JAHAGIRABAD","indicator":"no_girls_toilet"}},{"type":"Feature","geometry":{"type":"Point","coordinates":[78.18311,28.62142]},"properties":{"udise":"09110900901","name":"P.S BAKAURA","state":"UTTAR PRADESH","district":"BULANDSHAHR","block":"LAKHAWATI","indicator":"no_girls_toilet"}},{"type":"Feature","geometry":{"type":"Point","coordinates":[77.843,28.208]},"properties":{"udise":"09111103903","name":"JHS CHITI","state":"UTTAR PRADESH","district":"BULANDSHAHR","block":"KHURJA","indicator":"no_girls_toilet"}},{"type":"Feature","geometry":{"type":"Point","coordinates":[78.29313,28.13935]},"properties":{"udise":"09110308701","name":"P S NAGAL GILLI","state":"UTTAR PRADESH","district":"BULANDSHAHR","block":"DANPUR","indicator":"no_girls_toilet"}},{"type":"Feature","geometry":{"type":"Point","coordinates":[78.72,29.0417]},"properties":{"udise":"09111000115","name":"AADARSHA  VIDHYAPEETH INTER COLLEGE GULAOTHI","state":"UTTAR PRADESH","district":"BULANDSHAHR","block":"GULAOTI","indicator":"no_girls_toilet"}},{"type":"Feature","geometry":{"type":"Point","coordinates":[78.97641,28.05492]},"properties":{"udise":"09113102301","name":"PS. RAIPURKATORI","state":"UTTAR PRADESH","district":"BULANDSHAHR","block":"AGAUTA","indicator":"no_girls_toilet"}},{"type":"Feature","geometry":{"type":"Point","coordinates":[77.9155,28.55654]},"properties":{"udise":"09113104902","name":"PS. BIHARA-2","state":"UTTAR PRADESH","district":"BULANDSHAHR","block":"AGAUTA","indicator":"no_girls_toilet"}},{"type":"Feature","geometry":{"type":"Point","coordinates":[78.18,28.093]},"properties":{"udise":"09112901704","name":"VIVEKANAND SARSWATI SH. MAN","state":"UTTAR PRADESH","district":"BULANDSHAHR","block":"BULANDSHAR NAGAR","indicator":"no_girls_toilet"}},{"type":"Feature","geometry":{"type":"Point","coordinates":[78.16358,28.09358]},"properties":{"udise":"09111403302","name":"PS TYAUR BUJURG-02","state":"UTTAR PRADESH","district":"BULANDSHAHR","block":"PAHASU","indicator":"no_girls_toilet"}},{"type":"Feature","geometry":{"type":"Point","coordinates":[78.1284,28.10546]},"properties":{"udise":"09111407803","name":"PS NAGLA DALTPATPUR KA NAGLA","state":"UTTAR PRADESH","district":"BULANDSHAHR","block":"PAHASU","indicator":"no_girls_toilet"}},{"type":"Feature","geometry":{"type":"Point","coordinates":[78.08384,28.17261]},"properties":{"udise":"09111401101","name":"PS AZIZABAD","state":"UTTAR PRADESH","district":"BULANDSHAHR","block":"PAHASU","indicator":"no_girls_toilet"}},{"type":"Feature","geometry":{"type":"Point","coordinates":[78.24408,28.25508]},"properties":{"udise":"09110308001","name":"P.S. HEERAPUR KHURD","state":"UTTAR PRADESH","district":"BULANDSHAHR","block":"DANPUR","indicator":"no_girls_toilet"}},{"type":"Feature","geometry":{"type":"Point","coordinates":[78.13185,28.56038]},"properties":{"udise":"09110800107","name":"CHETRAM HARIYANA INTER COLLEGE","state":"UTTAR PRADESH","district":"BULANDSHAHR","block":"DEBAI","indicator":"no_girls_toilet"}},{"type":"Feature","geometry":{"type":"Point","coordinates":[77.89282,28.35339]},"properties":{"udise":"09110200304","name":"JHS YAKOBPUR","state":"UTTAR PRADESH","district":"BULANDSHAHR","block":"SHIKARPUR","indicator":"no_girls_toilet"}},{"type":"Feature","geometry":{"type":"Point","coordinates":[78.15628,28.3376]},"properties":{"udise":"09112600504","name":"BASIC  P.S. NO.2","state":"UTTAR PRADESH","district":"BULANDSHAHR","block":"KHURJA NAGAR","indicator":"no_girls_toilet"}},{"type":"Feature","geometry":{"type":"Point","coordinates":[77.86669,28.38058]},"properties":{"udise":"09110101102","name":"UPS CHAWALI","state":"UTTAR PRADESH","district":"BULANDSHAHR","block":"BULANDSHAHR","indicator":"no_girls_toilet"}},{"type":"Feature","geometry":{"type":"Point","coordinates":[78.06738,28.12817]},"properties":{"udise":"09111409501","name":"P.S. NAGALA RANJIT SINGH","state":"UTTAR PRADESH","district":"BULANDSHAHR","block":"PAHASU","indicator":"no_girls_toilet"}},{"type":"Feature","geometry":{"type":"Point","coordinates":[78.29316,28.13736]},"properties":{"udise":"09110303003","name":"BANWARI LAL JHS","state":"UTTAR PRADESH","district":"BULANDSHAHR","block":"DANPUR","indicator":"no_girls_toilet"}},{"type":"Feature","geometry":{"type":"Point","coordinates":[78.6517,28.73]},"properties":{"udise":"09112600122","name":"MAHADEVI  AYODHYANATH KANYA INTER COLLEGE","state":"UTTAR PRADESH","district":"BULANDSHAHR","block":"KHURJA NAGAR","indicator":"girls_toilet_nonfunctional"}},{"type":"Feature","geometry":{"type":"Point","coordinates":[78.5733,29.0817]},"properties":{"udise":"09111500118","name":"KELA DEVI HR. SEC. SCHOOL","state":"UTTAR PRADESH","district":"BULANDSHAHR","block":"SIKANDRABAD","indicator":"girls_toilet_nonfunctional"}},{"type":"Feature","geometry":{"type":"Point","coordinates":[78.13945,28.34886]},"properties":{"udise":"09112800901","name":"K.M. PRY PATHSHALA RAMGHARI","state":"UTTAR PRADESH","district":"BULANDSHAHR","block":"JAHAGIRABAD NAGAR","indicator":"girls_toilet_nonfunctional"}},{"type":"Feature","geometry":{"type":"Point","coordinates":[78.08157,28.38197]},"properties":{"udise":"09110306101","name":"P.S. SATWARI","state":"UTTAR PRADESH","district":"BULANDSHAHR","block":"DANPUR","indicator":"girls_toilet_nonfunctional"}},{"type":"Feature","geometry":{"type":"Point","coordinates":[78.24241,28.12632]},"properties":{"udise":"09110304902","name":"JHS DIRORA VISHAVNATHPUR","state":"UTTAR PRADESH","district":"BULANDSHAHR","block":"DANPUR","indicator":"girls_toilet_nonfunctional"}},{"type":"Feature","geometry":{"type":"Point","coordinates":[78.22189,28.26562]},"properties":{"udise":"09110500503","name":"PS MALLAH BASTI FARIDABANGAR","state":"UTTAR PRADESH","district":"BULANDSHAHR","block":"UCHAGAON","indicator":"girls_toilet_nonfunctional"}},{"type":"Feature","geometry":{"type":"Point","coordinates":[77.82611,28.42389]},"properties":{"udise":"09110105402","name":"LORD BUDH PUB PRY SCH KAJAMPUR DEVLI","state":"UTTAR PRADESH","district":"BULANDSHAHR","block":"BULANDSHAHR","indicator":"girls_toilet_nonfunctional"}},{"type":"Feature","geometry":{"type":"Point","coordinates":[77.92549,28.30323]},"properties":{"udise":"09110300211","name":"GOVT. JHS AKARWAS","state":"UTTAR PRADESH","district":"BULANDSHAHR","block":"DANPUR","indicator":"girls_toilet_nonfunctional"}},{"type":"Feature","geometry":{"type":"Point","coordinates":[78.7567,28.62]},"properties":{"udise":"09110403403","name":"ADARSH SECONDARY SCHOOL","state":"UTTAR PRADESH","district":"BULANDSHAHR","block":"ARNIA","indicator":"girls_toilet_nonfunctional"}},{"type":"Feature","geometry":{"type":"Point","coordinates":[78.1345,28.48026]},"properties":{"udise":"09110701901","name":"P.S  SAID PUR--1","state":"UTTAR PRADESH","district":"BULANDSHAHR","block":"B.B.NAGAR","indicator":"girls_toilet_nonfunctional"}},{"type":"Feature","geometry":{"type":"Point","coordinates":[77.94299,28.52128]},"properties":{"udise":"09113104603","name":"JHS. PIPALA","state":"UTTAR PRADESH","district":"BULANDSHAHR","block":"AGAUTA","indicator":"girls_toilet_nonfunctional"}},{"type":"Feature","geometry":{"type":"Point","coordinates":[78.12505,28.11933]},"properties":{"udise":"09111403902","name":"UPS BAAN","state":"UTTAR PRADESH","district":"BULANDSHAHR","block":"PAHASU","indicator":"girls_toilet_nonfunctional"}},{"type":"Feature","geometry":{"type":"Point","coordinates":[78.25974,28.2359]},"properties":{"udise":"09110305402","name":"JHS AUKHANAD","state":"UTTAR PRADESH","district":"BULANDSHAHR","block":"DANPUR","indicator":"girls_toilet_nonfunctional"}},{"type":"Feature","geometry":{"type":"Point","coordinates":[78.9383,28.9017]},"properties":{"udise":"09110901904","name":"RAJKIYA UMV RAJGARHI","state":"UTTAR PRADESH","district":"BULANDSHAHR","block":"LAKHAWATI","indicator":"girls_toilet_nonfunctional"}},{"type":"Feature","geometry":{"type":"Point","coordinates":[77.99767,28.0993]},"properties":{"udise":"09110504705","name":"MADRSHA FAIZ E  AAM GIRORA","state":"UTTAR PRADESH","district":"BULANDSHAHR","block":"UCHAGAON","indicator":"girls_toilet_nonfunctional"}},{"type":"Feature","geometry":{"type":"Point","coordinates":[78.14075,28.22959]},"properties":{"udise":"09111408101","name":"PS DARAPUR","state":"UTTAR PRADESH","district":"BULANDSHAHR","block":"PAHASU","indicator":"girls_toilet_nonfunctional"}},{"type":"Feature","geometry":{"type":"Point","coordinates":[77.88589,28.38859]},"properties":{"udise":"09110110002","name":"TAJ PUBLIC SCHOOL TAJPUR","state":"UTTAR PRADESH","district":"BULANDSHAHR","block":"BULANDSHAHR","indicator":"girls_toilet_nonfunctional"}},{"type":"Feature","geometry":{"type":"Point","coordinates":[78.10434,28.24804]},"properties":{"udise":"09110205804","name":"JHS KHAKHUDA","state":"UTTAR PRADESH","district":"BULANDSHAHR","block":"SHIKARPUR","indicator":"girls_toilet_nonfunctional"}},{"type":"Feature","geometry":{"type":"Point","coordinates":[78.03539,28.24743]},"properties":{"udise":"09110306802","name":"P.S. AKARVAS(NAGALA  AZAN)","state":"UTTAR PRADESH","district":"BULANDSHAHR","block":"DANPUR","indicator":"girls_toilet_nonfunctional"}},{"type":"Feature","geometry":{"type":"Point","coordinates":[78.33487,28.21276]},"properties":{"udise":"09111101802","name":"PS NAGLA HERBHAN","state":"UTTAR PRADESH","district":"BULANDSHAHR","block":"KHURJA","indicator":"girls_toilet_nonfunctional"}},{"type":"Feature","geometry":{"type":"Point","coordinates":[77.95831,28.50311]},"properties":{"udise":"09111303504","name":"DR BR AMABEDKAR JHS","state":"UTTAR PRADESH","district":"BULANDSHAHR","block":"ANOOPSHAHAR","indicator":"girls_toilet_nonfunctional"}},{"type":"Feature","geometry":{"type":"Point","coordinates":[77.86294,28.35963]},"properties":{"udise":"09110101302","name":"P.L. PUBLIC SCHOOL NEEMKHEDA HATMABAD","state":"UTTAR PRADESH","district":"BULANDSHAHR","block":"BULANDSHAHR","indicator":"girls_toilet_nonfunctional"}},{"type":"Feature","geometry":{"type":"Point","coordinates":[77.98701,28.46559]},"properties":{"udise":"09111303903","name":"GAIYTRI VIDHAYA NIKETAN","state":"UTTAR PRADESH","district":"BULANDSHAHR","block":"ANOOPSHAHAR","indicator":"girls_toilet_nonfunctional"}},{"type":"Feature","geometry":{"type":"Point","coordinates":[78.7617,28.7133]},"properties":{"udise":"09111302203","name":"SARVODYA IC SHIKOI","state":"UTTAR PRADESH","district":"BULANDSHAHR","block":"ANOOPSHAHAR","indicator":"girls_toilet_nonfunctional"}},{"type":"Feature","geometry":{"type":"Point","coordinates":[78.2598,28.23586]},"properties":{"udise":"09110407705","name":"J P S INTER COLLEGE HISAUTI","state":"UTTAR PRADESH","district":"BULANDSHAHR","block":"ARNIA","indicator":"girls_toilet_nonfunctional"}},{"type":"Feature","geometry":{"type":"Point","coordinates":[77.84953,28.6389]},"properties":{"udise":"09110702501","name":"PS  BANBOI---1","state":"UTTAR PRADESH","district":"BULANDSHAHR","block":"B.B.NAGAR","indicator":"girls_toilet_nonfunctional"}},{"type":"Feature","geometry":{"type":"Point","coordinates":[78.07336,28.19333]},"properties":{"udise":"09111408601","name":"PS NAGLA HARISINGH","state":"UTTAR PRADESH","district":"BULANDSHAHR","block":"PAHASU","indicator":"girls_toilet_nonfunctional"}},{"type":"Feature","geometry":{"type":"Point","coordinates":[77.84853,28.39843]},"properties":{"udise":"09111304601","name":"P.S. MUBARIK PUR BANGER","state":"UTTAR PRADESH","district":"BULANDSHAHR","block":"ANOOPSHAHAR","indicator":"girls_toilet_nonfunctional"}},{"type":"Feature","geometry":{"type":"Point","coordinates":[77.96069,28.14268]},"properties":{"udise":"09110502401","name":"P.S. GASU PUR","state":"UTTAR PRADESH","district":"BULANDSHAHR","block":"UCHAGAON","indicator":"girls_toilet_nonfunctional"}},{"type":"Feature","geometry":{"type":"Point","coordinates":[77.8191,28.38293]},"properties":{"udise":"09110201401","name":"P.S. ASAWARI--2","state":"UTTAR PRADESH","district":"BULANDSHAHR","block":"SHIKARPUR","indicator":"girls_toilet_nonfunctional"}},{"type":"Feature","geometry":{"type":"Point","coordinates":[78.359,28.2537]},"properties":{"udise":"09111205101","name":"ARYA DEEP  PUBLIC SCHOOL","state":"UTTAR PRADESH","district":"BULANDSHAHR","block":"JAHAGIRABAD","indicator":"girls_toilet_nonfunctional"}},{"type":"Feature","geometry":{"type":"Point","coordinates":[78.05566,28.41694]},"properties":{"udise":"09111205104","name":"PRABHA DEVI BUDH GOPAL TITAUTA","state":"UTTAR PRADESH","district":"BULANDSHAHR","block":"JAHAGIRABAD","indicator":"girls_toilet_nonfunctional"}},{"type":"Feature","geometry":{"type":"Point","coordinates":[78.10838,28.17706]},"properties":{"udise":"09112900402","name":"P.S. LAL TALAB","state":"UTTAR PRADESH","district":"BULANDSHAHR","block":"BULANDSHAR NAGAR","indicator":"girls_toilet_nonfunctional"}},{"type":"Feature","geometry":{"type":"Point","coordinates":[78.03266,28.63315]},"properties":{"udise":"09110806903","name":"SRI BHIKAMBAR   JHS    SCHOOL","state":"UTTAR PRADESH","district":"BULANDSHAHR","block":"DEBAI","indicator":"girls_toilet_nonfunctional"}},{"type":"Feature","geometry":{"type":"Point","coordinates":[78.2432,28.21641]},"properties":{"udise":"09110300901","name":"P.S. KARIEREE","state":"UTTAR PRADESH","district":"BULANDSHAHR","block":"DANPUR","indicator":"girls_toilet_nonfunctional"}},{"type":"Feature","geometry":{"type":"Point","coordinates":[78.13185,28.56038]},"properties":{"udise":"09110800108","name":"SHREE KRISHNA JAJU GIRLS INTER COLLEGE","state":"UTTAR PRADESH","district":"BULANDSHAHR","block":"DEBAI","indicator":"girls_toilet_nonfunctional"}},{"type":"Feature","geometry":{"type":"Point","coordinates":[78.12726,28.31895]},"properties":{"udise":"09110302703","name":"GOVT HS AIDALPUR","state":"UTTAR PRADESH","district":"BULANDSHAHR","block":"DANPUR","indicator":"girls_toilet_nonfunctional"}},{"type":"Feature","geometry":{"type":"Point","coordinates":[77.85269,28.54752]},"properties":{"udise":"09111000605","name":"P.S CHANDAN KI MADIYA","state":"UTTAR PRADESH","district":"BULANDSHAHR","block":"GULAOTI","indicator":"girls_toilet_nonfunctional"}},{"type":"Feature","geometry":{"type":"Point","coordinates":[77.71521,28.09754]},"properties":{"udise":"09111504402","name":"P.S. SANAUTA--2","state":"UTTAR PRADESH","district":"BULANDSHAHR","block":"SIKANDRABAD","indicator":"girls_toilet_nonfunctional"}},{"type":"Feature","geometry":{"type":"Point","coordinates":[77.83119,28.54678]},"properties":{"udise":"09111006831","name":"JHS SAIDPUR KHURRAMPUR","state":"UTTAR PRADESH","district":"BULANDSHAHR","block":"GULAOTI","indicator":"girls_toilet_nonfunctional"}},{"type":"Feature","geometry":{"type":"Point","coordinates":[78.17795,28.46367]},"properties":{"udise":"09110503102","name":"J.H.S. BHAGAWANT PUR","state":"UTTAR PRADESH","district":"BULANDSHAHR","block":"UCHAGAON","indicator":"girls_toilet_nonfunctional"}},{"type":"Feature","geometry":{"type":"Point","coordinates":[83.2785,24.7441]},"properties":{"udise":"09660912401","name":"PS PADARIYA","state":"UTTAR PRADESH","district":"CHANDAULI","block":"NAUGARH","indicator":"no_girls_toilet"}},{"type":"Feature","geometry":{"type":"Point","coordinates":[83.3478,25.4596]},"properties":{"udise":"09660505308","name":"MADARASA JAMIYATUL ULUM DHANAPUR","state":"UTTAR PRADESH","district":"CHANDAULI","block":"DHANAPUR","indicator":"no_girls_toilet"}},{"type":"Feature","geometry":{"type":"Point","coordinates":[83.25,24.95361]},"properties":{"udise":"09660902601","name":"PS UDITPUR SURRA","state":"UTTAR PRADESH","district":"CHANDAULI","block":"NAUGARH","indicator":"no_girls_toilet"}},{"type":"Feature","geometry":{"type":"Point","coordinates":[83.1721,25.4132]},"properties":{"udise":"09660314202","name":"RAHUL INTERNATIONAL PUBLIC SCHOOL","state":"UTTAR PRADESH","district":"CHANDAULI","block":"CHAHANIYA","indicator":"no_girls_toilet"}},{"type":"Feature","geometry":{"type":"Point","coordinates":[83.3756,24.8315]},"properties":{"udise":"09660913901","name":"PS PATHRAUR","state":"UTTAR PRADESH","district":"CHANDAULI","block":"NAUGARH","indicator":"no_girls_toilet"}},{"type":"Feature","geometry":{"type":"Point","coordinates":[83.2955,25.4969]},"properties":{"udise":"09660318801","name":"PS MUKUNDPUR","state":"UTTAR PRADESH","district":"CHANDAULI","block":"CHAHANIYA","indicator":"no_girls_toilet"}},{"type":"Feature","geometry":{"type":"Point","coordinates":[83.2813,25.4967]},"properties":{"udise":"09660315704","name":"KAISAR NOORI MUSLIM B.I.C. DARIYAPUR","state":"UTTAR PRADESH","district":"CHANDAULI","block":"CHAHANIYA","indicator":"no_girls_toilet"}},{"type":"Feature","geometry":{"type":"Point","coordinates":[83.29231,25.48472]},"properties":{"udise":"09660106901","name":"PS GORARI","state":"UTTAR PRADESH","district":"CHANDAULI","block":"CHANDAULI","indicator":"no_girls_toilet"}},{"type":"Feature","geometry":{"type":"Point","coordinates":[83.2619,25.4622]},"properties":{"udise":"09660504002","name":"S.G.R.P.V. GAJENDARPUR","state":"UTTAR PRADESH","district":"CHANDAULI","block":"DHANAPUR","indicator":"no_girls_toilet"}},{"type":"Feature","geometry":{"type":"Point","coordinates":[83.2025,24.8356]},"properties":{"udise":"09660913801","name":"PS BHAGELPUR","state":"UTTAR PRADESH","district":"CHANDAULI","block":"NAUGARH","indicator":"no_girls_toilet"}},{"type":"Feature","geometry":{"type":"Point","coordinates":[83.2033,25.156]},"properties":{"udise":"09660700701","name":"PS SAIYEDRAJA 3","state":"UTTAR PRADESH","district":"CHANDAULI","block":"BARAHANI","indicator":"no_girls_toilet"}},{"type":"Feature","geometry":{"type":"Point","coordinates":[83.5053,25.4141]},"properties":{"udise":"09660500401","name":"UPS HINGUTARGARH","state":"UTTAR PRADESH","district":"CHANDAULI","block":"DHANAPUR","indicator":"no_girls_toilet"}},{"type":"Feature","geometry":{"type":"Point","coordinates":[83.2772,24.7376]},"properties":{"udise":"09660911201","name":"PS BAKULGHATTA","state":"UTTAR PRADESH","district":"CHANDAULI","block":"NAUGARH","indicator":"no_girls_toilet"}},{"type":"Feature","geometry":{"type":"Point","coordinates":[83.2453,24.7698]},"properties":{"udise":"09660905501","name":"PS TIKURIYA","state":"UTTAR PRADESH","district":"CHANDAULI","block":"NAUGARH","indicator":"no_girls_toilet"}},{"type":"Feature","geometry":{"type":"Point","coordinates":[83.44,25.34]},"properties":{"udise":"09660703804","name":"GHS KHAJARA","state":"UTTAR PRADESH","district":"CHANDAULI","block":"BARAHANI","indicator":"no_girls_toilet"}},{"type":"Feature","geometry":{"type":"Point","coordinates":[83.1211,24.7878]},"properties":{"udise":"09660902702","name":"COMPOSITE SCHOOL CHUPPEPUR","state":"UTTAR PRADESH","district":"CHANDAULI","block":"NAUGARH","indicator":"no_girls_toilet"}},{"type":"Feature","geometry":{"type":"Point","coordinates":[83.1767,24.902]},"properties":{"udise":"09660905902","name":"COMPOSITE SCHOOL DHANKUWARI KALA","state":"UTTAR PRADESH","district":"CHANDAULI","block":"NAUGARH","indicator":"no_girls_toilet"}},{"type":"Feature","geometry":{"type":"Point","coordinates":[83.1119,25.223]},"properties":{"udise":"09660819301","name":"PS TALAPARA","state":"UTTAR PRADESH","district":"CHANDAULI","block":"NIYAMATABAD","indicator":"no_girls_toilet"}},{"type":"Feature","geometry":{"type":"Point","coordinates":[83.1375,25.20622]},"properties":{"udise":"09660405301","name":"PS TARAJIVANPUR","state":"UTTAR PRADESH","district":"CHANDAULI","block":"SAKALDIHA","indicator":"no_girls_toilet"}},{"type":"Feature","geometry":{"type":"Point","coordinates":[83.1671,24.772]},"properties":{"udise":"09660907305","name":"SHRI CHAUBE RAMNATH I.C. MAJHAGAWA","state":"UTTAR PRADESH","district":"CHANDAULI","block":"NAUGARH","indicator":"no_girls_toilet"}},{"type":"Feature","geometry":{"type":"Point","coordinates":[83.3259,24.9217]},"properties":{"udise":"09660907901","name":"PS PANDI","state":"UTTAR PRADESH","district":"CHANDAULI","block":"NAUGARH","indicator":"no_girls_toilet"}},{"type":"Feature","geometry":{"type":"Point","coordinates":[83.23022,25.42136]},"properties":{"udise":"09660406801","name":"PS DIGGHI","state":"UTTAR PRADESH","district":"CHANDAULI","block":"SAKALDIHA","indicator":"no_girls_toilet"}},{"type":"Feature","geometry":{"type":"Point","coordinates":[83.2026,24.9347]},"properties":{"udise":"09660908601","name":"PS GODTUTAWA","state":"UTTAR PRADESH","district":"CHANDAULI","block":"NAUGARH","indicator":"no_girls_toilet"}},{"type":"Feature","geometry":{"type":"Point","coordinates":[83.5215,25.3442]},"properties":{"udise":"09660716702","name":"COMPOSITE SCHOOL KODAI","state":"UTTAR PRADESH","district":"CHANDAULI","block":"BARAHANI","indicator":"no_girls_toilet"}},{"type":"Feature","geometry":{"type":"Point","coordinates":[83.1363,24.7587]},"properties":{"udise":"09660903003","name":"PS AURAHI HARIJAN BASTI","state":"UTTAR PRADESH","district":"CHANDAULI","block":"NAUGARH","indicator":"no_girls_toilet"}},{"type":"Feature","geometry":{"type":"Point","coordinates":[83.21539,25.40671]},"properties":{"udise":"09660305203","name":"ADI SHAKTI PUBLIC SCHOOL MATHELA","state":"UTTAR PRADESH","district":"CHANDAULI","block":"CHAHANIYA","indicator":"no_girls_toilet"}},{"type":"Feature","geometry":{"type":"Point","coordinates":[83.3643,24.8121]},"properties":{"udise":"09660900702","name":"UPS GAHILA","state":"UTTAR PRADESH","district":"CHANDAULI","block":"NAUGARH","indicator":"no_girls_toilet"}},{"type":"Feature","geometry":{"type":"Point","coordinates":[83.273,25.3244]},"properties":{"udise":"09660607802","name":"COMPOSITE SCHOOL DHANNIPUR","state":"UTTAR PRADESH","district":"CHANDAULI","block":"SHAHABGANJ","indicator":"no_girls_toilet"}},{"type":"Feature","geometry":{"type":"Point","coordinates":[83.2575,24.8342]},"properties":{"udise":"09660901301","name":"PS NAUGARH","state":"UTTAR PRADESH","district":"CHANDAULI","block":"NAUGARH","indicator":"no_girls_toilet"}},{"type":"Feature","geometry":{"type":"Point","coordinates":[83.42966,25.31865]},"properties":{"udise":"09660703501","name":"PS HARIPUR","state":"UTTAR PRADESH","district":"CHANDAULI","block":"BARAHANI","indicator":"no_girls_toilet"}},{"type":"Feature","geometry":{"type":"Point","coordinates":[83.2816,25.2723]},"properties":{"udise":"09660101204","name":"PS M.KANSHIRAM AAVAS CHANDAULI","state":"UTTAR PRADESH","district":"CHANDAULI","block":"CHANDAULI","indicator":"no_girls_toilet"}},{"type":"Feature","geometry":{"type":"Point","coordinates":[83.1221,25.2895]},"properties":{"udise":"09661000405","name":"N.S.S. P.V. KALI MAHAL","state":"UTTAR PRADESH","district":"CHANDAULI","block":"MUGALSARAI (NAGAR CHHETRA)","indicator":"no_girls_toilet"}},{"type":"Feature","geometry":{"type":"Point","coordinates":[83.22661,25.10175]},"properties":{"udise":"09660313001","name":"PS BHAGAVANPUR","state":"UTTAR PRADESH","district":"CHANDAULI","block":"CHAHANIYA","indicator":"no_girls_toilet"}},{"type":"Feature","geometry":{"type":"Point","coordinates":[83.47536,25.3996]},"properties":{"udise":"09660721801","name":"PS GAUWACHAWAR","state":"UTTAR PRADESH","district":"CHANDAULI","block":"BARAHANI","indicator":"no_girls_toilet"}},{"type":"Feature","geometry":{"type":"Point","coordinates":[83.3563,25.2504]},"properties":{"udise":"09660700808","name":"NATIONAL PUBLIC SCHOOL SAIYEDRAJA","state":"UTTAR PRADESH","district":"CHANDAULI","block":"BARAHANI","indicator":"girls_toilet_nonfunctional"}},{"type":"Feature","geometry":{"type":"Point","coordinates":[83.1424,24.7872]},"properties":{"udise":"09660906102","name":"PS ATARAWA","state":"UTTAR PRADESH","district":"CHANDAULI","block":"NAUGARH","indicator":"girls_toilet_nonfunctional"}},{"type":"Feature","geometry":{"type":"Point","coordinates":[83.3866,25.3951]},"properties":{"udise":"09660510203","name":"UPS BABHANIYAV","state":"UTTAR PRADESH","district":"CHANDAULI","block":"DHANAPUR","indicator":"girls_toilet_nonfunctional"}},{"type":"Feature","geometry":{"type":"Point","coordinates":[83.416,25.4095]},"properties":{"udise":"09660506702","name":"MADHAV BAL VIDYA MANDIR U.M.V. MADHOPUR","state":"UTTAR PRADESH","district":"CHANDAULI","block":"DHANAPUR","indicator":"girls_toilet_nonfunctional"}},{"type":"Feature","geometry":{"type":"Point","coordinates":[83.17665,25.25805]},"properties":{"udise":"09660803503","name":"RAMSAKAL UMV BARHULI","state":"UTTAR PRADESH","district":"CHANDAULI","block":"NIYAMATABAD","indicator":"girls_toilet_nonfunctional"}},{"type":"Feature","geometry":{"type":"Point","coordinates":[83.8685,25.9378]},"properties":{"udise":"09660604001","name":"PS DHANARIYA","state":"UTTAR PRADESH","district":"CHANDAULI","block":"SHAHABGANJ","indicator":"girls_toilet_nonfunctional"}},{"type":"Feature","geometry":{"type":"Point","coordinates":[83.3782,25.374]},"properties":{"udise":"09660507902","name":"A.S.V.P.KAMALAPUR","state":"UTTAR PRADESH","district":"CHANDAULI","block":"DHANAPUR","indicator":"girls_toilet_nonfunctional"}},{"type":"Feature","geometry":{"type":"Point","coordinates":[83.3083,25.2569]},"properties":{"udise":"09660800601","name":"PS BAURI","state":"UTTAR PRADESH","district":"CHANDAULI","block":"NIYAMATABAD","indicator":"girls_toilet_nonfunctional"}},{"type":"Feature","geometry":{"type":"Point","coordinates":[83.1927,24.7681]},"properties":{"udise":"09660905302","name":"UPS PARASIYA","state":"UTTAR PRADESH","district":"CHANDAULI","block":"NAUGARH","indicator":"girls_toilet_nonfunctional"}},{"type":"Feature","geometry":{"type":"Point","coordinates":[83.4564,25.3465]},"properties":{"udise":"09660815003","name":"MADARASA VARANASI PUBLIC SCHOOL CHAURAHAT","state":"UTTAR PRADESH","district":"CHANDAULI","block":"NIYAMATABAD","indicator":"girls_toilet_nonfunctional"}},{"type":"Feature","geometry":{"type":"Point","coordinates":[83.47658,25.32018]},"properties":{"udise":"09660701103","name":"GHS KANDAWA","state":"UTTAR PRADESH","district":"CHANDAULI","block":"BARAHANI","indicator":"girls_toilet_nonfunctional"}},{"type":"Feature","geometry":{"type":"Point","coordinates":[83.4669,25.427]},"properties":{"udise":"09660510001","name":"PS DAVANPUR","state":"UTTAR PRADESH","district":"CHANDAULI","block":"DHANAPUR","indicator":"girls_toilet_nonfunctional"}},{"type":"Feature","geometry":{"type":"Point","coordinates":[83.3515,25.462]},"properties":{"udise":"09660505305","name":"MADARASA ISLAHUL BANAT NISWAN DHANAPUR","state":"UTTAR PRADESH","district":"CHANDAULI","block":"DHANAPUR","indicator":"girls_toilet_nonfunctional"}},{"type":"Feature","geometry":{"type":"Point","coordinates":[83.1192,25.2964]},"properties":{"udise":"09661002102","name":"R.K. PUBLIC PATHARA MUGHALSARAI","state":"UTTAR PRADESH","district":"CHANDAULI","block":"MUGALSARAI (NAGAR CHHETRA)","indicator":"girls_toilet_nonfunctional"}},{"type":"Feature","geometry":{"type":"Point","coordinates":[83.15734,25.05126]},"properties":{"udise":"09660202701","name":"PS DADARA","state":"UTTAR PRADESH","district":"CHANDAULI","block":"CHAKIYA","indicator":"girls_toilet_nonfunctional"}},{"type":"Feature","geometry":{"type":"Point","coordinates":[83.381,25.4586]},"properties":{"udise":"09660510904","name":"AMARDEV PRATHMIK VIDYALAY SARAYAN","state":"UTTAR PRADESH","district":"CHANDAULI","block":"DHANAPUR","indicator":"girls_toilet_nonfunctional"}},{"type":"Feature","geometry":{"type":"Point","coordinates":[83.1322,24.7987]},"properties":{"udise":"09660906501","name":"UPS HARIYABANDH","state":"UTTAR PRADESH","district":"CHANDAULI","block":"NAUGARH","indicator":"girls_toilet_nonfunctional"}},{"type":"Feature","geometry":{"type":"Point","coordinates":[83.3345,25.3223]},"properties":{"udise":"09660411419","name":"R.D.P.M.BALIKA V. NAI BAZAR","state":"UTTAR PRADESH","district":"CHANDAULI","block":"SAKALDIHA","indicator":"girls_toilet_nonfunctional"}},{"type":"Feature","geometry":{"type":"Point","coordinates":[83.171,25.3195]},"properties":{"udise":"09660310903","name":"D.V.D.M. J.H. SCHOOL KAILI","state":"UTTAR PRADESH","district":"CHANDAULI","block":"CHAHANIYA","indicator":"girls_toilet_nonfunctional"}},{"type":"Feature","geometry":{"type":"Point","coordinates":[83.114,24.8138]},"properties":{"udise":"09660902602","name":"UPS UDITPUR SURRA","state":"UTTAR PRADESH","district":"CHANDAULI","block":"NAUGARH","indicator":"girls_toilet_nonfunctional"}},{"type":"Feature","geometry":{"type":"Point","coordinates":[83.2754,25.4291]},"properties":{"udise":"09660503903","name":"PRATIBHA NIKHAR G.S.BIRNA","state":"UTTAR PRADESH","district":"CHANDAULI","block":"DHANAPUR","indicator":"girls_toilet_nonfunctional"}},{"type":"Feature","geometry":{"type":"Point","coordinates":[83.2727,25.2544]},"properties":{"udise":"09660109807","name":"UNIVERSAL PUBLIC SCHOOL CHANDAULI","state":"UTTAR PRADESH","district":"CHANDAULI","block":"CHANDAULI","indicator":"girls_toilet_nonfunctional"}},{"type":"Feature","geometry":{"type":"Point","coordinates":[83.08042,25.25462]},"properties":{"udise":"09660815301","name":"ADAVIK ACADEMY SINGHITALI BASANT NAGAR BAYPASS CHANDAULI","state":"UTTAR PRADESH","district":"CHANDAULI","block":"NIYAMATABAD","indicator":"girls_toilet_nonfunctional"}},{"type":"Feature","geometry":{"type":"Point","coordinates":[83.2539,25.1668]},"properties":{"udise":"09660109602","name":"GHS TRIBHUVANPUR","state":"UTTAR PRADESH","district":"CHANDAULI","block":"CHANDAULI","indicator":"girls_toilet_nonfunctional"}},{"type":"Feature","geometry":{"type":"Point","coordinates":[83.23967,25.10286]},"properties":{"udise":"09660402901","name":"PS MANIHARA","state":"UTTAR PRADESH","district":"CHANDAULI","block":"SAKALDIHA","indicator":"girls_toilet_nonfunctional"}},{"type":"Feature","geometry":{"type":"Point","coordinates":[83.1721,24.7714]},"properties":{"udise":"09660903301","name":"PS MAJHAGAWA","state":"UTTAR PRADESH","district":"CHANDAULI","block":"NAUGARH","indicator":"girls_toilet_nonfunctional"}},{"type":"Feature","geometry":{"type":"Point","coordinates":[83.23644,25.33419]},"properties":{"udise":"09660509801","name":"PS JAMURNA","state":"UTTAR PRADESH","district":"CHANDAULI","block":"DHANAPUR","indicator":"girls_toilet_nonfunctional"}},{"type":"Feature","geometry":{"type":"Point","coordinates":[83.1146,24.7695]},"properties":{"udise":"09660909301","name":"PS VIJAYDEEH","state":"UTTAR PRADESH","district":"CHANDAULI","block":"NAUGARH","indicator":"girls_toilet_nonfunctional"}},{"type":"Feature","geometry":{"type":"Point","coordinates":[83.3715,25.3742]},"properties":{"udise":"09660507904","name":"MAKHTAB PV.KAMALAPUR","state":"UTTAR PRADESH","district":"CHANDAULI","block":"DHANAPUR","indicator":"girls_toilet_nonfunctional"}},{"type":"Feature","geometry":{"type":"Point","coordinates":[83.2468,24.8589]},"properties":{"udise":"09660910201","name":"PS BRINDAVAN","state":"UTTAR PRADESH","district":"CHANDAULI","block":"NAUGARH","indicator":"girls_toilet_nonfunctional"}},{"type":"Feature","geometry":{"type":"Point","coordinates":[83.3111,25.4361]},"properties":{"udise":"09660606603","name":"GHS BANARASIYA","state":"UTTAR PRADESH","district":"CHANDAULI","block":"SHAHABGANJ","indicator":"girls_toilet_nonfunctional"}},{"type":"Feature","geometry":{"type":"Point","coordinates":[83.19348,25.25664]},"properties":{"udise":"09660803202","name":"SHAMSHAD MEMORIAL ACADEMY","state":"UTTAR PRADESH","district":"CHANDAULI","block":"NIYAMATABAD","indicator":"girls_toilet_nonfunctional"}},{"type":"Feature","geometry":{"type":"Point","coordinates":[83.107,25.2878]},"properties":{"udise":"09661002303","name":"SWAMI VIVEKANAND PUBLIC SCHOOL (HS)","state":"UTTAR PRADESH","district":"CHANDAULI","block":"MUGALSARAI (NAGAR CHHETRA)","indicator":"girls_toilet_nonfunctional"}},{"type":"Feature","geometry":{"type":"Point","coordinates":[83.2728,25.4624]},"properties":{"udise":"09660516602","name":"UPS FOOLPUR PRASADPUR","state":"UTTAR PRADESH","district":"CHANDAULI","block":"DHANAPUR","indicator":"girls_toilet_nonfunctional"}},{"type":"Feature","geometry":{"type":"Point","coordinates":[83.2716,25.4428]},"properties":{"udise":"09660500705","name":"VASANT RAMNAGINA I.C. DHARAW","state":"UTTAR PRADESH","district":"CHANDAULI","block":"DHANAPUR","indicator":"girls_toilet_nonfunctional"}},{"type":"Feature","geometry":{"type":"Point","coordinates":[83.258,24.7425]},"properties":{"udise":"09660912001","name":"SWA VISHVANATH PAL UMV BARAWADIH CHAKARGHATTA","state":"UTTAR PRADESH","district":"CHANDAULI","block":"NAUGARH","indicator":"girls_toilet_nonfunctional"}},{"type":"Feature","geometry":{"type":"Point","coordinates":[83.381,25.4586]},"properties":{"udise":"09660510903","name":"AMARDEV IC SARAYAN","state":"UTTAR PRADESH","district":"CHANDAULI","block":"DHANAPUR","indicator":"girls_toilet_nonfunctional"}},{"type":"Feature","geometry":{"type":"Point","coordinates":[83.21767,25.09464]},"properties":{"udise":"09660109501","name":"PS BHADAULIYA","state":"UTTAR PRADESH","district":"CHANDAULI","block":"CHANDAULI","indicator":"girls_toilet_nonfunctional"}},{"type":"Feature","geometry":{"type":"Point","coordinates":[83.3345,25.3223]},"properties":{"udise":"09660412802","name":"RAMDULARI SIKSHAN SANSTHAN JHS NAI BAZAR","state":"UTTAR PRADESH","district":"CHANDAULI","block":"SAKALDIHA","indicator":"girls_toilet_nonfunctional"}},{"type":"Feature","geometry":{"type":"Point","coordinates":[83.154,25.3032]},"properties":{"udise":"09660405902","name":"JANATA JANARDAN JHS PATAPARA","state":"UTTAR PRADESH","district":"CHANDAULI","block":"SAKALDIHA","indicator":"girls_toilet_nonfunctional"}},{"type":"Feature","geometry":{"type":"Point","coordinates":[83.5363,25.3125]},"properties":{"udise":"09660809302","name":"DEEN BANDHU JHS MADIYA","state":"UTTAR PRADESH","district":"CHANDAULI","block":"NIYAMATABAD","indicator":"girls_toilet_nonfunctional"}},{"type":"Feature","geometry":{"type":"Point","coordinates":[83.1224,25.2512]},"properties":{"udise":"09660801203","name":"ARJUN PRASAD UMV BILARIDEEH GAURI","state":"UTTAR PRADESH","district":"CHANDAULI","block":"NIYAMATABAD","indicator":"girls_toilet_nonfunctional"}},{"type":"Feature","geometry":{"type":"Point","coordinates":[83.3399,25.3281]},"properties":{"udise":"09660400503","name":"R.D.S.S.S.K.P.S.NAI BAZAR","state":"UTTAR PRADESH","district":"CHANDAULI","block":"SAKALDIHA","indicator":"girls_toilet_nonfunctional"}},{"type":"Feature","geometry":{"type":"Point","coordinates":[83.3531,25.3839]},"properties":{"udise":"09660509004","name":"COMPOSITE SCHOOL NAURANGABAD","state":"UTTAR PRADESH","district":"CHANDAULI","block":"DHANAPUR","indicator":"girls_toilet_nonfunctional"}},{"type":"Feature","geometry":{"type":"Point","coordinates":[83.2595,25.3489]},"properties":{"udise":"09660402203","name":"PS SAKALDIHA-III","state":"UTTAR PRADESH","district":"CHANDAULI","block":"SAKALDIHA","indicator":"girls_toilet_nonfunctional"}},{"type":"Feature","geometry":{"type":"Point","coordinates":[83.4246,25.391]},"properties":{"udise":"09660501603","name":"SWAMI ADAGADANAND JI MAHARAJ I.C. BARHAN","state":"UTTAR PRADESH","district":"CHANDAULI","block":"DHANAPUR","indicator":"girls_toilet_nonfunctional"}},{"type":"Feature","geometry":{"type":"Point","coordinates":[83.1221,25.2895]},"properties":{"udise":"09661000402","name":"N.S.S. UPS KALI MAHAL","state":"UTTAR PRADESH","district":"CHANDAULI","block":"MUGALSARAI (NAGAR CHHETRA)","indicator":"girls_toilet_nonfunctional"}},{"type":"Feature","geometry":{"type":"Point","coordinates":[83.4246,25.391]},"properties":{"udise":"09660501605","name":"SWAMI ADAGADANAND JI MAHARAJ UPS BARAHAN","state":"UTTAR PRADESH","district":"CHANDAULI","block":"DHANAPUR","indicator":"girls_toilet_nonfunctional"}},{"type":"Feature","geometry":{"type":"Point","coordinates":[83.2398,24.7288]},"properties":{"udise":"09660911601","name":"PS SATYANARAYANPUR","state":"UTTAR PRADESH","district":"CHANDAULI","block":"NAUGARH","indicator":"girls_toilet_nonfunctional"}},{"type":"Feature","geometry":{"type":"Point","coordinates":[83.1714,24.7773]},"properties":{"udise":"09660902903","name":"COMPOSITE SCHOOL BISHESHARPUR","state":"UTTAR PRADESH","district":"CHANDAULI","block":"NAUGARH","indicator":"girls_toilet_nonfunctional"}},{"type":"Feature","geometry":{"type":"Point","coordinates":[83.16797,25.27439]},"properties":{"udise":"09660900801","name":"PS JAMASOT","state":"UTTAR PRADESH","district":"CHANDAULI","block":"NAUGARH","indicator":"girls_toilet_nonfunctional"}},{"type":"Feature","geometry":{"type":"Point","coordinates":[83.392,25.3032]},"properties":{"udise":"09660810202","name":"UDIT NARAYAN SEMARA","state":"UTTAR PRADESH","district":"CHANDAULI","block":"NIYAMATABAD","indicator":"girls_toilet_nonfunctional"}},{"type":"Feature","geometry":{"type":"Point","coordinates":[83.3262,25.1139]},"properties":{"udise":"09660604602","name":"COMPOSITE SCHOOL JIGANA","state":"UTTAR PRADESH","district":"CHANDAULI","block":"SHAHABGANJ","indicator":"girls_toilet_nonfunctional"}},{"type":"Feature","geometry":{"type":"Point","coordinates":[83.123,25.4772]},"properties":{"udise":"09660203502","name":"COMPOSITE SCHOOL JIYANPURA","state":"UTTAR PRADESH","district":"CHANDAULI","block":"CHAKIYA","indicator":"girls_toilet_nonfunctional"}},{"type":"Feature","geometry":{"type":"Point","coordinates":[83.1949,25.8941]},"properties":{"udise":"09660210502","name":"PS SIKANDARPUR II","state":"UTTAR PRADESH","district":"CHANDAULI","block":"CHAKIYA","indicator":"girls_toilet_nonfunctional"}},{"type":"Feature","geometry":{"type":"Point","coordinates":[83.3043,24.8598]},"properties":{"udise":"09660901102","name":"GHS DEWARI KALA","state":"UTTAR PRADESH","district":"CHANDAULI","block":"NAUGARH","indicator":"girls_toilet_nonfunctional"}},{"type":"Feature","geometry":{"type":"Point","coordinates":[83.30497,25.18528]},"properties":{"udise":"09660506001","name":"PS AHIKAURA","state":"UTTAR PRADESH","district":"CHANDAULI","block":"DHANAPUR","indicator":"girls_toilet_nonfunctional"}},{"type":"Feature","geometry":{"type":"Point","coordinates":[83.392,25.3032]},"properties":{"udise":"09660810204","name":"UDIT NARAYAN UMV SEMARA","state":"UTTAR PRADESH","district":"CHANDAULI","block":"NIYAMATABAD","indicator":"girls_toilet_nonfunctional"}},{"type":"Feature","geometry":{"type":"Point","coordinates":[83.1642,25.2456]},"properties":{"udise":"09660815903","name":"AZAD UCCHATAR MADHYAMIK VIDYALAY GAUSPUR","state":"UTTAR PRADESH","district":"CHANDAULI","block":"NIYAMATABAD","indicator":"girls_toilet_nonfunctional"}},{"type":"Feature","geometry":{"type":"Point","coordinates":[83.1246,25.2394]},"properties":{"udise":"09660805702","name":"MAHA MRITYUNJAY VIDYA MANDIR LAKHAPUR","state":"UTTAR PRADESH","district":"CHANDAULI","block":"NIYAMATABAD","indicator":"girls_toilet_nonfunctional"}},{"type":"Feature","geometry":{"type":"Point","coordinates":[83.3475,25.2561]},"properties":{"udise":"09660700811","name":"MADARASA ARABIA GAUSHIL ULOOM SAIYEDRAJA","state":"UTTAR PRADESH","district":"CHANDAULI","block":"BARAHANI","indicator":"girls_toilet_nonfunctional"}},{"type":"Feature","geometry":{"type":"Point","coordinates":[83.1642,25.2456]},"properties":{"udise":"09660815902","name":"AZAD SHIKSHAN SANSTHAN P.S. GAUSPUR","state":"UTTAR PRADESH","district":"CHANDAULI","block":"NIYAMATABAD","indicator":"girls_toilet_nonfunctional"}},{"type":"Feature","geometry":{"type":"Point","coordinates":[83.1984,24.8489]},"properties":{"udise":"09660910701","name":"PS BODALPUR","state":"UTTAR PRADESH","district":"CHANDAULI","block":"NAUGARH","indicator":"girls_toilet_nonfunctional"}},{"type":"Feature","geometry":{"type":"Point","coordinates":[83.17665,25.25805]},"properties":{"udise":"09660803502","name":"RAMSHAKAL VIDYA MANDIR","state":"UTTAR PRADESH","district":"CHANDAULI","block":"NIYAMATABAD","indicator":"girls_toilet_nonfunctional"}},{"type":"Feature","geometry":{"type":"Point","coordinates":[83.1984,24.7589]},"properties":{"udise":"09660911901","name":"PS PADAHAWA","state":"UTTAR PRADESH","district":"CHANDAULI","block":"NAUGARH","indicator":"girls_toilet_nonfunctional"}},{"type":"Feature","geometry":{"type":"Point","coordinates":[83.4246,25.391]},"properties":{"udise":"09660501604","name":"SWAMI JI PRATHMIK PATHSHALA BARAHAN","state":"UTTAR PRADESH","district":"CHANDAULI","block":"DHANAPUR","indicator":"girls_toilet_nonfunctional"}},{"type":"Feature","geometry":{"type":"Point","coordinates":[83.1182,25.2933]},"properties":{"udise":"09661002302","name":"SWAMI VIVEKANAND PUBLIC SCHOOL (PS)","state":"UTTAR PRADESH","district":"CHANDAULI","block":"MUGALSARAI (NAGAR CHHETRA)","indicator":"girls_toilet_nonfunctional"}},{"type":"Feature","geometry":{"type":"Point","coordinates":[83.20267,25.25819]},"properties":{"udise":"09660908901","name":"PS SEMARIYA","state":"UTTAR PRADESH","district":"CHANDAULI","block":"NAUGARH","indicator":"girls_toilet_nonfunctional"}},{"type":"Feature","geometry":{"type":"Point","coordinates":[83.201,25.2325]},"properties":{"udise":"09660104503","name":"PS SHIVPUR","state":"UTTAR PRADESH","district":"CHANDAULI","block":"CHANDAULI","indicator":"girls_toilet_nonfunctional"}},{"type":"Feature","geometry":{"type":"Point","coordinates":[83.1738,24.5158]},"properties":{"udise":"09660901201","name":"PS NUNWAT","state":"UTTAR PRADESH","district":"CHANDAULI","block":"NAUGARH","indicator":"girls_toilet_nonfunctional"}},{"type":"Feature","geometry":{"type":"Point","coordinates":[83.2649,25.4974]},"properties":{"udise":"09660315703","name":"ASIF PS DARIYAPUR","state":"UTTAR PRADESH","district":"CHANDAULI","block":"CHAHANIYA","indicator":"girls_toilet_nonfunctional"}},{"type":"Feature","geometry":{"type":"Point","coordinates":[83.11957,25.24626]},"properties":{"udise":"09660801204","name":"ARJUN PRASAD PS GAURI","state":"UTTAR PRADESH","district":"CHANDAULI","block":"NIYAMATABAD","indicator":"girls_toilet_nonfunctional"}},{"type":"Feature","geometry":{"type":"Point","coordinates":[81.44742,25.16232]},"properties":{"udise":"09410305802","name":"PV KOL MAJRA GAON","state":"UTTAR PRADESH","district":"CHITRAKOOT","block":"MAU","indicator":"no_girls_toilet"}},{"type":"Feature","geometry":{"type":"Point","coordinates":[81.17856,25.45701]},"properties":{"udise":"09410201405","name":"PV SUKHAURA","state":"UTTAR PRADESH","district":"CHITRAKOOT","block":"PAHADI","indicator":"no_girls_toilet"}},{"type":"Feature","geometry":{"type":"Point","coordinates":[80.8708,25.18723]},"properties":{"udise":"09410101302","name":"PV KATRAGUDAR","state":"UTTAR PRADESH","district":"CHITRAKOOT","block":"CHITRAKOOT","indicator":"no_girls_toilet"}},{"type":"Feature","geometry":{"type":"Point","coordinates":[80.97347,25.25175]},"properties":{"udise":"09410207702","name":"PV AHIRAN PURWA (BHUIHARI)","state":"UTTAR PRADESH","district":"CHITRAKOOT","block":"PAHADI","indicator":"no_girls_toilet"}},{"type":"Feature","geometry":{"type":"Point","coordinates":[80.76578,25.18972]},"properties":{"udise":"09410106104","name":"PMV KORARI","state":"UTTAR PRADESH","district":"CHITRAKOOT","block":"CHITRAKOOT","indicator":"no_girls_toilet"}},{"type":"Feature","geometry":{"type":"Point","coordinates":[81.45189,25.25071]},"properties":{"udise":"09410302701","name":"PV PURAB PATAI (MERGED)","state":"UTTAR PRADESH","district":"CHITRAKOOT","block":"MAU","indicator":"no_girls_toilet"}},{"type":"Feature","geometry":{"type":"Point","coordinates":[81.6225,25.45889]},"properties":{"udise":"09410300237","name":"SRI BHAGWAT MANDAL SANSKRIT MADHYAMIK VIDYALAYA MAU","state":"UTTAR PRADESH","district":"CHITRAKOOT","block":"MAU","indicator":"no_girls_toilet"}},{"type":"Feature","geometry":{"type":"Point","coordinates":[80.92025,25.21253]},"properties":{"udise":"09410100402","name":"PV GADHIGHAT","state":"UTTAR PRADESH","district":"CHITRAKOOT","block":"CHITRAKOOT","indicator":"no_girls_toilet"}},{"type":"Feature","geometry":{"type":"Point","coordinates":[81.4406,25.2445]},"properties":{"udise":"09410300806","name":"PV JHAGRAI","state":"UTTAR PRADESH","district":"CHITRAKOOT","block":"MAU","indicator":"no_girls_toilet"}},{"type":"Feature","geometry":{"type":"Point","coordinates":[81.06637,25.39133]},"properties":{"udise":"09410204205","name":"PMV GADARIYAN PURWA","state":"UTTAR PRADESH","district":"CHITRAKOOT","block":"PAHADI","indicator":"no_girls_toilet"}},{"type":"Feature","geometry":{"type":"Point","coordinates":[80.99937,25.20669]},"properties":{"udise":"09410206404","name":"PV SUNDAR PURWA","state":"UTTAR PRADESH","district":"CHITRAKOOT","block":"PAHADI","indicator":"no_girls_toilet"}},{"type":"Feature","geometry":{"type":"Point","coordinates":[81.3842,25.22511]},"properties":{"udise":"09410301004","name":"ANUSUCHIT JATI KANYA PV BHITARI","state":"UTTAR PRADESH","district":"CHITRAKOOT","block":"MAU","indicator":"no_girls_toilet"}},{"type":"Feature","geometry":{"type":"Point","coordinates":[81.11356,25.43065]},"properties":{"udise":"09410202302","name":"PMV KUSELI","state":"UTTAR PRADESH","district":"CHITRAKOOT","block":"PAHADI","indicator":"no_girls_toilet"}},{"type":"Feature","geometry":{"type":"Point","coordinates":[81.08664,25.30396]},"properties":{"udise":"09410205502","name":"PV BYAS BANNA","state":"UTTAR PRADESH","district":"CHITRAKOOT","block":"PAHADI","indicator":"no_girls_toilet"}},{"type":"Feature","geometry":{"type":"Point","coordinates":[81.5025,25.70417]},"properties":{"udise":"09410203106","name":"PV DIGHARI PURWA","state":"UTTAR PRADESH","district":"CHITRAKOOT","block":"PAHADI","indicator":"no_girls_toilet"}},{"type":"Feature","geometry":{"type":"Point","coordinates":[80.94514,25.27204]},"properties":{"udise":"09410204105","name":"PV GODANBABA LOHADA","state":"UTTAR PRADESH","district":"CHITRAKOOT","block":"PAHADI","indicator":"no_girls_toilet"}},{"type":"Feature","geometry":{"type":"Point","coordinates":[80.94514,25.27425]},"properties":{"udise":"09410100602","name":"PV USRA PURWA BHAMBHAUR","state":"UTTAR PRADESH","district":"CHITRAKOOT","block":"CHITRAKOOT","indicator":"no_girls_toilet"}},{"type":"Feature","geometry":{"type":"Point","coordinates":[81.03787,25.15092]},"properties":{"udise":"09410503305","name":"PV KUKARHAI","state":"UTTAR PRADESH","district":"CHITRAKOOT","block":"MANIKPUR","indicator":"no_girls_toilet"}},{"type":"Feature","geometry":{"type":"Point","coordinates":[81.222,25.1627]},"properties":{"udise":"09410300241","name":"MOTHER MERRY CONVENT SCHOOL MAU","state":"UTTAR PRADESH","district":"CHITRAKOOT","block":"MAU","indicator":"no_girls_toilet"}},{"type":"Feature","geometry":{"type":"Point","coordinates":[80.93304,25.24009]},"properties":{"udise":"09410100803","name":"PV MANDIL KA PURWA","state":"UTTAR PRADESH","district":"CHITRAKOOT","block":"CHITRAKOOT","indicator":"no_girls_toilet"}},{"type":"Feature","geometry":{"type":"Point","coordinates":[81.20459,25.2]},"properties":{"udise":"09410401608","name":"PV DHAUHAI","state":"UTTAR PRADESH","district":"CHITRAKOOT","block":"RAM NAGAR","indicator":"no_girls_toilet"}},{"type":"Feature","geometry":{"type":"Point","coordinates":[80.5044,25.1443]},"properties":{"udise":"09410108705","name":"PV THEEKA KA PURWA","state":"UTTAR PRADESH","district":"CHITRAKOOT","block":"CHITRAKOOT","indicator":"no_girls_toilet"}},{"type":"Feature","geometry":{"type":"Point","coordinates":[81.28681,25.22102]},"properties":{"udise":"09410301503","name":"PV CHAKWA","state":"UTTAR PRADESH","district":"CHITRAKOOT","block":"MAU","indicator":"no_girls_toilet"}},{"type":"Feature","geometry":{"type":"Point","coordinates":[81.1062,25.42099]},"properties":{"udise":"09410202105","name":"PMV UTTAMPUR","state":"UTTAR PRADESH","district":"CHITRAKOOT","block":"PAHADI","indicator":"no_girls_toilet"}},{"type":"Feature","geometry":{"type":"Point","coordinates":[81.23485,25.17642]},"properties":{"udise":"09410401507","name":"PV AHIRAN PURWA","state":"UTTAR PRADESH","district":"CHITRAKOOT","block":"RAM NAGAR","indicator":"no_girls_toilet"}},{"type":"Feature","geometry":{"type":"Point","coordinates":[80.94306,25.21353]},"properties":{"udise":"09410103003","name":"PV VINAYAKPUR","state":"UTTAR PRADESH","district":"CHITRAKOOT","block":"CHITRAKOOT","indicator":"no_girls_toilet"}},{"type":"Feature","geometry":{"type":"Point","coordinates":[81.25121,25.1213]},"properties":{"udise":"09410500502","name":"COMPOSITE SCHOOL KOTA KANDEELA","state":"UTTAR PRADESH","district":"CHITRAKOOT","block":"MANIKPUR","indicator":"no_girls_toilet"}},{"type":"Feature","geometry":{"type":"Point","coordinates":[81.22478,25.34063]},"properties":{"udise":"09410402905","name":"PV TIRMAU 2","state":"UTTAR PRADESH","district":"CHITRAKOOT","block":"RAM NAGAR","indicator":"no_girls_toilet"}},{"type":"Feature","geometry":{"type":"Point","coordinates":[81.14258,25.49399]},"properties":{"udise":"09410200804","name":"PMV GURGAULA","state":"UTTAR PRADESH","district":"CHITRAKOOT","block":"PAHADI","indicator":"no_girls_toilet"}},{"type":"Feature","geometry":{"type":"Point","coordinates":[81.31583,25.35944]},"properties":{"udise":"09410109802","name":"SRI BHARAT BHANDAR SANSKRIT UCHCHATAR MADHYAMIK VIDYALAYA BHARATKOOP","state":"UTTAR PRADESH","district":"CHITRAKOOT","block":"CHITRAKOOT","indicator":"no_girls_toilet"}},{"type":"Feature","geometry":{"type":"Point","coordinates":[81.2657,25.23899]},"properties":{"udise":"09410301604","name":"PMV ITAHA DEVIPUR","state":"UTTAR PRADESH","district":"CHITRAKOOT","block":"MAU","indicator":"no_girls_toilet"}},{"type":"Feature","geometry":{"type":"Point","coordinates":[81.52278,25.35944]},"properties":{"udise":"09410600245","name":"J.M. SINGH AWASIYA UCHCHATAR MADHYAMIK VIDYALAYA KARWI","state":"UTTAR PRADESH","district":"CHITRAKOOT","block":"CHITRAKOOT (URBAN)","indicator":"no_girls_toilet"}},{"type":"Feature","geometry":{"type":"Point","coordinates":[81.07901,25.20198]},"properties":{"udise":"09410501605","name":"PV GAUHAI PURWA","state":"UTTAR PRADESH","district":"CHITRAKOOT","block":"MANIKPUR","indicator":"no_girls_toilet"}},{"type":"Feature","geometry":{"type":"Point","coordinates":[80.69278,25.19917]},"properties":{"udise":"09410105622","name":"GOPAL HINDI SANSKRIT MAHAVIDYALAYA RASIN","state":"UTTAR PRADESH","district":"CHITRAKOOT","block":"CHITRAKOOT","indicator":"no_girls_toilet"}},{"type":"Feature","geometry":{"type":"Point","coordinates":[80.77468,25.29308]},"properties":{"udise":"09410106509","name":"PV DHATURAHA PURWA","state":"UTTAR PRADESH","district":"CHITRAKOOT","block":"CHITRAKOOT","indicator":"no_girls_toilet"}},{"type":"Feature","geometry":{"type":"Point","coordinates":[81.29887,25.24941]},"properties":{"udise":"09410403501","name":"PV PAIKORA","state":"UTTAR PRADESH","district":"CHITRAKOOT","block":"RAM NAGAR","indicator":"no_girls_toilet"}},{"type":"Feature","geometry":{"type":"Point","coordinates":[80.94662,25.24406]},"properties":{"udise":"09410102301","name":"PV KANTHIPUR","state":"UTTAR PRADESH","district":"CHITRAKOOT","block":"CHITRAKOOT","indicator":"no_girls_toilet"}},{"type":"Feature","geometry":{"type":"Point","coordinates":[80.90124,25.36955]},"properties":{"udise":"09410203501","name":"PV CHAURA-1","state":"UTTAR PRADESH","district":"CHITRAKOOT","block":"PAHADI","indicator":"no_girls_toilet"}},{"type":"Feature","geometry":{"type":"Point","coordinates":[80.92475,25.22158]},"properties":{"udise":"09410203104","name":"PV BADI BAKHARI","state":"UTTAR PRADESH","district":"CHITRAKOOT","block":"PAHADI","indicator":"no_girls_toilet"}},{"type":"Feature","geometry":{"type":"Point","coordinates":[80.96221,25.45387]},"properties":{"udise":"09410203201","name":"PMV DARSENA","state":"UTTAR PRADESH","district":"CHITRAKOOT","block":"PAHADI","indicator":"no_girls_toilet"}},{"type":"Feature","geometry":{"type":"Point","coordinates":[81.02487,25.47489]},"properties":{"udise":"09410204001","name":"PMV LAMIYARI","state":"UTTAR PRADESH","district":"CHITRAKOOT","block":"PAHADI","indicator":"no_girls_toilet"}},{"type":"Feature","geometry":{"type":"Point","coordinates":[80.83801,24.95838]},"properties":{"udise":"09410500902","name":"PM SHRI COMPOSITE SCHOOL ETAWA DUDAILA","state":"UTTAR PRADESH","district":"CHITRAKOOT","block":"MANIKPUR","indicator":"no_girls_toilet"}},{"type":"Feature","geometry":{"type":"Point","coordinates":[80.6821,25.17341]},"properties":{"udise":"09410105605","name":"PV RASIN 1","state":"UTTAR PRADESH","district":"CHITRAKOOT","block":"CHITRAKOOT","indicator":"no_girls_toilet"}},{"type":"Feature","geometry":{"type":"Point","coordinates":[81.222,25.1627]},"properties":{"udise":"09410300227","name":"MOTHER MERRY CONVENT SCHOOL","state":"UTTAR PRADESH","district":"CHITRAKOOT","block":"MAU","indicator":"no_girls_toilet"}},{"type":"Feature","geometry":{"type":"Point","coordinates":[80.71988,25.22828]},"properties":{"udise":"09410106505","name":"PV KATHAR PURWA","state":"UTTAR PRADESH","district":"CHITRAKOOT","block":"CHITRAKOOT","indicator":"no_girls_toilet"}},{"type":"Feature","geometry":{"type":"Point","coordinates":[80.8337,25.19667]},"properties":{"udise":"09410109503","name":"GOVT. HIGH SCHOOL SHIVRAMPUR","state":"UTTAR PRADESH","district":"CHITRAKOOT","block":"CHITRAKOOT","indicator":"no_girls_toilet"}},{"type":"Feature","geometry":{"type":"Point","coordinates":[81.06428,25.43807]},"properties":{"udise":"09410202005","name":"COMPOSITE SCHOOL SARDHUWA","state":"UTTAR PRADESH","district":"CHITRAKOOT","block":"PAHADI","indicator":"no_girls_toilet"}},{"type":"Feature","geometry":{"type":"Point","coordinates":[81.31192,25.22287]},"properties":{"udise":"09410301704","name":"PV KUMHARAN PURWA","state":"UTTAR PRADESH","district":"CHITRAKOOT","block":"MAU","indicator":"no_girls_toilet"}},{"type":"Feature","geometry":{"type":"Point","coordinates":[81.0511,25.2427]},"properties":{"udise":"09410204602","name":"PV BHATARI","state":"UTTAR PRADESH","district":"CHITRAKOOT","block":"PAHADI","indicator":"no_girls_toilet"}},{"type":"Feature","geometry":{"type":"Point","coordinates":[81.0377,25.16984]},"properties":{"udise":"09410503112","name":"PMV LAUGHATA","state":"UTTAR PRADESH","district":"CHITRAKOOT","block":"MANIKPUR","indicator":"no_girls_toilet"}},{"type":"Feature","geometry":{"type":"Point","coordinates":[81.17481,25.48152]},"properties":{"udise":"09410200901","name":"PV HASTA","state":"UTTAR PRADESH","district":"CHITRAKOOT","block":"PAHADI","indicator":"no_girls_toilet"}},{"type":"Feature","geometry":{"type":"Point","coordinates":[80.90736,25.21241]},"properties":{"udise":"09410106202","name":"PMV GOBARIYA","state":"UTTAR PRADESH","district":"CHITRAKOOT","block":"CHITRAKOOT","indicator":"no_girls_toilet"}},{"type":"Feature","geometry":{"type":"Point","coordinates":[81.43457,25.24299]},"properties":{"udise":"09410303304","name":"PV MUSAI KA DERA","state":"UTTAR PRADESH","district":"CHITRAKOOT","block":"MAU","indicator":"girls_toilet_nonfunctional"}},{"type":"Feature","geometry":{"type":"Point","coordinates":[80.95077,25.39986]},"properties":{"udise":"09410203401","name":"PMV DEWAL","state":"UTTAR PRADESH","district":"CHITRAKOOT","block":"PAHADI","indicator":"girls_toilet_nonfunctional"}},{"type":"Feature","geometry":{"type":"Point","coordinates":[81.05361,25.0335]},"properties":{"udise":"09410507206","name":"SS VIDYA MANDIR MAHABEER NAGAR","state":"UTTAR PRADESH","district":"CHITRAKOOT","block":"MANIKPUR","indicator":"girls_toilet_nonfunctional"}},{"type":"Feature","geometry":{"type":"Point","coordinates":[80.781,25.19098]},"properties":{"udise":"09410107002","name":"COMPOSITE SCHOOL DUGAWAN","state":"UTTAR PRADESH","district":"CHITRAKOOT","block":"CHITRAKOOT","indicator":"girls_toilet_nonfunctional"}},{"type":"Feature","geometry":{"type":"Point","coordinates":[81.48795,25.10653]},"properties":{"udise":"09410304404","name":"PV GURDWAN KA PURWA","state":"UTTAR PRADESH","district":"CHITRAKOOT","block":"MAU","indicator":"girls_toilet_nonfunctional"}},{"type":"Feature","geometry":{"type":"Point","coordinates":[80.76855,25.26823]},"properties":{"udise":"09410106402","name":"PV GADARIYAN PURWA (TITIHARA)","state":"UTTAR PRADESH","district":"CHITRAKOOT","block":"CHITRAKOOT","indicator":"girls_toilet_nonfunctional"}},{"type":"Feature","geometry":{"type":"Point","coordinates":[81.38855,25.29211]},"properties":{"udise":"09410300223","name":"K.G.B.V. MAU","state":"UTTAR PRADESH","district":"CHITRAKOOT","block":"MAU","indicator":"girls_toilet_nonfunctional"}},{"type":"Feature","geometry":{"type":"Point","coordinates":[81.40682,25.28029]},"properties":{"udise":"09410300406","name":"PMV SESA","state":"UTTAR PRADESH","district":"CHITRAKOOT","block":"MAU","indicator":"girls_toilet_nonfunctional"}},{"type":"Feature","geometry":{"type":"Point","coordinates":[81.1423,25.1727]},"properties":{"udise":"09410400602","name":"PV DEWANI","state":"UTTAR PRADESH","district":"CHITRAKOOT","block":"RAM NAGAR","indicator":"girls_toilet_nonfunctional"}},{"type":"Feature","geometry":{"type":"Point","coordinates":[81.07792,25.31567]},"properties":{"udise":"09410205407","name":"RAJKIYA KANYA UCHCHATAR MADHYAMIK VIDYALYA GANEEWA CHITRAKOOT","state":"UTTAR PRADESH","district":"CHITRAKOOT","block":"PAHADI","indicator":"girls_toilet_nonfunctional"}},{"type":"Feature","geometry":{"type":"Point","coordinates":[80.72711,25.16365]},"properties":{"udise":"09410104504","name":"PMV GHURETANPUR","state":"UTTAR PRADESH","district":"CHITRAKOOT","block":"CHITRAKOOT","indicator":"girls_toilet_nonfunctional"}},{"type":"Feature","geometry":{"type":"Point","coordinates":[81.20459,25.2]},"properties":{"udise":"09410401606","name":"PV CHUCHURAHA PURWA","state":"UTTAR PRADESH","district":"CHITRAKOOT","block":"RAM NAGAR","indicator":"girls_toilet_nonfunctional"}},{"type":"Feature","geometry":{"type":"Point","coordinates":[81.05411,25.31058]},"properties":{"udise":"09410202018","name":"PV JALANDHAR PURWA","state":"UTTAR PRADESH","district":"CHITRAKOOT","block":"PAHADI","indicator":"girls_toilet_nonfunctional"}},{"type":"Feature","geometry":{"type":"Point","coordinates":[81.17918,25.22723]},"properties":{"udise":"09410400306","name":"PV GADARIYAN PURWA","state":"UTTAR PRADESH","district":"CHITRAKOOT","block":"RAM NAGAR","indicator":"girls_toilet_nonfunctional"}},{"type":"Feature","geometry":{"type":"Point","coordinates":[81.14642,25.38934]},"properties":{"udise":"09410403404","name":"PMV KHATWARA","state":"UTTAR PRADESH","district":"CHITRAKOOT","block":"RAM NAGAR","indicator":"girls_toilet_nonfunctional"}},{"type":"Feature","geometry":{"type":"Point","coordinates":[80.84464,25.21613]},"properties":{"udise":"09410109507","name":"LAINA BABA INTER COLLEGE SHIVRAMPUR","state":"UTTAR PRADESH","district":"CHITRAKOOT","block":"CHITRAKOOT","indicator":"girls_toilet_nonfunctional"}},{"type":"Feature","geometry":{"type":"Point","coordinates":[80.91577,25.20631]},"properties":{"udise":"09410600239","name":"J.P. INTER COLLEGE KARWI","state":"UTTAR PRADESH","district":"CHITRAKOOT","block":"CHITRAKOOT (URBAN)","indicator":"girls_toilet_nonfunctional"}},{"type":"Feature","geometry":{"type":"Point","coordinates":[81.1938,25.1542]},"properties":{"udise":"09410300302","name":"BHARTIYA BAUDDH PV SURAUNDHA","state":"UTTAR PRADESH","district":"CHITRAKOOT","block":"MAU","indicator":"girls_toilet_nonfunctional"}},{"type":"Feature","geometry":{"type":"Point","coordinates":[80.92416,25.23781]},"properties":{"udise":"09410101303","name":"PV MALKANA","state":"UTTAR PRADESH","district":"CHITRAKOOT","block":"CHITRAKOOT","indicator":"girls_toilet_nonfunctional"}},{"type":"Feature","geometry":{"type":"Point","coordinates":[80.91646,25.21411]},"properties":{"udise":"09410207403","name":"PV CHAKAUNDH","state":"UTTAR PRADESH","district":"CHITRAKOOT","block":"PAHADI","indicator":"girls_toilet_nonfunctional"}},{"type":"Feature","geometry":{"type":"Point","coordinates":[81.33721,25.28891]},"properties":{"udise":"09410303904","name":"PMV KONPA","state":"UTTAR PRADESH","district":"CHITRAKOOT","block":"MAU","indicator":"girls_toilet_nonfunctional"}},{"type":"Feature","geometry":{"type":"Point","coordinates":[80.92026,25.34577]},"properties":{"udise":"09410105310","name":"PV SULTAN PURWA","state":"UTTAR PRADESH","district":"CHITRAKOOT","block":"CHITRAKOOT","indicator":"girls_toilet_nonfunctional"}},{"type":"Feature","geometry":{"type":"Point","coordinates":[81.00307,25.2123]},"properties":{"udise":"09410206601","name":"PV PIPARODAR","state":"UTTAR PRADESH","district":"CHITRAKOOT","block":"PAHADI","indicator":"girls_toilet_nonfunctional"}},{"type":"Feature","geometry":{"type":"Point","coordinates":[81.51312,25.18349]},"properties":{"udise":"09410304902","name":"PV OBARI","state":"UTTAR PRADESH","district":"CHITRAKOOT","block":"MAU","indicator":"girls_toilet_nonfunctional"}},{"type":"Feature","geometry":{"type":"Point","coordinates":[80.96719,25.33844]},"properties":{"udise":"09410204725","name":"SHANTI DEVI INTER COLLEGE","state":"UTTAR PRADESH","district":"CHITRAKOOT","block":"PAHADI","indicator":"girls_toilet_nonfunctional"}},{"type":"Feature","geometry":{"type":"Point","coordinates":[80.96403,25.33209]},"properties":{"udise":"09410204703","name":"PV PAHADI-1","state":"UTTAR PRADESH","district":"CHITRAKOOT","block":"PAHADI","indicator":"girls_toilet_nonfunctional"}},{"type":"Feature","geometry":{"type":"Point","coordinates":[81.1382,25.06311]},"properties":{"udise":"09410506202","name":"PV KEKARAMAR","state":"UTTAR PRADESH","district":"CHITRAKOOT","block":"MANIKPUR","indicator":"girls_toilet_nonfunctional"}},{"type":"Feature","geometry":{"type":"Point","coordinates":[80.84545,25.35873]},"properties":{"udise":"09410100409","name":"PMV SHIVMANGAL PURWA","state":"UTTAR PRADESH","district":"CHITRAKOOT","block":"CHITRAKOOT","indicator":"girls_toilet_nonfunctional"}},{"type":"Feature","geometry":{"type":"Point","coordinates":[81.2768,25.3305]},"properties":{"udise":"09410401805","name":"COMPOSITE SCHOOL SIRAWAL","state":"UTTAR PRADESH","district":"CHITRAKOOT","block":"RAM NAGAR","indicator":"girls_toilet_nonfunctional"}},{"type":"Feature","geometry":{"type":"Point","coordinates":[80.85626,25.30582]},"properties":{"udise":"09410100501","name":"PV RAMYAPUR","state":"UTTAR PRADESH","district":"CHITRAKOOT","block":"CHITRAKOOT","indicator":"girls_toilet_nonfunctional"}},{"type":"Feature","geometry":{"type":"Point","coordinates":[81.0433,25.0726]},"properties":{"udise":"09410501913","name":"ADARSH SARASWATI SHISHU SHIKSHA MANDIR POKHRI PURWA","state":"UTTAR PRADESH","district":"CHITRAKOOT","block":"MANIKPUR","indicator":"girls_toilet_nonfunctional"}},{"type":"Feature","geometry":{"type":"Point","coordinates":[81.04211,25.46453]},"properties":{"udise":"09410202504","name":"PMV HARISHANPUR","state":"UTTAR PRADESH","district":"CHITRAKOOT","block":"PAHADI","indicator":"girls_toilet_nonfunctional"}},{"type":"Feature","geometry":{"type":"Point","coordinates":[80.91369,25.20254]},"properties":{"udise":"09410504505","name":"PV KHANCH","state":"UTTAR PRADESH","district":"CHITRAKOOT","block":"MANIKPUR","indicator":"girls_toilet_nonfunctional"}},{"type":"Feature","geometry":{"type":"Point","coordinates":[81.2545,25.152]},"properties":{"udise":"09410302603","name":"SHIV GEETA BAL VIDYA MANDIR TIKARA","state":"UTTAR PRADESH","district":"CHITRAKOOT","block":"MAU","indicator":"girls_toilet_nonfunctional"}},{"type":"Feature","geometry":{"type":"Point","coordinates":[81.43008,25.14484]},"properties":{"udise":"09410304104","name":"PV USARI","state":"UTTAR PRADESH","district":"CHITRAKOOT","block":"MAU","indicator":"girls_toilet_nonfunctional"}},{"type":"Feature","geometry":{"type":"Point","coordinates":[81.1406,25.1843]},"properties":{"udise":"09410402408","name":"PV KHERAVA","state":"UTTAR PRADESH","district":"CHITRAKOOT","block":"RAM NAGAR","indicator":"girls_toilet_nonfunctional"}},{"type":"Feature","geometry":{"type":"Point","coordinates":[80.94867,25.28504]},"properties":{"udise":"09410207406","name":"PV GAYA KA PURWA","state":"UTTAR PRADESH","district":"CHITRAKOOT","block":"PAHADI","indicator":"girls_toilet_nonfunctional"}},{"type":"Feature","geometry":{"type":"Point","coordinates":[81.00632,25.27918]},"properties":{"udise":"09410105902","name":"COMPOSITE SCHOOL AMILIHA","state":"UTTAR PRADESH","district":"CHITRAKOOT","block":"CHITRAKOOT","indicator":"girls_toilet_nonfunctional"}},{"type":"Feature","geometry":{"type":"Point","coordinates":[81.1342,25.2017]},"properties":{"udise":"09410402305","name":"PV BHAWANI PURWA","state":"UTTAR PRADESH","district":"CHITRAKOOT","block":"RAM NAGAR","indicator":"girls_toilet_nonfunctional"}},{"type":"Feature","geometry":{"type":"Point","coordinates":[81.15685,25.25041]},"properties":{"udise":"09410500302","name":"COMPOSITE SCHOOL RANIPUR","state":"UTTAR PRADESH","district":"CHITRAKOOT","block":"MANIKPUR","indicator":"girls_toilet_nonfunctional"}},{"type":"Feature","geometry":{"type":"Point","coordinates":[81.4849,25.11503]},"properties":{"udise":"09410304304","name":"PV NEVADA","state":"UTTAR PRADESH","district":"CHITRAKOOT","block":"MAU","indicator":"girls_toilet_nonfunctional"}},{"type":"Feature","geometry":{"type":"Point","coordinates":[80.451,25.1013]},"properties":{"udise":"09410104602","name":"PV DHOLBAJA","state":"UTTAR PRADESH","district":"CHITRAKOOT","block":"CHITRAKOOT","indicator":"girls_toilet_nonfunctional"}},{"type":"Feature","geometry":{"type":"Point","coordinates":[81.43166,25.1583]},"properties":{"udise":"09410305604","name":"PMV DODIYA MAFI","state":"UTTAR PRADESH","district":"CHITRAKOOT","block":"MAU","indicator":"girls_toilet_nonfunctional"}},{"type":"Feature","geometry":{"type":"Point","coordinates":[81.45416,25.25617]},"properties":{"udise":"09410302604","name":"GOVT. HIGH SCHOOL TIKARA","state":"UTTAR PRADESH","district":"CHITRAKOOT","block":"MAU","indicator":"girls_toilet_nonfunctional"}},{"type":"Feature","geometry":{"type":"Point","coordinates":[80.4633,25.0842]},"properties":{"udise":"09410104704","name":"PV NAVGHAT","state":"UTTAR PRADESH","district":"CHITRAKOOT","block":"CHITRAKOOT","indicator":"girls_toilet_nonfunctional"}},{"type":"Feature","geometry":{"type":"Point","coordinates":[80.92302,25.22882]},"properties":{"udise":"09410108105","name":"PV BANDHUIN-1","state":"UTTAR PRADESH","district":"CHITRAKOOT","block":"CHITRAKOOT","indicator":"girls_toilet_nonfunctional"}},{"type":"Feature","geometry":{"type":"Point","coordinates":[81.45163,25.16153]},"properties":{"udise":"09410305803","name":"KARTIKEY UCHCHATAR MADHYAMIK VIDYALAYA KOL MAJARA","state":"UTTAR PRADESH","district":"CHITRAKOOT","block":"MAU","indicator":"girls_toilet_nonfunctional"}},{"type":"Feature","geometry":{"type":"Point","coordinates":[80.4536,25.09]},"properties":{"udise":"09410104701","name":"PV BARACH","state":"UTTAR PRADESH","district":"CHITRAKOOT","block":"CHITRAKOOT","indicator":"girls_toilet_nonfunctional"}},{"type":"Feature","geometry":{"type":"Point","coordinates":[80.94863,25.01768]},"properties":{"udise":"09410500708","name":"RAM KRISHNA MISSION PUBLIC SCHOOL KIHUNIYA","state":"UTTAR PRADESH","district":"CHITRAKOOT","block":"MANIKPUR","indicator":"girls_toilet_nonfunctional"}},{"type":"Feature","geometry":{"type":"Point","coordinates":[81.1315,25.1932]},"properties":{"udise":"09410402407","name":"PV HARIJAN PURWA","state":"UTTAR PRADESH","district":"CHITRAKOOT","block":"RAM NAGAR","indicator":"girls_toilet_nonfunctional"}},{"type":"Feature","geometry":{"type":"Point","coordinates":[81.24311,25.3246]},"properties":{"udise":"09410402402","name":"PV GOBRAUL","state":"UTTAR PRADESH","district":"CHITRAKOOT","block":"RAM NAGAR","indicator":"girls_toilet_nonfunctional"}},{"type":"Feature","geometry":{"type":"Point","coordinates":[81.22478,25.34063]},"properties":{"udise":"09410402901","name":"PV TIRMAU 1","state":"UTTAR PRADESH","district":"CHITRAKOOT","block":"RAM NAGAR","indicator":"girls_toilet_nonfunctional"}},{"type":"Feature","geometry":{"type":"Point","coordinates":[81.1938,25.1542]},"properties":{"udise":"09410300305","name":"BHARTIYA BAUDDH PMV SURAUNDHA","state":"UTTAR PRADESH","district":"CHITRAKOOT","block":"MAU","indicator":"girls_toilet_nonfunctional"}},{"type":"Feature","geometry":{"type":"Point","coordinates":[81.13694,25.23861]},"properties":{"udise":"09410501917","name":"RAJ SIKSHA NIKETAN PMV SARAIYAN","state":"UTTAR PRADESH","district":"CHITRAKOOT","block":"MANIKPUR","indicator":"girls_toilet_nonfunctional"}},{"type":"Feature","geometry":{"type":"Point","coordinates":[80.94551,25.27475]},"properties":{"udise":"09410207901","name":"PV CHAK JAFAR","state":"UTTAR PRADESH","district":"CHITRAKOOT","block":"PAHADI","indicator":"girls_toilet_nonfunctional"}},{"type":"Feature","geometry":{"type":"Point","coordinates":[81.265,25.0843]},"properties":{"udise":"09410304102","name":"PV BARGARH-2","state":"UTTAR PRADESH","district":"CHITRAKOOT","block":"MAU","indicator":"girls_toilet_nonfunctional"}},{"type":"Feature","geometry":{"type":"Point","coordinates":[80.5333,25.1646]},"properties":{"udise":"09410101406","name":"LOKHIT PMV SABHAPUR TARAO","state":"UTTAR PRADESH","district":"CHITRAKOOT","block":"CHITRAKOOT","indicator":"girls_toilet_nonfunctional"}},{"type":"Feature","geometry":{"type":"Point","coordinates":[81.32735,25.26342]},"properties":{"udise":"09410300301","name":"PV SURAUNDHA","state":"UTTAR PRADESH","district":"CHITRAKOOT","block":"MAU","indicator":"girls_toilet_nonfunctional"}},{"type":"Feature","geometry":{"type":"Point","coordinates":[80.92025,25.21253]},"properties":{"udise":"09410100401","name":"PV DOMAN KHERA","state":"UTTAR PRADESH","district":"CHITRAKOOT","block":"CHITRAKOOT","indicator":"girls_toilet_nonfunctional"}},{"type":"Feature","geometry":{"type":"Point","coordinates":[80.993,25.30624]},"properties":{"udise":"09410207202","name":"PV KAPANA (MERGED)","state":"UTTAR PRADESH","district":"CHITRAKOOT","block":"PAHADI","indicator":"girls_toilet_nonfunctional"}},{"type":"Feature","geometry":{"type":"Point","coordinates":[81.21292,25.29508]},"properties":{"udise":"09410402504","name":"KANYA PMV CHHEEBON","state":"UTTAR PRADESH","district":"CHITRAKOOT","block":"RAM NAGAR","indicator":"girls_toilet_nonfunctional"}},{"type":"Feature","geometry":{"type":"Point","coordinates":[80.4145,25.1151]},"properties":{"udise":"09410105611","name":"P. R. U. VIDYAPITH GAUSHALA RASIN","state":"UTTAR PRADESH","district":"CHITRAKOOT","block":"CHITRAKOOT","indicator":"girls_toilet_nonfunctional"}},{"type":"Feature","geometry":{"type":"Point","coordinates":[81.2749,25.2415]},"properties":{"udise":"09410600302","name":"M.D. PUBLIC SCHOOL KARWI","state":"UTTAR PRADESH","district":"CHITRAKOOT","block":"CHITRAKOOT (URBAN)","indicator":"girls_toilet_nonfunctional"}},{"type":"Feature","geometry":{"type":"Point","coordinates":[81.47307,25.10977]},"properties":{"udise":"09410304202","name":"COMPOSITE SCHOOL MADAHA","state":"UTTAR PRADESH","district":"CHITRAKOOT","block":"MAU","indicator":"girls_toilet_nonfunctional"}},{"type":"Feature","geometry":{"type":"Point","coordinates":[81.17,25.32947]},"properties":{"udise":"09410402904","name":"PMV TIRMAU","state":"UTTAR PRADESH","district":"CHITRAKOOT","block":"RAM NAGAR","indicator":"girls_toilet_nonfunctional"}},{"type":"Feature","geometry":{"type":"Point","coordinates":[81.2141,25.1809]},"properties":{"udise":"09410300505","name":"PV RAM JANKI SHISHU MANDIR MANDAUR","state":"UTTAR PRADESH","district":"CHITRAKOOT","block":"MAU","indicator":"girls_toilet_nonfunctional"}},{"type":"Feature","geometry":{"type":"Point","coordinates":[81.21315,25.19215]},"properties":{"udise":"09410401611","name":"PMV MAHULIHA","state":"UTTAR PRADESH","district":"CHITRAKOOT","block":"RAM NAGAR","indicator":"girls_toilet_nonfunctional"}},{"type":"Feature","geometry":{"type":"Point","coordinates":[80.5137,25.1111]},"properties":{"udise":"09410600201","name":"SHIVAJI PUBLIC SCHOOL KARWI","state":"UTTAR PRADESH","district":"CHITRAKOOT","block":"CHITRAKOOT (URBAN)","indicator":"girls_toilet_nonfunctional"}},{"type":"Feature","geometry":{"type":"Point","coordinates":[81.36093,25.28919]},"properties":{"udise":"09410300236","name":"PV GERUHA","state":"UTTAR PRADESH","district":"CHITRAKOOT","block":"MAU","indicator":"girls_toilet_nonfunctional"}},{"type":"Feature","geometry":{"type":"Point","coordinates":[80.4333,25.0936]},"properties":{"udise":"09410107604","name":"PV RAMPUR PALDEV","state":"UTTAR PRADESH","district":"CHITRAKOOT","block":"CHITRAKOOT","indicator":"girls_toilet_nonfunctional"}},{"type":"Feature","geometry":{"type":"Point","coordinates":[81.46399,25.16613]},"properties":{"udise":"09410305004","name":"PT DEEN DAYAL UPADHYAY GOVT MODEL I C HARDI KALA CHITRAKOOT","state":"UTTAR PRADESH","district":"CHITRAKOOT","block":"MAU","indicator":"girls_toilet_nonfunctional"}},{"type":"Feature","geometry":{"type":"Point","coordinates":[80.94293,25.43646]},"properties":{"udise":"09410203206","name":"PV CHAMARAN PURWA","state":"UTTAR PRADESH","district":"CHITRAKOOT","block":"PAHADI","indicator":"girls_toilet_nonfunctional"}},{"type":"Feature","geometry":{"type":"Point","coordinates":[80.71991,25.21925]},"properties":{"udise":"09410106902","name":"PV RAULI KALYANPUR-2","state":"UTTAR PRADESH","district":"CHITRAKOOT","block":"CHITRAKOOT","indicator":"girls_toilet_nonfunctional"}},{"type":"Feature","geometry":{"type":"Point","coordinates":[81.04875,25.34345]},"properties":{"udise":"09410206006","name":"K.L.P. MEMORIAL ACADEMY TERA BUJURG","state":"UTTAR PRADESH","district":"CHITRAKOOT","block":"PAHADI","indicator":"girls_toilet_nonfunctional"}},{"type":"Feature","geometry":{"type":"Point","coordinates":[77.88667,29.45028]},"properties":{"udise":"09600710501","name":"PRIMARY SCHOOL BABHAULI","state":"UTTAR PRADESH","district":"DEORIA","block":"RUDRAPUR","indicator":"no_girls_toilet"}},{"type":"Feature","geometry":{"type":"Point","coordinates":[83.8556,26.32597]},"properties":{"udise":"09600407501","name":"PRIMARY SCHOOL  TALADIHA","state":"UTTAR PRADESH","district":"DEORIA","block":"SALIMPUR","indicator":"no_girls_toilet"}},{"type":"Feature","geometry":{"type":"Point","coordinates":[83.71431,26.34029]},"properties":{"udise":"09601709001","name":"P.S.PIPRA PANDEY","state":"UTTAR PRADESH","district":"DEORIA","block":"BARAHAJ","indicator":"no_girls_toilet"}},{"type":"Feature","geometry":{"type":"Point","coordinates":[83.66455,26.48546]},"properties":{"udise":"09600215201","name":"P.S.TARAIN TIWARI TOLA","state":"UTTAR PRADESH","district":"DEORIA","block":"BAITALPUR","indicator":"no_girls_toilet"}},{"type":"Feature","geometry":{"type":"Point","coordinates":[83.86926,26.17276]},"properties":{"udise":"09601708101","name":"PRIMARY SCHOOL MAHUANKUNVAR","state":"UTTAR PRADESH","district":"DEORIA","block":"BARAHAJ","indicator":"no_girls_toilet"}},{"type":"Feature","geometry":{"type":"Point","coordinates":[79.64417,28.84528]},"properties":{"udise":"09600806302","name":"K.PRIMARY SCHOOL AMAVAN PANDAY","state":"UTTAR PRADESH","district":"DEORIA","block":"BHATNI","indicator":"no_girls_toilet"}},{"type":"Feature","geometry":{"type":"Point","coordinates":[83.86922,26.17244]},"properties":{"udise":"09601704604","name":"K.J.H.SCHOOL PAINA","state":"UTTAR PRADESH","district":"DEORIA","block":"BARAHAJ","indicator":"no_girls_toilet"}},{"type":"Feature","geometry":{"type":"Point","coordinates":[82.1935,25.58589]},"properties":{"udise":"09601901008","name":"P.S. BALEPUR SRINAGAR","state":"UTTAR PRADESH","district":"DEORIA","block":"TARAKULAWA","indicator":"no_girls_toilet"}},{"type":"Feature","geometry":{"type":"Point","coordinates":[83.67814,26.50405]},"properties":{"udise":"09600705001","name":"PRIMARY SCHOOL KHOPA","state":"UTTAR PRADESH","district":"DEORIA","block":"RUDRAPUR","indicator":"no_girls_toilet"}},{"type":"Feature","geometry":{"type":"Point","coordinates":[82.65389,25.52694]},"properties":{"udise":"09601902003","name":"R.D.S.H.P.S GOPALPUR","state":"UTTAR PRADESH","district":"DEORIA","block":"TARAKULAWA","indicator":"no_girls_toilet"}},{"type":"Feature","geometry":{"type":"Point","coordinates":[83.91552,26.32414]},"properties":{"udise":"09600402301","name":"PRIMARY SCHOOL  SISWA PANDEY","state":"UTTAR PRADESH","district":"DEORIA","block":"SALIMPUR","indicator":"no_girls_toilet"}},{"type":"Feature","geometry":{"type":"Point","coordinates":[80.95917,28.23556]},"properties":{"udise":"09600101602","name":"COMPOSITE SCHOOL GAHILA DUDHAIL","state":"UTTAR PRADESH","district":"DEORIA","block":"GAURI BAZAR","indicator":"no_girls_toilet"}},{"type":"Feature","geometry":{"type":"Point","coordinates":[83.76329,26.54521]},"properties":{"udise":"09600201001","name":"PRIMARY SCHOOL MUDERA MALL","state":"UTTAR PRADESH","district":"DEORIA","block":"BAITALPUR","indicator":"no_girls_toilet"}},{"type":"Feature","geometry":{"type":"Point","coordinates":[83.77643,26.50226]},"properties":{"udise":"09601502201","name":"PS ABUBAKAR NAGAR","state":"UTTAR PRADESH","district":"DEORIA","block":"DEORIA NAGAR KSHETRA","indicator":"no_girls_toilet"}},{"type":"Feature","geometry":{"type":"Point","coordinates":[83.69052,26.5452]},"properties":{"udise":"09600110501","name":"K.J.H.SCHOOL YAUGIRAJPUR","state":"UTTAR PRADESH","district":"DEORIA","block":"GAURI BAZAR","indicator":"no_girls_toilet"}},{"type":"Feature","geometry":{"type":"Point","coordinates":[82.2979,25.56635]},"properties":{"udise":"09601900603","name":"VIKAS SS UM V TARKULAWA","state":"UTTAR PRADESH","district":"DEORIA","block":"TARAKULAWA","indicator":"no_girls_toilet"}},{"type":"Feature","geometry":{"type":"Point","coordinates":[84.02517,26.23916]},"properties":{"udise":"09601411401","name":"P.S.MANJHARIYA","state":"UTTAR PRADESH","district":"DEORIA","block":"LAR","indicator":"no_girls_toilet"}},{"type":"Feature","geometry":{"type":"Point","coordinates":[83.77331,26.57591]},"properties":{"udise":"09601007002","name":"COMPOSITE SCHOOL  BHAVANI CHAPAR","state":"UTTAR PRADESH","district":"DEORIA","block":"BANAKATA","indicator":"no_girls_toilet"}},{"type":"Feature","geometry":{"type":"Point","coordinates":[83.67357,26.60978]},"properties":{"udise":"09600103801","name":"PRIMARY SCHOOL DEVKUAN","state":"UTTAR PRADESH","district":"DEORIA","block":"GAURI BAZAR","indicator":"no_girls_toilet"}},{"type":"Feature","geometry":{"type":"Point","coordinates":[83.70114,26.3142]},"properties":{"udise":"09601700303","name":"P.S.BIJAULI TIWARI","state":"UTTAR PRADESH","district":"DEORIA","block":"BARAHAJ","indicator":"no_girls_toilet"}},{"type":"Feature","geometry":{"type":"Point","coordinates":[84.00479,26.15668]},"properties":{"udise":"09601403601","name":"PRIMARY SCHOOL HATA","state":"UTTAR PRADESH","district":"DEORIA","block":"LAR","indicator":"no_girls_toilet"}},{"type":"Feature","geometry":{"type":"Point","coordinates":[83.71433,26.46963]},"properties":{"udise":"09600310601","name":"PRIMARY SCHOOL KTARARI","state":"UTTAR PRADESH","district":"DEORIA","block":"DEORIA SADAR","indicator":"no_girls_toilet"}},{"type":"Feature","geometry":{"type":"Point","coordinates":[83.61374,26.37723]},"properties":{"udise":"09600710902","name":"J.H.S. SONBAH","state":"UTTAR PRADESH","district":"DEORIA","block":"RUDRAPUR","indicator":"no_girls_toilet"}},{"type":"Feature","geometry":{"type":"Point","coordinates":[83.73321,26.54852]},"properties":{"udise":"09600207801","name":"PRIMARY SCHOOL BELAHI TIWARI","state":"UTTAR PRADESH","district":"DEORIA","block":"BAITALPUR","indicator":"no_girls_toilet"}},{"type":"Feature","geometry":{"type":"Point","coordinates":[83.98239,26.40025]},"properties":{"udise":"09600806502","name":"BANDHU NATH INTER COLLEGE","state":"UTTAR PRADESH","district":"DEORIA","block":"BHATNI","indicator":"no_girls_toilet"}},{"type":"Feature","geometry":{"type":"Point","coordinates":[83.86888,26.27791]},"properties":{"udise":"09601202811","name":"PRIMARY SCHOOL DHARMANPUR","state":"UTTAR PRADESH","district":"DEORIA","block":"BHAGALPUR","indicator":"no_girls_toilet"}},{"type":"Feature","geometry":{"type":"Point","coordinates":[82.60917,25.52917]},"properties":{"udise":"09601902802","name":"A.J.P.S.BASANTPUR DHUSI","state":"UTTAR PRADESH","district":"DEORIA","block":"TARAKULAWA","indicator":"no_girls_toilet"}},{"type":"Feature","geometry":{"type":"Point","coordinates":[84.03277,26.32772]},"properties":{"udise":"09601104601","name":"PRIMARY SCHOOL BHINDA MISHRA","state":"UTTAR PRADESH","district":"DEORIA","block":"BHATPAR RANI","indicator":"no_girls_toilet"}},{"type":"Feature","geometry":{"type":"Point","coordinates":[79.60056,28.74389]},"properties":{"udise":"09600803914","name":"SHRI SIDDHANATH U.M.V.","state":"UTTAR PRADESH","district":"DEORIA","block":"BHATNI","indicator":"no_girls_toilet"}},{"type":"Feature","geometry":{"type":"Point","coordinates":[83.66163,26.47442]},"properties":{"udise":"09600203703","name":"PS PARDHAN TOLA NAKTAPAR","state":"UTTAR PRADESH","district":"DEORIA","block":"BAITALPUR","indicator":"no_girls_toilet"}},{"type":"Feature","geometry":{"type":"Point","coordinates":[83.8896,26.46059]},"properties":{"udise":"09600315201","name":"P.S.MUSAHR TOLA","state":"UTTAR PRADESH","district":"DEORIA","block":"DEORIA SADAR","indicator":"no_girls_toilet"}},{"type":"Feature","geometry":{"type":"Point","coordinates":[84.06075,26.3188]},"properties":{"udise":"09601102001","name":"PRIMARY SCHOOL BAHLOLWA","state":"UTTAR PRADESH","district":"DEORIA","block":"BHATPAR RANI","indicator":"no_girls_toilet"}},{"type":"Feature","geometry":{"type":"Point","coordinates":[83.86138,26.55743]},"properties":{"udise":"09601905502","name":"COMPOSITE SCHOOL MATHURA CHAPAR","state":"UTTAR PRADESH","district":"DEORIA","block":"TARAKULAWA","indicator":"no_girls_toilet"}},{"type":"Feature","geometry":{"type":"Point","coordinates":[84.00946,26.32841]},"properties":{"udise":"09601107502","name":"COMPOSITE SCHOOL BANKATA SHAMBHU","state":"UTTAR PRADESH","district":"DEORIA","block":"BHATPAR RANI","indicator":"no_girls_toilet"}},{"type":"Feature","geometry":{"type":"Point","coordinates":[84.01342,26.24651]},"properties":{"udise":"09601405702","name":"A.J.P.S.KATHAUDI","state":"UTTAR PRADESH","district":"DEORIA","block":"LAR","indicator":"no_girls_toilet"}},{"type":"Feature","geometry":{"type":"Point","coordinates":[77.49028,29.36583]},"properties":{"udise":"09600702601","name":"PRIMARY SCHOOL PACHMA","state":"UTTAR PRADESH","district":"DEORIA","block":"RUDRAPUR","indicator":"no_girls_toilet"}},{"type":"Feature","geometry":{"type":"Point","coordinates":[82.36889,25.8725]},"properties":{"udise":"09601502702","name":"NAVIN PRI. SCH. TAU.CALONI","state":"UTTAR PRADESH","district":"DEORIA","block":"DEORIA NAGAR KSHETRA","indicator":"no_girls_toilet"}},{"type":"Feature","geometry":{"type":"Point","coordinates":[83.99079,26.28994]},"properties":{"udise":"09601100403","name":"PRIMARY SCHOOL BHARHAKLAWAT","state":"UTTAR PRADESH","district":"DEORIA","block":"BHATPAR RANI","indicator":"no_girls_toilet"}},{"type":"Feature","geometry":{"type":"Point","coordinates":[83.93258,26.3566]},"properties":{"udise":"09600409702","name":"J.H..S.KODARA THAKUR","state":"UTTAR PRADESH","district":"DEORIA","block":"SALIMPUR","indicator":"no_girls_toilet"}},{"type":"Feature","geometry":{"type":"Point","coordinates":[83.84283,26.58673]},"properties":{"udise":"09601904802","name":"J.H.S. KOTWAN","state":"UTTAR PRADESH","district":"DEORIA","block":"TARAKULAWA","indicator":"no_girls_toilet"}},{"type":"Feature","geometry":{"type":"Point","coordinates":[84.10301,26.25551]},"properties":{"udise":"09601008802","name":"PRIMARY SCHOOL GULHAN","state":"UTTAR PRADESH","district":"DEORIA","block":"BANAKATA","indicator":"no_girls_toilet"}},{"type":"Feature","geometry":{"type":"Point","coordinates":[83.97726,26.17173]},"properties":{"udise":"09601406902","name":"J H S SARAIYA","state":"UTTAR PRADESH","district":"DEORIA","block":"LAR","indicator":"no_girls_toilet"}},{"type":"Feature","geometry":{"type":"Point","coordinates":[83.7816,26.28709]},"properties":{"udise":"09601200501","name":"PRIMARY SCHOOL  PIPRA BHOOLI","state":"UTTAR PRADESH","district":"DEORIA","block":"BHAGALPUR","indicator":"no_girls_toilet"}},{"type":"Feature","geometry":{"type":"Point","coordinates":[83.6636,26.32623]},"properties":{"udise":"09601706301","name":"PRIMARY SCHOOL FAKAIPUR","state":"UTTAR PRADESH","district":"DEORIA","block":"BARAHAJ","indicator":"no_girls_toilet"}},{"type":"Feature","geometry":{"type":"Point","coordinates":[82.30861,25.8925]},"properties":{"udise":"09601500201","name":"ANU.JATI PRI.SCH. BHARAULI BAZ","state":"UTTAR PRADESH","district":"DEORIA","block":"DEORIA NAGAR KSHETRA","indicator":"no_girls_toilet"}},{"type":"Feature","geometry":{"type":"Point","coordinates":[83.6352,26.36743]},"properties":{"udise":"09600702803","name":"S.S.M.MADANPUR","state":"UTTAR PRADESH","district":"DEORIA","block":"RUDRAPUR","indicator":"no_girls_toilet"}},{"type":"Feature","geometry":{"type":"Point","coordinates":[77.46944,29.28722]},"properties":{"udise":"09600710201","name":"PRIMARY SCHOOL KASHIPUR","state":"UTTAR PRADESH","district":"DEORIA","block":"RUDRAPUR","indicator":"no_girls_toilet"}},{"type":"Feature","geometry":{"type":"Point","coordinates":[83.79011,26.50955]},"properties":{"udise":"09601502401","name":"COMPOSITE SCHOOL MAHARANA. PRATAP","state":"UTTAR PRADESH","district":"DEORIA","block":"DEORIA NAGAR KSHETRA","indicator":"no_girls_toilet"}},{"type":"Feature","geometry":{"type":"Point","coordinates":[83.62722,27.42917]},"properties":{"udise":"09600512802","name":"SRI V.N S.K.L.M.V.RAMPU AVSATI","state":"UTTAR PRADESH","district":"DEORIA","block":"PATTHRDEVA","indicator":"no_girls_toilet"}},{"type":"Feature","geometry":{"type":"Point","coordinates":[83.70912,26.33779]},"properties":{"udise":"09601205101","name":"PRIMARY SCHOOL SHUKLAPURA","state":"UTTAR PRADESH","district":"DEORIA","block":"BHAGALPUR","indicator":"no_girls_toilet"}},{"type":"Feature","geometry":{"type":"Point","coordinates":[82.58556,25.60611]},"properties":{"udise":"09601904801","name":"P.S. KOTWAN","state":"UTTAR PRADESH","district":"DEORIA","block":"TARAKULAWA","indicator":"no_girls_toilet"}},{"type":"Feature","geometry":{"type":"Point","coordinates":[84.04614,26.27925]},"properties":{"udise":"09601107901","name":"PRIMARY SCHOOL HATA POKHARA","state":"UTTAR PRADESH","district":"DEORIA","block":"BHATPAR RANI","indicator":"no_girls_toilet"}},{"type":"Feature","geometry":{"type":"Point","coordinates":[83.80037,26.2527]},"properties":{"udise":"09601209401","name":"P.S. DUMARIYA KOL","state":"UTTAR PRADESH","district":"DEORIA","block":"BHAGALPUR","indicator":"no_girls_toilet"}},{"type":"Feature","geometry":{"type":"Point","coordinates":[83.6739,26.30501]},"properties":{"udise":"09601701901","name":"PRIMARY SCHOOL PARSIYA TIWARI","state":"UTTAR PRADESH","district":"DEORIA","block":"BARAHAJ","indicator":"no_girls_toilet"}},{"type":"Feature","geometry":{"type":"Point","coordinates":[83.92965,26.20488]},"properties":{"udise":"09601404702","name":"J.H.S. HARKHAULI","state":"UTTAR PRADESH","district":"DEORIA","block":"LAR","indicator":"no_girls_toilet"}},{"type":"Feature","geometry":{"type":"Point","coordinates":[83.9872,26.27889]},"properties":{"udise":"09600402502","name":"J.H.S.NAD GHAAT","state":"UTTAR PRADESH","district":"DEORIA","block":"SALIMPUR","indicator":"no_girls_toilet"}},{"type":"Feature","geometry":{"type":"Point","coordinates":[83.76493,26.45872]},"properties":{"udise":"09600308701","name":"PRIMARY SCHOOL VARSATH","state":"UTTAR PRADESH","district":"DEORIA","block":"DEORIA SADAR","indicator":"no_girls_toilet"}},{"type":"Feature","geometry":{"type":"Point","coordinates":[83.9102,26.35519]},"properties":{"udise":"09600408301","name":"PRIMARY SCHOOL PRSIYA ABHILASH","state":"UTTAR PRADESH","district":"DEORIA","block":"SALIMPUR","indicator":"no_girls_toilet"}},{"type":"Feature","geometry":{"type":"Point","coordinates":[83.86219,26.37267]},"properties":{"udise":"09600400701","name":"PRIMARY SCHOOL  KOLA","state":"UTTAR PRADESH","district":"DEORIA","block":"SALIMPUR","indicator":"no_girls_toilet"}},{"type":"Feature","geometry":{"type":"Point","coordinates":[82.63444,25.575]},"properties":{"udise":"09601903503","name":"SHRI Y.S.S.PATSHSLA MATHIYA SHUKL","state":"UTTAR PRADESH","district":"DEORIA","block":"TARAKULAWA","indicator":"no_girls_toilet"}},{"type":"Feature","geometry":{"type":"Point","coordinates":[83.68088,26.36153]},"properties":{"udise":"09601709201","name":"P.S. SARAYAN TOLA","state":"UTTAR PRADESH","district":"DEORIA","block":"BARAHAJ","indicator":"no_girls_toilet"}},{"type":"Feature","geometry":{"type":"Point","coordinates":[83.50806,26.91639]},"properties":{"udise":"09600406506","name":"ANJUMAN ISLAMIA MADARSA P.S. TILAULI","state":"UTTAR PRADESH","district":"DEORIA","block":"SALIMPUR","indicator":"no_girls_toilet"}},{"type":"Feature","geometry":{"type":"Point","coordinates":[78.15333,29.67278]},"properties":{"udise":"09600209101","name":"A.J.P.S. MISHRAULIYA","state":"UTTAR PRADESH","district":"DEORIA","block":"BAITALPUR","indicator":"no_girls_toilet"}},{"type":"Feature","geometry":{"type":"Point","coordinates":[83.76523,26.45228]},"properties":{"udise":"09600300701","name":"PRIMARY SCHOOL SONUGHAT","state":"UTTAR PRADESH","district":"DEORIA","block":"DEORIA SADAR","indicator":"no_girls_toilet"}},{"type":"Feature","geometry":{"type":"Point","coordinates":[77.87,29.45111]},"properties":{"udise":"09600710504","name":"P.S. SARAYA","state":"UTTAR PRADESH","district":"DEORIA","block":"RUDRAPUR","indicator":"no_girls_toilet"}},{"type":"Feature","geometry":{"type":"Point","coordinates":[83.50954,26.43742]},"properties":{"udise":"09600705801","name":"PRIMARY SCHOOL SARAV BUJURG","state":"UTTAR PRADESH","district":"DEORIA","block":"RUDRAPUR","indicator":"no_girls_toilet"}},{"type":"Feature","geometry":{"type":"Point","coordinates":[83.62997,26.47888]},"properties":{"udise":"09600708402","name":"JR. HIGH SCHOOL SACHAULI PATAV","state":"UTTAR PRADESH","district":"DEORIA","block":"RUDRAPUR","indicator":"no_girls_toilet"}},{"type":"Feature","geometry":{"type":"Point","coordinates":[82.21653,25.70986]},"properties":{"udise":"09601803904","name":"ADARSH GRAM U.MA VID BARWA MEER CHHAPAR","state":"UTTAR PRADESH","district":"DEORIA","block":"DESAHI DEORIA","indicator":"girls_toilet_nonfunctional"}},{"type":"Feature","geometry":{"type":"Point","coordinates":[83.08333,26.91667]},"properties":{"udise":"09600105901","name":"PRIMARY SCHOOL PARSIYA UTTRI","state":"UTTAR PRADESH","district":"DEORIA","block":"GAURI BAZAR","indicator":"girls_toilet_nonfunctional"}},{"type":"Feature","geometry":{"type":"Point","coordinates":[83.76935,26.61869]},"properties":{"udise":"09600208101","name":"PRIMARY SCHOOL MAHUADIH","state":"UTTAR PRADESH","district":"DEORIA","block":"BAITALPUR","indicator":"girls_toilet_nonfunctional"}},{"type":"Feature","geometry":{"type":"Point","coordinates":[83.92705,26.15039]},"properties":{"udise":"09601407502","name":"J.H.S. MAJHWALIYA 3","state":"UTTAR PRADESH","district":"DEORIA","block":"LAR","indicator":"girls_toilet_nonfunctional"}},{"type":"Feature","geometry":{"type":"Point","coordinates":[77.91306,29.46833]},"properties":{"udise":"09600905401","name":"PRIMARY SCHOOL  MUJAHANA LALA","state":"UTTAR PRADESH","district":"DEORIA","block":"RAMPUR KARKHANA","indicator":"girls_toilet_nonfunctional"}},{"type":"Feature","geometry":{"type":"Point","coordinates":[83.93514,26.16604]},"properties":{"udise":"09601406901","name":"PRIMARY SCHOOL KAUSAD","state":"UTTAR PRADESH","district":"DEORIA","block":"LAR","indicator":"girls_toilet_nonfunctional"}},{"type":"Feature","geometry":{"type":"Point","coordinates":[83.9563,26.20308]},"properties":{"udise":"09601407202","name":"COMPOSITE SCHOOL CHAUMUKHA","state":"UTTAR PRADESH","district":"DEORIA","block":"LAR","indicator":"girls_toilet_nonfunctional"}},{"type":"Feature","geometry":{"type":"Point","coordinates":[82.60889,25.52361]},"properties":{"udise":"09601902801","name":"SAHID RAMCHAND I.COLL BASANTPU","state":"UTTAR PRADESH","district":"DEORIA","block":"TARAKULAWA","indicator":"girls_toilet_nonfunctional"}},{"type":"Feature","geometry":{"type":"Point","coordinates":[83.88192,26.35849]},"properties":{"udise":"09600409401","name":"PRIMARY SCHOOL BADPURVA","state":"UTTAR PRADESH","district":"DEORIA","block":"SALIMPUR","indicator":"girls_toilet_nonfunctional"}},{"type":"Feature","geometry":{"type":"Point","coordinates":[83.95425,26.18017]},"properties":{"udise":"09601409901","name":"PRIMARY SCHOOL PATKHAULI","state":"UTTAR PRADESH","district":"DEORIA","block":"LAR","indicator":"girls_toilet_nonfunctional"}},{"type":"Feature","geometry":{"type":"Point","coordinates":[83.94235,26.15259]},"properties":{"udise":"09601408301","name":"PRIMARY SCHOOL PHRIYANDIH","state":"UTTAR PRADESH","district":"DEORIA","block":"LAR","indicator":"girls_toilet_nonfunctional"}},{"type":"Feature","geometry":{"type":"Point","coordinates":[83.86926,26.17276]},"properties":{"udise":"09601707801","name":"PRIMARY SCHOOL AKDANGA","state":"UTTAR PRADESH","district":"DEORIA","block":"BARAHAJ","indicator":"girls_toilet_nonfunctional"}},{"type":"Feature","geometry":{"type":"Point","coordinates":[83.9104,26.21486]},"properties":{"udise":"09601404102","name":"COMPOSITE SCHOOL RAWATPAR PANDEY","state":"UTTAR PRADESH","district":"DEORIA","block":"LAR","indicator":"girls_toilet_nonfunctional"}},{"type":"Feature","geometry":{"type":"Point","coordinates":[84.07801,26.29282]},"properties":{"udise":"09601100207","name":"PRIMARY SCHOOL MAHUWABARI","state":"UTTAR PRADESH","district":"DEORIA","block":"BHATPAR RANI","indicator":"girls_toilet_nonfunctional"}},{"type":"Feature","geometry":{"type":"Point","coordinates":[84.00879,26.21956]},"properties":{"udise":"09601400601","name":"PRIMARY SCHOOL PATANEJI","state":"UTTAR PRADESH","district":"DEORIA","block":"LAR","indicator":"girls_toilet_nonfunctional"}},{"type":"Feature","geometry":{"type":"Point","coordinates":[83.89707,26.14043]},"properties":{"udise":"09601408803","name":"S.S.D.H.P.V.SAHIYAGADH","state":"UTTAR PRADESH","district":"DEORIA","block":"LAR","indicator":"girls_toilet_nonfunctional"}},{"type":"Feature","geometry":{"type":"Point","coordinates":[83.96261,26.22623]},"properties":{"udise":"09601405902","name":"J.H.S.NAINI DAINI","state":"UTTAR PRADESH","district":"DEORIA","block":"LAR","indicator":"girls_toilet_nonfunctional"}},{"type":"Feature","geometry":{"type":"Point","coordinates":[83.59655,26.49307]},"properties":{"udise":"09600702602","name":"P.S. JANGAL LALPUR","state":"UTTAR PRADESH","district":"DEORIA","block":"RUDRAPUR","indicator":"girls_toilet_nonfunctional"}},{"type":"Feature","geometry":{"type":"Point","coordinates":[83.83961,26.70794]},"properties":{"udise":"09601800802","name":"COMPOSITE SCHOOL KOTAWA BAVAN M","state":"UTTAR PRADESH","district":"DEORIA","block":"DESAHI DEORIA","indicator":"girls_toilet_nonfunctional"}},{"type":"Feature","geometry":{"type":"Point","coordinates":[82.30904,25.69389]},"properties":{"udise":"09601801403","name":"SRI KANHAIYA RAMKRIPAL PANDAY URF DADHI BABA SHIKSHAN SANSTHAN  DHAMAUR","state":"UTTAR PRADESH","district":"DEORIA","block":"DESAHI DEORIA","indicator":"girls_toilet_nonfunctional"}},{"type":"Feature","geometry":{"type":"Point","coordinates":[83.89671,26.19584]},"properties":{"udise":"09601202002","name":"COMPOSITE SCHOOL ESARU","state":"UTTAR PRADESH","district":"DEORIA","block":"BHAGALPUR","indicator":"girls_toilet_nonfunctional"}},{"type":"Feature","geometry":{"type":"Point","coordinates":[83.74704,26.38702]},"properties":{"udise":"09600603601","name":"PRIMARY SCHOOL SHIVADHARIYA","state":"UTTAR PRADESH","district":"DEORIA","block":"BHLUANI","indicator":"girls_toilet_nonfunctional"}},{"type":"Feature","geometry":{"type":"Point","coordinates":[83.90648,26.35156]},"properties":{"udise":"09600409302","name":"J.H.S.PADARI BANMALI","state":"UTTAR PRADESH","district":"DEORIA","block":"SALIMPUR","indicator":"girls_toilet_nonfunctional"}},{"type":"Feature","geometry":{"type":"Point","coordinates":[84.0264,26.40642]},"properties":{"udise":"09601100901","name":"PRIMARY SCHOOL VISHAMBHARPUR","state":"UTTAR PRADESH","district":"DEORIA","block":"BHATPAR RANI","indicator":"girls_toilet_nonfunctional"}},{"type":"Feature","geometry":{"type":"Point","coordinates":[83.95872,26.22021]},"properties":{"udise":"09601410101","name":"PRIMARY SCHOOL BHAISHI","state":"UTTAR PRADESH","district":"DEORIA","block":"LAR","indicator":"girls_toilet_nonfunctional"}},{"type":"Feature","geometry":{"type":"Point","coordinates":[84.04614,26.27925]},"properties":{"udise":"09601105807","name":"PRIMARY SCHOOL  AITHI","state":"UTTAR PRADESH","district":"DEORIA","block":"BHATPAR RANI","indicator":"girls_toilet_nonfunctional"}},{"type":"Feature","geometry":{"type":"Point","coordinates":[83.7151,26.62593]},"properties":{"udise":"09600104701","name":"PRIMARY SCHOOL  KHAIRABANUWA","state":"UTTAR PRADESH","district":"DEORIA","block":"GAURI BAZAR","indicator":"girls_toilet_nonfunctional"}},{"type":"Feature","geometry":{"type":"Point","coordinates":[83.916,26.31787]},"properties":{"udise":"09600412501","name":"P.S.SISAWAN DIXIT","state":"UTTAR PRADESH","district":"DEORIA","block":"SALIMPUR","indicator":"girls_toilet_nonfunctional"}},{"type":"Feature","geometry":{"type":"Point","coordinates":[82.22469,25.68875]},"properties":{"udise":"09601808202","name":"HARIJAN P.S. BHUJOULI","state":"UTTAR PRADESH","district":"DEORIA","block":"DESAHI DEORIA","indicator":"girls_toilet_nonfunctional"}},{"type":"Feature","geometry":{"type":"Point","coordinates":[84.01324,26.2586]},"properties":{"udise":"09601409702","name":"COMPOSITE SCHOOL MAHUJA","state":"UTTAR PRADESH","district":"DEORIA","block":"LAR","indicator":"girls_toilet_nonfunctional"}},{"type":"Feature","geometry":{"type":"Point","coordinates":[83.94948,26.57633]},"properties":{"udise":"09600502101","name":"PRIMARY SCHOOL  VARAVA TOLA","state":"UTTAR PRADESH","district":"DEORIA","block":"PATTHRDEVA","indicator":"girls_toilet_nonfunctional"}},{"type":"Feature","geometry":{"type":"Point","coordinates":[83.71588,26.6833]},"properties":{"udise":"09600109702","name":"J.H.S.CHAMPAPUR PARASIYA","state":"UTTAR PRADESH","district":"DEORIA","block":"GAURI BAZAR","indicator":"girls_toilet_nonfunctional"}},{"type":"Feature","geometry":{"type":"Point","coordinates":[83.96765,26.20257]},"properties":{"udise":"09601408601","name":"PRIMARY SCHOOL BAULI LAR","state":"UTTAR PRADESH","district":"DEORIA","block":"LAR","indicator":"girls_toilet_nonfunctional"}},{"type":"Feature","geometry":{"type":"Point","coordinates":[83.82732,26.45486]},"properties":{"udise":"09600303301","name":"PRIMARY SCHOOL AHILYAPUR","state":"UTTAR PRADESH","district":"DEORIA","block":"DEORIA SADAR","indicator":"girls_toilet_nonfunctional"}},{"type":"Feature","geometry":{"type":"Point","coordinates":[79.62167,28.80222]},"properties":{"udise":"09600803801","name":"PRIMARY SCHOOL  BANAKATA SHIV","state":"UTTAR PRADESH","district":"DEORIA","block":"BHATNI","indicator":"girls_toilet_nonfunctional"}},{"type":"Feature","geometry":{"type":"Point","coordinates":[82.19341,25.65146]},"properties":{"udise":"09601900212","name":"JANTA I.C. TARAKULWA","state":"UTTAR PRADESH","district":"DEORIA","block":"TARAKULAWA","indicator":"girls_toilet_nonfunctional"}},{"type":"Feature","geometry":{"type":"Point","coordinates":[83.68011,26.64844]},"properties":{"udise":"09600106801","name":"PRIMARY SCHOOL SIRISIYA PAND3","state":"UTTAR PRADESH","district":"DEORIA","block":"GAURI BAZAR","indicator":"girls_toilet_nonfunctional"}},{"type":"Feature","geometry":{"type":"Point","coordinates":[82.60583,25.60472]},"properties":{"udise":"09601905403","name":"KISAN INTER COLLEGE","state":"UTTAR PRADESH","district":"DEORIA","block":"TARAKULAWA","indicator":"girls_toilet_nonfunctional"}},{"type":"Feature","geometry":{"type":"Point","coordinates":[83.71142,26.684]},"properties":{"udise":"09600109704","name":"P S CHAMPAPUR","state":"UTTAR PRADESH","district":"DEORIA","block":"GAURI BAZAR","indicator":"girls_toilet_nonfunctional"}},{"type":"Feature","geometry":{"type":"Point","coordinates":[83.92913,26.20532]},"properties":{"udise":"09601404701","name":"PRIMARY SCHOOL HARKHAULI","state":"UTTAR PRADESH","district":"DEORIA","block":"LAR","indicator":"girls_toilet_nonfunctional"}},{"type":"Feature","geometry":{"type":"Point","coordinates":[83.77013,26.31369]},"properties":{"udise":"09600601004","name":"COMPOSITE SCHOOL FOOLWARIYA PANDEY","state":"UTTAR PRADESH","district":"DEORIA","block":"BHLUANI","indicator":"girls_toilet_nonfunctional"}},{"type":"Feature","geometry":{"type":"Point","coordinates":[83.93484,26.17792]},"properties":{"udise":"09601401501","name":"PRIMARY SCHOOL JNUWAN","state":"UTTAR PRADESH","district":"DEORIA","block":"LAR","indicator":"girls_toilet_nonfunctional"}},{"type":"Feature","geometry":{"type":"Point","coordinates":[83.55051,26.45282]},"properties":{"udise":"09600706401","name":"PRIMARY SCHOOL ESHAVARPURA","state":"UTTAR PRADESH","district":"DEORIA","block":"RUDRAPUR","indicator":"girls_toilet_nonfunctional"}},{"type":"Feature","geometry":{"type":"Point","coordinates":[83.61167,26.96556]},"properties":{"udise":"09600405614","name":"PURVANCHAL PUBLIC INTER COLLEGE","state":"UTTAR PRADESH","district":"DEORIA","block":"SALIMPUR","indicator":"girls_toilet_nonfunctional"}},{"type":"Feature","geometry":{"type":"Point","coordinates":[83.94048,26.39689]},"properties":{"udise":"09600801501","name":"PRIMARY SCHOOL  VAIDH MISHRAUL","state":"UTTAR PRADESH","district":"DEORIA","block":"BHATNI","indicator":"girls_toilet_nonfunctional"}},{"type":"Feature","geometry":{"type":"Point","coordinates":[83.96392,26.19769]},"properties":{"udise":"09601409501","name":"PRIMARY SCHOOL BAULI PIPRA","state":"UTTAR PRADESH","district":"DEORIA","block":"LAR","indicator":"girls_toilet_nonfunctional"}},{"type":"Feature","geometry":{"type":"Point","coordinates":[82.2284,25.6241]},"properties":{"udise":"09601900501","name":"P.S. SARAINI","state":"UTTAR PRADESH","district":"DEORIA","block":"TARAKULAWA","indicator":"girls_toilet_nonfunctional"}},{"type":"Feature","geometry":{"type":"Point","coordinates":[83.93061,26.31888]},"properties":{"udise":"09600401004","name":"BABA S.L.M.S.S. VARSIPAR","state":"UTTAR PRADESH","district":"DEORIA","block":"SALIMPUR","indicator":"girls_toilet_nonfunctional"}},{"type":"Feature","geometry":{"type":"Point","coordinates":[83.00778,25.39611]},"properties":{"udise":"09601400704","name":"P.S. BALUWA GAURI","state":"UTTAR PRADESH","district":"DEORIA","block":"LAR","indicator":"girls_toilet_nonfunctional"}},{"type":"Feature","geometry":{"type":"Point","coordinates":[83.62997,26.43667]},"properties":{"udise":"09600209204","name":"P S KEWTAN TOLA","state":"UTTAR PRADESH","district":"DEORIA","block":"BAITALPUR","indicator":"girls_toilet_nonfunctional"}},{"type":"Feature","geometry":{"type":"Point","coordinates":[83.58428,26.50835]},"properties":{"udise":"09600701602","name":"PRIMARY SCHOOL KANHAULI","state":"UTTAR PRADESH","district":"DEORIA","block":"RUDRAPUR","indicator":"girls_toilet_nonfunctional"}},{"type":"Feature","geometry":{"type":"Point","coordinates":[83.63083,26.96639]},"properties":{"udise":"09600405616","name":"MATA NIRMALA DEVI MATA RAJMATI H.S.SCHOOL","state":"UTTAR PRADESH","district":"DEORIA","block":"SALIMPUR","indicator":"girls_toilet_nonfunctional"}},{"type":"Feature","geometry":{"type":"Point","coordinates":[82.59639,25.51889]},"properties":{"udise":"09601903705","name":"KISAN I.C. NARAYANPUR BANJARIYA","state":"UTTAR PRADESH","district":"DEORIA","block":"TARAKULAWA","indicator":"girls_toilet_nonfunctional"}},{"type":"Feature","geometry":{"type":"Point","coordinates":[83.42722,26.97861]},"properties":{"udise":"09600405503","name":"S.P.T H.S.SCHOOL SAHALA","state":"UTTAR PRADESH","district":"DEORIA","block":"SALIMPUR","indicator":"girls_toilet_nonfunctional"}},{"type":"Feature","geometry":{"type":"Point","coordinates":[82.27594,25.57498]},"properties":{"udise":"09601900205","name":"PUNIT S. SANSATHAN TARAKULW","state":"UTTAR PRADESH","district":"DEORIA","block":"TARAKULAWA","indicator":"girls_toilet_nonfunctional"}},{"type":"Feature","geometry":{"type":"Point","coordinates":[83.61838,26.40761]},"properties":{"udise":"09600702403","name":"UPS KHORMA","state":"UTTAR PRADESH","district":"DEORIA","block":"RUDRAPUR","indicator":"girls_toilet_nonfunctional"}},{"type":"Feature","geometry":{"type":"Point","coordinates":[83.99881,26.32443]},"properties":{"udise":"09600804403","name":"P.S. CHAPARA TOLA","state":"UTTAR PRADESH","district":"DEORIA","block":"BHATNI","indicator":"girls_toilet_nonfunctional"}},{"type":"Feature","geometry":{"type":"Point","coordinates":[83.70987,26.46032]},"properties":{"udise":"09600203201","name":"PRIMARY SCHOOL USARA BAZAR","state":"UTTAR PRADESH","district":"DEORIA","block":"BAITALPUR","indicator":"girls_toilet_nonfunctional"}},{"type":"Feature","geometry":{"type":"Point","coordinates":[78.90644,28.64658]},"properties":{"udise":"09600802208","name":"INDRASAN SHIXSHA S.INTER COLL DEMUSA","state":"UTTAR PRADESH","district":"DEORIA","block":"BHATNI","indicator":"girls_toilet_nonfunctional"}},{"type":"Feature","geometry":{"type":"Point","coordinates":[84.05157,26.25797]},"properties":{"udise":"09601111401","name":"P.S.GOSAI TOLA","state":"UTTAR PRADESH","district":"DEORIA","block":"BHATPAR RANI","indicator":"girls_toilet_nonfunctional"}},{"type":"Feature","geometry":{"type":"Point","coordinates":[82.38139,25.82778]},"properties":{"udise":"09601600201","name":"PRIMARY SCHOOL  PURANA BARAHAJ","state":"UTTAR PRADESH","district":"DEORIA","block":"BARAHAJ NAGAR KSHETRA","indicator":"girls_toilet_nonfunctional"}},{"type":"Feature","geometry":{"type":"Point","coordinates":[77.45667,29.25556]},"properties":{"udise":"09600709302","name":"P.S. DAHARAULI KHURD","state":"UTTAR PRADESH","district":"DEORIA","block":"RUDRAPUR","indicator":"girls_toilet_nonfunctional"}},{"type":"Feature","geometry":{"type":"Point","coordinates":[83.77577,26.41295]},"properties":{"udise":"09600310501","name":"PRIMARY SCHOOL  CHAUMUKHA","state":"UTTAR PRADESH","district":"DEORIA","block":"DEORIA SADAR","indicator":"girls_toilet_nonfunctional"}},{"type":"Feature","geometry":{"type":"Point","coordinates":[79.39139,28.78139]},"properties":{"udise":"09600804401","name":"PRIMARY SCHOOL NONAPAR","state":"UTTAR PRADESH","district":"DEORIA","block":"BHATNI","indicator":"girls_toilet_nonfunctional"}},{"type":"Feature","geometry":{"type":"Point","coordinates":[83.36667,26.96917]},"properties":{"udise":"09600404903","name":"YAUGIRAJ D.B.H.P.S.MUSAELA KHU","state":"UTTAR PRADESH","district":"DEORIA","block":"SALIMPUR","indicator":"girls_toilet_nonfunctional"}},{"type":"Feature","geometry":{"type":"Point","coordinates":[78.40443,27.44327]},"properties":{"udise":"09170300612","name":"UPS AWAGARH","state":"UTTAR PRADESH","district":"ETAH","block":"AWAGARH","indicator":"no_girls_toilet"}},{"type":"Feature","geometry":{"type":"Point","coordinates":[78.80097,27.39175]},"properties":{"udise":"09171204203","name":"UPS KAREEMPUR","state":"UTTAR PRADESH","district":"ETAH","block":"SAKEET","indicator":"no_girls_toilet"}},{"type":"Feature","geometry":{"type":"Point","coordinates":[78.73038,27.46996]},"properties":{"udise":"09171206002","name":"K P S KABAR","state":"UTTAR PRADESH","district":"ETAH","block":"SAKEET","indicator":"no_girls_toilet"}},{"type":"Feature","geometry":{"type":"Point","coordinates":[78.6498,27.551]},"properties":{"udise":"09171600107","name":"CHRISTIAN AGRI INTER COLLEGE ETAH","state":"UTTAR PRADESH","district":"ETAH","block":"ETAH (URBAN)","indicator":"no_girls_toilet"}},{"type":"Feature","geometry":{"type":"Point","coordinates":[78.8788,27.53502]},"properties":{"udise":"09171301506","name":"SHRI.B.S.B.INTER COLLEGE","state":"UTTAR PRADESH","district":"ETAH","block":"SHEETAL PUR","indicator":"no_girls_toilet"}},{"type":"Feature","geometry":{"type":"Point","coordinates":[79.06321,27.46229]},"properties":{"udise":"09170509301","name":"P S NAGALA PARAS RAM","state":"UTTAR PRADESH","district":"ETAH","block":"JAITHARA","indicator":"no_girls_toilet"}},{"type":"Feature","geometry":{"type":"Point","coordinates":[78.93778,27.55392]},"properties":{"udise":"09170506320","name":"DR. R.K.S. PUBLIC SCHOOL PS DHUMARI","state":"UTTAR PRADESH","district":"ETAH","block":"JAITHARA","indicator":"no_girls_toilet"}},{"type":"Feature","geometry":{"type":"Point","coordinates":[78.50137,27.6156]},"properties":{"udise":"09170904501","name":"P S RAMPUR","state":"UTTAR PRADESH","district":"ETAH","block":"NIDHAULI KALAN","indicator":"no_girls_toilet"}},{"type":"Feature","geometry":{"type":"Point","coordinates":[79.02277,27.50546]},"properties":{"udise":"09170500120","name":"UPS AMRITPUR (BHAVKARIYA)","state":"UTTAR PRADESH","district":"ETAH","block":"JAITHARA","indicator":"no_girls_toilet"}},{"type":"Feature","geometry":{"type":"Point","coordinates":[78.671,27.608]},"properties":{"udise":"09170808002","name":"AMRTI DEVI MEMORIAL HIGHER SECONDARY SCHOOL","state":"UTTAR PRADESH","district":"ETAH","block":"MARHARA","indicator":"no_girls_toilet"}},{"type":"Feature","geometry":{"type":"Point","coordinates":[79.25724,27.37962]},"properties":{"udise":"09170109203","name":"PS VUNAURA","state":"UTTAR PRADESH","district":"ETAH","block":"ALIGANJ","indicator":"no_girls_toilet"}},{"type":"Feature","geometry":{"type":"Point","coordinates":[79.18018,27.49917]},"properties":{"udise":"09170102302","name":"UPS PACHANDA","state":"UTTAR PRADESH","district":"ETAH","block":"ALIGANJ","indicator":"no_girls_toilet"}},{"type":"Feature","geometry":{"type":"Point","coordinates":[78.6022,27.64966]},"properties":{"udise":"09170901903","name":"PS KHARAGPUR","state":"UTTAR PRADESH","district":"ETAH","block":"NIDHAULI KALAN","indicator":"no_girls_toilet"}},{"type":"Feature","geometry":{"type":"Point","coordinates":[79.22086,27.43335]},"properties":{"udise":"09170109504","name":"SMT KRISHNA DEVI PS UBHI ROAD VITHRA","state":"UTTAR PRADESH","district":"ETAH","block":"ALIGANJ","indicator":"no_girls_toilet"}},{"type":"Feature","geometry":{"type":"Point","coordinates":[78.73817,27.45067]},"properties":{"udise":"09171212301","name":"UPS BAHLOLPUR","state":"UTTAR PRADESH","district":"ETAH","block":"SAKEET","indicator":"no_girls_toilet"}},{"type":"Feature","geometry":{"type":"Point","coordinates":[78.48197,27.52901]},"properties":{"udise":"09170912503","name":"PS SHAHPUR","state":"UTTAR PRADESH","district":"ETAH","block":"NIDHAULI KALAN","indicator":"no_girls_toilet"}},{"type":"Feature","geometry":{"type":"Point","coordinates":[79.24263,27.38101]},"properties":{"udise":"09170113502","name":"K P S NAYAGAON","state":"UTTAR PRADESH","district":"ETAH","block":"ALIGANJ","indicator":"no_girls_toilet"}},{"type":"Feature","geometry":{"type":"Point","coordinates":[78.71435,27.41866]},"properties":{"udise":"09171203701","name":"P S VAHID BIBIPUR","state":"UTTAR PRADESH","district":"ETAH","block":"SAKEET","indicator":"no_girls_toilet"}},{"type":"Feature","geometry":{"type":"Point","coordinates":[78.97313,27.52279]},"properties":{"udise":"09170507701","name":"P S NAGALA NARAYAN","state":"UTTAR PRADESH","district":"ETAH","block":"JAITHARA","indicator":"no_girls_toilet"}},{"type":"Feature","geometry":{"type":"Point","coordinates":[78.76128,27.54308]},"properties":{"udise":"09171315802","name":"JAN KALYAN H.S.S SHYAMPUR ETAH","state":"UTTAR PRADESH","district":"ETAH","block":"SHEETAL PUR","indicator":"no_girls_toilet"}},{"type":"Feature","geometry":{"type":"Point","coordinates":[78.45947,27.40293]},"properties":{"udise":"09170302202","name":"SATISH CHANDRA HSS TODARPUR AWAGARH","state":"UTTAR PRADESH","district":"ETAH","block":"AWAGARH","indicator":"no_girls_toilet"}},{"type":"Feature","geometry":{"type":"Point","coordinates":[78.55256,27.68861]},"properties":{"udise":"09170900101","name":"P S PACHPEDA","state":"UTTAR PRADESH","district":"ETAH","block":"NIDHAULI KALAN","indicator":"no_girls_toilet"}},{"type":"Feature","geometry":{"type":"Point","coordinates":[78.72834,27.38721]},"properties":{"udise":"09171214503","name":"RANI AVANTI BAI B.V. JHS JISUKHPUR SANI","state":"UTTAR PRADESH","district":"ETAH","block":"SAKEET","indicator":"no_girls_toilet"}},{"type":"Feature","geometry":{"type":"Point","coordinates":[79.02588,27.58114]},"properties":{"udise":"09170512608","name":"PS GADHIYA AGRASEN","state":"UTTAR PRADESH","district":"ETAH","block":"JAITHARA","indicator":"no_girls_toilet"}},{"type":"Feature","geometry":{"type":"Point","coordinates":[79.1754,27.39223]},"properties":{"udise":"09170108904","name":"UPS ALLAPUR","state":"UTTAR PRADESH","district":"ETAH","block":"ALIGANJ","indicator":"no_girls_toilet"}},{"type":"Feature","geometry":{"type":"Point","coordinates":[79.93827,27.55918]},"properties":{"udise":"09170507005","name":"PREMKUMARI PRATHMIK PATHSHALA KHIRIYA KHAVA","state":"UTTAR PRADESH","district":"ETAH","block":"JAITHARA","indicator":"no_girls_toilet"}},{"type":"Feature","geometry":{"type":"Point","coordinates":[78.96311,27.53059]},"properties":{"udise":"09170507405","name":"ADARSH SARVJANIK JHS PARAULI S.","state":"UTTAR PRADESH","district":"ETAH","block":"JAITHARA","indicator":"no_girls_toilet"}},{"type":"Feature","geometry":{"type":"Point","coordinates":[78.97715,27.55785]},"properties":{"udise":"09170508001","name":"P S VICHHANDPUR PAHARPUR","state":"UTTAR PRADESH","district":"ETAH","block":"JAITHARA","indicator":"no_girls_toilet"}},{"type":"Feature","geometry":{"type":"Point","coordinates":[79.2473,27.37373]},"properties":{"udise":"09170113501","name":"P S NAYAGAON","state":"UTTAR PRADESH","district":"ETAH","block":"ALIGANJ","indicator":"no_girls_toilet"}},{"type":"Feature","geometry":{"type":"Point","coordinates":[78.68358,27.72184]},"properties":{"udise":"09170805002","name":"UPS BUDHAINA","state":"UTTAR PRADESH","district":"ETAH","block":"MARHARA","indicator":"no_girls_toilet"}},{"type":"Feature","geometry":{"type":"Point","coordinates":[78.82972,27.51157]},"properties":{"udise":"09171309602","name":"UPS BAVRAUTI","state":"UTTAR PRADESH","district":"ETAH","block":"SHEETAL PUR","indicator":"no_girls_toilet"}},{"type":"Feature","geometry":{"type":"Point","coordinates":[78.6626,27.55265]},"properties":{"udise":"09171317806","name":"SMT GOMATI DEV PUB.JHS R. A. NAGAR","state":"UTTAR PRADESH","district":"ETAH","block":"SHEETAL PUR","indicator":"no_girls_toilet"}},{"type":"Feature","geometry":{"type":"Point","coordinates":[79.22125,27.43255]},"properties":{"udise":"09170109505","name":"SMT KRISHNA DEVI UPS UBHI ROAD VITHRA","state":"UTTAR PRADESH","district":"ETAH","block":"ALIGANJ","indicator":"no_girls_toilet"}},{"type":"Feature","geometry":{"type":"Point","coordinates":[78.56742,27.5678]},"properties":{"udise":"09170907903","name":"UPS JITAULI","state":"UTTAR PRADESH","district":"ETAH","block":"NIDHAULI KALAN","indicator":"no_girls_toilet"}},{"type":"Feature","geometry":{"type":"Point","coordinates":[78.53801,27.69405]},"properties":{"udise":"09170912102","name":"SRI S.NAND UPS","state":"UTTAR PRADESH","district":"ETAH","block":"NIDHAULI KALAN","indicator":"no_girls_toilet"}},{"type":"Feature","geometry":{"type":"Point","coordinates":[78.54261,27.59132]},"properties":{"udise":"09170914601","name":"PS N.DUBE","state":"UTTAR PRADESH","district":"ETAH","block":"NIDHAULI KALAN","indicator":"no_girls_toilet"}},{"type":"Feature","geometry":{"type":"Point","coordinates":[78.6358,27.56439]},"properties":{"udise":"09171600810","name":"SHIKHA K.U.M.V. SRINGAR NAGAR ETAH","state":"UTTAR PRADESH","district":"ETAH","block":"ETAH (URBAN)","indicator":"no_girls_toilet"}},{"type":"Feature","geometry":{"type":"Point","coordinates":[79.12731,27.42551]},"properties":{"udise":"09170509001","name":"P S BHOJJAPUR","state":"UTTAR PRADESH","district":"ETAH","block":"JAITHARA","indicator":"no_girls_toilet"}},{"type":"Feature","geometry":{"type":"Point","coordinates":[78.84277,27.37212]},"properties":{"udise":"09171204805","name":"PS RAMPURA","state":"UTTAR PRADESH","district":"ETAH","block":"SAKEET","indicator":"no_girls_toilet"}},{"type":"Feature","geometry":{"type":"Point","coordinates":[78.52063,27.4709]},"properties":{"udise":"09170911301","name":"P S NAVALI","state":"UTTAR PRADESH","district":"ETAH","block":"NIDHAULI KALAN","indicator":"no_girls_toilet"}},{"type":"Feature","geometry":{"type":"Point","coordinates":[78.83782,27.45664]},"properties":{"udise":"09171207009","name":"PS N.RAMJIT","state":"UTTAR PRADESH","district":"ETAH","block":"SAKEET","indicator":"no_girls_toilet"}},{"type":"Feature","geometry":{"type":"Point","coordinates":[79.23184,27.40302]},"properties":{"udise":"09170117901","name":"PS MANGADPUR","state":"UTTAR PRADESH","district":"ETAH","block":"ALIGANJ","indicator":"no_girls_toilet"}},{"type":"Feature","geometry":{"type":"Point","coordinates":[78.55783,27.67952]},"properties":{"udise":"09170901602","name":"UPS (1 to 8 composite) MOHKAMPUR","state":"UTTAR PRADESH","district":"ETAH","block":"NIDHAULI KALAN","indicator":"no_girls_toilet"}},{"type":"Feature","geometry":{"type":"Point","coordinates":[79.02012,27.50864]},"properties":{"udise":"09170500106","name":"BRAJNAND NATIONAL P.SCHOOL","state":"UTTAR PRADESH","district":"ETAH","block":"JAITHARA","indicator":"no_girls_toilet"}},{"type":"Feature","geometry":{"type":"Point","coordinates":[78.37396,27.44336]},"properties":{"udise":"09170303302","name":"UPS NARAU VEER NAGAR","state":"UTTAR PRADESH","district":"ETAH","block":"AWAGARH","indicator":"no_girls_toilet"}},{"type":"Feature","geometry":{"type":"Point","coordinates":[79.2641,27.3695]},"properties":{"udise":"09170503804","name":"SRI SALIGRAM MEMORIAL PUBLIC SCHOOL TIGRA MANIKPURA","state":"UTTAR PRADESH","district":"ETAH","block":"JAITHARA","indicator":"no_girls_toilet"}},{"type":"Feature","geometry":{"type":"Point","coordinates":[78.25306,27.47705]},"properties":{"udise":"09170604903","name":"THAKUR GAJENDRA PAL SINGH H.S.S.","state":"UTTAR PRADESH","district":"ETAH","block":"JALESAR","indicator":"no_girls_toilet"}},{"type":"Feature","geometry":{"type":"Point","coordinates":[78.68593,27.54136]},"properties":{"udise":"09171209508","name":"SHRI.RAM PRAKASH PRADEEP BHAMASHAH .U.M.V, CHILASANI","state":"UTTAR PRADESH","district":"ETAH","block":"SAKEET","indicator":"no_girls_toilet"}},{"type":"Feature","geometry":{"type":"Point","coordinates":[78.33695,27.46869]},"properties":{"udise":"09170611901","name":"PS RASID PUR","state":"UTTAR PRADESH","district":"ETAH","block":"JALESAR","indicator":"no_girls_toilet"}},{"type":"Feature","geometry":{"type":"Point","coordinates":[78.53405,27.60251]},"properties":{"udise":"09170903801","name":"P S SONGARA","state":"UTTAR PRADESH","district":"ETAH","block":"NIDHAULI KALAN","indicator":"no_girls_toilet"}},{"type":"Feature","geometry":{"type":"Point","coordinates":[78.66566,27.53512]},"properties":{"udise":"09171306610","name":"MAA KANTH SHRI S.P.JHS.SCHOOL GAGANPUR ETAH","state":"UTTAR PRADESH","district":"ETAH","block":"SHEETAL PUR","indicator":"no_girls_toilet"}},{"type":"Feature","geometry":{"type":"Point","coordinates":[78.40957,27.48007]},"properties":{"udise":"09170306407","name":"GOVERNMENT HSS KUSAWA","state":"UTTAR PRADESH","district":"ETAH","block":"AWAGARH","indicator":"no_girls_toilet"}},{"type":"Feature","geometry":{"type":"Point","coordinates":[78.66734,27.53118]},"properties":{"udise":"09171306606","name":"INDIAN PUBLIC SCHOOL GANGANPUR","state":"UTTAR PRADESH","district":"ETAH","block":"SHEETAL PUR","indicator":"no_girls_toilet"}},{"type":"Feature","geometry":{"type":"Point","coordinates":[79.88974,27.4587]},"properties":{"udise":"09170506328","name":"Madrsha Shamshul ulum Aliya school  dhumri","state":"UTTAR PRADESH","district":"ETAH","block":"JAITHARA","indicator":"no_girls_toilet"}},{"type":"Feature","geometry":{"type":"Point","coordinates":[78.6346,27.53401]},"properties":{"udise":"09171305202","name":"UPS (1 to 8 composite) GAZIPUR PAHOR","state":"UTTAR PRADESH","district":"ETAH","block":"SHEETAL PUR","indicator":"no_girls_toilet"}},{"type":"Feature","geometry":{"type":"Point","coordinates":[78.47884,27.39353]},"properties":{"udise":"09170302103","name":"SWAMI JANKI DAS UPS","state":"UTTAR PRADESH","district":"ETAH","block":"AWAGARH","indicator":"no_girls_toilet"}},{"type":"Feature","geometry":{"type":"Point","coordinates":[78.67062,27.56833]},"properties":{"udise":"09171314703","name":"UPS SHIVSINGH PUR","state":"UTTAR PRADESH","district":"ETAH","block":"SHEETAL PUR","indicator":"no_girls_toilet"}},{"type":"Feature","geometry":{"type":"Point","coordinates":[78.66382,27.56109]},"properties":{"udise":"09171602001","name":"P S UNI.1 MADHIRAM","state":"UTTAR PRADESH","district":"ETAH","block":"ETAH (URBAN)","indicator":"no_girls_toilet"}},{"type":"Feature","geometry":{"type":"Point","coordinates":[79.15979,27.42406]},"properties":{"udise":"09170117801","name":"PS N.ACHAL","state":"UTTAR PRADESH","district":"ETAH","block":"ALIGANJ","indicator":"no_girls_toilet"}},{"type":"Feature","geometry":{"type":"Point","coordinates":[78.8788,27.53502]},"properties":{"udise":"09171313902","name":"SARSWATI SHISHU VIDYA NIKETAN","state":"UTTAR PRADESH","district":"ETAH","block":"SHEETAL PUR","indicator":"no_girls_toilet"}},{"type":"Feature","geometry":{"type":"Point","coordinates":[79.369,27.00111]},"properties":{"udise":"09170507406","name":"SARVJANIK HSS PARAULI SUHAGPUR","state":"UTTAR PRADESH","district":"ETAH","block":"JAITHARA","indicator":"no_girls_toilet"}},{"type":"Feature","geometry":{"type":"Point","coordinates":[78.54395,27.7255]},"properties":{"udise":"09170803601","name":"P S SHAMASPUR","state":"UTTAR PRADESH","district":"ETAH","block":"MARHARA","indicator":"no_girls_toilet"}},{"type":"Feature","geometry":{"type":"Point","coordinates":[78.3005,27.47603]},"properties":{"udise":"09171801802","name":"SARASWATI BAL NIKETAN JHS GOL NAGAR","state":"UTTAR PRADESH","district":"ETAH","block":"JALESAR (URBAN)","indicator":"no_girls_toilet"}},{"type":"Feature","geometry":{"type":"Point","coordinates":[78.77007,27.45543]},"properties":{"udise":"09171204004","name":"UPS KAYAMPUR","state":"UTTAR PRADESH","district":"ETAH","block":"SAKEET","indicator":"no_girls_toilet"}},{"type":"Feature","geometry":{"type":"Point","coordinates":[78.93711,27.55352]},"properties":{"udise":"09170506319","name":"THAKUR LATOORI SINGH U.M.V. DHUMARI","state":"UTTAR PRADESH","district":"ETAH","block":"JAITHARA","indicator":"no_girls_toilet"}},{"type":"Feature","geometry":{"type":"Point","coordinates":[78.2678,27.51742]},"properties":{"udise":"09170607804","name":"SHRI MULAYAM SINGH H/ S SCHOOL","state":"UTTAR PRADESH","district":"ETAH","block":"JALESAR","indicator":"girls_toilet_nonfunctional"}},{"type":"Feature","geometry":{"type":"Point","coordinates":[78.71081,27.46707]},"properties":{"udise":"09171205006","name":"MAA GAYATRI PS CHAPRAI","state":"UTTAR PRADESH","district":"ETAH","block":"SAKEET","indicator":"girls_toilet_nonfunctional"}},{"type":"Feature","geometry":{"type":"Point","coordinates":[78.75508,27.43554]},"properties":{"udise":"09171200604","name":"CH. L.S.HR. S.S.","state":"UTTAR PRADESH","district":"ETAH","block":"SAKEET","indicator":"girls_toilet_nonfunctional"}},{"type":"Feature","geometry":{"type":"Point","coordinates":[78.84468,27.59053]},"properties":{"udise":"09171317001","name":"S.L.S.D.CHITRANS P.V.PAHRA N.MADIYA","state":"UTTAR PRADESH","district":"ETAH","block":"SHEETAL PUR","indicator":"girls_toilet_nonfunctional"}},{"type":"Feature","geometry":{"type":"Point","coordinates":[78.67815,27.44658]},"properties":{"udise":"09171201602","name":"SHRI SHRIRAM ADARSH INTER COLLEGE","state":"UTTAR PRADESH","district":"ETAH","block":"SAKEET","indicator":"girls_toilet_nonfunctional"}},{"type":"Feature","geometry":{"type":"Point","coordinates":[78.66566,27.53512]},"properties":{"udise":"09171306605","name":"MAA KANTH SRI SMRITI PUBLIC PS","state":"UTTAR PRADESH","district":"ETAH","block":"SHEETAL PUR","indicator":"girls_toilet_nonfunctional"}},{"type":"Feature","geometry":{"type":"Point","coordinates":[78.82157,27.4875]},"properties":{"udise":"09171207902","name":"UPS AYAR","state":"UTTAR PRADESH","district":"ETAH","block":"SAKEET","indicator":"girls_toilet_nonfunctional"}},{"type":"Feature","geometry":{"type":"Point","coordinates":[78.65246,27.5639]},"properties":{"udise":"09171601803","name":"P S SUBASH CHANDRA BOS","state":"UTTAR PRADESH","district":"ETAH","block":"ETAH (URBAN)","indicator":"girls_toilet_nonfunctional"}},{"type":"Feature","geometry":{"type":"Point","coordinates":[79.10338,28.25775]},"properties":{"udise":"09170112604","name":"PS N KESARI","state":"UTTAR PRADESH","district":"ETAH","block":"ALIGANJ","indicator":"girls_toilet_nonfunctional"}},{"type":"Feature","geometry":{"type":"Point","coordinates":[78.71689,27.45365]},"properties":{"udise":"09171211503","name":"ADARSH JANATA PS DAULATPUR","state":"UTTAR PRADESH","district":"ETAH","block":"SAKEET","indicator":"girls_toilet_nonfunctional"}},{"type":"Feature","geometry":{"type":"Point","coordinates":[78.66,27.654]},"properties":{"udise":"09172001202","name":"MAYABATI JHS","state":"UTTAR PRADESH","district":"ETAH","block":"MARHARA (URBAN)","indicator":"girls_toilet_nonfunctional"}},{"type":"Feature","geometry":{"type":"Point","coordinates":[78.24873,27.47362]},"properties":{"udise":"09170604904","name":"K.C.S.S.H.S.S.","state":"UTTAR PRADESH","district":"ETAH","block":"JALESAR","indicator":"girls_toilet_nonfunctional"}},{"type":"Feature","geometry":{"type":"Point","coordinates":[78.54197,27.54434]},"properties":{"udise":"09170908604","name":"SRI KSHETRAPAL SINGH S. PS N. BARI","state":"UTTAR PRADESH","district":"ETAH","block":"NIDHAULI KALAN","indicator":"girls_toilet_nonfunctional"}},{"type":"Feature","geometry":{"type":"Point","coordinates":[78.79382,27.54587]},"properties":{"udise":"09171308916","name":"OM SHEELA DEVI HSS BAGWALA CHAURAHA ASPUR ROAD ETAH","state":"UTTAR PRADESH","district":"ETAH","block":"SHEETAL PUR","indicator":"girls_toilet_nonfunctional"}},{"type":"Feature","geometry":{"type":"Point","coordinates":[78.6792,27.57642]},"properties":{"udise":"09171309802","name":"HARIVEDI ARYA S.NIKETAN","state":"UTTAR PRADESH","district":"ETAH","block":"SHEETAL PUR","indicator":"girls_toilet_nonfunctional"}},{"type":"Feature","geometry":{"type":"Point","coordinates":[78.6286,27.8521]},"properties":{"udise":"09170805712","name":"MAA AJUDHYA DEVI RAM SINGH H S SCHOOL LODHAMAI MARHARA ETAH","state":"UTTAR PRADESH","district":"ETAH","block":"MARHARA","indicator":"girls_toilet_nonfunctional"}},{"type":"Feature","geometry":{"type":"Point","coordinates":[78.56902,27.72297]},"properties":{"udise":"09170801502","name":"PS NAGLA KOTHI","state":"UTTAR PRADESH","district":"ETAH","block":"MARHARA","indicator":"girls_toilet_nonfunctional"}},{"type":"Feature","geometry":{"type":"Point","coordinates":[78.66,27.5638]},"properties":{"udise":"09170809903","name":"SHREE DURVEEN SINGH H.S.S.","state":"UTTAR PRADESH","district":"ETAH","block":"MARHARA","indicator":"girls_toilet_nonfunctional"}},{"type":"Feature","geometry":{"type":"Point","coordinates":[78.656,27.73542]},"properties":{"udise":"09172000205","name":"SHAMS PUBLIC SCHOOL","state":"UTTAR PRADESH","district":"ETAH","block":"MARHARA (URBAN)","indicator":"girls_toilet_nonfunctional"}},{"type":"Feature","geometry":{"type":"Point","coordinates":[78.56984,27.73284]},"properties":{"udise":"09172000207","name":"SHRI KRASHNA PUBLIC SCHOOL MARAHARA","state":"UTTAR PRADESH","district":"ETAH","block":"MARHARA (URBAN)","indicator":"girls_toilet_nonfunctional"}},{"type":"Feature","geometry":{"type":"Point","coordinates":[78.60603,27.57865]},"properties":{"udise":"09171304006","name":"SHRI JHAU LAL ADARSH H/S","state":"UTTAR PRADESH","district":"ETAH","block":"SHEETAL PUR","indicator":"girls_toilet_nonfunctional"}},{"type":"Feature","geometry":{"type":"Point","coordinates":[78.60145,27.73676]},"properties":{"udise":"09170801505","name":"SMT BHAGWAN DEVI  ARYA V HSS N KOTHI","state":"UTTAR PRADESH","district":"ETAH","block":"MARHARA","indicator":"girls_toilet_nonfunctional"}},{"type":"Feature","geometry":{"type":"Point","coordinates":[78.56215,27.53253]},"properties":{"udise":"09170908802","name":"SMT.RAMDHAKELI P.S.","state":"UTTAR PRADESH","district":"ETAH","block":"NIDHAULI KALAN","indicator":"girls_toilet_nonfunctional"}},{"type":"Feature","geometry":{"type":"Point","coordinates":[78.38283,27.55715]},"properties":{"udise":"09170307402","name":"SMT. SUKHDEVI PS LAKHMIPUR","state":"UTTAR PRADESH","district":"ETAH","block":"AWAGARH","indicator":"girls_toilet_nonfunctional"}},{"type":"Feature","geometry":{"type":"Point","coordinates":[78.85653,27.55674]},"properties":{"udise":"09171302004","name":"SHRI SHIV LAL SINGH BAUDHA I.C.","state":"UTTAR PRADESH","district":"ETAH","block":"SHEETAL PUR","indicator":"girls_toilet_nonfunctional"}},{"type":"Feature","geometry":{"type":"Point","coordinates":[78.77153,27.6034]},"properties":{"udise":"09171300501","name":"P S NAGALA PARAMSUKH","state":"UTTAR PRADESH","district":"ETAH","block":"SHEETAL PUR","indicator":"girls_toilet_nonfunctional"}},{"type":"Feature","geometry":{"type":"Point","coordinates":[78.3645,27.56943]},"properties":{"udise":"09170307104","name":"SHRI R.S. SECONDARY SCHOOL","state":"UTTAR PRADESH","district":"ETAH","block":"AWAGARH","indicator":"girls_toilet_nonfunctional"}},{"type":"Feature","geometry":{"type":"Point","coordinates":[78.76797,27.40455]},"properties":{"udise":"09171200117","name":"JANTA HR.SEC.","state":"UTTAR PRADESH","district":"ETAH","block":"SAKEET","indicator":"girls_toilet_nonfunctional"}},{"type":"Feature","geometry":{"type":"Point","coordinates":[78.68879,27.69152]},"properties":{"udise":"09170804504","name":"UPS (1 to 8 composite) BURHANABAD","state":"UTTAR PRADESH","district":"ETAH","block":"MARHARA","indicator":"girls_toilet_nonfunctional"}},{"type":"Feature","geometry":{"type":"Point","coordinates":[78.57265,27.73765]},"properties":{"udise":"09170802501","name":"P S HAZARAT NAGAR","state":"UTTAR PRADESH","district":"ETAH","block":"MARHARA","indicator":"girls_toilet_nonfunctional"}},{"type":"Feature","geometry":{"type":"Point","coordinates":[78.45802,27.45383]},"properties":{"udise":"09170302702","name":"SWAMI DEVANAND P.S.","state":"UTTAR PRADESH","district":"ETAH","block":"AWAGARH","indicator":"girls_toilet_nonfunctional"}},{"type":"Feature","geometry":{"type":"Point","coordinates":[79.04293,27.55048]},"properties":{"udise":"09170505402","name":"N.S. S. H. S. COLLEGE","state":"UTTAR PRADESH","district":"ETAH","block":"JAITHARA","indicator":"girls_toilet_nonfunctional"}},{"type":"Feature","geometry":{"type":"Point","coordinates":[78.75508,27.43554]},"properties":{"udise":"09171200122","name":"CH LAKHAN SINGH UPS N KAJI","state":"UTTAR PRADESH","district":"ETAH","block":"SAKEET","indicator":"girls_toilet_nonfunctional"}},{"type":"Feature","geometry":{"type":"Point","coordinates":[78.82661,27.53792]},"properties":{"udise":"09171301602","name":"RAM DAS AND NEELAM U.M.VIDIYALAY","state":"UTTAR PRADESH","district":"ETAH","block":"SHEETAL PUR","indicator":"girls_toilet_nonfunctional"}},{"type":"Feature","geometry":{"type":"Point","coordinates":[78.99895,27.6262]},"properties":{"udise":"09170516103","name":"PS NAGALA MALLE","state":"UTTAR PRADESH","district":"ETAH","block":"JAITHARA","indicator":"girls_toilet_nonfunctional"}},{"type":"Feature","geometry":{"type":"Point","coordinates":[78.74988,27.47896]},"properties":{"udise":"09171206103","name":"SUMEDHA H.S. SCHOOL","state":"UTTAR PRADESH","district":"ETAH","block":"SAKEET","indicator":"girls_toilet_nonfunctional"}},{"type":"Feature","geometry":{"type":"Point","coordinates":[78.6358,27.56439]},"properties":{"udise":"09171601614","name":"SHIVA KJSH ETAH","state":"UTTAR PRADESH","district":"ETAH","block":"ETAH (URBAN)","indicator":"girls_toilet_nonfunctional"}},{"type":"Feature","geometry":{"type":"Point","coordinates":[78.85279,27.57625]},"properties":{"udise":"09171307209","name":"MASTER LALATA PRASAD LODHI MEMO. HSS NAGLA KUELIYA KHADHAUA","state":"UTTAR PRADESH","district":"ETAH","block":"SHEETAL PUR","indicator":"girls_toilet_nonfunctional"}},{"type":"Feature","geometry":{"type":"Point","coordinates":[78.71081,27.46707]},"properties":{"udise":"09171205003","name":"MAA GAYATRI H.S.S., CHAPRAI","state":"UTTAR PRADESH","district":"ETAH","block":"SAKEET","indicator":"girls_toilet_nonfunctional"}},{"type":"Feature","geometry":{"type":"Point","coordinates":[78.71689,27.45365]},"properties":{"udise":"09171211504","name":"S.P.L. INTER COLLEGE, DAULATPUR, ETAH","state":"UTTAR PRADESH","district":"ETAH","block":"SAKEET","indicator":"girls_toilet_nonfunctional"}},{"type":"Feature","geometry":{"type":"Point","coordinates":[78.67615,27.60435]},"properties":{"udise":"09171309903","name":"DAYARAM ADARSH S.N.KALYANPUR","state":"UTTAR PRADESH","district":"ETAH","block":"SHEETAL PUR","indicator":"girls_toilet_nonfunctional"}},{"type":"Feature","geometry":{"type":"Point","coordinates":[78.44605,27.49461]},"properties":{"udise":"09170301202","name":"SETH BHAMASHAH ADARSH VIDYALAY","state":"UTTAR PRADESH","district":"ETAH","block":"AWAGARH","indicator":"girls_toilet_nonfunctional"}},{"type":"Feature","geometry":{"type":"Point","coordinates":[78.567,27.5003]},"properties":{"udise":"09172001001","name":"VEERANGANA AVANTI BAI U.M. VIDHYALAYA MAREHARA ETAH","state":"UTTAR PRADESH","district":"ETAH","block":"MARHARA (URBAN)","indicator":"girls_toilet_nonfunctional"}},{"type":"Feature","geometry":{"type":"Point","coordinates":[78.679,27.691]},"properties":{"udise":"09172001201","name":"S. GULJARI L. M.L.S. SVM MAHMUDGANJ","state":"UTTAR PRADESH","district":"ETAH","block":"MARHARA (URBAN)","indicator":"girls_toilet_nonfunctional"}},{"type":"Feature","geometry":{"type":"Point","coordinates":[78.58127,27.52488]},"properties":{"udise":"09170912803","name":"SRI GEDALAL U.P.S.","state":"UTTAR PRADESH","district":"ETAH","block":"NIDHAULI KALAN","indicator":"girls_toilet_nonfunctional"}},{"type":"Feature","geometry":{"type":"Point","coordinates":[79.0751,27.46544]},"properties":{"udise":"09170511002","name":"SAJEEV SINGH UPS","state":"UTTAR PRADESH","district":"ETAH","block":"JAITHARA","indicator":"girls_toilet_nonfunctional"}},{"type":"Feature","geometry":{"type":"Point","coordinates":[78.5179,27.7695]},"properties":{"udise":"09170809304","name":"SMT VIMALESH DEVI PS NAGARIYA BEECH","state":"UTTAR PRADESH","district":"ETAH","block":"MARHARA","indicator":"girls_toilet_nonfunctional"}},{"type":"Feature","geometry":{"type":"Point","coordinates":[78.70769,27.54177]},"properties":{"udise":"09171310704","name":"SHRI TARA SINGH S. S. H. S. S","state":"UTTAR PRADESH","district":"ETAH","block":"SHEETAL PUR","indicator":"girls_toilet_nonfunctional"}},{"type":"Feature","geometry":{"type":"Point","coordinates":[78.73457,27.53946]},"properties":{"udise":"09171217304","name":"SHRI PRATAP SINGH HIGHER SECONDARY SCHOOL","state":"UTTAR PRADESH","district":"ETAH","block":"SAKEET","indicator":"girls_toilet_nonfunctional"}},{"type":"Feature","geometry":{"type":"Point","coordinates":[78.70101,27.43913]},"properties":{"udise":"09171205004","name":"TH.SUJAN SINGH CHAUHAN U.M.V. CHAPRAI","state":"UTTAR PRADESH","district":"ETAH","block":"SAKEET","indicator":"girls_toilet_nonfunctional"}},{"type":"Feature","geometry":{"type":"Point","coordinates":[78.716,27.608]},"properties":{"udise":"09170809002","name":"SHRI SAHAV SINGH MEMORIAL INTER COLLEGE","state":"UTTAR PRADESH","district":"ETAH","block":"MARHARA","indicator":"girls_toilet_nonfunctional"}},{"type":"Feature","geometry":{"type":"Point","coordinates":[78.92948,27.52538]},"properties":{"udise":"09170513803","name":"SRI GAJRAJ SINGH U.M.V VIDALAYA","state":"UTTAR PRADESH","district":"ETAH","block":"JAITHARA","indicator":"girls_toilet_nonfunctional"}},{"type":"Feature","geometry":{"type":"Point","coordinates":[79.24772,27.43552]},"properties":{"udise":"09170106504","name":"Lt SHRI MULAYAM SINGH SIKSHA SAMITI PS NAVAR KIRIYA","state":"UTTAR PRADESH","district":"ETAH","block":"ALIGANJ","indicator":"girls_toilet_nonfunctional"}},{"type":"Feature","geometry":{"type":"Point","coordinates":[78.75908,27.58199]},"properties":{"udise":"09171312407","name":"CH. NAVAB SINGH HSS DHUAI SHEETALPUR","state":"UTTAR PRADESH","district":"ETAH","block":"SHEETAL PUR","indicator":"girls_toilet_nonfunctional"}},{"type":"Feature","geometry":{"type":"Point","coordinates":[78.48854,27.52007]},"properties":{"udise":"09170914701","name":"PS HANS PUR","state":"UTTAR PRADESH","district":"ETAH","block":"NIDHAULI KALAN","indicator":"girls_toilet_nonfunctional"}},{"type":"Feature","geometry":{"type":"Point","coordinates":[78.48308,27.44687]},"properties":{"udise":"09170309702","name":"AMOL SINGH SHANTI DEV PV TIVARIYAN","state":"UTTAR PRADESH","district":"ETAH","block":"AWAGARH","indicator":"girls_toilet_nonfunctional"}},{"type":"Feature","geometry":{"type":"Point","coordinates":[78.56531,27.47595]},"properties":{"udise":"09170911001","name":"P S NAGALA CHITTAR","state":"UTTAR PRADESH","district":"ETAH","block":"NIDHAULI KALAN","indicator":"girls_toilet_nonfunctional"}},{"type":"Feature","geometry":{"type":"Point","coordinates":[78.2051,27.0213]},"properties":{"udise":"09170800124","name":"F U S PUBLIC SCHOOL MIRHACHI","state":"UTTAR PRADESH","district":"ETAH","block":"MARHARA","indicator":"girls_toilet_nonfunctional"}},{"type":"Feature","geometry":{"type":"Point","coordinates":[78.67175,27.55132]},"properties":{"udise":"09171602302","name":"SRI VARSHNEY INTER COLLEGE ETAH","state":"UTTAR PRADESH","district":"ETAH","block":"ETAH (URBAN)","indicator":"girls_toilet_nonfunctional"}},{"type":"Feature","geometry":{"type":"Point","coordinates":[78.6867,27.8402]},"properties":{"udise":"09170802803","name":"MA AJUDHYA DEV R.S.K.J.H.SCH.","state":"UTTAR PRADESH","district":"ETAH","block":"MARHARA","indicator":"girls_toilet_nonfunctional"}},{"type":"Feature","geometry":{"type":"Point","coordinates":[78.68684,27.39564]},"properties":{"udise":"09171208305","name":"MAA SHARDY H.S.SCHOOL","state":"UTTAR PRADESH","district":"ETAH","block":"SAKEET","indicator":"girls_toilet_nonfunctional"}},{"type":"Feature","geometry":{"type":"Point","coordinates":[78.85011,27.43206]},"properties":{"udise":"09171207701","name":"P S CHANDPUR","state":"UTTAR PRADESH","district":"ETAH","block":"SAKEET","indicator":"girls_toilet_nonfunctional"}},{"type":"Feature","geometry":{"type":"Point","coordinates":[78.44605,27.49461]},"properties":{"udise":"09170301203","name":"SMT MEENA ANJALI GUPTA KANYA P.M.V.","state":"UTTAR PRADESH","district":"ETAH","block":"AWAGARH","indicator":"girls_toilet_nonfunctional"}},{"type":"Feature","geometry":{"type":"Point","coordinates":[78.39195,27.55689]},"properties":{"udise":"09170307802","name":"RASHTRIYA MADHYAMIK VIDYALAYA","state":"UTTAR PRADESH","district":"ETAH","block":"AWAGARH","indicator":"girls_toilet_nonfunctional"}},{"type":"Feature","geometry":{"type":"Point","coordinates":[78.49504,27.57338]},"properties":{"udise":"09170905514","name":"R D KANYA J H S","state":"UTTAR PRADESH","district":"ETAH","block":"NIDHAULI KALAN","indicator":"girls_toilet_nonfunctional"}},{"type":"Feature","geometry":{"type":"Point","coordinates":[78.66815,27.44969]},"properties":{"udise":"09171201409","name":"SHANTI PS FAFOTU","state":"UTTAR PRADESH","district":"ETAH","block":"SAKEET","indicator":"girls_toilet_nonfunctional"}},{"type":"Feature","geometry":{"type":"Point","coordinates":[78.676,27.6404]},"properties":{"udise":"09170808703","name":"SHRI MORDHWAJ SINGH HIGHER SECONDARY SCHOOL","state":"UTTAR PRADESH","district":"ETAH","block":"MARHARA","indicator":"girls_toilet_nonfunctional"}},{"type":"Feature","geometry":{"type":"Point","coordinates":[78.53801,27.69405]},"properties":{"udise":"09170912101","name":"SRI S.NAND P.S.","state":"UTTAR PRADESH","district":"ETAH","block":"NIDHAULI KALAN","indicator":"girls_toilet_nonfunctional"}},{"type":"Feature","geometry":{"type":"Point","coordinates":[78.96015,27.45015]},"properties":{"udise":"09170503107","name":"ARYA VIDYA MANDIR INTER COLEEGE BARNA","state":"UTTAR PRADESH","district":"ETAH","block":"JAITHARA","indicator":"girls_toilet_nonfunctional"}},{"type":"Feature","geometry":{"type":"Point","coordinates":[78.6495,27.7022]},"properties":{"udise":"09172000405","name":"SETH G.L.M.L.S.SHISHU MANDIR","state":"UTTAR PRADESH","district":"ETAH","block":"MARHARA (URBAN)","indicator":"girls_toilet_nonfunctional"}},{"type":"Feature","geometry":{"type":"Point","coordinates":[78.727,27.7353]},"properties":{"udise":"09172000404","name":"SRI D.SINGH VIDYA MANDIR P.S.","state":"UTTAR PRADESH","district":"ETAH","block":"MARHARA (URBAN)","indicator":"girls_toilet_nonfunctional"}},{"type":"Feature","geometry":{"type":"Point","coordinates":[78.67227,27.71001]},"properties":{"udise":"09170804702","name":"UPS (1 to 8 composite) NAGALA SHYAM","state":"UTTAR PRADESH","district":"ETAH","block":"MARHARA","indicator":"girls_toilet_nonfunctional"}},{"type":"Feature","geometry":{"type":"Point","coordinates":[78.6724,27.648]},"properties":{"udise":"09170808702","name":"ADARSH BAL VIDYA MANDIR N. JAWAHARI","state":"UTTAR PRADESH","district":"ETAH","block":"MARHARA","indicator":"girls_toilet_nonfunctional"}},{"type":"Feature","geometry":{"type":"Point","coordinates":[78.66572,27.55036]},"properties":{"udise":"09171600902","name":"SMT.L.S.UPS","state":"UTTAR PRADESH","district":"ETAH","block":"ETAH (URBAN)","indicator":"girls_toilet_nonfunctional"}},{"type":"Feature","geometry":{"type":"Point","coordinates":[79.16958,27.49963]},"properties":{"udise":"09170105132","name":"R.D. Inter, College, ALIGANJ","state":"UTTAR PRADESH","district":"ETAH","block":"ALIGANJ","indicator":"girls_toilet_nonfunctional"}},{"type":"Feature","geometry":{"type":"Point","coordinates":[78.96647,27.43436]},"properties":{"udise":"09170504504","name":"GOVERNMENT HIGH SCHOOL LALPUR JAHANGIRABAD","state":"UTTAR PRADESH","district":"ETAH","block":"JAITHARA","indicator":"girls_toilet_nonfunctional"}},{"type":"Feature","geometry":{"type":"Point","coordinates":[78.661,27.6038]},"properties":{"udise":"09170809901","name":"SRI DURBIN SINGH PV KANGARPUR","state":"UTTAR PRADESH","district":"ETAH","block":"MARHARA","indicator":"girls_toilet_nonfunctional"}},{"type":"Feature","geometry":{"type":"Point","coordinates":[78.3645,27.56943]},"properties":{"udise":"09170307103","name":"SRI R.S.M.S. PS KHERIYA MAQSOODPUR","state":"UTTAR PRADESH","district":"ETAH","block":"AWAGARH","indicator":"girls_toilet_nonfunctional"}},{"type":"Feature","geometry":{"type":"Point","coordinates":[78.72657,27.73853]},"properties":{"udise":"09170800103","name":"DHARM SAMAJ S.MANDIR MIRHACHI","state":"UTTAR PRADESH","district":"ETAH","block":"MARHARA","indicator":"girls_toilet_nonfunctional"}},{"type":"Feature","geometry":{"type":"Point","coordinates":[78.66587,27.44819]},"properties":{"udise":"09171201406","name":"JAY GURU DEV PS FAFOTU","state":"UTTAR PRADESH","district":"ETAH","block":"SAKEET","indicator":"girls_toilet_nonfunctional"}},{"type":"Feature","geometry":{"type":"Point","coordinates":[78.56215,27.53253]},"properties":{"udise":"09170908803","name":"SMT.RAMDHAKELIU. P.S.","state":"UTTAR PRADESH","district":"ETAH","block":"NIDHAULI KALAN","indicator":"girls_toilet_nonfunctional"}},{"type":"Feature","geometry":{"type":"Point","coordinates":[78.72979,27.4588]},"properties":{"udise":"09171206006","name":"SHRI JAWAHAR LAL NEHRUSH H.S.SCHOOL","state":"UTTAR PRADESH","district":"ETAH","block":"SAKEET","indicator":"girls_toilet_nonfunctional"}},{"type":"Feature","geometry":{"type":"Point","coordinates":[78.53869,27.57593]},"properties":{"udise":"09170903805","name":"S.K.S.H.S.S.","state":"UTTAR PRADESH","district":"ETAH","block":"NIDHAULI KALAN","indicator":"girls_toilet_nonfunctional"}},{"type":"Feature","geometry":{"type":"Point","coordinates":[78.6658,27.2312]},"properties":{"udise":"09170809905","name":"SRI R.S. PV KHANGARPUR","state":"UTTAR PRADESH","district":"ETAH","block":"MARHARA","indicator":"girls_toilet_nonfunctional"}},{"type":"Feature","geometry":{"type":"Point","coordinates":[78.66596,27.51381]},"properties":{"udise":"09171209406","name":"SMT. B.D.I.C. NIDHAULI","state":"UTTAR PRADESH","district":"ETAH","block":"SAKEET","indicator":"girls_toilet_nonfunctional"}},{"type":"Feature","geometry":{"type":"Point","coordinates":[78.92948,27.52521]},"properties":{"udise":"09170513802","name":"SRI GAJRAJ SINGH P.V. GANGUPURA","state":"UTTAR PRADESH","district":"ETAH","block":"JAITHARA","indicator":"girls_toilet_nonfunctional"}},{"type":"Feature","geometry":{"type":"Point","coordinates":[78.54197,27.54434]},"properties":{"udise":"09170908606","name":"C.P.S. KANYA JHS NAGLA BARI","state":"UTTAR PRADESH","district":"ETAH","block":"NIDHAULI KALAN","indicator":"girls_toilet_nonfunctional"}},{"type":"Feature","geometry":{"type":"Point","coordinates":[78.6792,27.57642]},"properties":{"udise":"09171309804","name":"HARVEDI ARSHA SHIKSHA NIKETAN INTER COLLEGE","state":"UTTAR PRADESH","district":"ETAH","block":"SHEETAL PUR","indicator":"girls_toilet_nonfunctional"}},{"type":"Feature","geometry":{"type":"Point","coordinates":[78.66755,27.54904]},"properties":{"udise":"09171601107","name":"R.L.D. ADUCATIONAL PS SUNAHARI NAGAR","state":"UTTAR PRADESH","district":"ETAH","block":"ETAH (URBAN)","indicator":"girls_toilet_nonfunctional"}},{"type":"Feature","geometry":{"type":"Point","coordinates":[78.75904,27.58191]},"properties":{"udise":"09171312404","name":"CH. SRI BADAN SINGH PS DHUAI","state":"UTTAR PRADESH","district":"ETAH","block":"SHEETAL PUR","indicator":"girls_toilet_nonfunctional"}},{"type":"Feature","geometry":{"type":"Point","coordinates":[78.94736,27.44699]},"properties":{"udise":"09170503803","name":"CH. LATURI SINGH JHS MANIKPURA","state":"UTTAR PRADESH","district":"ETAH","block":"JAITHARA","indicator":"girls_toilet_nonfunctional"}},{"type":"Feature","geometry":{"type":"Point","coordinates":[78.95917,27.50146]},"properties":{"udise":"09170511802","name":"SRI MADHWANAND INTER COLLAGE KASELA","state":"UTTAR PRADESH","district":"ETAH","block":"JAITHARA","indicator":"girls_toilet_nonfunctional"}},{"type":"Feature","geometry":{"type":"Point","coordinates":[78.6148,27.70319]},"properties":{"udise":"09170800901","name":"P S RAFIPUR","state":"UTTAR PRADESH","district":"ETAH","block":"MARHARA","indicator":"girls_toilet_nonfunctional"}},{"type":"Feature","geometry":{"type":"Point","coordinates":[79.235,27.36628]},"properties":{"udise":"09170515901","name":"PS MADSUA","state":"UTTAR PRADESH","district":"ETAH","block":"JAITHARA","indicator":"girls_toilet_nonfunctional"}},{"type":"Feature","geometry":{"type":"Point","coordinates":[78.7447,27.54704]},"properties":{"udise":"09171315804","name":"JAN KALYAN HSS SHYAMPUR GHANSHYAMPUR","state":"UTTAR PRADESH","district":"ETAH","block":"SHEETAL PUR","indicator":"girls_toilet_nonfunctional"}},{"type":"Feature","geometry":{"type":"Point","coordinates":[79.21545,27.37054]},"properties":{"udise":"09170113804","name":"JANATA INTER COLLEGE N. SIMARA (N. VISHUN)","state":"UTTAR PRADESH","district":"ETAH","block":"ALIGANJ","indicator":"girls_toilet_nonfunctional"}},{"type":"Feature","geometry":{"type":"Point","coordinates":[78.23516,27.42718]},"properties":{"udise":"09170604601","name":"P S NAGALA GARARIYA","state":"UTTAR PRADESH","district":"ETAH","block":"JALESAR","indicator":"girls_toilet_nonfunctional"}},{"type":"Feature","geometry":{"type":"Point","coordinates":[78.45484,27.58393]},"properties":{"udise":"09170905801","name":"P S SIDARAI","state":"UTTAR PRADESH","district":"ETAH","block":"NIDHAULI KALAN","indicator":"girls_toilet_nonfunctional"}},{"type":"Feature","geometry":{"type":"Point","coordinates":[78.82661,27.53792]},"properties":{"udise":"09171307403","name":"R.N.PRATHMIC VIDHYALAY N.DEEP","state":"UTTAR PRADESH","district":"ETAH","block":"SHEETAL PUR","indicator":"girls_toilet_nonfunctional"}},{"type":"Feature","geometry":{"type":"Point","coordinates":[78.43036,27.38909]},"properties":{"udise":"09170305303","name":"SRI MALLIKARJUN MAHADEV UPS","state":"UTTAR PRADESH","district":"ETAH","block":"AWAGARH","indicator":"girls_toilet_nonfunctional"}},{"type":"Feature","geometry":{"type":"Point","coordinates":[78.26893,27.51476]},"properties":{"udise":"09170607803","name":"SRI DATARAM JHS DEVKARANPUR","state":"UTTAR PRADESH","district":"ETAH","block":"JALESAR","indicator":"girls_toilet_nonfunctional"}},{"type":"Feature","geometry":{"type":"Point","coordinates":[78.56215,27.53253]},"properties":{"udise":"09170908805","name":"SMT. RAMDHAKELI INTER COLLEGE","state":"UTTAR PRADESH","district":"ETAH","block":"NIDHAULI KALAN","indicator":"girls_toilet_nonfunctional"}},{"type":"Feature","geometry":{"type":"Point","coordinates":[78.74988,27.47896]},"properties":{"udise":"09171206102","name":"SUMEDHA PUBLIC S. ANAGDPUR","state":"UTTAR PRADESH","district":"ETAH","block":"SAKEET","indicator":"girls_toilet_nonfunctional"}},{"type":"Feature","geometry":{"type":"Point","coordinates":[78.65386,27.5093]},"properties":{"udise":"09171210105","name":"SMT. SUKHDEVI H.S.S.","state":"UTTAR PRADESH","district":"ETAH","block":"SAKEET","indicator":"girls_toilet_nonfunctional"}},{"type":"Feature","geometry":{"type":"Point","coordinates":[78.98772,27.51497]},"properties":{"udise":"09170510002","name":"UPS (1 to 8 composite) NAGALA CHAMAN","state":"UTTAR PRADESH","district":"ETAH","block":"JAITHARA","indicator":"girls_toilet_nonfunctional"}},{"type":"Feature","geometry":{"type":"Point","coordinates":[78.63698,27.67055]},"properties":{"udise":"09170806904","name":"S.R.S.M.S.UPV FALAR","state":"UTTAR PRADESH","district":"ETAH","block":"MARHARA","indicator":"girls_toilet_nonfunctional"}},{"type":"Feature","geometry":{"type":"Point","coordinates":[78.4879,27.51191]},"properties":{"udise":"09170907404","name":"GOVERNMENT HSS SHAH BAJPUR","state":"UTTAR PRADESH","district":"ETAH","block":"NIDHAULI KALAN","indicator":"girls_toilet_nonfunctional"}},{"type":"Feature","geometry":{"type":"Point","coordinates":[79.23623,27.44196]},"properties":{"udise":"09170106303","name":"RAMPAL SINGH KANTI DEVI INTER COLLEGE GAHI ALIGANJ","state":"UTTAR PRADESH","district":"ETAH","block":"ALIGANJ","indicator":"girls_toilet_nonfunctional"}},{"type":"Feature","geometry":{"type":"Point","coordinates":[78.6711,27.50069]},"properties":{"udise":"09171210004","name":"CH. GAJRAJ SINGH P.S. MIRJAPUR SAI","state":"UTTAR PRADESH","district":"ETAH","block":"SAKEET","indicator":"girls_toilet_nonfunctional"}},{"type":"Feature","geometry":{"type":"Point","coordinates":[78.49555,27.52816]},"properties":{"udise":"09170912804","name":"S.G.L.H.S.S.","state":"UTTAR PRADESH","district":"ETAH","block":"NIDHAULI KALAN","indicator":"girls_toilet_nonfunctional"}},{"type":"Feature","geometry":{"type":"Point","coordinates":[78.80202,27.52281]},"properties":{"udise":"09171202404","name":"ADARSH JANATA PS NIGOH HASANPUR","state":"UTTAR PRADESH","district":"ETAH","block":"SAKEET","indicator":"girls_toilet_nonfunctional"}},{"type":"Feature","geometry":{"type":"Point","coordinates":[78.70074,27.60446]},"properties":{"udise":"09171314302","name":"SHRI TEJ SINGH H.S.S.","state":"UTTAR PRADESH","district":"ETAH","block":"SHEETAL PUR","indicator":"girls_toilet_nonfunctional"}},{"type":"Feature","geometry":{"type":"Point","coordinates":[78.51232,27.70221]},"properties":{"udise":"09170800122","name":"J P S PUBLIC SCHOOL NAGLA NATHA MIRHACHI","state":"UTTAR PRADESH","district":"ETAH","block":"MARHARA","indicator":"girls_toilet_nonfunctional"}},{"type":"Feature","geometry":{"type":"Point","coordinates":[78.75508,27.43554]},"properties":{"udise":"09171200603","name":"CHAUDHARI LAKHAN SINGH SMARAK","state":"UTTAR PRADESH","district":"ETAH","block":"SAKEET","indicator":"girls_toilet_nonfunctional"}},{"type":"Feature","geometry":{"type":"Point","coordinates":[78.67318,27.69557]},"properties":{"udise":"09170805401","name":"P S YADGAR PUR","state":"UTTAR PRADESH","district":"ETAH","block":"MARHARA","indicator":"girls_toilet_nonfunctional"}},{"type":"Feature","geometry":{"type":"Point","coordinates":[78.42741,27.42433]},"properties":{"udise":"09170300639","name":"SMT NARAYANA DEVI HSS NAGLA UDAI TISAR","state":"UTTAR PRADESH","district":"ETAH","block":"AWAGARH","indicator":"girls_toilet_nonfunctional"}},{"type":"Feature","geometry":{"type":"Point","coordinates":[79.6252,27.70153]},"properties":{"udise":"09170800402","name":"SHREE JAY RAM SINGH J H SCHOOL SUPAITHI","state":"UTTAR PRADESH","district":"ETAH","block":"MARHARA","indicator":"girls_toilet_nonfunctional"}},{"type":"Feature","geometry":{"type":"Point","coordinates":[78.54482,27.75426]},"properties":{"udise":"09170809701","name":"PS AMBARPUR BHUDIYA","state":"UTTAR PRADESH","district":"ETAH","block":"MARHARA","indicator":"girls_toilet_nonfunctional"}},{"type":"Feature","geometry":{"type":"Point","coordinates":[78.71689,27.45365]},"properties":{"udise":"09171211502","name":"S.P.L. JHS DAULATPUR","state":"UTTAR PRADESH","district":"ETAH","block":"SAKEET","indicator":"girls_toilet_nonfunctional"}},{"type":"Feature","geometry":{"type":"Point","coordinates":[78.67823,27.48969]},"properties":{"udise":"09171211902","name":"RAM GOVIND PS","state":"UTTAR PRADESH","district":"ETAH","block":"SAKEET","indicator":"girls_toilet_nonfunctional"}},{"type":"Feature","geometry":{"type":"Point","coordinates":[78.69005,27.68225]},"properties":{"udise":"09170805402","name":"UPS YADGARPUR","state":"UTTAR PRADESH","district":"ETAH","block":"MARHARA","indicator":"girls_toilet_nonfunctional"}},{"type":"Feature","geometry":{"type":"Point","coordinates":[78.50038,27.8054]},"properties":{"udise":"09171201603","name":"SRI RAM PS BHAMARPUR","state":"UTTAR PRADESH","district":"ETAH","block":"SAKEET","indicator":"girls_toilet_nonfunctional"}},{"type":"Feature","geometry":{"type":"Point","coordinates":[78.60154,27.73527]},"properties":{"udise":"09170801506","name":"SNT. BHUDEVI PS HAYATPUR MAPHI","state":"UTTAR PRADESH","district":"ETAH","block":"MARHARA","indicator":"girls_toilet_nonfunctional"}},{"type":"Feature","geometry":{"type":"Point","coordinates":[78.60135,27.73527]},"properties":{"udise":"09170801504","name":"SMI BHAGWAN DEV A.VEDIC JHS N.KOTHI","state":"UTTAR PRADESH","district":"ETAH","block":"MARHARA","indicator":"girls_toilet_nonfunctional"}},{"type":"Feature","geometry":{"type":"Point","coordinates":[78.67187,27.5233]},"properties":{"udise":"09171209405","name":"K.L.S. HR. SEC. SCHOOL","state":"UTTAR PRADESH","district":"ETAH","block":"SAKEET","indicator":"girls_toilet_nonfunctional"}},{"type":"Feature","geometry":{"type":"Point","coordinates":[78.78074,27.4368]},"properties":{"udise":"09171200116","name":"CH.B.S.S.INTER COLLEGE","state":"UTTAR PRADESH","district":"ETAH","block":"SAKEET","indicator":"girls_toilet_nonfunctional"}},{"type":"Feature","geometry":{"type":"Point","coordinates":[78.72657,27.73853]},"properties":{"udise":"09170800205","name":"MAA VIDHADEVI M.S. JHS JINHERA","state":"UTTAR PRADESH","district":"ETAH","block":"MARHARA","indicator":"girls_toilet_nonfunctional"}},{"type":"Feature","geometry":{"type":"Point","coordinates":[79.22304,27.55233]},"properties":{"udise":"09170108604","name":"BPS PUBLIC SCHOOL GADHIYA JAGANNATH ALIGANJ","state":"UTTAR PRADESH","district":"ETAH","block":"ALIGANJ","indicator":"girls_toilet_nonfunctional"}},{"type":"Feature","geometry":{"type":"Point","coordinates":[79.02419,27.50006]},"properties":{"udise":"09170512801","name":"P S JARARI","state":"UTTAR PRADESH","district":"ETAH","block":"JAITHARA","indicator":"girls_toilet_nonfunctional"}},{"type":"Feature","geometry":{"type":"Point","coordinates":[78.63025,27.73862]},"properties":{"udise":"09170809501","name":"PS AJAM PUR","state":"UTTAR PRADESH","district":"ETAH","block":"MARHARA","indicator":"girls_toilet_nonfunctional"}},{"type":"Feature","geometry":{"type":"Point","coordinates":[78.6756,27.444]},"properties":{"udise":"09170807703","name":"A.P.S.H.S.V NAGLA KHYALI","state":"UTTAR PRADESH","district":"ETAH","block":"MARHARA","indicator":"girls_toilet_nonfunctional"}},{"type":"Feature","geometry":{"type":"Point","coordinates":[78.66596,27.51381]},"properties":{"udise":"09171209404","name":"SMT.BHOODEVI S.VIDYALAYA PS","state":"UTTAR PRADESH","district":"ETAH","block":"SAKEET","indicator":"girls_toilet_nonfunctional"}},{"type":"Feature","geometry":{"type":"Point","coordinates":[78.54101,27.50571]},"properties":{"udise":"09170910806","name":"S.V.D.H.S.S. N. SEVA","state":"UTTAR PRADESH","district":"ETAH","block":"NIDHAULI KALAN","indicator":"girls_toilet_nonfunctional"}},{"type":"Feature","geometry":{"type":"Point","coordinates":[78.67823,27.48969]},"properties":{"udise":"09171211904","name":"SHRI RAM GOVIND H.S.S.","state":"UTTAR PRADESH","district":"ETAH","block":"SAKEET","indicator":"girls_toilet_nonfunctional"}},{"type":"Feature","geometry":{"type":"Point","coordinates":[78.63695,27.60006]},"properties":{"udise":"09170807404","name":"SHRI SARMAN SINGH YADAV I.C.","state":"UTTAR PRADESH","district":"ETAH","block":"MARHARA","indicator":"girls_toilet_nonfunctional"}},{"type":"Feature","geometry":{"type":"Point","coordinates":[78.99342,27.62452]},"properties":{"udise":"09170516003","name":"PS LALGADHI","state":"UTTAR PRADESH","district":"ETAH","block":"JAITHARA","indicator":"girls_toilet_nonfunctional"}},{"type":"Feature","geometry":{"type":"Point","coordinates":[78.65386,27.5093]},"properties":{"udise":"09171210104","name":"SHANTI NIKETAN UPS","state":"UTTAR PRADESH","district":"ETAH","block":"SAKEET","indicator":"girls_toilet_nonfunctional"}},{"type":"Feature","geometry":{"type":"Point","coordinates":[78.54197,27.54434]},"properties":{"udise":"09170908605","name":"C.P.S. Inter College, N. BARI","state":"UTTAR PRADESH","district":"ETAH","block":"NIDHAULI KALAN","indicator":"girls_toilet_nonfunctional"}},{"type":"Feature","geometry":{"type":"Point","coordinates":[78.66539,27.55095]},"properties":{"udise":"09171306202","name":"S.M.T BHUDEVI G.H.S.S.MANOHAR NAGAR","state":"UTTAR PRADESH","district":"ETAH","block":"SHEETAL PUR","indicator":"girls_toilet_nonfunctional"}},{"type":"Feature","geometry":{"type":"Point","coordinates":[78.52867,27.64401]},"properties":{"udise":"09170901105","name":"PREMVATI DEVI PV DARABPUR","state":"UTTAR PRADESH","district":"ETAH","block":"NIDHAULI KALAN","indicator":"girls_toilet_nonfunctional"}},{"type":"Feature","geometry":{"type":"Point","coordinates":[78.50116,27.52503]},"properties":{"udise":"09170912801","name":"SRI GEDALAL P.S.","state":"UTTAR PRADESH","district":"ETAH","block":"NIDHAULI KALAN","indicator":"girls_toilet_nonfunctional"}},{"type":"Feature","geometry":{"type":"Point","coordinates":[78.65788,27.64499]},"properties":{"udise":"09170807901","name":"P S NAGALA MANDHATI","state":"UTTAR PRADESH","district":"ETAH","block":"MARHARA","indicator":"girls_toilet_nonfunctional"}},{"type":"Feature","geometry":{"type":"Point","coordinates":[78.9858,27.38766]},"properties":{"udise":"09171204007","name":"CHAUDHARI AMIR SINGH HSS NANDPUR ROAD SAKIT","state":"UTTAR PRADESH","district":"ETAH","block":"SAKEET","indicator":"girls_toilet_nonfunctional"}},{"type":"Feature","geometry":{"type":"Point","coordinates":[78.67587,27.45352]},"properties":{"udise":"09171201410","name":"SRI BALIKARNESHWAR I.C.","state":"UTTAR PRADESH","district":"ETAH","block":"SAKEET","indicator":"girls_toilet_nonfunctional"}},{"type":"Feature","geometry":{"type":"Point","coordinates":[78.664,27.7021]},"properties":{"udise":"09170804902","name":"SRI KHUSILAL VERMA UPS MUHAMMAD PUR","state":"UTTAR PRADESH","district":"ETAH","block":"MARHARA","indicator":"girls_toilet_nonfunctional"}},{"type":"Feature","geometry":{"type":"Point","coordinates":[78.85653,27.55674]},"properties":{"udise":"09171302003","name":"ADARS SRI SHIVLAL U.P.S.","state":"UTTAR PRADESH","district":"ETAH","block":"SHEETAL PUR","indicator":"girls_toilet_nonfunctional"}},{"type":"Feature","geometry":{"type":"Point","coordinates":[78.72657,27.73853]},"properties":{"udise":"09170801203","name":"SMT DEVI INTER COLLAGE SORA MAIHANI ETAH","state":"UTTAR PRADESH","district":"ETAH","block":"MARHARA","indicator":"girls_toilet_nonfunctional"}},{"type":"Feature","geometry":{"type":"Point","coordinates":[78.84468,27.59053]},"properties":{"udise":"09171317002","name":"S.L.S.D. CHITRANSH S.H.","state":"UTTAR PRADESH","district":"ETAH","block":"SHEETAL PUR","indicator":"girls_toilet_nonfunctional"}},{"type":"Feature","geometry":{"type":"Point","coordinates":[79.69859,27.65423]},"properties":{"udise":"09170800118","name":"JAGPAL SINGH H S S NAGLA NATHA MIRHACHI ETAH","state":"UTTAR PRADESH","district":"ETAH","block":"MARHARA","indicator":"girls_toilet_nonfunctional"}},{"type":"Feature","geometry":{"type":"Point","coordinates":[79.17044,27.4956]},"properties":{"udise":"09170105139","name":"MADARSA JAMIYA NOORIYA RIJAVIYA MOH KAZI ALIGANJ","state":"UTTAR PRADESH","district":"ETAH","block":"ALIGANJ","indicator":"girls_toilet_nonfunctional"}},{"type":"Feature","geometry":{"type":"Point","coordinates":[78.79616,27.59965]},"properties":{"udise":"09171316502","name":"PS KHERIYA KUTUKPUR","state":"UTTAR PRADESH","district":"ETAH","block":"SHEETAL PUR","indicator":"girls_toilet_nonfunctional"}},{"type":"Feature","geometry":{"type":"Point","coordinates":[79.25809,27.4964]},"properties":{"udise":"09170102704","name":"GOVERNMENT HIGH SCHOOL M.NAGAR BAJHERA","state":"UTTAR PRADESH","district":"ETAH","block":"ALIGANJ","indicator":"girls_toilet_nonfunctional"}},{"type":"Feature","geometry":{"type":"Point","coordinates":[78.66573,27.45684]},"properties":{"udise":"09171201403","name":"SRI VALIKARNESHWAR S.G.MANDIR","state":"UTTAR PRADESH","district":"ETAH","block":"SAKEET","indicator":"girls_toilet_nonfunctional"}},{"type":"Feature","geometry":{"type":"Point","coordinates":[78.72657,27.73853]},"properties":{"udise":"09170800203","name":"SRI SHIV UPS","state":"UTTAR PRADESH","district":"ETAH","block":"MARHARA","indicator":"girls_toilet_nonfunctional"}},{"type":"Feature","geometry":{"type":"Point","coordinates":[78.66562,27.55033]},"properties":{"udise":"09171600901","name":"SMT.L.S.B.V.VIDYA MANDIR","state":"UTTAR PRADESH","district":"ETAH","block":"ETAH (URBAN)","indicator":"girls_toilet_nonfunctional"}},{"type":"Feature","geometry":{"type":"Point","coordinates":[78.49401,27.57325]},"properties":{"udise":"09170905508","name":"SMT.GANGA DEVI P.S.","state":"UTTAR PRADESH","district":"ETAH","block":"NIDHAULI KALAN","indicator":"girls_toilet_nonfunctional"}},{"type":"Feature","geometry":{"type":"Point","coordinates":[78.67615,27.60435]},"properties":{"udise":"09171309904","name":"SHREE DAYARAM ADARSH HSS KALYANPUR","state":"UTTAR PRADESH","district":"ETAH","block":"SHEETAL PUR","indicator":"girls_toilet_nonfunctional"}},{"type":"Feature","geometry":{"type":"Point","coordinates":[78.67483,27.38794]},"properties":{"udise":"09171208307","name":"PRABHAT KIRAN H.S.S., KUWARPUR","state":"UTTAR PRADESH","district":"ETAH","block":"SAKEET","indicator":"girls_toilet_nonfunctional"}},{"type":"Feature","geometry":{"type":"Point","coordinates":[78.88107,27.51525]},"properties":{"udise":"09171208203","name":"UPS SOHAR","state":"UTTAR PRADESH","district":"ETAH","block":"SAKEET","indicator":"girls_toilet_nonfunctional"}},{"type":"Feature","geometry":{"type":"Point","coordinates":[78.72097,27.59322]},"properties":{"udise":"09171300204","name":"G.L.BAGHEL J.H.S. NAGALA MUHI","state":"UTTAR PRADESH","district":"ETAH","block":"SHEETAL PUR","indicator":"girls_toilet_nonfunctional"}},{"type":"Feature","geometry":{"type":"Point","coordinates":[78.45802,27.45383]},"properties":{"udise":"09170302704","name":"S. D. T. B. HIGHER SECONDARY SCHOOL","state":"UTTAR PRADESH","district":"ETAH","block":"AWAGARH","indicator":"girls_toilet_nonfunctional"}},{"type":"Feature","geometry":{"type":"Point","coordinates":[79.11456,27.33554]},"properties":{"udise":"09170504204","name":"SRI SALIGRAM HSS TIGRA MANIKPURA JAITHARA","state":"UTTAR PRADESH","district":"ETAH","block":"JAITHARA","indicator":"girls_toilet_nonfunctional"}},{"type":"Feature","geometry":{"type":"Point","coordinates":[78.61199,27.73207]},"properties":{"udise":"09170802108","name":"SARASWATI BAAL SIKSHA MANDIR PIWARI","state":"UTTAR PRADESH","district":"ETAH","block":"MARHARA","indicator":"girls_toilet_nonfunctional"}},{"type":"Feature","geometry":{"type":"Point","coordinates":[79.01227,27.51258]},"properties":{"udise":"09170500133","name":"PAVIJRA GANGA INTER COLLEGE","state":"UTTAR PRADESH","district":"ETAH","block":"JAITHARA","indicator":"girls_toilet_nonfunctional"}},{"type":"Feature","geometry":{"type":"Point","coordinates":[78.65386,27.5093]},"properties":{"udise":"09171210103","name":"SHANTI NIKETAN PS","state":"UTTAR PRADESH","district":"ETAH","block":"SAKEET","indicator":"girls_toilet_nonfunctional"}},{"type":"Feature","geometry":{"type":"Point","coordinates":[79.225,26.66788]},"properties":{"udise":"09310205101","name":"PS BOJHA","state":"UTTAR PRADESH","district":"ETAWAH","block":"MAHEWA","indicator":"no_girls_toilet"}},{"type":"Feature","geometry":{"type":"Point","coordinates":[78.92771,26.84642]},"properties":{"udise":"09310414001","name":"DEVI BHOJESHWARI M V NAGLA BHI","state":"UTTAR PRADESH","district":"ETAWAH","block":"JASWANT NAGAR","indicator":"no_girls_toilet"}},{"type":"Feature","geometry":{"type":"Point","coordinates":[79.18186,26.70932]},"properties":{"udise":"09310201902","name":"U.P.S. SINGAULI","state":"UTTAR PRADESH","district":"ETAWAH","block":"MAHEWA","indicator":"no_girls_toilet"}},{"type":"Feature","geometry":{"type":"Point","coordinates":[79.22994,26.75281]},"properties":{"udise":"09310704004","name":"KANYA PS PURANA BHARTHNA","state":"UTTAR PRADESH","district":"ETAWAH","block":"BHARTHANA","indicator":"no_girls_toilet"}},{"type":"Feature","geometry":{"type":"Point","coordinates":[78.9556,26.8377]},"properties":{"udise":"09310409701","name":"PS NAGLA VERMAJEET","state":"UTTAR PRADESH","district":"ETAWAH","block":"JASWANT NAGAR","indicator":"no_girls_toilet"}},{"type":"Feature","geometry":{"type":"Point","coordinates":[78.8465,26.91555]},"properties":{"udise":"09310404303","name":"ADRESH D S P S DHARWAR","state":"UTTAR PRADESH","district":"ETAWAH","block":"JASWANT NAGAR","indicator":"no_girls_toilet"}},{"type":"Feature","geometry":{"type":"Point","coordinates":[79.01842,26.67528]},"properties":{"udise":"09310505702","name":"UPS SITAURA","state":"UTTAR PRADESH","district":"ETAWAH","block":"BARHPURA","indicator":"no_girls_toilet"}},{"type":"Feature","geometry":{"type":"Point","coordinates":[79.32022,26.73365]},"properties":{"udise":"09310709903","name":"SRI M S YADAV KIS JHS SAMHON","state":"UTTAR PRADESH","district":"ETAWAH","block":"BHARTHANA","indicator":"no_girls_toilet"}},{"type":"Feature","geometry":{"type":"Point","coordinates":[79.21434,26.9052]},"properties":{"udise":"09310102602","name":"PS MATIYAR PURA","state":"UTTAR PRADESH","district":"ETAWAH","block":"TAKHA","indicator":"no_girls_toilet"}},{"type":"Feature","geometry":{"type":"Point","coordinates":[79.1008,26.70735]},"properties":{"udise":"09310215901","name":"SRI RAM GOPAL P S DAIPURA","state":"UTTAR PRADESH","district":"ETAWAH","block":"MAHEWA","indicator":"no_girls_toilet"}},{"type":"Feature","geometry":{"type":"Point","coordinates":[79.22408,26.75649]},"properties":{"udise":"09310712821","name":"SWATANTRATA SANGRAM SENANI PS MAHAVEER NAGAR BHARTHANA","state":"UTTAR PRADESH","district":"ETAWAH","block":"BHARTHANA","indicator":"no_girls_toilet"}},{"type":"Feature","geometry":{"type":"Point","coordinates":[78.96849,26.82527]},"properties":{"udise":"09310513403","name":"PS BUTHELA","state":"UTTAR PRADESH","district":"ETAWAH","block":"BARHPURA","indicator":"no_girls_toilet"}},{"type":"Feature","geometry":{"type":"Point","coordinates":[79.18718,26.86028]},"properties":{"udise":"09310109403","name":"P S NAGLA KHEMI","state":"UTTAR PRADESH","district":"ETAWAH","block":"TAKHA","indicator":"no_girls_toilet"}},{"type":"Feature","geometry":{"type":"Point","coordinates":[79.11143,26.97345]},"properties":{"udise":"09310609801","name":"PS NAGLA KALAR","state":"UTTAR PRADESH","district":"ETAWAH","block":"SAIFAI","indicator":"no_girls_toilet"}},{"type":"Feature","geometry":{"type":"Point","coordinates":[79.13319,26.89136]},"properties":{"udise":"09310313102","name":"JANTA MADHYAMIC VIDHYALAY  CHAUBIA","state":"UTTAR PRADESH","district":"ETAWAH","block":"BASREHAR","indicator":"no_girls_toilet"}},{"type":"Feature","geometry":{"type":"Point","coordinates":[79.02816,26.66574]},"properties":{"udise":"09310501001","name":"PS GARIHA MULOO SINGH","state":"UTTAR PRADESH","district":"ETAWAH","block":"BARHPURA","indicator":"no_girls_toilet"}},{"type":"Feature","geometry":{"type":"Point","coordinates":[79.23329,26.75448]},"properties":{"udise":"09310701706","name":"K.K. SHIKSHA NIKETAN PS BIDHUNA ROAD SATI MANDIR GIRDHARIPURA BHARTHANA","state":"UTTAR PRADESH","district":"ETAWAH","block":"BHARTHANA","indicator":"no_girls_toilet"}},{"type":"Feature","geometry":{"type":"Point","coordinates":[79.19189,26.75124]},"properties":{"udise":"09310701601","name":"PS KANDHESI PACHAR","state":"UTTAR PRADESH","district":"ETAWAH","block":"BHARTHANA","indicator":"no_girls_toilet"}},{"type":"Feature","geometry":{"type":"Point","coordinates":[78.99227,26.58178]},"properties":{"udise":"09310807001","name":"P.S. UKHRAILA","state":"UTTAR PRADESH","district":"ETAWAH","block":"CHAKARNAGAR","indicator":"no_girls_toilet"}},{"type":"Feature","geometry":{"type":"Point","coordinates":[79.02345,26.77837]},"properties":{"udise":"09310907618","name":"DR JAKIR HUSEN M UPS","state":"UTTAR PRADESH","district":"ETAWAH","block":"ETAWAH NAGAR CHETRA","indicator":"no_girls_toilet"}},{"type":"Feature","geometry":{"type":"Point","coordinates":[79.03794,26.93907]},"properties":{"udise":"09310610601","name":"PS NAGLA NATHU SISIYA","state":"UTTAR PRADESH","district":"ETAWAH","block":"SAIFAI","indicator":"no_girls_toilet"}},{"type":"Feature","geometry":{"type":"Point","coordinates":[79.02339,26.77831]},"properties":{"udise":"09310902941","name":"M M ISHLAMIYA BODING PS","state":"UTTAR PRADESH","district":"ETAWAH","block":"ETAWAH NAGAR CHETRA","indicator":"no_girls_toilet"}},{"type":"Feature","geometry":{"type":"Point","coordinates":[79.24238,26.91701]},"properties":{"udise":"09310104203","name":"GAYATRI VIDYAPITH KAUWA","state":"UTTAR PRADESH","district":"ETAWAH","block":"TAKHA","indicator":"no_girls_toilet"}},{"type":"Feature","geometry":{"type":"Point","coordinates":[79.219,26.74625]},"properties":{"udise":"09310712805","name":"S.D. PUBLIC SCHOOL PS NEAR PALI BAMBA RAJAGANJ BHARTHANA","state":"UTTAR PRADESH","district":"ETAWAH","block":"BHARTHANA","indicator":"no_girls_toilet"}},{"type":"Feature","geometry":{"type":"Point","coordinates":[79.1255,26.51046]},"properties":{"udise":"09310810401","name":"PS PRATAPPURA","state":"UTTAR PRADESH","district":"ETAWAH","block":"CHAKARNAGAR","indicator":"no_girls_toilet"}},{"type":"Feature","geometry":{"type":"Point","coordinates":[79.16395,26.5835]},"properties":{"udise":"09310802702","name":"UPS KHIRITI","state":"UTTAR PRADESH","district":"ETAWAH","block":"CHAKARNAGAR","indicator":"no_girls_toilet"}},{"type":"Feature","geometry":{"type":"Point","coordinates":[79.21201,26.58873]},"properties":{"udise":"09310208803","name":"UPS ANDAVA","state":"UTTAR PRADESH","district":"ETAWAH","block":"MAHEWA","indicator":"no_girls_toilet"}},{"type":"Feature","geometry":{"type":"Point","coordinates":[79.12135,26.56181]},"properties":{"udise":"09310801502","name":"U.P.S. GANIYAWAR","state":"UTTAR PRADESH","district":"ETAWAH","block":"CHAKARNAGAR","indicator":"no_girls_toilet"}},{"type":"Feature","geometry":{"type":"Point","coordinates":[78.96584,26.82816]},"properties":{"udise":"09310415501","name":"P.V. NAGLA KANHAI","state":"UTTAR PRADESH","district":"ETAWAH","block":"JASWANT NAGAR","indicator":"no_girls_toilet"}},{"type":"Feature","geometry":{"type":"Point","coordinates":[78.92777,26.84647]},"properties":{"udise":"09310409405","name":"PS DEV BHOJESWEAREE NAGLA","state":"UTTAR PRADESH","district":"ETAWAH","block":"JASWANT NAGAR","indicator":"no_girls_toilet"}},{"type":"Feature","geometry":{"type":"Point","coordinates":[79.15276,26.75436]},"properties":{"udise":"09310707810","name":"SHREE G.D. BAUDHA VIDHYA MANDIR BHARTHANA","state":"UTTAR PRADESH","district":"ETAWAH","block":"BHARTHANA","indicator":"no_girls_toilet"}},{"type":"Feature","geometry":{"type":"Point","coordinates":[79.10454,26.57519]},"properties":{"udise":"09310802203","name":"UPS JAGTAULI","state":"UTTAR PRADESH","district":"ETAWAH","block":"CHAKARNAGAR","indicator":"no_girls_toilet"}},{"type":"Feature","geometry":{"type":"Point","coordinates":[79.00725,26.80809]},"properties":{"udise":"09310100302","name":"U.P.S. BHADAR PURA (1-8 COMPOSITE)","state":"UTTAR PRADESH","district":"ETAWAH","block":"TAKHA","indicator":"no_girls_toilet"}},{"type":"Feature","geometry":{"type":"Point","coordinates":[79.11902,26.71627]},"properties":{"udise":"09310201401","name":"P.S. MANIA MAU","state":"UTTAR PRADESH","district":"ETAWAH","block":"MAHEWA","indicator":"no_girls_toilet"}},{"type":"Feature","geometry":{"type":"Point","coordinates":[79.30199,26.90875]},"properties":{"udise":"09310106602","name":"UPS KATHAUTIYA (1-8 COMPOSITE)","state":"UTTAR PRADESH","district":"ETAWAH","block":"TAKHA","indicator":"no_girls_toilet"}},{"type":"Feature","geometry":{"type":"Point","coordinates":[79.22746,26.97365]},"properties":{"udise":"09310100402","name":"U.P.S NAGLA BALSINGH","state":"UTTAR PRADESH","district":"ETAWAH","block":"TAKHA","indicator":"no_girls_toilet"}},{"type":"Feature","geometry":{"type":"Point","coordinates":[79.30464,26.95246]},"properties":{"udise":"09310107501","name":"P.S. BHARATPUR KHURD","state":"UTTAR PRADESH","district":"ETAWAH","block":"TAKHA","indicator":"no_girls_toilet"}},{"type":"Feature","geometry":{"type":"Point","coordinates":[79.1326,26.53825]},"properties":{"udise":"09310801201","name":"P.S. KUNDAUL","state":"UTTAR PRADESH","district":"ETAWAH","block":"CHAKARNAGAR","indicator":"no_girls_toilet"}},{"type":"Feature","geometry":{"type":"Point","coordinates":[79.15089,26.51231]},"properties":{"udise":"09310804501","name":"P.S. PIPRAULI GADHIYA","state":"UTTAR PRADESH","district":"ETAWAH","block":"CHAKARNAGAR","indicator":"no_girls_toilet"}},{"type":"Feature","geometry":{"type":"Point","coordinates":[79.20927,26.69358]},"properties":{"udise":"09310221006","name":"RAM KISHAN SANSKRIT UMV RAMBAG LUDHIYANI","state":"UTTAR PRADESH","district":"ETAWAH","block":"MAHEWA","indicator":"no_girls_toilet"}},{"type":"Feature","geometry":{"type":"Point","coordinates":[78.88454,26.82659]},"properties":{"udise":"09310508601","name":"PS RAMPURA","state":"UTTAR PRADESH","district":"ETAWAH","block":"BARHPURA","indicator":"no_girls_toilet"}},{"type":"Feature","geometry":{"type":"Point","coordinates":[78.9865,26.79792]},"properties":{"udise":"09310511602","name":"UPS KANDHANI","state":"UTTAR PRADESH","district":"ETAWAH","block":"BARHPURA","indicator":"no_girls_toilet"}},{"type":"Feature","geometry":{"type":"Point","coordinates":[79.09568,26.7075]},"properties":{"udise":"09310212601","name":"PS NAGLA LASHKARIYAN","state":"UTTAR PRADESH","district":"ETAWAH","block":"MAHEWA","indicator":"no_girls_toilet"}},{"type":"Feature","geometry":{"type":"Point","coordinates":[79.22189,26.40864]},"properties":{"udise":"09310808702","name":"U.P.S. SALOKHARA","state":"UTTAR PRADESH","district":"ETAWAH","block":"CHAKARNAGAR","indicator":"no_girls_toilet"}},{"type":"Feature","geometry":{"type":"Point","coordinates":[79.06464,26.46974]},"properties":{"udise":"09310805502","name":"U.P.S. VINDWA KHURD","state":"UTTAR PRADESH","district":"ETAWAH","block":"CHAKARNAGAR","indicator":"no_girls_toilet"}},{"type":"Feature","geometry":{"type":"Point","coordinates":[79.25634,26.86365]},"properties":{"udise":"09310102902","name":"U.P.S. AMTHARI","state":"UTTAR PRADESH","district":"ETAWAH","block":"TAKHA","indicator":"no_girls_toilet"}},{"type":"Feature","geometry":{"type":"Point","coordinates":[79.01484,26.79305]},"properties":{"udise":"09310906502","name":"SRI RAM NARAIN P P SHIV NAGAR","state":"UTTAR PRADESH","district":"ETAWAH","block":"ETAWAH NAGAR CHETRA","indicator":"no_girls_toilet"}},{"type":"Feature","geometry":{"type":"Point","coordinates":[79.09794,26.99652]},"properties":{"udise":"09310606602","name":"U.P.S. NAGARIA KOOKPUR","state":"UTTAR PRADESH","district":"ETAWAH","block":"SAIFAI","indicator":"no_girls_toilet"}},{"type":"Feature","geometry":{"type":"Point","coordinates":[78.96425,26.95465]},"properties":{"udise":"09310601706","name":"AMITAB BACHCHAN GOVT. INTER COLLEGE SAIFAI","state":"UTTAR PRADESH","district":"ETAWAH","block":"SAIFAI","indicator":"no_girls_toilet"}},{"type":"Feature","geometry":{"type":"Point","coordinates":[79.00805,26.79591]},"properties":{"udise":"09310900336","name":"VIKAS MEMORIAL SHANTI COLONEY ETAWAH","state":"UTTAR PRADESH","district":"ETAWAH","block":"ETAWAH NAGAR CHETRA","indicator":"no_girls_toilet"}},{"type":"Feature","geometry":{"type":"Point","coordinates":[79.25665,26.86171]},"properties":{"udise":"09310112421","name":"RAM SWAROOP DAFEDAR SINGH UPS NAGLA HASE ETAWA","state":"UTTAR PRADESH","district":"ETAWAH","block":"TAKHA","indicator":"no_girls_toilet"}},{"type":"Feature","geometry":{"type":"Point","coordinates":[78.90624,26.8223]},"properties":{"udise":"09310508901","name":"PS HARDAS PURA","state":"UTTAR PRADESH","district":"ETAWAH","block":"BARHPURA","indicator":"no_girls_toilet"}},{"type":"Feature","geometry":{"type":"Point","coordinates":[79.00813,26.78741]},"properties":{"udise":"09310903270","name":"SARASWATI UPS MOTIJEEL ETAWA","state":"UTTAR PRADESH","district":"ETAWAH","block":"ETAWAH NAGAR CHETRA","indicator":"no_girls_toilet"}},{"type":"Feature","geometry":{"type":"Point","coordinates":[79.06457,26.4698]},"properties":{"udise":"09310810701","name":"PS BANGLAN","state":"UTTAR PRADESH","district":"ETAWAH","block":"CHAKARNAGAR","indicator":"no_girls_toilet"}},{"type":"Feature","geometry":{"type":"Point","coordinates":[78.75198,26.90958]},"properties":{"udise":"09310411601","name":"P S KHADIYAN","state":"UTTAR PRADESH","district":"ETAWAH","block":"JASWANT NAGAR","indicator":"no_girls_toilet"}},{"type":"Feature","geometry":{"type":"Point","coordinates":[79.19173,26.75385]},"properties":{"udise":"09310701603","name":"V P S M KANDHESI PACHAR","state":"UTTAR PRADESH","district":"ETAWAH","block":"BHARTHANA","indicator":"girls_toilet_nonfunctional"}},{"type":"Feature","geometry":{"type":"Point","coordinates":[79.31419,26.88096]},"properties":{"udise":"09310110001","name":"PS BISHUNPURA","state":"UTTAR PRADESH","district":"ETAWAH","block":"TAKHA","indicator":"girls_toilet_nonfunctional"}},{"type":"Feature","geometry":{"type":"Point","coordinates":[79.02346,26.77836]},"properties":{"udise":"09310902915","name":"H M S ISLAMIYA GIRLS J H SCHOOL","state":"UTTAR PRADESH","district":"ETAWAH","block":"ETAWAH NAGAR CHETRA","indicator":"girls_toilet_nonfunctional"}},{"type":"Feature","geometry":{"type":"Point","coordinates":[79.22201,26.75056]},"properties":{"udise":"09310701714","name":"MSK UPS BHARTHANA","state":"UTTAR PRADESH","district":"ETAWAH","block":"BHARTHANA","indicator":"girls_toilet_nonfunctional"}},{"type":"Feature","geometry":{"type":"Point","coordinates":[78.85238,26.78544]},"properties":{"udise":"09310514301","name":"PS PURA MANSHA RAM","state":"UTTAR PRADESH","district":"ETAWAH","block":"BARHPURA","indicator":"girls_toilet_nonfunctional"}},{"type":"Feature","geometry":{"type":"Point","coordinates":[79.25564,26.9148]},"properties":{"udise":"09310112409","name":"S S MEMO UPS PURAN PUR","state":"UTTAR PRADESH","district":"ETAWAH","block":"TAKHA","indicator":"girls_toilet_nonfunctional"}},{"type":"Feature","geometry":{"type":"Point","coordinates":[79.30954,26.73805]},"properties":{"udise":"09310709908","name":"PS N MUCHHARIYA","state":"UTTAR PRADESH","district":"ETAWAH","block":"BHARTHANA","indicator":"girls_toilet_nonfunctional"}},{"type":"Feature","geometry":{"type":"Point","coordinates":[78.95787,26.95784]},"properties":{"udise":"09310601715","name":"S S MOMO INTER SEFAI","state":"UTTAR PRADESH","district":"ETAWAH","block":"SAIFAI","indicator":"girls_toilet_nonfunctional"}},{"type":"Feature","geometry":{"type":"Point","coordinates":[79.26532,26.73191]},"properties":{"udise":"09310707807","name":"NARYAN SINGH UPS PALI KHURD","state":"UTTAR PRADESH","district":"ETAWAH","block":"BHARTHANA","indicator":"girls_toilet_nonfunctional"}},{"type":"Feature","geometry":{"type":"Point","coordinates":[79.1528,26.93808]},"properties":{"udise":"09310300201","name":"PS SIPURI","state":"UTTAR PRADESH","district":"ETAWAH","block":"BASREHAR","indicator":"girls_toilet_nonfunctional"}},{"type":"Feature","geometry":{"type":"Point","coordinates":[79.22254,26.74608]},"properties":{"udise":"09310716536","name":"PUSHPA DAVI INTER COLL BHARTANA","state":"UTTAR PRADESH","district":"ETAWAH","block":"BHARTHANA","indicator":"girls_toilet_nonfunctional"}},{"type":"Feature","geometry":{"type":"Point","coordinates":[79.1436,26.80971]},"properties":{"udise":"09310701501","name":"PS NAGLA RAMPHAL","state":"UTTAR PRADESH","district":"ETAWAH","block":"BHARTHANA","indicator":"girls_toilet_nonfunctional"}},{"type":"Feature","geometry":{"type":"Point","coordinates":[79.0224,26.79853]},"properties":{"udise":"09310902946","name":"MAHATMA GANDHI ADARSHA VIDYA MANDIR SHIV PURI","state":"UTTAR PRADESH","district":"ETAWAH","block":"ETAWAH NAGAR CHETRA","indicator":"girls_toilet_nonfunctional"}},{"type":"Feature","geometry":{"type":"Point","coordinates":[79.28257,26.72886]},"properties":{"udise":"09310716537","name":"BAKE BIHARI INTER COLL LUKHRIYAI","state":"UTTAR PRADESH","district":"ETAWAH","block":"BHARTHANA","indicator":"girls_toilet_nonfunctional"}},{"type":"Feature","geometry":{"type":"Point","coordinates":[79.09103,26.87921]},"properties":{"udise":"09310310501","name":"PS BASGAVAN","state":"UTTAR PRADESH","district":"ETAWAH","block":"BASREHAR","indicator":"girls_toilet_nonfunctional"}},{"type":"Feature","geometry":{"type":"Point","coordinates":[79.02419,26.77926]},"properties":{"udise":"09310901202","name":"PS KANYA BAL SINGH SECOND","state":"UTTAR PRADESH","district":"ETAWAH","block":"ETAWAH NAGAR CHETRA","indicator":"girls_toilet_nonfunctional"}},{"type":"Feature","geometry":{"type":"Point","coordinates":[79.22162,26.75039]},"properties":{"udise":"09310704304","name":"NSB PUBLIC SCHOOL UPS NEVILGANJ BHARTHANA","state":"UTTAR PRADESH","district":"ETAWAH","block":"BHARTHANA","indicator":"girls_toilet_nonfunctional"}},{"type":"Feature","geometry":{"type":"Point","coordinates":[79.05084,26.76485]},"properties":{"udise":"09310518101","name":"P.V. NIHALPURA","state":"UTTAR PRADESH","district":"ETAWAH","block":"BARHPURA","indicator":"girls_toilet_nonfunctional"}},{"type":"Feature","geometry":{"type":"Point","coordinates":[79.18001,26.99595]},"properties":{"udise":"09310301701","name":"PS SARSAI HALU","state":"UTTAR PRADESH","district":"ETAWAH","block":"BASREHAR","indicator":"girls_toilet_nonfunctional"}},{"type":"Feature","geometry":{"type":"Point","coordinates":[79.30912,26.70049]},"properties":{"udise":"09310710603","name":"GRAMIN Y MON P V JARPURA","state":"UTTAR PRADESH","district":"ETAWAH","block":"BHARTHANA","indicator":"girls_toilet_nonfunctional"}},{"type":"Feature","geometry":{"type":"Point","coordinates":[78.93868,26.74871]},"properties":{"udise":"09310502901","name":"PS MARAHIYA BARPURA","state":"UTTAR PRADESH","district":"ETAWAH","block":"BARHPURA","indicator":"girls_toilet_nonfunctional"}},{"type":"Feature","geometry":{"type":"Point","coordinates":[79.0236,26.77831]},"properties":{"udise":"09310902914","name":"H M S BALAK ETAWA PS","state":"UTTAR PRADESH","district":"ETAWAH","block":"ETAWAH NAGAR CHETRA","indicator":"girls_toilet_nonfunctional"}},{"type":"Feature","geometry":{"type":"Point","coordinates":[79.32786,26.75111]},"properties":{"udise":"09310710102","name":"G R P P MALHAUSI","state":"UTTAR PRADESH","district":"ETAWAH","block":"BHARTHANA","indicator":"girls_toilet_nonfunctional"}},{"type":"Feature","geometry":{"type":"Point","coordinates":[79.01888,26.7733]},"properties":{"udise":"09310903243","name":"CHIITRAGUPT INTER COLLEGE ETAWA","state":"UTTAR PRADESH","district":"ETAWAH","block":"ETAWAH NAGAR CHETRA","indicator":"girls_toilet_nonfunctional"}},{"type":"Feature","geometry":{"type":"Point","coordinates":[79.05675,26.96594]},"properties":{"udise":"09310605505","name":"P.S. N. HARIGYAN PARASANA","state":"UTTAR PRADESH","district":"ETAWAH","block":"SAIFAI","indicator":"girls_toilet_nonfunctional"}},{"type":"Feature","geometry":{"type":"Point","coordinates":[79.25455,26.78959]},"properties":{"udise":"09310713620","name":"S K SIKCHA NIKETAN KARWA KUHERD","state":"UTTAR PRADESH","district":"ETAWAH","block":"BHARTHANA","indicator":"girls_toilet_nonfunctional"}},{"type":"Feature","geometry":{"type":"Point","coordinates":[79.30691,26.96735]},"properties":{"udise":"09310108801","name":"P S NAGLA GANGAY","state":"UTTAR PRADESH","district":"ETAWAH","block":"TAKHA","indicator":"girls_toilet_nonfunctional"}},{"type":"Feature","geometry":{"type":"Point","coordinates":[79.32787,26.75111]},"properties":{"udise":"09310713604","name":"GEETA REETA UPS MALHAUSHI","state":"UTTAR PRADESH","district":"ETAWAH","block":"BHARTHANA","indicator":"girls_toilet_nonfunctional"}},{"type":"Feature","geometry":{"type":"Point","coordinates":[79.22346,26.75055]},"properties":{"udise":"09310715711","name":"M.K.P.J.H.S. BHARTHANA","state":"UTTAR PRADESH","district":"ETAWAH","block":"BHARTHANA","indicator":"girls_toilet_nonfunctional"}},{"type":"Feature","geometry":{"type":"Point","coordinates":[79.2897,26.78294]},"properties":{"udise":"09310707803","name":"JANTA PS BAHARPUR","state":"UTTAR PRADESH","district":"ETAWAH","block":"BHARTHANA","indicator":"girls_toilet_nonfunctional"}},{"type":"Feature","geometry":{"type":"Point","coordinates":[79.16497,26.75979]},"properties":{"udise":"09310713610","name":"RAM SIYA DEVI UPS","state":"UTTAR PRADESH","district":"ETAWAH","block":"BHARTHANA","indicator":"girls_toilet_nonfunctional"}},{"type":"Feature","geometry":{"type":"Point","coordinates":[79.23668,26.65376]},"properties":{"udise":"09310203501","name":"PS SHAKOOR PUR","state":"UTTAR PRADESH","district":"ETAWAH","block":"MAHEWA","indicator":"girls_toilet_nonfunctional"}},{"type":"Feature","geometry":{"type":"Point","coordinates":[79.24815,26.50031]},"properties":{"udise":"09310803602","name":"U.P.S BHAREH","state":"UTTAR PRADESH","district":"ETAWAH","block":"CHAKARNAGAR","indicator":"girls_toilet_nonfunctional"}},{"type":"Feature","geometry":{"type":"Point","coordinates":[79.18624,26.76209]},"properties":{"udise":"09310702303","name":"S S R U P S SEEHPUR","state":"UTTAR PRADESH","district":"ETAWAH","block":"BHARTHANA","indicator":"girls_toilet_nonfunctional"}},{"type":"Feature","geometry":{"type":"Point","coordinates":[79.30724,26.69747]},"properties":{"udise":"09310716527","name":"TEJ SINGH I.C. SUMAN VIHAR SIRKAURA BHARTHANA ETAWAH","state":"UTTAR PRADESH","district":"ETAWAH","block":"BHARTHANA","indicator":"girls_toilet_nonfunctional"}},{"type":"Feature","geometry":{"type":"Point","coordinates":[79.06213,26.45979]},"properties":{"udise":"09310805601","name":"P.S. GARHI MANGAD","state":"UTTAR PRADESH","district":"ETAWAH","block":"CHAKARNAGAR","indicator":"girls_toilet_nonfunctional"}},{"type":"Feature","geometry":{"type":"Point","coordinates":[79.21689,26.75283]},"properties":{"udise":"09310704013","name":"SRI DURGA SHIKSHA NIKETAN BHARTHNA","state":"UTTAR PRADESH","district":"ETAWAH","block":"BHARTHANA","indicator":"girls_toilet_nonfunctional"}},{"type":"Feature","geometry":{"type":"Point","coordinates":[79.2228,26.75704]},"properties":{"udise":"09310700408","name":"BAL BHARTI PUBLIC SCHOOL PS USRAHAR ROAD BRAHM NAGAR BHARTHANA","state":"UTTAR PRADESH","district":"ETAWAH","block":"BHARTHANA","indicator":"girls_toilet_nonfunctional"}},{"type":"Feature","geometry":{"type":"Point","coordinates":[79.22252,26.74609]},"properties":{"udise":"09310712802","name":"PUSHPA DAVI PS","state":"UTTAR PRADESH","district":"ETAWAH","block":"BHARTHANA","indicator":"girls_toilet_nonfunctional"}},{"type":"Feature","geometry":{"type":"Point","coordinates":[79.13103,26.71234]},"properties":{"udise":"09310201302","name":"UPS SARAI JALAL","state":"UTTAR PRADESH","district":"ETAWAH","block":"MAHEWA","indicator":"girls_toilet_nonfunctional"}},{"type":"Feature","geometry":{"type":"Point","coordinates":[79.11866,26.76486]},"properties":{"udise":"09310706003","name":"U.P.V. NAGLA THAKURI","state":"UTTAR PRADESH","district":"ETAWAH","block":"BHARTHANA","indicator":"girls_toilet_nonfunctional"}},{"type":"Feature","geometry":{"type":"Point","coordinates":[78.90114,26.88321]},"properties":{"udise":"09310410915","name":"BHAGWATI MON. SCHOOL","state":"UTTAR PRADESH","district":"ETAWAH","block":"JASWANT NAGAR","indicator":"girls_toilet_nonfunctional"}},{"type":"Feature","geometry":{"type":"Point","coordinates":[78.80269,26.92937]},"properties":{"udise":"09310417702","name":"UPS DOODDUA GOPALPUR","state":"UTTAR PRADESH","district":"ETAWAH","block":"JASWANT NAGAR","indicator":"girls_toilet_nonfunctional"}},{"type":"Feature","geometry":{"type":"Point","coordinates":[79.21682,26.74693]},"properties":{"udise":"09310704305","name":"NALANDA SHIKSHA SANSTHAN UPS NEAR PALI BAMBA RAJAGANJ BHARTHANA","state":"UTTAR PRADESH","district":"ETAWAH","block":"BHARTHANA","indicator":"girls_toilet_nonfunctional"}},{"type":"Feature","geometry":{"type":"Point","coordinates":[79.29491,26.81182]},"properties":{"udise":"09310715001","name":"NEHARU PV. GANSARA","state":"UTTAR PRADESH","district":"ETAWAH","block":"BHARTHANA","indicator":"girls_toilet_nonfunctional"}},{"type":"Feature","geometry":{"type":"Point","coordinates":[79.10354,26.66975]},"properties":{"udise":"09310214302","name":"GANDHI INTER COLLEGE LAVEDI","state":"UTTAR PRADESH","district":"ETAWAH","block":"MAHEWA","indicator":"girls_toilet_nonfunctional"}},{"type":"Feature","geometry":{"type":"Point","coordinates":[79.29581,26.67938]},"properties":{"udise":"09310222401","name":"P.S. ISMILPUR","state":"UTTAR PRADESH","district":"ETAWAH","block":"MAHEWA","indicator":"girls_toilet_nonfunctional"}},{"type":"Feature","geometry":{"type":"Point","coordinates":[79.17833,26.80141]},"properties":{"udise":"09310709001","name":"PS APOOR PUR","state":"UTTAR PRADESH","district":"ETAWAH","block":"BHARTHANA","indicator":"girls_toilet_nonfunctional"}},{"type":"Feature","geometry":{"type":"Point","coordinates":[79.02805,26.61775]},"properties":{"udise":"09310800120","name":"GOVT UPS JAUNANI","state":"UTTAR PRADESH","district":"ETAWAH","block":"CHAKARNAGAR","indicator":"girls_toilet_nonfunctional"}},{"type":"Feature","geometry":{"type":"Point","coordinates":[79.23861,26.48993]},"properties":{"udise":"09310803801","name":"P.S. CHAKARPURA","state":"UTTAR PRADESH","district":"ETAWAH","block":"CHAKARNAGAR","indicator":"girls_toilet_nonfunctional"}},{"type":"Feature","geometry":{"type":"Point","coordinates":[79.31629,26.78782]},"properties":{"udise":"09310708702","name":"SRI SHANKER P P DHAKPURA","state":"UTTAR PRADESH","district":"ETAWAH","block":"BHARTHANA","indicator":"girls_toilet_nonfunctional"}},{"type":"Feature","geometry":{"type":"Point","coordinates":[79.17644,26.7279]},"properties":{"udise":"09310702403","name":"GYANODAYA M V SAMASPUR","state":"UTTAR PRADESH","district":"ETAWAH","block":"BHARTHANA","indicator":"girls_toilet_nonfunctional"}},{"type":"Feature","geometry":{"type":"Point","coordinates":[79.22712,26.75044]},"properties":{"udise":"09310716531","name":"GYAN STHALI INTER COLLEGE BHARTHANA ETAWAH","state":"UTTAR PRADESH","district":"ETAWAH","block":"BHARTHANA","indicator":"girls_toilet_nonfunctional"}},{"type":"Feature","geometry":{"type":"Point","coordinates":[79.24241,26.91701]},"properties":{"udise":"09310104204","name":"SAVITRI VIDYAPITH KAUWA","state":"UTTAR PRADESH","district":"ETAWAH","block":"TAKHA","indicator":"girls_toilet_nonfunctional"}},{"type":"Feature","geometry":{"type":"Point","coordinates":[79.10785,26.57847]},"properties":{"udise":"09310800123","name":"JAWHAR INTER COLLEGE CHAKARNAGAR","state":"UTTAR PRADESH","district":"ETAWAH","block":"CHAKARNAGAR","indicator":"girls_toilet_nonfunctional"}},{"type":"Feature","geometry":{"type":"Point","coordinates":[79.03066,26.77639]},"properties":{"udise":"09310903268","name":"SHIVAJI S N INTER COLLEGE ETAWA","state":"UTTAR PRADESH","district":"ETAWAH","block":"ETAWAH NAGAR CHETRA","indicator":"girls_toilet_nonfunctional"}},{"type":"Feature","geometry":{"type":"Point","coordinates":[78.89909,26.88399]},"properties":{"udise":"09310410919","name":"ADRESH BAL VID MAN. JASWANT NA","state":"UTTAR PRADESH","district":"ETAWAH","block":"JASWANT NAGAR","indicator":"girls_toilet_nonfunctional"}},{"type":"Feature","geometry":{"type":"Point","coordinates":[79.22845,26.76589]},"properties":{"udise":"09310704503","name":"BOUDH SIKSHA NIKETAN SARAIYA","state":"UTTAR PRADESH","district":"ETAWAH","block":"BHARTHANA","indicator":"girls_toilet_nonfunctional"}},{"type":"Feature","geometry":{"type":"Point","coordinates":[79.21998,26.75281]},"properties":{"udise":"09310704311","name":"PARAMOUNT THEOSOPHICAL SCHOOL","state":"UTTAR PRADESH","district":"ETAWAH","block":"BHARTHANA","indicator":"girls_toilet_nonfunctional"}},{"type":"Feature","geometry":{"type":"Point","coordinates":[79.22304,26.75548]},"properties":{"udise":"09310702811","name":"GURUKUL ACADEMY J.H.S","state":"UTTAR PRADESH","district":"ETAWAH","block":"BHARTHANA","indicator":"girls_toilet_nonfunctional"}},{"type":"Feature","geometry":{"type":"Point","coordinates":[79.1946,26.63833]},"properties":{"udise":"09310217601","name":"PS BALLAMPUR","state":"UTTAR PRADESH","district":"ETAWAH","block":"MAHEWA","indicator":"girls_toilet_nonfunctional"}},{"type":"Feature","geometry":{"type":"Point","coordinates":[78.90868,26.87862]},"properties":{"udise":"09310410920","name":"DAYARAM MEMORIAL PUBLIC SCHOOL","state":"UTTAR PRADESH","district":"ETAWAH","block":"JASWANT NAGAR","indicator":"girls_toilet_nonfunctional"}},{"type":"Feature","geometry":{"type":"Point","coordinates":[79.02506,26.77376]},"properties":{"udise":"09310901002","name":"UPS KATRA FATEH MAHMOOR KHAN","state":"UTTAR PRADESH","district":"ETAWAH","block":"ETAWAH NAGAR CHETRA","indicator":"girls_toilet_nonfunctional"}},{"type":"Feature","geometry":{"type":"Point","coordinates":[79.13197,26.64984]},"properties":{"udise":"09310211402","name":"UPS IKRI","state":"UTTAR PRADESH","district":"ETAWAH","block":"MAHEWA","indicator":"girls_toilet_nonfunctional"}},{"type":"Feature","geometry":{"type":"Point","coordinates":[79.12571,26.82013]},"properties":{"udise":"09310305902","name":"V A B S M KILLI SULTANPUR","state":"UTTAR PRADESH","district":"ETAWAH","block":"BASREHAR","indicator":"girls_toilet_nonfunctional"}},{"type":"Feature","geometry":{"type":"Point","coordinates":[79.22408,26.75357]},"properties":{"udise":"09310712813","name":"SHYAMA BAL VIDHYALAY PS MAHAVEER NAGAR BHARTHANA","state":"UTTAR PRADESH","district":"ETAWAH","block":"BHARTHANA","indicator":"girls_toilet_nonfunctional"}},{"type":"Feature","geometry":{"type":"Point","coordinates":[79.31997,26.73832]},"properties":{"udise":"09310709906","name":"RAMKALI SHIK. PRAS. P P SAMOHO","state":"UTTAR PRADESH","district":"ETAWAH","block":"BHARTHANA","indicator":"girls_toilet_nonfunctional"}},{"type":"Feature","geometry":{"type":"Point","coordinates":[78.86155,26.86233]},"properties":{"udise":"09310401302","name":"BHARTIYA  A U M V BHIKHANPUR","state":"UTTAR PRADESH","district":"ETAWAH","block":"JASWANT NAGAR","indicator":"girls_toilet_nonfunctional"}},{"type":"Feature","geometry":{"type":"Point","coordinates":[79.11866,26.87737]},"properties":{"udise":"09310318008","name":"ASIT INTER COLL GANGAPURA ETAWA","state":"UTTAR PRADESH","district":"ETAWAH","block":"BASREHAR","indicator":"girls_toilet_nonfunctional"}},{"type":"Feature","geometry":{"type":"Point","coordinates":[79.22161,26.75041]},"properties":{"udise":"09310704306","name":"NSB PUBLIC SCHOOL PS NEVILGANJ BHARTHANA","state":"UTTAR PRADESH","district":"ETAWAH","block":"BHARTHANA","indicator":"girls_toilet_nonfunctional"}},{"type":"Feature","geometry":{"type":"Point","coordinates":[79.17642,26.72793]},"properties":{"udise":"09310702404","name":"GYANODAYA PS SAMASPUR","state":"UTTAR PRADESH","district":"ETAWAH","block":"BHARTHANA","indicator":"girls_toilet_nonfunctional"}},{"type":"Feature","geometry":{"type":"Point","coordinates":[78.84695,26.74733]},"properties":{"udise":"09310514801","name":"PS MARAIYA PACHHAIN GAON","state":"UTTAR PRADESH","district":"ETAWAH","block":"BARHPURA","indicator":"girls_toilet_nonfunctional"}},{"type":"Feature","geometry":{"type":"Point","coordinates":[79.2232,26.57478]},"properties":{"udise":"09310209201","name":"PS VINAYAK PUR","state":"UTTAR PRADESH","district":"ETAWAH","block":"MAHEWA","indicator":"girls_toilet_nonfunctional"}},{"type":"Feature","geometry":{"type":"Point","coordinates":[79.04881,26.80614]},"properties":{"udise":"09310304002","name":"KANYA UPS DATAWALI","state":"UTTAR PRADESH","district":"ETAWAH","block":"BASREHAR","indicator":"girls_toilet_nonfunctional"}},{"type":"Feature","geometry":{"type":"Point","coordinates":[79.22935,26.76584]},"properties":{"udise":"09310704504","name":"R B PUBLIC SCHOOL SARAIYA","state":"UTTAR PRADESH","district":"ETAWAH","block":"BHARTHANA","indicator":"girls_toilet_nonfunctional"}},{"type":"Feature","geometry":{"type":"Point","coordinates":[79.11782,26.51664]},"properties":{"udise":"09310811001","name":"PS KUNWARPURA","state":"UTTAR PRADESH","district":"ETAWAH","block":"CHAKARNAGAR","indicator":"girls_toilet_nonfunctional"}},{"type":"Feature","geometry":{"type":"Point","coordinates":[79.2782,26.79324]},"properties":{"udise":"09310707805","name":"SARASWATI GYAN MANDIR PS","state":"UTTAR PRADESH","district":"ETAWAH","block":"BHARTHANA","indicator":"girls_toilet_nonfunctional"}},{"type":"Feature","geometry":{"type":"Point","coordinates":[79.01158,26.78673]},"properties":{"udise":"09310403702","name":"UPS NAGLA TAUR","state":"UTTAR PRADESH","district":"ETAWAH","block":"JASWANT NAGAR","indicator":"girls_toilet_nonfunctional"}},{"type":"Feature","geometry":{"type":"Point","coordinates":[79.31612,26.73383]},"properties":{"udise":"09310716525","name":"D L INTER COLL NAGLA VIDHI","state":"UTTAR PRADESH","district":"ETAWAH","block":"BHARTHANA","indicator":"girls_toilet_nonfunctional"}},{"type":"Feature","geometry":{"type":"Point","coordinates":[79.21998,26.75284]},"properties":{"udise":"09310704312","name":"PARAMOUNT THEOSOPHICAL SCHOOL","state":"UTTAR PRADESH","district":"ETAWAH","block":"BHARTHANA","indicator":"girls_toilet_nonfunctional"}},{"type":"Feature","geometry":{"type":"Point","coordinates":[78.92917,26.92274]},"properties":{"udise":"09310603901","name":"P.S. LARKHAUR","state":"UTTAR PRADESH","district":"ETAWAH","block":"SAIFAI","indicator":"girls_toilet_nonfunctional"}},{"type":"Feature","geometry":{"type":"Point","coordinates":[79.09795,26.70408]},"properties":{"udise":"09310215902","name":"P.S. DAIPUR","state":"UTTAR PRADESH","district":"ETAWAH","block":"MAHEWA","indicator":"girls_toilet_nonfunctional"}},{"type":"Feature","geometry":{"type":"Point","coordinates":[78.92708,26.89301]},"properties":{"udise":"09310414801","name":"PS NAGLA RATHORE","state":"UTTAR PRADESH","district":"ETAWAH","block":"JASWANT NAGAR","indicator":"girls_toilet_nonfunctional"}},{"type":"Feature","geometry":{"type":"Point","coordinates":[79.03533,26.67685]},"properties":{"udise":"09310502703","name":"JANTA M V  JARHAULI","state":"UTTAR PRADESH","district":"ETAWAH","block":"BARHPURA","indicator":"girls_toilet_nonfunctional"}},{"type":"Feature","geometry":{"type":"Point","coordinates":[79.18633,26.76209]},"properties":{"udise":"09310702302","name":"S S R P S SEEHPUR","state":"UTTAR PRADESH","district":"ETAWAH","block":"BHARTHANA","indicator":"girls_toilet_nonfunctional"}},{"type":"Feature","geometry":{"type":"Point","coordinates":[79.22189,26.40864]},"properties":{"udise":"09310809002","name":"U.P.S. KARIYAWALI","state":"UTTAR PRADESH","district":"ETAWAH","block":"CHAKARNAGAR","indicator":"girls_toilet_nonfunctional"}},{"type":"Feature","geometry":{"type":"Point","coordinates":[79.20785,26.72378]},"properties":{"udise":"09310702102","name":"BHARAT SINGH P V MAUDHI","state":"UTTAR PRADESH","district":"ETAWAH","block":"BHARTHANA","indicator":"girls_toilet_nonfunctional"}},{"type":"Feature","geometry":{"type":"Point","coordinates":[79.23384,26.80072]},"properties":{"udise":"09310713602","name":"MA MATHUNNA DAVI UPS","state":"UTTAR PRADESH","district":"ETAWAH","block":"BHARTHANA","indicator":"girls_toilet_nonfunctional"}},{"type":"Feature","geometry":{"type":"Point","coordinates":[79.32003,26.73831]},"properties":{"udise":"09310709904","name":"RAMKALI SHIK. PRAS. M V SAMOHO","state":"UTTAR PRADESH","district":"ETAWAH","block":"BHARTHANA","indicator":"girls_toilet_nonfunctional"}},{"type":"Feature","geometry":{"type":"Point","coordinates":[79.26012,26.72627]},"properties":{"udise":"09310703406","name":"SMT R P M V PALLI KHURD","state":"UTTAR PRADESH","district":"ETAWAH","block":"BHARTHANA","indicator":"girls_toilet_nonfunctional"}},{"type":"Feature","geometry":{"type":"Point","coordinates":[79.31615,26.73379]},"properties":{"udise":"09310713603","name":"DR. LOHIYA PS NA VIDHI","state":"UTTAR PRADESH","district":"ETAWAH","block":"BHARTHANA","indicator":"girls_toilet_nonfunctional"}},{"type":"Feature","geometry":{"type":"Point","coordinates":[79.00104,26.94757]},"properties":{"udise":"09310601718","name":"SRI MATI MURTI DAVI UPS BABUHIYA SAIFAIE","state":"UTTAR PRADESH","district":"ETAWAH","block":"SAIFAI","indicator":"girls_toilet_nonfunctional"}},{"type":"Feature","geometry":{"type":"Point","coordinates":[78.89981,26.88343]},"properties":{"udise":"09310410918","name":"BAL KALYAN PUBLIC SCHOOL REL MANDI JASWANTNAGAR","state":"UTTAR PRADESH","district":"ETAWAH","block":"JASWANT NAGAR","indicator":"girls_toilet_nonfunctional"}},{"type":"Feature","geometry":{"type":"Point","coordinates":[79.495,26.8]},"properties":{"udise":"09310714504","name":"S.B.M.S.Y. INTER COLLEGE NAGLA BIDHI SAMHON ETW","state":"UTTAR PRADESH","district":"ETAWAH","block":"BHARTHANA","indicator":"girls_toilet_nonfunctional"}},{"type":"Feature","geometry":{"type":"Point","coordinates":[79.31612,26.73378]},"properties":{"udise":"09310713803","name":"D.L.S.P.M.V. NAGLA BIDHI","state":"UTTAR PRADESH","district":"ETAWAH","block":"BHARTHANA","indicator":"girls_toilet_nonfunctional"}},{"type":"Feature","geometry":{"type":"Point","coordinates":[79.21668,26.75282]},"properties":{"udise":"09310716519","name":"C J S INTER COLL NAGLA CHOTE ETAWA","state":"UTTAR PRADESH","district":"ETAWAH","block":"BHARTHANA","indicator":"girls_toilet_nonfunctional"}},{"type":"Feature","geometry":{"type":"Point","coordinates":[78.9041,26.84823]},"properties":{"udise":"09310412901","name":"SRI DAL CHANDRA M V NAGLA MIHILAL","state":"UTTAR PRADESH","district":"ETAWAH","block":"JASWANT NAGAR","indicator":"girls_toilet_nonfunctional"}},{"type":"Feature","geometry":{"type":"Point","coordinates":[79.32266,26.72052]},"properties":{"udise":"09310705101","name":"PS NAGLA BHURAY","state":"UTTAR PRADESH","district":"ETAWAH","block":"BHARTHANA","indicator":"girls_toilet_nonfunctional"}},{"type":"Feature","geometry":{"type":"Point","coordinates":[79.21946,26.70252]},"properties":{"udise":"09310218501","name":"P.V. NAGLA BHAJU","state":"UTTAR PRADESH","district":"ETAWAH","block":"MAHEWA","indicator":"girls_toilet_nonfunctional"}},{"type":"Feature","geometry":{"type":"Point","coordinates":[79.21622,26.78122]},"properties":{"udise":"09310713621","name":"LAD KIRASHNA  PS","state":"UTTAR PRADESH","district":"ETAWAH","block":"BHARTHANA","indicator":"girls_toilet_nonfunctional"}},{"type":"Feature","geometry":{"type":"Point","coordinates":[79.17876,26.77274]},"properties":{"udise":"09310700802","name":"LT SRI H S P V NINAWA","state":"UTTAR PRADESH","district":"ETAWAH","block":"BHARTHANA","indicator":"girls_toilet_nonfunctional"}},{"type":"Feature","geometry":{"type":"Point","coordinates":[78.98475,26.70684]},"properties":{"udise":"09310502601","name":"PS PUTHAN RAJPURA","state":"UTTAR PRADESH","district":"ETAWAH","block":"BARHPURA","indicator":"girls_toilet_nonfunctional"}},{"type":"Feature","geometry":{"type":"Point","coordinates":[79.22706,26.7826]},"properties":{"udise":"09310704401","name":"PS BHOLI","state":"UTTAR PRADESH","district":"ETAWAH","block":"BHARTHANA","indicator":"girls_toilet_nonfunctional"}},{"type":"Feature","geometry":{"type":"Point","coordinates":[79.21244,26.74982]},"properties":{"udise":"09310712818","name":"SRIMATI MANORAMA DEVI PS NEAR STATION YADAV NAGAR BHARTHANA","state":"UTTAR PRADESH","district":"ETAWAH","block":"BHARTHANA","indicator":"girls_toilet_nonfunctional"}},{"type":"Feature","geometry":{"type":"Point","coordinates":[78.95353,26.90052]},"properties":{"udise":"09310602801","name":"P.S. BANAMAI","state":"UTTAR PRADESH","district":"ETAWAH","block":"SAIFAI","indicator":"girls_toilet_nonfunctional"}},{"type":"Feature","geometry":{"type":"Point","coordinates":[79.23386,26.80072]},"properties":{"udise":"09310714702","name":"M.M.D.P.V. UMAR SEDHA","state":"UTTAR PRADESH","district":"ETAWAH","block":"BHARTHANA","indicator":"girls_toilet_nonfunctional"}},{"type":"Feature","geometry":{"type":"Point","coordinates":[79.18632,26.76212]},"properties":{"udise":"09310716523","name":"CH R N SINGH SALIGRAM I C SEEPURA","state":"UTTAR PRADESH","district":"ETAWAH","block":"BHARTHANA","indicator":"girls_toilet_nonfunctional"}},{"type":"Feature","geometry":{"type":"Point","coordinates":[79.20069,26.69659]},"properties":{"udise":"09310220101","name":"PS LADAIYAPUR","state":"UTTAR PRADESH","district":"ETAWAH","block":"MAHEWA","indicator":"girls_toilet_nonfunctional"}},{"type":"Feature","geometry":{"type":"Point","coordinates":[78.96,27.0267]},"properties":{"udise":"09310413602","name":"SARSWATI S G S J H S PADARPURA","state":"UTTAR PRADESH","district":"ETAWAH","block":"JASWANT NAGAR","indicator":"girls_toilet_nonfunctional"}},{"type":"Feature","geometry":{"type":"Point","coordinates":[79.09351,26.72618]},"properties":{"udise":"09310706603","name":"MA HANS VAHINI PS DAULATPUR","state":"UTTAR PRADESH","district":"ETAWAH","block":"BHARTHANA","indicator":"girls_toilet_nonfunctional"}},{"type":"Feature","geometry":{"type":"Point","coordinates":[79.23005,26.75272]},"properties":{"udise":"09310702812","name":"GYAN SURYA UPS GIRDHARI","state":"UTTAR PRADESH","district":"ETAWAH","block":"BHARTHANA","indicator":"girls_toilet_nonfunctional"}},{"type":"Feature","geometry":{"type":"Point","coordinates":[79.27547,26.78995]},"properties":{"udise":"09310712501","name":"R S D SIKSHA NEKETAN SHIKSHAT SANSTHAN BAHARPUR","state":"UTTAR PRADESH","district":"ETAWAH","block":"BHARTHANA","indicator":"girls_toilet_nonfunctional"}},{"type":"Feature","geometry":{"type":"Point","coordinates":[78.95912,26.92108]},"properties":{"udise":"09310601901","name":"P.S. HAIVERA","state":"UTTAR PRADESH","district":"ETAWAH","block":"SAIFAI","indicator":"girls_toilet_nonfunctional"}},{"type":"Feature","geometry":{"type":"Point","coordinates":[79.14021,26.80255]},"properties":{"udise":"09310709302","name":"UPS DIVERA SAI","state":"UTTAR PRADESH","district":"ETAWAH","block":"BHARTHANA","indicator":"girls_toilet_nonfunctional"}},{"type":"Feature","geometry":{"type":"Point","coordinates":[79.22217,26.9354]},"properties":{"udise":"09310100501","name":"P.S. NAGLA JALAL","state":"UTTAR PRADESH","district":"ETAWAH","block":"TAKHA","indicator":"girls_toilet_nonfunctional"}},{"type":"Feature","geometry":{"type":"Point","coordinates":[79.29901,26.77725]},"properties":{"udise":"09310715901","name":"PS MIRAYAN","state":"UTTAR PRADESH","district":"ETAWAH","block":"BHARTHANA","indicator":"girls_toilet_nonfunctional"}},{"type":"Feature","geometry":{"type":"Point","coordinates":[79.24983,26.82035]},"properties":{"udise":"09310716546","name":"JABAR SINGH UPS NAGLA DHANA BHARTHANA","state":"UTTAR PRADESH","district":"ETAWAH","block":"BHARTHANA","indicator":"girls_toilet_nonfunctional"}},{"type":"Feature","geometry":{"type":"Point","coordinates":[79.3141,26.78744]},"properties":{"udise":"09310714101","name":"S.M.R.S.D. NAGLA KEHARI","state":"UTTAR PRADESH","district":"ETAWAH","block":"BHARTHANA","indicator":"girls_toilet_nonfunctional"}},{"type":"Feature","geometry":{"type":"Point","coordinates":[79.33946,26.90672]},"properties":{"udise":"09310111601","name":"PS SHIVRA","state":"UTTAR PRADESH","district":"ETAWAH","block":"TAKHA","indicator":"girls_toilet_nonfunctional"}},{"type":"Feature","geometry":{"type":"Point","coordinates":[79.1433,27.1167]},"properties":{"udise":"09310308634","name":"GYAN VIKASH GYAN MANDIRGYANPURA PS","state":"UTTAR PRADESH","district":"ETAWAH","block":"BASREHAR","indicator":"girls_toilet_nonfunctional"}},{"type":"Feature","geometry":{"type":"Point","coordinates":[79.28641,26.96261]},"properties":{"udise":"09310112422","name":"VIDYA VATI ADARAS INTER PALAN ADDA USHRARHAR","state":"UTTAR PRADESH","district":"ETAWAH","block":"TAKHA","indicator":"girls_toilet_nonfunctional"}},{"type":"Feature","geometry":{"type":"Point","coordinates":[78.8272,26.9087]},"properties":{"udise":"09310409413","name":"PS BALL BHARTEE PABLIC SCHOOL NAGLA","state":"UTTAR PRADESH","district":"ETAWAH","block":"JASWANT NAGAR","indicator":"girls_toilet_nonfunctional"}},{"type":"Feature","geometry":{"type":"Point","coordinates":[79.21066,26.77125]},"properties":{"udise":"09310714201","name":"S.B.J.M.P.V. THAKPURA BHARTHAN","state":"UTTAR PRADESH","district":"ETAWAH","block":"BHARTHANA","indicator":"girls_toilet_nonfunctional"}},{"type":"Feature","geometry":{"type":"Point","coordinates":[78.88864,26.88137]},"properties":{"udise":"09310410938","name":"S S INTER COLLEGE SISHAT ETAWAH","state":"UTTAR PRADESH","district":"ETAWAH","block":"JASWANT NAGAR","indicator":"girls_toilet_nonfunctional"}},{"type":"Feature","geometry":{"type":"Point","coordinates":[79.03916,26.76721]},"properties":{"udise":"09310903263","name":"SUMAN VIDYAPET UPS PACCABARG","state":"UTTAR PRADESH","district":"ETAWAH","block":"ETAWAH NAGAR CHETRA","indicator":"girls_toilet_nonfunctional"}},{"type":"Feature","geometry":{"type":"Point","coordinates":[79.30041,26.69732]},"properties":{"udise":"09310703301","name":"MAHATMA GANDHI PUBLIC PURANA BHARTHANA ETAWAH","state":"UTTAR PRADESH","district":"ETAWAH","block":"BHARTHANA","indicator":"girls_toilet_nonfunctional"}},{"type":"Feature","geometry":{"type":"Point","coordinates":[79.32001,26.73827]},"properties":{"udise":"09310716541","name":"R K INTER SAMHO ETAWA","state":"UTTAR PRADESH","district":"ETAWAH","block":"BHARTHANA","indicator":"girls_toilet_nonfunctional"}},{"type":"Feature","geometry":{"type":"Point","coordinates":[79.20431,26.67109]},"properties":{"udise":"09310203902","name":"JANTA M V NASEEDIPUR","state":"UTTAR PRADESH","district":"ETAWAH","block":"MAHEWA","indicator":"girls_toilet_nonfunctional"}},{"type":"Feature","geometry":{"type":"Point","coordinates":[79.22304,26.75546]},"properties":{"udise":"09310702810","name":"GURUKUL ACADMY BHARTHANA","state":"UTTAR PRADESH","district":"ETAWAH","block":"BHARTHANA","indicator":"girls_toilet_nonfunctional"}},{"type":"Feature","geometry":{"type":"Point","coordinates":[79.3009,26.97883]},"properties":{"udise":"09310101503","name":"PS KIRAT PUR","state":"UTTAR PRADESH","district":"ETAWAH","block":"TAKHA","indicator":"girls_toilet_nonfunctional"}},{"type":"Feature","geometry":{"type":"Point","coordinates":[79.21677,26.74686]},"properties":{"udise":"09310704307","name":"NALANDA SHIKSHA SANSTHAN PS NEAR PALI BAMBA RAJAGANJ BHARTHANA","state":"UTTAR PRADESH","district":"ETAWAH","block":"BHARTHANA","indicator":"girls_toilet_nonfunctional"}},{"type":"Feature","geometry":{"type":"Point","coordinates":[79.30726,26.69745]},"properties":{"udise":"09310707806","name":"MANJU DAVI TEZ PS SIRKAURA","state":"UTTAR PRADESH","district":"ETAWAH","block":"BHARTHANA","indicator":"girls_toilet_nonfunctional"}},{"type":"Feature","geometry":{"type":"Point","coordinates":[81.88724,26.6258]},"properties":{"udise":"09471202102","name":"PURVA MADHYAMIK VIDYALAY   TIKRA","state":"UTTAR PRADESH","district":"FAIZABAD","block":"MILKIPUR","indicator":"no_girls_toilet"}},{"type":"Feature","geometry":{"type":"Point","coordinates":[82.43972,26.77722]},"properties":{"udise":"09471109301","name":"PRATHMIK VIDHYALAY MALAWAN","state":"UTTAR PRADESH","district":"FAIZABAD","block":"TARUN","indicator":"no_girls_toilet"}},{"type":"Feature","geometry":{"type":"Point","coordinates":[82.31972,27.2925]},"properties":{"udise":"09470900101","name":"PRATHMIK VIDYALAY.MUZAFFARPUR","state":"UTTAR PRADESH","district":"FAIZABAD","block":"RUDAULI","indicator":"no_girls_toilet"}},{"type":"Feature","geometry":{"type":"Point","coordinates":[82.2075,27.29361]},"properties":{"udise":"09470904301","name":"PRATHMIK VIDYALAY.GULCHAPPA KHURD","state":"UTTAR PRADESH","district":"FAIZABAD","block":"RUDAULI","indicator":"no_girls_toilet"}},{"type":"Feature","geometry":{"type":"Point","coordinates":[82.20917,26.89333]},"properties":{"udise":"09470107803","name":"PS PURE JHAU","state":"UTTAR PRADESH","district":"FAIZABAD","block":"AMANIGANJ","indicator":"no_girls_toilet"}},{"type":"Feature","geometry":{"type":"Point","coordinates":[82.28639,26.99833]},"properties":{"udise":"09470108201","name":"P.S. BARAULI","state":"UTTAR PRADESH","district":"FAIZABAD","block":"AMANIGANJ","indicator":"no_girls_toilet"}},{"type":"Feature","geometry":{"type":"Point","coordinates":[82.45833,27.10917]},"properties":{"udise":"09470804601","name":"PRATHMIK VIDAYLAY KANYA GYANAPUR","state":"UTTAR PRADESH","district":"FAIZABAD","block":"PURA","indicator":"no_girls_toilet"}},{"type":"Feature","geometry":{"type":"Point","coordinates":[82.18861,27.1525]},"properties":{"udise":"09470406301","name":"PRATHAMIK VIDHYALAY  BABHANGAWA","state":"UTTAR PRADESH","district":"FAIZABAD","block":"MASAUDHA","indicator":"no_girls_toilet"}},{"type":"Feature","geometry":{"type":"Point","coordinates":[82.43694,27.20833]},"properties":{"udise":"09471001201","name":"PRATHAMIK VIDYALAYA KOTDEH SARAIA COMPOSITE 1 TO 8","state":"UTTAR PRADESH","district":"FAIZABAD","block":"SOHAWAL","indicator":"no_girls_toilet"}},{"type":"Feature","geometry":{"type":"Point","coordinates":[82.575,27.13444]},"properties":{"udise":"09470711903","name":"PRATHIMIK VIDAYALAY EESHA SARAI","state":"UTTAR PRADESH","district":"FAIZABAD","block":"MAYA","indicator":"no_girls_toilet"}},{"type":"Feature","geometry":{"type":"Point","coordinates":[82.305,26.80361]},"properties":{"udise":"09471107803","name":"BHAGWAN BAL VIDYA MANDIR","state":"UTTAR PRADESH","district":"FAIZABAD","block":"TARUN","indicator":"no_girls_toilet"}},{"type":"Feature","geometry":{"type":"Point","coordinates":[81.75358,26.82149]},"properties":{"udise":"09470902310","name":"GOVT HIGH SCHOOL SUJAGANJ RUDAULI FAIZABAD","state":"UTTAR PRADESH","district":"FAIZABAD","block":"RUDAULI","indicator":"no_girls_toilet"}},{"type":"Feature","geometry":{"type":"Point","coordinates":[82.1126,26.8596]},"properties":{"udise":"09470206401","name":"POORAV MADHAMIK VIDYALAY VISHNOHARPUR","state":"UTTAR PRADESH","district":"FAIZABAD","block":"BIKAPUR","indicator":"no_girls_toilet"}},{"type":"Feature","geometry":{"type":"Point","coordinates":[80.871,26.428]},"properties":{"udise":"09470206202","name":"POORAV MADHAMIK VIDYALAY MAURAWAN","state":"UTTAR PRADESH","district":"FAIZABAD","block":"BIKAPUR","indicator":"no_girls_toilet"}},{"type":"Feature","geometry":{"type":"Point","coordinates":[82.24528,27.32722]},"properties":{"udise":"09471500401","name":"PRAYHMIK VIDYALAYA BEGUMGANJ","state":"UTTAR PRADESH","district":"FAIZABAD","block":"AYODHYA TOWN AREA","indicator":"no_girls_toilet"}},{"type":"Feature","geometry":{"type":"Point","coordinates":[82.23778,27.28111]},"properties":{"udise":"09471501901","name":"PRATHAMIK VIDYALAYA  NAKA","state":"UTTAR PRADESH","district":"FAIZABAD","block":"AYODHYA TOWN AREA","indicator":"no_girls_toilet"}},{"type":"Feature","geometry":{"type":"Point","coordinates":[82.26167,27.40778]},"properties":{"udise":"09470913401","name":"PRATHAMIKVIDYALY.HASNA MAU","state":"UTTAR PRADESH","district":"FAIZABAD","block":"RUDAULI","indicator":"no_girls_toilet"}},{"type":"Feature","geometry":{"type":"Point","coordinates":[81.61091,26.79763]},"properties":{"udise":"09470602505","name":"POORV MADHYAMIK VIDYALAY NURPUR COMPOSITE 1 TO 8","state":"UTTAR PRADESH","district":"FAIZABAD","block":"MAWAI","indicator":"no_girls_toilet"}},{"type":"Feature","geometry":{"type":"Point","coordinates":[82.45056,26.80528]},"properties":{"udise":"09471109201","name":"PRATHMIK VIDHYALAY MAIHAR KABIRPUR","state":"UTTAR PRADESH","district":"FAIZABAD","block":"TARUN","indicator":"no_girls_toilet"}},{"type":"Feature","geometry":{"type":"Point","coordinates":[82.33722,27.34472]},"properties":{"udise":"09471300901","name":"PRATHAMIK VIDYALAYA  SWARGNDWAR","state":"UTTAR PRADESH","district":"FAIZABAD","block":"AYODHYA TOWN AREA","indicator":"no_girls_toilet"}},{"type":"Feature","geometry":{"type":"Point","coordinates":[82.37306,26.15556]},"properties":{"udise":"09471303602","name":"SRI GOVERDHAN SANSKRIT H.S RAMKOT","state":"UTTAR PRADESH","district":"FAIZABAD","block":"AYODHYA TOWN AREA","indicator":"no_girls_toilet"}},{"type":"Feature","geometry":{"type":"Point","coordinates":[82.29194,27.32556]},"properties":{"udise":"09470901001","name":"PRATHMIK VIDYALAY.ALHWANA","state":"UTTAR PRADESH","district":"FAIZABAD","block":"RUDAULI","indicator":"no_girls_toilet"}},{"type":"Feature","geometry":{"type":"Point","coordinates":[81.58965,26.79127]},"properties":{"udise":"09470601203","name":"POORV MADHYAMIK RANI MAU COMPOSITE 1 TO 8","state":"UTTAR PRADESH","district":"FAIZABAD","block":"MAWAI","indicator":"no_girls_toilet"}},{"type":"Feature","geometry":{"type":"Point","coordinates":[82.99731,26.64641]},"properties":{"udise":"09471205701","name":"PURVA MADHYAMIK VIDYALAY  SHEKHANPUR","state":"UTTAR PRADESH","district":"FAIZABAD","block":"MILKIPUR","indicator":"no_girls_toilet"}},{"type":"Feature","geometry":{"type":"Point","coordinates":[82.44583,27.13556]},"properties":{"udise":"09470801001","name":"KANYA PRATHMIK VIDAYLAY KASTURIPUR","state":"UTTAR PRADESH","district":"FAIZABAD","block":"PURA","indicator":"no_girls_toilet"}},{"type":"Feature","geometry":{"type":"Point","coordinates":[82.34306,27.30611]},"properties":{"udise":"09470900201","name":"PRATHMIK VIDYALAY.PHULSANDA","state":"UTTAR PRADESH","district":"FAIZABAD","block":"RUDAULI","indicator":"no_girls_toilet"}},{"type":"Feature","geometry":{"type":"Point","coordinates":[82.27806,27.30389]},"properties":{"udise":"09471500802","name":"PRATHMIK VIDYALAYA  . BACHHRA","state":"UTTAR PRADESH","district":"FAIZABAD","block":"AYODHYA TOWN AREA","indicator":"no_girls_toilet"}},{"type":"Feature","geometry":{"type":"Point","coordinates":[82.06778,27.10278]},"properties":{"udise":"09470607003","name":"R.K. HANUMAN BAL VIDYA MANDIR","state":"UTTAR PRADESH","district":"FAIZABAD","block":"MAWAI","indicator":"no_girls_toilet"}},{"type":"Feature","geometry":{"type":"Point","coordinates":[82.21778,26.96222]},"properties":{"udise":"09471700401","name":"PRATHAMIK VIDYALAY BILLARI","state":"UTTAR PRADESH","district":"FAIZABAD","block":"BIKAPUR","indicator":"no_girls_toilet"}},{"type":"Feature","geometry":{"type":"Point","coordinates":[82.2028,26.78289]},"properties":{"udise":"09471301002","name":"PURVA MADHAMIK VIDALAYA SONKHER KUND COMPOSITE 1 TO 8","state":"UTTAR PRADESH","district":"FAIZABAD","block":"AYODHYA TOWN AREA","indicator":"no_girls_toilet"}},{"type":"Feature","geometry":{"type":"Point","coordinates":[82.18056,27.37583]},"properties":{"udise":"09470904001","name":"PRATHMIK VIDYALAY..SARAI AHMAD","state":"UTTAR PRADESH","district":"FAIZABAD","block":"RUDAULI","indicator":"no_girls_toilet"}},{"type":"Feature","geometry":{"type":"Point","coordinates":[82.31667,27.0775]},"properties":{"udise":"09470102410","name":"P.S. DADUAPUR","state":"UTTAR PRADESH","district":"FAIZABAD","block":"AMANIGANJ","indicator":"no_girls_toilet"}},{"type":"Feature","geometry":{"type":"Point","coordinates":[82.1998,26.79216]},"properties":{"udise":"09471302405","name":"SRI MAD BAL MUKUND MHADESHIK SANSKRIT UMV AYODHYA","state":"UTTAR PRADESH","district":"FAIZABAD","block":"AYODHYA TOWN AREA","indicator":"no_girls_toilet"}},{"type":"Feature","geometry":{"type":"Point","coordinates":[82.69222,27.05556]},"properties":{"udise":"09470713301","name":"GOVERNMENT HIGHER SECONDARY SCHOOL, HARDI","state":"UTTAR PRADESH","district":"FAIZABAD","block":"MAYA","indicator":"no_girls_toilet"}},{"type":"Feature","geometry":{"type":"Point","coordinates":[82.70278,26.95444]},"properties":{"udise":"09470403201","name":"PRATHAMIK VIDHYALAY   ABU SARAI","state":"UTTAR PRADESH","district":"FAIZABAD","block":"MASAUDHA","indicator":"no_girls_toilet"}},{"type":"Feature","geometry":{"type":"Point","coordinates":[82.34333,27.14139]},"properties":{"udise":"09470810408","name":"GRAMODAYA H.S. SCHOOL","state":"UTTAR PRADESH","district":"FAIZABAD","block":"PURA","indicator":"no_girls_toilet"}},{"type":"Feature","geometry":{"type":"Point","coordinates":[82.13714,26.74304]},"properties":{"udise":"09470400202","name":"PURVA MADHAYMIK VIDYALAYA HANSAPUR","state":"UTTAR PRADESH","district":"FAIZABAD","block":"MASAUDHA","indicator":"no_girls_toilet"}},{"type":"Feature","geometry":{"type":"Point","coordinates":[82.16917,26.15194]},"properties":{"udise":"09470405804","name":"RAJKIYA ASHRAM PADATI, BARVA","state":"UTTAR PRADESH","district":"FAIZABAD","block":"MASAUDHA","indicator":"no_girls_toilet"}},{"type":"Feature","geometry":{"type":"Point","coordinates":[82.27917,27.30806]},"properties":{"udise":"09471500701","name":"PRATHAMIK VIDYALAYA  SAHABGANJ-II","state":"UTTAR PRADESH","district":"FAIZABAD","block":"AYODHYA TOWN AREA","indicator":"no_girls_toilet"}},{"type":"Feature","geometry":{"type":"Point","coordinates":[82.33556,27.33472]},"properties":{"udise":"09471301901","name":"PRATHAMIK VIDYALAYA PALI MANDIR","state":"UTTAR PRADESH","district":"FAIZABAD","block":"AYODHYA TOWN AREA","indicator":"no_girls_toilet"}},{"type":"Feature","geometry":{"type":"Point","coordinates":[82.11889,27.26778]},"properties":{"udise":"09470401904","name":"POINEAR BAL V. MANDIR PS MUMTAJNGR","state":"UTTAR PRADESH","district":"FAIZABAD","block":"MASAUDHA","indicator":"no_girls_toilet"}},{"type":"Feature","geometry":{"type":"Point","coordinates":[82.22028,27.31417]},"properties":{"udise":"09470905001","name":"PRATHMIK VIDYALAY.KUDRA SADAAT COMPOSITE 1 TO 8","state":"UTTAR PRADESH","district":"FAIZABAD","block":"RUDAULI","indicator":"no_girls_toilet"}},{"type":"Feature","geometry":{"type":"Point","coordinates":[82.17056,27.20861]},"properties":{"udise":"09470909201","name":"PRATHAMIKVIDYALY. BHAISOLI","state":"UTTAR PRADESH","district":"FAIZABAD","block":"RUDAULI","indicator":"no_girls_toilet"}},{"type":"Feature","geometry":{"type":"Point","coordinates":[82.75194,26.98417]},"properties":{"udise":"09470703705","name":"PRATHIMIK VIDAYALAY BERA UTTAR KA PURWA","state":"UTTAR PRADESH","district":"FAIZABAD","block":"MAYA","indicator":"no_girls_toilet"}},{"type":"Feature","geometry":{"type":"Point","coordinates":[82.28905,26.66573]},"properties":{"udise":"09470811201","name":"POORV MADHYAMIK VIDYALAY GOVINDPUR PUNHAD","state":"UTTAR PRADESH","district":"FAIZABAD","block":"PURA","indicator":"no_girls_toilet"}},{"type":"Feature","geometry":{"type":"Point","coordinates":[82.65333,27.25389]},"properties":{"udise":"09471006303","name":"P.S. SUCHITAGANJ - II","state":"UTTAR PRADESH","district":"FAIZABAD","block":"SOHAWAL","indicator":"no_girls_toilet"}},{"type":"Feature","geometry":{"type":"Point","coordinates":[81.62101,26.66143]},"properties":{"udise":"09470605401","name":"PRATHMIK VIDYALA DEOET","state":"UTTAR PRADESH","district":"FAIZABAD","block":"MAWAI","indicator":"no_girls_toilet"}},{"type":"Feature","geometry":{"type":"Point","coordinates":[82.34639,27.36944]},"properties":{"udise":"09470902801","name":"PRATHMIK VIDYALAY..UDH RAURA","state":"UTTAR PRADESH","district":"FAIZABAD","block":"RUDAULI","indicator":"no_girls_toilet"}},{"type":"Feature","geometry":{"type":"Point","coordinates":[81.98541,26.67256]},"properties":{"udise":"09471209003","name":"PURVA MADHYAMIK VIDYALAY  SURWARA COMPOSITE 1 TO 8","state":"UTTAR PRADESH","district":"FAIZABAD","block":"MILKIPUR","indicator":"no_girls_toilet"}},{"type":"Feature","geometry":{"type":"Point","coordinates":[82.30528,26.71972]},"properties":{"udise":"09471109502","name":"SRI BHAGWAN BAL VIDHYA MANDIR P.M.V. SAWARDHEER","state":"UTTAR PRADESH","district":"FAIZABAD","block":"TARUN","indicator":"no_girls_toilet"}},{"type":"Feature","geometry":{"type":"Point","coordinates":[82.4325,26.89167]},"properties":{"udise":"09471100202","name":"PRATHMIK VIDHYALAY KANPURIYA","state":"UTTAR PRADESH","district":"FAIZABAD","block":"TARUN","indicator":"no_girls_toilet"}},{"type":"Feature","geometry":{"type":"Point","coordinates":[82.425,27.20472]},"properties":{"udise":"09471003510","name":"P.S. PURE JARERA","state":"UTTAR PRADESH","district":"FAIZABAD","block":"SOHAWAL","indicator":"no_girls_toilet"}},{"type":"Feature","geometry":{"type":"Point","coordinates":[81.55776,26.67021]},"properties":{"udise":"09470605602","name":"POORV MADHYAMIK VIDYALAY HANSRAJPUR COMPOSITE 1 TO 8","state":"UTTAR PRADESH","district":"FAIZABAD","block":"MAWAI","indicator":"no_girls_toilet"}},{"type":"Feature","geometry":{"type":"Point","coordinates":[81.79425,26.75687]},"properties":{"udise":"09470912103","name":"POORV MADYMIK VIDYALY SIPAH BHATT","state":"UTTAR PRADESH","district":"FAIZABAD","block":"RUDAULI","indicator":"no_girls_toilet"}},{"type":"Feature","geometry":{"type":"Point","coordinates":[82.47278,26.78472]},"properties":{"udise":"09471101804","name":"PRATHMIK VIDHYALAY VANJARWA","state":"UTTAR PRADESH","district":"FAIZABAD","block":"TARUN","indicator":"no_girls_toilet"}},{"type":"Feature","geometry":{"type":"Point","coordinates":[82.32111,27.28667]},"properties":{"udise":"09470900901","name":"PRATHMIK VIDYALAY.GAURAIAMAU COMPOSITE 1 TO 8","state":"UTTAR PRADESH","district":"FAIZABAD","block":"RUDAULI","indicator":"no_girls_toilet"}},{"type":"Feature","geometry":{"type":"Point","coordinates":[82.09306,27.08083]},"properties":{"udise":"09471206002","name":"SSS, RAMPURWA","state":"UTTAR PRADESH","district":"FAIZABAD","block":"MILKIPUR","indicator":"no_girls_toilet"}},{"type":"Feature","geometry":{"type":"Point","coordinates":[82.5725,26.95889]},"properties":{"udise":"09470306002","name":"PRATHMIK VIDYALAY.NIMDRI NAVEEN COMPOSITE 1 TO 8","state":"UTTAR PRADESH","district":"FAIZABAD","block":"HARINTANGANJ","indicator":"no_girls_toilet"}},{"type":"Feature","geometry":{"type":"Point","coordinates":[82.29139,27.25222]},"properties":{"udise":"09470406601","name":"PRATHAMIK VIDHYALAY  VALDI  PANDEY KA PURA","state":"UTTAR PRADESH","district":"FAIZABAD","block":"MASAUDHA","indicator":"no_girls_toilet"}},{"type":"Feature","geometry":{"type":"Point","coordinates":[82.46361,26.75972]},"properties":{"udise":"09471109303","name":"PRATHMIK VIDHYALAY PALIYA","state":"UTTAR PRADESH","district":"FAIZABAD","block":"TARUN","indicator":"no_girls_toilet"}},{"type":"Feature","geometry":{"type":"Point","coordinates":[82.345,27.39028]},"properties":{"udise":"09470912901","name":"PRATHAMIKVIDYALY. KAITHI","state":"UTTAR PRADESH","district":"FAIZABAD","block":"RUDAULI","indicator":"no_girls_toilet"}},{"type":"Feature","geometry":{"type":"Point","coordinates":[82.11889,27.26778]},"properties":{"udise":"09470401905","name":"POINEAR BAL V. M. PURVA MADHAYMIK VIDYALAYAMUMTAJNGR","state":"UTTAR PRADESH","district":"FAIZABAD","block":"MASAUDHA","indicator":"no_girls_toilet"}},{"type":"Feature","geometry":{"type":"Point","coordinates":[82.60833,27.24139]},"properties":{"udise":"09471005001","name":"PRATHAMIK VIDYALAYA  BISHUNPUR SARA","state":"UTTAR PRADESH","district":"FAIZABAD","block":"SOHAWAL","indicator":"no_girls_toilet"}},{"type":"Feature","geometry":{"type":"Point","coordinates":[82.20222,27.235]},"properties":{"udise":"09470409901","name":"ABS NIKETAN PRATHAMIK VIDHYALAY PALIYA SHAHBADI","state":"UTTAR PRADESH","district":"FAIZABAD","block":"MASAUDHA","indicator":"no_girls_toilet"}},{"type":"Feature","geometry":{"type":"Point","coordinates":[81.9125,26.94583]},"properties":{"udise":"09470902309","name":"MADARSA JAMIA HALEEMA SADIA LILBANAT","state":"UTTAR PRADESH","district":"FAIZABAD","block":"RUDAULI","indicator":"no_girls_toilet"}},{"type":"Feature","geometry":{"type":"Point","coordinates":[82.55975,26.9131]},"properties":{"udise":"09470306905","name":"SARASWATI GYAN MANDIR PRATHMIK VIDYALAYA DHARAMGANJ","state":"UTTAR PRADESH","district":"FAIZABAD","block":"HARINTANGANJ","indicator":"no_girls_toilet"}},{"type":"Feature","geometry":{"type":"Point","coordinates":[82.26444,27.29556]},"properties":{"udise":"09471501801","name":"PRATHAMIK VIDYALAYA . HAIDARGANJ","state":"UTTAR PRADESH","district":"FAIZABAD","block":"AYODHYA TOWN AREA","indicator":"no_girls_toilet"}},{"type":"Feature","geometry":{"type":"Point","coordinates":[82.47,27.20861]},"properties":{"udise":"09471003201","name":"PRATHAMIK VIDYALAYA  TANDVA","state":"UTTAR PRADESH","district":"FAIZABAD","block":"SOHAWAL","indicator":"no_girls_toilet"}},{"type":"Feature","geometry":{"type":"Point","coordinates":[82.26806,27.28556]},"properties":{"udise":"09471502401","name":"PRATHAMIK VIDYALAYA  . MODHA","state":"UTTAR PRADESH","district":"FAIZABAD","block":"AYODHYA TOWN AREA","indicator":"no_girls_toilet"}},{"type":"Feature","geometry":{"type":"Point","coordinates":[82.23833,27.30083]},"properties":{"udise":"09470904201","name":"PRATHMIK VIDYALAY.SARAI PIR","state":"UTTAR PRADESH","district":"FAIZABAD","block":"RUDAULI","indicator":"no_girls_toilet"}},{"type":"Feature","geometry":{"type":"Point","coordinates":[82.2775,27.38222]},"properties":{"udise":"09470902501","name":"PRATHMIK VIDYALAY..VICHALA","state":"UTTAR PRADESH","district":"FAIZABAD","block":"RUDAULI","indicator":"no_girls_toilet"}},{"type":"Feature","geometry":{"type":"Point","coordinates":[82.03698,27.03254]},"properties":{"udise":"09471002611","name":"R.S. PRATHMIK VIDYALAY DEORAKOT SOHAWAL AYODHYA","state":"UTTAR PRADESH","district":"FAIZABAD","block":"SOHAWAL","indicator":"no_girls_toilet"}},{"type":"Feature","geometry":{"type":"Point","coordinates":[82.26028,27.30194]},"properties":{"udise":"09471502701","name":"ST. ANN'S PRIMARY SCHOOL","state":"UTTAR PRADESH","district":"FAIZABAD","block":"AYODHYA TOWN AREA","indicator":"no_girls_toilet"}},{"type":"Feature","geometry":{"type":"Point","coordinates":[81.85744,26.77478]},"properties":{"udise":"09470912802","name":"POORV MADYMIK VIDYALY.HARIHARPUR BALIAYA","state":"UTTAR PRADESH","district":"FAIZABAD","block":"RUDAULI","indicator":"no_girls_toilet"}},{"type":"Feature","geometry":{"type":"Point","coordinates":[82.23722,27.33417]},"properties":{"udise":"09470903401","name":"PRATHMIK VIDYALAY.FIROZPUR PAWARAN","state":"UTTAR PRADESH","district":"FAIZABAD","block":"RUDAULI","indicator":"no_girls_toilet"}},{"type":"Feature","geometry":{"type":"Point","coordinates":[82.0864,26.6]},"properties":{"udise":"09470211304","name":"NIRMALA DEVI PATEL BALIKA VID. JHS","state":"UTTAR PRADESH","district":"FAIZABAD","block":"BIKAPUR","indicator":"no_girls_toilet"}},{"type":"Feature","geometry":{"type":"Point","coordinates":[82.26574,26.70704]},"properties":{"udise":"09470804102","name":"POORV MADHYAMIK VIDYALAY NARA","state":"UTTAR PRADESH","district":"FAIZABAD","block":"PURA","indicator":"no_girls_toilet"}},{"type":"Feature","geometry":{"type":"Point","coordinates":[81.75132,26.7821]},"properties":{"udise":"09470910902","name":"POORV MADYMIK VIDYALY JAMUNIYA MAU","state":"UTTAR PRADESH","district":"FAIZABAD","block":"RUDAULI","indicator":"no_girls_toilet"}},{"type":"Feature","geometry":{"type":"Point","coordinates":[82.1525,27.19028]},"properties":{"udise":"09470905803","name":"PRATHAMIKVIDYALY GOGAURA","state":"UTTAR PRADESH","district":"FAIZABAD","block":"RUDAULI","indicator":"no_girls_toilet"}},{"type":"Feature","geometry":{"type":"Point","coordinates":[82.31306,26.87111]},"properties":{"udise":"09470211403","name":"SHUBHASH L.M.V.BODAHARI","state":"UTTAR PRADESH","district":"FAIZABAD","block":"BIKAPUR","indicator":"no_girls_toilet"}},{"type":"Feature","geometry":{"type":"Point","coordinates":[82.1306,26.711]},"properties":{"udise":"09470210302","name":"POORAV MADHAMIK VIDYALAY MAHAWAN","state":"UTTAR PRADESH","district":"FAIZABAD","block":"BIKAPUR","indicator":"no_girls_toilet"}},{"type":"Feature","geometry":{"type":"Point","coordinates":[82.19333,27.045]},"properties":{"udise":"09470607706","name":"PRATHMIK VIDYALA BANDHWA","state":"UTTAR PRADESH","district":"FAIZABAD","block":"MAWAI","indicator":"no_girls_toilet"}},{"type":"Feature","geometry":{"type":"Point","coordinates":[82.23972,27.16111]},"properties":{"udise":"09470406502","name":"PRATHAMIK VIDHYALAY  SAHABADI","state":"UTTAR PRADESH","district":"FAIZABAD","block":"MASAUDHA","indicator":"no_girls_toilet"}},{"type":"Feature","geometry":{"type":"Point","coordinates":[82.14773,26.78241]},"properties":{"udise":"09471003602","name":"PURVA MADHYAMIK VIDYALAYA  DEORI","state":"UTTAR PRADESH","district":"FAIZABAD","block":"SOHAWAL","indicator":"no_girls_toilet"}},{"type":"Feature","geometry":{"type":"Point","coordinates":[82.65167,26.95278]},"properties":{"udise":"09471400113","name":"SENT THAMAS PRATHIMIK VIDAYALAY GOSAIGANJ","state":"UTTAR PRADESH","district":"FAIZABAD","block":"MAYA","indicator":"no_girls_toilet"}},{"type":"Feature","geometry":{"type":"Point","coordinates":[82.28528,27.27667]},"properties":{"udise":"09470805403","name":"AVADH PUBLIC SCHOOL P.S. AYODHYA","state":"UTTAR PRADESH","district":"FAIZABAD","block":"PURA","indicator":"no_girls_toilet"}},{"type":"Feature","geometry":{"type":"Point","coordinates":[82.15323,26.78053]},"properties":{"udise":"09471500607","name":"KYNA PURVA MADHYMIK VIDYALAY,  REEDGANJ COMPOSITE 1 TO 8","state":"UTTAR PRADESH","district":"FAIZABAD","block":"AYODHYA TOWN AREA","indicator":"no_girls_toilet"}},{"type":"Feature","geometry":{"type":"Point","coordinates":[82.22278,27.24083]},"properties":{"udise":"09470909704","name":"PRATHAMIKVIDYALY MAKHDUMI","state":"UTTAR PRADESH","district":"FAIZABAD","block":"RUDAULI","indicator":"no_girls_toilet"}},{"type":"Feature","geometry":{"type":"Point","coordinates":[82.21861,27.35444]},"properties":{"udise":"09470904501","name":"PRATHMIK VIDYALAY..YAKUBPUR","state":"UTTAR PRADESH","district":"FAIZABAD","block":"RUDAULI","indicator":"no_girls_toilet"}},{"type":"Feature","geometry":{"type":"Point","coordinates":[82.29278,26.72694]},"properties":{"udise":"09471106705","name":"CHINTAMANI SMARAK KANYA PMV HANUMATNAGAR","state":"UTTAR PRADESH","district":"FAIZABAD","block":"TARUN","indicator":"no_girls_toilet"}},{"type":"Feature","geometry":{"type":"Point","coordinates":[82.5875,27.00417]},"properties":{"udise":"09470709402","name":"SRI KARRIYA BABA LAGHU MADYMIC VIDAYALA  RAJPALLI","state":"UTTAR PRADESH","district":"FAIZABAD","block":"MAYA","indicator":"no_girls_toilet"}},{"type":"Feature","geometry":{"type":"Point","coordinates":[82.18417,27.31333]},"properties":{"udise":"09470905601","name":"PRATHMIK VIDYALAY..ROUJA GAON","state":"UTTAR PRADESH","district":"FAIZABAD","block":"RUDAULI","indicator":"no_girls_toilet"}},{"type":"Feature","geometry":{"type":"Point","coordinates":[82.23944,27.29111]},"properties":{"udise":"09471501703","name":"RAJKIYA INTER COLLEGE, FAIZABAD","state":"UTTAR PRADESH","district":"FAIZABAD","block":"AYODHYA TOWN AREA","indicator":"no_girls_toilet"}},{"type":"Feature","geometry":{"type":"Point","coordinates":[82.32056,27.32722]},"properties":{"udise":"09471303411","name":"SRI GAYETRI BHRAMCHYAR SHRAM SANSKRIT H.S SCHOOL","state":"UTTAR PRADESH","district":"FAIZABAD","block":"AYODHYA TOWN AREA","indicator":"no_girls_toilet"}},{"type":"Feature","geometry":{"type":"Point","coordinates":[82.07278,27.11583]},"properties":{"udise":"09470605903","name":"PRATHMIK VIDYALA CHHOTI BANI","state":"UTTAR PRADESH","district":"FAIZABAD","block":"MAWAI","indicator":"no_girls_toilet"}},{"type":"Feature","geometry":{"type":"Point","coordinates":[82.17583,27.22472]},"properties":{"udise":"09470402703","name":"SARSWATI S.N. P.S.MAU YADUVANS","state":"UTTAR PRADESH","district":"FAIZABAD","block":"MASAUDHA","indicator":"no_girls_toilet"}},{"type":"Feature","geometry":{"type":"Point","coordinates":[82.20722,27.02889]},"properties":{"udise":"09470607708","name":"PRATHMIK VIDYALAY POORE SHUKLA","state":"UTTAR PRADESH","district":"FAIZABAD","block":"MAWAI","indicator":"no_girls_toilet"}},{"type":"Feature","geometry":{"type":"Point","coordinates":[82.29778,27.16972]},"properties":{"udise":"09470910301","name":"PRATHAMIKVIDYALY. BARI","state":"UTTAR PRADESH","district":"FAIZABAD","block":"RUDAULI","indicator":"no_girls_toilet"}},{"type":"Feature","geometry":{"type":"Point","coordinates":[82.20833,27.33583]},"properties":{"udise":"09470904602","name":"MADARSA TALIMUL KURAN, ANSUMAU","state":"UTTAR PRADESH","district":"FAIZABAD","block":"RUDAULI","indicator":"no_girls_toilet"}},{"type":"Feature","geometry":{"type":"Point","coordinates":[82.29333,27.06306]},"properties":{"udise":"09471104302","name":"PRATHMIK VIDHYALAY ICHHAURI","state":"UTTAR PRADESH","district":"FAIZABAD","block":"TARUN","indicator":"no_girls_toilet"}},{"type":"Feature","geometry":{"type":"Point","coordinates":[82.19111,27.19111]},"properties":{"udise":"09470909709","name":"PRATHMIK VIDYALY AKHAIYA MAU","state":"UTTAR PRADESH","district":"FAIZABAD","block":"RUDAULI","indicator":"no_girls_toilet"}},{"type":"Feature","geometry":{"type":"Point","coordinates":[82.395,27.12444]},"properties":{"udise":"09470800201","name":"PRATHMIK VIDAYLAY ANJANA PRATHAM","state":"UTTAR PRADESH","district":"FAIZABAD","block":"PURA","indicator":"girls_toilet_nonfunctional"}},{"type":"Feature","geometry":{"type":"Point","coordinates":[82.23778,26.48722]},"properties":{"udise":"09471105302","name":"ABHA BAL VIDYA MANDIR KHAPRADEEH","state":"UTTAR PRADESH","district":"FAIZABAD","block":"TARUN","indicator":"girls_toilet_nonfunctional"}},{"type":"Feature","geometry":{"type":"Point","coordinates":[82.28556,27.23028]},"properties":{"udise":"09470408902","name":"PRABHAT MONTASORY","state":"UTTAR PRADESH","district":"FAIZABAD","block":"MASAUDHA","indicator":"girls_toilet_nonfunctional"}},{"type":"Feature","geometry":{"type":"Point","coordinates":[82.32545,26.67805]},"properties":{"udise":"09470705601","name":"PURVA MADHYMIK VIDYALAY RAKAURA","state":"UTTAR PRADESH","district":"FAIZABAD","block":"MAYA","indicator":"girls_toilet_nonfunctional"}},{"type":"Feature","geometry":{"type":"Point","coordinates":[82.73889,27.07111]},"properties":{"udise":"09470701001","name":"PRATHIMIK VIDAYALAY UNIYAR","state":"UTTAR PRADESH","district":"FAIZABAD","block":"MAYA","indicator":"girls_toilet_nonfunctional"}},{"type":"Feature","geometry":{"type":"Point","coordinates":[82.02278,27.125]},"properties":{"udise":"09470605503","name":"MADARSA MUNNAWARUL HAQ","state":"UTTAR PRADESH","district":"FAIZABAD","block":"MAWAI","indicator":"girls_toilet_nonfunctional"}},{"type":"Feature","geometry":{"type":"Point","coordinates":[81.73143,26.57238]},"properties":{"udise":"09470106005","name":"JHS. RAHMANIGANJ COMPOSITE 1 TO 8","state":"UTTAR PRADESH","district":"FAIZABAD","block":"AMANIGANJ","indicator":"girls_toilet_nonfunctional"}},{"type":"Feature","geometry":{"type":"Point","coordinates":[82.09799,26.47442]},"properties":{"udise":"09470309202","name":"POORVE MADHYMIK VIDYALAY.NIDHIYAUVA","state":"UTTAR PRADESH","district":"FAIZABAD","block":"HARINTANGANJ","indicator":"girls_toilet_nonfunctional"}},{"type":"Feature","geometry":{"type":"Point","coordinates":[82.74056,26.96]},"properties":{"udise":"09470700114","name":"IMMAMIYA  HIGHER SECONDARY SCHOOL, AMSIN","state":"UTTAR PRADESH","district":"FAIZABAD","block":"MAYA","indicator":"girls_toilet_nonfunctional"}},{"type":"Feature","geometry":{"type":"Point","coordinates":[82.50833,26.94556]},"properties":{"udise":"09471105804","name":"JHINKADEVI RJ SMARAK PS TARAPUR","state":"UTTAR PRADESH","district":"FAIZABAD","block":"TARUN","indicator":"girls_toilet_nonfunctional"}},{"type":"Feature","geometry":{"type":"Point","coordinates":[82.71556,26.9875]},"properties":{"udise":"09470705904","name":"PAWAN PUBLIC PRATHIMIK VIDAYALAY BADANPUR","state":"UTTAR PRADESH","district":"FAIZABAD","block":"MAYA","indicator":"girls_toilet_nonfunctional"}},{"type":"Feature","geometry":{"type":"Point","coordinates":[82.45,26.93028]},"properties":{"udise":"09471210403","name":"PRATHAMIK VIDYALAY  VASAPUR","state":"UTTAR PRADESH","district":"FAIZABAD","block":"MILKIPUR","indicator":"girls_toilet_nonfunctional"}},{"type":"Feature","geometry":{"type":"Point","coordinates":[81.68906,26.83081]},"properties":{"udise":"09470914702","name":"POORV MADYMIK VIDYALY.GARAUDRA","state":"UTTAR PRADESH","district":"FAIZABAD","block":"RUDAULI","indicator":"girls_toilet_nonfunctional"}},{"type":"Feature","geometry":{"type":"Point","coordinates":[82.20222,27.07972]},"properties":{"udise":"09472200109","name":"SARSWATI VIDHYA MANDIR  I.C.BHADARSA FZD","state":"UTTAR PRADESH","district":"FAIZABAD","block":"MASAUDHA","indicator":"girls_toilet_nonfunctional"}},{"type":"Feature","geometry":{"type":"Point","coordinates":[82.25366,26]},"properties":{"udise":"09471109104","name":"SHREE RAJKARAN UM VIDYALAY IMILIYA HAIDERGANJ","state":"UTTAR PRADESH","district":"FAIZABAD","block":"TARUN","indicator":"girls_toilet_nonfunctional"}},{"type":"Feature","geometry":{"type":"Point","coordinates":[82.6,26.99139]},"properties":{"udise":"09470306201","name":"PRATHMIK VIDYALAY.KALYANPUR","state":"UTTAR PRADESH","district":"FAIZABAD","block":"HARINTANGANJ","indicator":"girls_toilet_nonfunctional"}},{"type":"Feature","geometry":{"type":"Point","coordinates":[82.39139,26.93139]},"properties":{"udise":"09471100302","name":"MADHUBALA BALIKA JUNEIR HIGH SCHOO PARAGARIB","state":"UTTAR PRADESH","district":"FAIZABAD","block":"TARUN","indicator":"girls_toilet_nonfunctional"}},{"type":"Feature","geometry":{"type":"Point","coordinates":[82.34417,27.33861]},"properties":{"udise":"09471300502","name":"GANGA PRASAD RAVIDAS INTER COLLEGE","state":"UTTAR PRADESH","district":"FAIZABAD","block":"AYODHYA TOWN AREA","indicator":"girls_toilet_nonfunctional"}},{"type":"Feature","geometry":{"type":"Point","coordinates":[82.13833,26.96083]},"properties":{"udise":"09470300401","name":"PRATHMIK VIDYALAY SAHSEPUR","state":"UTTAR PRADESH","district":"FAIZABAD","block":"HARINTANGANJ","indicator":"girls_toilet_nonfunctional"}},{"type":"Feature","geometry":{"type":"Point","coordinates":[82.2439,26.71964]},"properties":{"udise":"09470808205","name":"POORV MADHYAMIK VIDYALAY RAMPUR HALWARA","state":"UTTAR PRADESH","district":"FAIZABAD","block":"PURA","indicator":"girls_toilet_nonfunctional"}},{"type":"Feature","geometry":{"type":"Point","coordinates":[82.29694,27.23056]},"properties":{"udise":"09470403502","name":"PRABHAT MONTESARY PURVA MADHAYMIK VIDYALAYA JANOURA","state":"UTTAR PRADESH","district":"FAIZABAD","block":"MASAUDHA","indicator":"girls_toilet_nonfunctional"}},{"type":"Feature","geometry":{"type":"Point","coordinates":[82.12833,26.98639]},"properties":{"udise":"09470607804","name":"PRATHMIK VIDYALA BALAGHAT","state":"UTTAR PRADESH","district":"FAIZABAD","block":"MAWAI","indicator":"girls_toilet_nonfunctional"}},{"type":"Feature","geometry":{"type":"Point","coordinates":[82.44139,26.90889]},"properties":{"udise":"09471105407","name":"BABA G.R. MEMO. P.S. SCHOOL","state":"UTTAR PRADESH","district":"FAIZABAD","block":"TARUN","indicator":"girls_toilet_nonfunctional"}},{"type":"Feature","geometry":{"type":"Point","coordinates":[82.21694,27.01111]},"properties":{"udise":"09471701101","name":"PRATHAMIK VIDYALAY PURE KUBRI PANDIT RAMPUR PAREI","state":"UTTAR PRADESH","district":"FAIZABAD","block":"BIKAPUR","indicator":"girls_toilet_nonfunctional"}},{"type":"Feature","geometry":{"type":"Point","coordinates":[82.16694,26.9425]},"properties":{"udise":"09470200402","name":"GOVERNMENT HIGH SCHOOL PURE NANDA TIWARI","state":"UTTAR PRADESH","district":"FAIZABAD","block":"BIKAPUR","indicator":"girls_toilet_nonfunctional"}},{"type":"Feature","geometry":{"type":"Point","coordinates":[82.09667,27.17639]},"properties":{"udise":"09470402307","name":"MADHAV SARVODYA INTER COLLEGE , AMAUNA","state":"UTTAR PRADESH","district":"FAIZABAD","block":"MASAUDHA","indicator":"girls_toilet_nonfunctional"}},{"type":"Feature","geometry":{"type":"Point","coordinates":[81.67091,26.5978]},"properties":{"udise":"09470607805","name":"BABA MOHANDAS KRISHNA PRASAD SHUKLA P.S. SANTNAGAR KASARI MAWAI AYODHYA","state":"UTTAR PRADESH","district":"FAIZABAD","block":"MAWAI","indicator":"girls_toilet_nonfunctional"}},{"type":"Feature","geometry":{"type":"Point","coordinates":[82.10583,27.37722]},"properties":{"udise":"09470915104","name":"BABA SHIVRAJBALI SMARAK MONT. PS","state":"UTTAR PRADESH","district":"FAIZABAD","block":"RUDAULI","indicator":"girls_toilet_nonfunctional"}},{"type":"Feature","geometry":{"type":"Point","coordinates":[82.41694,27.25]},"properties":{"udise":"09471001306","name":"SUBHASH CHANDRA BOSE P.S.","state":"UTTAR PRADESH","district":"FAIZABAD","block":"SOHAWAL","indicator":"girls_toilet_nonfunctional"}},{"type":"Feature","geometry":{"type":"Point","coordinates":[82.42639,26.78639]},"properties":{"udise":"09471109103","name":"SRI RAJ KARAN BAL VIDHYA MANDIR IMILIYA","state":"UTTAR PRADESH","district":"FAIZABAD","block":"TARUN","indicator":"girls_toilet_nonfunctional"}},{"type":"Feature","geometry":{"type":"Point","coordinates":[82.10583,27.37722]},"properties":{"udise":"09470915108","name":"BABA SHIVRAJBALI SMARAK MONT. UPS","state":"UTTAR PRADESH","district":"FAIZABAD","block":"RUDAULI","indicator":"girls_toilet_nonfunctional"}},{"type":"Feature","geometry":{"type":"Point","coordinates":[82.26292,26.53924]},"properties":{"udise":"09471105413","name":"BABA GAJENDRA UMV KICHUTI CHAURAHA SONAURA GAUPUR FAIZABAD","state":"UTTAR PRADESH","district":"FAIZABAD","block":"TARUN","indicator":"girls_toilet_nonfunctional"}},{"type":"Feature","geometry":{"type":"Point","coordinates":[82.13744,26.71289]},"properties":{"udise":"09470405605","name":"PURVA MADHAYMIK VIDYALAYA  DHARMDASPUR COMPOSITE 1 TO 8","state":"UTTAR PRADESH","district":"FAIZABAD","block":"MASAUDHA","indicator":"girls_toilet_nonfunctional"}},{"type":"Feature","geometry":{"type":"Point","coordinates":[82.73667,26.95778]},"properties":{"udise":"09470700103","name":"BUDHIRAM C.P. SCHOOL AMSIN","state":"UTTAR PRADESH","district":"FAIZABAD","block":"MAYA","indicator":"girls_toilet_nonfunctional"}},{"type":"Feature","geometry":{"type":"Point","coordinates":[81.70601,26.61143]},"properties":{"udise":"09470607702","name":"POORV MADHYAMIK VIDYALAY BIHARA COMPOSITE 1 TO 8","state":"UTTAR PRADESH","district":"FAIZABAD","block":"MAWAI","indicator":"girls_toilet_nonfunctional"}},{"type":"Feature","geometry":{"type":"Point","coordinates":[82.05083,26.91917]},"properties":{"udise":"09470307601","name":"PRATHMIK VIDYALAY.MALETHU KHURD","state":"UTTAR PRADESH","district":"FAIZABAD","block":"HARINTANGANJ","indicator":"girls_toilet_nonfunctional"}},{"type":"Feature","geometry":{"type":"Point","coordinates":[81.95139,27.30861]},"properties":{"udise":"09470601903","name":"MADARSA ASHRAFIA DARSUL KURAN","state":"UTTAR PRADESH","district":"FAIZABAD","block":"MAWAI","indicator":"girls_toilet_nonfunctional"}},{"type":"Feature","geometry":{"type":"Point","coordinates":[82.48361,26.95417]},"properties":{"udise":"09471106002","name":"RAJU LAGHU MADHYAMIK VIDHYALAY TIKARI","state":"UTTAR PRADESH","district":"FAIZABAD","block":"TARUN","indicator":"girls_toilet_nonfunctional"}},{"type":"Feature","geometry":{"type":"Point","coordinates":[82.46,26.90833]},"properties":{"udise":"09471210502","name":"SANT TULSIDAS P.S.","state":"UTTAR PRADESH","district":"FAIZABAD","block":"MILKIPUR","indicator":"girls_toilet_nonfunctional"}},{"type":"Feature","geometry":{"type":"Point","coordinates":[82.42583,26.78611]},"properties":{"udise":"09471109102","name":"SRI RAJ KARAN PURV MADHYMIK VIDHYALAY  IMILIYA","state":"UTTAR PRADESH","district":"FAIZABAD","block":"TARUN","indicator":"girls_toilet_nonfunctional"}},{"type":"Feature","geometry":{"type":"Point","coordinates":[82.62222,27.10806]},"properties":{"udise":"09471209901","name":"PRATHAMIK VIDYALAY  BARIYA DEI","state":"UTTAR PRADESH","district":"FAIZABAD","block":"MILKIPUR","indicator":"girls_toilet_nonfunctional"}},{"type":"Feature","geometry":{"type":"Point","coordinates":[82.40416,26.57139]},"properties":{"udise":"09470710310","name":"MANTI JAGDEESH ACADEMY RAMAPUR GOSAIGANJ MAYA AYODHYA","state":"UTTAR PRADESH","district":"FAIZABAD","block":"MAYA","indicator":"girls_toilet_nonfunctional"}},{"type":"Feature","geometry":{"type":"Point","coordinates":[82.20222,27.07972]},"properties":{"udise":"09472200110","name":"SARSWATI SHISHU MANDIR PS","state":"UTTAR PRADESH","district":"FAIZABAD","block":"MASAUDHA","indicator":"girls_toilet_nonfunctional"}},{"type":"Feature","geometry":{"type":"Point","coordinates":[82.56,27.01083]},"properties":{"udise":"09470704901","name":"PRATHIMIK VIDAYALAY NAVKABIRPUR","state":"UTTAR PRADESH","district":"FAIZABAD","block":"MAYA","indicator":"girls_toilet_nonfunctional"}},{"type":"Feature","geometry":{"type":"Point","coordinates":[82.08861,27.27306]},"properties":{"udise":"09470604102","name":"MADARSA ISLAMIYA GAUSUL ULOOM KARAUNDI","state":"UTTAR PRADESH","district":"FAIZABAD","block":"MAWAI","indicator":"girls_toilet_nonfunctional"}},{"type":"Feature","geometry":{"type":"Point","coordinates":[82.02366,27.20155]},"properties":{"udise":"09471006314","name":"SHRI BAJRANG SINGH PUBLIC SCHOOL ARTHAR SOHAWAL AYODHYA","state":"UTTAR PRADESH","district":"FAIZABAD","block":"SOHAWAL","indicator":"girls_toilet_nonfunctional"}},{"type":"Feature","geometry":{"type":"Point","coordinates":[82.585,27.29333]},"properties":{"udise":"09471004101","name":"PRATHAMIK VIDYALAYA  TAHSINPUR","state":"UTTAR PRADESH","district":"FAIZABAD","block":"SOHAWAL","indicator":"girls_toilet_nonfunctional"}},{"type":"Feature","geometry":{"type":"Point","coordinates":[82.33569,26.64171]},"properties":{"udise":"09470705909","name":"PAWAN PUBLIC BALIKA J.H. SCHOOL BANDANPUR AYODHYA","state":"UTTAR PRADESH","district":"FAIZABAD","block":"MAYA","indicator":"girls_toilet_nonfunctional"}},{"type":"Feature","geometry":{"type":"Point","coordinates":[82.53,26.885]},"properties":{"udise":"09470306802","name":"JANTA INTER COLLEGE, HARDOIYA","state":"UTTAR PRADESH","district":"FAIZABAD","block":"HARINTANGANJ","indicator":"girls_toilet_nonfunctional"}},{"type":"Feature","geometry":{"type":"Point","coordinates":[82.58056,27.18333]},"properties":{"udise":"09471003701","name":"PRATHAMIK VIDYALAYA  IBRAHIMPUR KUNDAI COMPOSITE 1 TO 8","state":"UTTAR PRADESH","district":"FAIZABAD","block":"SOHAWAL","indicator":"girls_toilet_nonfunctional"}},{"type":"Feature","geometry":{"type":"Point","coordinates":[82.02,26.9675]},"properties":{"udise":"09470301101","name":"PRATHMIK VIDYALAY URUVA VAIS","state":"UTTAR PRADESH","district":"FAIZABAD","block":"HARINTANGANJ","indicator":"girls_toilet_nonfunctional"}},{"type":"Feature","geometry":{"type":"Point","coordinates":[82.19776,26.80254]},"properties":{"udise":"09471301202","name":"SHREE JAGATGURU RAMANANDACHARYA SANSKRIT UMV BEGUMPURA","state":"UTTAR PRADESH","district":"FAIZABAD","block":"AYODHYA TOWN AREA","indicator":"girls_toilet_nonfunctional"}},{"type":"Feature","geometry":{"type":"Point","coordinates":[82.30307,26.56444]},"properties":{"udise":"09471105807","name":"JHINKA DEVI RAM JANAM ISMARAK BALIKA INTER COLLEGE TARAPUR FAIZABAD","state":"UTTAR PRADESH","district":"FAIZABAD","block":"TARUN","indicator":"girls_toilet_nonfunctional"}},{"type":"Feature","geometry":{"type":"Point","coordinates":[82.25917,27.30806]},"properties":{"udise":"09471501806","name":"DARSGAH E ISLAMI P.S","state":"UTTAR PRADESH","district":"FAIZABAD","block":"AYODHYA TOWN AREA","indicator":"girls_toilet_nonfunctional"}},{"type":"Feature","geometry":{"type":"Point","coordinates":[82.36512,27.52635]},"properties":{"udise":"09471000310","name":"PRAKHAR PRAGYA UMV RAM NAGAR DHAURAHARA SOHAWAL FAIZABAD","state":"UTTAR PRADESH","district":"FAIZABAD","block":"SOHAWAL","indicator":"girls_toilet_nonfunctional"}},{"type":"Feature","geometry":{"type":"Point","coordinates":[82.32056,27.12028]},"properties":{"udise":"09470111007","name":"P.S. KHADRA","state":"UTTAR PRADESH","district":"FAIZABAD","block":"AMANIGANJ","indicator":"girls_toilet_nonfunctional"}},{"type":"Feature","geometry":{"type":"Point","coordinates":[82.59806,27.09333]},"properties":{"udise":"09471211205","name":"BAL DEO VIDYA PITH  INTER COLLEGE","state":"UTTAR PRADESH","district":"FAIZABAD","block":"MILKIPUR","indicator":"girls_toilet_nonfunctional"}},{"type":"Feature","geometry":{"type":"Point","coordinates":[82.41028,27.26083]},"properties":{"udise":"09471001301","name":"PRATHAMIK VIDYALAYA  PURE LODH","state":"UTTAR PRADESH","district":"FAIZABAD","block":"SOHAWAL","indicator":"girls_toilet_nonfunctional"}},{"type":"Feature","geometry":{"type":"Point","coordinates":[82.54472,26.94806]},"properties":{"udise":"09471106306","name":"SADHANA UCHATAR MADHAMIK VIDHYALAY CHITAWAN","state":"UTTAR PRADESH","district":"FAIZABAD","block":"TARUN","indicator":"girls_toilet_nonfunctional"}},{"type":"Feature","geometry":{"type":"Point","coordinates":[82.12689,26.75095]},"properties":{"udise":"09470100604","name":"P.M.V. ADILPUR","state":"UTTAR PRADESH","district":"FAIZABAD","block":"AMANIGANJ","indicator":"girls_toilet_nonfunctional"}},{"type":"Feature","geometry":{"type":"Point","coordinates":[81.99558,26.75377]},"properties":{"udise":"09471007702","name":"PRATHAMIK VIDYALAYA  GARHA NASIRPUR","state":"UTTAR PRADESH","district":"FAIZABAD","block":"SOHAWAL","indicator":"girls_toilet_nonfunctional"}},{"type":"Feature","geometry":{"type":"Point","coordinates":[82.03917,27.24556]},"properties":{"udise":"09470600704","name":"PRATHMIK VIDYALAY POORE GADRIYA","state":"UTTAR PRADESH","district":"FAIZABAD","block":"MAWAI","indicator":"girls_toilet_nonfunctional"}},{"type":"Feature","geometry":{"type":"Point","coordinates":[82.33569,26.64171]},"properties":{"udise":"09470705905","name":"PAWAN PUBLIC PURVA MADHYMIK VIDYALAY BADANPUR","state":"UTTAR PRADESH","district":"FAIZABAD","block":"MAYA","indicator":"girls_toilet_nonfunctional"}},{"type":"Feature","geometry":{"type":"Point","coordinates":[82.08333,27.17639]},"properties":{"udise":"09470402305","name":"MADHAV SARVODYA MADHYAMIK VIDYALAYA","state":"UTTAR PRADESH","district":"FAIZABAD","block":"MASAUDHA","indicator":"girls_toilet_nonfunctional"}},{"type":"Feature","geometry":{"type":"Point","coordinates":[82.65528,27.25611]},"properties":{"udise":"09471006310","name":"MADARSA FAIZ-A-RAHA, SUCHITAGANJ","state":"UTTAR PRADESH","district":"FAIZABAD","block":"SOHAWAL","indicator":"girls_toilet_nonfunctional"}},{"type":"Feature","geometry":{"type":"Point","coordinates":[82.66278,27.04278]},"properties":{"udise":"09470700601","name":"DIWAKAR PRATHIMIK VIDAYALAY ALAPUR","state":"UTTAR PRADESH","district":"FAIZABAD","block":"MAYA","indicator":"girls_toilet_nonfunctional"}},{"type":"Feature","geometry":{"type":"Point","coordinates":[82.58139,27.05389]},"properties":{"udise":"09471207311","name":"JP PURVA MADHYAMIK VIDYALAY.INAYATNAGAR","state":"UTTAR PRADESH","district":"FAIZABAD","block":"MILKIPUR","indicator":"girls_toilet_nonfunctional"}},{"type":"Feature","geometry":{"type":"Point","coordinates":[82.43778,27.21917]},"properties":{"udise":"09471001104","name":"PRATHAMIK VIDYALAYA BADAN KA PURWA","state":"UTTAR PRADESH","district":"FAIZABAD","block":"SOHAWAL","indicator":"girls_toilet_nonfunctional"}},{"type":"Feature","geometry":{"type":"Point","coordinates":[82.22583,27.23861]},"properties":{"udise":"09470400205","name":"R.B. ACADEMY INTER COLLEGE HANSAPUR","state":"UTTAR PRADESH","district":"FAIZABAD","block":"MASAUDHA","indicator":"girls_toilet_nonfunctional"}},{"type":"Feature","geometry":{"type":"Point","coordinates":[82.36982,27.25987]},"properties":{"udise":"09471003514","name":"JAIDEVNATH BABA SHIKSHAN SANSTHAN DEVNATHAN PIRKHAULI AYODHYA","state":"UTTAR PRADESH","district":"FAIZABAD","block":"SOHAWAL","indicator":"girls_toilet_nonfunctional"}},{"type":"Feature","geometry":{"type":"Point","coordinates":[81.97583,27.24111]},"properties":{"udise":"09470600107","name":"MADARSA FAIZ-E-FATIMA LILBINAAT","state":"UTTAR PRADESH","district":"FAIZABAD","block":"MAWAI","indicator":"girls_toilet_nonfunctional"}},{"type":"Feature","geometry":{"type":"Point","coordinates":[82.29778,27.00778]},"properties":{"udise":"09470108203","name":"P.S. PURE MISHRA","state":"UTTAR PRADESH","district":"FAIZABAD","block":"AMANIGANJ","indicator":"girls_toilet_nonfunctional"}},{"type":"Feature","geometry":{"type":"Point","coordinates":[82.33194,27.39028]},"properties":{"udise":"09470902704","name":"PRATHAMIK VIDYALY CHIRAUNDHA PUR","state":"UTTAR PRADESH","district":"FAIZABAD","block":"RUDAULI","indicator":"girls_toilet_nonfunctional"}},{"type":"Feature","geometry":{"type":"Point","coordinates":[82.50833,26.94556]},"properties":{"udise":"09471105805","name":"JHINKA DEVI RAM JANAM SMARAK BALIKA PMV TARAPUR","state":"UTTAR PRADESH","district":"FAIZABAD","block":"TARUN","indicator":"girls_toilet_nonfunctional"}},{"type":"Feature","geometry":{"type":"Point","coordinates":[82.26111,27.20222]},"properties":{"udise":"09470409003","name":"RAMPATI JAGANNATH YADAV MEMORIAL PABLIC SCHOOL","state":"UTTAR PRADESH","district":"FAIZABAD","block":"MASAUDHA","indicator":"girls_toilet_nonfunctional"}},{"type":"Feature","geometry":{"type":"Point","coordinates":[82.49583,26.87306]},"properties":{"udise":"09471108502","name":"LITTLE FLOWERS SHIKSHAN SANSTHAN HUSAINPUR","state":"UTTAR PRADESH","district":"FAIZABAD","block":"TARUN","indicator":"girls_toilet_nonfunctional"}},{"type":"Feature","geometry":{"type":"Point","coordinates":[82.06694,27.21361]},"properties":{"udise":"09470604506","name":"SUBHAM VIDYA MANDIR","state":"UTTAR PRADESH","district":"FAIZABAD","block":"MAWAI","indicator":"girls_toilet_nonfunctional"}},{"type":"Feature","geometry":{"type":"Point","coordinates":[82.15444,27.24472]},"properties":{"udise":"09470906916","name":"SRI LALARAM ADERSH U.M.V , NARUALI","state":"UTTAR PRADESH","district":"FAIZABAD","block":"RUDAULI","indicator":"girls_toilet_nonfunctional"}},{"type":"Feature","geometry":{"type":"Point","coordinates":[81.78022,26.61892]},"properties":{"udise":"09470110207","name":"P.M.V. MOHLI","state":"UTTAR PRADESH","district":"FAIZABAD","block":"AMANIGANJ","indicator":"girls_toilet_nonfunctional"}},{"type":"Feature","geometry":{"type":"Point","coordinates":[82.20028,27.40333]},"properties":{"udise":"09470915001","name":"PRATHAMIKVIDYALY DAPHIYAPUR","state":"UTTAR PRADESH","district":"FAIZABAD","block":"RUDAULI","indicator":"girls_toilet_nonfunctional"}},{"type":"Feature","geometry":{"type":"Point","coordinates":[82.13748,26.71289]},"properties":{"udise":"09470405402","name":"G H K ACADEMY G H K NAGAR BHADARSA AYODHYA","state":"UTTAR PRADESH","district":"FAIZABAD","block":"MASAUDHA","indicator":"girls_toilet_nonfunctional"}},{"type":"Feature","geometry":{"type":"Point","coordinates":[82.54389,26.94667]},"properties":{"udise":"09471106303","name":"SADHNA BAL NIKETAN PMV CHITAUN","state":"UTTAR PRADESH","district":"FAIZABAD","block":"TARUN","indicator":"girls_toilet_nonfunctional"}},{"type":"Feature","geometry":{"type":"Point","coordinates":[81.97389,27.24194]},"properties":{"udise":"09470600106","name":"MADARSA FAIZ-E-HAQ, MAWAI","state":"UTTAR PRADESH","district":"FAIZABAD","block":"MAWAI","indicator":"girls_toilet_nonfunctional"}},{"type":"Feature","geometry":{"type":"Point","coordinates":[82.25528,27.28944]},"properties":{"udise":"09470901513","name":"SMT HUBRAJI RAJKALI CHANDKALI  POORV MADYMIK VIDYALY KHAIRANPUR","state":"UTTAR PRADESH","district":"FAIZABAD","block":"RUDAULI","indicator":"girls_toilet_nonfunctional"}},{"type":"Feature","geometry":{"type":"Point","coordinates":[82.42,26.905]},"properties":{"udise":"09471100201","name":"PRATHMIK VIDHYALAY BELGARA","state":"UTTAR PRADESH","district":"FAIZABAD","block":"TARUN","indicator":"girls_toilet_nonfunctional"}},{"type":"Feature","geometry":{"type":"Point","coordinates":[82.24194,26.50083]},"properties":{"udise":"09471105005","name":"ADERSH INTER COLLEGE, CHACHIYANA","state":"UTTAR PRADESH","district":"FAIZABAD","block":"TARUN","indicator":"girls_toilet_nonfunctional"}},{"type":"Feature","geometry":{"type":"Point","coordinates":[82.33472,27.33333]},"properties":{"udise":"09471301602","name":"PRATHAMIK VIDYALAYA. KATRA - 1","state":"UTTAR PRADESH","district":"FAIZABAD","block":"AYODHYA TOWN AREA","indicator":"girls_toilet_nonfunctional"}},{"type":"Feature","geometry":{"type":"Point","coordinates":[82.28472,27.13639]},"properties":{"udise":"09470110111","name":"MADARSA L.I.A.T.TARBIYAT","state":"UTTAR PRADESH","district":"FAIZABAD","block":"AMANIGANJ","indicator":"girls_toilet_nonfunctional"}},{"type":"Feature","geometry":{"type":"Point","coordinates":[82.48361,26.95417]},"properties":{"udise":"09471106005","name":"RAJU SAMBADH PRATHMIK  VIDHYALAY PS TIKARI","state":"UTTAR PRADESH","district":"FAIZABAD","block":"TARUN","indicator":"girls_toilet_nonfunctional"}},{"type":"Feature","geometry":{"type":"Point","coordinates":[82.00472,27.28944]},"properties":{"udise":"09471007807","name":"HETLAL ADERSH P.S., MANGALSI","state":"UTTAR PRADESH","district":"FAIZABAD","block":"SOHAWAL","indicator":"girls_toilet_nonfunctional"}},{"type":"Feature","geometry":{"type":"Point","coordinates":[81.69832,26.60905]},"properties":{"udise":"09470607709","name":"KALAWATI P.S. SHIVNAGAR BIHRA","state":"UTTAR PRADESH","district":"FAIZABAD","block":"MAWAI","indicator":"girls_toilet_nonfunctional"}},{"type":"Feature","geometry":{"type":"Point","coordinates":[82.23861,26.50389]},"properties":{"udise":"09471105002","name":"ADHARSH BAL VIDHYA MANDIR PACHHIYANA","state":"UTTAR PRADESH","district":"FAIZABAD","block":"TARUN","indicator":"girls_toilet_nonfunctional"}},{"type":"Feature","geometry":{"type":"Point","coordinates":[82.13667,27.22639]},"properties":{"udise":"09470906909","name":"SRI LALARAM ADERSH SHIKSHAN SHANTHAN, NARUALI","state":"UTTAR PRADESH","district":"FAIZABAD","block":"RUDAULI","indicator":"girls_toilet_nonfunctional"}},{"type":"Feature","geometry":{"type":"Point","coordinates":[82.33048,26.59205]},"properties":{"udise":"09470706602","name":"PURVA MADHYMIK VIDYALAY MADRAHA","state":"UTTAR PRADESH","district":"FAIZABAD","block":"MAYA","indicator":"girls_toilet_nonfunctional"}},{"type":"Feature","geometry":{"type":"Point","coordinates":[82.46028,26.90778]},"properties":{"udise":"09471210505","name":"SANTTULSIDAS SATYDEV  I.C. PURAB GAON AYODHYA","state":"UTTAR PRADESH","district":"FAIZABAD","block":"MILKIPUR","indicator":"girls_toilet_nonfunctional"}},{"type":"Feature","geometry":{"type":"Point","coordinates":[82.13748,26.71289]},"properties":{"udise":"09470400107","name":"TO DAYS CANVENT SCHOOL CHANDPUR HARVANSH","state":"UTTAR PRADESH","district":"FAIZABAD","block":"MASAUDHA","indicator":"girls_toilet_nonfunctional"}},{"type":"Feature","geometry":{"type":"Point","coordinates":[82.20389,27.17417]},"properties":{"udise":"09470909707","name":"PRATHMIK VIDYALY KANCHAN PURWA","state":"UTTAR PRADESH","district":"FAIZABAD","block":"RUDAULI","indicator":"girls_toilet_nonfunctional"}},{"type":"Feature","geometry":{"type":"Point","coordinates":[82.24194,26.50083]},"properties":{"udise":"09471105003","name":"ADARSH PMV  PACHHIYANA","state":"UTTAR PRADESH","district":"FAIZABAD","block":"TARUN","indicator":"girls_toilet_nonfunctional"}},{"type":"Feature","geometry":{"type":"Point","coordinates":[82.6,26.99139]},"properties":{"udise":"09470306202","name":"KISAN VID INTER COLL,KALYANPUR","state":"UTTAR PRADESH","district":"FAIZABAD","block":"HARINTANGANJ","indicator":"girls_toilet_nonfunctional"}},{"type":"Feature","geometry":{"type":"Point","coordinates":[82.14144,26.73504]},"properties":{"udise":"09470409004","name":"RAMPATI JAGANNATH YADAV MEMORIAL INTER COLLEGE SHIVDASPUR MASUDHA FAIZABAD","state":"UTTAR PRADESH","district":"FAIZABAD","block":"MASAUDHA","indicator":"girls_toilet_nonfunctional"}},{"type":"Feature","geometry":{"type":"Point","coordinates":[82.17639,27.02639]},"properties":{"udise":"09470607710","name":"KALAWATI GIRLS INTER COLLEGE","state":"UTTAR PRADESH","district":"FAIZABAD","block":"MAWAI","indicator":"girls_toilet_nonfunctional"}},{"type":"Feature","geometry":{"type":"Point","coordinates":[82.98889,27.31861]},"properties":{"udise":"09471500504","name":"MADARASA  AHLESUNNAT MERAJUL ULOOM DELHI DARWAJA","state":"UTTAR PRADESH","district":"FAIZABAD","block":"AYODHYA TOWN AREA","indicator":"girls_toilet_nonfunctional"}},{"type":"Feature","geometry":{"type":"Point","coordinates":[82.48361,26.95417]},"properties":{"udise":"09471106006","name":"RAJU INTER COLLEGE, AGAGANJ","state":"UTTAR PRADESH","district":"FAIZABAD","block":"TARUN","indicator":"girls_toilet_nonfunctional"}},{"type":"Feature","geometry":{"type":"Point","coordinates":[82.51139,27.03806]},"properties":{"udise":"09471201701","name":"PRATHAMIK VIDYALAY  TULAPUR","state":"UTTAR PRADESH","district":"FAIZABAD","block":"MILKIPUR","indicator":"girls_toilet_nonfunctional"}},{"type":"Feature","geometry":{"type":"Point","coordinates":[82.74056,26.96]},"properties":{"udise":"09470700113","name":"IMMAMIYA  PURVA MADHYMIK VIDYALAY AMSIN","state":"UTTAR PRADESH","district":"FAIZABAD","block":"MAYA","indicator":"girls_toilet_nonfunctional"}},{"type":"Feature","geometry":{"type":"Point","coordinates":[82.3575,27.33528]},"properties":{"udise":"09471300203","name":"MAHARISHI PANTANJALI VIDYA MANDIR VILYALAY, RAMGHAT","state":"UTTAR PRADESH","district":"FAIZABAD","block":"AYODHYA TOWN AREA","indicator":"girls_toilet_nonfunctional"}},{"type":"Feature","geometry":{"type":"Point","coordinates":[82.41694,27.25]},"properties":{"udise":"09471009708","name":"SUBHAS CHANDRA BOSH INTER COLLEGE","state":"UTTAR PRADESH","district":"FAIZABAD","block":"SOHAWAL","indicator":"girls_toilet_nonfunctional"}},{"type":"Feature","geometry":{"type":"Point","coordinates":[82.44139,27.03389]},"properties":{"udise":"09470702001","name":"PRATHIMIK VIDAYALAY CHACHIKPUR COMPOSITE 1 TO 8","state":"UTTAR PRADESH","district":"FAIZABAD","block":"MAYA","indicator":"girls_toilet_nonfunctional"}},{"type":"Feature","geometry":{"type":"Point","coordinates":[82.46833,27.11167]},"properties":{"udise":"09470804503","name":"PRATHMIK VIDAYLAY KURAULI","state":"UTTAR PRADESH","district":"FAIZABAD","block":"PURA","indicator":"girls_toilet_nonfunctional"}},{"type":"Feature","geometry":{"type":"Point","coordinates":[82.3575,27.335]},"properties":{"udise":"09471300202","name":"MAHARISHI PANTANJALI VIDYA MANDIR P.S","state":"UTTAR PRADESH","district":"FAIZABAD","block":"AYODHYA TOWN AREA","indicator":"girls_toilet_nonfunctional"}},{"type":"Feature","geometry":{"type":"Point","coordinates":[82.40416,26.57139]},"properties":{"udise":"09470710309","name":"MANTI JAGDEESH SMARAK INTER COLLEGE RAMAPUR GOSAIGANJ AYODHYA","state":"UTTAR PRADESH","district":"FAIZABAD","block":"MAYA","indicator":"girls_toilet_nonfunctional"}},{"type":"Feature","geometry":{"type":"Point","coordinates":[82.26194,27.37417]},"properties":{"udise":"09471007303","name":"S.D. PUBLIC  U.M.V.  BHITAURA","state":"UTTAR PRADESH","district":"FAIZABAD","block":"SOHAWAL","indicator":"girls_toilet_nonfunctional"}},{"type":"Feature","geometry":{"type":"Point","coordinates":[82.58139,27.05361]},"properties":{"udise":"09471207306","name":"JP PRATHAMIK VIDYALAY  INAYAT NAGAR","state":"UTTAR PRADESH","district":"FAIZABAD","block":"MILKIPUR","indicator":"girls_toilet_nonfunctional"}},{"type":"Feature","geometry":{"type":"Point","coordinates":[82.19028,26.92056]},"properties":{"udise":"09470110504","name":"MADARSA GOUSIA FAIZUR RSOOL PMV","state":"UTTAR PRADESH","district":"FAIZABAD","block":"AMANIGANJ","indicator":"girls_toilet_nonfunctional"}},{"type":"Feature","geometry":{"type":"Point","coordinates":[81.95833,26.64001]},"properties":{"udise":"09471207313","name":"JAG PRASAD NIRMLA DEVI INTER COLLEGE INAYAT NAGAR MILKIPUR FAIZABAD","state":"UTTAR PRADESH","district":"FAIZABAD","block":"MILKIPUR","indicator":"girls_toilet_nonfunctional"}},{"type":"Feature","geometry":{"type":"Point","coordinates":[82.29361,27.06]},"properties":{"udise":"09470107503","name":"PS PURE JHAU MISHRA","state":"UTTAR PRADESH","district":"FAIZABAD","block":"AMANIGANJ","indicator":"girls_toilet_nonfunctional"}},{"type":"Feature","geometry":{"type":"Point","coordinates":[82.155,27.08861]},"properties":{"udise":"09471001203","name":"PRATHAMIK VIDYALAYA  CHHATAI KA PURWA","state":"UTTAR PRADESH","district":"FAIZABAD","block":"SOHAWAL","indicator":"girls_toilet_nonfunctional"}},{"type":"Feature","geometry":{"type":"Point","coordinates":[82.21722,26.83806]},"properties":{"udise":"09470309201","name":"PRATHMIK VIDYALAY.BHULAIPUR NIDHIYAUVA","state":"UTTAR PRADESH","district":"FAIZABAD","block":"HARINTANGANJ","indicator":"girls_toilet_nonfunctional"}},{"type":"Feature","geometry":{"type":"Point","coordinates":[82.39278,26.93139]},"properties":{"udise":"09471100303","name":"MADHUBALA BALIKA INTER COLLEGE","state":"UTTAR PRADESH","district":"FAIZABAD","block":"TARUN","indicator":"girls_toilet_nonfunctional"}},{"type":"Feature","geometry":{"type":"Point","coordinates":[82.09444,27.17639]},"properties":{"udise":"09470402302","name":"MADHAV SARVODYA S.SADAN","state":"UTTAR PRADESH","district":"FAIZABAD","block":"MASAUDHA","indicator":"girls_toilet_nonfunctional"}},{"type":"Feature","geometry":{"type":"Point","coordinates":[82.38203,26.56989]},"properties":{"udise":"09471400131","name":"DIKSHA J H S KATRA GOSAIGANJ  AYODHYA","state":"UTTAR PRADESH","district":"FAIZABAD","block":"MAYA","indicator":"girls_toilet_nonfunctional"}},{"type":"Feature","geometry":{"type":"Point","coordinates":[82.40861,26.92694]},"properties":{"udise":"09470108406","name":"SARASWATI GYAN MANDIR,KUMARGAJ","state":"UTTAR PRADESH","district":"FAIZABAD","block":"AMANIGANJ","indicator":"girls_toilet_nonfunctional"}},{"type":"Feature","geometry":{"type":"Point","coordinates":[82.25667,27.04056]},"properties":{"udise":"09470405202","name":"MADARSA JAMIYA MO.KASIFUL ULUM RAITHUA","state":"UTTAR PRADESH","district":"FAIZABAD","block":"MASAUDHA","indicator":"girls_toilet_nonfunctional"}},{"type":"Feature","geometry":{"type":"Point","coordinates":[82.31333,27.23944]},"properties":{"udise":"09470910903","name":"GOVERNMENT HIGH SCHOOL jamuniyamau","state":"UTTAR PRADESH","district":"FAIZABAD","block":"RUDAULI","indicator":"girls_toilet_nonfunctional"}},{"type":"Feature","geometry":{"type":"Point","coordinates":[82.15444,27.24472]},"properties":{"udise":"09470906914","name":"SRI LALARAM ADERSH JHS, NARUALI","state":"UTTAR PRADESH","district":"FAIZABAD","block":"RUDAULI","indicator":"girls_toilet_nonfunctional"}},{"type":"Feature","geometry":{"type":"Point","coordinates":[82.32528,27.03806]},"properties":{"udise":"09470109802","name":"P.S. SAHAJANMAU","state":"UTTAR PRADESH","district":"FAIZABAD","block":"AMANIGANJ","indicator":"girls_toilet_nonfunctional"}},{"type":"Feature","geometry":{"type":"Point","coordinates":[82.50639,27.14167]},"properties":{"udise":"09470803704","name":"SHREE BALWANT SANSKRIT MAHAVIDALAY DUGWA DEVGARH","state":"UTTAR PRADESH","district":"FAIZABAD","block":"PURA","indicator":"girls_toilet_nonfunctional"}},{"type":"Feature","geometry":{"type":"Point","coordinates":[82.43736,26.56657]},"properties":{"udise":"09470700105","name":"BUDHIRAM CHILDREN PUBLIC SCHOOL","state":"UTTAR PRADESH","district":"FAIZABAD","block":"MAYA","indicator":"girls_toilet_nonfunctional"}},{"type":"Feature","geometry":{"type":"Point","coordinates":[82.09245,26.75124]},"properties":{"udise":"09470408402","name":"SUNWAVE SCHOOL JAGDISHPUR GOPALPUR FAIZABAD","state":"UTTAR PRADESH","district":"FAIZABAD","block":"MASAUDHA","indicator":"girls_toilet_nonfunctional"}},{"type":"Feature","geometry":{"type":"Point","coordinates":[82.09744,26.76696]},"properties":{"udise":"09470409201","name":"PRATHAMIK VIDHYALAY  MIRZAPUR","state":"UTTAR PRADESH","district":"FAIZABAD","block":"MASAUDHA","indicator":"girls_toilet_nonfunctional"}},{"type":"Feature","geometry":{"type":"Point","coordinates":[82.29451,26.51837]},"properties":{"udise":"09471108504","name":"LITTLE FLOWERS SHIKSHAN SANSTHAN INTER COLLEGE HUSAINPUR","state":"UTTAR PRADESH","district":"FAIZABAD","block":"TARUN","indicator":"girls_toilet_nonfunctional"}},{"type":"Feature","geometry":{"type":"Point","coordinates":[82.35417,27.33611]},"properties":{"udise":"09471300801","name":"SRI SADDHARAM VIVERDHINI SANSKRIT PATHSHALA JANKIGHAT AYODHYA","state":"UTTAR PRADESH","district":"FAIZABAD","block":"AYODHYA TOWN AREA","indicator":"girls_toilet_nonfunctional"}},{"type":"Feature","geometry":{"type":"Point","coordinates":[82.49528,26.8725]},"properties":{"udise":"09471108503","name":"LITTLE FLOWERS SHIKSHAN SANSTHAN JHS HUSAINPUR","state":"UTTAR PRADESH","district":"FAIZABAD","block":"TARUN","indicator":"girls_toilet_nonfunctional"}},{"type":"Feature","geometry":{"type":"Point","coordinates":[82.25444,27.28639]},"properties":{"udise":"09470901503","name":"P.D. GIRLS  PRATHAMIK VIDYALY","state":"UTTAR PRADESH","district":"FAIZABAD","block":"RUDAULI","indicator":"girls_toilet_nonfunctional"}},{"type":"Feature","geometry":{"type":"Point","coordinates":[82.73639,26.95972]},"properties":{"udise":"09470700107","name":"IMMAMIYA PRATHIMIK VIDAYALAY AMSIN","state":"UTTAR PRADESH","district":"FAIZABAD","block":"MAYA","indicator":"girls_toilet_nonfunctional"}},{"type":"Feature","geometry":{"type":"Point","coordinates":[79.58973,27.19494]},"properties":{"udise":"09290412001","name":"PS MITPURA","state":"UTTAR PRADESH","district":"FARRUKHABAD","block":"KAMALGANJ","indicator":"no_girls_toilet"}},{"type":"Feature","geometry":{"type":"Point","coordinates":[79.5925,27.20858]},"properties":{"udise":"09290406822","name":"ABDUL RAUF KHAN MEMO. P .S SHARAFABAD","state":"UTTAR PRADESH","district":"FARRUKHABAD","block":"KAMALGANJ","indicator":"no_girls_toilet"}},{"type":"Feature","geometry":{"type":"Point","coordinates":[79.62306,27.65]},"properties":{"udise":"09290705389","name":"BHARTIYA PATHSHALA INTER COLLEGE FBD","state":"UTTAR PRADESH","district":"FARRUKHABAD","block":"NAG. KSH.FAR.BAD","indicator":"no_girls_toilet"}},{"type":"Feature","geometry":{"type":"Point","coordinates":[79.31469,27.33197]},"properties":{"udise":"09290509405","name":"PS RAM PRASAD NAGLA","state":"UTTAR PRADESH","district":"FARRUKHABAD","block":"RAJE PUR","indicator":"no_girls_toilet"}},{"type":"Feature","geometry":{"type":"Point","coordinates":[79.63304,27.26327]},"properties":{"udise":"09290406331","name":"PVT. CITY MISON P. SCHOOL","state":"UTTAR PRADESH","district":"FARRUKHABAD","block":"KAMALGANJ","indicator":"no_girls_toilet"}},{"type":"Feature","geometry":{"type":"Point","coordinates":[79.68374,27.46833]},"properties":{"udise":"09290514203","name":"PS NAYAGAUN(UZRAMAU)","state":"UTTAR PRADESH","district":"FARRUKHABAD","block":"RAJE PUR","indicator":"no_girls_toilet"}},{"type":"Feature","geometry":{"type":"Point","coordinates":[79.61413,27.25597]},"properties":{"udise":"09290401601","name":"PS FATEHULLAHPURA","state":"UTTAR PRADESH","district":"FARRUKHABAD","block":"KAMALGANJ","indicator":"no_girls_toilet"}},{"type":"Feature","geometry":{"type":"Point","coordinates":[79.42094,27.28192]},"properties":{"udise":"09290801404","name":"NATIONAL PUBLIC  H. S. SCHOOL","state":"UTTAR PRADESH","district":"FARRUKHABAD","block":"MOHAMDABAD","indicator":"no_girls_toilet"}},{"type":"Feature","geometry":{"type":"Point","coordinates":[79.59408,27.54961]},"properties":{"udise":"09290501401","name":"PS PARTAPUR KALAN","state":"UTTAR PRADESH","district":"FARRUKHABAD","block":"RAJE PUR","indicator":"no_girls_toilet"}},{"type":"Feature","geometry":{"type":"Point","coordinates":[79.59541,27.22608]},"properties":{"udise":"09290406604","name":"ABDUL RAUF KHAN MEMO H.S SCHOOL","state":"UTTAR PRADESH","district":"FARRUKHABAD","block":"KAMALGANJ","indicator":"no_girls_toilet"}},{"type":"Feature","geometry":{"type":"Point","coordinates":[79.40896,27.47591]},"properties":{"udise":"09290208303","name":"JHS NAGLA DAMOON","state":"UTTAR PRADESH","district":"FARRUKHABAD","block":"SHAMSABAD","indicator":"no_girls_toilet"}},{"type":"Feature","geometry":{"type":"Point","coordinates":[79.4454,27.27539]},"properties":{"udise":"09290803413","name":"GOVT.ASHRAM PADDHATI","state":"UTTAR PRADESH","district":"FARRUKHABAD","block":"MOHAMDABAD","indicator":"no_girls_toilet"}},{"type":"Feature","geometry":{"type":"Point","coordinates":[79.47583,27.25124]},"properties":{"udise":"09290418203","name":"R.D. BALIKA VIDHALAY","state":"UTTAR PRADESH","district":"FARRUKHABAD","block":"KAMALGANJ","indicator":"no_girls_toilet"}},{"type":"Feature","geometry":{"type":"Point","coordinates":[79.56888,27.39068]},"properties":{"udise":"09290702301","name":"Composite PS WN 26 NAI BASTI","state":"UTTAR PRADESH","district":"FARRUKHABAD","block":"NAG. KSH.FAR.BAD","indicator":"no_girls_toilet"}},{"type":"Feature","geometry":{"type":"Point","coordinates":[79.56888,27.39068]},"properties":{"udise":"09290705392","name":"P. DURGA PRASAD BADRI PRASAD JHS","state":"UTTAR PRADESH","district":"FARRUKHABAD","block":"NAG. KSH.FAR.BAD","indicator":"no_girls_toilet"}},{"type":"Feature","geometry":{"type":"Point","coordinates":[79.59621,28.78991]},"properties":{"udise":"09290704002","name":"KPS NAVIDIYA","state":"UTTAR PRADESH","district":"FARRUKHABAD","block":"NAG. KSH.FAR.BAD","indicator":"no_girls_toilet"}},{"type":"Feature","geometry":{"type":"Point","coordinates":[79.31963,27.50097]},"properties":{"udise":"09290300801","name":"PS SHIVRAI MATH","state":"UTTAR PRADESH","district":"FARRUKHABAD","block":"NAWABGANJ","indicator":"no_girls_toilet"}},{"type":"Feature","geometry":{"type":"Point","coordinates":[79.66742,27.4412]},"properties":{"udise":"09290506205","name":"GEETA V.N.SINGH PUBLIC SCHOOL GANDHI","state":"UTTAR PRADESH","district":"FARRUKHABAD","block":"RAJE PUR","indicator":"no_girls_toilet"}},{"type":"Feature","geometry":{"type":"Point","coordinates":[79.59278,27.42139]},"properties":{"udise":"09290701201","name":"Composite PS TALAIYA FAZAL IMAM","state":"UTTAR PRADESH","district":"FARRUKHABAD","block":"NAG. KSH.FAR.BAD","indicator":"no_girls_toilet"}},{"type":"Feature","geometry":{"type":"Point","coordinates":[79.55516,27.29251]},"properties":{"udise":"09290405402","name":"PVT SRI RAGHUVAR SHIKSHA  SADAN BANDAR KHEDA","state":"UTTAR PRADESH","district":"FARRUKHABAD","block":"KAMALGANJ","indicator":"no_girls_toilet"}},{"type":"Feature","geometry":{"type":"Point","coordinates":[79,27]},"properties":{"udise":"09290207401","name":"PS ULIYAPUR","state":"UTTAR PRADESH","district":"FARRUKHABAD","block":"SHAMSABAD","indicator":"no_girls_toilet"}},{"type":"Feature","geometry":{"type":"Point","coordinates":[79.56888,27.39068]},"properties":{"udise":"09290705380","name":"SARASWATI VIDYA MANDIR UMV SHYAM NAGAR","state":"UTTAR PRADESH","district":"FARRUKHABAD","block":"NAG. KSH.FAR.BAD","indicator":"no_girls_toilet"}},{"type":"Feature","geometry":{"type":"Point","coordinates":[79.56888,27.39068]},"properties":{"udise":"09290705395","name":"SETH KANAIYA LAL RAM SARAN RASTOGI INTER COLLEGE","state":"UTTAR PRADESH","district":"FARRUKHABAD","block":"NAG. KSH.FAR.BAD","indicator":"no_girls_toilet"}},{"type":"Feature","geometry":{"type":"Point","coordinates":[79.6744,27.23794]},"properties":{"udise":"09290408604","name":"LALA JAGDEESH PRASAD GANGA DEVI INTER COLLEGE","state":"UTTAR PRADESH","district":"FARRUKHABAD","block":"KAMALGANJ","indicator":"no_girls_toilet"}},{"type":"Feature","geometry":{"type":"Point","coordinates":[79.59947,27.38089]},"properties":{"udise":"09290705378","name":"SRI DURGA ADRASH KPS DIGGI TAL LAL DARWAJA","state":"UTTAR PRADESH","district":"FARRUKHABAD","block":"NAG. KSH.FAR.BAD","indicator":"no_girls_toilet"}},{"type":"Feature","geometry":{"type":"Point","coordinates":[79.64235,27.41821]},"properties":{"udise":"09290516701","name":"PS PATTI BADANPUR","state":"UTTAR PRADESH","district":"FARRUKHABAD","block":"RAJE PUR","indicator":"no_girls_toilet"}},{"type":"Feature","geometry":{"type":"Point","coordinates":[79.63249,27.36353]},"properties":{"udise":"09290509803","name":"PS SHANTI NAGAR","state":"UTTAR PRADESH","district":"FARRUKHABAD","block":"RAJE PUR","indicator":"no_girls_toilet"}},{"type":"Feature","geometry":{"type":"Point","coordinates":[79.7009,27.43578]},"properties":{"udise":"09290508103","name":"PS GAUTIA SHERAKHAR","state":"UTTAR PRADESH","district":"FARRUKHABAD","block":"RAJE PUR","indicator":"no_girls_toilet"}},{"type":"Feature","geometry":{"type":"Point","coordinates":[79.62466,27.2753]},"properties":{"udise":"09290407903","name":"SHEKH MAKHDOOM INTER COLLEGE SHEKHPUR","state":"UTTAR PRADESH","district":"FARRUKHABAD","block":"KAMALGANJ","indicator":"no_girls_toilet"}},{"type":"Feature","geometry":{"type":"Point","coordinates":[79.68396,27.37749]},"properties":{"udise":"09290507102","name":"PS SALEMPUR  II","state":"UTTAR PRADESH","district":"FARRUKHABAD","block":"RAJE PUR","indicator":"no_girls_toilet"}},{"type":"Feature","geometry":{"type":"Point","coordinates":[79.62002,27.39889]},"properties":{"udise":"09290607201","name":"PS AMETHI KOHNA","state":"UTTAR PRADESH","district":"FARRUKHABAD","block":"BARH PUR","indicator":"no_girls_toilet"}},{"type":"Feature","geometry":{"type":"Point","coordinates":[79.44577,27.39795]},"properties":{"udise":"09290812401","name":"PS BEESALPUR BANGER","state":"UTTAR PRADESH","district":"FARRUKHABAD","block":"MOHAMDABAD","indicator":"no_girls_toilet"}},{"type":"Feature","geometry":{"type":"Point","coordinates":[79.30335,27.22189]},"properties":{"udise":"09290804212","name":"BHARTIYA KRISHAK H.S.S.","state":"UTTAR PRADESH","district":"FARRUKHABAD","block":"MOHAMDABAD","indicator":"no_girls_toilet"}},{"type":"Feature","geometry":{"type":"Point","coordinates":[79.60161,27.37526]},"properties":{"udise":"09290700202","name":"RAJKEY INTER COLLEGE  FARRUKHABAD","state":"UTTAR PRADESH","district":"FARRUKHABAD","block":"NAG. KSH.FAR.BAD","indicator":"no_girls_toilet"}},{"type":"Feature","geometry":{"type":"Point","coordinates":[79.56888,27.39068]},"properties":{"udise":"09290705236","name":"VISHWA NIKETAN JHS BARHPUR","state":"UTTAR PRADESH","district":"FARRUKHABAD","block":"NAG. KSH.FAR.BAD","indicator":"no_girls_toilet"}},{"type":"Feature","geometry":{"type":"Point","coordinates":[79.31816,27.54411]},"properties":{"udise":"09290108803","name":"Composite JHS MEDPUR","state":"UTTAR PRADESH","district":"FARRUKHABAD","block":"KAIM GANJ","indicator":"no_girls_toilet"}},{"type":"Feature","geometry":{"type":"Point","coordinates":[79.56333,27.43565]},"properties":{"udise":"09290510601","name":"PS HARISINGHPUR KAYASTH","state":"UTTAR PRADESH","district":"FARRUKHABAD","block":"RAJE PUR","indicator":"no_girls_toilet"}},{"type":"Feature","geometry":{"type":"Point","coordinates":[79.50501,27.27922]},"properties":{"udise":"09290401403","name":"KJHS MODEL SHANKERPUR","state":"UTTAR PRADESH","district":"FARRUKHABAD","block":"KAMALGANJ","indicator":"no_girls_toilet"}},{"type":"Feature","geometry":{"type":"Point","coordinates":[79.59621,28.78991]},"properties":{"udise":"09290705369","name":"CHRISTIAN INTER COLLEGE","state":"UTTAR PRADESH","district":"FARRUKHABAD","block":"NAG. KSH.FAR.BAD","indicator":"no_girls_toilet"}},{"type":"Feature","geometry":{"type":"Point","coordinates":[79.50944,27.57902]},"properties":{"udise":"09290202302","name":"Composite JHS JAITPUR","state":"UTTAR PRADESH","district":"FARRUKHABAD","block":"SHAMSABAD","indicator":"no_girls_toilet"}},{"type":"Feature","geometry":{"type":"Point","coordinates":[79.59511,27.22618]},"properties":{"udise":"09290406606","name":"MADARSA ABDUL RAUF KHAN SHARFABAD","state":"UTTAR PRADESH","district":"FARRUKHABAD","block":"KAMALGANJ","indicator":"no_girls_toilet"}},{"type":"Feature","geometry":{"type":"Point","coordinates":[79.62467,27.2758]},"properties":{"udise":"09290407905","name":"MADARSHA GULSHANE MAKHDUM SHEKHPUR","state":"UTTAR PRADESH","district":"FARRUKHABAD","block":"KAMALGANJ","indicator":"no_girls_toilet"}},{"type":"Feature","geometry":{"type":"Point","coordinates":[79.64122,27.40661]},"properties":{"udise":"09290515902","name":"PS TEESHRAM KI MARIYA","state":"UTTAR PRADESH","district":"FARRUKHABAD","block":"RAJE PUR","indicator":"no_girls_toilet"}},{"type":"Feature","geometry":{"type":"Point","coordinates":[79.58415,27.56394]},"properties":{"udise":"09290516601","name":"Composite JHS BANARASIPUR","state":"UTTAR PRADESH","district":"FARRUKHABAD","block":"RAJE PUR","indicator":"no_girls_toilet"}},{"type":"Feature","geometry":{"type":"Point","coordinates":[79.3426,27.2614]},"properties":{"udise":"09290611201","name":"PS GUCHLIYAI","state":"UTTAR PRADESH","district":"FARRUKHABAD","block":"BARH PUR","indicator":"no_girls_toilet"}},{"type":"Feature","geometry":{"type":"Point","coordinates":[79.40806,27.57584]},"properties":{"udise":"09290203901","name":"PS CHHATRAI","state":"UTTAR PRADESH","district":"FARRUKHABAD","block":"SHAMSABAD","indicator":"no_girls_toilet"}},{"type":"Feature","geometry":{"type":"Point","coordinates":[79.64899,27.53919]},"properties":{"udise":"09290502202","name":"KJHS KARANPUR DUTT","state":"UTTAR PRADESH","district":"FARRUKHABAD","block":"RAJE PUR","indicator":"no_girls_toilet"}},{"type":"Feature","geometry":{"type":"Point","coordinates":[79.5571,27.38129]},"properties":{"udise":"09290401407","name":"SAMARJEET SHISHKAN SANSTHAN","state":"UTTAR PRADESH","district":"FARRUKHABAD","block":"KAMALGANJ","indicator":"no_girls_toilet"}},{"type":"Feature","geometry":{"type":"Point","coordinates":[79.56888,27.39068]},"properties":{"udise":"09290703804","name":"MIC INTER COLLEGE","state":"UTTAR PRADESH","district":"FARRUKHABAD","block":"NAG. KSH.FAR.BAD","indicator":"no_girls_toilet"}},{"type":"Feature","geometry":{"type":"Point","coordinates":[79.57365,27.38695]},"properties":{"udise":"09290701901","name":"PS RAILWAY ROAD","state":"UTTAR PRADESH","district":"FARRUKHABAD","block":"NAG. KSH.FAR.BAD","indicator":"no_girls_toilet"}},{"type":"Feature","geometry":{"type":"Point","coordinates":[79.57634,27.39502]},"properties":{"udise":"09290703002","name":"Composite JHS CHINIGRAM","state":"UTTAR PRADESH","district":"FARRUKHABAD","block":"NAG. KSH.FAR.BAD","indicator":"no_girls_toilet"}},{"type":"Feature","geometry":{"type":"Point","coordinates":[79.57656,27.24841]},"properties":{"udise":"09290418404","name":"PVT S.G.A. GURUKUL PS","state":"UTTAR PRADESH","district":"FARRUKHABAD","block":"KAMALGANJ","indicator":"no_girls_toilet"}},{"type":"Feature","geometry":{"type":"Point","coordinates":[79.40338,27.33673]},"properties":{"udise":"09290810502","name":"KPS VERKESHO","state":"UTTAR PRADESH","district":"FARRUKHABAD","block":"MOHAMDABAD","indicator":"no_girls_toilet"}},{"type":"Feature","geometry":{"type":"Point","coordinates":[79.66344,27.23277]},"properties":{"udise":"09290705288","name":"SHARDA KANVENT SISHU KALYAN","state":"UTTAR PRADESH","district":"FARRUKHABAD","block":"NAG. KSH.FAR.BAD","indicator":"no_girls_toilet"}},{"type":"Feature","geometry":{"type":"Point","coordinates":[79.54833,27.30444]},"properties":{"udise":"09290418201","name":"PS TILIYAN","state":"UTTAR PRADESH","district":"FARRUKHABAD","block":"KAMALGANJ","indicator":"no_girls_toilet"}},{"type":"Feature","geometry":{"type":"Point","coordinates":[79.60161,27.36121]},"properties":{"udise":"09290705325","name":"RAJKEY INTER COLLEGE FATEHGARH","state":"UTTAR PRADESH","district":"FARRUKHABAD","block":"NAG. KSH.FAR.BAD","indicator":"no_girls_toilet"}},{"type":"Feature","geometry":{"type":"Point","coordinates":[79.59947,27.38089]},"properties":{"udise":"09290701902","name":"SWAMI RAMANADN PS","state":"UTTAR PRADESH","district":"FARRUKHABAD","block":"NAG. KSH.FAR.BAD","indicator":"no_girls_toilet"}},{"type":"Feature","geometry":{"type":"Point","coordinates":[79.60021,27.40068]},"properties":{"udise":"09290608001","name":"PS NIBALPUR","state":"UTTAR PRADESH","district":"FARRUKHABAD","block":"BARH PUR","indicator":"girls_toilet_nonfunctional"}},{"type":"Feature","geometry":{"type":"Point","coordinates":[79.38689,27.27639]},"properties":{"udise":"09290805207","name":"SARSWATI SHISHU MANDIR","state":"UTTAR PRADESH","district":"FARRUKHABAD","block":"MOHAMDABAD","indicator":"girls_toilet_nonfunctional"}},{"type":"Feature","geometry":{"type":"Point","coordinates":[79.43317,27.30876]},"properties":{"udise":"09290815903","name":"BABA SHRI MAUJGIRI ADARSH INTER COLLEGE","state":"UTTAR PRADESH","district":"FARRUKHABAD","block":"MOHAMDABAD","indicator":"girls_toilet_nonfunctional"}},{"type":"Feature","geometry":{"type":"Point","coordinates":[79.61004,27.26127]},"properties":{"udise":"09290406323","name":"SMT.R.P.G.H.S. SCHOOL","state":"UTTAR PRADESH","district":"FARRUKHABAD","block":"KAMALGANJ","indicator":"girls_toilet_nonfunctional"}},{"type":"Feature","geometry":{"type":"Point","coordinates":[79.57515,27.38552]},"properties":{"udise":"09290705349","name":"SARASWATI SISHU MANDIR SENAPATI","state":"UTTAR PRADESH","district":"FARRUKHABAD","block":"NAG. KSH.FAR.BAD","indicator":"girls_toilet_nonfunctional"}},{"type":"Feature","geometry":{"type":"Point","coordinates":[79.55082,27.26392]},"properties":{"udise":"09290416201","name":"PS GHATAMPUR","state":"UTTAR PRADESH","district":"FARRUKHABAD","block":"KAMALGANJ","indicator":"girls_toilet_nonfunctional"}},{"type":"Feature","geometry":{"type":"Point","coordinates":[79.50658,27.25406]},"properties":{"udise":"09290402903","name":"PVT. M.S.P. UMV","state":"UTTAR PRADESH","district":"FARRUKHABAD","block":"KAMALGANJ","indicator":"girls_toilet_nonfunctional"}},{"type":"Feature","geometry":{"type":"Point","coordinates":[79.40467,27.43216]},"properties":{"udise":"09290303108","name":"SARSWATI BAL VIDHYA MANDIR","state":"UTTAR PRADESH","district":"FARRUKHABAD","block":"NAWABGANJ","indicator":"girls_toilet_nonfunctional"}},{"type":"Feature","geometry":{"type":"Point","coordinates":[79.5921,27.20848]},"properties":{"udise":"09290406846","name":"MADARSA JAHIDA BEGAM PUBLIC SCHOOL","state":"UTTAR PRADESH","district":"FARRUKHABAD","block":"KAMALGANJ","indicator":"girls_toilet_nonfunctional"}},{"type":"Feature","geometry":{"type":"Point","coordinates":[79.58803,27.18011]},"properties":{"udise":"09290418301","name":"PS DUDIAMAU","state":"UTTAR PRADESH","district":"FARRUKHABAD","block":"KAMALGANJ","indicator":"girls_toilet_nonfunctional"}},{"type":"Feature","geometry":{"type":"Point","coordinates":[79.54439,27.56052]},"properties":{"udise":"09290515102","name":"JHS MAKHAN NAGLA","state":"UTTAR PRADESH","district":"FARRUKHABAD","block":"RAJE PUR","indicator":"girls_toilet_nonfunctional"}},{"type":"Feature","geometry":{"type":"Point","coordinates":[79.64327,27.45266]},"properties":{"udise":"09290512501","name":"JHS KANCHANPUR SABALPUR","state":"UTTAR PRADESH","district":"FARRUKHABAD","block":"RAJE PUR","indicator":"girls_toilet_nonfunctional"}},{"type":"Feature","geometry":{"type":"Point","coordinates":[79.8709,27.3251]},"properties":{"udise":"09290516401","name":"PS JATPURA","state":"UTTAR PRADESH","district":"FARRUKHABAD","block":"RAJE PUR","indicator":"girls_toilet_nonfunctional"}},{"type":"Feature","geometry":{"type":"Point","coordinates":[79.41902,27.50998]},"properties":{"udise":"09290204002","name":"PS RAJLAMAI","state":"UTTAR PRADESH","district":"FARRUKHABAD","block":"SHAMSABAD","indicator":"girls_toilet_nonfunctional"}},{"type":"Feature","geometry":{"type":"Point","coordinates":[79.65629,27.25678]},"properties":{"udise":"09290401603","name":"PVT. ASTIQ PRIMARY SCHOOL","state":"UTTAR PRADESH","district":"FARRUKHABAD","block":"KAMALGANJ","indicator":"girls_toilet_nonfunctional"}},{"type":"Feature","geometry":{"type":"Point","coordinates":[79.5931,27.20847]},"properties":{"udise":"09290406829","name":"Madarsa Faizan E Vastiya","state":"UTTAR PRADESH","district":"FARRUKHABAD","block":"KAMALGANJ","indicator":"girls_toilet_nonfunctional"}},{"type":"Feature","geometry":{"type":"Point","coordinates":[80.0433,27.98]},"properties":{"udise":"09290605503","name":"MADARSA AL MANSOOR PUBLIC S","state":"UTTAR PRADESH","district":"FARRUKHABAD","block":"BARH PUR","indicator":"girls_toilet_nonfunctional"}},{"type":"Feature","geometry":{"type":"Point","coordinates":[79.52118,27.45279]},"properties":{"udise":"09290207102","name":"JHS BAKSURI","state":"UTTAR PRADESH","district":"FARRUKHABAD","block":"SHAMSABAD","indicator":"girls_toilet_nonfunctional"}},{"type":"Feature","geometry":{"type":"Point","coordinates":[79.63884,27.27972]},"properties":{"udise":"09290411604","name":"PVT. BABU GEDAN LAL PS","state":"UTTAR PRADESH","district":"FARRUKHABAD","block":"KAMALGANJ","indicator":"girls_toilet_nonfunctional"}},{"type":"Feature","geometry":{"type":"Point","coordinates":[79.38625,27.27747]},"properties":{"udise":"09290805211","name":"Soni public Children School","state":"UTTAR PRADESH","district":"FARRUKHABAD","block":"MOHAMDABAD","indicator":"girls_toilet_nonfunctional"}},{"type":"Feature","geometry":{"type":"Point","coordinates":[79.63251,27.26082]},"properties":{"udise":"09290406315","name":"DURGA SHIKHA SANSTHAN INTER COLLEGE INDRA NAGAR","state":"UTTAR PRADESH","district":"FARRUKHABAD","block":"KAMALGANJ","indicator":"girls_toilet_nonfunctional"}},{"type":"Feature","geometry":{"type":"Point","coordinates":[79.56192,27.19738]},"properties":{"udise":"09290406703","name":"MADARSA RIJBIYA BAHARE ERAM","state":"UTTAR PRADESH","district":"FARRUKHABAD","block":"KAMALGANJ","indicator":"girls_toilet_nonfunctional"}},{"type":"Feature","geometry":{"type":"Point","coordinates":[79.63031,27.27068]},"properties":{"udise":"09290406317","name":"MAULANA AZAD INTER COLLEGE","state":"UTTAR PRADESH","district":"FARRUKHABAD","block":"KAMALGANJ","indicator":"girls_toilet_nonfunctional"}},{"type":"Feature","geometry":{"type":"Point","coordinates":[79.69423,27.48755]},"properties":{"udise":"09290508901","name":"PS BHAUPUR CHAURASI","state":"UTTAR PRADESH","district":"FARRUKHABAD","block":"RAJE PUR","indicator":"girls_toilet_nonfunctional"}},{"type":"Feature","geometry":{"type":"Point","coordinates":[79.43372,27.36579]},"properties":{"udise":"09290810006","name":"SWAMI DIN BANDHU INTER COLLEGE","state":"UTTAR PRADESH","district":"FARRUKHABAD","block":"MOHAMDABAD","indicator":"girls_toilet_nonfunctional"}},{"type":"Feature","geometry":{"type":"Point","coordinates":[79.65368,27.1747]},"properties":{"udise":"09290705359","name":"SARASWATI SISHU MANDIR SHYAM NAGAR","state":"UTTAR PRADESH","district":"FARRUKHABAD","block":"NAG. KSH.FAR.BAD","indicator":"girls_toilet_nonfunctional"}},{"type":"Feature","geometry":{"type":"Point","coordinates":[79.57852,27.18216]},"properties":{"udise":"09290404903","name":"MAA SHARDA HIGHER SECONDARY SCHOOL","state":"UTTAR PRADESH","district":"FARRUKHABAD","block":"KAMALGANJ","indicator":"girls_toilet_nonfunctional"}},{"type":"Feature","geometry":{"type":"Point","coordinates":[79.55104,27.23069]},"properties":{"udise":"09290419403","name":"MADARSHA KHUSHMUDI BEGAM NISHVA BALIKA","state":"UTTAR PRADESH","district":"FARRUKHABAD","block":"KAMALGANJ","indicator":"girls_toilet_nonfunctional"}},{"type":"Feature","geometry":{"type":"Point","coordinates":[79.60199,27.23293]},"properties":{"udise":"09290413101","name":"PS MAHMADPUR ACHLA","state":"UTTAR PRADESH","district":"FARRUKHABAD","block":"KAMALGANJ","indicator":"girls_toilet_nonfunctional"}},{"type":"Feature","geometry":{"type":"Point","coordinates":[79.63005,27.26228]},"properties":{"udise":"09290406330","name":"PVT. SAINT  MAKHDOOM P.P SCHOOL","state":"UTTAR PRADESH","district":"FARRUKHABAD","block":"KAMALGANJ","indicator":"girls_toilet_nonfunctional"}},{"type":"Feature","geometry":{"type":"Point","coordinates":[79.62106,27.26016]},"properties":{"udise":"09290407404","name":"JYOTI PUBIC SCHOOL","state":"UTTAR PRADESH","district":"FARRUKHABAD","block":"KAMALGANJ","indicator":"girls_toilet_nonfunctional"}},{"type":"Feature","geometry":{"type":"Point","coordinates":[79.62106,27.26016]},"properties":{"udise":"09290400902","name":"S.D. JUNIOR HIGH SCHOOL","state":"UTTAR PRADESH","district":"FARRUKHABAD","block":"KAMALGANJ","indicator":"girls_toilet_nonfunctional"}},{"type":"Feature","geometry":{"type":"Point","coordinates":[79.5609,27.30542]},"properties":{"udise":"09290406849","name":"MADARSA SHAKIRA COLLEGE","state":"UTTAR PRADESH","district":"FARRUKHABAD","block":"KAMALGANJ","indicator":"girls_toilet_nonfunctional"}},{"type":"Feature","geometry":{"type":"Point","coordinates":[80.1,27.3333]},"properties":{"udise":"09290409912","name":"Afridi Izhar Memorial JHS","state":"UTTAR PRADESH","district":"FARRUKHABAD","block":"KAMALGANJ","indicator":"girls_toilet_nonfunctional"}},{"type":"Feature","geometry":{"type":"Point","coordinates":[79.57265,27.37688]},"properties":{"udise":"09290602806","name":"MAHAVEER INTER COLLEGE NAGLA KHAIBAND","state":"UTTAR PRADESH","district":"FARRUKHABAD","block":"BARH PUR","indicator":"girls_toilet_nonfunctional"}},{"type":"Feature","geometry":{"type":"Point","coordinates":[79.554,27.5533]},"properties":{"udise":"09290517301","name":"PS DHANI NAGLA","state":"UTTAR PRADESH","district":"FARRUKHABAD","block":"RAJE PUR","indicator":"girls_toilet_nonfunctional"}},{"type":"Feature","geometry":{"type":"Point","coordinates":[79.63242,27.25605]},"properties":{"udise":"09290413004","name":"K.P. PUBLIC SCHOOL","state":"UTTAR PRADESH","district":"FARRUKHABAD","block":"KAMALGANJ","indicator":"girls_toilet_nonfunctional"}},{"type":"Feature","geometry":{"type":"Point","coordinates":[79.50558,27.25306]},"properties":{"udise":"09290402904","name":"SMT PREMVATI  BALIKA JHS PANJUKHIRIYA","state":"UTTAR PRADESH","district":"FARRUKHABAD","block":"KAMALGANJ","indicator":"girls_toilet_nonfunctional"}},{"type":"Feature","geometry":{"type":"Point","coordinates":[79.60842,27.36554]},"properties":{"udise":"09290601906","name":"JYOTI PUBLIC SCHOOL","state":"UTTAR PRADESH","district":"FARRUKHABAD","block":"BARH PUR","indicator":"girls_toilet_nonfunctional"}},{"type":"Feature","geometry":{"type":"Point","coordinates":[79.39593,27.46376]},"properties":{"udise":"09290302602","name":"JHS CHANDNI","state":"UTTAR PRADESH","district":"FARRUKHABAD","block":"NAWABGANJ","indicator":"girls_toilet_nonfunctional"}},{"type":"Feature","geometry":{"type":"Point","coordinates":[79.63538,27.32425]},"properties":{"udise":"09290406501","name":"PS NAGLA KHEM RENGAI","state":"UTTAR PRADESH","district":"FARRUKHABAD","block":"KAMALGANJ","indicator":"girls_toilet_nonfunctional"}},{"type":"Feature","geometry":{"type":"Point","coordinates":[79.40475,27.31822]},"properties":{"udise":"09290801602","name":"BABA SHRI MAUJGIRI ADAESH JH SCHOOL","state":"UTTAR PRADESH","district":"FARRUKHABAD","block":"MOHAMDABAD","indicator":"girls_toilet_nonfunctional"}},{"type":"Feature","geometry":{"type":"Point","coordinates":[79.51692,27.22238]},"properties":{"udise":"09290413704","name":"SHRI MAIKU LAL  PRATHMIK VIDHYALAY SIRONJ","state":"UTTAR PRADESH","district":"FARRUKHABAD","block":"KAMALGANJ","indicator":"girls_toilet_nonfunctional"}},{"type":"Feature","geometry":{"type":"Point","coordinates":[79.63214,27.26011]},"properties":{"udise":"09290406343","name":"S K D Public School Sastri Nagar Kamalganj","state":"UTTAR PRADESH","district":"FARRUKHABAD","block":"KAMALGANJ","indicator":"girls_toilet_nonfunctional"}},{"type":"Feature","geometry":{"type":"Point","coordinates":[79.59348,27.392]},"properties":{"udise":"09290607101","name":"DR. B.R. AMBEDKAR JHS KHANPUR FARRUKHABAD","state":"UTTAR PRADESH","district":"FARRUKHABAD","block":"BARH PUR","indicator":"girls_toilet_nonfunctional"}},{"type":"Feature","geometry":{"type":"Point","coordinates":[79.5921,27.20848]},"properties":{"udise":"09290406836","name":"Madarsa Rizviya Gausulbara Education socity","state":"UTTAR PRADESH","district":"FARRUKHABAD","block":"KAMALGANJ","indicator":"girls_toilet_nonfunctional"}},{"type":"Feature","geometry":{"type":"Point","coordinates":[80.1,27.3333]},"properties":{"udise":"09290409910","name":"AFRIDI IZHAR MEMORIAL SCHOOL DINARPUR","state":"UTTAR PRADESH","district":"FARRUKHABAD","block":"KAMALGANJ","indicator":"girls_toilet_nonfunctional"}},{"type":"Feature","geometry":{"type":"Point","coordinates":[79.50657,27.25405]},"properties":{"udise":"09290402905","name":"SHRI MAHARAJ SINGH PVT VIDHYALAY PANJUKHIRIYA","state":"UTTAR PRADESH","district":"FARRUKHABAD","block":"KAMALGANJ","indicator":"girls_toilet_nonfunctional"}},{"type":"Feature","geometry":{"type":"Point","coordinates":[79.49408,27.41087]},"properties":{"udise":"09290607902","name":"JHS REHA","state":"UTTAR PRADESH","district":"FARRUKHABAD","block":"BARH PUR","indicator":"girls_toilet_nonfunctional"}},{"type":"Feature","geometry":{"type":"Point","coordinates":[79.51404,27.44614]},"properties":{"udise":"09290207101","name":"PS BAKSURI","state":"UTTAR PRADESH","district":"FARRUKHABAD","block":"SHAMSABAD","indicator":"girls_toilet_nonfunctional"}},{"type":"Feature","geometry":{"type":"Point","coordinates":[79.50659,27.3607]},"properties":{"udise":"09290607702","name":"RAMESH JANTA JR.HIGH SCHOOL","state":"UTTAR PRADESH","district":"FARRUKHABAD","block":"BARH PUR","indicator":"girls_toilet_nonfunctional"}},{"type":"Feature","geometry":{"type":"Point","coordinates":[79.33966,27.55173]},"properties":{"udise":"09290900401","name":"PS WARD NO.13 BAJERIYA RAMLAL","state":"UTTAR PRADESH","district":"FARRUKHABAD","block":"NAG.KSHETRA  K.GANJ","indicator":"girls_toilet_nonfunctional"}},{"type":"Feature","geometry":{"type":"Point","coordinates":[79.33212,27.54527]},"properties":{"udise":"09290306207","name":"SUSHILA DEVI SIKSHAN & SAMAJ SEWI","state":"UTTAR PRADESH","district":"FARRUKHABAD","block":"NAWABGANJ","indicator":"girls_toilet_nonfunctional"}},{"type":"Feature","geometry":{"type":"Point","coordinates":[79.5743,27.38659]},"properties":{"udise":"09290411102","name":"SARASWATI SHISHU GYANODAY PUBLIC SCHOOL","state":"UTTAR PRADESH","district":"FARRUKHABAD","block":"KAMALGANJ","indicator":"girls_toilet_nonfunctional"}},{"type":"Feature","geometry":{"type":"Point","coordinates":[79.57372,27.30244]},"properties":{"udise":"09290416504","name":"DR Juniour High School","state":"UTTAR PRADESH","district":"FARRUKHABAD","block":"KAMALGANJ","indicator":"girls_toilet_nonfunctional"}},{"type":"Feature","geometry":{"type":"Point","coordinates":[79.62254,27.25081]},"properties":{"udise":"09290406306","name":"PVT SUSHILA MONTEYSIRI SCHOOL","state":"UTTAR PRADESH","district":"FARRUKHABAD","block":"KAMALGANJ","indicator":"girls_toilet_nonfunctional"}},{"type":"Feature","geometry":{"type":"Point","coordinates":[79.63254,27.26081]},"properties":{"udise":"09290406304","name":"PVT.DURGA SADAN SCHOOL","state":"UTTAR PRADESH","district":"FARRUKHABAD","block":"KAMALGANJ","indicator":"girls_toilet_nonfunctional"}},{"type":"Feature","geometry":{"type":"Point","coordinates":[79.63257,27.26086]},"properties":{"udise":"09290406339","name":"MADRSA AISHA BEGUM NISWA KAMALGANJ","state":"UTTAR PRADESH","district":"FARRUKHABAD","block":"KAMALGANJ","indicator":"girls_toilet_nonfunctional"}},{"type":"Feature","geometry":{"type":"Point","coordinates":[79.59538,27.238]},"properties":{"udise":"09290408905","name":"Madarsa Sir Syed Public School Usmanganj","state":"UTTAR PRADESH","district":"FARRUKHABAD","block":"KAMALGANJ","indicator":"girls_toilet_nonfunctional"}},{"type":"Feature","geometry":{"type":"Point","coordinates":[79.64953,27.22044]},"properties":{"udise":"09290406001","name":"PS CHANDANPUR","state":"UTTAR PRADESH","district":"FARRUKHABAD","block":"KAMALGANJ","indicator":"girls_toilet_nonfunctional"}},{"type":"Feature","geometry":{"type":"Point","coordinates":[79.5922,27.20748]},"properties":{"udise":"09290406814","name":"LATE. JAHIDA BEGAM P. SCHOOL","state":"UTTAR PRADESH","district":"FARRUKHABAD","block":"KAMALGANJ","indicator":"girls_toilet_nonfunctional"}},{"type":"Feature","geometry":{"type":"Point","coordinates":[79.61724,27.38403]},"properties":{"udise":"09290607610","name":"R S P D Public School","state":"UTTAR PRADESH","district":"FARRUKHABAD","block":"BARH PUR","indicator":"girls_toilet_nonfunctional"}},{"type":"Feature","geometry":{"type":"Point","coordinates":[79.54562,27.32069]},"properties":{"udise":"09290403201","name":"PS RATANPUR","state":"UTTAR PRADESH","district":"FARRUKHABAD","block":"KAMALGANJ","indicator":"girls_toilet_nonfunctional"}},{"type":"Feature","geometry":{"type":"Point","coordinates":[79.64133,27.23295]},"properties":{"udise":"09290409105","name":"SHRI RAGHUVAR  ADARSH BALIKA VIDHALAY","state":"UTTAR PRADESH","district":"FARRUKHABAD","block":"KAMALGANJ","indicator":"girls_toilet_nonfunctional"}},{"type":"Feature","geometry":{"type":"Point","coordinates":[79.49932,27.33535]},"properties":{"udise":"09290806501","name":"PS NISAI","state":"UTTAR PRADESH","district":"FARRUKHABAD","block":"MOHAMDABAD","indicator":"girls_toilet_nonfunctional"}},{"type":"Feature","geometry":{"type":"Point","coordinates":[79.5571,27.38129]},"properties":{"udise":"09290410324","name":"MADRSHA AKHTRI BEGAM","state":"UTTAR PRADESH","district":"FARRUKHABAD","block":"KAMALGANJ","indicator":"girls_toilet_nonfunctional"}},{"type":"Feature","geometry":{"type":"Point","coordinates":[79.52687,27.4142]},"properties":{"udise":"09290601401","name":"PS RASHID PUR","state":"UTTAR PRADESH","district":"FARRUKHABAD","block":"BARH PUR","indicator":"girls_toilet_nonfunctional"}},{"type":"Feature","geometry":{"type":"Point","coordinates":[79.56888,27.39068]},"properties":{"udise":"09290705391","name":"GEETIKA RASTOGI B.C.SEN HSS FBD","state":"UTTAR PRADESH","district":"FARRUKHABAD","block":"NAG. KSH.FAR.BAD","indicator":"girls_toilet_nonfunctional"}},{"type":"Feature","geometry":{"type":"Point","coordinates":[79.57226,27.29448]},"properties":{"udise":"09290416503","name":"PVT. DRSS KUNDANGANESPUR PS","state":"UTTAR PRADESH","district":"FARRUKHABAD","block":"KAMALGANJ","indicator":"girls_toilet_nonfunctional"}},{"type":"Feature","geometry":{"type":"Point","coordinates":[79.69308,27.22801]},"properties":{"udise":"09290409201","name":"PS SHERPUR SARAI","state":"UTTAR PRADESH","district":"FARRUKHABAD","block":"KAMALGANJ","indicator":"girls_toilet_nonfunctional"}},{"type":"Feature","geometry":{"type":"Point","coordinates":[79.57219,27.3764]},"properties":{"udise":"09290603301","name":"PS KUIAN BOOT","state":"UTTAR PRADESH","district":"FARRUKHABAD","block":"BARH PUR","indicator":"girls_toilet_nonfunctional"}},{"type":"Feature","geometry":{"type":"Point","coordinates":[79.63254,27.26081]},"properties":{"udise":"09290406305","name":"PVT MOLANA AZAD SCHOOL","state":"UTTAR PRADESH","district":"FARRUKHABAD","block":"KAMALGANJ","indicator":"girls_toilet_nonfunctional"}},{"type":"Feature","geometry":{"type":"Point","coordinates":[79.57735,27.38588]},"properties":{"udise":"09290611901","name":"Composite JHS NYAMATPUR SARIYA","state":"UTTAR PRADESH","district":"FARRUKHABAD","block":"BARH PUR","indicator":"girls_toilet_nonfunctional"}},{"type":"Feature","geometry":{"type":"Point","coordinates":[79.43365,27.33478]},"properties":{"udise":"09290803902","name":"COMPOSITE JHS SHAIKHPUR KHAJURI","state":"UTTAR PRADESH","district":"FARRUKHABAD","block":"MOHAMDABAD","indicator":"girls_toilet_nonfunctional"}},{"type":"Feature","geometry":{"type":"Point","coordinates":[79.62536,27.32695]},"properties":{"udise":"09290414302","name":"Maa Annapudna Sikchan Sansthan","state":"UTTAR PRADESH","district":"FARRUKHABAD","block":"KAMALGANJ","indicator":"girls_toilet_nonfunctional"}},{"type":"Feature","geometry":{"type":"Point","coordinates":[79.5649,27.29771]},"properties":{"udise":"09290404303","name":"DAYARAM INTER COLLEGE BADRI NAGAR","state":"UTTAR PRADESH","district":"FARRUKHABAD","block":"KAMALGANJ","indicator":"girls_toilet_nonfunctional"}},{"type":"Feature","geometry":{"type":"Point","coordinates":[79.58384,27.22124]},"properties":{"udise":"09290407001","name":"PS GULARIYA KHERA","state":"UTTAR PRADESH","district":"FARRUKHABAD","block":"KAMALGANJ","indicator":"girls_toilet_nonfunctional"}},{"type":"Feature","geometry":{"type":"Point","coordinates":[79.58967,27.42202]},"properties":{"udise":"09290603602","name":"JHS BILAVALPUR","state":"UTTAR PRADESH","district":"FARRUKHABAD","block":"BARH PUR","indicator":"girls_toilet_nonfunctional"}}]}