{"type":"FeatureCollection","features":[{"type":"Feature","geometry":{"type":"Point","coordinates":[79.85656,29.73433]},"properties":{"udise":"05080118801","name":"PS ASHON MALLAKOT","state":"UTTARAKHAND","district":"BAGESHWAR","block":"BAGESHWAR","indicator":"no_girls_toilet"}},{"type":"Feature","geometry":{"type":"Point","coordinates":[79.987,29.8201]},"properties":{"udise":"05080105303","name":"G.U.P.S. TAKNAR (BHANSURI)","state":"UTTARAKHAND","district":"BAGESHWAR","block":"BAGESHWAR","indicator":"no_girls_toilet"}},{"type":"Feature","geometry":{"type":"Point","coordinates":[79.9236,29.8822]},"properties":{"udise":"05080104101","name":"PS LESANI","state":"UTTARAKHAND","district":"BAGESHWAR","block":"BAGESHWAR","indicator":"no_girls_toilet"}},{"type":"Feature","geometry":{"type":"Point","coordinates":[79.7636,29.7813]},"properties":{"udise":"05080121701","name":"PS SAKIRA","state":"UTTARAKHAND","district":"BAGESHWAR","block":"BAGESHWAR","indicator":"no_girls_toilet"}},{"type":"Feature","geometry":{"type":"Point","coordinates":[79.8292,29.7974]},"properties":{"udise":"05080102602","name":"PS BAMANBHIDI","state":"UTTARAKHAND","district":"BAGESHWAR","block":"BAGESHWAR","indicator":"no_girls_toilet"}},{"type":"Feature","geometry":{"type":"Point","coordinates":[79.77269,29.77064]},"properties":{"udise":"05080122201","name":"PS CHHANI","state":"UTTARAKHAND","district":"BAGESHWAR","block":"BAGESHWAR","indicator":"no_girls_toilet"}},{"type":"Feature","geometry":{"type":"Point","coordinates":[79.82461,29.76525]},"properties":{"udise":"05080119001","name":"PS KATHANI","state":"UTTARAKHAND","district":"BAGESHWAR","block":"BAGESHWAR","indicator":"no_girls_toilet"}},{"type":"Feature","geometry":{"type":"Point","coordinates":[79.8366,29.8206]},"properties":{"udise":"05080107201","name":"PS NAYAL","state":"UTTARAKHAND","district":"BAGESHWAR","block":"BAGESHWAR","indicator":"no_girls_toilet"}},{"type":"Feature","geometry":{"type":"Point","coordinates":[79.7714,29.8356]},"properties":{"udise":"05080100103","name":"PS BAGESHWAR II","state":"UTTARAKHAND","district":"BAGESHWAR","block":"BAGESHWAR","indicator":"no_girls_toilet"}},{"type":"Feature","geometry":{"type":"Point","coordinates":[79.9236,29.8557]},"properties":{"udise":"05080103801","name":"PS GANUWA SIRMOLI","state":"UTTARAKHAND","district":"BAGESHWAR","block":"BAGESHWAR","indicator":"no_girls_toilet"}},{"type":"Feature","geometry":{"type":"Point","coordinates":[79.8389,29.7881]},"properties":{"udise":"05080102601","name":"PS MATIYOLI","state":"UTTARAKHAND","district":"BAGESHWAR","block":"BAGESHWAR","indicator":"no_girls_toilet"}},{"type":"Feature","geometry":{"type":"Point","coordinates":[79.85347,29.86539]},"properties":{"udise":"05080111301","name":"PS SELA","state":"UTTARAKHAND","district":"BAGESHWAR","block":"BAGESHWAR","indicator":"no_girls_toilet"}},{"type":"Feature","geometry":{"type":"Point","coordinates":[79.85767,29.87219]},"properties":{"udise":"05080110401","name":"PS CHAURA","state":"UTTARAKHAND","district":"BAGESHWAR","block":"BAGESHWAR","indicator":"no_girls_toilet"}},{"type":"Feature","geometry":{"type":"Point","coordinates":[79.7834,29.7703]},"properties":{"udise":"05080122001","name":"PS BHANARTOLI","state":"UTTARAKHAND","district":"BAGESHWAR","block":"BAGESHWAR","indicator":"no_girls_toilet"}},{"type":"Feature","geometry":{"type":"Point","coordinates":[79.7939,29.7712]},"properties":{"udise":"05080121401","name":"GOVERNMENT PRIMARY SCHOOL LOB","state":"UTTARAKHAND","district":"BAGESHWAR","block":"BAGESHWAR","indicator":"no_girls_toilet"}},{"type":"Feature","geometry":{"type":"Point","coordinates":[79.6049,29.9369]},"properties":{"udise":"05080306101","name":"R.L. PUBLIC SCHOOL GAWAR","state":"UTTARAKHAND","district":"BAGESHWAR","block":"GARUR","indicator":"no_girls_toilet"}},{"type":"Feature","geometry":{"type":"Point","coordinates":[79.7784,29.7653]},"properties":{"udise":"05080121902","name":"PS BHATKHOLA","state":"UTTARAKHAND","district":"BAGESHWAR","block":"BAGESHWAR","indicator":"no_girls_toilet"}},{"type":"Feature","geometry":{"type":"Point","coordinates":[79.7964,29.8977]},"properties":{"udise":"05080101801","name":"GOVERNMENT PRIMARY SCHOOL SAN","state":"UTTARAKHAND","district":"BAGESHWAR","block":"BAGESHWAR","indicator":"no_girls_toilet"}},{"type":"Feature","geometry":{"type":"Point","coordinates":[79.7738,29.8246]},"properties":{"udise":"05080101202","name":"PS MEHANARBUNGA","state":"UTTARAKHAND","district":"BAGESHWAR","block":"BAGESHWAR","indicator":"no_girls_toilet"}},{"type":"Feature","geometry":{"type":"Point","coordinates":[79.61273,29.89783]},"properties":{"udise":"05080302501","name":"PS KAPHALDUNGA","state":"UTTARAKHAND","district":"BAGESHWAR","block":"GARUR","indicator":"no_girls_toilet"}},{"type":"Feature","geometry":{"type":"Point","coordinates":[79.6654,29.9081]},"properties":{"udise":"05080307901","name":"PS RIYUNI LAKHMAR","state":"UTTARAKHAND","district":"BAGESHWAR","block":"GARUR","indicator":"no_girls_toilet"}},{"type":"Feature","geometry":{"type":"Point","coordinates":[79.6519,29.9216]},"properties":{"udise":"05080300802","name":"UPS SIMAR","state":"UTTARAKHAND","district":"BAGESHWAR","block":"GARUR","indicator":"no_girls_toilet"}},{"type":"Feature","geometry":{"type":"Point","coordinates":[79.6379,29.9492]},"properties":{"udise":"05080304101","name":"PS CHAURSON","state":"UTTARAKHAND","district":"BAGESHWAR","block":"GARUR","indicator":"no_girls_toilet"}},{"type":"Feature","geometry":{"type":"Point","coordinates":[79.90089,29.94667]},"properties":{"udise":"05080202706","name":"MAA UMA BAL S.S.M. HIGH SCHOOL KAPKOT","state":"UTTARAKHAND","district":"BAGESHWAR","block":"KAPKOTE","indicator":"no_girls_toilet"}},{"type":"Feature","geometry":{"type":"Point","coordinates":[79.9141,29.8144]},"properties":{"udise":"05080109302","name":"S.S.M.DHAPOLASERA","state":"UTTARAKHAND","district":"BAGESHWAR","block":"BAGESHWAR","indicator":"no_girls_toilet"}},{"type":"Feature","geometry":{"type":"Point","coordinates":[79.702,29.892]},"properties":{"udise":"05080124501","name":"PS MALUJHAL","state":"UTTARAKHAND","district":"BAGESHWAR","block":"BAGESHWAR","indicator":"girls_toilet_nonfunctional"}},{"type":"Feature","geometry":{"type":"Point","coordinates":[79.8389,29.7881]},"properties":{"udise":"05080102603","name":"UPS MATIYOLI","state":"UTTARAKHAND","district":"BAGESHWAR","block":"BAGESHWAR","indicator":"girls_toilet_nonfunctional"}},{"type":"Feature","geometry":{"type":"Point","coordinates":[79.84758,29.73678]},"properties":{"udise":"05080118403","name":"PS ASHON NAVEEN","state":"UTTARAKHAND","district":"BAGESHWAR","block":"BAGESHWAR","indicator":"girls_toilet_nonfunctional"}},{"type":"Feature","geometry":{"type":"Point","coordinates":[79.9259,29.9033]},"properties":{"udise":"05080216902","name":"UPS JARATI","state":"UTTARAKHAND","district":"BAGESHWAR","block":"KAPKOTE","indicator":"girls_toilet_nonfunctional"}},{"type":"Feature","geometry":{"type":"Point","coordinates":[79.7163,29.8064]},"properties":{"udise":"05080115201","name":"PS DHARI","state":"UTTARAKHAND","district":"BAGESHWAR","block":"BAGESHWAR","indicator":"girls_toilet_nonfunctional"}},{"type":"Feature","geometry":{"type":"Point","coordinates":[79.9666,29.8249]},"properties":{"udise":"05080105101","name":"PS MALSUNA","state":"UTTARAKHAND","district":"BAGESHWAR","block":"BAGESHWAR","indicator":"girls_toilet_nonfunctional"}},{"type":"Feature","geometry":{"type":"Point","coordinates":[79.7767,29.8146]},"properties":{"udise":"05080121103","name":"BAGNATH BAL V.M. BILAUNA","state":"UTTARAKHAND","district":"BAGESHWAR","block":"BAGESHWAR","indicator":"girls_toilet_nonfunctional"}},{"type":"Feature","geometry":{"type":"Point","coordinates":[79.9084,29.8102]},"properties":{"udise":"05080107801","name":"PS BAJIRAUTH","state":"UTTARAKHAND","district":"BAGESHWAR","block":"BAGESHWAR","indicator":"girls_toilet_nonfunctional"}},{"type":"Feature","geometry":{"type":"Point","coordinates":[79.63517,29.90789]},"properties":{"udise":"05080303707","name":"DIVYA JYOTI PUBLIC SCHOOL PURARA","state":"UTTARAKHAND","district":"BAGESHWAR","block":"GARUR","indicator":"girls_toilet_nonfunctional"}},{"type":"Feature","geometry":{"type":"Point","coordinates":[80.0268,29.9746]},"properties":{"udise":"05080214701","name":"PS SHAMA","state":"UTTARAKHAND","district":"BAGESHWAR","block":"KAPKOTE","indicator":"girls_toilet_nonfunctional"}},{"type":"Feature","geometry":{"type":"Point","coordinates":[79.7765,29.8494]},"properties":{"udise":"05080100604","name":"SSM KATHAYATBADA","state":"UTTARAKHAND","district":"BAGESHWAR","block":"BAGESHWAR","indicator":"girls_toilet_nonfunctional"}},{"type":"Feature","geometry":{"type":"Point","coordinates":[79.9,29.8321]},"properties":{"udise":"05080108701","name":"PS BAJINA","state":"UTTARAKHAND","district":"BAGESHWAR","block":"BAGESHWAR","indicator":"girls_toilet_nonfunctional"}},{"type":"Feature","geometry":{"type":"Point","coordinates":[79.9354,29.9517]},"properties":{"udise":"05080200501","name":"PS PHARSALI PALLI","state":"UTTARAKHAND","district":"BAGESHWAR","block":"KAPKOTE","indicator":"girls_toilet_nonfunctional"}},{"type":"Feature","geometry":{"type":"Point","coordinates":[79.5867,29.9284]},"properties":{"udise":"05080300201","name":"GOVT PRIMARY SCHOOL ANA","state":"UTTARAKHAND","district":"BAGESHWAR","block":"GARUR","indicator":"girls_toilet_nonfunctional"}},{"type":"Feature","geometry":{"type":"Point","coordinates":[79.9541,29.9109]},"properties":{"udise":"05080216301","name":"PS UDHAYAMSTHAL","state":"UTTARAKHAND","district":"BAGESHWAR","block":"KAPKOTE","indicator":"girls_toilet_nonfunctional"}},{"type":"Feature","geometry":{"type":"Point","coordinates":[79.7269,29.93815]},"properties":{"udise":"05080307201","name":"PS NAVEEN DARIMKHET","state":"UTTARAKHAND","district":"BAGESHWAR","block":"GARUR","indicator":"girls_toilet_nonfunctional"}},{"type":"Feature","geometry":{"type":"Point","coordinates":[79.9727,29.9283]},"properties":{"udise":"05080201702","name":"PS BASANI","state":"UTTARAKHAND","district":"BAGESHWAR","block":"KAPKOTE","indicator":"girls_toilet_nonfunctional"}},{"type":"Feature","geometry":{"type":"Point","coordinates":[79.8,30.0855]},"properties":{"udise":"05080212002","name":"PS KUNWARI","state":"UTTARAKHAND","district":"BAGESHWAR","block":"KAPKOTE","indicator":"girls_toilet_nonfunctional"}},{"type":"Feature","geometry":{"type":"Point","coordinates":[79.8642,29.9722]},"properties":{"udise":"05080219301","name":"PS KHOLIKHET","state":"UTTARAKHAND","district":"BAGESHWAR","block":"KAPKOTE","indicator":"girls_toilet_nonfunctional"}},{"type":"Feature","geometry":{"type":"Point","coordinates":[79.9806,30.101]},"properties":{"udise":"05080210802","name":"GHSS KHALJHUNI","state":"UTTARAKHAND","district":"BAGESHWAR","block":"KAPKOTE","indicator":"girls_toilet_nonfunctional"}},{"type":"Feature","geometry":{"type":"Point","coordinates":[79.9359,29.8766]},"properties":{"udise":"05080104601","name":"PS GADERA","state":"UTTARAKHAND","district":"BAGESHWAR","block":"BAGESHWAR","indicator":"girls_toilet_nonfunctional"}},{"type":"Feature","geometry":{"type":"Point","coordinates":[79.7044,29.914]},"properties":{"udise":"05080303705","name":"PS MALLA GARHKHET","state":"UTTARAKHAND","district":"BAGESHWAR","block":"GARUR","indicator":"girls_toilet_nonfunctional"}},{"type":"Feature","geometry":{"type":"Point","coordinates":[79.9083,29.8044]},"properties":{"udise":"05080108901","name":"PS BHANDARISERA","state":"UTTARAKHAND","district":"BAGESHWAR","block":"BAGESHWAR","indicator":"girls_toilet_nonfunctional"}},{"type":"Feature","geometry":{"type":"Point","coordinates":[79.9716,29.9353]},"properties":{"udise":"05080201703","name":"UPS KHARAK KANATOLI","state":"UTTARAKHAND","district":"BAGESHWAR","block":"KAPKOTE","indicator":"girls_toilet_nonfunctional"}},{"type":"Feature","geometry":{"type":"Point","coordinates":[79.7748,29.8803]},"properties":{"udise":"05080101501","name":"PS CHHAUNA","state":"UTTARAKHAND","district":"BAGESHWAR","block":"BAGESHWAR","indicator":"girls_toilet_nonfunctional"}},{"type":"Feature","geometry":{"type":"Point","coordinates":[80.0499,29.9406]},"properties":{"udise":"05080205701","name":"PS KANAULI","state":"UTTARAKHAND","district":"BAGESHWAR","block":"KAPKOTE","indicator":"girls_toilet_nonfunctional"}},{"type":"Feature","geometry":{"type":"Point","coordinates":[79.7314,29.8182]},"properties":{"udise":"05080111901","name":"PS PHALYATI AMSARKOT","state":"UTTARAKHAND","district":"BAGESHWAR","block":"BAGESHWAR","indicator":"girls_toilet_nonfunctional"}},{"type":"Feature","geometry":{"type":"Point","coordinates":[79.9604,29.8224]},"properties":{"udise":"05080109701","name":"PS KUCHAULI","state":"UTTARAKHAND","district":"BAGESHWAR","block":"BAGESHWAR","indicator":"girls_toilet_nonfunctional"}},{"type":"Feature","geometry":{"type":"Point","coordinates":[79.9352,29.9026]},"properties":{"udise":"05080216901","name":"PS JARATI","state":"UTTARAKHAND","district":"BAGESHWAR","block":"KAPKOTE","indicator":"girls_toilet_nonfunctional"}},{"type":"Feature","geometry":{"type":"Point","coordinates":[79.9478,29.7888]},"properties":{"udise":"05080106102","name":"PS BHETA","state":"UTTARAKHAND","district":"BAGESHWAR","block":"BAGESHWAR","indicator":"girls_toilet_nonfunctional"}},{"type":"Feature","geometry":{"type":"Point","coordinates":[79.5139,30.5659]},"properties":{"udise":"05020108102","name":"GHS THAING","state":"UTTARAKHAND","district":"CHAMOLI","block":"JOSHIMATH","indicator":"no_girls_toilet"}},{"type":"Feature","geometry":{"type":"Point","coordinates":[79.4179,30.1278]},"properties":{"udise":"05020805501","name":"PS CHIDINGA TALLA -1","state":"UTTARAKHAND","district":"CHAMOLI","block":"NARAYANBAGAR","indicator":"no_girls_toilet"}},{"type":"Feature","geometry":{"type":"Point","coordinates":[79.6,30.0674]},"properties":{"udise":"05020904401","name":"PS GWEELA","state":"UTTARAKHAND","district":"CHAMOLI","block":"DEWAL","indicator":"girls_toilet_nonfunctional"}},{"type":"Feature","geometry":{"type":"Point","coordinates":[79.5347,30.0957]},"properties":{"udise":"05020802602","name":"PS DHAKOLI","state":"UTTARAKHAND","district":"CHAMOLI","block":"THARALI","indicator":"girls_toilet_nonfunctional"}},{"type":"Feature","geometry":{"type":"Point","coordinates":[79.2534,30.3515]},"properties":{"udise":"05020511001","name":"PS TRISHULA","state":"UTTARAKHAND","district":"CHAMOLI","block":"POKHARI","indicator":"girls_toilet_nonfunctional"}},{"type":"Feature","geometry":{"type":"Point","coordinates":[79.4813,30.082]},"properties":{"udise":"05020800801","name":"PS KAKHADA","state":"UTTARAKHAND","district":"CHAMOLI","block":"THARALI","indicator":"girls_toilet_nonfunctional"}},{"type":"Feature","geometry":{"type":"Point","coordinates":[79.4509,30.2926]},"properties":{"udise":"05020302004","name":"PS PALAKH","state":"UTTARAKHAND","district":"CHAMOLI","block":"NANDANAGAR","indicator":"girls_toilet_nonfunctional"}},{"type":"Feature","geometry":{"type":"Point","coordinates":[79.173,30.3319]},"properties":{"udise":"05020512501","name":"PS BIRSHAN","state":"UTTARAKHAND","district":"CHAMOLI","block":"POKHARI","indicator":"girls_toilet_nonfunctional"}},{"type":"Feature","geometry":{"type":"Point","coordinates":[79.5882,30.0453]},"properties":{"udise":"05020906302","name":"UPS DEVSARI","state":"UTTARAKHAND","district":"CHAMOLI","block":"DEWAL","indicator":"girls_toilet_nonfunctional"}},{"type":"Feature","geometry":{"type":"Point","coordinates":[79.5518,30.5498]},"properties":{"udise":"05020107802","name":"PS ITBP SUNIL","state":"UTTARAKHAND","district":"CHAMOLI","block":"JOSHIMATH","indicator":"girls_toilet_nonfunctional"}},{"type":"Feature","geometry":{"type":"Point","coordinates":[79.473,30.5104]},"properties":{"udise":"05020100501","name":"PS JAKHOLA","state":"UTTARAKHAND","district":"CHAMOLI","block":"JOSHIMATH","indicator":"girls_toilet_nonfunctional"}},{"type":"Feature","geometry":{"type":"Point","coordinates":[79.579,30.0486]},"properties":{"udise":"05020906301","name":"PS GIWAINE GAIR","state":"UTTARAKHAND","district":"CHAMOLI","block":"DEWAL","indicator":"girls_toilet_nonfunctional"}},{"type":"Feature","geometry":{"type":"Point","coordinates":[79.6745,30.0235]},"properties":{"udise":"05020900501","name":"PS KOTEDA","state":"UTTARAKHAND","district":"CHAMOLI","block":"DEWAL","indicator":"girls_toilet_nonfunctional"}},{"type":"Feature","geometry":{"type":"Point","coordinates":[79.3297,30.1347]},"properties":{"udise":"05020709501","name":"PS BUDERA","state":"UTTARAKHAND","district":"CHAMOLI","block":"NARAYANBAGAR","indicator":"girls_toilet_nonfunctional"}},{"type":"Feature","geometry":{"type":"Point","coordinates":[79.5899,30.0551]},"properties":{"udise":"05020906304","name":"PS DEVSARI MALLA","state":"UTTARAKHAND","district":"CHAMOLI","block":"DEWAL","indicator":"girls_toilet_nonfunctional"}},{"type":"Feature","geometry":{"type":"Point","coordinates":[79.36928,29.94381]},"properties":{"udise":"05020609601","name":"PS TEWA KHARK","state":"UTTARAKHAND","district":"CHAMOLI","block":"GAIRSAIN","indicator":"girls_toilet_nonfunctional"}},{"type":"Feature","geometry":{"type":"Point","coordinates":[79.2063,30.2839]},"properties":{"udise":"05020500101","name":"PS KHAL","state":"UTTARAKHAND","district":"CHAMOLI","block":"POKHARI","indicator":"girls_toilet_nonfunctional"}},{"type":"Feature","geometry":{"type":"Point","coordinates":[79.5535,30.0536]},"properties":{"udise":"05020807601","name":"PS TUNDARI","state":"UTTARAKHAND","district":"CHAMOLI","block":"THARALI","indicator":"girls_toilet_nonfunctional"}},{"type":"Feature","geometry":{"type":"Point","coordinates":[79.3007,30.3798]},"properties":{"udise":"05020205101","name":"PS BONLI","state":"UTTARAKHAND","district":"CHAMOLI","block":"DASHOLI","indicator":"girls_toilet_nonfunctional"}},{"type":"Feature","geometry":{"type":"Point","coordinates":[79.5574,30.0845]},"properties":{"udise":"05020905502","name":"PS BAMOTIYA","state":"UTTARAKHAND","district":"CHAMOLI","block":"DEWAL","indicator":"girls_toilet_nonfunctional"}},{"type":"Feature","geometry":{"type":"Point","coordinates":[79.3481,30.2258]},"properties":{"udise":"05020706901","name":"PRIMARY SCHOOL KOT","state":"UTTARAKHAND","district":"CHAMOLI","block":"NARAYANBAGAR","indicator":"girls_toilet_nonfunctional"}},{"type":"Feature","geometry":{"type":"Point","coordinates":[79.5818,30.055]},"properties":{"udise":"05020903503","name":"PS DEWAL","state":"UTTARAKHAND","district":"CHAMOLI","block":"DEWAL","indicator":"girls_toilet_nonfunctional"}},{"type":"Feature","geometry":{"type":"Point","coordinates":[79.1407,30.3432]},"properties":{"udise":"05020513001","name":"PS SERA","state":"UTTARAKHAND","district":"CHAMOLI","block":"POKHARI","indicator":"girls_toilet_nonfunctional"}},{"type":"Feature","geometry":{"type":"Point","coordinates":[79.5494,30.0834]},"properties":{"udise":"05020802402","name":"PS BULA KUNI","state":"UTTARAKHAND","district":"CHAMOLI","block":"THARALI","indicator":"girls_toilet_nonfunctional"}},{"type":"Feature","geometry":{"type":"Point","coordinates":[79.597,30.5209]},"properties":{"udise":"05020102301","name":"PS BADAGAWN","state":"UTTARAKHAND","district":"CHAMOLI","block":"JOSHIMATH","indicator":"girls_toilet_nonfunctional"}},{"type":"Feature","geometry":{"type":"Point","coordinates":[79.6133,30.1239]},"properties":{"udise":"05020902004","name":"GUPS MUNDOLI","state":"UTTARAKHAND","district":"CHAMOLI","block":"DEWAL","indicator":"girls_toilet_nonfunctional"}},{"type":"Feature","geometry":{"type":"Point","coordinates":[79.3929,30.1699]},"properties":{"udise":"05020702601","name":"PS PANITOLI","state":"UTTARAKHAND","district":"CHAMOLI","block":"NARAYANBAGAR","indicator":"girls_toilet_nonfunctional"}},{"type":"Feature","geometry":{"type":"Point","coordinates":[79.4637,30.4762]},"properties":{"udise":"05020104002","name":"UPS TANGNI","state":"UTTARAKHAND","district":"CHAMOLI","block":"JOSHIMATH","indicator":"girls_toilet_nonfunctional"}},{"type":"Feature","geometry":{"type":"Point","coordinates":[79.5856,30.2763]},"properties":{"udise":"05020303702","name":"PS PALTINGDHAR","state":"UTTARAKHAND","district":"CHAMOLI","block":"NANDANAGAR","indicator":"girls_toilet_nonfunctional"}},{"type":"Feature","geometry":{"type":"Point","coordinates":[79.5692,30.2602]},"properties":{"udise":"05020303501","name":"PS PRANMATI","state":"UTTARAKHAND","district":"CHAMOLI","block":"NANDANAGAR","indicator":"girls_toilet_nonfunctional"}},{"type":"Feature","geometry":{"type":"Point","coordinates":[79.5877,30.5717]},"properties":{"udise":"05020107302","name":"PS PAINKA","state":"UTTARAKHAND","district":"CHAMOLI","block":"JOSHIMATH","indicator":"girls_toilet_nonfunctional"}},{"type":"Feature","geometry":{"type":"Point","coordinates":[79.1582,30.2654]},"properties":{"udise":"05020412602","name":"GUPS BAUNLA","state":"UTTARAKHAND","district":"CHAMOLI","block":"KARANPRAYAG","indicator":"girls_toilet_nonfunctional"}},{"type":"Feature","geometry":{"type":"Point","coordinates":[79.6841,30.0381]},"properties":{"udise":"05020900502","name":"PS KOTIPAR","state":"UTTARAKHAND","district":"CHAMOLI","block":"DEWAL","indicator":"girls_toilet_nonfunctional"}},{"type":"Feature","geometry":{"type":"Point","coordinates":[79.4871,30.5021]},"properties":{"udise":"05020110302","name":"PS PALDA","state":"UTTARAKHAND","district":"CHAMOLI","block":"JOSHIMATH","indicator":"girls_toilet_nonfunctional"}},{"type":"Feature","geometry":{"type":"Point","coordinates":[79.6086,30.0865]},"properties":{"udise":"05020906801","name":"PS BAMANBERA","state":"UTTARAKHAND","district":"CHAMOLI","block":"DEWAL","indicator":"girls_toilet_nonfunctional"}},{"type":"Feature","geometry":{"type":"Point","coordinates":[79.4302,30.4123]},"properties":{"udise":"05020210502","name":"PS PIPALKOTI","state":"UTTARAKHAND","district":"CHAMOLI","block":"DASHOLI","indicator":"girls_toilet_nonfunctional"}},{"type":"Feature","geometry":{"type":"Point","coordinates":[79.4503,30.2817]},"properties":{"udise":"05020301001","name":"PS KUNDBAGAR","state":"UTTARAKHAND","district":"CHAMOLI","block":"NANDANAGAR","indicator":"girls_toilet_nonfunctional"}},{"type":"Feature","geometry":{"type":"Point","coordinates":[79.6176,30.1922]},"properties":{"udise":"05020903804","name":"PS PERIKODIMA","state":"UTTARAKHAND","district":"CHAMOLI","block":"DEWAL","indicator":"girls_toilet_nonfunctional"}},{"type":"Feature","geometry":{"type":"Point","coordinates":[79.3816,30.0919]},"properties":{"udise":"05020714001","name":"PS GADKOT","state":"UTTARAKHAND","district":"CHAMOLI","block":"NARAYANBAGAR","indicator":"girls_toilet_nonfunctional"}},{"type":"Feature","geometry":{"type":"Point","coordinates":[79.626,30.1278]},"properties":{"udise":"05020901501","name":"PS BANK","state":"UTTARAKHAND","district":"CHAMOLI","block":"DEWAL","indicator":"girls_toilet_nonfunctional"}},{"type":"Feature","geometry":{"type":"Point","coordinates":[79.5204,30.0434]},"properties":{"udise":"05020806302","name":"UPS TALWARI KHALSA","state":"UTTARAKHAND","district":"CHAMOLI","block":"THARALI","indicator":"girls_toilet_nonfunctional"}},{"type":"Feature","geometry":{"type":"Point","coordinates":[79.3782,30.159]},"properties":{"udise":"05020702801","name":"PS JAKHA KADAKOT","state":"UTTARAKHAND","district":"CHAMOLI","block":"NARAYANBAGAR","indicator":"girls_toilet_nonfunctional"}},{"type":"Feature","geometry":{"type":"Point","coordinates":[79.2323,30.2469]},"properties":{"udise":"05020400903","name":"PS RITHOLI","state":"UTTARAKHAND","district":"CHAMOLI","block":"KARANPRAYAG","indicator":"girls_toilet_nonfunctional"}},{"type":"Feature","geometry":{"type":"Point","coordinates":[79.6198,30.046]},"properties":{"udise":"05020900901","name":"PS PALWARA","state":"UTTARAKHAND","district":"CHAMOLI","block":"DEWAL","indicator":"girls_toilet_nonfunctional"}},{"type":"Feature","geometry":{"type":"Point","coordinates":[79.4331,30.0832]},"properties":{"udise":"05020700101","name":"PS DHARWARAM","state":"UTTARAKHAND","district":"CHAMOLI","block":"THARALI","indicator":"girls_toilet_nonfunctional"}},{"type":"Feature","geometry":{"type":"Point","coordinates":[79.6024,30.1072]},"properties":{"udise":"05020902401","name":"PS DHURADHARKOT","state":"UTTARAKHAND","district":"CHAMOLI","block":"DEWAL","indicator":"girls_toilet_nonfunctional"}},{"type":"Feature","geometry":{"type":"Point","coordinates":[79.3901,30.0953]},"properties":{"udise":"05020714102","name":"GUPS MAAL","state":"UTTARAKHAND","district":"CHAMOLI","block":"NARAYANBAGAR","indicator":"girls_toilet_nonfunctional"}},{"type":"Feature","geometry":{"type":"Point","coordinates":[79.5348,30.3719]},"properties":{"udise":"05020208301","name":"PS PAGNA","state":"UTTARAKHAND","district":"CHAMOLI","block":"DASHOLI","indicator":"girls_toilet_nonfunctional"}},{"type":"Feature","geometry":{"type":"Point","coordinates":[79.5388,30.5656]},"properties":{"udise":"05020108201","name":"PS CHANI","state":"UTTARAKHAND","district":"CHAMOLI","block":"JOSHIMATH","indicator":"girls_toilet_nonfunctional"}},{"type":"Feature","geometry":{"type":"Point","coordinates":[79.4436,30.2325]},"properties":{"udise":"05020306802","name":"PS BHAINSWADA-1","state":"UTTARAKHAND","district":"CHAMOLI","block":"NANDANAGAR","indicator":"girls_toilet_nonfunctional"}},{"type":"Feature","geometry":{"type":"Point","coordinates":[79.4157,30.5159]},"properties":{"udise":"05020100702","name":"GHS KALGOTHA","state":"UTTARAKHAND","district":"CHAMOLI","block":"JOSHIMATH","indicator":"girls_toilet_nonfunctional"}},{"type":"Feature","geometry":{"type":"Point","coordinates":[79.2978,30.3834]},"properties":{"udise":"05020204801","name":"PS KILONDI","state":"UTTARAKHAND","district":"CHAMOLI","block":"DASHOLI","indicator":"girls_toilet_nonfunctional"}},{"type":"Feature","geometry":{"type":"Point","coordinates":[79.2857,30.3619]},"properties":{"udise":"05020210701","name":"PS GHUDSAL","state":"UTTARAKHAND","district":"CHAMOLI","block":"DASHOLI","indicator":"girls_toilet_nonfunctional"}},{"type":"Feature","geometry":{"type":"Point","coordinates":[79.216,30.3613]},"properties":{"udise":"05020508501","name":"PS BHIKONA","state":"UTTARAKHAND","district":"CHAMOLI","block":"POKHARI","indicator":"girls_toilet_nonfunctional"}},{"type":"Feature","geometry":{"type":"Point","coordinates":[79.6159,30.2118]},"properties":{"udise":"05020903802","name":"PS BHARAN","state":"UTTARAKHAND","district":"CHAMOLI","block":"DEWAL","indicator":"girls_toilet_nonfunctional"}},{"type":"Feature","geometry":{"type":"Point","coordinates":[79.2711,29.9776]},"properties":{"udise":"05020613101","name":"PS BEENA","state":"UTTARAKHAND","district":"CHAMOLI","block":"GAIRSAIN","indicator":"girls_toilet_nonfunctional"}},{"type":"Feature","geometry":{"type":"Point","coordinates":[79.3505,30.2334]},"properties":{"udise":"05020704502","name":"PS BHATIYANA","state":"UTTARAKHAND","district":"CHAMOLI","block":"NARAYANBAGAR","indicator":"girls_toilet_nonfunctional"}},{"type":"Feature","geometry":{"type":"Point","coordinates":[79.5738,30.0374]},"properties":{"udise":"05020906101","name":"PS SARKOT","state":"UTTARAKHAND","district":"CHAMOLI","block":"DEWAL","indicator":"girls_toilet_nonfunctional"}},{"type":"Feature","geometry":{"type":"Point","coordinates":[79.3514,30.3846]},"properties":{"udise":"05020206301","name":"PS LASHI","state":"UTTARAKHAND","district":"CHAMOLI","block":"DASHOLI","indicator":"girls_toilet_nonfunctional"}},{"type":"Feature","geometry":{"type":"Point","coordinates":[79.4403,30.4214]},"properties":{"udise":"05020210202","name":"GUPS RAITOLI","state":"UTTARAKHAND","district":"CHAMOLI","block":"DASHOLI","indicator":"girls_toilet_nonfunctional"}},{"type":"Feature","geometry":{"type":"Point","coordinates":[79.6119,30.0728]},"properties":{"udise":"05020904502","name":"PS SAWAD MALLA","state":"UTTARAKHAND","district":"CHAMOLI","block":"DEWAL","indicator":"girls_toilet_nonfunctional"}},{"type":"Feature","geometry":{"type":"Point","coordinates":[79.406,30.1142]},"properties":{"udise":"05020713501","name":"PS BAINOLI","state":"UTTARAKHAND","district":"CHAMOLI","block":"NARAYANBAGAR","indicator":"girls_toilet_nonfunctional"}},{"type":"Feature","geometry":{"type":"Point","coordinates":[78.1448,30.3695]},"properties":{"udise":"05050505002","name":"GOVT PS SARKHET","state":"UTTARAKHAND","district":"DEHRADUN","block":"RAIPUR","indicator":"no_girls_toilet"}},{"type":"Feature","geometry":{"type":"Point","coordinates":[77.91631,30.588]},"properties":{"udise":"05050217001","name":"GOVT P.S. GADETHA","state":"UTTARAKHAND","district":"DEHRADUN","block":"KALSI","indicator":"no_girls_toilet"}},{"type":"Feature","geometry":{"type":"Point","coordinates":[78.0062,30.3492]},"properties":{"udise":"05050424901","name":"GOVT. U.P.S. PREMPUR MAFI","state":"UTTARAKHAND","district":"DEHRADUN","block":"SAHASPUR","indicator":"no_girls_toilet"}},{"type":"Feature","geometry":{"type":"Point","coordinates":[77.8723,30.7924]},"properties":{"udise":"05050107704","name":"GOVT INTER COLLEGE  KHARORA","state":"UTTARAKHAND","district":"DEHRADUN","block":"CHAKRATA","indicator":"no_girls_toilet"}},{"type":"Feature","geometry":{"type":"Point","coordinates":[77.85419,30.39569]},"properties":{"udise":"05050404416","name":"GOVT. P.S. IEDGHAH BASTI","state":"UTTARAKHAND","district":"DEHRADUN","block":"SAHASPUR","indicator":"no_girls_toilet"}},{"type":"Feature","geometry":{"type":"Point","coordinates":[77.9118,30.4847]},"properties":{"udise":"05050303102","name":"GOVT P.S. JAKHAN","state":"UTTARAKHAND","district":"DEHRADUN","block":"VIKASNAGAR","indicator":"no_girls_toilet"}},{"type":"Feature","geometry":{"type":"Point","coordinates":[77.9853,30.432]},"properties":{"udise":"05050400903","name":"GOVT. U.P.S MISRAAS PATTI","state":"UTTARAKHAND","district":"DEHRADUN","block":"SAHASPUR","indicator":"no_girls_toilet"}},{"type":"Feature","geometry":{"type":"Point","coordinates":[77.9424,30.647]},"properties":{"udise":"05050205601","name":"GOVT. P.S. KAITRI","state":"UTTARAKHAND","district":"DEHRADUN","block":"KALSI","indicator":"no_girls_toilet"}},{"type":"Feature","geometry":{"type":"Point","coordinates":[78.0868,30.4381]},"properties":{"udise":"05050432917","name":"ST. GEORGE COLLEGE","state":"UTTARAKHAND","district":"DEHRADUN","block":"SAHASPUR","indicator":"no_girls_toilet"}},{"type":"Feature","geometry":{"type":"Point","coordinates":[77.7809,30.7008]},"properties":{"udise":"05050132101","name":"GOVT. P.S. DAUDHA","state":"UTTARAKHAND","district":"DEHRADUN","block":"CHAKRATA","indicator":"girls_toilet_nonfunctional"}},{"type":"Feature","geometry":{"type":"Point","coordinates":[78.0294,30.3105]},"properties":{"udise":"05050527115","name":"GOLDEN HILLOK SCHOOL","state":"UTTARAKHAND","district":"DEHRADUN","block":"RAIPUR","indicator":"girls_toilet_nonfunctional"}},{"type":"Feature","geometry":{"type":"Point","coordinates":[77.6769,30.4224]},"properties":{"udise":"05050318801","name":"GOVT P.S. PATHROLI","state":"UTTARAKHAND","district":"DEHRADUN","block":"VIKASNAGAR","indicator":"girls_toilet_nonfunctional"}},{"type":"Feature","geometry":{"type":"Point","coordinates":[77.7674,30.3915]},"properties":{"udise":"05050306303","name":"MADRASA QASMIA DARUSSALAM MAJRI","state":"UTTARAKHAND","district":"DEHRADUN","block":"VIKASNAGAR","indicator":"girls_toilet_nonfunctional"}},{"type":"Feature","geometry":{"type":"Point","coordinates":[78.0358,30.7766]},"properties":{"udise":"05050127601","name":"GOVT. P.S. GARHSAAR","state":"UTTARAKHAND","district":"DEHRADUN","block":"CHAKRATA","indicator":"girls_toilet_nonfunctional"}},{"type":"Feature","geometry":{"type":"Point","coordinates":[77.9924,30.563]},"properties":{"udise":"05050206201","name":"GOVT. P.S. LUDHERA","state":"UTTARAKHAND","district":"DEHRADUN","block":"KALSI","indicator":"girls_toilet_nonfunctional"}},{"type":"Feature","geometry":{"type":"Point","coordinates":[77.7272,30.4181]},"properties":{"udise":"05050305402","name":"GOVT U.P.S DHARMAWALA","state":"UTTARAKHAND","district":"DEHRADUN","block":"VIKASNAGAR","indicator":"girls_toilet_nonfunctional"}},{"type":"Feature","geometry":{"type":"Point","coordinates":[78.0586,30.2623]},"properties":{"udise":"05050506101","name":"GOVT P.S. NAVADA","state":"UTTARAKHAND","district":"DEHRADUN","block":"RAIPUR","indicator":"girls_toilet_nonfunctional"}},{"type":"Feature","geometry":{"type":"Point","coordinates":[77.8247,30.4403]},"properties":{"udise":"05050304801","name":"GOVT P.S. KEDAARWALAL","state":"UTTARAKHAND","district":"DEHRADUN","block":"VIKASNAGAR","indicator":"girls_toilet_nonfunctional"}},{"type":"Feature","geometry":{"type":"Point","coordinates":[77.9553,30.8675]},"properties":{"udise":"05050101602","name":"GOVT P S DAANGUTHA","state":"UTTARAKHAND","district":"DEHRADUN","block":"CHAKRATA","indicator":"girls_toilet_nonfunctional"}},{"type":"Feature","geometry":{"type":"Point","coordinates":[78.1095,30.2843]},"properties":{"udise":"05050600201","name":"GOVT. P.S. NATHUWAWALA 1","state":"UTTARAKHAND","district":"DEHRADUN","block":"DOIWALA","indicator":"girls_toilet_nonfunctional"}},{"type":"Feature","geometry":{"type":"Point","coordinates":[77.8693,30.5055]},"properties":{"udise":"05050316705","name":"GOVT PS ASHARODI","state":"UTTARAKHAND","district":"DEHRADUN","block":"VIKASNAGAR","indicator":"girls_toilet_nonfunctional"}},{"type":"Feature","geometry":{"type":"Point","coordinates":[78.2906,30.1065]},"properties":{"udise":"05050634216","name":"SARSWTI SISHU MANDIR ADARSH NAGAR","state":"UTTARAKHAND","district":"DEHRADUN","block":"DOIWALA","indicator":"girls_toilet_nonfunctional"}},{"type":"Feature","geometry":{"type":"Point","coordinates":[77.7518,30.4012]},"properties":{"udise":"05050306201","name":"GOVT P.S. BADRIPUR","state":"UTTARAKHAND","district":"DEHRADUN","block":"VIKASNAGAR","indicator":"girls_toilet_nonfunctional"}},{"type":"Feature","geometry":{"type":"Point","coordinates":[77.8927,30.7365]},"properties":{"udise":"05050106205","name":"GOVT PS BANGIYASER","state":"UTTARAKHAND","district":"DEHRADUN","block":"CHAKRATA","indicator":"girls_toilet_nonfunctional"}},{"type":"Feature","geometry":{"type":"Point","coordinates":[78.2058,30.1883]},"properties":{"udise":"05050604610","name":"VIJAY LAXMI PUB SCHOOL","state":"UTTARAKHAND","district":"DEHRADUN","block":"DOIWALA","indicator":"girls_toilet_nonfunctional"}},{"type":"Feature","geometry":{"type":"Point","coordinates":[77.7919,30.4627]},"properties":{"udise":"05050300901","name":"GOVT P.S. PRITHVIPUR","state":"UTTARAKHAND","district":"DEHRADUN","block":"VIKASNAGAR","indicator":"girls_toilet_nonfunctional"}},{"type":"Feature","geometry":{"type":"Point","coordinates":[78.0374,30.3046]},"properties":{"udise":"05050527106","name":"RADHEY LAL MEMORIAL ACADEMY","state":"UTTARAKHAND","district":"DEHRADUN","block":"RAIPUR","indicator":"girls_toilet_nonfunctional"}},{"type":"Feature","geometry":{"type":"Point","coordinates":[77.8632,30.6402]},"properties":{"udise":"05050211206","name":"GOVT. UPS PANYASA","state":"UTTARAKHAND","district":"DEHRADUN","block":"KALSI","indicator":"girls_toilet_nonfunctional"}},{"type":"Feature","geometry":{"type":"Point","coordinates":[78.0611,30.3332]},"properties":{"udise":"05050520511","name":"DR. AMBEDKAR MAMORIYAL","state":"UTTARAKHAND","district":"DEHRADUN","block":"RAIPUR","indicator":"girls_toilet_nonfunctional"}},{"type":"Feature","geometry":{"type":"Point","coordinates":[77.8789,30.5855]},"properties":{"udise":"05050201501","name":"GOVT. P.S. BASAYA","state":"UTTARAKHAND","district":"DEHRADUN","block":"KALSI","indicator":"girls_toilet_nonfunctional"}},{"type":"Feature","geometry":{"type":"Point","coordinates":[78.135,30.1228]},"properties":{"udise":"05050604504","name":"GOVT.P.S. TELPURA 1","state":"UTTARAKHAND","district":"DEHRADUN","block":"DOIWALA","indicator":"girls_toilet_nonfunctional"}},{"type":"Feature","geometry":{"type":"Point","coordinates":[77.9133,30.3226]},"properties":{"udise":"05050420304","name":"GOVT PS UMMEDPUR","state":"UTTARAKHAND","district":"DEHRADUN","block":"SAHASPUR","indicator":"girls_toilet_nonfunctional"}},{"type":"Feature","geometry":{"type":"Point","coordinates":[77.9386,30.9452]},"properties":{"udise":"05050101909","name":"GOVT P S JHITAD","state":"UTTARAKHAND","district":"DEHRADUN","block":"CHAKRATA","indicator":"girls_toilet_nonfunctional"}},{"type":"Feature","geometry":{"type":"Point","coordinates":[77.8958,30.8432]},"properties":{"udise":"05050107501","name":"GOVT. P.S. KISTOOR","state":"UTTARAKHAND","district":"DEHRADUN","block":"CHAKRATA","indicator":"girls_toilet_nonfunctional"}},{"type":"Feature","geometry":{"type":"Point","coordinates":[78.2798,30.0658]},"properties":{"udise":"05050630901","name":"SH SHWAMI SATYANAND GIRI J H S","state":"UTTARAKHAND","district":"DEHRADUN","block":"DOIWALA","indicator":"girls_toilet_nonfunctional"}},{"type":"Feature","geometry":{"type":"Point","coordinates":[77.9877,30.6589]},"properties":{"udise":"05050104903","name":"GOVT. P.S. GHANTA","state":"UTTARAKHAND","district":"DEHRADUN","block":"CHAKRATA","indicator":"girls_toilet_nonfunctional"}},{"type":"Feature","geometry":{"type":"Point","coordinates":[78.0826,30.3664]},"properties":{"udise":"05050518101","name":"GOVT. P.S. DHORAN","state":"UTTARAKHAND","district":"DEHRADUN","block":"RAIPUR","indicator":"girls_toilet_nonfunctional"}},{"type":"Feature","geometry":{"type":"Point","coordinates":[77.8756,30.4458]},"properties":{"udise":"05050304101","name":"GOVT P.S. RUDRAPUR","state":"UTTARAKHAND","district":"DEHRADUN","block":"VIKASNAGAR","indicator":"girls_toilet_nonfunctional"}},{"type":"Feature","geometry":{"type":"Point","coordinates":[77.8086,30.4117]},"properties":{"udise":"05050402309","name":"GOVT UPS REDAPUR","state":"UTTARAKHAND","district":"DEHRADUN","block":"SAHASPUR","indicator":"girls_toilet_nonfunctional"}},{"type":"Feature","geometry":{"type":"Point","coordinates":[78.2524,30.2312]},"properties":{"udise":"05050602711","name":"GOVT. U.P.S. BAMET","state":"UTTARAKHAND","district":"DEHRADUN","block":"DOIWALA","indicator":"girls_toilet_nonfunctional"}},{"type":"Feature","geometry":{"type":"Point","coordinates":[77.8253,30.6158]},"properties":{"udise":"05050217701","name":"GOVT. P.S. JISAU","state":"UTTARAKHAND","district":"DEHRADUN","block":"KALSI","indicator":"girls_toilet_nonfunctional"}},{"type":"Feature","geometry":{"type":"Point","coordinates":[77.71039,30.417]},"properties":{"udise":"05050305506","name":"SHIVALIK ANUSUCHIT JANJATI ADARSH VIDYALAYA","state":"UTTARAKHAND","district":"DEHRADUN","block":"VIKASNAGAR","indicator":"girls_toilet_nonfunctional"}},{"type":"Feature","geometry":{"type":"Point","coordinates":[77.8378,30.9877]},"properties":{"udise":"05050124502","name":"GOVT. P.S. KANTHAG","state":"UTTARAKHAND","district":"DEHRADUN","block":"CHAKRATA","indicator":"girls_toilet_nonfunctional"}},{"type":"Feature","geometry":{"type":"Point","coordinates":[78.0178,30.3051]},"properties":{"udise":"05050526602","name":"GOVT. P.S PATEL NAGAR","state":"UTTARAKHAND","district":"DEHRADUN","block":"RAIPUR","indicator":"girls_toilet_nonfunctional"}},{"type":"Feature","geometry":{"type":"Point","coordinates":[77.8043,30.4941]},"properties":{"udise":"05050300504","name":"MADARSA  ISHATUL QURAN J.H.S. JEEVANGARH","state":"UTTARAKHAND","district":"DEHRADUN","block":"VIKASNAGAR","indicator":"girls_toilet_nonfunctional"}},{"type":"Feature","geometry":{"type":"Point","coordinates":[77.7654,30.4614]},"properties":{"udise":"05050308404","name":"NANHI DUNIYA SCHOOL UPS","state":"UTTARAKHAND","district":"DEHRADUN","block":"VIKASNAGAR","indicator":"girls_toilet_nonfunctional"}},{"type":"Feature","geometry":{"type":"Point","coordinates":[77.9922,30.4303]},"properties":{"udise":"05050400501","name":"GOVT. P.S. BAKARNA","state":"UTTARAKHAND","district":"DEHRADUN","block":"SAHASPUR","indicator":"girls_toilet_nonfunctional"}},{"type":"Feature","geometry":{"type":"Point","coordinates":[77.8924,30.5357]},"properties":{"udise":"05050318901","name":"GOVT P.S. SWAN","state":"UTTARAKHAND","district":"DEHRADUN","block":"VIKASNAGAR","indicator":"girls_toilet_nonfunctional"}},{"type":"Feature","geometry":{"type":"Point","coordinates":[78.1756,30.3918]},"properties":{"udise":"05050501702","name":"GOVT CHAMROLI","state":"UTTARAKHAND","district":"DEHRADUN","block":"RAIPUR","indicator":"girls_toilet_nonfunctional"}},{"type":"Feature","geometry":{"type":"Point","coordinates":[77.9456,30.6386]},"properties":{"udise":"05050220702","name":"GOVT P.S. GHINGOO","state":"UTTARAKHAND","district":"DEHRADUN","block":"KALSI","indicator":"girls_toilet_nonfunctional"}},{"type":"Feature","geometry":{"type":"Point","coordinates":[77.8954,30.92]},"properties":{"udise":"05050104501","name":"GOVT P.S. FANAAR","state":"UTTARAKHAND","district":"DEHRADUN","block":"CHAKRATA","indicator":"girls_toilet_nonfunctional"}},{"type":"Feature","geometry":{"type":"Point","coordinates":[77.78308,30.60889]},"properties":{"udise":"05050210510","name":"LARD SILGUR PUBLIC SCHOOL KOTI COLONY","state":"UTTARAKHAND","district":"DEHRADUN","block":"KALSI","indicator":"girls_toilet_nonfunctional"}},{"type":"Feature","geometry":{"type":"Point","coordinates":[78.30557,30.11154]},"properties":{"udise":"05050632904","name":"SARSWTI VIDYA NIKETAN JHS","state":"UTTARAKHAND","district":"DEHRADUN","block":"DOIWALA","indicator":"girls_toilet_nonfunctional"}},{"type":"Feature","geometry":{"type":"Point","coordinates":[77.77176,30.71141]},"properties":{"udise":"05050109206","name":"GOVT PS DHANDIER","state":"UTTARAKHAND","district":"DEHRADUN","block":"CHAKRATA","indicator":"girls_toilet_nonfunctional"}},{"type":"Feature","geometry":{"type":"Point","coordinates":[78.1357,30.1349]},"properties":{"udise":"05050602710","name":"GOVT. P.S. SURYADHAR","state":"UTTARAKHAND","district":"DEHRADUN","block":"DOIWALA","indicator":"girls_toilet_nonfunctional"}},{"type":"Feature","geometry":{"type":"Point","coordinates":[78.0304,30.7413]},"properties":{"udise":"05050102901","name":"GOVT P.S. CHHULTAADATR","state":"UTTARAKHAND","district":"DEHRADUN","block":"CHAKRATA","indicator":"girls_toilet_nonfunctional"}},{"type":"Feature","geometry":{"type":"Point","coordinates":[78.0352,30.3121]},"properties":{"udise":"05050527505","name":"GOVT. P.S REST CAMP NO.2","state":"UTTARAKHAND","district":"DEHRADUN","block":"RAIPUR","indicator":"girls_toilet_nonfunctional"}},{"type":"Feature","geometry":{"type":"Point","coordinates":[78.1859,30.2913]},"properties":{"udise":"05050501501","name":"GOVT.PS PALED","state":"UTTARAKHAND","district":"DEHRADUN","block":"RAIPUR","indicator":"girls_toilet_nonfunctional"}},{"type":"Feature","geometry":{"type":"Point","coordinates":[78.2117,30.2564]},"properties":{"udise":"05050506701","name":"GOVT. P.S. BHAGWANPUR","state":"UTTARAKHAND","district":"DEHRADUN","block":"RAIPUR","indicator":"girls_toilet_nonfunctional"}},{"type":"Feature","geometry":{"type":"Point","coordinates":[78.0568,30.3152]},"properties":{"udise":"05050520527","name":"WELHAM GIRLS SCHOOL","state":"UTTARAKHAND","district":"DEHRADUN","block":"RAIPUR","indicator":"girls_toilet_nonfunctional"}},{"type":"Feature","geometry":{"type":"Point","coordinates":[78.0906,30.3556]},"properties":{"udise":"05050519602","name":"GOVT. P.S. DANDA KHUDANEWALA","state":"UTTARAKHAND","district":"DEHRADUN","block":"RAIPUR","indicator":"girls_toilet_nonfunctional"}},{"type":"Feature","geometry":{"type":"Point","coordinates":[77.8914,30.3192]},"properties":{"udise":"05050422101","name":"GOVT. P.S. BHOORPUR","state":"UTTARAKHAND","district":"DEHRADUN","block":"SAHASPUR","indicator":"girls_toilet_nonfunctional"}},{"type":"Feature","geometry":{"type":"Point","coordinates":[78.0211,30.2989]},"properties":{"udise":"05050511003","name":"IDEAL PUBLIC SCHOOL THDC COLONY","state":"UTTARAKHAND","district":"DEHRADUN","block":"RAIPUR","indicator":"girls_toilet_nonfunctional"}},{"type":"Feature","geometry":{"type":"Point","coordinates":[78.1814,30.1617]},"properties":{"udise":"05050624401","name":"GOVT. P.S. GHAMANDPUR","state":"UTTARAKHAND","district":"DEHRADUN","block":"DOIWALA","indicator":"girls_toilet_nonfunctional"}},{"type":"Feature","geometry":{"type":"Point","coordinates":[77.9614,30.5346]},"properties":{"udise":"05050201303","name":"GOVT.  INTER COLEGE LAKHWAD","state":"UTTARAKHAND","district":"DEHRADUN","block":"KALSI","indicator":"girls_toilet_nonfunctional"}},{"type":"Feature","geometry":{"type":"Point","coordinates":[77.8375,30.9877]},"properties":{"udise":"05050101001","name":"GOVT P.S. BAANPUR","state":"UTTARAKHAND","district":"DEHRADUN","block":"CHAKRATA","indicator":"girls_toilet_nonfunctional"}},{"type":"Feature","geometry":{"type":"Point","coordinates":[77.9332,30.6131]},"properties":{"udise":"05050212501","name":"GOVT. P.S. SAWAI","state":"UTTARAKHAND","district":"DEHRADUN","block":"KALSI","indicator":"girls_toilet_nonfunctional"}},{"type":"Feature","geometry":{"type":"Point","coordinates":[77.60447,30.42317]},"properties":{"udise":"05050306004","name":"GOVT. P.S. MUNDIYAWALI","state":"UTTARAKHAND","district":"DEHRADUN","block":"VIKASNAGAR","indicator":"girls_toilet_nonfunctional"}},{"type":"Feature","geometry":{"type":"Point","coordinates":[78.0239,30.3697]},"properties":{"udise":"05050415101","name":"GOVT. P.S. CHANDMARI GHANGHORA","state":"UTTARAKHAND","district":"DEHRADUN","block":"SAHASPUR","indicator":"girls_toilet_nonfunctional"}},{"type":"Feature","geometry":{"type":"Point","coordinates":[77.8235,30.8735]},"properties":{"udise":"05050100903","name":"GOVT P.S. HALSIKHERA","state":"UTTARAKHAND","district":"DEHRADUN","block":"CHAKRATA","indicator":"girls_toilet_nonfunctional"}},{"type":"Feature","geometry":{"type":"Point","coordinates":[77.9531,30.8519]},"properties":{"udise":"05050110501","name":"GOVT. P..S PATIYOOD","state":"UTTARAKHAND","district":"DEHRADUN","block":"CHAKRATA","indicator":"girls_toilet_nonfunctional"}},{"type":"Feature","geometry":{"type":"Point","coordinates":[78.0787,30.2945]},"properties":{"udise":"05050509610","name":"SH.RAM KRISHAN ACADEMY","state":"UTTARAKHAND","district":"DEHRADUN","block":"RAIPUR","indicator":"girls_toilet_nonfunctional"}},{"type":"Feature","geometry":{"type":"Point","coordinates":[77.9033,30.8504]},"properties":{"udise":"05050107503","name":"GOVT. P.S. NAAYALI","state":"UTTARAKHAND","district":"DEHRADUN","block":"CHAKRATA","indicator":"girls_toilet_nonfunctional"}},{"type":"Feature","geometry":{"type":"Point","coordinates":[77.9153,30.3914]},"properties":{"udise":"05050400805","name":"S.N. MEMORIAL UPS","state":"UTTARAKHAND","district":"DEHRADUN","block":"SAHASPUR","indicator":"girls_toilet_nonfunctional"}},{"type":"Feature","geometry":{"type":"Point","coordinates":[77.8254,30.4768]},"properties":{"udise":"05050300701","name":"GOVT P.S. DANDA JANGAL","state":"UTTARAKHAND","district":"DEHRADUN","block":"VIKASNAGAR","indicator":"girls_toilet_nonfunctional"}},{"type":"Feature","geometry":{"type":"Point","coordinates":[78.21023,30.20131]},"properties":{"udise":"05050604113","name":"SGRR INTER COLLEGE BHOGPUR","state":"UTTARAKHAND","district":"DEHRADUN","block":"DOIWALA","indicator":"girls_toilet_nonfunctional"}},{"type":"Feature","geometry":{"type":"Point","coordinates":[77.8472,30.9434]},"properties":{"udise":"05050112902","name":"GOVT. P.S. JADAR","state":"UTTARAKHAND","district":"DEHRADUN","block":"CHAKRATA","indicator":"girls_toilet_nonfunctional"}},{"type":"Feature","geometry":{"type":"Point","coordinates":[77.97,30.4122]},"properties":{"udise":"05050401801","name":"GOVT. P.S. VIDHOLI","state":"UTTARAKHAND","district":"DEHRADUN","block":"SAHASPUR","indicator":"girls_toilet_nonfunctional"}},{"type":"Feature","geometry":{"type":"Point","coordinates":[78.2316,30.0288]},"properties":{"udise":"05050608312","name":"SANSKAR BHARTI CHILDREN ACADEMY","state":"UTTARAKHAND","district":"DEHRADUN","block":"DOIWALA","indicator":"girls_toilet_nonfunctional"}},{"type":"Feature","geometry":{"type":"Point","coordinates":[78.1508,30.2639]},"properties":{"udise":"05050503602","name":"GOVT. U.P.S.  BHUPAL PANI","state":"UTTARAKHAND","district":"DEHRADUN","block":"RAIPUR","indicator":"girls_toilet_nonfunctional"}},{"type":"Feature","geometry":{"type":"Point","coordinates":[78.0673,30.3784]},"properties":{"udise":"05050406301","name":"GOVT. P.S. SINAULA","state":"UTTARAKHAND","district":"DEHRADUN","block":"SAHASPUR","indicator":"girls_toilet_nonfunctional"}},{"type":"Feature","geometry":{"type":"Point","coordinates":[77.84387,30.5179]},"properties":{"udise":"05050219501","name":"GOVT. P.S. KALSI JANGLAAT","state":"UTTARAKHAND","district":"DEHRADUN","block":"KALSI","indicator":"girls_toilet_nonfunctional"}},{"type":"Feature","geometry":{"type":"Point","coordinates":[78.0392,30.3001]},"properties":{"udise":"05050524804","name":"SUNBEAM SCHOOL","state":"UTTARAKHAND","district":"DEHRADUN","block":"RAIPUR","indicator":"girls_toilet_nonfunctional"}},{"type":"Feature","geometry":{"type":"Point","coordinates":[77.7606,30.4461]},"properties":{"udise":"05050301606","name":"GOVT U.P.S. CHHOTUWALA","state":"UTTARAKHAND","district":"DEHRADUN","block":"VIKASNAGAR","indicator":"girls_toilet_nonfunctional"}},{"type":"Feature","geometry":{"type":"Point","coordinates":[77.8263,30.8692]},"properties":{"udise":"05050112201","name":"GOVT. P.S.   SILWARA","state":"UTTARAKHAND","district":"DEHRADUN","block":"CHAKRATA","indicator":"girls_toilet_nonfunctional"}},{"type":"Feature","geometry":{"type":"Point","coordinates":[78.2054,30.2811]},"properties":{"udise":"05050502001","name":"GOVT P.S. TANGOLIGARH","state":"UTTARAKHAND","district":"DEHRADUN","block":"RAIPUR","indicator":"girls_toilet_nonfunctional"}},{"type":"Feature","geometry":{"type":"Point","coordinates":[77.8961,30.3872]},"properties":{"udise":"05050406803","name":"GOVT. P.S. PAURWALA","state":"UTTARAKHAND","district":"DEHRADUN","block":"SAHASPUR","indicator":"girls_toilet_nonfunctional"}},{"type":"Feature","geometry":{"type":"Point","coordinates":[77.7508,30.7766]},"properties":{"udise":"05050102101","name":"GOVT P.S. BULHAR","state":"UTTARAKHAND","district":"DEHRADUN","block":"CHAKRATA","indicator":"girls_toilet_nonfunctional"}},{"type":"Feature","geometry":{"type":"Point","coordinates":[77.8153,30.3817]},"properties":{"udise":"05050404301","name":"GOVT. P.S. LAXMIPUR","state":"UTTARAKHAND","district":"DEHRADUN","block":"SAHASPUR","indicator":"girls_toilet_nonfunctional"}},{"type":"Feature","geometry":{"type":"Point","coordinates":[77.9509,30.3058]},"properties":{"udise":"05050423103","name":"P.S. JAI BHARAT MODAL SCHOOL","state":"UTTARAKHAND","district":"DEHRADUN","block":"SAHASPUR","indicator":"girls_toilet_nonfunctional"}},{"type":"Feature","geometry":{"type":"Point","coordinates":[78.0495,30.4439]},"properties":{"udise":"05050430903","name":"GOVT. P.S. BANSAGAAR","state":"UTTARAKHAND","district":"DEHRADUN","block":"SAHASPUR","indicator":"girls_toilet_nonfunctional"}},{"type":"Feature","geometry":{"type":"Point","coordinates":[77.9156,30.9254]},"properties":{"udise":"05050115901","name":"GOVT P.S. DHANRAASH","state":"UTTARAKHAND","district":"DEHRADUN","block":"CHAKRATA","indicator":"girls_toilet_nonfunctional"}},{"type":"Feature","geometry":{"type":"Point","coordinates":[77.9937,30.6751]},"properties":{"udise":"05050108301","name":"GOVT. P.S. KOTUWA","state":"UTTARAKHAND","district":"DEHRADUN","block":"CHAKRATA","indicator":"girls_toilet_nonfunctional"}},{"type":"Feature","geometry":{"type":"Point","coordinates":[77.9737,30.5714]},"properties":{"udise":"05050211103","name":"KEDAR SARSWTI SISHU MANDIR NAGTHAT","state":"UTTARAKHAND","district":"DEHRADUN","block":"KALSI","indicator":"girls_toilet_nonfunctional"}},{"type":"Feature","geometry":{"type":"Point","coordinates":[78.1384,30.3504]},"properties":{"udise":"05050520001","name":"GOVT. P.S. SHERKI","state":"UTTARAKHAND","district":"DEHRADUN","block":"RAIPUR","indicator":"girls_toilet_nonfunctional"}},{"type":"Feature","geometry":{"type":"Point","coordinates":[77.6913,30.4183]},"properties":{"udise":"05050312203","name":"GOVT U.P.S JUDLI","state":"UTTARAKHAND","district":"DEHRADUN","block":"VIKASNAGAR","indicator":"girls_toilet_nonfunctional"}},{"type":"Feature","geometry":{"type":"Point","coordinates":[78.0769,30.1875]},"properties":{"udise":"05050601801","name":"GOVT. P.S. JHARAOND","state":"UTTARAKHAND","district":"DEHRADUN","block":"DOIWALA","indicator":"girls_toilet_nonfunctional"}},{"type":"Feature","geometry":{"type":"Point","coordinates":[78.2363,30.2464]},"properties":{"udise":"05050501403","name":"GOVT.  HIGH SCHOOL SINDHWALGAON","state":"UTTARAKHAND","district":"DEHRADUN","block":"RAIPUR","indicator":"girls_toilet_nonfunctional"}},{"type":"Feature","geometry":{"type":"Point","coordinates":[77.8399,30.3455]},"properties":{"udise":"05050306903","name":"APNA VIDYA MANDIR","state":"UTTARAKHAND","district":"DEHRADUN","block":"VIKASNAGAR","indicator":"girls_toilet_nonfunctional"}},{"type":"Feature","geometry":{"type":"Point","coordinates":[77.882,30.4356]},"properties":{"udise":"05050313001","name":"GOVT P.S DOBARI 2","state":"UTTARAKHAND","district":"DEHRADUN","block":"VIKASNAGAR","indicator":"girls_toilet_nonfunctional"}},{"type":"Feature","geometry":{"type":"Point","coordinates":[77.7717,30.6751]},"properties":{"udise":"05050108802","name":"GOVT U.P.S. SAMBHARKHEDA","state":"UTTARAKHAND","district":"DEHRADUN","block":"CHAKRATA","indicator":"girls_toilet_nonfunctional"}},{"type":"Feature","geometry":{"type":"Point","coordinates":[77.85322,30.57286]},"properties":{"udise":"05050207804","name":"GOVT HIGH SCHOOL PANJIYA","state":"UTTARAKHAND","district":"DEHRADUN","block":"KALSI","indicator":"girls_toilet_nonfunctional"}},{"type":"Feature","geometry":{"type":"Point","coordinates":[77.9608,30.3797]},"properties":{"udise":"05050403502","name":"GOVT. P.S. KANDOLI LOWER","state":"UTTARAKHAND","district":"DEHRADUN","block":"SAHASPUR","indicator":"girls_toilet_nonfunctional"}},{"type":"Feature","geometry":{"type":"Point","coordinates":[77.8242,30.8269]},"properties":{"udise":"05050101704","name":"GOVT P S DIMICHLANI","state":"UTTARAKHAND","district":"DEHRADUN","block":"CHAKRATA","indicator":"girls_toilet_nonfunctional"}},{"type":"Feature","geometry":{"type":"Point","coordinates":[77.8033,30.399]},"properties":{"udise":"05050421203","name":"JAMIA SABEEL-UR-RASHAD PRIMARY","state":"UTTARAKHAND","district":"DEHRADUN","block":"SAHASPUR","indicator":"girls_toilet_nonfunctional"}},{"type":"Feature","geometry":{"type":"Point","coordinates":[78.0423,30.3212]},"properties":{"udise":"05050520513","name":"SAINT JOHN","state":"UTTARAKHAND","district":"DEHRADUN","block":"RAIPUR","indicator":"girls_toilet_nonfunctional"}},{"type":"Feature","geometry":{"type":"Point","coordinates":[77.9342,30.3986]},"properties":{"udise":"05050400804","name":"SISHU SIKSHA SADAN BADOWALA","state":"UTTARAKHAND","district":"DEHRADUN","block":"SAHASPUR","indicator":"girls_toilet_nonfunctional"}},{"type":"Feature","geometry":{"type":"Point","coordinates":[78.0664,30.3089]},"properties":{"udise":"05050522808","name":"LAKSHMI DEVI ACADEMY","state":"UTTARAKHAND","district":"DEHRADUN","block":"RAIPUR","indicator":"girls_toilet_nonfunctional"}},{"type":"Feature","geometry":{"type":"Point","coordinates":[77.8283,30.9299]},"properties":{"udise":"05050108702","name":"GOVT. P.S. LEBRA","state":"UTTARAKHAND","district":"DEHRADUN","block":"CHAKRATA","indicator":"girls_toilet_nonfunctional"}},{"type":"Feature","geometry":{"type":"Point","coordinates":[78.0044,30.3849]},"properties":{"udise":"05050423701","name":"GOVT. P.S. SHIVPURI","state":"UTTARAKHAND","district":"DEHRADUN","block":"SAHASPUR","indicator":"girls_toilet_nonfunctional"}},{"type":"Feature","geometry":{"type":"Point","coordinates":[78.132,30.3231]},"properties":{"udise":"05050500806","name":"GOVT. P.S. SAMOLI","state":"UTTARAKHAND","district":"DEHRADUN","block":"RAIPUR","indicator":"girls_toilet_nonfunctional"}},{"type":"Feature","geometry":{"type":"Point","coordinates":[77.9534,30.3053]},"properties":{"udise":"05050415402","name":"GOVT UPS BANDOWALA  ARKEDIYA","state":"UTTARAKHAND","district":"DEHRADUN","block":"SAHASPUR","indicator":"girls_toilet_nonfunctional"}},{"type":"Feature","geometry":{"type":"Point","coordinates":[78.1328,30.36]},"properties":{"udise":"05050504601","name":"GOVT UPS BAUTHA","state":"UTTARAKHAND","district":"DEHRADUN","block":"RAIPUR","indicator":"girls_toilet_nonfunctional"}},{"type":"Feature","geometry":{"type":"Point","coordinates":[77.9136,30.8691]},"properties":{"udise":"05050107301","name":"GOVT. P.S. KHERA-KHARSAAR","state":"UTTARAKHAND","district":"DEHRADUN","block":"CHAKRATA","indicator":"girls_toilet_nonfunctional"}},{"type":"Feature","geometry":{"type":"Point","coordinates":[77.8939,30.6327]},"properties":{"udise":"05050213601","name":"GOVT. P.S. UPRAULI","state":"UTTARAKHAND","district":"DEHRADUN","block":"KALSI","indicator":"girls_toilet_nonfunctional"}},{"type":"Feature","geometry":{"type":"Point","coordinates":[77.9051,30.3295]},"properties":{"udise":"05050422503","name":"VIDYA AASAN HIGH SCHOOL DEVIPUR","state":"UTTARAKHAND","district":"DEHRADUN","block":"SAHASPUR","indicator":"girls_toilet_nonfunctional"}},{"type":"Feature","geometry":{"type":"Point","coordinates":[77.887,30.7283]},"properties":{"udise":"05050115501","name":"GOVT. P.S. AULI","state":"UTTARAKHAND","district":"DEHRADUN","block":"CHAKRATA","indicator":"girls_toilet_nonfunctional"}},{"type":"Feature","geometry":{"type":"Point","coordinates":[77.904,30.3125]},"properties":{"udise":"05050421401","name":"GOVT. P.S. NAYAGAON","state":"UTTARAKHAND","district":"DEHRADUN","block":"SAHASPUR","indicator":"girls_toilet_nonfunctional"}},{"type":"Feature","geometry":{"type":"Point","coordinates":[77.8716,30.5138]},"properties":{"udise":"05050302904","name":"M.K.J.S MEMORIYAL KATAPATTHAR","state":"UTTARAKHAND","district":"DEHRADUN","block":"VIKASNAGAR","indicator":"girls_toilet_nonfunctional"}},{"type":"Feature","geometry":{"type":"Point","coordinates":[77.8776,30.7262]},"properties":{"udise":"05050109601","name":"GOVT. P.S. MOHNA","state":"UTTARAKHAND","district":"DEHRADUN","block":"CHAKRATA","indicator":"girls_toilet_nonfunctional"}},{"type":"Feature","geometry":{"type":"Point","coordinates":[77.7997,30.6516]},"properties":{"udise":"05050212901","name":"GOVT. P.S. TIMRA","state":"UTTARAKHAND","district":"DEHRADUN","block":"KALSI","indicator":"girls_toilet_nonfunctional"}},{"type":"Feature","geometry":{"type":"Point","coordinates":[77.7931,30.6108]},"properties":{"udise":"05050210506","name":"SARSWATI SHISHU MANDIR KOTI","state":"UTTARAKHAND","district":"DEHRADUN","block":"KALSI","indicator":"girls_toilet_nonfunctional"}},{"type":"Feature","geometry":{"type":"Point","coordinates":[78.0769,30.1875]},"properties":{"udise":"05050601802","name":"GOVT. U.P.S SIMLASS","state":"UTTARAKHAND","district":"DEHRADUN","block":"DOIWALA","indicator":"girls_toilet_nonfunctional"}},{"type":"Feature","geometry":{"type":"Point","coordinates":[77.8309,30.6406]},"properties":{"udise":"05050218101","name":"GOVT. P.S. KHAMRAULI","state":"UTTARAKHAND","district":"DEHRADUN","block":"KALSI","indicator":"girls_toilet_nonfunctional"}},{"type":"Feature","geometry":{"type":"Point","coordinates":[78.0617,30.3355]},"properties":{"udise":"05050528909","name":"VINOD MODERN JUNIOR HIGH SCHOOL","state":"UTTARAKHAND","district":"DEHRADUN","block":"RAIPUR","indicator":"girls_toilet_nonfunctional"}},{"type":"Feature","geometry":{"type":"Point","coordinates":[77.8884,30.8605]},"properties":{"udise":"05050106701","name":"GOVT. P.S. KERAR","state":"UTTARAKHAND","district":"DEHRADUN","block":"CHAKRATA","indicator":"girls_toilet_nonfunctional"}},{"type":"Feature","geometry":{"type":"Point","coordinates":[78.0244,30.7265]},"properties":{"udise":"05050106301","name":"GOVT. P.S. KANDI","state":"UTTARAKHAND","district":"DEHRADUN","block":"CHAKRATA","indicator":"girls_toilet_nonfunctional"}},{"type":"Feature","geometry":{"type":"Point","coordinates":[77.61744,30.42936]},"properties":{"udise":"05050306005","name":"GOVT.P.S. CHOTIKARONDI","state":"UTTARAKHAND","district":"DEHRADUN","block":"VIKASNAGAR","indicator":"girls_toilet_nonfunctional"}},{"type":"Feature","geometry":{"type":"Point","coordinates":[77.7127,30.4236]},"properties":{"udise":"05050312201","name":"GOVT P.S JUDLI","state":"UTTARAKHAND","district":"DEHRADUN","block":"VIKASNAGAR","indicator":"girls_toilet_nonfunctional"}},{"type":"Feature","geometry":{"type":"Point","coordinates":[77.69089,30.41819]},"properties":{"udise":"05050312202","name":"INDARA RASHTIYA BOKSA JANJATI","state":"UTTARAKHAND","district":"DEHRADUN","block":"VIKASNAGAR","indicator":"girls_toilet_nonfunctional"}},{"type":"Feature","geometry":{"type":"Point","coordinates":[77.8672,30.4425]},"properties":{"udise":"05050313101","name":"GOVT P.S GODRIYA","state":"UTTARAKHAND","district":"DEHRADUN","block":"VIKASNAGAR","indicator":"girls_toilet_nonfunctional"}},{"type":"Feature","geometry":{"type":"Point","coordinates":[77.8483,30.3745]},"properties":{"udise":"05050404414","name":"GOVT UPS BADA GOHAR","state":"UTTARAKHAND","district":"DEHRADUN","block":"SAHASPUR","indicator":"girls_toilet_nonfunctional"}},{"type":"Feature","geometry":{"type":"Point","coordinates":[78.0347,30.3214]},"properties":{"udise":"05050524901","name":"GOVT. P.S. HAKIKAT RAINAGAR","state":"UTTARAKHAND","district":"DEHRADUN","block":"RAIPUR","indicator":"girls_toilet_nonfunctional"}},{"type":"Feature","geometry":{"type":"Point","coordinates":[77.9534,30.8601]},"properties":{"udise":"05050101603","name":"GOVT UPS DAANGUTHA","state":"UTTARAKHAND","district":"DEHRADUN","block":"CHAKRATA","indicator":"girls_toilet_nonfunctional"}},{"type":"Feature","geometry":{"type":"Point","coordinates":[78.0221,30.8038]},"properties":{"udise":"05050110002","name":"GOVT. UPS NADA","state":"UTTARAKHAND","district":"DEHRADUN","block":"CHAKRATA","indicator":"girls_toilet_nonfunctional"}},{"type":"Feature","geometry":{"type":"Point","coordinates":[77.8618,30.6874]},"properties":{"udise":"05050206601","name":"GOVT. P.S. MANGROLI","state":"UTTARAKHAND","district":"DEHRADUN","block":"KALSI","indicator":"girls_toilet_nonfunctional"}},{"type":"Feature","geometry":{"type":"Point","coordinates":[77.8576,30.6933]},"properties":{"udise":"05050206603","name":"GOVT. P.S. HODA","state":"UTTARAKHAND","district":"DEHRADUN","block":"KALSI","indicator":"girls_toilet_nonfunctional"}},{"type":"Feature","geometry":{"type":"Point","coordinates":[78.0912,30.9912]},"properties":{"udise":"05050610101","name":"GOVT. P.S BANGAKHALA","state":"UTTARAKHAND","district":"DEHRADUN","block":"DOIWALA","indicator":"girls_toilet_nonfunctional"}},{"type":"Feature","geometry":{"type":"Point","coordinates":[77.9286,30.9712]},"properties":{"udise":"05050105401","name":"GOVT. P.S. HANOL","state":"UTTARAKHAND","district":"DEHRADUN","block":"CHAKRATA","indicator":"girls_toilet_nonfunctional"}},{"type":"Feature","geometry":{"type":"Point","coordinates":[78.01378,29.80169]},"properties":{"udise":"05130503308","name":"U.P.S HARCHANDPUR","state":"UTTARAKHAND","district":"HARDWAR","block":"LAKSAR","indicator":"no_girls_toilet"}},{"type":"Feature","geometry":{"type":"Point","coordinates":[77.9402,29.998]},"properties":{"udise":"05130100603","name":"U.P.S. RITHAURA GRANT","state":"UTTARAKHAND","district":"HARDWAR","block":"BAHADARABAD","indicator":"girls_toilet_nonfunctional"}},{"type":"Feature","geometry":{"type":"Point","coordinates":[77.87856,29.79361]},"properties":{"udise":"05130715901","name":"G.G.H.S. WARD 02 MANGLORE","state":"UTTARAKHAND","district":"HARDWAR","block":"NARSAN","indicator":"girls_toilet_nonfunctional"}},{"type":"Feature","geometry":{"type":"Point","coordinates":[78.1075,29.8503]},"properties":{"udise":"05130106801","name":"P.S. DHANPURA","state":"UTTARAKHAND","district":"HARDWAR","block":"BAHADARABAD","indicator":"girls_toilet_nonfunctional"}},{"type":"Feature","geometry":{"type":"Point","coordinates":[77.794,29.8189]},"properties":{"udise":"05130700405","name":"U.P.S. JHABRERI KALAN","state":"UTTARAKHAND","district":"HARDWAR","block":"NARSAN","indicator":"girls_toilet_nonfunctional"}},{"type":"Feature","geometry":{"type":"Point","coordinates":[78.1105,29.90932]},"properties":{"udise":"05130105211","name":"DEV BHOOMI PUB SCHOOL","state":"UTTARAKHAND","district":"HARDWAR","block":"BAHADARABAD","indicator":"girls_toilet_nonfunctional"}},{"type":"Feature","geometry":{"type":"Point","coordinates":[78.1072,29.8822]},"properties":{"udise":"05130106506","name":"BAL VIKAS KENDRA","state":"UTTARAKHAND","district":"HARDWAR","block":"BAHADARABAD","indicator":"girls_toilet_nonfunctional"}},{"type":"Feature","geometry":{"type":"Point","coordinates":[77.99539,29.60925]},"properties":{"udise":"05130404803","name":"SAHID UDHAM SINGH KAMBOJ J.H.S CHANDRPURI KALAN","state":"UTTARAKHAND","district":"HARDWAR","block":"KHANPUR","indicator":"girls_toilet_nonfunctional"}},{"type":"Feature","geometry":{"type":"Point","coordinates":[77.8226,29.9252]},"properties":{"udise":"05130800105","name":"U.P.S. KARAUNDI","state":"UTTARAKHAND","district":"HARDWAR","block":"ROORKEE","indicator":"girls_toilet_nonfunctional"}},{"type":"Feature","geometry":{"type":"Point","coordinates":[78.0603,29.6943]},"properties":{"udise":"05130507402","name":"U.P.S. DARGAHPUR","state":"UTTARAKHAND","district":"HARDWAR","block":"LAKSAR","indicator":"girls_toilet_nonfunctional"}},{"type":"Feature","geometry":{"type":"Point","coordinates":[78.0668,29.8775]},"properties":{"udise":"05130103405","name":"P.S. DANDI","state":"UTTARAKHAND","district":"HARDWAR","block":"BAHADARABAD","indicator":"girls_toilet_nonfunctional"}},{"type":"Feature","geometry":{"type":"Point","coordinates":[77.89053,29.86733]},"properties":{"udise":"05130812502","name":"ADARSH BAL NIKETAN SEN SEC SCHOOL","state":"UTTARAKHAND","district":"HARDWAR","block":"ROORKEE","indicator":"girls_toilet_nonfunctional"}},{"type":"Feature","geometry":{"type":"Point","coordinates":[77.8644,29.7646]},"properties":{"udise":"05130703602","name":"P.S. LIBBER HERI  II","state":"UTTARAKHAND","district":"HARDWAR","block":"NARSAN","indicator":"girls_toilet_nonfunctional"}},{"type":"Feature","geometry":{"type":"Point","coordinates":[77.849,29.8264]},"properties":{"udise":"05130809001","name":"P.S. HATHIYATHAL","state":"UTTARAKHAND","district":"HARDWAR","block":"ROORKEE","indicator":"girls_toilet_nonfunctional"}},{"type":"Feature","geometry":{"type":"Point","coordinates":[77.7955,29.8815]},"properties":{"udise":"05130206701","name":"P.S. AMARPUR QAZI","state":"UTTARAKHAND","district":"HARDWAR","block":"BHAGWANPUR","indicator":"girls_toilet_nonfunctional"}},{"type":"Feature","geometry":{"type":"Point","coordinates":[78.0603,29.6944]},"properties":{"udise":"05130512301","name":"P.S. BAHAALPURI","state":"UTTARAKHAND","district":"HARDWAR","block":"LAKSAR","indicator":"girls_toilet_nonfunctional"}},{"type":"Feature","geometry":{"type":"Point","coordinates":[77.9739,29.7964]},"properties":{"udise":"05130709001","name":"P.S. KHEMPUR MAJRI","state":"UTTARAKHAND","district":"HARDWAR","block":"NARSAN","indicator":"girls_toilet_nonfunctional"}},{"type":"Feature","geometry":{"type":"Point","coordinates":[77.99724,29.94417]},"properties":{"udise":"05130102608","name":"NASEEMA BEGAM MEMORIAL HIGH SCHOOL GARHMEERPUR","state":"UTTARAKHAND","district":"HARDWAR","block":"BAHADARABAD","indicator":"girls_toilet_nonfunctional"}},{"type":"Feature","geometry":{"type":"Point","coordinates":[78.13192,29.91792]},"properties":{"udise":"05130105207","name":"DR. B.R.AMBEDKAR PUBLIC SCHOOL","state":"UTTARAKHAND","district":"HARDWAR","block":"BAHADARABAD","indicator":"girls_toilet_nonfunctional"}},{"type":"Feature","geometry":{"type":"Point","coordinates":[77.8424,29.7814]},"properties":{"udise":"05130700801","name":"P.S. JHABIRAN JATT","state":"UTTARAKHAND","district":"HARDWAR","block":"NARSAN","indicator":"girls_toilet_nonfunctional"}},{"type":"Feature","geometry":{"type":"Point","coordinates":[77.7768,29.9268]},"properties":{"udise":"05130206204","name":"G.H.S. MOHITPUR","state":"UTTARAKHAND","district":"HARDWAR","block":"BHAGWANPUR","indicator":"girls_toilet_nonfunctional"}},{"type":"Feature","geometry":{"type":"Point","coordinates":[77.93408,29.74064]},"properties":{"udise":"05130710902","name":"U.P.S. AMKHERI","state":"UTTARAKHAND","district":"HARDWAR","block":"NARSAN","indicator":"girls_toilet_nonfunctional"}},{"type":"Feature","geometry":{"type":"Point","coordinates":[77.9432,29.7908]},"properties":{"udise":"05130709101","name":"P.S. THITHAULA","state":"UTTARAKHAND","district":"HARDWAR","block":"NARSAN","indicator":"girls_toilet_nonfunctional"}},{"type":"Feature","geometry":{"type":"Point","coordinates":[78.11028,29.91211]},"properties":{"udise":"05130105210","name":"SHIV VINAYAK ACADEMY JHS","state":"UTTARAKHAND","district":"HARDWAR","block":"BAHADARABAD","indicator":"girls_toilet_nonfunctional"}},{"type":"Feature","geometry":{"type":"Point","coordinates":[78.1301,29.6734]},"properties":{"udise":"05130508403","name":"U.P.S. KANKARKHATA","state":"UTTARAKHAND","district":"HARDWAR","block":"LAKSAR","indicator":"girls_toilet_nonfunctional"}},{"type":"Feature","geometry":{"type":"Point","coordinates":[78.0919,29.8478]},"properties":{"udise":"05130106805","name":"P.S. GHOSIPURA","state":"UTTARAKHAND","district":"HARDWAR","block":"BAHADARABAD","indicator":"girls_toilet_nonfunctional"}},{"type":"Feature","geometry":{"type":"Point","coordinates":[77.9044,29.9719]},"properties":{"udise":"05130101203","name":"VARNIKA LALYAN INTER COLLEGE HADIPUR GRANT","state":"UTTARAKHAND","district":"HARDWAR","block":"BAHADARABAD","indicator":"girls_toilet_nonfunctional"}},{"type":"Feature","geometry":{"type":"Point","coordinates":[77.9151,29.9667]},"properties":{"udise":"05130100107","name":"CHOUDHARY SIKSHA NIKETAN J. H.S","state":"UTTARAKHAND","district":"HARDWAR","block":"BAHADARABAD","indicator":"girls_toilet_nonfunctional"}},{"type":"Feature","geometry":{"type":"Point","coordinates":[77.8769,29.7919]},"properties":{"udise":"05130713903","name":"C.S.A. JUNIOR HIGH SCHOOL MAANGLOUR","state":"UTTARAKHAND","district":"HARDWAR","block":"NARSAN","indicator":"girls_toilet_nonfunctional"}},{"type":"Feature","geometry":{"type":"Point","coordinates":[78.10773,29.9318]},"properties":{"udise":"05130115010","name":"MADARSA JAMIYA MAKHDOOMYA SHAMSUL ISLAM AHBABNAGAR","state":"UTTARAKHAND","district":"HARDWAR","block":"BAHADARABAD","indicator":"girls_toilet_nonfunctional"}},{"type":"Feature","geometry":{"type":"Point","coordinates":[77.88131,29.7287]},"properties":{"udise":"05130711508","name":"DIVYA CHILDREN SCHOOL HARCHANDPUR","state":"UTTARAKHAND","district":"HARDWAR","block":"NARSAN","indicator":"girls_toilet_nonfunctional"}},{"type":"Feature","geometry":{"type":"Point","coordinates":[77.97325,29.95544]},"properties":{"udise":"05130101806","name":"MADARSA  ISLAMIYA SIRAJUL ULOOM TELIWALA","state":"UTTARAKHAND","district":"HARDWAR","block":"BAHADARABAD","indicator":"girls_toilet_nonfunctional"}},{"type":"Feature","geometry":{"type":"Point","coordinates":[78.0351,29.9196]},"properties":{"udise":"05130102404","name":"thakur ilam singh saraswati shishu vidya mandir jhs","state":"UTTARAKHAND","district":"HARDWAR","block":"BAHADARABAD","indicator":"girls_toilet_nonfunctional"}},{"type":"Feature","geometry":{"type":"Point","coordinates":[77.9903,29.7898]},"properties":{"udise":"05130500401","name":"P.S. MUBARIKPUR","state":"UTTARAKHAND","district":"HARDWAR","block":"LAKSAR","indicator":"girls_toilet_nonfunctional"}},{"type":"Feature","geometry":{"type":"Point","coordinates":[78.03913,29.9375]},"properties":{"udise":"05130103008","name":"RASHTRIYA VIDYA DEEP PUBLIC SC","state":"UTTARAKHAND","district":"HARDWAR","block":"BAHADARABAD","indicator":"girls_toilet_nonfunctional"}},{"type":"Feature","geometry":{"type":"Point","coordinates":[78.10638,29.76306]},"properties":{"udise":"05130108213","name":"MADARSA TIPU SULTAN MEMORIAL ACADEMY JHS","state":"UTTARAKHAND","district":"HARDWAR","block":"BAHADARABAD","indicator":"girls_toilet_nonfunctional"}},{"type":"Feature","geometry":{"type":"Point","coordinates":[77.9197,29.8016]},"properties":{"udise":"05130709303","name":"MADARSA SIDDIKIYA JAINPUR","state":"UTTARAKHAND","district":"HARDWAR","block":"NARSAN","indicator":"girls_toilet_nonfunctional"}},{"type":"Feature","geometry":{"type":"Point","coordinates":[77.8329,30.0856]},"properties":{"udise":"05130209702","name":"G.H.S. GANJA MAJRA","state":"UTTARAKHAND","district":"HARDWAR","block":"BHAGWANPUR","indicator":"girls_toilet_nonfunctional"}},{"type":"Feature","geometry":{"type":"Point","coordinates":[78.0625,29.68278]},"properties":{"udise":"05130512002","name":"SRASWATI BAL NIKUNJ I.C HABIBPUR RAISI","state":"UTTARAKHAND","district":"HARDWAR","block":"LAKSAR","indicator":"girls_toilet_nonfunctional"}},{"type":"Feature","geometry":{"type":"Point","coordinates":[77.9016,29.9506]},"properties":{"udise":"05130811701","name":"P.S. TANDA RANGHARHWALA","state":"UTTARAKHAND","district":"HARDWAR","block":"ROORKEE","indicator":"girls_toilet_nonfunctional"}},{"type":"Feature","geometry":{"type":"Point","coordinates":[78.1309,29.8555]},"properties":{"udise":"05130106301","name":"P.S. CHANDPUR","state":"UTTARAKHAND","district":"HARDWAR","block":"BAHADARABAD","indicator":"girls_toilet_nonfunctional"}},{"type":"Feature","geometry":{"type":"Point","coordinates":[77.8367,29.7696]},"properties":{"udise":"05130703802","name":"U.P.S. THASKA","state":"UTTARAKHAND","district":"HARDWAR","block":"NARSAN","indicator":"girls_toilet_nonfunctional"}},{"type":"Feature","geometry":{"type":"Point","coordinates":[77.8788,29.7872]},"properties":{"udise":"05130715302","name":"INDIAN PUBLIC SCHOOL MANGLAUR","state":"UTTARAKHAND","district":"HARDWAR","block":"NARSAN","indicator":"girls_toilet_nonfunctional"}},{"type":"Feature","geometry":{"type":"Point","coordinates":[78.1056,29.8489]},"properties":{"udise":"05130110704","name":"MADARSA I .S. J.U GHISSUPURA","state":"UTTARAKHAND","district":"HARDWAR","block":"BAHADARABAD","indicator":"girls_toilet_nonfunctional"}},{"type":"Feature","geometry":{"type":"Point","coordinates":[78.01519,29.76964]},"properties":{"udise":"05130503302","name":"P.S. BAHADARPUR DERA","state":"UTTARAKHAND","district":"HARDWAR","block":"LAKSAR","indicator":"girls_toilet_nonfunctional"}},{"type":"Feature","geometry":{"type":"Point","coordinates":[78.11849,29.79564]},"properties":{"udise":"05130107013","name":"SHAMA E TALIM NASEERPUR KALA","state":"UTTARAKHAND","district":"HARDWAR","block":"BAHADARABAD","indicator":"girls_toilet_nonfunctional"}},{"type":"Feature","geometry":{"type":"Point","coordinates":[78.12376,29.79295]},"properties":{"udise":"05130107605","name":"MADARSA ISLAHUL MUSLIMIN","state":"UTTARAKHAND","district":"HARDWAR","block":"BAHADARABAD","indicator":"girls_toilet_nonfunctional"}},{"type":"Feature","geometry":{"type":"Point","coordinates":[78.0911,29.6807]},"properties":{"udise":"05130507701","name":"P.S. MAHARAJPUR KALAN","state":"UTTARAKHAND","district":"HARDWAR","block":"LAKSAR","indicator":"girls_toilet_nonfunctional"}},{"type":"Feature","geometry":{"type":"Point","coordinates":[77.8327,30.0847]},"properties":{"udise":"05130209701","name":"P.S. GANZA MAZRA","state":"UTTARAKHAND","district":"HARDWAR","block":"BHAGWANPUR","indicator":"girls_toilet_nonfunctional"}},{"type":"Feature","geometry":{"type":"Point","coordinates":[77.8018,30.0159]},"properties":{"udise":"05130202602","name":"U.P.S. DADA PATTI","state":"UTTARAKHAND","district":"HARDWAR","block":"BHAGWANPUR","indicator":"girls_toilet_nonfunctional"}},{"type":"Feature","geometry":{"type":"Point","coordinates":[78.04653,29.71667]},"properties":{"udise":"05130507512","name":"R.M.BAL VIDHYA MANDIR J.H. SCHOOL","state":"UTTARAKHAND","district":"HARDWAR","block":"LAKSAR","indicator":"girls_toilet_nonfunctional"}},{"type":"Feature","geometry":{"type":"Point","coordinates":[77.9646,29.67471]},"properties":{"udise":"05130401101","name":"P.S. YAHIYAPUR","state":"UTTARAKHAND","district":"HARDWAR","block":"KHANPUR","indicator":"girls_toilet_nonfunctional"}},{"type":"Feature","geometry":{"type":"Point","coordinates":[77.8002,29.7302]},"properties":{"udise":"05130705401","name":"P.S. LAKHNAUTA","state":"UTTARAKHAND","district":"HARDWAR","block":"NARSAN","indicator":"girls_toilet_nonfunctional"}},{"type":"Feature","geometry":{"type":"Point","coordinates":[77.77658,29.81039]},"properties":{"udise":"05130712204","name":"SARASWATI BAL V.M P.S JHABREDA","state":"UTTARAKHAND","district":"HARDWAR","block":"NARSAN","indicator":"girls_toilet_nonfunctional"}},{"type":"Feature","geometry":{"type":"Point","coordinates":[78.00404,29.64475]},"properties":{"udise":"05130403704","name":"SHISHU SHIKSHA NIKETAN KHANPUR","state":"UTTARAKHAND","district":"HARDWAR","block":"KHANPUR","indicator":"girls_toilet_nonfunctional"}},{"type":"Feature","geometry":{"type":"Point","coordinates":[77.91424,29.74221]},"properties":{"udise":"05130710812","name":"IDEAL DREAMS EDUCATION ACADMY","state":"UTTARAKHAND","district":"HARDWAR","block":"NARSAN","indicator":"girls_toilet_nonfunctional"}},{"type":"Feature","geometry":{"type":"Point","coordinates":[78.06694,29.68036]},"properties":{"udise":"05130512004","name":"NATIONAL PUB JHS","state":"UTTARAKHAND","district":"HARDWAR","block":"LAKSAR","indicator":"girls_toilet_nonfunctional"}},{"type":"Feature","geometry":{"type":"Point","coordinates":[77.91039,29.7385]},"properties":{"udise":"05130711402","name":"SARDAR PATEL PUBLIC SCHOOL","state":"UTTARAKHAND","district":"HARDWAR","block":"NARSAN","indicator":"girls_toilet_nonfunctional"}},{"type":"Feature","geometry":{"type":"Point","coordinates":[78.1806,29.9706]},"properties":{"udise":"05130113415","name":"SHRIMAD BHAGWAT MISSION SCHOOL","state":"UTTARAKHAND","district":"HARDWAR","block":"BAHADARABAD","indicator":"girls_toilet_nonfunctional"}},{"type":"Feature","geometry":{"type":"Point","coordinates":[77.98564,29.59655]},"properties":{"udise":"05130405204","name":"SWAMI DAYANAND SARASWATI VIDYA MANDIR JHS","state":"UTTARAKHAND","district":"HARDWAR","block":"KHANPUR","indicator":"girls_toilet_nonfunctional"}},{"type":"Feature","geometry":{"type":"Point","coordinates":[78.1554,29.735]},"properties":{"udise":"05130510501","name":"P.S. BHIKKAMPUR","state":"UTTARAKHAND","district":"HARDWAR","block":"LAKSAR","indicator":"girls_toilet_nonfunctional"}},{"type":"Feature","geometry":{"type":"Point","coordinates":[78.2958,29.8644]},"properties":{"udise":"05130109105","name":"P.S. ARYA NAGAR","state":"UTTARAKHAND","district":"HARDWAR","block":"BAHADARABAD","indicator":"girls_toilet_nonfunctional"}},{"type":"Feature","geometry":{"type":"Point","coordinates":[77.81061,29.79083]},"properties":{"udise":"05130711803","name":"SWAMI DAYANAND VIDYA MANDIR HA","state":"UTTARAKHAND","district":"HARDWAR","block":"NARSAN","indicator":"girls_toilet_nonfunctional"}},{"type":"Feature","geometry":{"type":"Point","coordinates":[77.8944,29.9731]},"properties":{"udise":"05130204501","name":"P.S. IBRAHIMPUR","state":"UTTARAKHAND","district":"HARDWAR","block":"BHAGWANPUR","indicator":"girls_toilet_nonfunctional"}},{"type":"Feature","geometry":{"type":"Point","coordinates":[77.8751,29.8862]},"properties":{"udise":"05130810312","name":"MADARSA IRFANULULOOM RAMPUR","state":"UTTARAKHAND","district":"HARDWAR","block":"ROORKEE","indicator":"girls_toilet_nonfunctional"}},{"type":"Feature","geometry":{"type":"Point","coordinates":[78.1793,29.9593]},"properties":{"udise":"05130115301","name":"G.G.H.S.S WAZIARAVADI  KHARKHARI","state":"UTTARAKHAND","district":"HARDWAR","block":"BAHADARABAD","indicator":"girls_toilet_nonfunctional"}},{"type":"Feature","geometry":{"type":"Point","coordinates":[77.8785,29.7904]},"properties":{"udise":"05130714302","name":"BRIGHT STAR PUBLIC SCHOOL","state":"UTTARAKHAND","district":"HARDWAR","block":"NARSAN","indicator":"girls_toilet_nonfunctional"}},{"type":"Feature","geometry":{"type":"Point","coordinates":[78.0975,29.9009]},"properties":{"udise":"05130105301","name":"P.S. SARAI","state":"UTTARAKHAND","district":"HARDWAR","block":"BAHADARABAD","indicator":"girls_toilet_nonfunctional"}},{"type":"Feature","geometry":{"type":"Point","coordinates":[78.0293,29.8412]},"properties":{"udise":"05130110401","name":"P.S. BHEL","state":"UTTARAKHAND","district":"HARDWAR","block":"BAHADARABAD","indicator":"girls_toilet_nonfunctional"}},{"type":"Feature","geometry":{"type":"Point","coordinates":[78.0624,29.8037]},"properties":{"udise":"05130110604","name":"P.S. BANDARKOTI","state":"UTTARAKHAND","district":"HARDWAR","block":"BAHADARABAD","indicator":"girls_toilet_nonfunctional"}},{"type":"Feature","geometry":{"type":"Point","coordinates":[78.0414,29.706]},"properties":{"udise":"05130507511","name":"U.P.S. KHEDI KHURD RAISI","state":"UTTARAKHAND","district":"HARDWAR","block":"LAKSAR","indicator":"girls_toilet_nonfunctional"}},{"type":"Feature","geometry":{"type":"Point","coordinates":[77.76808,29.95136]},"properties":{"udise":"05130205907","name":"NAI KIRAN PUBLIC SCHOOL SIKANDERPUR","state":"UTTARAKHAND","district":"HARDWAR","block":"BHAGWANPUR","indicator":"girls_toilet_nonfunctional"}},{"type":"Feature","geometry":{"type":"Point","coordinates":[77.934,29.9621]},"properties":{"udise":"05130100104","name":"P.S. KOTAKHERHA","state":"UTTARAKHAND","district":"HARDWAR","block":"BAHADARABAD","indicator":"girls_toilet_nonfunctional"}},{"type":"Feature","geometry":{"type":"Point","coordinates":[77.9748,29.817]},"properties":{"udise":"05130500101","name":"P.S. LADPUR KALAN","state":"UTTARAKHAND","district":"HARDWAR","block":"LAKSAR","indicator":"girls_toilet_nonfunctional"}},{"type":"Feature","geometry":{"type":"Point","coordinates":[77.9453,29.9782]},"properties":{"udise":"05130100106","name":"MADARSA ISLAMIYA ARABIYA KASAM","state":"UTTARAKHAND","district":"HARDWAR","block":"BAHADARABAD","indicator":"girls_toilet_nonfunctional"}},{"type":"Feature","geometry":{"type":"Point","coordinates":[77.9114,29.8006]},"properties":{"udise":"05130708601","name":"P.S. BHAGWANPUR CHANDANPUR","state":"UTTARAKHAND","district":"HARDWAR","block":"NARSAN","indicator":"girls_toilet_nonfunctional"}},{"type":"Feature","geometry":{"type":"Point","coordinates":[77.81061,29.79083]},"properties":{"udise":"05130711806","name":"TANU PUBLIC SCHOOL HARJOLIAT NARSAN","state":"UTTARAKHAND","district":"HARDWAR","block":"NARSAN","indicator":"girls_toilet_nonfunctional"}},{"type":"Feature","geometry":{"type":"Point","coordinates":[78.03419,29.77406]},"properties":{"udise":"05130503307","name":"K.G.N. PUBLIC J.H.SCHOOL SETHPUR","state":"UTTARAKHAND","district":"HARDWAR","block":"LAKSAR","indicator":"girls_toilet_nonfunctional"}},{"type":"Feature","geometry":{"type":"Point","coordinates":[77.9037,29.7721]},"properties":{"udise":"05130709901","name":"P.S. AKBERPUR DHADEKI","state":"UTTARAKHAND","district":"HARDWAR","block":"NARSAN","indicator":"girls_toilet_nonfunctional"}},{"type":"Feature","geometry":{"type":"Point","coordinates":[78.0443,29.8502]},"properties":{"udise":"05130104102","name":"P.S. DINARPUR","state":"UTTARAKHAND","district":"HARDWAR","block":"BAHADARABAD","indicator":"girls_toilet_nonfunctional"}},{"type":"Feature","geometry":{"type":"Point","coordinates":[77.9919,29.8658]},"properties":{"udise":"05130805701","name":"P.S. GOVINDPUR","state":"UTTARAKHAND","district":"HARDWAR","block":"ROORKEE","indicator":"girls_toilet_nonfunctional"}},{"type":"Feature","geometry":{"type":"Point","coordinates":[77.93694,29.91944]},"properties":{"udise":"05130801805","name":"SABRI PROGRESS inter college","state":"UTTARAKHAND","district":"HARDWAR","block":"ROORKEE","indicator":"girls_toilet_nonfunctional"}},{"type":"Feature","geometry":{"type":"Point","coordinates":[77.9959,29.7471]},"properties":{"udise":"05130502301","name":"P.S. BHURNA","state":"UTTARAKHAND","district":"HARDWAR","block":"LAKSAR","indicator":"girls_toilet_nonfunctional"}},{"type":"Feature","geometry":{"type":"Point","coordinates":[77.8111,30.0036]},"properties":{"udise":"05130201305","name":"MODERN CHILDREN ACADEMY","state":"UTTARAKHAND","district":"HARDWAR","block":"BHAGWANPUR","indicator":"girls_toilet_nonfunctional"}},{"type":"Feature","geometry":{"type":"Point","coordinates":[77.9285,29.8452]},"properties":{"udise":"05130811107","name":"KISAN BAL MANDIR T. KALYANPUR","state":"UTTARAKHAND","district":"HARDWAR","block":"ROORKEE","indicator":"girls_toilet_nonfunctional"}},{"type":"Feature","geometry":{"type":"Point","coordinates":[78.0587,29.6998]},"properties":{"udise":"05130506801","name":"P.S. MUNDA KHERA KHURD","state":"UTTARAKHAND","district":"HARDWAR","block":"LAKSAR","indicator":"girls_toilet_nonfunctional"}},{"type":"Feature","geometry":{"type":"Point","coordinates":[78.1232,29.7398]},"properties":{"udise":"05130509802","name":"P.S. NIHANDPUR","state":"UTTARAKHAND","district":"HARDWAR","block":"LAKSAR","indicator":"girls_toilet_nonfunctional"}},{"type":"Feature","geometry":{"type":"Point","coordinates":[77.77475,29.81269]},"properties":{"udise":"05130712217","name":"DEV PUBLIC J.H.S JHABRERA","state":"UTTARAKHAND","district":"HARDWAR","block":"NARSAN","indicator":"girls_toilet_nonfunctional"}},{"type":"Feature","geometry":{"type":"Point","coordinates":[77.7858,29.7892]},"properties":{"udise":"05130700203","name":"JANTA J.H.S. KOTWAL ALAMPUR","state":"UTTARAKHAND","district":"HARDWAR","block":"NARSAN","indicator":"girls_toilet_nonfunctional"}},{"type":"Feature","geometry":{"type":"Point","coordinates":[79.8029,29.0712]},"properties":{"udise":"05110420601","name":"GUPS RELA KHATTA","state":"UTTARAKHAND","district":"NAINITAL","block":"HALDWANI","indicator":"no_girls_toilet"}},{"type":"Feature","geometry":{"type":"Point","coordinates":[79.7647,29.0719]},"properties":{"udise":"05110420901","name":"GPS HANSPUR KHATTA","state":"UTTARAKHAND","district":"NAINITAL","block":"HALDWANI","indicator":"no_girls_toilet"}},{"type":"Feature","geometry":{"type":"Point","coordinates":[79.4089,29.1051]},"properties":{"udise":"05110419201","name":"GPS JYOTIYAL KHATTA","state":"UTTARAKHAND","district":"NAINITAL","block":"HALDWANI","indicator":"no_girls_toilet"}},{"type":"Feature","geometry":{"type":"Point","coordinates":[79.4515,29.2471]},"properties":{"udise":"05110416501","name":"GPS FATEHPUR","state":"UTTARAKHAND","district":"NAINITAL","block":"HALDWANI","indicator":"no_girls_toilet"}},{"type":"Feature","geometry":{"type":"Point","coordinates":[79.247,29.5168]},"properties":{"udise":"05110807101","name":"GPS DOMAS","state":"UTTARAKHAND","district":"NAINITAL","block":"BETAALGHAT","indicator":"no_girls_toilet"}},{"type":"Feature","geometry":{"type":"Point","coordinates":[79.06417,29.38747]},"properties":{"udise":"05110115402","name":"GPS PATHARKUEIYA KHATTA","state":"UTTARAKHAND","district":"NAINITAL","block":"RAMNAGAR","indicator":"no_girls_toilet"}},{"type":"Feature","geometry":{"type":"Point","coordinates":[79.3425,29.58947]},"properties":{"udise":"05110806501","name":"GPS PATORI","state":"UTTARAKHAND","district":"NAINITAL","block":"BETAALGHAT","indicator":"no_girls_toilet"}},{"type":"Feature","geometry":{"type":"Point","coordinates":[79.1301,29.389]},"properties":{"udise":"05110112201","name":"GPS KANJARPARAO","state":"UTTARAKHAND","district":"NAINITAL","block":"RAMNAGAR","indicator":"no_girls_toilet"}},{"type":"Feature","geometry":{"type":"Point","coordinates":[79.5703,29.1752]},"properties":{"udise":"05110414801","name":"GPS JAGATPUR","state":"UTTARAKHAND","district":"NAINITAL","block":"HALDWANI","indicator":"no_girls_toilet"}},{"type":"Feature","geometry":{"type":"Point","coordinates":[78.99567,29.32953]},"properties":{"udise":"05110115414","name":"GUPS NATHAWALI","state":"UTTARAKHAND","district":"NAINITAL","block":"RAMNAGAR","indicator":"no_girls_toilet"}},{"type":"Feature","geometry":{"type":"Point","coordinates":[79.6408,29.3546]},"properties":{"udise":"05110706702","name":"GPS KHUTKA","state":"UTTARAKHAND","district":"NAINITAL","block":"DHARI","indicator":"no_girls_toilet"}},{"type":"Feature","geometry":{"type":"Point","coordinates":[79.5137,29.158]},"properties":{"udise":"05110407402","name":"GUPS SUPI BHAGWANPUR","state":"UTTARAKHAND","district":"NAINITAL","block":"HALDWANI","indicator":"no_girls_toilet"}},{"type":"Feature","geometry":{"type":"Point","coordinates":[78.99525,29.32956]},"properties":{"udise":"05110115413","name":"GPS BELGHATTI KHATTA","state":"UTTARAKHAND","district":"NAINITAL","block":"RAMNAGAR","indicator":"no_girls_toilet"}},{"type":"Feature","geometry":{"type":"Point","coordinates":[79.579,29.1659]},"properties":{"udise":"05110414901","name":"GPS BANSKHERA","state":"UTTARAKHAND","district":"NAINITAL","block":"HALDWANI","indicator":"no_girls_toilet"}},{"type":"Feature","geometry":{"type":"Point","coordinates":[78.9755,29.36667]},"properties":{"udise":"05110115411","name":"GPS KUWAGADAR KHATTA","state":"UTTARAKHAND","district":"NAINITAL","block":"RAMNAGAR","indicator":"no_girls_toilet"}},{"type":"Feature","geometry":{"type":"Point","coordinates":[79.12386,29.29558]},"properties":{"udise":"05110115417","name":"GPS JAWALAVAN KHATTA","state":"UTTARAKHAND","district":"NAINITAL","block":"RAMNAGAR","indicator":"no_girls_toilet"}},{"type":"Feature","geometry":{"type":"Point","coordinates":[79.4115,29.537]},"properties":{"udise":"05110808301","name":"GPS NAINICHACK","state":"UTTARAKHAND","district":"NAINITAL","block":"BETAALGHAT","indicator":"no_girls_toilet"}},{"type":"Feature","geometry":{"type":"Point","coordinates":[79.11692,29.50525]},"properties":{"udise":"05110115415","name":"GUPS SUNDERKHAL","state":"UTTARAKHAND","district":"NAINITAL","block":"RAMNAGAR","indicator":"no_girls_toilet"}},{"type":"Feature","geometry":{"type":"Point","coordinates":[79.6943,29.1136]},"properties":{"udise":"05110408701","name":"GPS DEVPUR DANAI","state":"UTTARAKHAND","district":"NAINITAL","block":"HALDWANI","indicator":"no_girls_toilet"}},{"type":"Feature","geometry":{"type":"Point","coordinates":[79.5358,29.0876]},"properties":{"udise":"05110400320","name":"GPS GANDHI NAGAR","state":"UTTARAKHAND","district":"NAINITAL","block":"HALDWANI","indicator":"no_girls_toilet"}},{"type":"Feature","geometry":{"type":"Point","coordinates":[79.4149,29.5194]},"properties":{"udise":"05110807901","name":"GPS SAKDEENA","state":"UTTARAKHAND","district":"NAINITAL","block":"BETAALGHAT","indicator":"no_girls_toilet"}},{"type":"Feature","geometry":{"type":"Point","coordinates":[78.94217,29.36667]},"properties":{"udise":"05110115416","name":"GPS KUMUGADAR KHATTA 2","state":"UTTARAKHAND","district":"NAINITAL","block":"RAMNAGAR","indicator":"no_girls_toilet"}},{"type":"Feature","geometry":{"type":"Point","coordinates":[79.08403,29.28897]},"properties":{"udise":"05110114102","name":"GUPS ARJUNNALA","state":"UTTARAKHAND","district":"NAINITAL","block":"RAMNAGAR","indicator":"no_girls_toilet"}},{"type":"Feature","geometry":{"type":"Point","coordinates":[79.5927,29.1287]},"properties":{"udise":"05110419101","name":"GPS DANIBANGAR","state":"UTTARAKHAND","district":"NAINITAL","block":"HALDWANI","indicator":"no_girls_toilet"}},{"type":"Feature","geometry":{"type":"Point","coordinates":[79.1464,29.4133]},"properties":{"udise":"05110101102","name":"GHS TERA","state":"UTTARAKHAND","district":"NAINITAL","block":"RAMNAGAR","indicator":"no_girls_toilet"}},{"type":"Feature","geometry":{"type":"Point","coordinates":[79.27469,29.23969]},"properties":{"udise":"05110115405","name":"GPS GADAPPU KHATTA","state":"UTTARAKHAND","district":"NAINITAL","block":"KOTABAGH","indicator":"no_girls_toilet"}},{"type":"Feature","geometry":{"type":"Point","coordinates":[79.0762,29.4132]},"properties":{"udise":"05110114601","name":"GPS KUMUGADAR KHATTA","state":"UTTARAKHAND","district":"NAINITAL","block":"RAMNAGAR","indicator":"no_girls_toilet"}},{"type":"Feature","geometry":{"type":"Point","coordinates":[79.3706,29.5394]},"properties":{"udise":"05110813101","name":"GPS MALLI PALI","state":"UTTARAKHAND","district":"NAINITAL","block":"BETAALGHAT","indicator":"no_girls_toilet"}},{"type":"Feature","geometry":{"type":"Point","coordinates":[79.7009,29.1234]},"properties":{"udise":"05110404001","name":"GGUPS LAKHANMANDI","state":"UTTARAKHAND","district":"NAINITAL","block":"HALDWANI","indicator":"no_girls_toilet"}},{"type":"Feature","geometry":{"type":"Point","coordinates":[79.55381,29.03206]},"properties":{"udise":"05110421808","name":"GPS CHIRKHATTA","state":"UTTARAKHAND","district":"NAINITAL","block":"HALDWANI","indicator":"no_girls_toilet"}},{"type":"Feature","geometry":{"type":"Point","coordinates":[79.7006,29.1234]},"properties":{"udise":"05110400606","name":"GPS CHORGALIYA","state":"UTTARAKHAND","district":"NAINITAL","block":"HALDWANI","indicator":"no_girls_toilet"}},{"type":"Feature","geometry":{"type":"Point","coordinates":[78.94111,29.37853]},"properties":{"udise":"05110115412","name":"GPS TUMADIYA KHATTA","state":"UTTARAKHAND","district":"NAINITAL","block":"RAMNAGAR","indicator":"no_girls_toilet"}},{"type":"Feature","geometry":{"type":"Point","coordinates":[79.7553,29.3066]},"properties":{"udise":"05110611001","name":"GPS HAIRAKHAN","state":"UTTARAKHAND","district":"NAINITAL","block":"OKHALKANDA","indicator":"girls_toilet_nonfunctional"}},{"type":"Feature","geometry":{"type":"Point","coordinates":[79.7675,29.2059]},"properties":{"udise":"05110608001","name":"GPS CHAKUNIYA","state":"UTTARAKHAND","district":"NAINITAL","block":"OKHALKANDA","indicator":"girls_toilet_nonfunctional"}},{"type":"Feature","geometry":{"type":"Point","coordinates":[79.6921,29.3303]},"properties":{"udise":"05110605601","name":"GPS NAGONIYA","state":"UTTARAKHAND","district":"NAINITAL","block":"DHARI","indicator":"girls_toilet_nonfunctional"}},{"type":"Feature","geometry":{"type":"Point","coordinates":[79.05669,29.37531]},"properties":{"udise":"05110115422","name":"GPS GULARGHATTI KHATTA","state":"UTTARAKHAND","district":"NAINITAL","block":"RAMNAGAR","indicator":"girls_toilet_nonfunctional"}},{"type":"Feature","geometry":{"type":"Point","coordinates":[79.4311,29.3729]},"properties":{"udise":"05110302601","name":"GPS SILMORIYA","state":"UTTARAKHAND","district":"NAINITAL","block":"BHIMTAL","indicator":"girls_toilet_nonfunctional"}},{"type":"Feature","geometry":{"type":"Point","coordinates":[79.32053,29.58894]},"properties":{"udise":"05110806302","name":"GUPS CHYUNI","state":"UTTARAKHAND","district":"NAINITAL","block":"BETAALGHAT","indicator":"girls_toilet_nonfunctional"}},{"type":"Feature","geometry":{"type":"Point","coordinates":[79.8322,29.3801]},"properties":{"udise":"05110603701","name":"GPS SEMALKANYA","state":"UTTARAKHAND","district":"NAINITAL","block":"OKHALKANDA","indicator":"girls_toilet_nonfunctional"}},{"type":"Feature","geometry":{"type":"Point","coordinates":[79.7159,29.4354]},"properties":{"udise":"05110700501","name":"GPS SELALEKH","state":"UTTARAKHAND","district":"NAINITAL","block":"DHARI","indicator":"girls_toilet_nonfunctional"}},{"type":"Feature","geometry":{"type":"Point","coordinates":[79.531,29.2089]},"properties":{"udise":"05110400139","name":"NEW ERA P S","state":"UTTARAKHAND","district":"NAINITAL","block":"HALDWANI","indicator":"girls_toilet_nonfunctional"}},{"type":"Feature","geometry":{"type":"Point","coordinates":[79.7286,29.431]},"properties":{"udise":"05110700803","name":"GPS MAJULI","state":"UTTARAKHAND","district":"NAINITAL","block":"DHARI","indicator":"girls_toilet_nonfunctional"}},{"type":"Feature","geometry":{"type":"Point","coordinates":[79.7093,29.3417]},"properties":{"udise":"05110606201","name":"GPS MALLAKHET","state":"UTTARAKHAND","district":"NAINITAL","block":"OKHALKANDA","indicator":"girls_toilet_nonfunctional"}},{"type":"Feature","geometry":{"type":"Point","coordinates":[79.4495,29.3955]},"properties":{"udise":"05110300225","name":"NARENDRA AJAY SAH JAGATI SARSWATI VIDYA MANDIR NAINITAL","state":"UTTARAKHAND","district":"NAINITAL","block":"BHIMTAL","indicator":"girls_toilet_nonfunctional"}},{"type":"Feature","geometry":{"type":"Point","coordinates":[79.7375,29.3991]},"properties":{"udise":"05110604401","name":"GPS SUNDARKHALI","state":"UTTARAKHAND","district":"NAINITAL","block":"OKHALKANDA","indicator":"girls_toilet_nonfunctional"}},{"type":"Feature","geometry":{"type":"Point","coordinates":[79.6616,29.3508]},"properties":{"udise":"05110615401","name":"GPS SAULI UKALJAR","state":"UTTARAKHAND","district":"NAINITAL","block":"DHARI","indicator":"girls_toilet_nonfunctional"}},{"type":"Feature","geometry":{"type":"Point","coordinates":[79.654,29.3499]},"properties":{"udise":"05110613101","name":"GPS CHYURIGAAR NAVEEN","state":"UTTARAKHAND","district":"NAINITAL","block":"DHARI","indicator":"girls_toilet_nonfunctional"}},{"type":"Feature","geometry":{"type":"Point","coordinates":[79.7484,29.3795]},"properties":{"udise":"05110604501","name":"GPS CHAKADLAAR","state":"UTTARAKHAND","district":"NAINITAL","block":"OKHALKANDA","indicator":"girls_toilet_nonfunctional"}},{"type":"Feature","geometry":{"type":"Point","coordinates":[79.6353,29.3984]},"properties":{"udise":"05110702501","name":"GPS POKHRAR","state":"UTTARAKHAND","district":"NAINITAL","block":"DHARI","indicator":"girls_toilet_nonfunctional"}},{"type":"Feature","geometry":{"type":"Point","coordinates":[79.5336,29.2427]},"properties":{"udise":"05110415507","name":"JIM CORBET SCHOOL","state":"UTTARAKHAND","district":"NAINITAL","block":"HALDWANI","indicator":"girls_toilet_nonfunctional"}},{"type":"Feature","geometry":{"type":"Point","coordinates":[79.7292,29.3048]},"properties":{"udise":"05110605502","name":"GUPS TANDA","state":"UTTARAKHAND","district":"NAINITAL","block":"OKHALKANDA","indicator":"girls_toilet_nonfunctional"}},{"type":"Feature","geometry":{"type":"Point","coordinates":[79.2564,29.5446]},"properties":{"udise":"05110806901","name":"GPS TALLI SETHI","state":"UTTARAKHAND","district":"NAINITAL","block":"BETAALGHAT","indicator":"girls_toilet_nonfunctional"}},{"type":"Feature","geometry":{"type":"Point","coordinates":[79.4464,29.2973]},"properties":{"udise":"05110310602","name":"GHS NAISELA","state":"UTTARAKHAND","district":"NAINITAL","block":"BHIMTAL","indicator":"girls_toilet_nonfunctional"}},{"type":"Feature","geometry":{"type":"Point","coordinates":[79.7829,29.3815]},"properties":{"udise":"05110602902","name":"GUPS PANTOLI","state":"UTTARAKHAND","district":"NAINITAL","block":"OKHALKANDA","indicator":"girls_toilet_nonfunctional"}},{"type":"Feature","geometry":{"type":"Point","coordinates":[79.6378,29.5371]},"properties":{"udise":"05110205301","name":"GPS BAIROLI","state":"UTTARAKHAND","district":"NAINITAL","block":"RAMGARH","indicator":"girls_toilet_nonfunctional"}},{"type":"Feature","geometry":{"type":"Point","coordinates":[79.7599,29.2554]},"properties":{"udise":"05110615301","name":"GPS DHURA KALAAGAR","state":"UTTARAKHAND","district":"NAINITAL","block":"OKHALKANDA","indicator":"girls_toilet_nonfunctional"}},{"type":"Feature","geometry":{"type":"Point","coordinates":[79.8209,29.2445]},"properties":{"udise":"05110609901","name":"GUPS KUMALTA (DALKANYA)","state":"UTTARAKHAND","district":"NAINITAL","block":"OKHALKANDA","indicator":"girls_toilet_nonfunctional"}},{"type":"Feature","geometry":{"type":"Point","coordinates":[79.7847,29.2641]},"properties":{"udise":"05110609501","name":"GPS PATGALI","state":"UTTARAKHAND","district":"NAINITAL","block":"OKHALKANDA","indicator":"girls_toilet_nonfunctional"}},{"type":"Feature","geometry":{"type":"Point","coordinates":[79.0208,29.3421]},"properties":{"udise":"05110113601","name":"GPS NATHAWALI","state":"UTTARAKHAND","district":"NAINITAL","block":"RAMNAGAR","indicator":"girls_toilet_nonfunctional"}},{"type":"Feature","geometry":{"type":"Point","coordinates":[78.986,29.3472]},"properties":{"udise":"05110107002","name":"GUPS SHIVNATHPUR","state":"UTTARAKHAND","district":"NAINITAL","block":"RAMNAGAR","indicator":"girls_toilet_nonfunctional"}},{"type":"Feature","geometry":{"type":"Point","coordinates":[79.6054,29.4521]},"properties":{"udise":"05110211301","name":"SARASWATI SHISHU MANDIR SATBUNGA","state":"UTTARAKHAND","district":"NAINITAL","block":"RAMGARH","indicator":"girls_toilet_nonfunctional"}},{"type":"Feature","geometry":{"type":"Point","coordinates":[79.7762,29.3256]},"properties":{"udise":"05110610501","name":"GPS GWAGARA","state":"UTTARAKHAND","district":"NAINITAL","block":"OKHALKANDA","indicator":"girls_toilet_nonfunctional"}},{"type":"Feature","geometry":{"type":"Point","coordinates":[79.6375,29.3775]},"properties":{"udise":"05110703102","name":"GUPS SARNA","state":"UTTARAKHAND","district":"NAINITAL","block":"DHARI","indicator":"girls_toilet_nonfunctional"}},{"type":"Feature","geometry":{"type":"Point","coordinates":[79.7652,29.4265]},"properties":{"udise":"05110604702","name":"GMUPS HARINAGAR","state":"UTTARAKHAND","district":"NAINITAL","block":"OKHALKANDA","indicator":"girls_toilet_nonfunctional"}},{"type":"Feature","geometry":{"type":"Point","coordinates":[79.2534,29.53]},"properties":{"udise":"05110805502","name":"GUPS KANDA","state":"UTTARAKHAND","district":"NAINITAL","block":"BETAALGHAT","indicator":"girls_toilet_nonfunctional"}},{"type":"Feature","geometry":{"type":"Point","coordinates":[79.8023,29.3838]},"properties":{"udise":"05110600701","name":"GPS JOSHYURA","state":"UTTARAKHAND","district":"NAINITAL","block":"OKHALKANDA","indicator":"girls_toilet_nonfunctional"}},{"type":"Feature","geometry":{"type":"Point","coordinates":[79.3248,29.4274]},"properties":{"udise":"05110504301","name":"GPS GOTIYA","state":"UTTARAKHAND","district":"NAINITAL","block":"KOTABAGH","indicator":"girls_toilet_nonfunctional"}},{"type":"Feature","geometry":{"type":"Point","coordinates":[79.3311,29.4593]},"properties":{"udise":"05110504101","name":"GPS CHARA","state":"UTTARAKHAND","district":"NAINITAL","block":"KOTABAGH","indicator":"girls_toilet_nonfunctional"}},{"type":"Feature","geometry":{"type":"Point","coordinates":[79.1376,29.3344]},"properties":{"udise":"05110100501","name":"GPS PADAMPUR CHHOI","state":"UTTARAKHAND","district":"NAINITAL","block":"RAMNAGAR","indicator":"girls_toilet_nonfunctional"}},{"type":"Feature","geometry":{"type":"Point","coordinates":[78.99603,29.33144]},"properties":{"udise":"05110107303","name":"SHANKARLAL MEMORIAL PUBLIC SCHOOL","state":"UTTARAKHAND","district":"NAINITAL","block":"RAMNAGAR","indicator":"girls_toilet_nonfunctional"}},{"type":"Feature","geometry":{"type":"Point","coordinates":[79.846,29.3589]},"properties":{"udise":"05110613902","name":"GUPS DHAINA","state":"UTTARAKHAND","district":"NAINITAL","block":"OKHALKANDA","indicator":"girls_toilet_nonfunctional"}},{"type":"Feature","geometry":{"type":"Point","coordinates":[79.033,29.28522]},"properties":{"udise":"05110107903","name":"DOON VELLY PUBLIC SCHOOL","state":"UTTARAKHAND","district":"NAINITAL","block":"RAMNAGAR","indicator":"girls_toilet_nonfunctional"}},{"type":"Feature","geometry":{"type":"Point","coordinates":[79.3955,29.4287]},"properties":{"udise":"05110509001","name":"GPS MEHRORA","state":"UTTARAKHAND","district":"NAINITAL","block":"KOTABAGH","indicator":"girls_toilet_nonfunctional"}},{"type":"Feature","geometry":{"type":"Point","coordinates":[79.7174,29.4518]},"properties":{"udise":"05110706301","name":"GPS JALNANEEL PAHARI","state":"UTTARAKHAND","district":"NAINITAL","block":"DHARI","indicator":"girls_toilet_nonfunctional"}},{"type":"Feature","geometry":{"type":"Point","coordinates":[79.5106,29.4952]},"properties":{"udise":"05110804401","name":"GPS LOHALI 1","state":"UTTARAKHAND","district":"NAINITAL","block":"BETAALGHAT","indicator":"girls_toilet_nonfunctional"}},{"type":"Feature","geometry":{"type":"Point","coordinates":[79.7581,29.2867]},"properties":{"udise":"05110613002","name":"GGUPS ELAIZER","state":"UTTARAKHAND","district":"NAINITAL","block":"OKHALKANDA","indicator":"girls_toilet_nonfunctional"}},{"type":"Feature","geometry":{"type":"Point","coordinates":[78.9445,29.3589]},"properties":{"udise":"05110106803","name":"GPS TUMADIYADAAM 3","state":"UTTARAKHAND","district":"NAINITAL","block":"RAMNAGAR","indicator":"girls_toilet_nonfunctional"}},{"type":"Feature","geometry":{"type":"Point","coordinates":[79.6759,29.5107]},"properties":{"udise":"05110204401","name":"GPS LWESHAL","state":"UTTARAKHAND","district":"NAINITAL","block":"RAMGARH","indicator":"girls_toilet_nonfunctional"}},{"type":"Feature","geometry":{"type":"Point","coordinates":[79.05092,29.36503]},"properties":{"udise":"05110115301","name":"GPS NARAYANPUR KHATTA","state":"UTTARAKHAND","district":"NAINITAL","block":"RAMNAGAR","indicator":"girls_toilet_nonfunctional"}},{"type":"Feature","geometry":{"type":"Point","coordinates":[79.8515,29.3241]},"properties":{"udise":"05110613803","name":"GPS GOTPANGU","state":"UTTARAKHAND","district":"NAINITAL","block":"OKHALKANDA","indicator":"girls_toilet_nonfunctional"}},{"type":"Feature","geometry":{"type":"Point","coordinates":[79.7478,29.4208]},"properties":{"udise":"05110603601","name":"GPS THALI","state":"UTTARAKHAND","district":"NAINITAL","block":"OKHALKANDA","indicator":"girls_toilet_nonfunctional"}},{"type":"Feature","geometry":{"type":"Point","coordinates":[79.0548,29.372]},"properties":{"udise":"05110102501","name":"GUPS BANSEETEELA","state":"UTTARAKHAND","district":"NAINITAL","block":"RAMNAGAR","indicator":"girls_toilet_nonfunctional"}},{"type":"Feature","geometry":{"type":"Point","coordinates":[79.6634,29.4046]},"properties":{"udise":"05110704401","name":"GPS KHUTIAKHAAL","state":"UTTARAKHAND","district":"NAINITAL","block":"DHARI","indicator":"girls_toilet_nonfunctional"}},{"type":"Feature","geometry":{"type":"Point","coordinates":[79.6854,29.4126]},"properties":{"udise":"05110706003","name":"GPS SAUCHALIYA","state":"UTTARAKHAND","district":"NAINITAL","block":"DHARI","indicator":"girls_toilet_nonfunctional"}},{"type":"Feature","geometry":{"type":"Point","coordinates":[79.7739,29.2924]},"properties":{"udise":"05110609001","name":"GPS SAAL","state":"UTTARAKHAND","district":"NAINITAL","block":"OKHALKANDA","indicator":"girls_toilet_nonfunctional"}},{"type":"Feature","geometry":{"type":"Point","coordinates":[79.4418,29.3973]},"properties":{"udise":"05110300204","name":"GPS  JUBLIHAL","state":"UTTARAKHAND","district":"NAINITAL","block":"BHIMTAL","indicator":"girls_toilet_nonfunctional"}},{"type":"Feature","geometry":{"type":"Point","coordinates":[79.8207,29.369]},"properties":{"udise":"05110613403","name":"GPS NALSON","state":"UTTARAKHAND","district":"NAINITAL","block":"OKHALKANDA","indicator":"girls_toilet_nonfunctional"}},{"type":"Feature","geometry":{"type":"Point","coordinates":[79.8334,29.3875]},"properties":{"udise":"05110605201","name":"GPS DALONJ","state":"UTTARAKHAND","district":"NAINITAL","block":"OKHALKANDA","indicator":"girls_toilet_nonfunctional"}},{"type":"Feature","geometry":{"type":"Point","coordinates":[79.0689,29.4096]},"properties":{"udise":"05110106501","name":"GPS KUMUGADAR","state":"UTTARAKHAND","district":"NAINITAL","block":"RAMNAGAR","indicator":"girls_toilet_nonfunctional"}},{"type":"Feature","geometry":{"type":"Point","coordinates":[79.3587,29.5964]},"properties":{"udise":"05110809201","name":"GPS KALAKHET","state":"UTTARAKHAND","district":"NAINITAL","block":"BETAALGHAT","indicator":"girls_toilet_nonfunctional"}},{"type":"Feature","geometry":{"type":"Point","coordinates":[79.833,29.2459]},"properties":{"udise":"05110610001","name":"GPS BHOLAPUR","state":"UTTARAKHAND","district":"NAINITAL","block":"OKHALKANDA","indicator":"girls_toilet_nonfunctional"}},{"type":"Feature","geometry":{"type":"Point","coordinates":[79.2455,29.4678]},"properties":{"udise":"05110101401","name":"GPS BHALOON","state":"UTTARAKHAND","district":"NAINITAL","block":"RAMNAGAR","indicator":"girls_toilet_nonfunctional"}},{"type":"Feature","geometry":{"type":"Point","coordinates":[79.8304,29.4126]},"properties":{"udise":"05110602701","name":"GPS KATNA","state":"UTTARAKHAND","district":"NAINITAL","block":"OKHALKANDA","indicator":"girls_toilet_nonfunctional"}},{"type":"Feature","geometry":{"type":"Point","coordinates":[79.2318,29.2887]},"properties":{"udise":"05110103901","name":"GPS BACHHINAGAR","state":"UTTARAKHAND","district":"NAINITAL","block":"KOTABAGH","indicator":"girls_toilet_nonfunctional"}},{"type":"Feature","geometry":{"type":"Point","coordinates":[79.6092,29.3796]},"properties":{"udise":"05110706901","name":"GUPS GUNIGAON","state":"UTTARAKHAND","district":"NAINITAL","block":"DHARI","indicator":"girls_toilet_nonfunctional"}},{"type":"Feature","geometry":{"type":"Point","coordinates":[79.5337,29.2217]},"properties":{"udise":"05110404256","name":"GIC RAJPURA","state":"UTTARAKHAND","district":"NAINITAL","block":"HALDWANI","indicator":"girls_toilet_nonfunctional"}},{"type":"Feature","geometry":{"type":"Point","coordinates":[79.0343,29.2844]},"properties":{"udise":"05110107902","name":"GUPS PEEPALSANA","state":"UTTARAKHAND","district":"NAINITAL","block":"RAMNAGAR","indicator":"girls_toilet_nonfunctional"}},{"type":"Feature","geometry":{"type":"Point","coordinates":[79.5431,29.5227]},"properties":{"udise":"05110206601","name":"GPS KAFLAAR","state":"UTTARAKHAND","district":"NAINITAL","block":"RAMGARH","indicator":"girls_toilet_nonfunctional"}},{"type":"Feature","geometry":{"type":"Point","coordinates":[79.7717,29.2742]},"properties":{"udise":"05110608903","name":"SSM GARGARI","state":"UTTARAKHAND","district":"NAINITAL","block":"OKHALKANDA","indicator":"girls_toilet_nonfunctional"}},{"type":"Feature","geometry":{"type":"Point","coordinates":[79.3116,29.4419]},"properties":{"udise":"05110506801","name":"GPS DOLA","state":"UTTARAKHAND","district":"NAINITAL","block":"KOTABAGH","indicator":"girls_toilet_nonfunctional"}},{"type":"Feature","geometry":{"type":"Point","coordinates":[79.3776,29.3639]},"properties":{"udise":"05110310001","name":"GPS MANGOLI","state":"UTTARAKHAND","district":"NAINITAL","block":"BHIMTAL","indicator":"girls_toilet_nonfunctional"}},{"type":"Feature","geometry":{"type":"Point","coordinates":[79.2538,29.4406]},"properties":{"udise":"05110101301","name":"GPS DAKSHINI PATKOT","state":"UTTARAKHAND","district":"NAINITAL","block":"RAMNAGAR","indicator":"girls_toilet_nonfunctional"}},{"type":"Feature","geometry":{"type":"Point","coordinates":[79.53006,29.5185]},"properties":{"udise":"05110210601","name":"GPS GAUNA","state":"UTTARAKHAND","district":"NAINITAL","block":"RAMGARH","indicator":"girls_toilet_nonfunctional"}},{"type":"Feature","geometry":{"type":"Point","coordinates":[79.5316,29.2348]},"properties":{"udise":"05110404328","name":"BEERSHIVA S.SEC SCHOOL","state":"UTTARAKHAND","district":"NAINITAL","block":"HALDWANI","indicator":"girls_toilet_nonfunctional"}},{"type":"Feature","geometry":{"type":"Point","coordinates":[79.1258,29.3913]},"properties":{"udise":"05110111208","name":"PT DEVI DUTT DURGA DUTT SANSKRIT VIDHYA PITH RAMNAGAR","state":"UTTARAKHAND","district":"NAINITAL","block":"RAMNAGAR","indicator":"girls_toilet_nonfunctional"}},{"type":"Feature","geometry":{"type":"Point","coordinates":[79.8076,29.375]},"properties":{"udise":"05110601201","name":"GPS SELAKHET","state":"UTTARAKHAND","district":"NAINITAL","block":"OKHALKANDA","indicator":"girls_toilet_nonfunctional"}},{"type":"Feature","geometry":{"type":"Point","coordinates":[79.6362,29.3027]},"properties":{"udise":"05110300502","name":"GUPS DEVSTHAL","state":"UTTARAKHAND","district":"NAINITAL","block":"BHIMTAL","indicator":"girls_toilet_nonfunctional"}},{"type":"Feature","geometry":{"type":"Point","coordinates":[79.8138,29.4344]},"properties":{"udise":"05110602501","name":"GPS BERCHULA","state":"UTTARAKHAND","district":"NAINITAL","block":"OKHALKANDA","indicator":"girls_toilet_nonfunctional"}},{"type":"Feature","geometry":{"type":"Point","coordinates":[79.0069,29.3788]},"properties":{"udise":"05110101802","name":"GPS KARGIL PATRANI","state":"UTTARAKHAND","district":"NAINITAL","block":"RAMNAGAR","indicator":"girls_toilet_nonfunctional"}},{"type":"Feature","geometry":{"type":"Point","coordinates":[79.7928,29.3764]},"properties":{"udise":"05110600801","name":"GPS BHONARA TALLA","state":"UTTARAKHAND","district":"NAINITAL","block":"OKHALKANDA","indicator":"girls_toilet_nonfunctional"}},{"type":"Feature","geometry":{"type":"Point","coordinates":[79.6883,29.3023]},"properties":{"udise":"05110707701","name":"GPS KIMTARDHURA","state":"UTTARAKHAND","district":"NAINITAL","block":"DHARI","indicator":"girls_toilet_nonfunctional"}},{"type":"Feature","geometry":{"type":"Point","coordinates":[79.2936,29.2656]},"properties":{"udise":"05110500401","name":"GPS UDAYPURI BHEEMPURI","state":"UTTARAKHAND","district":"NAINITAL","block":"KOTABAGH","indicator":"girls_toilet_nonfunctional"}},{"type":"Feature","geometry":{"type":"Point","coordinates":[79.7143,29.3002]},"properties":{"udise":"05110605801","name":"GPS REEKHA KOT","state":"UTTARAKHAND","district":"NAINITAL","block":"OKHALKANDA","indicator":"girls_toilet_nonfunctional"}},{"type":"Feature","geometry":{"type":"Point","coordinates":[79.8011,29.406]},"properties":{"udise":"05110601001","name":"GPS MATIYAAL","state":"UTTARAKHAND","district":"NAINITAL","block":"OKHALKANDA","indicator":"girls_toilet_nonfunctional"}},{"type":"Feature","geometry":{"type":"Point","coordinates":[79.9021,29.2401]},"properties":{"udise":"05110607001","name":"GPS AMJAR MALLA","state":"UTTARAKHAND","district":"NAINITAL","block":"OKHALKANDA","indicator":"girls_toilet_nonfunctional"}},{"type":"Feature","geometry":{"type":"Point","coordinates":[79.8376,29.3379]},"properties":{"udise":"05110613601","name":"GPS BAJWAAL GAUN","state":"UTTARAKHAND","district":"NAINITAL","block":"OKHALKANDA","indicator":"girls_toilet_nonfunctional"}},{"type":"Feature","geometry":{"type":"Point","coordinates":[79.5966,29.4589]},"properties":{"udise":"05110200301","name":"GPS GALLA","state":"UTTARAKHAND","district":"NAINITAL","block":"RAMGARH","indicator":"girls_toilet_nonfunctional"}},{"type":"Feature","geometry":{"type":"Point","coordinates":[79.5818,29.5403]},"properties":{"udise":"05110210202","name":"GPS SIRSA TALLA","state":"UTTARAKHAND","district":"NAINITAL","block":"RAMGARH","indicator":"girls_toilet_nonfunctional"}},{"type":"Feature","geometry":{"type":"Point","coordinates":[79.1843,29.3158]},"properties":{"udise":"05110104701","name":"GPS MOHANPUR ROUTELA","state":"UTTARAKHAND","district":"NAINITAL","block":"KOTABAGH","indicator":"girls_toilet_nonfunctional"}},{"type":"Feature","geometry":{"type":"Point","coordinates":[79.7927,29.2854]},"properties":{"udise":"05110609401","name":"GPS MATELA","state":"UTTARAKHAND","district":"NAINITAL","block":"OKHALKANDA","indicator":"girls_toilet_nonfunctional"}},{"type":"Feature","geometry":{"type":"Point","coordinates":[79.6713,29.4031]},"properties":{"udise":"05110701301","name":"GPS RATA","state":"UTTARAKHAND","district":"NAINITAL","block":"DHARI","indicator":"girls_toilet_nonfunctional"}},{"type":"Feature","geometry":{"type":"Point","coordinates":[79.7524,29.3891]},"properties":{"udise":"05110604601","name":"GPS SIRSA","state":"UTTARAKHAND","district":"NAINITAL","block":"OKHALKANDA","indicator":"girls_toilet_nonfunctional"}},{"type":"Feature","geometry":{"type":"Point","coordinates":[79.2896,29.2842]},"properties":{"udise":"05110501501","name":"GPS KAMOLA","state":"UTTARAKHAND","district":"NAINITAL","block":"KOTABAGH","indicator":"girls_toilet_nonfunctional"}},{"type":"Feature","geometry":{"type":"Point","coordinates":[79.4473,29.3021]},"properties":{"udise":"05110310601","name":"GPS NAISELA","state":"UTTARAKHAND","district":"NAINITAL","block":"BHIMTAL","indicator":"girls_toilet_nonfunctional"}},{"type":"Feature","geometry":{"type":"Point","coordinates":[79.7421,29.3835]},"properties":{"udise":"05110603003","name":"SHISHU MANDIR NAI","state":"UTTARAKHAND","district":"NAINITAL","block":"OKHALKANDA","indicator":"girls_toilet_nonfunctional"}},{"type":"Feature","geometry":{"type":"Point","coordinates":[79.5431,29.5227]},"properties":{"udise":"05110208601","name":"GPS CHIYORI","state":"UTTARAKHAND","district":"NAINITAL","block":"RAMGARH","indicator":"girls_toilet_nonfunctional"}},{"type":"Feature","geometry":{"type":"Point","coordinates":[79.9025,29.2183]},"properties":{"udise":"05110607202","name":"GUPS SALAKWAR","state":"UTTARAKHAND","district":"NAINITAL","block":"OKHALKANDA","indicator":"girls_toilet_nonfunctional"}},{"type":"Feature","geometry":{"type":"Point","coordinates":[79.793,29.4045]},"properties":{"udise":"05110603402","name":"GUPS PATALIYA","state":"UTTARAKHAND","district":"NAINITAL","block":"OKHALKANDA","indicator":"girls_toilet_nonfunctional"}},{"type":"Feature","geometry":{"type":"Point","coordinates":[79.6355,29.405]},"properties":{"udise":"05110702601","name":"GPS BURASI","state":"UTTARAKHAND","district":"NAINITAL","block":"DHARI","indicator":"girls_toilet_nonfunctional"}},{"type":"Feature","geometry":{"type":"Point","coordinates":[79.6831,29.3331]},"properties":{"udise":"05110605602","name":"GUPS NAGONIYA POKHARI","state":"UTTARAKHAND","district":"NAINITAL","block":"DHARI","indicator":"girls_toilet_nonfunctional"}},{"type":"Feature","geometry":{"type":"Point","coordinates":[79.8263,29.2413]},"properties":{"udise":"05110615201","name":"GPS PANKHAL","state":"UTTARAKHAND","district":"NAINITAL","block":"OKHALKANDA","indicator":"girls_toilet_nonfunctional"}},{"type":"Feature","geometry":{"type":"Point","coordinates":[79.6106,29.2816]},"properties":{"udise":"05110308401","name":"GPS BHORSA","state":"UTTARAKHAND","district":"NAINITAL","block":"BHIMTAL","indicator":"girls_toilet_nonfunctional"}},{"type":"Feature","geometry":{"type":"Point","coordinates":[79.4614,29.3876]},"properties":{"udise":"05110300231","name":"NURSERY PS NAINITAL","state":"UTTARAKHAND","district":"NAINITAL","block":"BHIMTAL","indicator":"girls_toilet_nonfunctional"}},{"type":"Feature","geometry":{"type":"Point","coordinates":[79.827,29.3518]},"properties":{"udise":"05110614001","name":"GPS KAFALI","state":"UTTARAKHAND","district":"NAINITAL","block":"OKHALKANDA","indicator":"girls_toilet_nonfunctional"}},{"type":"Feature","geometry":{"type":"Point","coordinates":[79.5851,29.1724]},"properties":{"udise":"05110410201","name":"GPS LACHAMPUR","state":"UTTARAKHAND","district":"NAINITAL","block":"HALDWANI","indicator":"girls_toilet_nonfunctional"}},{"type":"Feature","geometry":{"type":"Point","coordinates":[78.9549,29.8111]},"properties":{"udise":"05061110603","name":"JANTA JUNIOR HIGH SCHOOL GHODPALAMALLA","state":"UTTARAKHAND","district":"PAURI","block":"BIRONKHAL","indicator":"no_girls_toilet"}},{"type":"Feature","geometry":{"type":"Point","coordinates":[78.9946,29.8151]},"properties":{"udise":"05061111601","name":"GOVT. PS SAULAD","state":"UTTARAKHAND","district":"PAURI","block":"BIRONKHAL","indicator":"no_girls_toilet"}},{"type":"Feature","geometry":{"type":"Point","coordinates":[79.0809,30.0952]},"properties":{"udise":"05061407301","name":"GOVT PS RIKHOLI","state":"UTTARAKHAND","district":"PAURI","block":"THALISAIN","indicator":"no_girls_toilet"}},{"type":"Feature","geometry":{"type":"Point","coordinates":[79.0537,29.9263]},"properties":{"udise":"05061104701","name":"GOVT. PS KANERA","state":"UTTARAKHAND","district":"PAURI","block":"BIRONKHAL","indicator":"no_girls_toilet"}},{"type":"Feature","geometry":{"type":"Point","coordinates":[78.9769,29.8101]},"properties":{"udise":"05061111102","name":"GOVT. PS BADADANDA","state":"UTTARAKHAND","district":"PAURI","block":"BIRONKHAL","indicator":"no_girls_toilet"}},{"type":"Feature","geometry":{"type":"Point","coordinates":[78.5865,29.8185]},"properties":{"udise":"05060805101","name":"GOVT. PS JUWA","state":"UTTARAKHAND","district":"PAURI","block":"DUGADDA","indicator":"no_girls_toilet"}},{"type":"Feature","geometry":{"type":"Point","coordinates":[78.9854,29.8166]},"properties":{"udise":"05061111401","name":"GOVT. PS CHAINPUR","state":"UTTARAKHAND","district":"PAURI","block":"BIRONKHAL","indicator":"no_girls_toilet"}},{"type":"Feature","geometry":{"type":"Point","coordinates":[78.8774,29.7346]},"properties":{"udise":"05061007401","name":"GOVT PS MALANGAON","state":"UTTARAKHAND","district":"PAURI","block":"RIKHANIKHAL","indicator":"no_girls_toilet"}},{"type":"Feature","geometry":{"type":"Point","coordinates":[78.7869,30.2137]},"properties":{"udise":"05060206101","name":"GOVT PS KHOLA","state":"UTTARAKHAND","district":"PAURI","block":"KHIRSU","indicator":"no_girls_toilet"}},{"type":"Feature","geometry":{"type":"Point","coordinates":[78.5028,30.0154]},"properties":{"udise":"05060901102","name":"GOVT. PS AAMSAIN","state":"UTTARAKHAND","district":"PAURI","block":"YAMKESHWAR","indicator":"no_girls_toilet"}},{"type":"Feature","geometry":{"type":"Point","coordinates":[78.5411,30.0004]},"properties":{"udise":"05061515101","name":"GOVT.PS CHATINDA BADIYUN","state":"UTTARAKHAND","district":"PAURI","block":"DWARIKAHL","indicator":"no_girls_toilet"}},{"type":"Feature","geometry":{"type":"Point","coordinates":[78.9416,29.974]},"properties":{"udise":"05060707701","name":"GOVT. UPS DWEELAKHAL","state":"UTTARAKHAND","district":"PAURI","block":"POKHRA","indicator":"no_girls_toilet"}},{"type":"Feature","geometry":{"type":"Point","coordinates":[78.6781,30.1843]},"properties":{"udise":"05060401406","name":"GOVT PS JAMLAKHAL","state":"UTTARAKHAND","district":"PAURI","block":"KOT","indicator":"no_girls_toilet"}},{"type":"Feature","geometry":{"type":"Point","coordinates":[79.0816,29.6542]},"properties":{"udise":"05061311404","name":"ASV SALDMAHADEV","state":"UTTARAKHAND","district":"PAURI","block":"NAINIDANDA","indicator":"no_girls_toilet"}},{"type":"Feature","geometry":{"type":"Point","coordinates":[78.8733,29.9075]},"properties":{"udise":"05060703502","name":"GOVT. PS BORGAON","state":"UTTARAKHAND","district":"PAURI","block":"POKHRA","indicator":"no_girls_toilet"}},{"type":"Feature","geometry":{"type":"Point","coordinates":[78.6274,30.002]},"properties":{"udise":"05061511901","name":"GOVT.PS THANGAR","state":"UTTARAKHAND","district":"PAURI","block":"DWARIKAHL","indicator":"no_girls_toilet"}},{"type":"Feature","geometry":{"type":"Point","coordinates":[79.0223,29.7128]},"properties":{"udise":"05061304901","name":"GOVT. PS DAULIYAKHAL","state":"UTTARAKHAND","district":"PAURI","block":"NAINIDANDA","indicator":"no_girls_toilet"}},{"type":"Feature","geometry":{"type":"Point","coordinates":[78.8138,29.722]},"properties":{"udise":"05061000101","name":"GOVT PS AMDANDA","state":"UTTARAKHAND","district":"PAURI","block":"RIKHANIKHAL","indicator":"no_girls_toilet"}},{"type":"Feature","geometry":{"type":"Point","coordinates":[78.7916,30.2238]},"properties":{"udise":"05060202110","name":"GOVT. INTER COLLEGE SRINAGAR","state":"UTTARAKHAND","district":"PAURI","block":"KHIRSU","indicator":"no_girls_toilet"}},{"type":"Feature","geometry":{"type":"Point","coordinates":[78.772,29.9577]},"properties":{"udise":"05060607301","name":"GOVT PS DOBAL","state":"UTTARAKHAND","district":"PAURI","block":"EKESHWAR","indicator":"no_girls_toilet"}},{"type":"Feature","geometry":{"type":"Point","coordinates":[79.0511,30.0981]},"properties":{"udise":"05061400701","name":"GOVT PS SUNARGAON","state":"UTTARAKHAND","district":"PAURI","block":"THALISAIN","indicator":"no_girls_toilet"}},{"type":"Feature","geometry":{"type":"Point","coordinates":[78.6368,30.1191]},"properties":{"udise":"05060404701","name":"GOVT PS THANGALIDHAR","state":"UTTARAKHAND","district":"PAURI","block":"KOT","indicator":"no_girls_toilet"}},{"type":"Feature","geometry":{"type":"Point","coordinates":[78.6889,30.1673]},"properties":{"udise":"05060402001","name":"GOVT PS VEERKHAL","state":"UTTARAKHAND","district":"PAURI","block":"KOT","indicator":"no_girls_toilet"}},{"type":"Feature","geometry":{"type":"Point","coordinates":[78.7413,29.7551]},"properties":{"udise":"05061203701","name":"GOVT PS SIDHPUR","state":"UTTARAKHAND","district":"PAURI","block":"JAIHARIKHAL","indicator":"no_girls_toilet"}},{"type":"Feature","geometry":{"type":"Point","coordinates":[78.5768,29.9094]},"properties":{"udise":"05061500301","name":"GOVT. UPS HILOGI","state":"UTTARAKHAND","district":"PAURI","block":"DWARIKAHL","indicator":"no_girls_toilet"}},{"type":"Feature","geometry":{"type":"Point","coordinates":[78.796,29.715]},"properties":{"udise":"05061000501","name":"GOVT PS DABRU","state":"UTTARAKHAND","district":"PAURI","block":"RIKHANIKHAL","indicator":"no_girls_toilet"}},{"type":"Feature","geometry":{"type":"Point","coordinates":[78.6469,29.7935]},"properties":{"udise":"05061204201","name":"GOVT PS GAULIKHET","state":"UTTARAKHAND","district":"PAURI","block":"JAIHARIKHAL","indicator":"no_girls_toilet"}},{"type":"Feature","geometry":{"type":"Point","coordinates":[78.8152,29.962]},"properties":{"udise":"05060600901","name":"Govt PS JAINTOLI MALLI","state":"UTTARAKHAND","district":"PAURI","block":"EKESHWAR","indicator":"no_girls_toilet"}},{"type":"Feature","geometry":{"type":"Point","coordinates":[78.5835,29.9676]},"properties":{"udise":"05061512301","name":"GOVT.PS SEELA","state":"UTTARAKHAND","district":"PAURI","block":"DWARIKAHL","indicator":"no_girls_toilet"}},{"type":"Feature","geometry":{"type":"Point","coordinates":[79.169,29.9141]},"properties":{"udise":"05061401801","name":"GOVT PS LINGUDIYA","state":"UTTARAKHAND","district":"PAURI","block":"THALISAIN","indicator":"no_girls_toilet"}},{"type":"Feature","geometry":{"type":"Point","coordinates":[78.5646,29.9078]},"properties":{"udise":"05061500202","name":"GOVT. PS PAVEKH","state":"UTTARAKHAND","district":"PAURI","block":"DWARIKAHL","indicator":"no_girls_toilet"}},{"type":"Feature","geometry":{"type":"Point","coordinates":[78.906,29.8684]},"properties":{"udise":"05060702301","name":"GOVT. PS MAYALGAON","state":"UTTARAKHAND","district":"PAURI","block":"POKHRA","indicator":"no_girls_toilet"}},{"type":"Feature","geometry":{"type":"Point","coordinates":[78.8312,30.2337]},"properties":{"udise":"05060202001","name":"GOVT PS SWEET","state":"UTTARAKHAND","district":"PAURI","block":"KHIRSU","indicator":"no_girls_toilet"}},{"type":"Feature","geometry":{"type":"Point","coordinates":[78.7061,29.8081]},"properties":{"udise":"05061202102","name":"GOVT GUPS GUNIYAL","state":"UTTARAKHAND","district":"PAURI","block":"JAIHARIKHAL","indicator":"no_girls_toilet"}},{"type":"Feature","geometry":{"type":"Point","coordinates":[78.5196,29.908]},"properties":{"udise":"05061508201","name":"GOVT.PS CHAMSYUN","state":"UTTARAKHAND","district":"PAURI","block":"DWARIKAHL","indicator":"no_girls_toilet"}},{"type":"Feature","geometry":{"type":"Point","coordinates":[78.6939,30.1288]},"properties":{"udise":"05060404501","name":"GOVT PS TONKHYA","state":"UTTARAKHAND","district":"PAURI","block":"KOT","indicator":"no_girls_toilet"}},{"type":"Feature","geometry":{"type":"Point","coordinates":[79.1701,30.008]},"properties":{"udise":"05061412601","name":"GOVT PS DAIDA","state":"UTTARAKHAND","district":"PAURI","block":"THALISAIN","indicator":"no_girls_toilet"}},{"type":"Feature","geometry":{"type":"Point","coordinates":[78.5875,29.9244]},"properties":{"udise":"05061501401","name":"GOVT.PS SIMALYA","state":"UTTARAKHAND","district":"PAURI","block":"DWARIKAHL","indicator":"no_girls_toilet"}},{"type":"Feature","geometry":{"type":"Point","coordinates":[78.67278,29.90325]},"properties":{"udise":"05061502801","name":"GOVT.PS KOTALMANDA","state":"UTTARAKHAND","district":"PAURI","block":"DWARIKAHL","indicator":"no_girls_toilet"}},{"type":"Feature","geometry":{"type":"Point","coordinates":[79.0008,29.6743]},"properties":{"udise":"05061308001","name":"GOVT.  INTER COLLEGE CHAMADA","state":"UTTARAKHAND","district":"PAURI","block":"NAINIDANDA","indicator":"no_girls_toilet"}},{"type":"Feature","geometry":{"type":"Point","coordinates":[78.6889,29.9402]},"properties":{"udise":"05061503201","name":"GOVT.PS CHAMOLIGAON","state":"UTTARAKHAND","district":"PAURI","block":"DWARIKAHL","indicator":"no_girls_toilet"}},{"type":"Feature","geometry":{"type":"Point","coordinates":[79.0128,30.1177]},"properties":{"udise":"05061409001","name":"S.G.P.P.School  CHAKISAIN","state":"UTTARAKHAND","district":"PAURI","block":"THALISAIN","indicator":"no_girls_toilet"}},{"type":"Feature","geometry":{"type":"Point","coordinates":[78.9692,30.096]},"properties":{"udise":"05060302102","name":"GOVT PS FALDWARI","state":"UTTARAKHAND","district":"PAURI","block":"PABAU","indicator":"no_girls_toilet"}},{"type":"Feature","geometry":{"type":"Point","coordinates":[78.8844,29.7028]},"properties":{"udise":"05061007801","name":"GOVT PS RAJBOW","state":"UTTARAKHAND","district":"PAURI","block":"RIKHANIKHAL","indicator":"no_girls_toilet"}},{"type":"Feature","geometry":{"type":"Point","coordinates":[78.8556,30.0335]},"properties":{"udise":"05060603301","name":"Govt PS PUSOLI","state":"UTTARAKHAND","district":"PAURI","block":"EKESHWAR","indicator":"no_girls_toilet"}},{"type":"Feature","geometry":{"type":"Point","coordinates":[78.6389,29.8931]},"properties":{"udise":"05061510401","name":"GOVT.PS NAUSEEN","state":"UTTARAKHAND","district":"PAURI","block":"DWARIKAHL","indicator":"no_girls_toilet"}},{"type":"Feature","geometry":{"type":"Point","coordinates":[78.6593,29.7791]},"properties":{"udise":"05061205101","name":"GOVT PS GAJWAD","state":"UTTARAKHAND","district":"PAURI","block":"JAIHARIKHAL","indicator":"no_girls_toilet"}},{"type":"Feature","geometry":{"type":"Point","coordinates":[79.1581,29.9292]},"properties":{"udise":"05061414102","name":"GOVT PS DANG","state":"UTTARAKHAND","district":"PAURI","block":"THALISAIN","indicator":"no_girls_toilet"}},{"type":"Feature","geometry":{"type":"Point","coordinates":[78.7406,30.2002]},"properties":{"udise":"05060107501","name":"PS SACHKILO","state":"UTTARAKHAND","district":"PAURI","block":"PAURI","indicator":"no_girls_toilet"}},{"type":"Feature","geometry":{"type":"Point","coordinates":[79.0094,29.9063]},"properties":{"udise":"05061100401","name":"GOVT. PS BURANSIKHAL","state":"UTTARAKHAND","district":"PAURI","block":"BIRONKHAL","indicator":"no_girls_toilet"}},{"type":"Feature","geometry":{"type":"Point","coordinates":[78.8604,30.2224]},"properties":{"udise":"05060202401","name":"GOVT.PS CHOUKHAL","state":"UTTARAKHAND","district":"PAURI","block":"KHIRSU","indicator":"no_girls_toilet"}},{"type":"Feature","geometry":{"type":"Point","coordinates":[79.0151,29.9581]},"properties":{"udise":"05061101701","name":"GOVT. PS VIRGAN","state":"UTTARAKHAND","district":"PAURI","block":"BIRONKHAL","indicator":"no_girls_toilet"}},{"type":"Feature","geometry":{"type":"Point","coordinates":[78.8149,29.9194]},"properties":{"udise":"05060611801","name":"GOVT PS BAILODI","state":"UTTARAKHAND","district":"PAURI","block":"EKESHWAR","indicator":"no_girls_toilet"}},{"type":"Feature","geometry":{"type":"Point","coordinates":[78.85117,29.956]},"properties":{"udise":"05060605702","name":"GOVT UPS SYOLI","state":"UTTARAKHAND","district":"PAURI","block":"EKESHWAR","indicator":"no_girls_toilet"}},{"type":"Feature","geometry":{"type":"Point","coordinates":[78.5997,30.1432]},"properties":{"udise":"05060407503","name":"RAGHUNATH KIRTI ADARSH SANSKRIT MAHAVIDHYALAY DEVPRAYAG","state":"UTTARAKHAND","district":"PAURI","block":"KOT","indicator":"no_girls_toilet"}},{"type":"Feature","geometry":{"type":"Point","coordinates":[79.0543,30.1211]},"properties":{"udise":"05061401302","name":"GOVT PS ANTAKHOLI","state":"UTTARAKHAND","district":"PAURI","block":"THALISAIN","indicator":"no_girls_toilet"}},{"type":"Feature","geometry":{"type":"Point","coordinates":[78.9508,30.1365]},"properties":{"udise":"05060305001","name":"GOVT PS DUNGRIKHAL","state":"UTTARAKHAND","district":"PAURI","block":"PABAU","indicator":"no_girls_toilet"}},{"type":"Feature","geometry":{"type":"Point","coordinates":[79.0071,29.9672]},"properties":{"udise":"05061101301","name":"GOVT. PS NANSYUN","state":"UTTARAKHAND","district":"PAURI","block":"BIRONKHAL","indicator":"no_girls_toilet"}},{"type":"Feature","geometry":{"type":"Point","coordinates":[78.42844,29.92508]},"properties":{"udise":"05060906802","name":"GOVT. PS DAYAKATAL","state":"UTTARAKHAND","district":"PAURI","block":"YAMKESHWAR","indicator":"no_girls_toilet"}},{"type":"Feature","geometry":{"type":"Point","coordinates":[78.8223,29.9435]},"properties":{"udise":"05060605901","name":"GOVT PS GURAD MALLA","state":"UTTARAKHAND","district":"PAURI","block":"EKESHWAR","indicator":"no_girls_toilet"}},{"type":"Feature","geometry":{"type":"Point","coordinates":[78.8517,30.2118]},"properties":{"udise":"05060202202","name":"GOVT PS BUGANI","state":"UTTARAKHAND","district":"PAURI","block":"KHIRSU","indicator":"no_girls_toilet"}},{"type":"Feature","geometry":{"type":"Point","coordinates":[78.8834,29.9106]},"properties":{"udise":"05060709001","name":"GOVT. PS MAYALGAON","state":"UTTARAKHAND","district":"PAURI","block":"POKHRA","indicator":"no_girls_toilet"}},{"type":"Feature","geometry":{"type":"Point","coordinates":[78.8266,29.7227]},"properties":{"udise":"05061001101","name":"GOVT PS BAGEDA","state":"UTTARAKHAND","district":"PAURI","block":"RIKHANIKHAL","indicator":"no_girls_toilet"}},{"type":"Feature","geometry":{"type":"Point","coordinates":[78.438,29.9917]},"properties":{"udise":"05060907601","name":"GOVT. PATA","state":"UTTARAKHAND","district":"PAURI","block":"YAMKESHWAR","indicator":"no_girls_toilet"}},{"type":"Feature","geometry":{"type":"Point","coordinates":[78.8351,29.9361]},"properties":{"udise":"05060606001","name":"Govt PS NANDAKHAL","state":"UTTARAKHAND","district":"PAURI","block":"EKESHWAR","indicator":"no_girls_toilet"}},{"type":"Feature","geometry":{"type":"Point","coordinates":[78.7978,29.8199]},"properties":{"udise":"05061009301","name":"GOVT PS ANGNI","state":"UTTARAKHAND","district":"PAURI","block":"RIKHANIKHAL","indicator":"no_girls_toilet"}},{"type":"Feature","geometry":{"type":"Point","coordinates":[78.8088,29.668]},"properties":{"udise":"05061000401","name":"GOVT PS KANDLAI","state":"UTTARAKHAND","district":"PAURI","block":"RIKHANIKHAL","indicator":"no_girls_toilet"}},{"type":"Feature","geometry":{"type":"Point","coordinates":[78.9682,29.8448]},"properties":{"udise":"05061106601","name":"GOVT. PS LAIGAL","state":"UTTARAKHAND","district":"PAURI","block":"BIRONKHAL","indicator":"no_girls_toilet"}},{"type":"Feature","geometry":{"type":"Point","coordinates":[79.0634,30.1284]},"properties":{"udise":"05061400801","name":"GOVT PS MANJHOLI","state":"UTTARAKHAND","district":"PAURI","block":"THALISAIN","indicator":"no_girls_toilet"}},{"type":"Feature","geometry":{"type":"Point","coordinates":[79.11475,30.03986]},"properties":{"udise":"05061402702","name":"GOVT UPS MARODA","state":"UTTARAKHAND","district":"PAURI","block":"THALISAIN","indicator":"no_girls_toilet"}},{"type":"Feature","geometry":{"type":"Point","coordinates":[78.79278,30.01353]},"properties":{"udise":"05060506702","name":"GOVT. UPS NANSU","state":"UTTARAKHAND","district":"PAURI","block":"KALJIKHAL","indicator":"no_girls_toilet"}},{"type":"Feature","geometry":{"type":"Point","coordinates":[78.9828,30.1153]},"properties":{"udise":"05061410401","name":"GOVT PS AKSODA","state":"UTTARAKHAND","district":"PAURI","block":"THALISAIN","indicator":"no_girls_toilet"}},{"type":"Feature","geometry":{"type":"Point","coordinates":[78.8726,29.7877]},"properties":{"udise":"05061001901","name":"GOVT PS SIRWANA","state":"UTTARAKHAND","district":"PAURI","block":"RIKHANIKHAL","indicator":"no_girls_toilet"}},{"type":"Feature","geometry":{"type":"Point","coordinates":[78.6347,29.8386]},"properties":{"udise":"05060805801","name":"GOVT PS JUGARSAIN","state":"UTTARAKHAND","district":"PAURI","block":"DUGADDA","indicator":"no_girls_toilet"}},{"type":"Feature","geometry":{"type":"Point","coordinates":[78.71119,30.21078]},"properties":{"udise":"05060405604","name":"SSM DAILCHOURI","state":"UTTARAKHAND","district":"PAURI","block":"KOT","indicator":"no_girls_toilet"}},{"type":"Feature","geometry":{"type":"Point","coordinates":[78.9389,30.1426]},"properties":{"udise":"05061409702","name":"GOVT UPS KHALUNDHAR","state":"UTTARAKHAND","district":"PAURI","block":"KHIRSU","indicator":"no_girls_toilet"}},{"type":"Feature","geometry":{"type":"Point","coordinates":[78.8821,29.9484]},"properties":{"udise":"05060704902","name":"GOVT. PS CHAMNAUN","state":"UTTARAKHAND","district":"PAURI","block":"POKHRA","indicator":"no_girls_toilet"}},{"type":"Feature","geometry":{"type":"Point","coordinates":[78.9554,29.8489]},"properties":{"udise":"05061102401","name":"JANTA INTER COLLEGE PALI KHATLI","state":"UTTARAKHAND","district":"PAURI","block":"BIRONKHAL","indicator":"no_girls_toilet"}},{"type":"Feature","geometry":{"type":"Point","coordinates":[79.1551,29.9879]},"properties":{"udise":"05061412201","name":"GOVT PS SUNDARGAON","state":"UTTARAKHAND","district":"PAURI","block":"THALISAIN","indicator":"no_girls_toilet"}},{"type":"Feature","geometry":{"type":"Point","coordinates":[78.959,30.1392]},"properties":{"udise":"05060305301","name":"GOVT PS ODLINANDA","state":"UTTARAKHAND","district":"PAURI","block":"PABAU","indicator":"no_girls_toilet"}},{"type":"Feature","geometry":{"type":"Point","coordinates":[78.8029,30.0093]},"properties":{"udise":"05060506901","name":"GOVT. PS ANETH","state":"UTTARAKHAND","district":"PAURI","block":"KALJIKHAL","indicator":"no_girls_toilet"}},{"type":"Feature","geometry":{"type":"Point","coordinates":[78.7802,29.9806]},"properties":{"udise":"05060600602","name":"BB PATISAIN","state":"UTTARAKHAND","district":"PAURI","block":"EKESHWAR","indicator":"no_girls_toilet"}},{"type":"Feature","geometry":{"type":"Point","coordinates":[78.8524,30.0137]},"properties":{"udise":"05060606901","name":"GOVT PS PANCHUR","state":"UTTARAKHAND","district":"PAURI","block":"EKESHWAR","indicator":"no_girls_toilet"}},{"type":"Feature","geometry":{"type":"Point","coordinates":[78.6255,30.1431]},"properties":{"udise":"05060406803","name":"UPS KOTHI","state":"UTTARAKHAND","district":"PAURI","block":"KOT","indicator":"no_girls_toilet"}},{"type":"Feature","geometry":{"type":"Point","coordinates":[79.1536,29.9824]},"properties":{"udise":"05061413502","name":"GOVT PS CHOUNDA","state":"UTTARAKHAND","district":"PAURI","block":"THALISAIN","indicator":"no_girls_toilet"}},{"type":"Feature","geometry":{"type":"Point","coordinates":[79.0383,30.0147]},"properties":{"udise":"05061405401","name":"GOVT PS BALSEM","state":"UTTARAKHAND","district":"PAURI","block":"THALISAIN","indicator":"no_girls_toilet"}},{"type":"Feature","geometry":{"type":"Point","coordinates":[78.7524,29.9635]},"properties":{"udise":"05060511401","name":"GOVT. PS SURALGAON","state":"UTTARAKHAND","district":"PAURI","block":"KALJIKHAL","indicator":"no_girls_toilet"}},{"type":"Feature","geometry":{"type":"Point","coordinates":[78.8464,29.8017]},"properties":{"udise":"05061004802","name":"GOVT UPS PALIGAON","state":"UTTARAKHAND","district":"PAURI","block":"RIKHANIKHAL","indicator":"no_girls_toilet"}},{"type":"Feature","geometry":{"type":"Point","coordinates":[78.3559,30.0811]},"properties":{"udise":"05060910101","name":"GOVT. PS JUDDA","state":"UTTARAKHAND","district":"PAURI","block":"YAMKESHWAR","indicator":"no_girls_toilet"}},{"type":"Feature","geometry":{"type":"Point","coordinates":[79.0024,29.9055]},"properties":{"udise":"05061113601","name":"GOVT. PS THANGA","state":"UTTARAKHAND","district":"PAURI","block":"BIRONKHAL","indicator":"no_girls_toilet"}},{"type":"Feature","geometry":{"type":"Point","coordinates":[79.0194,29.8468]},"properties":{"udise":"05061112601","name":"SSM BIRONKHAL","state":"UTTARAKHAND","district":"PAURI","block":"BIRONKHAL","indicator":"no_girls_toilet"}},{"type":"Feature","geometry":{"type":"Point","coordinates":[78.5242,29.8323]},"properties":{"udise":"05060801801","name":"GOVT. PS MUNDLA","state":"UTTARAKHAND","district":"PAURI","block":"DUGADDA","indicator":"no_girls_toilet"}},{"type":"Feature","geometry":{"type":"Point","coordinates":[78.794,30.0111]},"properties":{"udise":"05060506801","name":"GOVT. PS PALLI","state":"UTTARAKHAND","district":"PAURI","block":"KALJIKHAL","indicator":"no_girls_toilet"}},{"type":"Feature","geometry":{"type":"Point","coordinates":[78.7758,29.9994]},"properties":{"udise":"05060509801","name":"GVT. PS BALOD","state":"UTTARAKHAND","district":"PAURI","block":"KALJIKHAL","indicator":"no_girls_toilet"}},{"type":"Feature","geometry":{"type":"Point","coordinates":[78.7585,29.9413]},"properties":{"udise":"05060607701","name":"GOVT PS PAINCHARI","state":"UTTARAKHAND","district":"PAURI","block":"EKESHWAR","indicator":"no_girls_toilet"}},{"type":"Feature","geometry":{"type":"Point","coordinates":[78.4677,29.7657]},"properties":{"udise":"05060810201","name":"GOVT PS GHAMANDPUR","state":"UTTARAKHAND","district":"PAURI","block":"DUGADDA","indicator":"no_girls_toilet"}},{"type":"Feature","geometry":{"type":"Point","coordinates":[78.5163,29.8564]},"properties":{"udise":"05060803101","name":"GOVT PS SAUNTIYALDHAR","state":"UTTARAKHAND","district":"PAURI","block":"DUGADDA","indicator":"no_girls_toilet"}},{"type":"Feature","geometry":{"type":"Point","coordinates":[78.7842,30.0686]},"properties":{"udise":"05060105004","name":"UPS PAIDUL","state":"UTTARAKHAND","district":"PAURI","block":"PAURI","indicator":"no_girls_toilet"}},{"type":"Feature","geometry":{"type":"Point","coordinates":[79.0106,29.6908]},"properties":{"udise":"05061308101","name":"GOVT. PS SYALKHAMKHAL","state":"UTTARAKHAND","district":"PAURI","block":"NAINIDANDA","indicator":"no_girls_toilet"}},{"type":"Feature","geometry":{"type":"Point","coordinates":[78.8983,29.7327]},"properties":{"udise":"05061007201","name":"GOVT PS CHADIYANI PURVEE","state":"UTTARAKHAND","district":"PAURI","block":"RIKHANIKHAL","indicator":"no_girls_toilet"}},{"type":"Feature","geometry":{"type":"Point","coordinates":[78.8659,29.7364]},"properties":{"udise":"05061006601","name":"GOVT PS CHODU DANDA","state":"UTTARAKHAND","district":"PAURI","block":"RIKHANIKHAL","indicator":"no_girls_toilet"}},{"type":"Feature","geometry":{"type":"Point","coordinates":[78.9024,29.8443]},"properties":{"udise":"05060701702","name":"GOVT. PS KOLAKHAL","state":"UTTARAKHAND","district":"PAURI","block":"POKHRA","indicator":"no_girls_toilet"}},{"type":"Feature","geometry":{"type":"Point","coordinates":[78.6411,29.9031]},"properties":{"udise":"05061510801","name":"GOVT.PS LANGURI","state":"UTTARAKHAND","district":"PAURI","block":"DWARIKAHL","indicator":"no_girls_toilet"}},{"type":"Feature","geometry":{"type":"Point","coordinates":[79.0269,29.9323]},"properties":{"udise":"05061101401","name":"GOVT. PS SUKAI","state":"UTTARAKHAND","district":"PAURI","block":"BIRONKHAL","indicator":"no_girls_toilet"}},{"type":"Feature","geometry":{"type":"Point","coordinates":[78.7082,30.181]},"properties":{"udise":"05060105901","name":"PS PABAU TALLA","state":"UTTARAKHAND","district":"PAURI","block":"PAURI","indicator":"no_girls_toilet"}},{"type":"Feature","geometry":{"type":"Point","coordinates":[78.9322,30.1393]},"properties":{"udise":"05061408502","name":"GOVT  PS NYANGAD","state":"UTTARAKHAND","district":"PAURI","block":"KHIRSU","indicator":"no_girls_toilet"}},{"type":"Feature","geometry":{"type":"Point","coordinates":[78.7169,29.808]},"properties":{"udise":"05061210701","name":"GOVT PS PADERGAON","state":"UTTARAKHAND","district":"PAURI","block":"JAIHARIKHAL","indicator":"no_girls_toilet"}},{"type":"Feature","geometry":{"type":"Point","coordinates":[78.8719,30.0216]},"properties":{"udise":"05060602801","name":"Govt PS MUNDIYAP","state":"UTTARAKHAND","district":"PAURI","block":"EKESHWAR","indicator":"no_girls_toilet"}},{"type":"Feature","geometry":{"type":"Point","coordinates":[78.8891,29.661]},"properties":{"udise":"05061009801","name":"MBVM NAUDANU","state":"UTTARAKHAND","district":"PAURI","block":"RIKHANIKHAL","indicator":"no_girls_toilet"}},{"type":"Feature","geometry":{"type":"Point","coordinates":[78.726,29.8307]},"properties":{"udise":"05061207301","name":"GOVT PS PEEDA","state":"UTTARAKHAND","district":"PAURI","block":"JAIHARIKHAL","indicator":"no_girls_toilet"}},{"type":"Feature","geometry":{"type":"Point","coordinates":[78.6637,30.1612]},"properties":{"udise":"05060401601","name":"GOVT PS BHATKOT","state":"UTTARAKHAND","district":"PAURI","block":"KOT","indicator":"no_girls_toilet"}},{"type":"Feature","geometry":{"type":"Point","coordinates":[78.5798,29.8591]},"properties":{"udise":"05060806201","name":"GOVT PS UMALDA","state":"UTTARAKHAND","district":"PAURI","block":"DUGADDA","indicator":"no_girls_toilet"}},{"type":"Feature","geometry":{"type":"Point","coordinates":[79.0403,29.818]},"properties":{"udise":"05061113301","name":"GOVT. PS KOLRI","state":"UTTARAKHAND","district":"PAURI","block":"BIRONKHAL","indicator":"no_girls_toilet"}},{"type":"Feature","geometry":{"type":"Point","coordinates":[78.9548,29.8277]},"properties":{"udise":"05061111801","name":"GOVT. PS KANDA MALLA","state":"UTTARAKHAND","district":"PAURI","block":"BIRONKHAL","indicator":"no_girls_toilet"}},{"type":"Feature","geometry":{"type":"Point","coordinates":[78.9126,29.9612]},"properties":{"udise":"05060708601","name":"GOVT. PS GAWANI","state":"UTTARAKHAND","district":"PAURI","block":"POKHRA","indicator":"no_girls_toilet"}},{"type":"Feature","geometry":{"type":"Point","coordinates":[78.4932,29.8968]},"properties":{"udise":"05060809301","name":"GOVT. PS JAIGAON","state":"UTTARAKHAND","district":"PAURI","block":"DUGADDA","indicator":"no_girls_toilet"}},{"type":"Feature","geometry":{"type":"Point","coordinates":[78.8043,30.1675]},"properties":{"udise":"05060207301","name":"GOVT PS KAMEDA","state":"UTTARAKHAND","district":"PAURI","block":"KHIRSU","indicator":"no_girls_toilet"}},{"type":"Feature","geometry":{"type":"Point","coordinates":[79.0097,30.135]},"properties":{"udise":"05061409301","name":"GOVT UPS PALLI","state":"UTTARAKHAND","district":"PAURI","block":"THALISAIN","indicator":"no_girls_toilet"}},{"type":"Feature","geometry":{"type":"Point","coordinates":[78.4919,29.9914]},"properties":{"udise":"05061513902","name":"GOVT.PS DOBRI","state":"UTTARAKHAND","district":"PAURI","block":"DWARIKAHL","indicator":"no_girls_toilet"}},{"type":"Feature","geometry":{"type":"Point","coordinates":[78.31664,30.12217]},"properties":{"udise":"05060908802","name":"GITA BAL VUDYALAY ASHRAM","state":"UTTARAKHAND","district":"PAURI","block":"YAMKESHWAR","indicator":"no_girls_toilet"}},{"type":"Feature","geometry":{"type":"Point","coordinates":[78.9401,29.6818]},"properties":{"udise":"05061008101","name":"GOVT PS SILGAON","state":"UTTARAKHAND","district":"PAURI","block":"RIKHANIKHAL","indicator":"no_girls_toilet"}},{"type":"Feature","geometry":{"type":"Point","coordinates":[78.9859,30.1502]},"properties":{"udise":"05061414103","name":"GOVT PS BHATKOT","state":"UTTARAKHAND","district":"PAURI","block":"THALISAIN","indicator":"no_girls_toilet"}},{"type":"Feature","geometry":{"type":"Point","coordinates":[78.7673,29.9983]},"properties":{"udise":"05060509701","name":"GOVT. PS BHATTIGAON","state":"UTTARAKHAND","district":"PAURI","block":"KALJIKHAL","indicator":"no_girls_toilet"}},{"type":"Feature","geometry":{"type":"Point","coordinates":[78.9467,29.6777]},"properties":{"udise":"05061010701","name":"GOVT PS CHILAU","state":"UTTARAKHAND","district":"PAURI","block":"RIKHANIKHAL","indicator":"no_girls_toilet"}},{"type":"Feature","geometry":{"type":"Point","coordinates":[78.9372,29.8905]},"properties":{"udise":"05060700201","name":"GOVT PS KASANI","state":"UTTARAKHAND","district":"PAURI","block":"POKHRA","indicator":"no_girls_toilet"}},{"type":"Feature","geometry":{"type":"Point","coordinates":[78.7528,29.9296]},"properties":{"udise":"05060608402","name":"Govt UPS CHOMASUDHAR","state":"UTTARAKHAND","district":"PAURI","block":"EKESHWAR","indicator":"no_girls_toilet"}},{"type":"Feature","geometry":{"type":"Point","coordinates":[78.9254,29.6779]},"properties":{"udise":"05061008001","name":"GOVT PS QUEERALI TOLIYUN","state":"UTTARAKHAND","district":"PAURI","block":"RIKHANIKHAL","indicator":"no_girls_toilet"}},{"type":"Feature","geometry":{"type":"Point","coordinates":[78.7094,29.9731]},"properties":{"udise":"05060504101","name":"GOVT. PS BIDULGAON","state":"UTTARAKHAND","district":"PAURI","block":"KALJIKHAL","indicator":"no_girls_toilet"}},{"type":"Feature","geometry":{"type":"Point","coordinates":[78.4333,29.973]},"properties":{"udise":"05060907101","name":"GOVT. PS DANDA DAMRADA","state":"UTTARAKHAND","district":"PAURI","block":"YAMKESHWAR","indicator":"no_girls_toilet"}},{"type":"Feature","geometry":{"type":"Point","coordinates":[78.8715,29.7707]},"properties":{"udise":"05061006801","name":"SSSM RIKHANIKHAL","state":"UTTARAKHAND","district":"PAURI","block":"RIKHANIKHAL","indicator":"no_girls_toilet"}},{"type":"Feature","geometry":{"type":"Point","coordinates":[78.40986,29.78875]},"properties":{"udise":"05060807204","name":"GOVT PS SIGADDI SROT","state":"UTTARAKHAND","district":"PAURI","block":"DUGADDA","indicator":"no_girls_toilet"}},{"type":"Feature","geometry":{"type":"Point","coordinates":[78.6988,30.0635]},"properties":{"udise":"05060502901","name":"GMVT. PS ASGAD","state":"UTTARAKHAND","district":"PAURI","block":"KALJIKHAL","indicator":"no_girls_toilet"}},{"type":"Feature","geometry":{"type":"Point","coordinates":[78.9767,29.8294]},"properties":{"udise":"05061111202","name":"GOVT. PS DUNAU","state":"UTTARAKHAND","district":"PAURI","block":"BIRONKHAL","indicator":"no_girls_toilet"}},{"type":"Feature","geometry":{"type":"Point","coordinates":[79.1854,29.9746]},"properties":{"udise":"05061411801","name":"GOVT PS SYUNSAL","state":"UTTARAKHAND","district":"PAURI","block":"THALISAIN","indicator":"no_girls_toilet"}},{"type":"Feature","geometry":{"type":"Point","coordinates":[78.5527,30.0146]},"properties":{"udise":"05061505701","name":"GOVT. HIGH SCHOOL BINDRATOK","state":"UTTARAKHAND","district":"PAURI","block":"DWARIKAHL","indicator":"no_girls_toilet"}},{"type":"Feature","geometry":{"type":"Point","coordinates":[78.9407,29.7617]},"properties":{"udise":"05061300802","name":"GOVT. PS KHALYUNKHET","state":"UTTARAKHAND","district":"PAURI","block":"NAINIDANDA","indicator":"no_girls_toilet"}},{"type":"Feature","geometry":{"type":"Point","coordinates":[78.598,29.7775]},"properties":{"udise":"05060804701","name":"GOVT PS JHAWANA","state":"UTTARAKHAND","district":"PAURI","block":"DUGADDA","indicator":"no_girls_toilet"}},{"type":"Feature","geometry":{"type":"Point","coordinates":[79.0466,30.1031]},"properties":{"udise":"05061401001","name":"GOVT PS CHOURA","state":"UTTARAKHAND","district":"PAURI","block":"THALISAIN","indicator":"no_girls_toilet"}},{"type":"Feature","geometry":{"type":"Point","coordinates":[78.7363,29.9019]},"properties":{"udise":"05060608401","name":"Govt PS CHOMASUDHAR","state":"UTTARAKHAND","district":"PAURI","block":"EKESHWAR","indicator":"no_girls_toilet"}},{"type":"Feature","geometry":{"type":"Point","coordinates":[78.8449,29.8971]},"properties":{"udise":"05060604001","name":"Govt UPS BHAIDGAON","state":"UTTARAKHAND","district":"PAURI","block":"EKESHWAR","indicator":"no_girls_toilet"}},{"type":"Feature","geometry":{"type":"Point","coordinates":[78.9334,29.6501]},"properties":{"udise":"05061302401","name":"GOVT. PS RAUNDEDI","state":"UTTARAKHAND","district":"PAURI","block":"NAINIDANDA","indicator":"no_girls_toilet"}},{"type":"Feature","geometry":{"type":"Point","coordinates":[78.6993,30.0566]},"properties":{"udise":"05060501602","name":"GOVT. PS SUTARGAON","state":"UTTARAKHAND","district":"PAURI","block":"KALJIKHAL","indicator":"no_girls_toilet"}},{"type":"Feature","geometry":{"type":"Point","coordinates":[79.1052,29.9043]},"properties":{"udise":"05061103701","name":"GOVT. PS KAMALIYA VALLA","state":"UTTARAKHAND","district":"PAURI","block":"BIRONKHAL","indicator":"no_girls_toilet"}},{"type":"Feature","geometry":{"type":"Point","coordinates":[78.9275,29.867]},"properties":{"udise":"05061108201","name":"GOVT. PS GWARI","state":"UTTARAKHAND","district":"PAURI","block":"BIRONKHAL","indicator":"no_girls_toilet"}},{"type":"Feature","geometry":{"type":"Point","coordinates":[78.4378,30.0481]},"properties":{"udise":"05060901601","name":"PS UCHCHAKOT","state":"UTTARAKHAND","district":"PAURI","block":"YAMKESHWAR","indicator":"no_girls_toilet"}},{"type":"Feature","geometry":{"type":"Point","coordinates":[78.5238,30.0222]},"properties":{"udise":"05061513801","name":"GOVT.PS PALIDANGU","state":"UTTARAKHAND","district":"PAURI","block":"DWARIKAHL","indicator":"no_girls_toilet"}},{"type":"Feature","geometry":{"type":"Point","coordinates":[79.0658,29.6284]},"properties":{"udise":"05061311601","name":"GOVT. PS SHANKARPUR","state":"UTTARAKHAND","district":"PAURI","block":"NAINIDANDA","indicator":"girls_toilet_nonfunctional"}},{"type":"Feature","geometry":{"type":"Point","coordinates":[78.8409,29.8272]},"properties":{"udise":"05061005201","name":"GOVT PS KALIGAD","state":"UTTARAKHAND","district":"PAURI","block":"RIKHANIKHAL","indicator":"girls_toilet_nonfunctional"}},{"type":"Feature","geometry":{"type":"Point","coordinates":[79.0683,29.8088]},"properties":{"udise":"05061113801","name":"GOVT. PS BHAWNSA","state":"UTTARAKHAND","district":"PAURI","block":"BIRONKHAL","indicator":"girls_toilet_nonfunctional"}},{"type":"Feature","geometry":{"type":"Point","coordinates":[78.8932,30.0556]},"properties":{"udise":"05060309201","name":"GOVT PS RISHI","state":"UTTARAKHAND","district":"PAURI","block":"PABAU","indicator":"girls_toilet_nonfunctional"}},{"type":"Feature","geometry":{"type":"Point","coordinates":[78.8886,30.084]},"properties":{"udise":"05060308601","name":"GOVT  PS TAL","state":"UTTARAKHAND","district":"PAURI","block":"PABAU","indicator":"girls_toilet_nonfunctional"}},{"type":"Feature","geometry":{"type":"Point","coordinates":[78.5264,29.7489]},"properties":{"udise":"05060804303","name":"DEEKSHA THE SCHOLARS HOME","state":"UTTARAKHAND","district":"PAURI","block":"DUGADDA","indicator":"girls_toilet_nonfunctional"}},{"type":"Feature","geometry":{"type":"Point","coordinates":[78.8061,29.9659]},"properties":{"udise":"05060610401","name":"GOVT PS REDU","state":"UTTARAKHAND","district":"PAURI","block":"EKESHWAR","indicator":"girls_toilet_nonfunctional"}},{"type":"Feature","geometry":{"type":"Point","coordinates":[78.5833,29.95]},"properties":{"udise":"05061500503","name":"SSM CHELUSAIN","state":"UTTARAKHAND","district":"PAURI","block":"DWARIKAHL","indicator":"girls_toilet_nonfunctional"}},{"type":"Feature","geometry":{"type":"Point","coordinates":[78.8352,29.9223]},"properties":{"udise":"05060605401","name":"Govt PS SIDHKHAL","state":"UTTARAKHAND","district":"PAURI","block":"EKESHWAR","indicator":"girls_toilet_nonfunctional"}},{"type":"Feature","geometry":{"type":"Point","coordinates":[79.0225,30.1245]},"properties":{"udise":"05061400302","name":"GOVT UPS KUTKANDAI","state":"UTTARAKHAND","district":"PAURI","block":"THALISAIN","indicator":"girls_toilet_nonfunctional"}},{"type":"Feature","geometry":{"type":"Point","coordinates":[79.0299,29.6804]},"properties":{"udise":"05061307903","name":"JANTA INTER COLLEGE NAINIDANDA","state":"UTTARAKHAND","district":"PAURI","block":"NAINIDANDA","indicator":"girls_toilet_nonfunctional"}},{"type":"Feature","geometry":{"type":"Point","coordinates":[78.9371,30.1621]},"properties":{"udise":"05061409502","name":"GOVT PS CHOPRA I","state":"UTTARAKHAND","district":"PAURI","block":"KHIRSU","indicator":"girls_toilet_nonfunctional"}},{"type":"Feature","geometry":{"type":"Point","coordinates":[78.5724,29.8741]},"properties":{"udise":"05061506601","name":"GOVT.PS BANALI","state":"UTTARAKHAND","district":"PAURI","block":"DWARIKAHL","indicator":"girls_toilet_nonfunctional"}},{"type":"Feature","geometry":{"type":"Point","coordinates":[78.9913,29.9096]},"properties":{"udise":"05061108301","name":"GOVT. PS PANCHRAD MALLA","state":"UTTARAKHAND","district":"PAURI","block":"BIRONKHAL","indicator":"girls_toilet_nonfunctional"}},{"type":"Feature","geometry":{"type":"Point","coordinates":[78.5242,30.0376]},"properties":{"udise":"05061509501","name":"GOVT.UPS KHAREEK TATREE","state":"UTTARAKHAND","district":"PAURI","block":"DWARIKAHL","indicator":"girls_toilet_nonfunctional"}},{"type":"Feature","geometry":{"type":"Point","coordinates":[79.0149,29.7187]},"properties":{"udise":"05061305101","name":"GOVT. PS RANGAON","state":"UTTARAKHAND","district":"PAURI","block":"NAINIDANDA","indicator":"girls_toilet_nonfunctional"}},{"type":"Feature","geometry":{"type":"Point","coordinates":[78.8464,29.9583]},"properties":{"udise":"05060605701","name":"GOVT PS SYOLI","state":"UTTARAKHAND","district":"PAURI","block":"EKESHWAR","indicator":"girls_toilet_nonfunctional"}},{"type":"Feature","geometry":{"type":"Point","coordinates":[78.9089,29.963]},"properties":{"udise":"05060708701","name":"GOVT. PS KIMGADI","state":"UTTARAKHAND","district":"PAURI","block":"POKHRA","indicator":"girls_toilet_nonfunctional"}},{"type":"Feature","geometry":{"type":"Point","coordinates":[78.9628,29.8063]},"properties":{"udise":"05061111501","name":"GOVT. PS PATOTIYA","state":"UTTARAKHAND","district":"PAURI","block":"BIRONKHAL","indicator":"girls_toilet_nonfunctional"}},{"type":"Feature","geometry":{"type":"Point","coordinates":[79.0509,29.9645]},"properties":{"udise":"05061100902","name":"GOVT. INTER COLLEGE  JASPUR","state":"UTTARAKHAND","district":"PAURI","block":"BIRONKHAL","indicator":"girls_toilet_nonfunctional"}},{"type":"Feature","geometry":{"type":"Point","coordinates":[79.0829,30.2074]},"properties":{"udise":"05061406601","name":"GOVT PS DOBRI","state":"UTTARAKHAND","district":"PAURI","block":"THALISAIN","indicator":"girls_toilet_nonfunctional"}},{"type":"Feature","geometry":{"type":"Point","coordinates":[78.5935,29.8999]},"properties":{"udise":"05061506702","name":"GOVT.UPS BIRMOLI","state":"UTTARAKHAND","district":"PAURI","block":"DWARIKAHL","indicator":"girls_toilet_nonfunctional"}},{"type":"Feature","geometry":{"type":"Point","coordinates":[78.426,30.0274]},"properties":{"udise":"05060907401","name":"GOVT. PS GHAIKHAL","state":"UTTARAKHAND","district":"PAURI","block":"YAMKESHWAR","indicator":"girls_toilet_nonfunctional"}},{"type":"Feature","geometry":{"type":"Point","coordinates":[78.7879,30.1528]},"properties":{"udise":"05060101703","name":"GOVT UPS DHANDARI","state":"UTTARAKHAND","district":"PAURI","block":"PAURI","indicator":"girls_toilet_nonfunctional"}},{"type":"Feature","geometry":{"type":"Point","coordinates":[79.01375,29.74072]},"properties":{"udise":"05061313601","name":"DEEVA PUBLIC SCHOOL DHUMAKOT","state":"UTTARAKHAND","district":"PAURI","block":"NAINIDANDA","indicator":"girls_toilet_nonfunctional"}},{"type":"Feature","geometry":{"type":"Point","coordinates":[79.0188,29.7041]},"properties":{"udise":"05061304501","name":"GOVT. PS ADODA","state":"UTTARAKHAND","district":"PAURI","block":"NAINIDANDA","indicator":"girls_toilet_nonfunctional"}},{"type":"Feature","geometry":{"type":"Point","coordinates":[78.45442,29.94431]},"properties":{"udise":"05060906002","name":"SSM KANDI","state":"UTTARAKHAND","district":"PAURI","block":"YAMKESHWAR","indicator":"girls_toilet_nonfunctional"}},{"type":"Feature","geometry":{"type":"Point","coordinates":[78.5496,29.9574]},"properties":{"udise":"05061505201","name":"GOVT.PS KOTA","state":"UTTARAKHAND","district":"PAURI","block":"DWARIKAHL","indicator":"girls_toilet_nonfunctional"}},{"type":"Feature","geometry":{"type":"Point","coordinates":[78.7535,30.1737]},"properties":{"udise":"05060109102","name":"PS KYARK","state":"UTTARAKHAND","district":"PAURI","block":"PAURI","indicator":"girls_toilet_nonfunctional"}},{"type":"Feature","geometry":{"type":"Point","coordinates":[78.6382,29.9681]},"properties":{"udise":"05061511502","name":"SHAHEED KALANIDHI GOVT. HIGH SCHOOL BARSURI","state":"UTTARAKHAND","district":"PAURI","block":"DWARIKAHL","indicator":"girls_toilet_nonfunctional"}},{"type":"Feature","geometry":{"type":"Point","coordinates":[78.5398,29.8878]},"properties":{"udise":"05060803701","name":"GOVT PS MOHANI PUJARI","state":"UTTARAKHAND","district":"PAURI","block":"DUGADDA","indicator":"girls_toilet_nonfunctional"}},{"type":"Feature","geometry":{"type":"Point","coordinates":[78.4116,29.7764]},"properties":{"udise":"05060807002","name":"GOVT PS JHANDICHAUR EAST","state":"UTTARAKHAND","district":"PAURI","block":"DUGADDA","indicator":"girls_toilet_nonfunctional"}},{"type":"Feature","geometry":{"type":"Point","coordinates":[79.0496,30.0221]},"properties":{"udise":"05061416402","name":"SSM THALISAIN","state":"UTTARAKHAND","district":"PAURI","block":"THALISAIN","indicator":"girls_toilet_nonfunctional"}},{"type":"Feature","geometry":{"type":"Point","coordinates":[78.871,30.2424]},"properties":{"udise":"05060200802","name":"GOVT. INTER COLLEGE DIKHOLYUN","state":"UTTARAKHAND","district":"PAURI","block":"KHIRSU","indicator":"girls_toilet_nonfunctional"}},{"type":"Feature","geometry":{"type":"Point","coordinates":[78.7558,30.1887]},"properties":{"udise":"05060107601","name":"PS KESUNDAR","state":"UTTARAKHAND","district":"PAURI","block":"PAURI","indicator":"girls_toilet_nonfunctional"}},{"type":"Feature","geometry":{"type":"Point","coordinates":[78.9995,29.75]},"properties":{"udise":"05061300903","name":"GOVT. UPS KHUTIDA","state":"UTTARAKHAND","district":"PAURI","block":"NAINIDANDA","indicator":"girls_toilet_nonfunctional"}},{"type":"Feature","geometry":{"type":"Point","coordinates":[78.895,29.8025]},"properties":{"udise":"05061002101","name":"GOVT PS CHURANI","state":"UTTARAKHAND","district":"PAURI","block":"RIKHANIKHAL","indicator":"girls_toilet_nonfunctional"}},{"type":"Feature","geometry":{"type":"Point","coordinates":[78.8615,29.8279]},"properties":{"udise":"05061009701","name":"GOVT PS BHARDOLI","state":"UTTARAKHAND","district":"PAURI","block":"RIKHANIKHAL","indicator":"girls_toilet_nonfunctional"}},{"type":"Feature","geometry":{"type":"Point","coordinates":[78.5205,29.9296]},"properties":{"udise":"05061506201","name":"GOVT.PS KUNTANI","state":"UTTARAKHAND","district":"PAURI","block":"DWARIKAHL","indicator":"girls_toilet_nonfunctional"}},{"type":"Feature","geometry":{"type":"Point","coordinates":[78.8483,29.8821]},"properties":{"udise":"05060701802","name":"GOVT. PS GWANA(MALLA)","state":"UTTARAKHAND","district":"PAURI","block":"POKHRA","indicator":"girls_toilet_nonfunctional"}},{"type":"Feature","geometry":{"type":"Point","coordinates":[79.0268,29.9688]},"properties":{"udise":"05061404601","name":"GOVT PS GADSARI","state":"UTTARAKHAND","district":"PAURI","block":"THALISAIN","indicator":"girls_toilet_nonfunctional"}},{"type":"Feature","geometry":{"type":"Point","coordinates":[78.8513,29.9462]},"properties":{"udise":"05060705501","name":"GOVT. PS ODGAON","state":"UTTARAKHAND","district":"PAURI","block":"POKHRA","indicator":"girls_toilet_nonfunctional"}},{"type":"Feature","geometry":{"type":"Point","coordinates":[79.0763,30.0824]},"properties":{"udise":"05061407101","name":"SSM TARPALISAIN","state":"UTTARAKHAND","district":"PAURI","block":"THALISAIN","indicator":"girls_toilet_nonfunctional"}},{"type":"Feature","geometry":{"type":"Point","coordinates":[78.8227,29.9764]},"properties":{"udise":"05060600501","name":"Govt PS KULASU","state":"UTTARAKHAND","district":"PAURI","block":"EKESHWAR","indicator":"girls_toilet_nonfunctional"}},{"type":"Feature","geometry":{"type":"Point","coordinates":[78.3698,29.9944]},"properties":{"udise":"05060900302","name":"GOVT. PS  HEERAKHAL","state":"UTTARAKHAND","district":"PAURI","block":"YAMKESHWAR","indicator":"girls_toilet_nonfunctional"}},{"type":"Feature","geometry":{"type":"Point","coordinates":[78.8909,30.1133]},"properties":{"udise":"05060302901","name":"GOVT PS CHOUNDI","state":"UTTARAKHAND","district":"PAURI","block":"PABAU","indicator":"girls_toilet_nonfunctional"}},{"type":"Feature","geometry":{"type":"Point","coordinates":[79.0408,29.6978]},"properties":{"udise":"05061305401","name":"GOVT. PS KAULA TALLA","state":"UTTARAKHAND","district":"PAURI","block":"NAINIDANDA","indicator":"girls_toilet_nonfunctional"}},{"type":"Feature","geometry":{"type":"Point","coordinates":[78.9079,29.8033]},"properties":{"udise":"05061004001","name":"GOVT PS GANGORA","state":"UTTARAKHAND","district":"PAURI","block":"RIKHANIKHAL","indicator":"girls_toilet_nonfunctional"}},{"type":"Feature","geometry":{"type":"Point","coordinates":[79.0389,29.7558]},"properties":{"udise":"05061306803","name":"GOVT. INTER COLLEGE  KOCHIYAR","state":"UTTARAKHAND","district":"PAURI","block":"NAINIDANDA","indicator":"girls_toilet_nonfunctional"}},{"type":"Feature","geometry":{"type":"Point","coordinates":[78.7769,30.1696]},"properties":{"udise":"05060101201","name":"GOVT PS BHITAI MALLI","state":"UTTARAKHAND","district":"PAURI","block":"PAURI","indicator":"girls_toilet_nonfunctional"}},{"type":"Feature","geometry":{"type":"Point","coordinates":[78.9048,29.7056]},"properties":{"udise":"05061008502","name":"GOVT GUPS GAJA","state":"UTTARAKHAND","district":"PAURI","block":"RIKHANIKHAL","indicator":"girls_toilet_nonfunctional"}},{"type":"Feature","geometry":{"type":"Point","coordinates":[78.9913,29.6233]},"properties":{"udise":"05061303301","name":"GOVT. UPS CHAMSAIN","state":"UTTARAKHAND","district":"PAURI","block":"NAINIDANDA","indicator":"girls_toilet_nonfunctional"}},{"type":"Feature","geometry":{"type":"Point","coordinates":[78.8602,30.0519]},"properties":{"udise":"05060603701","name":"Govt PS PABOLI","state":"UTTARAKHAND","district":"PAURI","block":"EKESHWAR","indicator":"girls_toilet_nonfunctional"}},{"type":"Feature","geometry":{"type":"Point","coordinates":[78.577,29.9092]},"properties":{"udise":"05061500302","name":"GOVT. PS HILIGI","state":"UTTARAKHAND","district":"PAURI","block":"DWARIKAHL","indicator":"girls_toilet_nonfunctional"}},{"type":"Feature","geometry":{"type":"Point","coordinates":[78.8134,29.7366]},"properties":{"udise":"05061000701","name":"GOVT PS MUNDIYANA","state":"UTTARAKHAND","district":"PAURI","block":"RIKHANIKHAL","indicator":"girls_toilet_nonfunctional"}},{"type":"Feature","geometry":{"type":"Point","coordinates":[78.8519,29.879]},"properties":{"udise":"05060702601","name":"GOVT. PS GUDINDA","state":"UTTARAKHAND","district":"PAURI","block":"POKHRA","indicator":"girls_toilet_nonfunctional"}},{"type":"Feature","geometry":{"type":"Point","coordinates":[79.0284,29.7404]},"properties":{"udise":"05061307401","name":"GOVT. PS NALTIMALAKHOLI","state":"UTTARAKHAND","district":"PAURI","block":"NAINIDANDA","indicator":"girls_toilet_nonfunctional"}},{"type":"Feature","geometry":{"type":"Point","coordinates":[79.0631,29.9303]},"properties":{"udise":"05061104801","name":"GOVT. PS DHAUND","state":"UTTARAKHAND","district":"PAURI","block":"BIRONKHAL","indicator":"girls_toilet_nonfunctional"}},{"type":"Feature","geometry":{"type":"Point","coordinates":[78.7372,30.202]},"properties":{"udise":"05060409901","name":"GOVT PS BILKEDAR","state":"UTTARAKHAND","district":"PAURI","block":"KOT","indicator":"girls_toilet_nonfunctional"}},{"type":"Feature","geometry":{"type":"Point","coordinates":[78.5238,29.9045]},"properties":{"udise":"05061506202","name":"JANTA HIGH SCHOOL KATHUR","state":"UTTARAKHAND","district":"PAURI","block":"DWARIKAHL","indicator":"girls_toilet_nonfunctional"}},{"type":"Feature","geometry":{"type":"Point","coordinates":[78.7452,30.1228]},"properties":{"udise":"05060103201","name":"PS GAGWADA","state":"UTTARAKHAND","district":"PAURI","block":"PAURI","indicator":"girls_toilet_nonfunctional"}},{"type":"Feature","geometry":{"type":"Point","coordinates":[79.0349,30.1237]},"properties":{"udise":"05061400903","name":"APS BARETH","state":"UTTARAKHAND","district":"PAURI","block":"THALISAIN","indicator":"girls_toilet_nonfunctional"}},{"type":"Feature","geometry":{"type":"Point","coordinates":[78.4049,30.0277]},"properties":{"udise":"05060908301","name":"GOVT. PS MAGTHA","state":"UTTARAKHAND","district":"PAURI","block":"YAMKESHWAR","indicator":"girls_toilet_nonfunctional"}},{"type":"Feature","geometry":{"type":"Point","coordinates":[78.8786,29.8404]},"properties":{"udise":"05060701902","name":"GOVT. PS PATHOLGAON","state":"UTTARAKHAND","district":"PAURI","block":"POKHRA","indicator":"girls_toilet_nonfunctional"}},{"type":"Feature","geometry":{"type":"Point","coordinates":[78.7356,29.9629]},"properties":{"udise":"05060511901","name":"GOVT. PS SEERON","state":"UTTARAKHAND","district":"PAURI","block":"KALJIKHAL","indicator":"girls_toilet_nonfunctional"}},{"type":"Feature","geometry":{"type":"Point","coordinates":[78.6194,30.0594]},"properties":{"udise":"05060409602","name":"GOVT PS CHAITUD","state":"UTTARAKHAND","district":"PAURI","block":"KOT","indicator":"girls_toilet_nonfunctional"}},{"type":"Feature","geometry":{"type":"Point","coordinates":[78.6889,30.0606]},"properties":{"udise":"05060502801","name":"GOVT. PS KATHUR POKHRI","state":"UTTARAKHAND","district":"PAURI","block":"KALJIKHAL","indicator":"girls_toilet_nonfunctional"}},{"type":"Feature","geometry":{"type":"Point","coordinates":[78.76881,30.07703]},"properties":{"udise":"05060100901","name":"GOVT PS RACHULI","state":"UTTARAKHAND","district":"PAURI","block":"PAURI","indicator":"girls_toilet_nonfunctional"}},{"type":"Feature","geometry":{"type":"Point","coordinates":[78.9645,30.0746]},"properties":{"udise":"05060300401","name":"GOVT PS GWALKHUDA","state":"UTTARAKHAND","district":"PAURI","block":"PABAU","indicator":"girls_toilet_nonfunctional"}},{"type":"Feature","geometry":{"type":"Point","coordinates":[79.08928,30.01125]},"properties":{"udise":"05061402904","name":"GOVT UPS BHAILASAIN","state":"UTTARAKHAND","district":"PAURI","block":"THALISAIN","indicator":"girls_toilet_nonfunctional"}},{"type":"Feature","geometry":{"type":"Point","coordinates":[78.8819,30.2063]},"properties":{"udise":"05060200101","name":"GOVT. PS POKHRI","state":"UTTARAKHAND","district":"PAURI","block":"KHIRSU","indicator":"girls_toilet_nonfunctional"}},{"type":"Feature","geometry":{"type":"Point","coordinates":[78.75122,29.96344]},"properties":{"udise":"05060511402","name":"UPS THE NEW HOPE CHILDREN ACADEMY","state":"UTTARAKHAND","district":"PAURI","block":"KALJIKHAL","indicator":"girls_toilet_nonfunctional"}},{"type":"Feature","geometry":{"type":"Point","coordinates":[78.6957,30.091]},"properties":{"udise":"05060103901","name":"PS BANGAON","state":"UTTARAKHAND","district":"PAURI","block":"PAURI","indicator":"girls_toilet_nonfunctional"}},{"type":"Feature","geometry":{"type":"Point","coordinates":[78.75708,29.90158]},"properties":{"udise":"05060601802","name":"GOVT UPS KYARD","state":"UTTARAKHAND","district":"PAURI","block":"EKESHWAR","indicator":"girls_toilet_nonfunctional"}},{"type":"Feature","geometry":{"type":"Point","coordinates":[78.8367,29.8989]},"properties":{"udise":"05060604901","name":"Govt Modal PS SANGLAKOTI","state":"UTTARAKHAND","district":"PAURI","block":"EKESHWAR","indicator":"girls_toilet_nonfunctional"}},{"type":"Feature","geometry":{"type":"Point","coordinates":[78.7729,30.1563]},"properties":{"udise":"05060110013","name":"B R MODERN SCHOOL PAURI","state":"UTTARAKHAND","district":"PAURI","block":"PAURI","indicator":"girls_toilet_nonfunctional"}},{"type":"Feature","geometry":{"type":"Point","coordinates":[79.0352,30.0947]},"properties":{"udise":"05061400601","name":"GOVT PS IDA MALLA","state":"UTTARAKHAND","district":"PAURI","block":"THALISAIN","indicator":"girls_toilet_nonfunctional"}},{"type":"Feature","geometry":{"type":"Point","coordinates":[79.10592,29.93328]},"properties":{"udise":"05061103401","name":"GOVT. PS DUMLOT","state":"UTTARAKHAND","district":"PAURI","block":"BIRONKHAL","indicator":"girls_toilet_nonfunctional"}},{"type":"Feature","geometry":{"type":"Point","coordinates":[79.0017,29.7028]},"properties":{"udise":"05061304702","name":"GOVT. UPS NAUNIYAKHET","state":"UTTARAKHAND","district":"PAURI","block":"NAINIDANDA","indicator":"girls_toilet_nonfunctional"}},{"type":"Feature","geometry":{"type":"Point","coordinates":[78.9768,29.7612]},"properties":{"udise":"05061312901","name":"GOVT. PS BADAGAD","state":"UTTARAKHAND","district":"PAURI","block":"NAINIDANDA","indicator":"girls_toilet_nonfunctional"}},{"type":"Feature","geometry":{"type":"Point","coordinates":[79.0284,29.7279]},"properties":{"udise":"05061305201","name":"GOVT. PS TANDIYUN","state":"UTTARAKHAND","district":"PAURI","block":"NAINIDANDA","indicator":"girls_toilet_nonfunctional"}},{"type":"Feature","geometry":{"type":"Point","coordinates":[78.6865,29.9581]},"properties":{"udise":"05060511701","name":"GOVT. MODEL PS BILKHET FIRST","state":"UTTARAKHAND","district":"PAURI","block":"KALJIKHAL","indicator":"girls_toilet_nonfunctional"}},{"type":"Feature","geometry":{"type":"Point","coordinates":[78.8652,30.03]},"properties":{"udise":"05060603201","name":"Govt PS ANSARI THAPLA","state":"UTTARAKHAND","district":"PAURI","block":"EKESHWAR","indicator":"girls_toilet_nonfunctional"}},{"type":"Feature","geometry":{"type":"Point","coordinates":[78.6863,30.0099]},"properties":{"udise":"05060508001","name":"GOVT. PS NAUGAON II","state":"UTTARAKHAND","district":"PAURI","block":"KALJIKHAL","indicator":"girls_toilet_nonfunctional"}},{"type":"Feature","geometry":{"type":"Point","coordinates":[78.6392,29.8462]},"properties":{"udise":"05060805601","name":"GOVT PS JAKHMALKHOL","state":"UTTARAKHAND","district":"PAURI","block":"DUGADDA","indicator":"girls_toilet_nonfunctional"}},{"type":"Feature","geometry":{"type":"Point","coordinates":[78.9335,29.6335]},"properties":{"udise":"05061302902","name":"JANTA HIGH SCHOOL KHADRASI","state":"UTTARAKHAND","district":"PAURI","block":"NAINIDANDA","indicator":"girls_toilet_nonfunctional"}},{"type":"Feature","geometry":{"type":"Point","coordinates":[78.7335,29.7835]},"properties":{"udise":"05061210101","name":"GOVT PS ASANKHET","state":"UTTARAKHAND","district":"PAURI","block":"JAIHARIKHAL","indicator":"girls_toilet_nonfunctional"}},{"type":"Feature","geometry":{"type":"Point","coordinates":[79.0252,30.1663]},"properties":{"udise":"05061407002","name":"GOVT PS PINAKOT","state":"UTTARAKHAND","district":"PAURI","block":"THALISAIN","indicator":"girls_toilet_nonfunctional"}},{"type":"Feature","geometry":{"type":"Point","coordinates":[78.9594,29.7042]},"properties":{"udise":"05061300602","name":"JANTA INTER COLLEGE CHAID CHAINPUR","state":"UTTARAKHAND","district":"PAURI","block":"NAINIDANDA","indicator":"girls_toilet_nonfunctional"}},{"type":"Feature","geometry":{"type":"Point","coordinates":[78.7896,30.0483]},"properties":{"udise":"05060508803","name":"GOVT. HIGH SCHOOL AGRORA","state":"UTTARAKHAND","district":"PAURI","block":"KALJIKHAL","indicator":"girls_toilet_nonfunctional"}},{"type":"Feature","geometry":{"type":"Point","coordinates":[78.8695,30.1729]},"properties":{"udise":"05060203701","name":"GOVT PS KHIRSU","state":"UTTARAKHAND","district":"PAURI","block":"KHIRSU","indicator":"girls_toilet_nonfunctional"}},{"type":"Feature","geometry":{"type":"Point","coordinates":[78.659,30.1993]},"properties":{"udise":"05060405901","name":"GOVT PS MUCHIYALI","state":"UTTARAKHAND","district":"PAURI","block":"KOT","indicator":"girls_toilet_nonfunctional"}},{"type":"Feature","geometry":{"type":"Point","coordinates":[79.0613,29.8356]},"properties":{"udise":"05061110202","name":"GOVT. PS DHAUNRKHAL","state":"UTTARAKHAND","district":"PAURI","block":"BIRONKHAL","indicator":"girls_toilet_nonfunctional"}},{"type":"Feature","geometry":{"type":"Point","coordinates":[78.6372,29.8519]},"properties":{"udise":"05060805501","name":"GOVT PS ROHINI","state":"UTTARAKHAND","district":"PAURI","block":"DUGADDA","indicator":"girls_toilet_nonfunctional"}},{"type":"Feature","geometry":{"type":"Point","coordinates":[78.8363,30.0776]},"properties":{"udise":"05060310501","name":"GUPS CHAURIKHOLI","state":"UTTARAKHAND","district":"PAURI","block":"PABAU","indicator":"girls_toilet_nonfunctional"}},{"type":"Feature","geometry":{"type":"Point","coordinates":[78.824,30.0314]},"properties":{"udise":"05060306801","name":"GOVT. HIGH SCHOOL CHAUNRKHAL","state":"UTTARAKHAND","district":"PAURI","block":"PABAU","indicator":"girls_toilet_nonfunctional"}},{"type":"Feature","geometry":{"type":"Point","coordinates":[78.705,29.8867]},"properties":{"udise":"05061207901","name":"GOVT PS GARHKOT","state":"UTTARAKHAND","district":"PAURI","block":"JAIHARIKHAL","indicator":"girls_toilet_nonfunctional"}},{"type":"Feature","geometry":{"type":"Point","coordinates":[78.9984,29.8164]},"properties":{"udise":"05061102602","name":"GOVT.HIGH SCHOOL THAPLA","state":"UTTARAKHAND","district":"PAURI","block":"BIRONKHAL","indicator":"girls_toilet_nonfunctional"}},{"type":"Feature","geometry":{"type":"Point","coordinates":[78.8521,29.9475]},"properties":{"udise":"05060705002","name":"GOVT. PS MAHADEVSAIN","state":"UTTARAKHAND","district":"PAURI","block":"POKHRA","indicator":"girls_toilet_nonfunctional"}},{"type":"Feature","geometry":{"type":"Point","coordinates":[78.8011,30.2077]},"properties":{"udise":"05060206001","name":"GOVT PS DHIKALGAON","state":"UTTARAKHAND","district":"PAURI","block":"KHIRSU","indicator":"girls_toilet_nonfunctional"}},{"type":"Feature","geometry":{"type":"Point","coordinates":[78.8117,29.8111]},"properties":{"udise":"05061009002","name":"GOVT PS KULANIKHAL","state":"UTTARAKHAND","district":"PAURI","block":"RIKHANIKHAL","indicator":"girls_toilet_nonfunctional"}},{"type":"Feature","geometry":{"type":"Point","coordinates":[79.1627,29.9703]},"properties":{"udise":"05061412101","name":"GOVT PS THAN","state":"UTTARAKHAND","district":"PAURI","block":"THALISAIN","indicator":"girls_toilet_nonfunctional"}},{"type":"Feature","geometry":{"type":"Point","coordinates":[79.0698,29.6685]},"properties":{"udise":"05061309103","name":"GOVT. UPS KINATHKHAL","state":"UTTARAKHAND","district":"PAURI","block":"NAINIDANDA","indicator":"girls_toilet_nonfunctional"}},{"type":"Feature","geometry":{"type":"Point","coordinates":[78.8314,29.7686]},"properties":{"udise":"05061006001","name":"GOVT PS BUNGA MALLA","state":"UTTARAKHAND","district":"PAURI","block":"RIKHANIKHAL","indicator":"girls_toilet_nonfunctional"}},{"type":"Feature","geometry":{"type":"Point","coordinates":[79.0686,30.1965]},"properties":{"udise":"05061405802","name":"GOVT PS TEELA","state":"UTTARAKHAND","district":"PAURI","block":"THALISAIN","indicator":"girls_toilet_nonfunctional"}},{"type":"Feature","geometry":{"type":"Point","coordinates":[78.9703,29.8256]},"properties":{"udise":"05061110901","name":"GOVT. PS CHOUNDI","state":"UTTARAKHAND","district":"PAURI","block":"BIRONKHAL","indicator":"girls_toilet_nonfunctional"}},{"type":"Feature","geometry":{"type":"Point","coordinates":[79.1721,29.9946]},"properties":{"udise":"05061411502","name":"GOVT PS JAINTIDANG","state":"UTTARAKHAND","district":"PAURI","block":"THALISAIN","indicator":"girls_toilet_nonfunctional"}},{"type":"Feature","geometry":{"type":"Point","coordinates":[78.8333,29.7598]},"properties":{"udise":"05061000801","name":"GOVT BUNGA (TALLA)","state":"UTTARAKHAND","district":"PAURI","block":"RIKHANIKHAL","indicator":"girls_toilet_nonfunctional"}},{"type":"Feature","geometry":{"type":"Point","coordinates":[78.7563,30.0344]},"properties":{"udise":"05060500501","name":"GOVT. PS THAIR","state":"UTTARAKHAND","district":"PAURI","block":"KALJIKHAL","indicator":"girls_toilet_nonfunctional"}},{"type":"Feature","geometry":{"type":"Point","coordinates":[78.7734,30.0754]},"properties":{"udise":"05060100903","name":"GOVT PS PARSUNDAKHAL","state":"UTTARAKHAND","district":"PAURI","block":"PAURI","indicator":"girls_toilet_nonfunctional"}},{"type":"Feature","geometry":{"type":"Point","coordinates":[78.7894,29.9528]},"properties":{"udise":"05060610702","name":"GOVT. INTER COLLEGE BAGYALI","state":"UTTARAKHAND","district":"PAURI","block":"EKESHWAR","indicator":"girls_toilet_nonfunctional"}},{"type":"Feature","geometry":{"type":"Point","coordinates":[78.8819,30.0363]},"properties":{"udise":"05060308001","name":"GOVT PS UKAL","state":"UTTARAKHAND","district":"PAURI","block":"PABAU","indicator":"girls_toilet_nonfunctional"}},{"type":"Feature","geometry":{"type":"Point","coordinates":[79.0081,29.8795]},"properties":{"udise":"05061112501","name":"GOVT. PS BEDIKHAL","state":"UTTARAKHAND","district":"PAURI","block":"BIRONKHAL","indicator":"girls_toilet_nonfunctional"}},{"type":"Feature","geometry":{"type":"Point","coordinates":[78.8147,29.9418]},"properties":{"udise":"05060607401","name":"GOVT PS EKESHWAR","state":"UTTARAKHAND","district":"PAURI","block":"EKESHWAR","indicator":"girls_toilet_nonfunctional"}},{"type":"Feature","geometry":{"type":"Point","coordinates":[78.75464,29.76975]},"properties":{"udise":"05061203101","name":"GOVT PS BADGAON","state":"UTTARAKHAND","district":"PAURI","block":"JAIHARIKHAL","indicator":"girls_toilet_nonfunctional"}},{"type":"Feature","geometry":{"type":"Point","coordinates":[78.4936,29.8645]},"properties":{"udise":"05060803102","name":"GOVT. HIGH SCHOOL JUDDA RAUDIYAL","state":"UTTARAKHAND","district":"PAURI","block":"DUGADDA","indicator":"girls_toilet_nonfunctional"}},{"type":"Feature","geometry":{"type":"Point","coordinates":[78.8807,29.9736]},"properties":{"udise":"05060609401","name":"Govt PS CHUDINDA","state":"UTTARAKHAND","district":"PAURI","block":"EKESHWAR","indicator":"girls_toilet_nonfunctional"}},{"type":"Feature","geometry":{"type":"Point","coordinates":[79.0438,30.1132]},"properties":{"udise":"05061400201","name":"GOVT PS GULIYARI","state":"UTTARAKHAND","district":"PAURI","block":"THALISAIN","indicator":"girls_toilet_nonfunctional"}},{"type":"Feature","geometry":{"type":"Point","coordinates":[79.0735,30.1288]},"properties":{"udise":"05061400401","name":"GOVT PS BANANI","state":"UTTARAKHAND","district":"PAURI","block":"THALISAIN","indicator":"girls_toilet_nonfunctional"}},{"type":"Feature","geometry":{"type":"Point","coordinates":[78.9294,30.0047]},"properties":{"udise":"05060702006","name":"GYAN GANGA  PS  GADRI","state":"UTTARAKHAND","district":"PAURI","block":"POKHRA","indicator":"girls_toilet_nonfunctional"}},{"type":"Feature","geometry":{"type":"Point","coordinates":[78.8657,29.988]},"properties":{"udise":"05060609201","name":"Govt PS PALKOT","state":"UTTARAKHAND","district":"PAURI","block":"EKESHWAR","indicator":"girls_toilet_nonfunctional"}},{"type":"Feature","geometry":{"type":"Point","coordinates":[79.0096,29.9708]},"properties":{"udise":"05061101302","name":"GOVT. UPS NANSYUN","state":"UTTARAKHAND","district":"PAURI","block":"BIRONKHAL","indicator":"girls_toilet_nonfunctional"}},{"type":"Feature","geometry":{"type":"Point","coordinates":[79.1655,29.9882]},"properties":{"udise":"05061411501","name":"GOVT. INTER COLLEGE  KATHURKHAL","state":"UTTARAKHAND","district":"PAURI","block":"THALISAIN","indicator":"girls_toilet_nonfunctional"}},{"type":"Feature","geometry":{"type":"Point","coordinates":[78.826,29.731]},"properties":{"udise":"05061010102","name":"GOVT PS TIMALSAIN","state":"UTTARAKHAND","district":"PAURI","block":"RIKHANIKHAL","indicator":"girls_toilet_nonfunctional"}},{"type":"Feature","geometry":{"type":"Point","coordinates":[79.024,30.0302]},"properties":{"udise":"05061405502","name":"GOVT. HIGH SCHOOL MUSETI","state":"UTTARAKHAND","district":"PAURI","block":"THALISAIN","indicator":"girls_toilet_nonfunctional"}},{"type":"Feature","geometry":{"type":"Point","coordinates":[78.6399,30.0367]},"properties":{"udise":"05060411101","name":"GOVT PS BAHEDAKHAL","state":"UTTARAKHAND","district":"PAURI","block":"KOT","indicator":"girls_toilet_nonfunctional"}},{"type":"Feature","geometry":{"type":"Point","coordinates":[78.8855,29.7181]},"properties":{"udise":"05061008302","name":"GOVT. GIRLS HIGH SCHOOL KOTRI","state":"UTTARAKHAND","district":"PAURI","block":"RIKHANIKHAL","indicator":"girls_toilet_nonfunctional"}},{"type":"Feature","geometry":{"type":"Point","coordinates":[78.6277,29.9589]},"properties":{"udise":"05061514601","name":"GOVT.PS MEHARGAON","state":"UTTARAKHAND","district":"PAURI","block":"DWARIKAHL","indicator":"girls_toilet_nonfunctional"}},{"type":"Feature","geometry":{"type":"Point","coordinates":[78.8533,29.8527]},"properties":{"udise":"05061206301","name":"GOVT UPS KATHWADA","state":"UTTARAKHAND","district":"PAURI","block":"JAIHARIKHAL","indicator":"girls_toilet_nonfunctional"}},{"type":"Feature","geometry":{"type":"Point","coordinates":[78.78,29.9088]},"properties":{"udise":"05060601701","name":"GOVT PS GORLI","state":"UTTARAKHAND","district":"PAURI","block":"EKESHWAR","indicator":"girls_toilet_nonfunctional"}},{"type":"Feature","geometry":{"type":"Point","coordinates":[78.8624,30.0328]},"properties":{"udise":"05060603202","name":"Govt PS THAPLA","state":"UTTARAKHAND","district":"PAURI","block":"EKESHWAR","indicator":"girls_toilet_nonfunctional"}},{"type":"Feature","geometry":{"type":"Point","coordinates":[78.6975,30.0836]},"properties":{"udise":"05060104001","name":"PS KHAPROLI","state":"UTTARAKHAND","district":"PAURI","block":"PAURI","indicator":"girls_toilet_nonfunctional"}},{"type":"Feature","geometry":{"type":"Point","coordinates":[78.9657,29.6957]},"properties":{"udise":"05061300603","name":"GOVT. PS CHAID","state":"UTTARAKHAND","district":"PAURI","block":"NAINIDANDA","indicator":"girls_toilet_nonfunctional"}},{"type":"Feature","geometry":{"type":"Point","coordinates":[78.7895,30.2096]},"properties":{"udise":"05060206102","name":"GUPS KHOLA","state":"UTTARAKHAND","district":"PAURI","block":"KHIRSU","indicator":"girls_toilet_nonfunctional"}},{"type":"Feature","geometry":{"type":"Point","coordinates":[78.8739,29.758]},"properties":{"udise":"05061006301","name":"GOVT PS SIMALSAIN","state":"UTTARAKHAND","district":"PAURI","block":"RIKHANIKHAL","indicator":"girls_toilet_nonfunctional"}},{"type":"Feature","geometry":{"type":"Point","coordinates":[79.0008,29.6741]},"properties":{"udise":"05061308003","name":"GOVT. PS CHAMADA","state":"UTTARAKHAND","district":"PAURI","block":"NAINIDANDA","indicator":"girls_toilet_nonfunctional"}},{"type":"Feature","geometry":{"type":"Point","coordinates":[78.9501,29.6501]},"properties":{"udise":"05061302001","name":"GOVT. PS KALILANGU","state":"UTTARAKHAND","district":"PAURI","block":"NAINIDANDA","indicator":"girls_toilet_nonfunctional"}},{"type":"Feature","geometry":{"type":"Point","coordinates":[78.928,29.8539]},"properties":{"udise":"05061102202","name":"GOVT. PS TIMLI","state":"UTTARAKHAND","district":"PAURI","block":"BIRONKHAL","indicator":"girls_toilet_nonfunctional"}},{"type":"Feature","geometry":{"type":"Point","coordinates":[78.9335,29.6335]},"properties":{"udise":"05061302901","name":"GOVT. PS KHADRASI","state":"UTTARAKHAND","district":"PAURI","block":"NAINIDANDA","indicator":"girls_toilet_nonfunctional"}},{"type":"Feature","geometry":{"type":"Point","coordinates":[79.0447,29.8175]},"properties":{"udise":"05061109301","name":"GOVT. PS DULKHOLI","state":"UTTARAKHAND","district":"PAURI","block":"BIRONKHAL","indicator":"girls_toilet_nonfunctional"}},{"type":"Feature","geometry":{"type":"Point","coordinates":[78.7571,29.9016]},"properties":{"udise":"05060601801","name":"GOVT PS KYARD","state":"UTTARAKHAND","district":"PAURI","block":"EKESHWAR","indicator":"girls_toilet_nonfunctional"}},{"type":"Feature","geometry":{"type":"Point","coordinates":[79.0526,29.9145]},"properties":{"udise":"05061101501","name":"GOVT. PS TANKILA","state":"UTTARAKHAND","district":"PAURI","block":"BIRONKHAL","indicator":"girls_toilet_nonfunctional"}},{"type":"Feature","geometry":{"type":"Point","coordinates":[79.0321,29.6274]},"properties":{"udise":"05061304001","name":"GOVT. PS BHUNDKHAL","state":"UTTARAKHAND","district":"PAURI","block":"NAINIDANDA","indicator":"girls_toilet_nonfunctional"}},{"type":"Feature","geometry":{"type":"Point","coordinates":[78.9196,29.8027]},"properties":{"udise":"05061003901","name":"GOVT PS LEKULI","state":"UTTARAKHAND","district":"PAURI","block":"RIKHANIKHAL","indicator":"girls_toilet_nonfunctional"}},{"type":"Feature","geometry":{"type":"Point","coordinates":[78.68814,30.01817]},"properties":{"udise":"05060501307","name":"HJAPS GHANDIYAL","state":"UTTARAKHAND","district":"PAURI","block":"KALJIKHAL","indicator":"girls_toilet_nonfunctional"}},{"type":"Feature","geometry":{"type":"Point","coordinates":[79.0305,29.7033]},"properties":{"udise":"05061304703","name":"GOVT. PS NAUNIYAKHET","state":"UTTARAKHAND","district":"PAURI","block":"NAINIDANDA","indicator":"girls_toilet_nonfunctional"}},{"type":"Feature","geometry":{"type":"Point","coordinates":[78.76631,30.06283]},"properties":{"udise":"05060100105","name":"PS KADAIKHAL","state":"UTTARAKHAND","district":"PAURI","block":"PAURI","indicator":"girls_toilet_nonfunctional"}},{"type":"Feature","geometry":{"type":"Point","coordinates":[78.5479,29.8803]},"properties":{"udise":"05060803401","name":"GOVT PS BHAIDGAON","state":"UTTARAKHAND","district":"PAURI","block":"DUGADDA","indicator":"girls_toilet_nonfunctional"}},{"type":"Feature","geometry":{"type":"Point","coordinates":[79.0285,29.9064]},"properties":{"udise":"05061100503","name":"JBUPS PANCHPURI","state":"UTTARAKHAND","district":"PAURI","block":"BIRONKHAL","indicator":"girls_toilet_nonfunctional"}},{"type":"Feature","geometry":{"type":"Point","coordinates":[78.983,29.908]},"properties":{"udise":"05061113701","name":"GOVT. PS GUDIYALKHIL","state":"UTTARAKHAND","district":"PAURI","block":"BIRONKHAL","indicator":"girls_toilet_nonfunctional"}},{"type":"Feature","geometry":{"type":"Point","coordinates":[78.9437,30.155]},"properties":{"udise":"05061409801","name":"GOVT PS GODA","state":"UTTARAKHAND","district":"PAURI","block":"KHIRSU","indicator":"girls_toilet_nonfunctional"}},{"type":"Feature","geometry":{"type":"Point","coordinates":[78.9422,30.1242]},"properties":{"udise":"05060304701","name":"GOVT PS JAWADI","state":"UTTARAKHAND","district":"PAURI","block":"PABAU","indicator":"girls_toilet_nonfunctional"}},{"type":"Feature","geometry":{"type":"Point","coordinates":[78.7284,29.7566]},"properties":{"udise":"05061210201","name":"GOVT PS KACHHRBADI","state":"UTTARAKHAND","district":"PAURI","block":"JAIHARIKHAL","indicator":"girls_toilet_nonfunctional"}},{"type":"Feature","geometry":{"type":"Point","coordinates":[78.997,30.0725]},"properties":{"udise":"05060300601","name":"GOVT PS DHULET","state":"UTTARAKHAND","district":"PAURI","block":"PABAU","indicator":"girls_toilet_nonfunctional"}},{"type":"Feature","geometry":{"type":"Point","coordinates":[78.3886,29.7873]},"properties":{"udise":"05060807101","name":"GOVT PS DALIPPUR","state":"UTTARAKHAND","district":"PAURI","block":"DUGADDA","indicator":"girls_toilet_nonfunctional"}},{"type":"Feature","geometry":{"type":"Point","coordinates":[79.0239,29.6271]},"properties":{"udise":"05061303601","name":"GOVT. PS KAMANDA","state":"UTTARAKHAND","district":"PAURI","block":"NAINIDANDA","indicator":"girls_toilet_nonfunctional"}},{"type":"Feature","geometry":{"type":"Point","coordinates":[78.761,30.0391]},"properties":{"udise":"05060500401","name":"GOVT. PS MALAUN","state":"UTTARAKHAND","district":"PAURI","block":"KALJIKHAL","indicator":"girls_toilet_nonfunctional"}},{"type":"Feature","geometry":{"type":"Point","coordinates":[78.712,30.0049]},"properties":{"udise":"05060501701","name":"GOVT. HIGH SCHOOL BEDGAON","state":"UTTARAKHAND","district":"PAURI","block":"KALJIKHAL","indicator":"girls_toilet_nonfunctional"}},{"type":"Feature","geometry":{"type":"Point","coordinates":[78.3527,30.0417]},"properties":{"udise":"05060916601","name":"NEELKANTH JH DEVIKHAL","state":"UTTARAKHAND","district":"PAURI","block":"YAMKESHWAR","indicator":"girls_toilet_nonfunctional"}},{"type":"Feature","geometry":{"type":"Point","coordinates":[79.0278,29.7056]},"properties":{"udise":"05061304503","name":"GOVT. UPS ADWADA","state":"UTTARAKHAND","district":"PAURI","block":"NAINIDANDA","indicator":"girls_toilet_nonfunctional"}},{"type":"Feature","geometry":{"type":"Point","coordinates":[78.7046,30.1022]},"properties":{"udise":"05060103801","name":"PS DHANAU","state":"UTTARAKHAND","district":"PAURI","block":"PAURI","indicator":"girls_toilet_nonfunctional"}},{"type":"Feature","geometry":{"type":"Point","coordinates":[78.4963,29.8628]},"properties":{"udise":"05060803201","name":"GOVT PS KHALPADI","state":"UTTARAKHAND","district":"PAURI","block":"DUGADDA","indicator":"girls_toilet_nonfunctional"}},{"type":"Feature","geometry":{"type":"Point","coordinates":[79.0688,29.7514]},"properties":{"udise":"05061311201","name":"JANTA INTER COLLEGE KALINKAKHAL","state":"UTTARAKHAND","district":"PAURI","block":"NAINIDANDA","indicator":"girls_toilet_nonfunctional"}},{"type":"Feature","geometry":{"type":"Point","coordinates":[78.8331,29.8606]},"properties":{"udise":"05061205601","name":"GOVT PS GHERUWA","state":"UTTARAKHAND","district":"PAURI","block":"JAIHARIKHAL","indicator":"girls_toilet_nonfunctional"}},{"type":"Feature","geometry":{"type":"Point","coordinates":[78.9823,29.7566]},"properties":{"udise":"05061312801","name":"GOVT. INTER COLLEGE  PEEPLI","state":"UTTARAKHAND","district":"PAURI","block":"NAINIDANDA","indicator":"girls_toilet_nonfunctional"}},{"type":"Feature","geometry":{"type":"Point","coordinates":[80.0805,29.6694]},"properties":{"udise":"05070825102","name":"G I C CHITGAL","state":"UTTARAKHAND","district":"PITHORAGARH","block":"GANGOLIHAT","indicator":"no_girls_toilet"}},{"type":"Feature","geometry":{"type":"Point","coordinates":[80.0191,29.774]},"properties":{"udise":"05070736701","name":"GPS DAULIGARH","state":"UTTARAKHAND","district":"PITHORAGARH","block":"BERINAG","indicator":"no_girls_toilet"}},{"type":"Feature","geometry":{"type":"Point","coordinates":[79.9413,29.7183]},"properties":{"udise":"05070846701","name":"G.P.S GUNAKITAN","state":"UTTARAKHAND","district":"PITHORAGARH","block":"GANGOLIHAT","indicator":"no_girls_toilet"}},{"type":"Feature","geometry":{"type":"Point","coordinates":[80.7255,30.0117]},"properties":{"udise":"05070503601","name":"G.P.S.JIPTI","state":"UTTARAKHAND","district":"PITHORAGARH","block":"DHARCHULA","indicator":"no_girls_toilet"}},{"type":"Feature","geometry":{"type":"Point","coordinates":[80.4601,29.8057]},"properties":{"udise":"05070520704","name":"G.P.S.CHIRKEELA","state":"UTTARAKHAND","district":"PITHORAGARH","block":"DHARCHULA","indicator":"no_girls_toilet"}},{"type":"Feature","geometry":{"type":"Point","coordinates":[80.5342,29.8423]},"properties":{"udise":"05070510020","name":"G.PS GOTHANI","state":"UTTARAKHAND","district":"PITHORAGARH","block":"DHARCHULA","indicator":"no_girls_toilet"}},{"type":"Feature","geometry":{"type":"Point","coordinates":[80.0553,29.8709]},"properties":{"udise":"05070709801","name":"GPS LEGH","state":"UTTARAKHAND","district":"PITHORAGARH","block":"BERINAG","indicator":"no_girls_toilet"}},{"type":"Feature","geometry":{"type":"Point","coordinates":[80.6677,29.9705]},"properties":{"udise":"05070502604","name":"GPS  JAYKOT","state":"UTTARAKHAND","district":"PITHORAGARH","block":"DHARCHULA","indicator":"no_girls_toilet"}},{"type":"Feature","geometry":{"type":"Point","coordinates":[80.1194,29.7927]},"properties":{"udise":"05070706102","name":"GPS AMTHAL","state":"UTTARAKHAND","district":"PITHORAGARH","block":"BERINAG","indicator":"no_girls_toilet"}},{"type":"Feature","geometry":{"type":"Point","coordinates":[79.9137,29.7591]},"properties":{"udise":"05070805601","name":"G.P.S WADYURA","state":"UTTARAKHAND","district":"PITHORAGARH","block":"GANGOLIHAT","indicator":"no_girls_toilet"}},{"type":"Feature","geometry":{"type":"Point","coordinates":[80.0811,29.8632]},"properties":{"udise":"05070709401","name":"GPS CHAUSALA","state":"UTTARAKHAND","district":"PITHORAGARH","block":"BERINAG","indicator":"no_girls_toilet"}},{"type":"Feature","geometry":{"type":"Point","coordinates":[80.4642,29.8459]},"properties":{"udise":"05070519206","name":"GPS LEK SALLABAJANI","state":"UTTARAKHAND","district":"PITHORAGARH","block":"DHARCHULA","indicator":"no_girls_toilet"}},{"type":"Feature","geometry":{"type":"Point","coordinates":[80.1396,29.6228]},"properties":{"udise":"05070103101","name":"G.P.S.DUMET","state":"UTTARAKHAND","district":"PITHORAGARH","block":"BIN","indicator":"no_girls_toilet"}},{"type":"Feature","geometry":{"type":"Point","coordinates":[80.5546,29.9851]},"properties":{"udise":"05070507706","name":"G.P.S.SANYAL GAON","state":"UTTARAKHAND","district":"PITHORAGARH","block":"DHARCHULA","indicator":"no_girls_toilet"}},{"type":"Feature","geometry":{"type":"Point","coordinates":[80.093,29.5226]},"properties":{"udise":"05070816304","name":"GIC  DUBOULA","state":"UTTARAKHAND","district":"PITHORAGARH","block":"GANGOLIHAT","indicator":"no_girls_toilet"}},{"type":"Feature","geometry":{"type":"Point","coordinates":[80.4328,29.8103]},"properties":{"udise":"05070516501","name":"GPS  HIMKHOLA","state":"UTTARAKHAND","district":"PITHORAGARH","block":"DHARCHULA","indicator":"no_girls_toilet"}},{"type":"Feature","geometry":{"type":"Point","coordinates":[80.5134,29.8409]},"properties":{"udise":"05070511003","name":"GPS PARIPATAL","state":"UTTARAKHAND","district":"PITHORAGARH","block":"DHARCHULA","indicator":"no_girls_toilet"}},{"type":"Feature","geometry":{"type":"Point","coordinates":[80.7057,30.0355]},"properties":{"udise":"05070504302","name":"GJHS BUNGBUNG","state":"UTTARAKHAND","district":"PITHORAGARH","block":"DHARCHULA","indicator":"no_girls_toilet"}},{"type":"Feature","geometry":{"type":"Point","coordinates":[80.0937,29.7811]},"properties":{"udise":"05070707001","name":"GPS GHANGHOLI","state":"UTTARAKHAND","district":"PITHORAGARH","block":"BERINAG","indicator":"no_girls_toilet"}},{"type":"Feature","geometry":{"type":"Point","coordinates":[80.1408,29.6352]},"properties":{"udise":"05070102403","name":"GPS NAINI WALLI","state":"UTTARAKHAND","district":"PITHORAGARH","block":"BIN","indicator":"no_girls_toilet"}},{"type":"Feature","geometry":{"type":"Point","coordinates":[79.9475,29.7085]},"properties":{"udise":"05070800203","name":"GPS JIVALGAAD","state":"UTTARAKHAND","district":"PITHORAGARH","block":"GANGOLIHAT","indicator":"no_girls_toilet"}},{"type":"Feature","geometry":{"type":"Point","coordinates":[79.9165,29.6998]},"properties":{"udise":"05070800402","name":"G.U.P.S SARTOLA","state":"UTTARAKHAND","district":"PITHORAGARH","block":"GANGOLIHAT","indicator":"no_girls_toilet"}},{"type":"Feature","geometry":{"type":"Point","coordinates":[80.2296,29.5947]},"properties":{"udise":"05070100410","name":"BRIGHT FUTURE ACADEMY BASTE","state":"UTTARAKHAND","district":"PITHORAGARH","block":"BIN","indicator":"no_girls_toilet"}},{"type":"Feature","geometry":{"type":"Point","coordinates":[80.1022,29.504]},"properties":{"udise":"05070404501","name":"G.P.S. DHARA KAULI","state":"UTTARAKHAND","district":"PITHORAGARH","block":"DIDIHAT","indicator":"no_girls_toilet"}},{"type":"Feature","geometry":{"type":"Point","coordinates":[80.0645,29.6544]},"properties":{"udise":"05070808801","name":"GP.S.GOLAI","state":"UTTARAKHAND","district":"PITHORAGARH","block":"GANGOLIHAT","indicator":"no_girls_toilet"}},{"type":"Feature","geometry":{"type":"Point","coordinates":[79.905,29.7891]},"properties":{"udise":"05070847201","name":"GPS  BAJAR","state":"UTTARAKHAND","district":"PITHORAGARH","block":"GANGOLIHAT","indicator":"no_girls_toilet"}},{"type":"Feature","geometry":{"type":"Point","coordinates":[80.5121,29.8416]},"properties":{"udise":"05070511013","name":"GJHS.RAMTOLI","state":"UTTARAKHAND","district":"PITHORAGARH","block":"DHARCHULA","indicator":"no_girls_toilet"}},{"type":"Feature","geometry":{"type":"Point","coordinates":[80.4951,29.8073]},"properties":{"udise":"05070502101","name":"G.P.S.KHET","state":"UTTARAKHAND","district":"PITHORAGARH","block":"DHARCHULA","indicator":"no_girls_toilet"}},{"type":"Feature","geometry":{"type":"Point","coordinates":[80.2393,29.6097]},"properties":{"udise":"05070110602","name":"GKJHS GAINTHANA","state":"UTTARAKHAND","district":"PITHORAGARH","block":"BIN","indicator":"no_girls_toilet"}},{"type":"Feature","geometry":{"type":"Point","coordinates":[80.2096,29.5762]},"properties":{"udise":"05070122102","name":"WISDOM NURSERY SCHOOL PITH.","state":"UTTARAKHAND","district":"PITHORAGARH","block":"BIN","indicator":"no_girls_toilet"}},{"type":"Feature","geometry":{"type":"Point","coordinates":[79.9281,29.7859]},"properties":{"udise":"05070814803","name":"GP.S.BAJAR CHOORA","state":"UTTARAKHAND","district":"PITHORAGARH","block":"GANGOLIHAT","indicator":"no_girls_toilet"}},{"type":"Feature","geometry":{"type":"Point","coordinates":[80.5627,29.9999]},"properties":{"udise":"05070507705","name":"G.P.S.KURKHETI","state":"UTTARAKHAND","district":"PITHORAGARH","block":"DHARCHULA","indicator":"no_girls_toilet"}},{"type":"Feature","geometry":{"type":"Point","coordinates":[79.9984,29.6208]},"properties":{"udise":"05070820002","name":"GIC CHAURPAL","state":"UTTARAKHAND","district":"PITHORAGARH","block":"GANGOLIHAT","indicator":"no_girls_toilet"}},{"type":"Feature","geometry":{"type":"Point","coordinates":[80.4184,29.8066]},"properties":{"udise":"05070503801","name":"G.P.S.CHALMA CHILASO","state":"UTTARAKHAND","district":"PITHORAGARH","block":"DHARCHULA","indicator":"no_girls_toilet"}},{"type":"Feature","geometry":{"type":"Point","coordinates":[80.6911,29.9803]},"properties":{"udise":"05070504101","name":"G.P.S.PANGALA","state":"UTTARAKHAND","district":"PITHORAGARH","block":"DHARCHULA","indicator":"no_girls_toilet"}},{"type":"Feature","geometry":{"type":"Point","coordinates":[80.16029,29.8403]},"properties":{"udise":"05070404401","name":"G.P.S. KARELATOPRADHAR","state":"UTTARAKHAND","district":"PITHORAGARH","block":"DIDIHAT","indicator":"no_girls_toilet"}},{"type":"Feature","geometry":{"type":"Point","coordinates":[80.2211,29.5906]},"properties":{"udise":"05070114006","name":"SHISHU VIDHYA MANDIR JHS RAI","state":"UTTARAKHAND","district":"PITHORAGARH","block":"BIN","indicator":"no_girls_toilet"}},{"type":"Feature","geometry":{"type":"Point","coordinates":[80.6892,29.9772]},"properties":{"udise":"05070504104","name":"G.P.S.CHHOTI PANGALA","state":"UTTARAKHAND","district":"PITHORAGARH","block":"DHARCHULA","indicator":"no_girls_toilet"}},{"type":"Feature","geometry":{"type":"Point","coordinates":[80.6025,30.0701]},"properties":{"udise":"05070502002","name":"G..H.S.DAR","state":"UTTARAKHAND","district":"PITHORAGARH","block":"DHARCHULA","indicator":"no_girls_toilet"}},{"type":"Feature","geometry":{"type":"Point","coordinates":[79.9582,29.7388]},"properties":{"udise":"05070829501","name":"GP.S. OLIYA GAON","state":"UTTARAKHAND","district":"PITHORAGARH","block":"GANGOLIHAT","indicator":"no_girls_toilet"}},{"type":"Feature","geometry":{"type":"Point","coordinates":[80.0065,29.7341]},"properties":{"udise":"05070813305","name":"GPS SINGOLARAMER","state":"UTTARAKHAND","district":"PITHORAGARH","block":"GANGOLIHAT","indicator":"no_girls_toilet"}},{"type":"Feature","geometry":{"type":"Point","coordinates":[80.5129,29.8321]},"properties":{"udise":"05070500501","name":"G.P.S.KHELA","state":"UTTARAKHAND","district":"PITHORAGARH","block":"DHARCHULA","indicator":"no_girls_toilet"}},{"type":"Feature","geometry":{"type":"Point","coordinates":[80.5525,29.8527]},"properties":{"udise":"05070509217","name":"GPS KHOTILA","state":"UTTARAKHAND","district":"PITHORAGARH","block":"DHARCHULA","indicator":"no_girls_toilet"}},{"type":"Feature","geometry":{"type":"Point","coordinates":[79.945,29.7055]},"properties":{"udise":"05070800201","name":"GPS GWASIKOT   1","state":"UTTARAKHAND","district":"PITHORAGARH","block":"GANGOLIHAT","indicator":"no_girls_toilet"}},{"type":"Feature","geometry":{"type":"Point","coordinates":[80.01286,29.57575]},"properties":{"udise":"05070810303","name":"GPS  DHUR KHAMA","state":"UTTARAKHAND","district":"PITHORAGARH","block":"GANGOLIHAT","indicator":"no_girls_toilet"}},{"type":"Feature","geometry":{"type":"Point","coordinates":[80.13641,29.83084]},"properties":{"udise":"05070403301","name":"G.P.S. GOL","state":"UTTARAKHAND","district":"PITHORAGARH","block":"DIDIHAT","indicator":"girls_toilet_nonfunctional"}},{"type":"Feature","geometry":{"type":"Point","coordinates":[80.3907,29.6429]},"properties":{"udise":"05070300106","name":"GPS BATHOLI-2","state":"UTTARAKHAND","district":"PITHORAGARH","block":"KANALICHHEENA","indicator":"girls_toilet_nonfunctional"}},{"type":"Feature","geometry":{"type":"Point","coordinates":[80.6749,29.971]},"properties":{"udise":"05070502602","name":"G.H.S.JAYKOT","state":"UTTARAKHAND","district":"PITHORAGARH","block":"DHARCHULA","indicator":"girls_toilet_nonfunctional"}},{"type":"Feature","geometry":{"type":"Point","coordinates":[80.131,29.7357]},"properties":{"udise":"05070315402","name":"GPS SUNI","state":"UTTARAKHAND","district":"PITHORAGARH","block":"KANALICHHEENA","indicator":"girls_toilet_nonfunctional"}},{"type":"Feature","geometry":{"type":"Point","coordinates":[80.3701,29.65]},"properties":{"udise":"05070302201","name":"GPS BARMOO","state":"UTTARAKHAND","district":"PITHORAGARH","block":"KANALICHHEENA","indicator":"girls_toilet_nonfunctional"}},{"type":"Feature","geometry":{"type":"Point","coordinates":[80.1656,29.4631]},"properties":{"udise":"05070418501","name":"G.K.J.H.S. MERTHI","state":"UTTARAKHAND","district":"PITHORAGARH","block":"DIDIHAT","indicator":"girls_toilet_nonfunctional"}},{"type":"Feature","geometry":{"type":"Point","coordinates":[79.9379,29.7259]},"properties":{"udise":"05070807201","name":"GP.S.GANAI GANGOLI","state":"UTTARAKHAND","district":"PITHORAGARH","block":"GANGOLIHAT","indicator":"girls_toilet_nonfunctional"}},{"type":"Feature","geometry":{"type":"Point","coordinates":[80.0396,29.6185]},"properties":{"udise":"05070833901","name":"GP.S. SURKAAL","state":"UTTARAKHAND","district":"PITHORAGARH","block":"GANGOLIHAT","indicator":"girls_toilet_nonfunctional"}},{"type":"Feature","geometry":{"type":"Point","coordinates":[80.2864,29.9323]},"properties":{"udise":"05070624301","name":"G.P. S. MADARMA","state":"UTTARAKHAND","district":"PITHORAGARH","block":"MUNSYARI","indicator":"girls_toilet_nonfunctional"}},{"type":"Feature","geometry":{"type":"Point","coordinates":[80.2241,30.0744]},"properties":{"udise":"05070607202","name":"S.P.S. JAITI","state":"UTTARAKHAND","district":"PITHORAGARH","block":"MUNSYARI","indicator":"girls_toilet_nonfunctional"}},{"type":"Feature","geometry":{"type":"Point","coordinates":[80.2679,29.6834]},"properties":{"udise":"05070311601","name":"GPS SIROLEE","state":"UTTARAKHAND","district":"PITHORAGARH","block":"KANALICHHEENA","indicator":"girls_toilet_nonfunctional"}},{"type":"Feature","geometry":{"type":"Point","coordinates":[80.419,29.6381]},"properties":{"udise":"05070312702","name":"GJHS RANUWA","state":"UTTARAKHAND","district":"PITHORAGARH","block":"KANALICHHEENA","indicator":"girls_toilet_nonfunctional"}},{"type":"Feature","geometry":{"type":"Point","coordinates":[80.3026,30.0571]},"properties":{"udise":"05070603603","name":"G.U.P.S. WALTHI","state":"UTTARAKHAND","district":"PITHORAGARH","block":"MUNSYARI","indicator":"girls_toilet_nonfunctional"}},{"type":"Feature","geometry":{"type":"Point","coordinates":[80.2043,29.7071]},"properties":{"udise":"05070302901","name":"GP.S.SOUNGAON","state":"UTTARAKHAND","district":"PITHORAGARH","block":"KANALICHHEENA","indicator":"girls_toilet_nonfunctional"}},{"type":"Feature","geometry":{"type":"Point","coordinates":[80.055,29.8215]},"properties":{"udise":"05070710701","name":"GPS CHAWUKA THAL","state":"UTTARAKHAND","district":"PITHORAGARH","block":"BERINAG","indicator":"girls_toilet_nonfunctional"}},{"type":"Feature","geometry":{"type":"Point","coordinates":[80.3615,29.8163]},"properties":{"udise":"05070407404","name":"G.P.S. SANGALTAR","state":"UTTARAKHAND","district":"PITHORAGARH","block":"DIDIHAT","indicator":"girls_toilet_nonfunctional"}},{"type":"Feature","geometry":{"type":"Point","coordinates":[80.1467,29.5539]},"properties":{"udise":"05070112202","name":"SARASWATI SISHU MANDIR","state":"UTTARAKHAND","district":"PITHORAGARH","block":"BIN","indicator":"girls_toilet_nonfunctional"}},{"type":"Feature","geometry":{"type":"Point","coordinates":[79.9862,29.6224]},"properties":{"udise":"05070810701","name":"GP.S.RAITOOLA","state":"UTTARAKHAND","district":"PITHORAGARH","block":"GANGOLIHAT","indicator":"girls_toilet_nonfunctional"}},{"type":"Feature","geometry":{"type":"Point","coordinates":[79.8716,29.7499]},"properties":{"udise":"05070846001","name":"GP.S.JAMTOLA MADHYA TAAL","state":"UTTARAKHAND","district":"PITHORAGARH","block":"GANGOLIHAT","indicator":"girls_toilet_nonfunctional"}},{"type":"Feature","geometry":{"type":"Point","coordinates":[80.2834,29.6271]},"properties":{"udise":"05070219201","name":"GPS LACHIR","state":"UTTARAKHAND","district":"PITHORAGARH","block":"MOONAKOT","indicator":"girls_toilet_nonfunctional"}},{"type":"Feature","geometry":{"type":"Point","coordinates":[80.125,30.0054]},"properties":{"udise":"05070623901","name":"G.P.S. RUMIDOLA","state":"UTTARAKHAND","district":"PITHORAGARH","block":"MUNSYARI","indicator":"girls_toilet_nonfunctional"}},{"type":"Feature","geometry":{"type":"Point","coordinates":[80.1981,29.8486]},"properties":{"udise":"05070422701","name":"G.P.S.CHAMALI","state":"UTTARAKHAND","district":"PITHORAGARH","block":"DIDIHAT","indicator":"girls_toilet_nonfunctional"}},{"type":"Feature","geometry":{"type":"Point","coordinates":[80.6792,30.0007]},"properties":{"udise":"05070503106","name":"G.P.S. KOTKHARK","state":"UTTARAKHAND","district":"PITHORAGARH","block":"DHARCHULA","indicator":"girls_toilet_nonfunctional"}},{"type":"Feature","geometry":{"type":"Point","coordinates":[80.1824,29.4846]},"properties":{"udise":"05070420403","name":"G.P.S.KUTA KANYAL","state":"UTTARAKHAND","district":"PITHORAGARH","block":"DIDIHAT","indicator":"girls_toilet_nonfunctional"}},{"type":"Feature","geometry":{"type":"Point","coordinates":[80.2482,30.1068]},"properties":{"udise":"05070607602","name":"G.J.H.S.DUMMAR","state":"UTTARAKHAND","district":"PITHORAGARH","block":"MUNSYARI","indicator":"girls_toilet_nonfunctional"}},{"type":"Feature","geometry":{"type":"Point","coordinates":[80.2019,29.6737]},"properties":{"udise":"05070303304","name":"GPS TUNGARI","state":"UTTARAKHAND","district":"PITHORAGARH","block":"KANALICHHEENA","indicator":"girls_toilet_nonfunctional"}},{"type":"Feature","geometry":{"type":"Point","coordinates":[79.9272,29.731]},"properties":{"udise":"05070847702","name":"GP.S.DEVRARI BORA","state":"UTTARAKHAND","district":"PITHORAGARH","block":"GANGOLIHAT","indicator":"girls_toilet_nonfunctional"}},{"type":"Feature","geometry":{"type":"Point","coordinates":[80.1701,29.6193]},"properties":{"udise":"05070102803","name":"GKJHS BHURUMNI","state":"UTTARAKHAND","district":"PITHORAGARH","block":"BIN","indicator":"girls_toilet_nonfunctional"}},{"type":"Feature","geometry":{"type":"Point","coordinates":[80.3516,29.7635]},"properties":{"udise":"05070305208","name":"K.V.S. PAL MEMORIYAL SCHOOL","state":"UTTARAKHAND","district":"PITHORAGARH","block":"KANALICHHEENA","indicator":"girls_toilet_nonfunctional"}},{"type":"Feature","geometry":{"type":"Point","coordinates":[80.0826,29.523]},"properties":{"udise":"05070816303","name":"GPS VIRTOLA","state":"UTTARAKHAND","district":"PITHORAGARH","block":"GANGOLIHAT","indicator":"girls_toilet_nonfunctional"}},{"type":"Feature","geometry":{"type":"Point","coordinates":[80.1186,29.779]},"properties":{"udise":"05070708401","name":"GPS BELKOT","state":"UTTARAKHAND","district":"PITHORAGARH","block":"BERINAG","indicator":"girls_toilet_nonfunctional"}},{"type":"Feature","geometry":{"type":"Point","coordinates":[80.1407,29.6402]},"properties":{"udise":"05070102402","name":"G.P.S. NAINI BHANAR","state":"UTTARAKHAND","district":"PITHORAGARH","block":"BIN","indicator":"girls_toilet_nonfunctional"}},{"type":"Feature","geometry":{"type":"Point","coordinates":[80.0792,30.0239]},"properties":{"udise":"05070601806","name":"G.P.S. NAGHAR","state":"UTTARAKHAND","district":"PITHORAGARH","block":"MUNSYARI","indicator":"girls_toilet_nonfunctional"}},{"type":"Feature","geometry":{"type":"Point","coordinates":[80.0606,29.643]},"properties":{"udise":"05070809001","name":"GP.S.KOTHERA","state":"UTTARAKHAND","district":"PITHORAGARH","block":"GANGOLIHAT","indicator":"girls_toilet_nonfunctional"}},{"type":"Feature","geometry":{"type":"Point","coordinates":[80.1675,29.5481]},"properties":{"udise":"05070105307","name":"GPS FAGALI","state":"UTTARAKHAND","district":"PITHORAGARH","block":"BIN","indicator":"girls_toilet_nonfunctional"}},{"type":"Feature","geometry":{"type":"Point","coordinates":[80.2257,29.9378]},"properties":{"udise":"05070612402","name":"G.P.S.GOOL GAON","state":"UTTARAKHAND","district":"PITHORAGARH","block":"MUNSYARI","indicator":"girls_toilet_nonfunctional"}},{"type":"Feature","geometry":{"type":"Point","coordinates":[80.202,29.9804]},"properties":{"udise":"05070617203","name":"G.PS DOBRA","state":"UTTARAKHAND","district":"PITHORAGARH","block":"MUNSYARI","indicator":"girls_toilet_nonfunctional"}},{"type":"Feature","geometry":{"type":"Point","coordinates":[80.0242,29.8466]},"properties":{"udise":"05070712002","name":"GPS HAMKARKI","state":"UTTARAKHAND","district":"PITHORAGARH","block":"BERINAG","indicator":"girls_toilet_nonfunctional"}},{"type":"Feature","geometry":{"type":"Point","coordinates":[80.5032,29.8196]},"properties":{"udise":"05070505702","name":"G.J.H.S.DUGTU","state":"UTTARAKHAND","district":"PITHORAGARH","block":"DHARCHULA","indicator":"girls_toilet_nonfunctional"}},{"type":"Feature","geometry":{"type":"Point","coordinates":[80.0405,29.8008]},"properties":{"udise":"05070711201","name":"GPS SAKNOLI","state":"UTTARAKHAND","district":"PITHORAGARH","block":"BERINAG","indicator":"girls_toilet_nonfunctional"}},{"type":"Feature","geometry":{"type":"Point","coordinates":[80.1977,29.7136]},"properties":{"udise":"05070303702","name":"GJHS BAMDOLI","state":"UTTARAKHAND","district":"PITHORAGARH","block":"KANALICHHEENA","indicator":"girls_toilet_nonfunctional"}},{"type":"Feature","geometry":{"type":"Point","coordinates":[80.3325,29.7748]},"properties":{"udise":"05070305202","name":"GP.S.DAYAKOT","state":"UTTARAKHAND","district":"PITHORAGARH","block":"KANALICHHEENA","indicator":"girls_toilet_nonfunctional"}},{"type":"Feature","geometry":{"type":"Point","coordinates":[80.1702,29.6197]},"properties":{"udise":"05070102801","name":"G.P.S.BHURMUNI","state":"UTTARAKHAND","district":"PITHORAGARH","block":"BIN","indicator":"girls_toilet_nonfunctional"}},{"type":"Feature","geometry":{"type":"Point","coordinates":[80.194,29.85]},"properties":{"udise":"05070422702","name":"G.J.H.S CHAMALI","state":"UTTARAKHAND","district":"PITHORAGARH","block":"DIDIHAT","indicator":"girls_toilet_nonfunctional"}},{"type":"Feature","geometry":{"type":"Point","coordinates":[80.2095,29.6691]},"properties":{"udise":"05070314702","name":"GP.S.MELTOLA","state":"UTTARAKHAND","district":"PITHORAGARH","block":"KANALICHHEENA","indicator":"girls_toilet_nonfunctional"}},{"type":"Feature","geometry":{"type":"Point","coordinates":[80.1686,29.9479]},"properties":{"udise":"05070608901","name":"G.P.S.BANSANI","state":"UTTARAKHAND","district":"PITHORAGARH","block":"MUNSYARI","indicator":"girls_toilet_nonfunctional"}},{"type":"Feature","geometry":{"type":"Point","coordinates":[80.141,29.5974]},"properties":{"udise":"05070100303","name":"GPS PABHAIN","state":"UTTARAKHAND","district":"PITHORAGARH","block":"BIN","indicator":"girls_toilet_nonfunctional"}},{"type":"Feature","geometry":{"type":"Point","coordinates":[80.1642,29.7082]},"properties":{"udise":"05070321701","name":"GJHS SURAULI","state":"UTTARAKHAND","district":"PITHORAGARH","block":"KANALICHHEENA","indicator":"girls_toilet_nonfunctional"}},{"type":"Feature","geometry":{"type":"Point","coordinates":[79.9924,29.6299]},"properties":{"udise":"05070811002","name":"GJHS DHARARI","state":"UTTARAKHAND","district":"PITHORAGARH","block":"GANGOLIHAT","indicator":"girls_toilet_nonfunctional"}},{"type":"Feature","geometry":{"type":"Point","coordinates":[80.5598,29.9008]},"properties":{"udise":"05070509202","name":"G.P.S. SELMA","state":"UTTARAKHAND","district":"PITHORAGARH","block":"DHARCHULA","indicator":"girls_toilet_nonfunctional"}},{"type":"Feature","geometry":{"type":"Point","coordinates":[80.0221,29.6862]},"properties":{"udise":"05070818401","name":"GPS  DEVTUNG BHUNAR","state":"UTTARAKHAND","district":"PITHORAGARH","block":"GANGOLIHAT","indicator":"girls_toilet_nonfunctional"}},{"type":"Feature","geometry":{"type":"Point","coordinates":[80.341,29.7818]},"properties":{"udise":"05070305505","name":"GP.S.JAMTARI KUTA","state":"UTTARAKHAND","district":"PITHORAGARH","block":"KANALICHHEENA","indicator":"girls_toilet_nonfunctional"}},{"type":"Feature","geometry":{"type":"Point","coordinates":[80.13928,29.77467]},"properties":{"udise":"05070411502","name":"G.H.S.S. GHASAR","state":"UTTARAKHAND","district":"PITHORAGARH","block":"DIDIHAT","indicator":"girls_toilet_nonfunctional"}},{"type":"Feature","geometry":{"type":"Point","coordinates":[80.2328,29.5963]},"properties":{"udise":"05070110401","name":"GPS PANDA","state":"UTTARAKHAND","district":"PITHORAGARH","block":"BIN","indicator":"girls_toilet_nonfunctional"}},{"type":"Feature","geometry":{"type":"Point","coordinates":[80.0583,29.7894]},"properties":{"udise":"05070735102","name":"GPS SELIPAKH","state":"UTTARAKHAND","district":"PITHORAGARH","block":"BERINAG","indicator":"girls_toilet_nonfunctional"}},{"type":"Feature","geometry":{"type":"Point","coordinates":[80.1243,29.5048]},"properties":{"udise":"05070405001","name":"G.P.S.RANIKHET","state":"UTTARAKHAND","district":"PITHORAGARH","block":"DIDIHAT","indicator":"girls_toilet_nonfunctional"}},{"type":"Feature","geometry":{"type":"Point","coordinates":[80.1949,29.6983]},"properties":{"udise":"05070310602","name":"SARASRWATI S.M. BUNGA CHEENA","state":"UTTARAKHAND","district":"PITHORAGARH","block":"KANALICHHEENA","indicator":"girls_toilet_nonfunctional"}},{"type":"Feature","geometry":{"type":"Point","coordinates":[79.9282,29.7231]},"properties":{"udise":"05070807301","name":"G.P.S CHAUKI","state":"UTTARAKHAND","district":"PITHORAGARH","block":"GANGOLIHAT","indicator":"girls_toilet_nonfunctional"}},{"type":"Feature","geometry":{"type":"Point","coordinates":[80.1547,30.0403]},"properties":{"udise":"05070622401","name":"G.P.S.BALA","state":"UTTARAKHAND","district":"PITHORAGARH","block":"MUNSYARI","indicator":"girls_toilet_nonfunctional"}},{"type":"Feature","geometry":{"type":"Point","coordinates":[80.0451,29.8274]},"properties":{"udise":"05070710801","name":"GPS BAITHOLI","state":"UTTARAKHAND","district":"PITHORAGARH","block":"BERINAG","indicator":"girls_toilet_nonfunctional"}},{"type":"Feature","geometry":{"type":"Point","coordinates":[80.3502,29.7645]},"properties":{"udise":"05070306101","name":"GPS CHAMLEKH","state":"UTTARAKHAND","district":"PITHORAGARH","block":"KANALICHHEENA","indicator":"girls_toilet_nonfunctional"}},{"type":"Feature","geometry":{"type":"Point","coordinates":[80.2913,29.7042]},"properties":{"udise":"05070319203","name":"GHS AANACHAURA","state":"UTTARAKHAND","district":"PITHORAGARH","block":"KANALICHHEENA","indicator":"girls_toilet_nonfunctional"}},{"type":"Feature","geometry":{"type":"Point","coordinates":[80.2561,29.6771]},"properties":{"udise":"05070302701","name":"GP.S.SURAUN","state":"UTTARAKHAND","district":"PITHORAGARH","block":"KANALICHHEENA","indicator":"girls_toilet_nonfunctional"}},{"type":"Feature","geometry":{"type":"Point","coordinates":[79.983,29.8489]},"properties":{"udise":"05070711502","name":"GPS DUDILA","state":"UTTARAKHAND","district":"PITHORAGARH","block":"BERINAG","indicator":"girls_toilet_nonfunctional"}},{"type":"Feature","geometry":{"type":"Point","coordinates":[80.543,29.9154]},"properties":{"udise":"05070509711","name":"GPS JAMUNI","state":"UTTARAKHAND","district":"PITHORAGARH","block":"DHARCHULA","indicator":"girls_toilet_nonfunctional"}},{"type":"Feature","geometry":{"type":"Point","coordinates":[80.1423,30.0234]},"properties":{"udise":"05070600101","name":"G.P.S.MADALKIYA","state":"UTTARAKHAND","district":"PITHORAGARH","block":"MUNSYARI","indicator":"girls_toilet_nonfunctional"}},{"type":"Feature","geometry":{"type":"Point","coordinates":[80.3845,29.7523]},"properties":{"udise":"05070512702","name":"GIC JAULJIBI","state":"UTTARAKHAND","district":"PITHORAGARH","block":"DHARCHULA","indicator":"girls_toilet_nonfunctional"}},{"type":"Feature","geometry":{"type":"Point","coordinates":[80.0978,29.7822]},"properties":{"udise":"05070712401","name":"GPS BHANELA GAON","state":"UTTARAKHAND","district":"PITHORAGARH","block":"BERINAG","indicator":"girls_toilet_nonfunctional"}},{"type":"Feature","geometry":{"type":"Point","coordinates":[80.2564,29.649]},"properties":{"udise":"05070416202","name":"HIGH SCHOOL MELTI","state":"UTTARAKHAND","district":"PITHORAGARH","block":"DIDIHAT","indicator":"girls_toilet_nonfunctional"}},{"type":"Feature","geometry":{"type":"Point","coordinates":[80.2051,29.9882]},"properties":{"udise":"05070617204","name":"G.P.S.SAMKOT TALLA","state":"UTTARAKHAND","district":"PITHORAGARH","block":"MUNSYARI","indicator":"girls_toilet_nonfunctional"}},{"type":"Feature","geometry":{"type":"Point","coordinates":[80.493,29.8073]},"properties":{"udise":"05070501001","name":"G.P.S.JAMKU","state":"UTTARAKHAND","district":"PITHORAGARH","block":"DHARCHULA","indicator":"girls_toilet_nonfunctional"}},{"type":"Feature","geometry":{"type":"Point","coordinates":[80.0331,29.6953]},"properties":{"udise":"05070812701","name":"GP.S.SURKHAL","state":"UTTARAKHAND","district":"PITHORAGARH","block":"GANGOLIHAT","indicator":"girls_toilet_nonfunctional"}},{"type":"Feature","geometry":{"type":"Point","coordinates":[80.3973,29.8029]},"properties":{"udise":"05070512406","name":"GPS CHANDRA GAON","state":"UTTARAKHAND","district":"PITHORAGARH","block":"DHARCHULA","indicator":"girls_toilet_nonfunctional"}},{"type":"Feature","geometry":{"type":"Point","coordinates":[80.2859,30.0924]},"properties":{"udise":"05070603001","name":"G.P.S.BASANTKOT","state":"UTTARAKHAND","district":"PITHORAGARH","block":"MUNSYARI","indicator":"girls_toilet_nonfunctional"}},{"type":"Feature","geometry":{"type":"Point","coordinates":[80.1358,29.4957]},"properties":{"udise":"05070401401","name":"G.P.S. DHUNGETI","state":"UTTARAKHAND","district":"PITHORAGARH","block":"DIDIHAT","indicator":"girls_toilet_nonfunctional"}},{"type":"Feature","geometry":{"type":"Point","coordinates":[80.50297,29.9675]},"properties":{"udise":"05070502402","name":"GPS  PASTI","state":"UTTARAKHAND","district":"PITHORAGARH","block":"DHARCHULA","indicator":"girls_toilet_nonfunctional"}},{"type":"Feature","geometry":{"type":"Point","coordinates":[80.104,29.4807]},"properties":{"udise":"05070406401","name":"G.P.S.ATAL GAON","state":"UTTARAKHAND","district":"PITHORAGARH","block":"DIDIHAT","indicator":"girls_toilet_nonfunctional"}},{"type":"Feature","geometry":{"type":"Point","coordinates":[80.1377,30.0041]},"properties":{"udise":"05070602702","name":"G.P.S. MUKARAM","state":"UTTARAKHAND","district":"PITHORAGARH","block":"MUNSYARI","indicator":"girls_toilet_nonfunctional"}},{"type":"Feature","geometry":{"type":"Point","coordinates":[80.0794,29.7914]},"properties":{"udise":"05070707201","name":"GPS ASYALI","state":"UTTARAKHAND","district":"PITHORAGARH","block":"BERINAG","indicator":"girls_toilet_nonfunctional"}},{"type":"Feature","geometry":{"type":"Point","coordinates":[80.3689,29.6104]},"properties":{"udise":"05070204204","name":"GPS MELTOLA","state":"UTTARAKHAND","district":"PITHORAGARH","block":"MOONAKOT","indicator":"girls_toilet_nonfunctional"}},{"type":"Feature","geometry":{"type":"Point","coordinates":[80.2234,29.5767]},"properties":{"udise":"05070108801","name":"GPS DHAPARPATA","state":"UTTARAKHAND","district":"PITHORAGARH","block":"BIN","indicator":"girls_toilet_nonfunctional"}},{"type":"Feature","geometry":{"type":"Point","coordinates":[80.5674,29.9195]},"properties":{"udise":"05070509713","name":"GPS  RUDILA","state":"UTTARAKHAND","district":"PITHORAGARH","block":"DHARCHULA","indicator":"girls_toilet_nonfunctional"}},{"type":"Feature","geometry":{"type":"Point","coordinates":[80.3383,29.7081]},"properties":{"udise":"05070308601","name":"GPS AMKOT","state":"UTTARAKHAND","district":"PITHORAGARH","block":"KANALICHHEENA","indicator":"girls_toilet_nonfunctional"}},{"type":"Feature","geometry":{"type":"Point","coordinates":[80.5397,29.8807]},"properties":{"udise":"05070509214","name":"GPS KURKHETE","state":"UTTARAKHAND","district":"PITHORAGARH","block":"DHARCHULA","indicator":"girls_toilet_nonfunctional"}},{"type":"Feature","geometry":{"type":"Point","coordinates":[80.5482,29.8646]},"properties":{"udise":"05070513819","name":"GPS DHARCHULA","state":"UTTARAKHAND","district":"PITHORAGARH","block":"DHARCHULA","indicator":"girls_toilet_nonfunctional"}},{"type":"Feature","geometry":{"type":"Point","coordinates":[80.1719,29.4941]},"properties":{"udise":"05070405306","name":"G.P.S.KANIDHURA","state":"UTTARAKHAND","district":"PITHORAGARH","block":"DIDIHAT","indicator":"girls_toilet_nonfunctional"}},{"type":"Feature","geometry":{"type":"Point","coordinates":[80.3675,29.7148]},"properties":{"udise":"05070300301","name":"GPS SILONI","state":"UTTARAKHAND","district":"PITHORAGARH","block":"KANALICHHEENA","indicator":"girls_toilet_nonfunctional"}},{"type":"Feature","geometry":{"type":"Point","coordinates":[80.3688,29.6886]},"properties":{"udise":"05070312002","name":"GU.P.S. BACHKOT","state":"UTTARAKHAND","district":"PITHORAGARH","block":"KANALICHHEENA","indicator":"girls_toilet_nonfunctional"}},{"type":"Feature","geometry":{"type":"Point","coordinates":[80.0824,29.5971]},"properties":{"udise":"05070831001","name":"GP.S. KOTIGAON","state":"UTTARAKHAND","district":"PITHORAGARH","block":"GANGOLIHAT","indicator":"girls_toilet_nonfunctional"}},{"type":"Feature","geometry":{"type":"Point","coordinates":[79.977,29.7038]},"properties":{"udise":"05070800701","name":"GPS MATOLE","state":"UTTARAKHAND","district":"PITHORAGARH","block":"GANGOLIHAT","indicator":"girls_toilet_nonfunctional"}},{"type":"Feature","geometry":{"type":"Point","coordinates":[80.2345,29.7544]},"properties":{"udise":"05070408302","name":"G.J.H.S. BANDAR LEEMA","state":"UTTARAKHAND","district":"PITHORAGARH","block":"DIDIHAT","indicator":"girls_toilet_nonfunctional"}},{"type":"Feature","geometry":{"type":"Point","coordinates":[80.1861,29.8378]},"properties":{"udise":"05070404601","name":"G.P.S.PAM TORI","state":"UTTARAKHAND","district":"PITHORAGARH","block":"DIDIHAT","indicator":"girls_toilet_nonfunctional"}},{"type":"Feature","geometry":{"type":"Point","coordinates":[80.0911,29.8376]},"properties":{"udise":"05070706901","name":"GPS BAMRET","state":"UTTARAKHAND","district":"PITHORAGARH","block":"BERINAG","indicator":"girls_toilet_nonfunctional"}},{"type":"Feature","geometry":{"type":"Point","coordinates":[80.3164,29.85668]},"properties":{"udise":"05070405201","name":"G.P.S. MALAJHULA","state":"UTTARAKHAND","district":"PITHORAGARH","block":"DIDIHAT","indicator":"girls_toilet_nonfunctional"}},{"type":"Feature","geometry":{"type":"Point","coordinates":[79.935,29.7311]},"properties":{"udise":"05070818202","name":"B.V.M.  GANAI","state":"UTTARAKHAND","district":"PITHORAGARH","block":"GANGOLIHAT","indicator":"girls_toilet_nonfunctional"}},{"type":"Feature","geometry":{"type":"Point","coordinates":[79.8993,29.7784]},"properties":{"udise":"05070845901","name":"GPS  SITA KHUNA","state":"UTTARAKHAND","district":"PITHORAGARH","block":"GANGOLIHAT","indicator":"girls_toilet_nonfunctional"}},{"type":"Feature","geometry":{"type":"Point","coordinates":[80.4987,29.8605]},"properties":{"udise":"05070510012","name":"G.PS LEK","state":"UTTARAKHAND","district":"PITHORAGARH","block":"DHARCHULA","indicator":"girls_toilet_nonfunctional"}},{"type":"Feature","geometry":{"type":"Point","coordinates":[80.5649,29.8942]},"properties":{"udise":"05070509212","name":"GPS TALLA DHAMIGAON","state":"UTTARAKHAND","district":"PITHORAGARH","block":"DHARCHULA","indicator":"girls_toilet_nonfunctional"}},{"type":"Feature","geometry":{"type":"Point","coordinates":[79.9035,29.7024]},"properties":{"udise":"05070819301","name":"GPS SERA URF BADOLI","state":"UTTARAKHAND","district":"PITHORAGARH","block":"GANGOLIHAT","indicator":"girls_toilet_nonfunctional"}},{"type":"Feature","geometry":{"type":"Point","coordinates":[80.1673,30.0309]},"properties":{"udise":"05070601203","name":"G.P.S.CHOORA GAON","state":"UTTARAKHAND","district":"PITHORAGARH","block":"MUNSYARI","indicator":"girls_toilet_nonfunctional"}},{"type":"Feature","geometry":{"type":"Point","coordinates":[79.9054,29.7299]},"properties":{"udise":"05070846201","name":"G.P.S NARUWAGHOL","state":"UTTARAKHAND","district":"PITHORAGARH","block":"GANGOLIHAT","indicator":"girls_toilet_nonfunctional"}},{"type":"Feature","geometry":{"type":"Point","coordinates":[80.25065,29.7939]},"properties":{"udise":"05070419501","name":"G.P.S. MERTHI","state":"UTTARAKHAND","district":"PITHORAGARH","block":"DIDIHAT","indicator":"girls_toilet_nonfunctional"}},{"type":"Feature","geometry":{"type":"Point","coordinates":[79.9568,29.7124]},"properties":{"udise":"05070830101","name":"GPS  BALAJANGAR","state":"UTTARAKHAND","district":"PITHORAGARH","block":"GANGOLIHAT","indicator":"girls_toilet_nonfunctional"}},{"type":"Feature","geometry":{"type":"Point","coordinates":[80.3245,30.0778]},"properties":{"udise":"05070604501","name":"G.P.S.GAILA","state":"UTTARAKHAND","district":"PITHORAGARH","block":"MUNSYARI","indicator":"girls_toilet_nonfunctional"}},{"type":"Feature","geometry":{"type":"Point","coordinates":[80.2124,29.6536]},"properties":{"udise":"05070108102","name":"GJHS UKHARI SERI","state":"UTTARAKHAND","district":"PITHORAGARH","block":"BIN","indicator":"girls_toilet_nonfunctional"}},{"type":"Feature","geometry":{"type":"Point","coordinates":[80.3706,29.7008]},"properties":{"udise":"05070312301","name":"GPS DWALI SERA","state":"UTTARAKHAND","district":"PITHORAGARH","block":"KANALICHHEENA","indicator":"girls_toilet_nonfunctional"}},{"type":"Feature","geometry":{"type":"Point","coordinates":[80.0686,29.5462]},"properties":{"udise":"05070804703","name":"GPS KHAR KOLI","state":"UTTARAKHAND","district":"PITHORAGARH","block":"GANGOLIHAT","indicator":"girls_toilet_nonfunctional"}},{"type":"Feature","geometry":{"type":"Point","coordinates":[80.301,30.0534]},"properties":{"udise":"05070614503","name":"G.P.S.BAJANI DHURA","state":"UTTARAKHAND","district":"PITHORAGARH","block":"MUNSYARI","indicator":"girls_toilet_nonfunctional"}},{"type":"Feature","geometry":{"type":"Point","coordinates":[80.1632,29.5037]},"properties":{"udise":"05070410702","name":"G.J.H.S. RETOLI BORA GAON","state":"UTTARAKHAND","district":"PITHORAGARH","block":"DIDIHAT","indicator":"girls_toilet_nonfunctional"}},{"type":"Feature","geometry":{"type":"Point","coordinates":[80.1953,29.6963]},"properties":{"udise":"05070313602","name":"KJHS NAKHNOLI","state":"UTTARAKHAND","district":"PITHORAGARH","block":"KANALICHHEENA","indicator":"girls_toilet_nonfunctional"}},{"type":"Feature","geometry":{"type":"Point","coordinates":[80.1429,29.7376]},"properties":{"udise":"05070310901","name":"GPS BHANDARI GAON","state":"UTTARAKHAND","district":"PITHORAGARH","block":"KANALICHHEENA","indicator":"girls_toilet_nonfunctional"}},{"type":"Feature","geometry":{"type":"Point","coordinates":[80.5451,29.8573]},"properties":{"udise":"05070509216","name":"GPS LURKOT","state":"UTTARAKHAND","district":"PITHORAGARH","block":"DHARCHULA","indicator":"girls_toilet_nonfunctional"}},{"type":"Feature","geometry":{"type":"Point","coordinates":[80.157,29.6349]},"properties":{"udise":"05070102901","name":"G.J.HIGH SCHOOL DIGTOLI","state":"UTTARAKHAND","district":"PITHORAGARH","block":"BIN","indicator":"girls_toilet_nonfunctional"}},{"type":"Feature","geometry":{"type":"Point","coordinates":[80.1569,29.6107]},"properties":{"udise":"05070102301","name":"G.P.S.JAGTAR","state":"UTTARAKHAND","district":"PITHORAGARH","block":"BIN","indicator":"girls_toilet_nonfunctional"}},{"type":"Feature","geometry":{"type":"Point","coordinates":[80.1892,29.9125]},"properties":{"udise":"05070609001","name":"G.P.S.KOTYURA","state":"UTTARAKHAND","district":"PITHORAGARH","block":"MUNSYARI","indicator":"girls_toilet_nonfunctional"}},{"type":"Feature","geometry":{"type":"Point","coordinates":[80.2479,30.1063]},"properties":{"udise":"05070607601","name":"G.P.S.DUMMAR","state":"UTTARAKHAND","district":"PITHORAGARH","block":"MUNSYARI","indicator":"girls_toilet_nonfunctional"}},{"type":"Feature","geometry":{"type":"Point","coordinates":[80.1202,29.4923]},"properties":{"udise":"05070406301","name":"G.P.S.SATA","state":"UTTARAKHAND","district":"PITHORAGARH","block":"DIDIHAT","indicator":"girls_toilet_nonfunctional"}},{"type":"Feature","geometry":{"type":"Point","coordinates":[80.0962,29.7918]},"properties":{"udise":"05070713101","name":"GPS KAMDEENA","state":"UTTARAKHAND","district":"PITHORAGARH","block":"BERINAG","indicator":"girls_toilet_nonfunctional"}},{"type":"Feature","geometry":{"type":"Point","coordinates":[80.2994,29.9143]},"properties":{"udise":"05070611504","name":"G.P.S . BHULA","state":"UTTARAKHAND","district":"PITHORAGARH","block":"MUNSYARI","indicator":"girls_toilet_nonfunctional"}},{"type":"Feature","geometry":{"type":"Point","coordinates":[80.2598,30.0846]},"properties":{"udise":"05070613301","name":"G.P.S.KAWADHAR","state":"UTTARAKHAND","district":"PITHORAGARH","block":"MUNSYARI","indicator":"girls_toilet_nonfunctional"}},{"type":"Feature","geometry":{"type":"Point","coordinates":[80.3384,29.7801]},"properties":{"udise":"05070305503","name":"GP.S. KUTA JAMTARI","state":"UTTARAKHAND","district":"PITHORAGARH","block":"KANALICHHEENA","indicator":"girls_toilet_nonfunctional"}},{"type":"Feature","geometry":{"type":"Point","coordinates":[80.1489,29.5485]},"properties":{"udise":"05070111402","name":"GKJHS BUNGA LODHIYAGAIR","state":"UTTARAKHAND","district":"PITHORAGARH","block":"BIN","indicator":"girls_toilet_nonfunctional"}},{"type":"Feature","geometry":{"type":"Point","coordinates":[80.2121,29.5874]},"properties":{"udise":"05070108902","name":"TAGORE PUBLIC SCHOOL","state":"UTTARAKHAND","district":"PITHORAGARH","block":"BIN","indicator":"girls_toilet_nonfunctional"}},{"type":"Feature","geometry":{"type":"Point","coordinates":[80.1305,29.9727]},"properties":{"udise":"05070602201","name":"G.P.S. SEMLI","state":"UTTARAKHAND","district":"PITHORAGARH","block":"MUNSYARI","indicator":"girls_toilet_nonfunctional"}},{"type":"Feature","geometry":{"type":"Point","coordinates":[80.3413,29.8986]},"properties":{"udise":"05070506907","name":"G.P.S.BHATBHATA","state":"UTTARAKHAND","district":"PITHORAGARH","block":"DHARCHULA","indicator":"girls_toilet_nonfunctional"}},{"type":"Feature","geometry":{"type":"Point","coordinates":[80.4012,29.6428]},"properties":{"udise":"05070309601","name":"GPS BATHOLI - I","state":"UTTARAKHAND","district":"PITHORAGARH","block":"KANALICHHEENA","indicator":"girls_toilet_nonfunctional"}},{"type":"Feature","geometry":{"type":"Point","coordinates":[80.0717,29.7653]},"properties":{"udise":"05070705902","name":"GJHS GWEERTAMOLI","state":"UTTARAKHAND","district":"PITHORAGARH","block":"BERINAG","indicator":"girls_toilet_nonfunctional"}},{"type":"Feature","geometry":{"type":"Point","coordinates":[80.1039,29.5361]},"properties":{"udise":"05070803705","name":"GPS  JARTOLA","state":"UTTARAKHAND","district":"PITHORAGARH","block":"GANGOLIHAT","indicator":"girls_toilet_nonfunctional"}},{"type":"Feature","geometry":{"type":"Point","coordinates":[80.1518,29.731]},"properties":{"udise":"05070315401","name":"GPS BOKATA","state":"UTTARAKHAND","district":"PITHORAGARH","block":"KANALICHHEENA","indicator":"girls_toilet_nonfunctional"}},{"type":"Feature","geometry":{"type":"Point","coordinates":[80.5437,29.8702]},"properties":{"udise":"05070509219","name":"GPS MALLA TATHAR","state":"UTTARAKHAND","district":"PITHORAGARH","block":"DHARCHULA","indicator":"girls_toilet_nonfunctional"}},{"type":"Feature","geometry":{"type":"Point","coordinates":[79.9684,29.666]},"properties":{"udise":"05070801102","name":"GHS  BUSHEL","state":"UTTARAKHAND","district":"PITHORAGARH","block":"GANGOLIHAT","indicator":"girls_toilet_nonfunctional"}},{"type":"Feature","geometry":{"type":"Point","coordinates":[79.9317,29.6959]},"properties":{"udise":"05070800401","name":"GPS SARTOLA","state":"UTTARAKHAND","district":"PITHORAGARH","block":"GANGOLIHAT","indicator":"girls_toilet_nonfunctional"}},{"type":"Feature","geometry":{"type":"Point","coordinates":[80.1617,29.5144]},"properties":{"udise":"05070410601","name":"G.P.S. KUNIYA","state":"UTTARAKHAND","district":"PITHORAGARH","block":"DIDIHAT","indicator":"girls_toilet_nonfunctional"}},{"type":"Feature","geometry":{"type":"Point","coordinates":[80.2335,29.9758]},"properties":{"udise":"05070613001","name":"G.P.S.KHARIK","state":"UTTARAKHAND","district":"PITHORAGARH","block":"MUNSYARI","indicator":"girls_toilet_nonfunctional"}},{"type":"Feature","geometry":{"type":"Point","coordinates":[80.2689,30.0729]},"properties":{"udise":"05070614601","name":"G.P.S.PAPARI","state":"UTTARAKHAND","district":"PITHORAGARH","block":"MUNSYARI","indicator":"girls_toilet_nonfunctional"}},{"type":"Feature","geometry":{"type":"Point","coordinates":[80.5434,29.8475]},"properties":{"udise":"05070510021","name":"G.PS NAGATAR","state":"UTTARAKHAND","district":"PITHORAGARH","block":"DHARCHULA","indicator":"girls_toilet_nonfunctional"}},{"type":"Feature","geometry":{"type":"Point","coordinates":[80.3516,29.7709]},"properties":{"udise":"05070305602","name":"G.PS GARJIYADHAR","state":"UTTARAKHAND","district":"PITHORAGARH","block":"KANALICHHEENA","indicator":"girls_toilet_nonfunctional"}},{"type":"Feature","geometry":{"type":"Point","coordinates":[79.006,30.2062]},"properties":{"udise":"05030104301","name":"PS BADGAUNW","state":"UTTARAKHAND","district":"RUDRAPRAYAG","block":"AUGUSTYAMUNI","indicator":"no_girls_toilet"}},{"type":"Feature","geometry":{"type":"Point","coordinates":[78.9803,30.4037]},"properties":{"udise":"05030209301","name":"PS DANGWAL GAON","state":"UTTARAKHAND","district":"RUDRAPRAYAG","block":"JAKHOLI","indicator":"girls_toilet_nonfunctional"}},{"type":"Feature","geometry":{"type":"Point","coordinates":[79.0105,30.214]},"properties":{"udise":"05030104201","name":"PS BHARANSAIN","state":"UTTARAKHAND","district":"RUDRAPRAYAG","block":"AUGUSTYAMUNI","indicator":"girls_toilet_nonfunctional"}},{"type":"Feature","geometry":{"type":"Point","coordinates":[79.002,30.6228]},"properties":{"udise":"05030308301","name":"UPS SITAPUR","state":"UTTARAKHAND","district":"RUDRAPRAYAG","block":"UKHIMATH","indicator":"girls_toilet_nonfunctional"}},{"type":"Feature","geometry":{"type":"Point","coordinates":[78.9596,30.3882]},"properties":{"udise":"05030206501","name":"PS JAKHNOLI","state":"UTTARAKHAND","district":"RUDRAPRAYAG","block":"JAKHOLI","indicator":"girls_toilet_nonfunctional"}},{"type":"Feature","geometry":{"type":"Point","coordinates":[79.056,30.4367]},"properties":{"udise":"05030127901","name":"PS BASUKEDAR","state":"UTTARAKHAND","district":"RUDRAPRAYAG","block":"AUGUSTYAMUNI","indicator":"girls_toilet_nonfunctional"}},{"type":"Feature","geometry":{"type":"Point","coordinates":[79.1235,30.5643]},"properties":{"udise":"05030302802","name":"GIC RAUNLENK","state":"UTTARAKHAND","district":"RUDRAPRAYAG","block":"UKHIMATH","indicator":"girls_toilet_nonfunctional"}},{"type":"Feature","geometry":{"type":"Point","coordinates":[79.0378,30.3109]},"properties":{"udise":"05030121303","name":"GUPS RATURA","state":"UTTARAKHAND","district":"RUDRAPRAYAG","block":"AUGUSTYAMUNI","indicator":"girls_toilet_nonfunctional"}},{"type":"Feature","geometry":{"type":"Point","coordinates":[79.0785,30.3042]},"properties":{"udise":"05030124502","name":"UPS KOTI MADOLA","state":"UTTARAKHAND","district":"RUDRAPRAYAG","block":"AUGUSTYAMUNI","indicator":"girls_toilet_nonfunctional"}},{"type":"Feature","geometry":{"type":"Point","coordinates":[78.9764,30.403]},"properties":{"udise":"05030209004","name":"JANTA  H.S.S. GORNADHAR","state":"UTTARAKHAND","district":"RUDRAPRAYAG","block":"JAKHOLI","indicator":"girls_toilet_nonfunctional"}},{"type":"Feature","geometry":{"type":"Point","coordinates":[79.0442,30.295]},"properties":{"udise":"05030120901","name":"PS GADORA","state":"UTTARAKHAND","district":"RUDRAPRAYAG","block":"AUGUSTYAMUNI","indicator":"girls_toilet_nonfunctional"}},{"type":"Feature","geometry":{"type":"Point","coordinates":[79.1337,30.3301]},"properties":{"udise":"05030114701","name":"PS THAPAL GAON","state":"UTTARAKHAND","district":"RUDRAPRAYAG","block":"AUGUSTYAMUNI","indicator":"girls_toilet_nonfunctional"}},{"type":"Feature","geometry":{"type":"Point","coordinates":[79.0841,30.5375]},"properties":{"udise":"05030309701","name":"PS NALA","state":"UTTARAKHAND","district":"RUDRAPRAYAG","block":"UKHIMATH","indicator":"girls_toilet_nonfunctional"}},{"type":"Feature","geometry":{"type":"Point","coordinates":[79.0602,30.4438]},"properties":{"udise":"05030128103","name":"PS JAMETHI","state":"UTTARAKHAND","district":"RUDRAPRAYAG","block":"AUGUSTYAMUNI","indicator":"girls_toilet_nonfunctional"}},{"type":"Feature","geometry":{"type":"Point","coordinates":[78.8676,30.3967]},"properties":{"udise":"05030200901","name":"UPS KOTI","state":"UTTARAKHAND","district":"RUDRAPRAYAG","block":"JAKHOLI","indicator":"girls_toilet_nonfunctional"}},{"type":"Feature","geometry":{"type":"Point","coordinates":[79.0369,30.3893]},"properties":{"udise":"05030128701","name":"PS TALI","state":"UTTARAKHAND","district":"RUDRAPRAYAG","block":"AUGUSTYAMUNI","indicator":"girls_toilet_nonfunctional"}},{"type":"Feature","geometry":{"type":"Point","coordinates":[79.0939,30.4762]},"properties":{"udise":"05030303901","name":"PS THAND DHARSHAL","state":"UTTARAKHAND","district":"RUDRAPRAYAG","block":"UKHIMATH","indicator":"girls_toilet_nonfunctional"}},{"type":"Feature","geometry":{"type":"Point","coordinates":[79.0013,30.4014]},"properties":{"udise":"05030208302","name":"YS UPS LUKHENDRIDHAR","state":"UTTARAKHAND","district":"RUDRAPRAYAG","block":"JAKHOLI","indicator":"girls_toilet_nonfunctional"}},{"type":"Feature","geometry":{"type":"Point","coordinates":[78.9278,30.3639]},"properties":{"udise":"05030205902","name":"PS RATANGAR","state":"UTTARAKHAND","district":"RUDRAPRAYAG","block":"JAKHOLI","indicator":"girls_toilet_nonfunctional"}},{"type":"Feature","geometry":{"type":"Point","coordinates":[79.0249,30.3478]},"properties":{"udise":"05030108201","name":"GUPS DURGADHAR","state":"UTTARAKHAND","district":"RUDRAPRAYAG","block":"AUGUSTYAMUNI","indicator":"girls_toilet_nonfunctional"}},{"type":"Feature","geometry":{"type":"Point","coordinates":[79.146,30.4011]},"properties":{"udise":"05030102102","name":"PS DUNGRI KAIRA","state":"UTTARAKHAND","district":"RUDRAPRAYAG","block":"AUGUSTYAMUNI","indicator":"girls_toilet_nonfunctional"}},{"type":"Feature","geometry":{"type":"Point","coordinates":[78.8801,30.4023]},"properties":{"udise":"05030201005","name":"PS JEETU PAINTHAR","state":"UTTARAKHAND","district":"RUDRAPRAYAG","block":"JAKHOLI","indicator":"girls_toilet_nonfunctional"}},{"type":"Feature","geometry":{"type":"Point","coordinates":[79.0236,30.3922]},"properties":{"udise":"05030100108","name":"B.B.G.S. AGUSTYAMUNI","state":"UTTARAKHAND","district":"RUDRAPRAYAG","block":"AUGUSTYAMUNI","indicator":"girls_toilet_nonfunctional"}},{"type":"Feature","geometry":{"type":"Point","coordinates":[79.0563,30.3186]},"properties":{"udise":"05030110003","name":"GIC CHOPRA","state":"UTTARAKHAND","district":"RUDRAPRAYAG","block":"AUGUSTYAMUNI","indicator":"girls_toilet_nonfunctional"}},{"type":"Feature","geometry":{"type":"Point","coordinates":[79.14,30.3301]},"properties":{"udise":"05030114702","name":"SARASWATI SHISHU MANDIR DWARIDHAR","state":"UTTARAKHAND","district":"RUDRAPRAYAG","block":"AUGUSTYAMUNI","indicator":"girls_toilet_nonfunctional"}},{"type":"Feature","geometry":{"type":"Point","coordinates":[78.9326,30.3153]},"properties":{"udise":"05030211502","name":"PS GHENGARKHAL","state":"UTTARAKHAND","district":"RUDRAPRAYAG","block":"JAKHOLI","indicator":"girls_toilet_nonfunctional"}},{"type":"Feature","geometry":{"type":"Point","coordinates":[79.065,30.4625]},"properties":{"udise":"05030105502","name":"GHS BASHTI","state":"UTTARAKHAND","district":"RUDRAPRAYAG","block":"AUGUSTYAMUNI","indicator":"girls_toilet_nonfunctional"}},{"type":"Feature","geometry":{"type":"Point","coordinates":[79.0948,30.4178]},"properties":{"udise":"05030120402","name":"GIC GANESH NAGAR","state":"UTTARAKHAND","district":"RUDRAPRAYAG","block":"AUGUSTYAMUNI","indicator":"girls_toilet_nonfunctional"}},{"type":"Feature","geometry":{"type":"Point","coordinates":[79.0077,30.6162]},"properties":{"udise":"05030307202","name":"A.K.S.V. RAMPUR","state":"UTTARAKHAND","district":"RUDRAPRAYAG","block":"UKHIMATH","indicator":"girls_toilet_nonfunctional"}},{"type":"Feature","geometry":{"type":"Point","coordinates":[78.8765,30.2829]},"properties":{"udise":"05030213401","name":"PS SERA BHARDAR","state":"UTTARAKHAND","district":"RUDRAPRAYAG","block":"JAKHOLI","indicator":"girls_toilet_nonfunctional"}},{"type":"Feature","geometry":{"type":"Point","coordinates":[78.994,30.20603]},"properties":{"udise":"05030103801","name":"PS BARSURI","state":"UTTARAKHAND","district":"RUDRAPRAYAG","block":"AUGUSTYAMUNI","indicator":"girls_toilet_nonfunctional"}},{"type":"Feature","geometry":{"type":"Point","coordinates":[79.1203,30.4259]},"properties":{"udise":"05030116401","name":"PS KANSILI","state":"UTTARAKHAND","district":"RUDRAPRAYAG","block":"AUGUSTYAMUNI","indicator":"girls_toilet_nonfunctional"}},{"type":"Feature","geometry":{"type":"Point","coordinates":[78.9582,30.2863]},"properties":{"udise":"05030214601","name":"PS JAWARI","state":"UTTARAKHAND","district":"RUDRAPRAYAG","block":"JAKHOLI","indicator":"girls_toilet_nonfunctional"}},{"type":"Feature","geometry":{"type":"Point","coordinates":[78.8398,30.4078]},"properties":{"udise":"05030200402","name":"GHS PALA KURALI","state":"UTTARAKHAND","district":"RUDRAPRAYAG","block":"JAKHOLI","indicator":"girls_toilet_nonfunctional"}},{"type":"Feature","geometry":{"type":"Point","coordinates":[78.9696,30.4159]},"properties":{"udise":"05030208601","name":"PS KIRODA TALLA","state":"UTTARAKHAND","district":"RUDRAPRAYAG","block":"JAKHOLI","indicator":"girls_toilet_nonfunctional"}},{"type":"Feature","geometry":{"type":"Point","coordinates":[79.0257,30.3482]},"properties":{"udise":"05030108203","name":"DPS DURGADHAR","state":"UTTARAKHAND","district":"RUDRAPRAYAG","block":"AUGUSTYAMUNI","indicator":"girls_toilet_nonfunctional"}},{"type":"Feature","geometry":{"type":"Point","coordinates":[78.9176,30.2449]},"properties":{"udise":"05030111503","name":"PS KHANKRA","state":"UTTARAKHAND","district":"RUDRAPRAYAG","block":"AUGUSTYAMUNI","indicator":"girls_toilet_nonfunctional"}},{"type":"Feature","geometry":{"type":"Point","coordinates":[79.0126,30.3976]},"properties":{"udise":"05030119201","name":"PS GADNU","state":"UTTARAKHAND","district":"RUDRAPRAYAG","block":"AUGUSTYAMUNI","indicator":"girls_toilet_nonfunctional"}},{"type":"Feature","geometry":{"type":"Point","coordinates":[79.0166,30.4309]},"properties":{"udise":"05030210301","name":"PS BAKOLA","state":"UTTARAKHAND","district":"RUDRAPRAYAG","block":"JAKHOLI","indicator":"girls_toilet_nonfunctional"}},{"type":"Feature","geometry":{"type":"Point","coordinates":[78.9173,30.3553]},"properties":{"udise":"05030205501","name":"PS SRIKOT","state":"UTTARAKHAND","district":"RUDRAPRAYAG","block":"JAKHOLI","indicator":"girls_toilet_nonfunctional"}},{"type":"Feature","geometry":{"type":"Point","coordinates":[79.1284,30.4031]},"properties":{"udise":"05030102405","name":"UPS BADAV","state":"UTTARAKHAND","district":"RUDRAPRAYAG","block":"AUGUSTYAMUNI","indicator":"girls_toilet_nonfunctional"}},{"type":"Feature","geometry":{"type":"Point","coordinates":[79.0729,30.5446]},"properties":{"udise":"05030311102","name":"V.C.A. NARAYANKOTI","state":"UTTARAKHAND","district":"RUDRAPRAYAG","block":"UKHIMATH","indicator":"girls_toilet_nonfunctional"}},{"type":"Feature","geometry":{"type":"Point","coordinates":[78.9721,30.3407]},"properties":{"udise":"05030126702","name":"SSJGUPS TILWARA","state":"UTTARAKHAND","district":"RUDRAPRAYAG","block":"AUGUSTYAMUNI","indicator":"girls_toilet_nonfunctional"}},{"type":"Feature","geometry":{"type":"Point","coordinates":[78.8846,30.2988]},"properties":{"udise":"05030213202","name":"PS SYARI","state":"UTTARAKHAND","district":"RUDRAPRAYAG","block":"JAKHOLI","indicator":"girls_toilet_nonfunctional"}},{"type":"Feature","geometry":{"type":"Point","coordinates":[79.0183,30.6056]},"properties":{"udise":"05030307101","name":"PS SHERSI","state":"UTTARAKHAND","district":"RUDRAPRAYAG","block":"UKHIMATH","indicator":"girls_toilet_nonfunctional"}},{"type":"Feature","geometry":{"type":"Point","coordinates":[79.0607,30.2912]},"properties":{"udise":"05030121702","name":"GOVT UPS VIJAYGARH","state":"UTTARAKHAND","district":"RUDRAPRAYAG","block":"AUGUSTYAMUNI","indicator":"girls_toilet_nonfunctional"}},{"type":"Feature","geometry":{"type":"Point","coordinates":[79.1139,30.3412]},"properties":{"udise":"05030115301","name":"PS KYURI","state":"UTTARAKHAND","district":"RUDRAPRAYAG","block":"AUGUSTYAMUNI","indicator":"girls_toilet_nonfunctional"}},{"type":"Feature","geometry":{"type":"Point","coordinates":[78.9695,30.3435]},"properties":{"udise":"05030206301","name":"GIC TILAKNAGAR","state":"UTTARAKHAND","district":"RUDRAPRAYAG","block":"JAKHOLI","indicator":"girls_toilet_nonfunctional"}},{"type":"Feature","geometry":{"type":"Point","coordinates":[79.0444,30.506]},"properties":{"udise":"05030305301","name":"PS TULANGA","state":"UTTARAKHAND","district":"RUDRAPRAYAG","block":"UKHIMATH","indicator":"girls_toilet_nonfunctional"}},{"type":"Feature","geometry":{"type":"Point","coordinates":[79.0699,30.6109]},"properties":{"udise":"05030309102","name":"UPS CHAUMASI","state":"UTTARAKHAND","district":"RUDRAPRAYAG","block":"UKHIMATH","indicator":"girls_toilet_nonfunctional"}},{"type":"Feature","geometry":{"type":"Point","coordinates":[78.8944,30.4704]},"properties":{"udise":"05030203701","name":"PS LISWALTA","state":"UTTARAKHAND","district":"RUDRAPRAYAG","block":"JAKHOLI","indicator":"girls_toilet_nonfunctional"}},{"type":"Feature","geometry":{"type":"Point","coordinates":[79.0262,30.4187]},"properties":{"udise":"05030119601","name":"PS SOGNA","state":"UTTARAKHAND","district":"RUDRAPRAYAG","block":"AUGUSTYAMUNI","indicator":"girls_toilet_nonfunctional"}},{"type":"Feature","geometry":{"type":"Point","coordinates":[79.0512,30.4226]},"properties":{"udise":"05030210103","name":"PS RUPTOLIDHAR","state":"UTTARAKHAND","district":"RUDRAPRAYAG","block":"JAKHOLI","indicator":"girls_toilet_nonfunctional"}},{"type":"Feature","geometry":{"type":"Point","coordinates":[79.0401,30.3518]},"properties":{"udise":"05030109302","name":"H.C.C.A. CHOPTA","state":"UTTARAKHAND","district":"RUDRAPRAYAG","block":"AUGUSTYAMUNI","indicator":"girls_toilet_nonfunctional"}},{"type":"Feature","geometry":{"type":"Point","coordinates":[78.9569,30.2834]},"properties":{"udise":"05030214603","name":"SSM JAWARI","state":"UTTARAKHAND","district":"RUDRAPRAYAG","block":"JAKHOLI","indicator":"girls_toilet_nonfunctional"}},{"type":"Feature","geometry":{"type":"Point","coordinates":[79.0609,30.4514]},"properties":{"udise":"05030128302","name":"UPS BEERON","state":"UTTARAKHAND","district":"RUDRAPRAYAG","block":"AUGUSTYAMUNI","indicator":"girls_toilet_nonfunctional"}},{"type":"Feature","geometry":{"type":"Point","coordinates":[79.0453,30.4636]},"properties":{"udise":"05030105601","name":"PS DUNGAR","state":"UTTARAKHAND","district":"RUDRAPRAYAG","block":"AUGUSTYAMUNI","indicator":"girls_toilet_nonfunctional"}},{"type":"Feature","geometry":{"type":"Point","coordinates":[78.9159,30.4921]},"properties":{"udise":"05030204701","name":"PS DHARKURI","state":"UTTARAKHAND","district":"RUDRAPRAYAG","block":"JAKHOLI","indicator":"girls_toilet_nonfunctional"}},{"type":"Feature","geometry":{"type":"Point","coordinates":[78.9004,30.3359]},"properties":{"udise":"05030211901","name":"PS SOUNDHA","state":"UTTARAKHAND","district":"RUDRAPRAYAG","block":"JAKHOLI","indicator":"girls_toilet_nonfunctional"}},{"type":"Feature","geometry":{"type":"Point","coordinates":[79.0389,30.3373]},"properties":{"udise":"05030108701","name":"PS CHAMSWADA","state":"UTTARAKHAND","district":"RUDRAPRAYAG","block":"AUGUSTYAMUNI","indicator":"girls_toilet_nonfunctional"}},{"type":"Feature","geometry":{"type":"Point","coordinates":[78.9711,30.414]},"properties":{"udise":"05030208901","name":"PS THATI","state":"UTTARAKHAND","district":"RUDRAPRAYAG","block":"JAKHOLI","indicator":"girls_toilet_nonfunctional"}},{"type":"Feature","geometry":{"type":"Point","coordinates":[78.85875,30.40553]},"properties":{"udise":"05030200105","name":"S.B.V.M. AMKOTI","state":"UTTARAKHAND","district":"RUDRAPRAYAG","block":"JAKHOLI","indicator":"girls_toilet_nonfunctional"}},{"type":"Feature","geometry":{"type":"Point","coordinates":[79.0377,30.5903]},"properties":{"udise":"05030306401","name":"PS RAILL","state":"UTTARAKHAND","district":"RUDRAPRAYAG","block":"UKHIMATH","indicator":"girls_toilet_nonfunctional"}},{"type":"Feature","geometry":{"type":"Point","coordinates":[79.0701,30.5899]},"properties":{"udise":"05030308901","name":"PS JAL MALLA","state":"UTTARAKHAND","district":"RUDRAPRAYAG","block":"UKHIMATH","indicator":"girls_toilet_nonfunctional"}},{"type":"Feature","geometry":{"type":"Point","coordinates":[79.0754,30.4692]},"properties":{"udise":"05030106901","name":"PS BHIRI","state":"UTTARAKHAND","district":"RUDRAPRAYAG","block":"AUGUSTYAMUNI","indicator":"girls_toilet_nonfunctional"}},{"type":"Feature","geometry":{"type":"Point","coordinates":[79.0498,30.5699]},"properties":{"udise":"05030306101","name":"PS KHARIYA","state":"UTTARAKHAND","district":"RUDRAPRAYAG","block":"UKHIMATH","indicator":"girls_toilet_nonfunctional"}},{"type":"Feature","geometry":{"type":"Point","coordinates":[78.9973,30.3548]},"properties":{"udise":"05030127603","name":"UPS KARNDHAR","state":"UTTARAKHAND","district":"RUDRAPRAYAG","block":"AUGUSTYAMUNI","indicator":"girls_toilet_nonfunctional"}},{"type":"Feature","geometry":{"type":"Point","coordinates":[79.0629,30.5447]},"properties":{"udise":"05030310501","name":"PS BANSU","state":"UTTARAKHAND","district":"RUDRAPRAYAG","block":"UKHIMATH","indicator":"girls_toilet_nonfunctional"}},{"type":"Feature","geometry":{"type":"Point","coordinates":[78.9558,30.4027]},"properties":{"udise":"05030209101","name":"PS BANDH BADMA","state":"UTTARAKHAND","district":"RUDRAPRAYAG","block":"JAKHOLI","indicator":"girls_toilet_nonfunctional"}},{"type":"Feature","geometry":{"type":"Point","coordinates":[79.1056,30.2894]},"properties":{"udise":"05030116804","name":"PS NAGRASU","state":"UTTARAKHAND","district":"RUDRAPRAYAG","block":"AUGUSTYAMUNI","indicator":"girls_toilet_nonfunctional"}},{"type":"Feature","geometry":{"type":"Point","coordinates":[78.9704,30.4148]},"properties":{"udise":"05030208602","name":"GHS KIRODA","state":"UTTARAKHAND","district":"RUDRAPRAYAG","block":"JAKHOLI","indicator":"girls_toilet_nonfunctional"}},{"type":"Feature","geometry":{"type":"Point","coordinates":[79.0026,30.2972]},"properties":{"udise":"05030123301","name":"PS LAMERI","state":"UTTARAKHAND","district":"RUDRAPRAYAG","block":"AUGUSTYAMUNI","indicator":"girls_toilet_nonfunctional"}},{"type":"Feature","geometry":{"type":"Point","coordinates":[78.9733,30.3446]},"properties":{"udise":"05030205202","name":"SSM SUMARI","state":"UTTARAKHAND","district":"RUDRAPRAYAG","block":"JAKHOLI","indicator":"girls_toilet_nonfunctional"}},{"type":"Feature","geometry":{"type":"Point","coordinates":[79.0025,30.3727]},"properties":{"udise":"05030100201","name":"PS BAINJI","state":"UTTARAKHAND","district":"RUDRAPRAYAG","block":"AUGUSTYAMUNI","indicator":"girls_toilet_nonfunctional"}},{"type":"Feature","geometry":{"type":"Point","coordinates":[78.9781,30.484]},"properties":{"udise":"05030210701","name":"PS BAKSIR","state":"UTTARAKHAND","district":"RUDRAPRAYAG","block":"JAKHOLI","indicator":"girls_toilet_nonfunctional"}},{"type":"Feature","geometry":{"type":"Point","coordinates":[79.036,30.3031]},"properties":{"udise":"05030121305","name":"PS CHAURIYUN","state":"UTTARAKHAND","district":"RUDRAPRAYAG","block":"AUGUSTYAMUNI","indicator":"girls_toilet_nonfunctional"}},{"type":"Feature","geometry":{"type":"Point","coordinates":[79.0567,30.2609]},"properties":{"udise":"05030117102","name":"PS KODIMA","state":"UTTARAKHAND","district":"RUDRAPRAYAG","block":"AUGUSTYAMUNI","indicator":"girls_toilet_nonfunctional"}},{"type":"Feature","geometry":{"type":"Point","coordinates":[79.0064,30.475]},"properties":{"udise":"05030210403","name":"SOCA UCHOLA","state":"UTTARAKHAND","district":"RUDRAPRAYAG","block":"JAKHOLI","indicator":"girls_toilet_nonfunctional"}},{"type":"Feature","geometry":{"type":"Point","coordinates":[79.0071,30.4749]},"properties":{"udise":"05030210402","name":"UPS UCHOLA","state":"UTTARAKHAND","district":"RUDRAPRAYAG","block":"JAKHOLI","indicator":"girls_toilet_nonfunctional"}},{"type":"Feature","geometry":{"type":"Point","coordinates":[78.9317,30.359]},"properties":{"udise":"05030205701","name":"PS JAKHAL","state":"UTTARAKHAND","district":"RUDRAPRAYAG","block":"JAKHOLI","indicator":"girls_toilet_nonfunctional"}},{"type":"Feature","geometry":{"type":"Point","coordinates":[79.0031,30.3217]},"properties":{"udise":"05030126103","name":"SSM SATERA KHAL","state":"UTTARAKHAND","district":"RUDRAPRAYAG","block":"AUGUSTYAMUNI","indicator":"girls_toilet_nonfunctional"}},{"type":"Feature","geometry":{"type":"Point","coordinates":[78.8549,30.3744]},"properties":{"udise":"05030200601","name":"PS NAVDEV AGAR","state":"UTTARAKHAND","district":"RUDRAPRAYAG","block":"JAKHOLI","indicator":"girls_toilet_nonfunctional"}},{"type":"Feature","geometry":{"type":"Point","coordinates":[79.0768,30.5895]},"properties":{"udise":"05030308701","name":"PS KHONU","state":"UTTARAKHAND","district":"RUDRAPRAYAG","block":"UKHIMATH","indicator":"girls_toilet_nonfunctional"}},{"type":"Feature","geometry":{"type":"Point","coordinates":[78.9608,30.3524]},"properties":{"udise":"05030206003","name":"JHS SEMA BHARDAR","state":"UTTARAKHAND","district":"RUDRAPRAYAG","block":"JAKHOLI","indicator":"girls_toilet_nonfunctional"}},{"type":"Feature","geometry":{"type":"Point","coordinates":[79.0492,30.4251]},"properties":{"udise":"05030210101","name":"PS ARKHUND","state":"UTTARAKHAND","district":"RUDRAPRAYAG","block":"JAKHOLI","indicator":"girls_toilet_nonfunctional"}},{"type":"Feature","geometry":{"type":"Point","coordinates":[78.9969,30.4026]},"properties":{"udise":"05030208001","name":"PS TIMLI BADMA","state":"UTTARAKHAND","district":"RUDRAPRAYAG","block":"JAKHOLI","indicator":"girls_toilet_nonfunctional"}},{"type":"Feature","geometry":{"type":"Point","coordinates":[78.9776,30.6412]},"properties":{"udise":"05030307403","name":"A.B.V.M. TRIYUGINARAYAN","state":"UTTARAKHAND","district":"RUDRAPRAYAG","block":"UKHIMATH","indicator":"girls_toilet_nonfunctional"}},{"type":"Feature","geometry":{"type":"Point","coordinates":[79.0139,30.4838]},"properties":{"udise":"05030210901","name":"PS BHOUNR UCHHOLA","state":"UTTARAKHAND","district":"RUDRAPRAYAG","block":"JAKHOLI","indicator":"girls_toilet_nonfunctional"}},{"type":"Feature","geometry":{"type":"Point","coordinates":[79.049,30.5478]},"properties":{"udise":"05030310801","name":"PS TYURI","state":"UTTARAKHAND","district":"RUDRAPRAYAG","block":"UKHIMATH","indicator":"girls_toilet_nonfunctional"}},{"type":"Feature","geometry":{"type":"Point","coordinates":[79.0375,30.3296]},"properties":{"udise":"05030111201","name":"PS GADMIL","state":"UTTARAKHAND","district":"RUDRAPRAYAG","block":"AUGUSTYAMUNI","indicator":"girls_toilet_nonfunctional"}},{"type":"Feature","geometry":{"type":"Point","coordinates":[79.0698,30.5435]},"properties":{"udise":"05030310201","name":"PS KOTHERA","state":"UTTARAKHAND","district":"RUDRAPRAYAG","block":"UKHIMATH","indicator":"girls_toilet_nonfunctional"}},{"type":"Feature","geometry":{"type":"Point","coordinates":[79.0147,30.3164]},"properties":{"udise":"05030125502","name":"SSM JAKHDHAR","state":"UTTARAKHAND","district":"RUDRAPRAYAG","block":"AUGUSTYAMUNI","indicator":"girls_toilet_nonfunctional"}},{"type":"Feature","geometry":{"type":"Point","coordinates":[78.9512,30.2023]},"properties":{"udise":"05030113501","name":"PS JUNTAI","state":"UTTARAKHAND","district":"RUDRAPRAYAG","block":"AUGUSTYAMUNI","indicator":"girls_toilet_nonfunctional"}},{"type":"Feature","geometry":{"type":"Point","coordinates":[78.9968,30.6209]},"properties":{"udise":"05030307901","name":"GOVT. JUNIOR HIGH SCHOOL SONPRAYAG","state":"UTTARAKHAND","district":"RUDRAPRAYAG","block":"UKHIMATH","indicator":"girls_toilet_nonfunctional"}},{"type":"Feature","geometry":{"type":"Point","coordinates":[78.9405,30.3432]},"properties":{"udise":"05030211101","name":"PS DANGI","state":"UTTARAKHAND","district":"RUDRAPRAYAG","block":"JAKHOLI","indicator":"girls_toilet_nonfunctional"}},{"type":"Feature","geometry":{"type":"Point","coordinates":[79.1475,30.3967]},"properties":{"udise":"05030106301","name":"PS KINJHANI","state":"UTTARAKHAND","district":"RUDRAPRAYAG","block":"AUGUSTYAMUNI","indicator":"girls_toilet_nonfunctional"}},{"type":"Feature","geometry":{"type":"Point","coordinates":[79.04006,30.35181]},"properties":{"udise":"05030109306","name":"BDM-PS CHOPTA","state":"UTTARAKHAND","district":"RUDRAPRAYAG","block":"AUGUSTYAMUNI","indicator":"girls_toilet_nonfunctional"}},{"type":"Feature","geometry":{"type":"Point","coordinates":[79.0829,30.5108]},"properties":{"udise":"05030310101","name":"PS SEMI","state":"UTTARAKHAND","district":"RUDRAPRAYAG","block":"UKHIMATH","indicator":"girls_toilet_nonfunctional"}},{"type":"Feature","geometry":{"type":"Point","coordinates":[79.056,30.4496]},"properties":{"udise":"05030128201","name":"PS NAINI PAUNDAR","state":"UTTARAKHAND","district":"RUDRAPRAYAG","block":"AUGUSTYAMUNI","indicator":"girls_toilet_nonfunctional"}},{"type":"Feature","geometry":{"type":"Point","coordinates":[78.6422,30.4057]},"properties":{"udise":"05040110401","name":"PS THAPLA BOUNSALA","state":"UTTARAKHAND","district":"TEHRI GARHWAL","block":"BHILANGANA","indicator":"no_girls_toilet"}},{"type":"Feature","geometry":{"type":"Point","coordinates":[78.5437,30.2248]},"properties":{"udise":"05040724201","name":"PS KOTI","state":"UTTARAKHAND","district":"TEHRI GARHWAL","block":"NARENDRANAGAR","indicator":"no_girls_toilet"}},{"type":"Feature","geometry":{"type":"Point","coordinates":[78.4185,30.2606]},"properties":{"udise":"05040723301","name":"PS KEMGADDI","state":"UTTARAKHAND","district":"TEHRI GARHWAL","block":"NARENDRANAGAR","indicator":"no_girls_toilet"}},{"type":"Feature","geometry":{"type":"Point","coordinates":[78.2926,30.1227]},"properties":{"udise":"05040707518","name":"SPVSVM I C DHALWALA","state":"UTTARAKHAND","district":"TEHRI GARHWAL","block":"NARENDRANAGAR","indicator":"no_girls_toilet"}},{"type":"Feature","geometry":{"type":"Point","coordinates":[78.4616,30.2517]},"properties":{"udise":"05040713403","name":"PS BAMANGAON","state":"UTTARAKHAND","district":"TEHRI GARHWAL","block":"NARENDRANAGAR","indicator":"no_girls_toilet"}},{"type":"Feature","geometry":{"type":"Point","coordinates":[78.5145,30.3886]},"properties":{"udise":"05040416602","name":"PS KATULI","state":"UTTARAKHAND","district":"TEHRI GARHWAL","block":"JAKHNIDHAR","indicator":"no_girls_toilet"}},{"type":"Feature","geometry":{"type":"Point","coordinates":[78.8027,30.5338]},"properties":{"udise":"05040105101","name":"PS GAWANA TALLA","state":"UTTARAKHAND","district":"TEHRI GARHWAL","block":"BHILANGANA","indicator":"no_girls_toilet"}},{"type":"Feature","geometry":{"type":"Point","coordinates":[78.6129,30.2099]},"properties":{"udise":"05040308001","name":"PS GARAKOT","state":"UTTARAKHAND","district":"TEHRI GARHWAL","block":"DEVPRAYAG","indicator":"no_girls_toilet"}},{"type":"Feature","geometry":{"type":"Point","coordinates":[78.4404,30.2462]},"properties":{"udise":"05040708601","name":"PS AGRIYANA","state":"UTTARAKHAND","district":"TEHRI GARHWAL","block":"NARENDRANAGAR","indicator":"no_girls_toilet"}},{"type":"Feature","geometry":{"type":"Point","coordinates":[78.6608,30.5426]},"properties":{"udise":"05040101301","name":"PS JAKHEDGAON","state":"UTTARAKHAND","district":"TEHRI GARHWAL","block":"BHILANGANA","indicator":"no_girls_toilet"}},{"type":"Feature","geometry":{"type":"Point","coordinates":[78.6161,30.1827]},"properties":{"udise":"05040309401","name":"PS PALI MAHAD","state":"UTTARAKHAND","district":"TEHRI GARHWAL","block":"DEVPRAYAG","indicator":"no_girls_toilet"}},{"type":"Feature","geometry":{"type":"Point","coordinates":[78.5676,30.3175]},"properties":{"udise":"05040402702","name":"PS KUNETHA","state":"UTTARAKHAND","district":"TEHRI GARHWAL","block":"JAKHNIDHAR","indicator":"no_girls_toilet"}},{"type":"Feature","geometry":{"type":"Point","coordinates":[78.5581,30.1998]},"properties":{"udise":"05040718506","name":"PS FADINKA","state":"UTTARAKHAND","district":"TEHRI GARHWAL","block":"NARENDRANAGAR","indicator":"no_girls_toilet"}},{"type":"Feature","geometry":{"type":"Point","coordinates":[78.7434,30.6138]},"properties":{"udise":"05040107908","name":"GHS GENWALI","state":"UTTARAKHAND","district":"TEHRI GARHWAL","block":"BHILANGANA","indicator":"no_girls_toilet"}},{"type":"Feature","geometry":{"type":"Point","coordinates":[78.7424,30.6138]},"properties":{"udise":"05040112101","name":"PS GENWALI","state":"UTTARAKHAND","district":"TEHRI GARHWAL","block":"BHILANGANA","indicator":"no_girls_toilet"}},{"type":"Feature","geometry":{"type":"Point","coordinates":[78.536,30.4119]},"properties":{"udise":"05040414805","name":"PS BURANT","state":"UTTARAKHAND","district":"TEHRI GARHWAL","block":"JAKHNIDHAR","indicator":"no_girls_toilet"}},{"type":"Feature","geometry":{"type":"Point","coordinates":[78.5964,30.3553]},"properties":{"udise":"05040415404","name":"JH GENWALI(PAW)","state":"UTTARAKHAND","district":"TEHRI GARHWAL","block":"JAKHNIDHAR","indicator":"no_girls_toilet"}},{"type":"Feature","geometry":{"type":"Point","coordinates":[78.7562,30.5218]},"properties":{"udise":"05040109801","name":"PS MAGROO BHILANG","state":"UTTARAKHAND","district":"TEHRI GARHWAL","block":"BHILANGANA","indicator":"no_girls_toilet"}},{"type":"Feature","geometry":{"type":"Point","coordinates":[78.5347,30.2881]},"properties":{"udise":"05040321401","name":"PS BHADALI","state":"UTTARAKHAND","district":"TEHRI GARHWAL","block":"DEVPRAYAG","indicator":"no_girls_toilet"}},{"type":"Feature","geometry":{"type":"Point","coordinates":[78.8176,30.5402]},"properties":{"udise":"05040115001","name":"PS KAILBAGI","state":"UTTARAKHAND","district":"TEHRI GARHWAL","block":"BHILANGANA","indicator":"no_girls_toilet"}},{"type":"Feature","geometry":{"type":"Point","coordinates":[78.7899,30.3589]},"properties":{"udise":"05040123601","name":"PS BELGADI","state":"UTTARAKHAND","district":"TEHRI GARHWAL","block":"BHILANGANA","indicator":"no_girls_toilet"}},{"type":"Feature","geometry":{"type":"Point","coordinates":[78.4103,30.1786]},"properties":{"udise":"05040723701","name":"PS TIMLI TOLKA","state":"UTTARAKHAND","district":"TEHRI GARHWAL","block":"NARENDRANAGAR","indicator":"no_girls_toilet"}},{"type":"Feature","geometry":{"type":"Point","coordinates":[78.8004,30.5338]},"properties":{"udise":"05040105102","name":"JH GAWANA TALLA (KM)","state":"UTTARAKHAND","district":"TEHRI GARHWAL","block":"BHILANGANA","indicator":"no_girls_toilet"}},{"type":"Feature","geometry":{"type":"Point","coordinates":[78.578,30.2387]},"properties":{"udise":"05040328701","name":"PS KUNWAKHOLI","state":"UTTARAKHAND","district":"TEHRI GARHWAL","block":"DEVPRAYAG","indicator":"no_girls_toilet"}},{"type":"Feature","geometry":{"type":"Point","coordinates":[78.5934,30.2842]},"properties":{"udise":"05040301901","name":"PS ROUDDHAR","state":"UTTARAKHAND","district":"TEHRI GARHWAL","block":"DEVPRAYAG","indicator":"no_girls_toilet"}},{"type":"Feature","geometry":{"type":"Point","coordinates":[78.6418,30.2358]},"properties":{"udise":"05040305701","name":"PS GAJELI","state":"UTTARAKHAND","district":"TEHRI GARHWAL","block":"DEVPRAYAG","indicator":"no_girls_toilet"}},{"type":"Feature","geometry":{"type":"Point","coordinates":[78.3381,30.1778]},"properties":{"udise":"05040706601","name":"PS CHAMOLGAON-II","state":"UTTARAKHAND","district":"TEHRI GARHWAL","block":"NARENDRANAGAR","indicator":"no_girls_toilet"}},{"type":"Feature","geometry":{"type":"Point","coordinates":[78.6035,30.2445]},"properties":{"udise":"05040324802","name":"JH SILETEE","state":"UTTARAKHAND","district":"TEHRI GARHWAL","block":"DEVPRAYAG","indicator":"no_girls_toilet"}},{"type":"Feature","geometry":{"type":"Point","coordinates":[78.5576,30.2651]},"properties":{"udise":"05040300702","name":"PS NANDOLI","state":"UTTARAKHAND","district":"TEHRI GARHWAL","block":"DEVPRAYAG","indicator":"no_girls_toilet"}},{"type":"Feature","geometry":{"type":"Point","coordinates":[78.5501,30.1311]},"properties":{"udise":"05040301701","name":"PS DOBH","state":"UTTARAKHAND","district":"TEHRI GARHWAL","block":"DEVPRAYAG","indicator":"no_girls_toilet"}},{"type":"Feature","geometry":{"type":"Point","coordinates":[78.6415,30.2437]},"properties":{"udise":"05040323001","name":"PS ROOMDHAR 1","state":"UTTARAKHAND","district":"TEHRI GARHWAL","block":"DEVPRAYAG","indicator":"no_girls_toilet"}},{"type":"Feature","geometry":{"type":"Point","coordinates":[78.5936,30.3413]},"properties":{"udise":"05040401401","name":"PS PATHOIGAON","state":"UTTARAKHAND","district":"TEHRI GARHWAL","block":"JAKHNIDHAR","indicator":"no_girls_toilet"}},{"type":"Feature","geometry":{"type":"Point","coordinates":[78.49053,30.61594]},"properties":{"udise":"05040811304","name":"GHS SOUNDEE","state":"UTTARAKHAND","district":"TEHRI GARHWAL","block":"PRATAPNAGAR","indicator":"no_girls_toilet"}},{"type":"Feature","geometry":{"type":"Point","coordinates":[78.67747,30.58528]},"properties":{"udise":"05040132701","name":"JH BHIGUN","state":"UTTARAKHAND","district":"TEHRI GARHWAL","block":"BHILANGANA","indicator":"no_girls_toilet"}},{"type":"Feature","geometry":{"type":"Point","coordinates":[78.8069,30.3796]},"properties":{"udise":"05040121106","name":"SSM THARTI","state":"UTTARAKHAND","district":"TEHRI GARHWAL","block":"BHILANGANA","indicator":"no_girls_toilet"}},{"type":"Feature","geometry":{"type":"Point","coordinates":[78.2722,30.5516]},"properties":{"udise":"05040903202","name":"JH KOTI MAHRO KEE","state":"UTTARAKHAND","district":"TEHRI GARHWAL","block":"THOULDHAR","indicator":"no_girls_toilet"}},{"type":"Feature","geometry":{"type":"Point","coordinates":[78.8099,30.5525]},"properties":{"udise":"05040130901","name":"PS REECHAK","state":"UTTARAKHAND","district":"TEHRI GARHWAL","block":"BHILANGANA","indicator":"no_girls_toilet"}},{"type":"Feature","geometry":{"type":"Point","coordinates":[78.72925,30.45125]},"properties":{"udise":"05040119809","name":"SSM MAIGADHAR","state":"UTTARAKHAND","district":"TEHRI GARHWAL","block":"BHILANGANA","indicator":"no_girls_toilet"}},{"type":"Feature","geometry":{"type":"Point","coordinates":[78.5616,30.4671]},"properties":{"udise":"05040409602","name":"PS MANDAR TALLA","state":"UTTARAKHAND","district":"TEHRI GARHWAL","block":"JAKHNIDHAR","indicator":"no_girls_toilet"}},{"type":"Feature","geometry":{"type":"Point","coordinates":[78.7434,30.3817]},"properties":{"udise":"05040132501","name":"PS NAIL GENWALI","state":"UTTARAKHAND","district":"TEHRI GARHWAL","block":"BHILANGANA","indicator":"no_girls_toilet"}},{"type":"Feature","geometry":{"type":"Point","coordinates":[78.80823,30.37462]},"properties":{"udise":"05040131801","name":"PS SILLI THARTI","state":"UTTARAKHAND","district":"TEHRI GARHWAL","block":"BHILANGANA","indicator":"no_girls_toilet"}},{"type":"Feature","geometry":{"type":"Point","coordinates":[78.7601,30.4524]},"properties":{"udise":"05040119805","name":"UK DCA  AAKHODI","state":"UTTARAKHAND","district":"TEHRI GARHWAL","block":"BHILANGANA","indicator":"no_girls_toilet"}},{"type":"Feature","geometry":{"type":"Point","coordinates":[78.8118,30.3863]},"properties":{"udise":"05040122201","name":"PS TITRANA","state":"UTTARAKHAND","district":"TEHRI GARHWAL","block":"BHILANGANA","indicator":"no_girls_toilet"}},{"type":"Feature","geometry":{"type":"Point","coordinates":[78.7596,30.516]},"properties":{"udise":"05040117502","name":"JH SAMANGAON","state":"UTTARAKHAND","district":"TEHRI GARHWAL","block":"BHILANGANA","indicator":"no_girls_toilet"}},{"type":"Feature","geometry":{"type":"Point","coordinates":[78.3518,30.5083]},"properties":{"udise":"05040903602","name":"JH KOUSHAL","state":"UTTARAKHAND","district":"TEHRI GARHWAL","block":"THOULDHAR","indicator":"no_girls_toilet"}},{"type":"Feature","geometry":{"type":"Point","coordinates":[78.7524,30.3847]},"properties":{"udise":"05040119901","name":"PS CHAKREDA","state":"UTTARAKHAND","district":"TEHRI GARHWAL","block":"BHILANGANA","indicator":"no_girls_toilet"}},{"type":"Feature","geometry":{"type":"Point","coordinates":[78.5759,30.2563]},"properties":{"udise":"05040325901","name":"PS DHODIYA DHAR","state":"UTTARAKHAND","district":"TEHRI GARHWAL","block":"DEVPRAYAG","indicator":"no_girls_toilet"}},{"type":"Feature","geometry":{"type":"Point","coordinates":[78.3124,30.2052]},"properties":{"udise":"05040719801","name":"PS GWAD","state":"UTTARAKHAND","district":"TEHRI GARHWAL","block":"NARENDRANAGAR","indicator":"no_girls_toilet"}},{"type":"Feature","geometry":{"type":"Point","coordinates":[78.3376,30.5087]},"properties":{"udise":"05040911101","name":"PS SAINSARI","state":"UTTARAKHAND","district":"TEHRI GARHWAL","block":"THOULDHAR","indicator":"no_girls_toilet"}},{"type":"Feature","geometry":{"type":"Point","coordinates":[78.7096,30.4925]},"properties":{"udise":"05040109001","name":"PS UFARDGAON","state":"UTTARAKHAND","district":"TEHRI GARHWAL","block":"BHILANGANA","indicator":"no_girls_toilet"}},{"type":"Feature","geometry":{"type":"Point","coordinates":[78.5289,30.5086]},"properties":{"udise":"05040804801","name":"PS TINWALGAON","state":"UTTARAKHAND","district":"TEHRI GARHWAL","block":"PRATAPNAGAR","indicator":"no_girls_toilet"}},{"type":"Feature","geometry":{"type":"Point","coordinates":[78.8118,30.3864]},"properties":{"udise":"05040122202","name":"JH TITRANA (G)","state":"UTTARAKHAND","district":"TEHRI GARHWAL","block":"BHILANGANA","indicator":"no_girls_toilet"}},{"type":"Feature","geometry":{"type":"Point","coordinates":[78.5858,30.3589]},"properties":{"udise":"05040410901","name":"PS SWADEE","state":"UTTARAKHAND","district":"TEHRI GARHWAL","block":"JAKHNIDHAR","indicator":"no_girls_toilet"}},{"type":"Feature","geometry":{"type":"Point","coordinates":[78.5975,30.6053]},"properties":{"udise":"05040131001","name":"PS KHAINI MAID","state":"UTTARAKHAND","district":"TEHRI GARHWAL","block":"BHILANGANA","indicator":"no_girls_toilet"}},{"type":"Feature","geometry":{"type":"Point","coordinates":[78.7892,30.4475]},"properties":{"udise":"05040127701","name":"PS MALGAON","state":"UTTARAKHAND","district":"TEHRI GARHWAL","block":"BHILANGANA","indicator":"no_girls_toilet"}},{"type":"Feature","geometry":{"type":"Point","coordinates":[78.564,30.5429]},"properties":{"udise":"05040131301","name":"PS BHIMLETH","state":"UTTARAKHAND","district":"TEHRI GARHWAL","block":"BHILANGANA","indicator":"no_girls_toilet"}},{"type":"Feature","geometry":{"type":"Point","coordinates":[78.5197,30.376]},"properties":{"udise":"05040408601","name":"PS PIPOLA","state":"UTTARAKHAND","district":"TEHRI GARHWAL","block":"JAKHNIDHAR","indicator":"no_girls_toilet"}},{"type":"Feature","geometry":{"type":"Point","coordinates":[78.4766,30.5159]},"properties":{"udise":"05040805404","name":"GHS ROUNAD RAMOLI","state":"UTTARAKHAND","district":"TEHRI GARHWAL","block":"PRATAPNAGAR","indicator":"girls_toilet_nonfunctional"}},{"type":"Feature","geometry":{"type":"Point","coordinates":[78.5142,30.4694]},"properties":{"udise":"05040811501","name":"PS SILWALGAON","state":"UTTARAKHAND","district":"TEHRI GARHWAL","block":"PRATAPNAGAR","indicator":"girls_toilet_nonfunctional"}},{"type":"Feature","geometry":{"type":"Point","coordinates":[78.4187,30.4485]},"properties":{"udise":"05040901005","name":"SSM UPPU","state":"UTTARAKHAND","district":"TEHRI GARHWAL","block":"THOULDHAR","indicator":"girls_toilet_nonfunctional"}},{"type":"Feature","geometry":{"type":"Point","coordinates":[78.5795,30.5337]},"properties":{"udise":"05040105703","name":"PS PATA","state":"UTTARAKHAND","district":"TEHRI GARHWAL","block":"BHILANGANA","indicator":"girls_toilet_nonfunctional"}},{"type":"Feature","geometry":{"type":"Point","coordinates":[78.8129,30.3251]},"properties":{"udise":"05040605602","name":"JH DEVGADI","state":"UTTARAKHAND","district":"TEHRI GARHWAL","block":"KEERTINAGAR","indicator":"girls_toilet_nonfunctional"}},{"type":"Feature","geometry":{"type":"Point","coordinates":[78.4392,30.2657]},"properties":{"udise":"05040218401","name":"PS KRITHWALGAON","state":"UTTARAKHAND","district":"TEHRI GARHWAL","block":"CHAMBA","indicator":"girls_toilet_nonfunctional"}},{"type":"Feature","geometry":{"type":"Point","coordinates":[78.0999,30.4844]},"properties":{"udise":"05040529001","name":"GHS LEDUR","state":"UTTARAKHAND","district":"TEHRI GARHWAL","block":"JOUNPUR","indicator":"girls_toilet_nonfunctional"}},{"type":"Feature","geometry":{"type":"Point","coordinates":[78.4707,30.5675]},"properties":{"udise":"05040815101","name":"PS KUDIYALGAON","state":"UTTARAKHAND","district":"TEHRI GARHWAL","block":"PRATAPNAGAR","indicator":"girls_toilet_nonfunctional"}},{"type":"Feature","geometry":{"type":"Point","coordinates":[78.4362,30.3943]},"properties":{"udise":"05040208501","name":"PS JASPUR","state":"UTTARAKHAND","district":"TEHRI GARHWAL","block":"CHAMBA","indicator":"girls_toilet_nonfunctional"}},{"type":"Feature","geometry":{"type":"Point","coordinates":[78.4961,30.4678]},"properties":{"udise":"05040809303","name":"PS DHARKHOLA","state":"UTTARAKHAND","district":"TEHRI GARHWAL","block":"PRATAPNAGAR","indicator":"girls_toilet_nonfunctional"}},{"type":"Feature","geometry":{"type":"Point","coordinates":[78.2661,30.1506]},"properties":{"udise":"05040702202","name":"JH ONI(N.NAGAR)","state":"UTTARAKHAND","district":"TEHRI GARHWAL","block":"NARENDRANAGAR","indicator":"girls_toilet_nonfunctional"}},{"type":"Feature","geometry":{"type":"Point","coordinates":[78.478,30.5289]},"properties":{"udise":"05040814401","name":"PS KANDAGAON","state":"UTTARAKHAND","district":"TEHRI GARHWAL","block":"PRATAPNAGAR","indicator":"girls_toilet_nonfunctional"}},{"type":"Feature","geometry":{"type":"Point","coordinates":[78.0717,30.5039]},"properties":{"udise":"05040528101","name":"PS CHOUNTI","state":"UTTARAKHAND","district":"TEHRI GARHWAL","block":"JOUNPUR","indicator":"girls_toilet_nonfunctional"}},{"type":"Feature","geometry":{"type":"Point","coordinates":[78.7987,30.5237]},"properties":{"udise":"05040124801","name":"PS MAHARGAON (BHILANG)","state":"UTTARAKHAND","district":"TEHRI GARHWAL","block":"BHILANGANA","indicator":"girls_toilet_nonfunctional"}},{"type":"Feature","geometry":{"type":"Point","coordinates":[78.2839,30.6011]},"properties":{"udise":"05040913001","name":"PS MAHEDA-2","state":"UTTARAKHAND","district":"TEHRI GARHWAL","block":"THOULDHAR","indicator":"girls_toilet_nonfunctional"}},{"type":"Feature","geometry":{"type":"Point","coordinates":[78.7371,30.3403]},"properties":{"udise":"05040603301","name":"PS GWAD DAGAR","state":"UTTARAKHAND","district":"TEHRI GARHWAL","block":"KEERTINAGAR","indicator":"girls_toilet_nonfunctional"}},{"type":"Feature","geometry":{"type":"Point","coordinates":[78.349,30.4946]},"properties":{"udise":"05040908201","name":"PS DHARWALGAON","state":"UTTARAKHAND","district":"TEHRI GARHWAL","block":"THOULDHAR","indicator":"girls_toilet_nonfunctional"}},{"type":"Feature","geometry":{"type":"Point","coordinates":[77.9869,30.481]},"properties":{"udise":"05040522501","name":"PS SARTALI","state":"UTTARAKHAND","district":"TEHRI GARHWAL","block":"JOUNPUR","indicator":"girls_toilet_nonfunctional"}},{"type":"Feature","geometry":{"type":"Point","coordinates":[78.0336,30.4834]},"properties":{"udise":"05040521201","name":"PS RAYAT GAON","state":"UTTARAKHAND","district":"TEHRI GARHWAL","block":"JOUNPUR","indicator":"girls_toilet_nonfunctional"}},{"type":"Feature","geometry":{"type":"Point","coordinates":[78.7256,30.3202]},"properties":{"udise":"05040602702","name":"PS PILKHEE DAGAR","state":"UTTARAKHAND","district":"TEHRI GARHWAL","block":"KEERTINAGAR","indicator":"girls_toilet_nonfunctional"}},{"type":"Feature","geometry":{"type":"Point","coordinates":[78.8657,30.3219]},"properties":{"udise":"05040614402","name":"JH MANJULI","state":"UTTARAKHAND","district":"TEHRI GARHWAL","block":"KEERTINAGAR","indicator":"girls_toilet_nonfunctional"}},{"type":"Feature","geometry":{"type":"Point","coordinates":[78.4562,30.3095]},"properties":{"udise":"05040216701","name":"PS BANGOLI","state":"UTTARAKHAND","district":"TEHRI GARHWAL","block":"CHAMBA","indicator":"girls_toilet_nonfunctional"}},{"type":"Feature","geometry":{"type":"Point","coordinates":[78.7584,30.383]},"properties":{"udise":"05040121104","name":"KSN SSM DANGEE","state":"UTTARAKHAND","district":"TEHRI GARHWAL","block":"BHILANGANA","indicator":"girls_toilet_nonfunctional"}},{"type":"Feature","geometry":{"type":"Point","coordinates":[78.5184,30.5196]},"properties":{"udise":"05040808302","name":"JH PUJARGAON","state":"UTTARAKHAND","district":"TEHRI GARHWAL","block":"PRATAPNAGAR","indicator":"girls_toilet_nonfunctional"}},{"type":"Feature","geometry":{"type":"Point","coordinates":[78.6783,30.2213]},"properties":{"udise":"05040327702","name":"SSVM BHALLEYGAON BAGWAN","state":"UTTARAKHAND","district":"TEHRI GARHWAL","block":"DEVPRAYAG","indicator":"girls_toilet_nonfunctional"}},{"type":"Feature","geometry":{"type":"Point","coordinates":[78.2723,30.6014]},"properties":{"udise":"05040902406","name":"PS KATHKHET","state":"UTTARAKHAND","district":"TEHRI GARHWAL","block":"THOULDHAR","indicator":"girls_toilet_nonfunctional"}},{"type":"Feature","geometry":{"type":"Point","coordinates":[78.3803,30.38]},"properties":{"udise":"05040204101","name":"PS KANTHARGAON","state":"UTTARAKHAND","district":"TEHRI GARHWAL","block":"CHAMBA","indicator":"girls_toilet_nonfunctional"}},{"type":"Feature","geometry":{"type":"Point","coordinates":[78.5461,30.3246]},"properties":{"udise":"05040407801","name":"PS MALYAKOT (PARSARI)","state":"UTTARAKHAND","district":"TEHRI GARHWAL","block":"JAKHNIDHAR","indicator":"girls_toilet_nonfunctional"}},{"type":"Feature","geometry":{"type":"Point","coordinates":[78.5598,30.3596]},"properties":{"udise":"05040405104","name":"PS CHOUNRI","state":"UTTARAKHAND","district":"TEHRI GARHWAL","block":"JAKHNIDHAR","indicator":"girls_toilet_nonfunctional"}},{"type":"Feature","geometry":{"type":"Point","coordinates":[78.8129,30.3251]},"properties":{"udise":"05040605601","name":"PS DEVGADI","state":"UTTARAKHAND","district":"TEHRI GARHWAL","block":"KEERTINAGAR","indicator":"girls_toilet_nonfunctional"}},{"type":"Feature","geometry":{"type":"Point","coordinates":[78.4774,30.4834]},"properties":{"udise":"05040813202","name":"JH PATUDEE","state":"UTTARAKHAND","district":"TEHRI GARHWAL","block":"PRATAPNAGAR","indicator":"girls_toilet_nonfunctional"}},{"type":"Feature","geometry":{"type":"Point","coordinates":[78.3122,30.4745]},"properties":{"udise":"05040910701","name":"PS BANDA","state":"UTTARAKHAND","district":"TEHRI GARHWAL","block":"THOULDHAR","indicator":"girls_toilet_nonfunctional"}},{"type":"Feature","geometry":{"type":"Point","coordinates":[78.2885,30.5875]},"properties":{"udise":"05040909401","name":"PS BAGON","state":"UTTARAKHAND","district":"TEHRI GARHWAL","block":"THOULDHAR","indicator":"girls_toilet_nonfunctional"}},{"type":"Feature","geometry":{"type":"Point","coordinates":[78.5093,30.5041]},"properties":{"udise":"05040806501","name":"PS POKHRIYALGAON","state":"UTTARAKHAND","district":"TEHRI GARHWAL","block":"PRATAPNAGAR","indicator":"girls_toilet_nonfunctional"}},{"type":"Feature","geometry":{"type":"Point","coordinates":[78.792,30.5298]},"properties":{"udise":"05040126502","name":"PS GHUTTU","state":"UTTARAKHAND","district":"TEHRI GARHWAL","block":"BHILANGANA","indicator":"girls_toilet_nonfunctional"}},{"type":"Feature","geometry":{"type":"Point","coordinates":[78.3432,30.3107]},"properties":{"udise":"05040221901","name":"PS JIJALI","state":"UTTARAKHAND","district":"TEHRI GARHWAL","block":"CHAMBA","indicator":"girls_toilet_nonfunctional"}},{"type":"Feature","geometry":{"type":"Point","coordinates":[78.56769,30.53783]},"properties":{"udise":"05040115704","name":"GIC RAGDEE","state":"UTTARAKHAND","district":"TEHRI GARHWAL","block":"BHILANGANA","indicator":"girls_toilet_nonfunctional"}},{"type":"Feature","geometry":{"type":"Point","coordinates":[78.3824,30.2952]},"properties":{"udise":"05040700101","name":"PS ATALEE","state":"UTTARAKHAND","district":"TEHRI GARHWAL","block":"NARENDRANAGAR","indicator":"girls_toilet_nonfunctional"}},{"type":"Feature","geometry":{"type":"Point","coordinates":[78.4321,30.5017]},"properties":{"udise":"05040800901","name":"PS KYARKEE","state":"UTTARAKHAND","district":"TEHRI GARHWAL","block":"PRATAPNAGAR","indicator":"girls_toilet_nonfunctional"}},{"type":"Feature","geometry":{"type":"Point","coordinates":[78.7322,30.4369]},"properties":{"udise":"05040121001","name":"PS JAKH","state":"UTTARAKHAND","district":"TEHRI GARHWAL","block":"BHILANGANA","indicator":"girls_toilet_nonfunctional"}},{"type":"Feature","geometry":{"type":"Point","coordinates":[78.4074,30.339]},"properties":{"udise":"05040221301","name":"PS SOUNDKOTI MALLI","state":"UTTARAKHAND","district":"TEHRI GARHWAL","block":"CHAMBA","indicator":"girls_toilet_nonfunctional"}},{"type":"Feature","geometry":{"type":"Point","coordinates":[78.5571,30.2885]},"properties":{"udise":"05040300501","name":"PS PATTA","state":"UTTARAKHAND","district":"TEHRI GARHWAL","block":"DEVPRAYAG","indicator":"girls_toilet_nonfunctional"}},{"type":"Feature","geometry":{"type":"Point","coordinates":[78.7041,30.4091]},"properties":{"udise":"05040120802","name":"PS RATANPUR","state":"UTTARAKHAND","district":"TEHRI GARHWAL","block":"BHILANGANA","indicator":"girls_toilet_nonfunctional"}},{"type":"Feature","geometry":{"type":"Point","coordinates":[78.6194,30.4826]},"properties":{"udise":"05040114301","name":"PS CHAKCHOUND","state":"UTTARAKHAND","district":"TEHRI GARHWAL","block":"BHILANGANA","indicator":"girls_toilet_nonfunctional"}},{"type":"Feature","geometry":{"type":"Point","coordinates":[78.1056,30.6218]},"properties":{"udise":"05040511901","name":"PS GHIYAKOTI","state":"UTTARAKHAND","district":"TEHRI GARHWAL","block":"JOUNPUR","indicator":"girls_toilet_nonfunctional"}},{"type":"Feature","geometry":{"type":"Point","coordinates":[78.7884,30.2336]},"properties":{"udise":"05040607401","name":"PS GORSALI","state":"UTTARAKHAND","district":"TEHRI GARHWAL","block":"KEERTINAGAR","indicator":"girls_toilet_nonfunctional"}},{"type":"Feature","geometry":{"type":"Point","coordinates":[78.3486,30.4838]},"properties":{"udise":"05040908801","name":"PS NAKOT","state":"UTTARAKHAND","district":"TEHRI GARHWAL","block":"THOULDHAR","indicator":"girls_toilet_nonfunctional"}},{"type":"Feature","geometry":{"type":"Point","coordinates":[78.5142,30.2908]},"properties":{"udise":"05040303301","name":"PS SIMLASU","state":"UTTARAKHAND","district":"TEHRI GARHWAL","block":"DEVPRAYAG","indicator":"girls_toilet_nonfunctional"}},{"type":"Feature","geometry":{"type":"Point","coordinates":[78.598,30.146]},"properties":{"udise":"05040325807","name":"ONKARA SARSWATI PS DEVPRIYAG","state":"UTTARAKHAND","district":"TEHRI GARHWAL","block":"DEVPRAYAG","indicator":"girls_toilet_nonfunctional"}},{"type":"Feature","geometry":{"type":"Point","coordinates":[78.5468,30.4979]},"properties":{"udise":"05040802201","name":"PS KHITTA","state":"UTTARAKHAND","district":"TEHRI GARHWAL","block":"PRATAPNAGAR","indicator":"girls_toilet_nonfunctional"}},{"type":"Feature","geometry":{"type":"Point","coordinates":[78.3119,30.1966]},"properties":{"udise":"05040721001","name":"PS BHAINSARK","state":"UTTARAKHAND","district":"TEHRI GARHWAL","block":"NARENDRANAGAR","indicator":"girls_toilet_nonfunctional"}},{"type":"Feature","geometry":{"type":"Point","coordinates":[78.391,30.3958]},"properties":{"udise":"05040205601","name":"PS GUNOGEE (U)","state":"UTTARAKHAND","district":"TEHRI GARHWAL","block":"CHAMBA","indicator":"girls_toilet_nonfunctional"}},{"type":"Feature","geometry":{"type":"Point","coordinates":[78.8043,30.2631]},"properties":{"udise":"05040611103","name":"GANGA MODAN PUBLIC SCHOOL MANJKOT","state":"UTTARAKHAND","district":"TEHRI GARHWAL","block":"KEERTINAGAR","indicator":"girls_toilet_nonfunctional"}},{"type":"Feature","geometry":{"type":"Point","coordinates":[78.6774,30.2608]},"properties":{"udise":"05040325502","name":"JH HARDAKHAL","state":"UTTARAKHAND","district":"TEHRI GARHWAL","block":"KEERTINAGAR","indicator":"girls_toilet_nonfunctional"}},{"type":"Feature","geometry":{"type":"Point","coordinates":[78.4783,30.1006]},"properties":{"udise":"05040718202","name":"JH NASOGI (G)","state":"UTTARAKHAND","district":"TEHRI GARHWAL","block":"NARENDRANAGAR","indicator":"girls_toilet_nonfunctional"}},{"type":"Feature","geometry":{"type":"Point","coordinates":[78.814,30.3843]},"properties":{"udise":"05040122303","name":"PS BADIYARGAON","state":"UTTARAKHAND","district":"TEHRI GARHWAL","block":"BHILANGANA","indicator":"girls_toilet_nonfunctional"}},{"type":"Feature","geometry":{"type":"Point","coordinates":[78.0817,30.515]},"properties":{"udise":"05040505101","name":"PS TAKARNA","state":"UTTARAKHAND","district":"TEHRI GARHWAL","block":"JOUNPUR","indicator":"girls_toilet_nonfunctional"}},{"type":"Feature","geometry":{"type":"Point","coordinates":[78.7815,30.4286]},"properties":{"udise":"05040120301","name":"PS CHANJEE MALLI","state":"UTTARAKHAND","district":"TEHRI GARHWAL","block":"BHILANGANA","indicator":"girls_toilet_nonfunctional"}},{"type":"Feature","geometry":{"type":"Point","coordinates":[78.4909,30.469]},"properties":{"udise":"05040812901","name":"PS KHOLGARH PALLA","state":"UTTARAKHAND","district":"TEHRI GARHWAL","block":"PRATAPNAGAR","indicator":"girls_toilet_nonfunctional"}},{"type":"Feature","geometry":{"type":"Point","coordinates":[78.4719,30.503]},"properties":{"udise":"05040802702","name":"JH KHETPALI","state":"UTTARAKHAND","district":"TEHRI GARHWAL","block":"PRATAPNAGAR","indicator":"girls_toilet_nonfunctional"}},{"type":"Feature","geometry":{"type":"Point","coordinates":[78.5457,30.4986]},"properties":{"udise":"05040813801","name":"PS MANJKHET","state":"UTTARAKHAND","district":"TEHRI GARHWAL","block":"PRATAPNAGAR","indicator":"girls_toilet_nonfunctional"}},{"type":"Feature","geometry":{"type":"Point","coordinates":[78.485,30.1561]},"properties":{"udise":"05040723801","name":"PS GAAD","state":"UTTARAKHAND","district":"TEHRI GARHWAL","block":"NARENDRANAGAR","indicator":"girls_toilet_nonfunctional"}},{"type":"Feature","geometry":{"type":"Point","coordinates":[78.5646,30.2448]},"properties":{"udise":"05040314402","name":"JH TOLI","state":"UTTARAKHAND","district":"TEHRI GARHWAL","block":"DEVPRAYAG","indicator":"girls_toilet_nonfunctional"}},{"type":"Feature","geometry":{"type":"Point","coordinates":[78.6071,30.2332]},"properties":{"udise":"05040309502","name":"JG JH GOSIL","state":"UTTARAKHAND","district":"TEHRI GARHWAL","block":"DEVPRAYAG","indicator":"girls_toilet_nonfunctional"}},{"type":"Feature","geometry":{"type":"Point","coordinates":[78.3784,30.4311]},"properties":{"udise":"05040903502","name":"JH KOTI (JUWA)","state":"UTTARAKHAND","district":"TEHRI GARHWAL","block":"THOULDHAR","indicator":"girls_toilet_nonfunctional"}},{"type":"Feature","geometry":{"type":"Point","coordinates":[78.6987,30.4845]},"properties":{"udise":"05040103401","name":"PS KOTHAR BHILANG","state":"UTTARAKHAND","district":"TEHRI GARHWAL","block":"BHILANGANA","indicator":"girls_toilet_nonfunctional"}},{"type":"Feature","geometry":{"type":"Point","coordinates":[78.6608,30.6589]},"properties":{"udise":"05040111701","name":"PS URNEE","state":"UTTARAKHAND","district":"TEHRI GARHWAL","block":"BHILANGANA","indicator":"girls_toilet_nonfunctional"}},{"type":"Feature","geometry":{"type":"Point","coordinates":[78.5398,30.3036]},"properties":{"udise":"05040408002","name":"JH PAJIYADA","state":"UTTARAKHAND","district":"TEHRI GARHWAL","block":"JAKHNIDHAR","indicator":"girls_toilet_nonfunctional"}},{"type":"Feature","geometry":{"type":"Point","coordinates":[78.432,30.3713]},"properties":{"udise":"05040222201","name":"PS NEW TEHRI-1","state":"UTTARAKHAND","district":"TEHRI GARHWAL","block":"CHAMBA","indicator":"girls_toilet_nonfunctional"}},{"type":"Feature","geometry":{"type":"Point","coordinates":[78.08,30.5052]},"properties":{"udise":"05040503402","name":"JH CHAMASARI","state":"UTTARAKHAND","district":"TEHRI GARHWAL","block":"JOUNPUR","indicator":"girls_toilet_nonfunctional"}},{"type":"Feature","geometry":{"type":"Point","coordinates":[78.4624,30.4375]},"properties":{"udise":"05040811402","name":"JH SAIM (RAIKA)","state":"UTTARAKHAND","district":"TEHRI GARHWAL","block":"PRATAPNAGAR","indicator":"girls_toilet_nonfunctional"}},{"type":"Feature","geometry":{"type":"Point","coordinates":[78.6469,30.5069]},"properties":{"udise":"05040127201","name":"PS KARANGAON","state":"UTTARAKHAND","district":"TEHRI GARHWAL","block":"BHILANGANA","indicator":"girls_toilet_nonfunctional"}},{"type":"Feature","geometry":{"type":"Point","coordinates":[78.2178,30.5142]},"properties":{"udise":"05040513803","name":"PS BAITH","state":"UTTARAKHAND","district":"TEHRI GARHWAL","block":"JOUNPUR","indicator":"girls_toilet_nonfunctional"}},{"type":"Feature","geometry":{"type":"Point","coordinates":[78.5003,30.4266]},"properties":{"udise":"05040413101","name":"PS DHARKOT","state":"UTTARAKHAND","district":"TEHRI GARHWAL","block":"JAKHNIDHAR","indicator":"girls_toilet_nonfunctional"}},{"type":"Feature","geometry":{"type":"Point","coordinates":[78.7373,30.2821]},"properties":{"udise":"05040603701","name":"JH DIYULI KADAKOT","state":"UTTARAKHAND","district":"TEHRI GARHWAL","block":"KEERTINAGAR","indicator":"girls_toilet_nonfunctional"}},{"type":"Feature","geometry":{"type":"Point","coordinates":[78.6824,30.3584]},"properties":{"udise":"05040616201","name":"PS MANJULI DAGAR","state":"UTTARAKHAND","district":"TEHRI GARHWAL","block":"KEERTINAGAR","indicator":"girls_toilet_nonfunctional"}},{"type":"Feature","geometry":{"type":"Point","coordinates":[78.0501,30.4835]},"properties":{"udise":"05040505001","name":"PS TUNETHA","state":"UTTARAKHAND","district":"TEHRI GARHWAL","block":"JOUNPUR","indicator":"girls_toilet_nonfunctional"}},{"type":"Feature","geometry":{"type":"Point","coordinates":[78.5743,30.2084]},"properties":{"udise":"05040316001","name":"PS BHUTIYANA","state":"UTTARAKHAND","district":"TEHRI GARHWAL","block":"DEVPRAYAG","indicator":"girls_toilet_nonfunctional"}},{"type":"Feature","geometry":{"type":"Point","coordinates":[78.5381,30.2723]},"properties":{"udise":"05040302902","name":"PS KOT SANDNA","state":"UTTARAKHAND","district":"TEHRI GARHWAL","block":"DEVPRAYAG","indicator":"girls_toilet_nonfunctional"}},{"type":"Feature","geometry":{"type":"Point","coordinates":[78.8064,30.5253]},"properties":{"udise":"05040100801","name":"PS KANDARGAON","state":"UTTARAKHAND","district":"TEHRI GARHWAL","block":"BHILANGANA","indicator":"girls_toilet_nonfunctional"}},{"type":"Feature","geometry":{"type":"Point","coordinates":[78.35978,30.46506]},"properties":{"udise":"05040906002","name":"JH GWAD MOLDHAR","state":"UTTARAKHAND","district":"TEHRI GARHWAL","block":"THOULDHAR","indicator":"girls_toilet_nonfunctional"}},{"type":"Feature","geometry":{"type":"Point","coordinates":[78.4387,30.5021]},"properties":{"udise":"05040812501","name":"PS BETHAN","state":"UTTARAKHAND","district":"TEHRI GARHWAL","block":"PRATAPNAGAR","indicator":"girls_toilet_nonfunctional"}},{"type":"Feature","geometry":{"type":"Point","coordinates":[78.6255,30.2534]},"properties":{"udise":"05040311601","name":"PS BHAINSKOT","state":"UTTARAKHAND","district":"TEHRI GARHWAL","block":"DEVPRAYAG","indicator":"girls_toilet_nonfunctional"}},{"type":"Feature","geometry":{"type":"Point","coordinates":[78.3346,30.5294]},"properties":{"udise":"05040911001","name":"PS BIKOL","state":"UTTARAKHAND","district":"TEHRI GARHWAL","block":"THOULDHAR","indicator":"girls_toilet_nonfunctional"}},{"type":"Feature","geometry":{"type":"Point","coordinates":[78.10872,30.53564]},"properties":{"udise":"05040500703","name":"GIC KYARI","state":"UTTARAKHAND","district":"TEHRI GARHWAL","block":"JOUNPUR","indicator":"girls_toilet_nonfunctional"}},{"type":"Feature","geometry":{"type":"Point","coordinates":[78.6079,30.5079]},"properties":{"udise":"05040107601","name":"JH DEVLESHWAR","state":"UTTARAKHAND","district":"TEHRI GARHWAL","block":"BHILANGANA","indicator":"girls_toilet_nonfunctional"}},{"type":"Feature","geometry":{"type":"Point","coordinates":[78.722,30.3137]},"properties":{"udise":"05040602401","name":"PS KOTI (NEW)","state":"UTTARAKHAND","district":"TEHRI GARHWAL","block":"KEERTINAGAR","indicator":"girls_toilet_nonfunctional"}},{"type":"Feature","geometry":{"type":"Point","coordinates":[78.6651,30.2564]},"properties":{"udise":"05040308702","name":"PS KOTHI GADNEE","state":"UTTARAKHAND","district":"TEHRI GARHWAL","block":"DEVPRAYAG","indicator":"girls_toilet_nonfunctional"}},{"type":"Feature","geometry":{"type":"Point","coordinates":[78.6326,30.4608]},"properties":{"udise":"05040120901","name":"PS BAHEDA","state":"UTTARAKHAND","district":"TEHRI GARHWAL","block":"BHILANGANA","indicator":"girls_toilet_nonfunctional"}},{"type":"Feature","geometry":{"type":"Point","coordinates":[78.5279,30.5119]},"properties":{"udise":"05040811403","name":"JH SAIMDHAR","state":"UTTARAKHAND","district":"TEHRI GARHWAL","block":"PRATAPNAGAR","indicator":"girls_toilet_nonfunctional"}},{"type":"Feature","geometry":{"type":"Point","coordinates":[78.5641,30.2979]},"properties":{"udise":"05040402801","name":"PS KAPRIYANISAIN","state":"UTTARAKHAND","district":"TEHRI GARHWAL","block":"JAKHNIDHAR","indicator":"girls_toilet_nonfunctional"}},{"type":"Feature","geometry":{"type":"Point","coordinates":[78.4799,30.5642]},"properties":{"udise":"05040800405","name":"PS KHARALA","state":"UTTARAKHAND","district":"TEHRI GARHWAL","block":"PRATAPNAGAR","indicator":"girls_toilet_nonfunctional"}},{"type":"Feature","geometry":{"type":"Point","coordinates":[78.5977,30.1633]},"properties":{"udise":"05040322701","name":"JH MUNETH","state":"UTTARAKHAND","district":"TEHRI GARHWAL","block":"DEVPRAYAG","indicator":"girls_toilet_nonfunctional"}},{"type":"Feature","geometry":{"type":"Point","coordinates":[78.27386,30.11271]},"properties":{"udise":"05040702501","name":"PS KOTAR (DOGI)","state":"UTTARAKHAND","district":"TEHRI GARHWAL","block":"NARENDRANAGAR","indicator":"girls_toilet_nonfunctional"}},{"type":"Feature","geometry":{"type":"Point","coordinates":[78.036,30.5463]},"properties":{"udise":"05040504201","name":"PS JAIDWAR","state":"UTTARAKHAND","district":"TEHRI GARHWAL","block":"JOUNPUR","indicator":"girls_toilet_nonfunctional"}},{"type":"Feature","geometry":{"type":"Point","coordinates":[78.3653,30.4721]},"properties":{"udise":"05040902901","name":"SSN KAMAND","state":"UTTARAKHAND","district":"TEHRI GARHWAL","block":"THOULDHAR","indicator":"girls_toilet_nonfunctional"}},{"type":"Feature","geometry":{"type":"Point","coordinates":[78.5273,30.2313]},"properties":{"udise":"05040719301","name":"PS LASER","state":"UTTARAKHAND","district":"TEHRI GARHWAL","block":"NARENDRANAGAR","indicator":"girls_toilet_nonfunctional"}},{"type":"Feature","geometry":{"type":"Point","coordinates":[78.5853,30.2385]},"properties":{"udise":"05040316201","name":"PS DEWKA","state":"UTTARAKHAND","district":"TEHRI GARHWAL","block":"DEVPRAYAG","indicator":"girls_toilet_nonfunctional"}},{"type":"Feature","geometry":{"type":"Point","coordinates":[78.2821,30.1709]},"properties":{"udise":"05040722702","name":"JH DOUNR","state":"UTTARAKHAND","district":"TEHRI GARHWAL","block":"NARENDRANAGAR","indicator":"girls_toilet_nonfunctional"}},{"type":"Feature","geometry":{"type":"Point","coordinates":[78.797,30.4368]},"properties":{"udise":"05040119003","name":"SVNJH SOUR ANTHWALGAON","state":"UTTARAKHAND","district":"TEHRI GARHWAL","block":"BHILANGANA","indicator":"girls_toilet_nonfunctional"}},{"type":"Feature","geometry":{"type":"Point","coordinates":[78.7465,30.2414]},"properties":{"udise":"05040612901","name":"PS RANKANDIYAL","state":"UTTARAKHAND","district":"TEHRI GARHWAL","block":"KEERTINAGAR","indicator":"girls_toilet_nonfunctional"}},{"type":"Feature","geometry":{"type":"Point","coordinates":[78.8531,30.2853]},"properties":{"udise":"05040614901","name":"PS SUPAR","state":"UTTARAKHAND","district":"TEHRI GARHWAL","block":"KEERTINAGAR","indicator":"girls_toilet_nonfunctional"}},{"type":"Feature","geometry":{"type":"Point","coordinates":[78.5006,30.1134]},"properties":{"udise":"05040718001","name":"JH PURWALA","state":"UTTARAKHAND","district":"TEHRI GARHWAL","block":"NARENDRANAGAR","indicator":"girls_toilet_nonfunctional"}},{"type":"Feature","geometry":{"type":"Point","coordinates":[78.5139,30.4722]},"properties":{"udise":"05040813501","name":"PS SUNKHET","state":"UTTARAKHAND","district":"TEHRI GARHWAL","block":"PRATAPNAGAR","indicator":"girls_toilet_nonfunctional"}},{"type":"Feature","geometry":{"type":"Point","coordinates":[78.345,30.3852]},"properties":{"udise":"05040200901","name":"PS NAGRAJADHAR","state":"UTTARAKHAND","district":"TEHRI GARHWAL","block":"CHAMBA","indicator":"girls_toilet_nonfunctional"}},{"type":"Feature","geometry":{"type":"Point","coordinates":[78.6401,30.456]},"properties":{"udise":"05040118002","name":"BPNGM SILYARA","state":"UTTARAKHAND","district":"TEHRI GARHWAL","block":"BHILANGANA","indicator":"girls_toilet_nonfunctional"}},{"type":"Feature","geometry":{"type":"Point","coordinates":[78.326,30.4984]},"properties":{"udise":"05040912201","name":"PS BHANDARKEE","state":"UTTARAKHAND","district":"TEHRI GARHWAL","block":"THOULDHAR","indicator":"girls_toilet_nonfunctional"}},{"type":"Feature","geometry":{"type":"Point","coordinates":[78.7782,30.3735]},"properties":{"udise":"05040120503","name":"JH CHOUNRA","state":"UTTARAKHAND","district":"TEHRI GARHWAL","block":"BHILANGANA","indicator":"girls_toilet_nonfunctional"}},{"type":"Feature","geometry":{"type":"Point","coordinates":[78.3777,30.3332]},"properties":{"udise":"05040207201","name":"PS NARANGEE","state":"UTTARAKHAND","district":"TEHRI GARHWAL","block":"CHAMBA","indicator":"girls_toilet_nonfunctional"}},{"type":"Feature","geometry":{"type":"Point","coordinates":[78.5654,30.2586]},"properties":{"udise":"05040301302","name":"JH JAROLA","state":"UTTARAKHAND","district":"TEHRI GARHWAL","block":"DEVPRAYAG","indicator":"girls_toilet_nonfunctional"}},{"type":"Feature","geometry":{"type":"Point","coordinates":[78.3931,30.3298]},"properties":{"udise":"05040210201","name":"PS THAN BAMUND","state":"UTTARAKHAND","district":"TEHRI GARHWAL","block":"CHAMBA","indicator":"girls_toilet_nonfunctional"}},{"type":"Feature","geometry":{"type":"Point","coordinates":[78.6174,30.2165]},"properties":{"udise":"05040317101","name":"JH BHADEEKHAL","state":"UTTARAKHAND","district":"TEHRI GARHWAL","block":"DEVPRAYAG","indicator":"girls_toilet_nonfunctional"}},{"type":"Feature","geometry":{"type":"Point","coordinates":[78.7123,30.3449]},"properties":{"udise":"05040605101","name":"PS KULEDI","state":"UTTARAKHAND","district":"TEHRI GARHWAL","block":"KEERTINAGAR","indicator":"girls_toilet_nonfunctional"}},{"type":"Feature","geometry":{"type":"Point","coordinates":[78.46308,30.38214]},"properties":{"udise":"05040224202","name":"NMV I.C.B.PURAM","state":"UTTARAKHAND","district":"TEHRI GARHWAL","block":"CHAMBA","indicator":"girls_toilet_nonfunctional"}},{"type":"Feature","geometry":{"type":"Point","coordinates":[78.7588,30.3828]},"properties":{"udise":"05040119301","name":"PS DANGI NAILCHAMI","state":"UTTARAKHAND","district":"TEHRI GARHWAL","block":"BHILANGANA","indicator":"girls_toilet_nonfunctional"}},{"type":"Feature","geometry":{"type":"Point","coordinates":[78.6236,30.5878]},"properties":{"udise":"05040132001","name":"PS CHINYADI","state":"UTTARAKHAND","district":"TEHRI GARHWAL","block":"BHILANGANA","indicator":"girls_toilet_nonfunctional"}},{"type":"Feature","geometry":{"type":"Point","coordinates":[78.005,30.5716]},"properties":{"udise":"05040505405","name":"SSM NAINBHAG","state":"UTTARAKHAND","district":"TEHRI GARHWAL","block":"JOUNPUR","indicator":"girls_toilet_nonfunctional"}},{"type":"Feature","geometry":{"type":"Point","coordinates":[78.486,30.3204]},"properties":{"udise":"05040201301","name":"PS KYARI","state":"UTTARAKHAND","district":"TEHRI GARHWAL","block":"CHAMBA","indicator":"girls_toilet_nonfunctional"}},{"type":"Feature","geometry":{"type":"Point","coordinates":[78.4019,30.3485]},"properties":{"udise":"05040223008","name":"SSM CHAMBA","state":"UTTARAKHAND","district":"TEHRI GARHWAL","block":"CHAMBA","indicator":"girls_toilet_nonfunctional"}},{"type":"Feature","geometry":{"type":"Point","coordinates":[78.4577,30.3807]},"properties":{"udise":"05040224102","name":"SVM B PURAM","state":"UTTARAKHAND","district":"TEHRI GARHWAL","block":"CHAMBA","indicator":"girls_toilet_nonfunctional"}},{"type":"Feature","geometry":{"type":"Point","coordinates":[78.6996,30.3542]},"properties":{"udise":"05040605001","name":"PS THATI DAGAR","state":"UTTARAKHAND","district":"TEHRI GARHWAL","block":"KEERTINAGAR","indicator":"girls_toilet_nonfunctional"}},{"type":"Feature","geometry":{"type":"Point","coordinates":[78.4032,30.2724]},"properties":{"udise":"05040210901","name":"PS MANADA","state":"UTTARAKHAND","district":"TEHRI GARHWAL","block":"CHAMBA","indicator":"girls_toilet_nonfunctional"}},{"type":"Feature","geometry":{"type":"Point","coordinates":[78.7942,30.3611]},"properties":{"udise":"05040123602","name":"JH PUNDOLI (G)","state":"UTTARAKHAND","district":"TEHRI GARHWAL","block":"BHILANGANA","indicator":"girls_toilet_nonfunctional"}},{"type":"Feature","geometry":{"type":"Point","coordinates":[78.0413,30.5915]},"properties":{"udise":"05040506701","name":"JH TIKREE","state":"UTTARAKHAND","district":"TEHRI GARHWAL","block":"JOUNPUR","indicator":"girls_toilet_nonfunctional"}},{"type":"Feature","geometry":{"type":"Point","coordinates":[78.0673,30.571]},"properties":{"udise":"05040519201","name":"PS SOUNTIYALGAON","state":"UTTARAKHAND","district":"TEHRI GARHWAL","block":"JOUNPUR","indicator":"girls_toilet_nonfunctional"}},{"type":"Feature","geometry":{"type":"Point","coordinates":[78.6524,30.2221]},"properties":{"udise":"05040327201","name":"PS TYUDI","state":"UTTARAKHAND","district":"TEHRI GARHWAL","block":"DEVPRAYAG","indicator":"girls_toilet_nonfunctional"}},{"type":"Feature","geometry":{"type":"Point","coordinates":[78.3549,30.3742]},"properties":{"udise":"05040211502","name":"JH GUNOGEE","state":"UTTARAKHAND","district":"TEHRI GARHWAL","block":"CHAMBA","indicator":"girls_toilet_nonfunctional"}},{"type":"Feature","geometry":{"type":"Point","coordinates":[78.7236,30.3074]},"properties":{"udise":"05040602502","name":"GHS JAKHED","state":"UTTARAKHAND","district":"TEHRI GARHWAL","block":"KEERTINAGAR","indicator":"girls_toilet_nonfunctional"}},{"type":"Feature","geometry":{"type":"Point","coordinates":[78.6114,30.1984]},"properties":{"udise":"05040305001","name":"PS GUSAIN GAON","state":"UTTARAKHAND","district":"TEHRI GARHWAL","block":"DEVPRAYAG","indicator":"girls_toilet_nonfunctional"}},{"type":"Feature","geometry":{"type":"Point","coordinates":[78.7916,30.3614]},"properties":{"udise":"05040128201","name":"PS PUNDOLI","state":"UTTARAKHAND","district":"TEHRI GARHWAL","block":"BHILANGANA","indicator":"girls_toilet_nonfunctional"}},{"type":"Feature","geometry":{"type":"Point","coordinates":[78.7041,30.4051]},"properties":{"udise":"05040120801","name":"PS JAKHNIYALI","state":"UTTARAKHAND","district":"TEHRI GARHWAL","block":"BHILANGANA","indicator":"girls_toilet_nonfunctional"}},{"type":"Feature","geometry":{"type":"Point","coordinates":[78.26031,30.19608]},"properties":{"udise":"05040704301","name":"JH KODARNA","state":"UTTARAKHAND","district":"TEHRI GARHWAL","block":"NARENDRANAGAR","indicator":"girls_toilet_nonfunctional"}},{"type":"Feature","geometry":{"type":"Point","coordinates":[78.6061,30.4753]},"properties":{"udise":"05040103001","name":"PS JAGWADHAR","state":"UTTARAKHAND","district":"TEHRI GARHWAL","block":"BHILANGANA","indicator":"girls_toilet_nonfunctional"}},{"type":"Feature","geometry":{"type":"Point","coordinates":[78.437,30.3988]},"properties":{"udise":"05040209002","name":"PS JAKH","state":"UTTARAKHAND","district":"TEHRI GARHWAL","block":"CHAMBA","indicator":"girls_toilet_nonfunctional"}},{"type":"Feature","geometry":{"type":"Point","coordinates":[78.3013,30.554]},"properties":{"udise":"05040909602","name":"PS LALURI","state":"UTTARAKHAND","district":"TEHRI GARHWAL","block":"THOULDHAR","indicator":"girls_toilet_nonfunctional"}},{"type":"Feature","geometry":{"type":"Point","coordinates":[78.5252,30.4799]},"properties":{"udise":"05040805701","name":"PS PANSOOT","state":"UTTARAKHAND","district":"TEHRI GARHWAL","block":"PRATAPNAGAR","indicator":"girls_toilet_nonfunctional"}},{"type":"Feature","geometry":{"type":"Point","coordinates":[78.0336,30.4836]},"properties":{"udise":"05040521001","name":"PS LAGWALGAON","state":"UTTARAKHAND","district":"TEHRI GARHWAL","block":"JOUNPUR","indicator":"girls_toilet_nonfunctional"}},{"type":"Feature","geometry":{"type":"Point","coordinates":[78.6035,30.2445]},"properties":{"udise":"05040324801","name":"PS BHYUNTH SILETHI","state":"UTTARAKHAND","district":"TEHRI GARHWAL","block":"DEVPRAYAG","indicator":"girls_toilet_nonfunctional"}},{"type":"Feature","geometry":{"type":"Point","coordinates":[78.6285,30.3386]},"properties":{"udise":"05040305901","name":"PS QWEELI","state":"UTTARAKHAND","district":"TEHRI GARHWAL","block":"DEVPRAYAG","indicator":"girls_toilet_nonfunctional"}},{"type":"Feature","geometry":{"type":"Point","coordinates":[78.4741,30.1484]},"properties":{"udise":"05040720501","name":"JH PAJEGAON","state":"UTTARAKHAND","district":"TEHRI GARHWAL","block":"NARENDRANAGAR","indicator":"girls_toilet_nonfunctional"}},{"type":"Feature","geometry":{"type":"Point","coordinates":[78.8103,30.2724]},"properties":{"udise":"05040610901","name":"PS BHAINSWADA","state":"UTTARAKHAND","district":"TEHRI GARHWAL","block":"KEERTINAGAR","indicator":"girls_toilet_nonfunctional"}},{"type":"Feature","geometry":{"type":"Point","coordinates":[78.4279,30.5046]},"properties":{"udise":"05040808902","name":"ROHIT PUBLIC SCHOOL GODRI","state":"UTTARAKHAND","district":"TEHRI GARHWAL","block":"PRATAPNAGAR","indicator":"girls_toilet_nonfunctional"}},{"type":"Feature","geometry":{"type":"Point","coordinates":[78.63686,30.46381]},"properties":{"udise":"05040105806","name":"SVVM BELESWAR PS","state":"UTTARAKHAND","district":"TEHRI GARHWAL","block":"BHILANGANA","indicator":"girls_toilet_nonfunctional"}},{"type":"Feature","geometry":{"type":"Point","coordinates":[78.5054,30.1201]},"properties":{"udise":"05040717901","name":"SSM MINDATH","state":"UTTARAKHAND","district":"TEHRI GARHWAL","block":"NARENDRANAGAR","indicator":"girls_toilet_nonfunctional"}},{"type":"Feature","geometry":{"type":"Point","coordinates":[78.493,30.5788]},"properties":{"udise":"05040802501","name":"PS KHURMOLA","state":"UTTARAKHAND","district":"TEHRI GARHWAL","block":"PRATAPNAGAR","indicator":"girls_toilet_nonfunctional"}},{"type":"Feature","geometry":{"type":"Point","coordinates":[78.48511,30.17789]},"properties":{"udise":"05040713903","name":"GHS BANSKATAL","state":"UTTARAKHAND","district":"TEHRI GARHWAL","block":"NARENDRANAGAR","indicator":"girls_toilet_nonfunctional"}},{"type":"Feature","geometry":{"type":"Point","coordinates":[78.1947,30.4961]},"properties":{"udise":"05040518601","name":"PS MAID","state":"UTTARAKHAND","district":"TEHRI GARHWAL","block":"JOUNPUR","indicator":"girls_toilet_nonfunctional"}},{"type":"Feature","geometry":{"type":"Point","coordinates":[78.6241,30.189]},"properties":{"udise":"05040306601","name":"PS KANDEE GUSAIN","state":"UTTARAKHAND","district":"TEHRI GARHWAL","block":"DEVPRAYAG","indicator":"girls_toilet_nonfunctional"}},{"type":"Feature","geometry":{"type":"Point","coordinates":[78.5495,30.261]},"properties":{"udise":"05040325601","name":"GPS CHAPOLI","state":"UTTARAKHAND","district":"TEHRI GARHWAL","block":"DEVPRAYAG","indicator":"girls_toilet_nonfunctional"}},{"type":"Feature","geometry":{"type":"Point","coordinates":[78.6632,30.5263]},"properties":{"udise":"05040113401","name":"PS BHALDGAON BASAR","state":"UTTARAKHAND","district":"TEHRI GARHWAL","block":"BHILANGANA","indicator":"girls_toilet_nonfunctional"}},{"type":"Feature","geometry":{"type":"Point","coordinates":[78.7217,30.4499]},"properties":{"udise":"05040114102","name":"PS BHETI-II","state":"UTTARAKHAND","district":"TEHRI GARHWAL","block":"BHILANGANA","indicator":"girls_toilet_nonfunctional"}},{"type":"Feature","geometry":{"type":"Point","coordinates":[78.4411,30.3206]},"properties":{"udise":"05040210801","name":"PS DIWADA","state":"UTTARAKHAND","district":"TEHRI GARHWAL","block":"CHAMBA","indicator":"girls_toilet_nonfunctional"}},{"type":"Feature","geometry":{"type":"Point","coordinates":[78.4595,30.2622]},"properties":{"udise":"05040205001","name":"PS KHAND","state":"UTTARAKHAND","district":"TEHRI GARHWAL","block":"CHAMBA","indicator":"girls_toilet_nonfunctional"}},{"type":"Feature","geometry":{"type":"Point","coordinates":[78.7729,30.4215]},"properties":{"udise":"05040126101","name":"PS HADIYANA TALLA","state":"UTTARAKHAND","district":"TEHRI GARHWAL","block":"BHILANGANA","indicator":"girls_toilet_nonfunctional"}},{"type":"Feature","geometry":{"type":"Point","coordinates":[78.4985,30.2415]},"properties":{"udise":"05040715101","name":"PS BAIROLA","state":"UTTARAKHAND","district":"TEHRI GARHWAL","block":"NARENDRANAGAR","indicator":"girls_toilet_nonfunctional"}},{"type":"Feature","geometry":{"type":"Point","coordinates":[78.5119,30.3734]},"properties":{"udise":"05040402002","name":"PS CHURIYADHAR","state":"UTTARAKHAND","district":"TEHRI GARHWAL","block":"JAKHNIDHAR","indicator":"girls_toilet_nonfunctional"}},{"type":"Feature","geometry":{"type":"Point","coordinates":[78.7008,30.4562]},"properties":{"udise":"05040112002","name":"JH POKHAR","state":"UTTARAKHAND","district":"TEHRI GARHWAL","block":"BHILANGANA","indicator":"girls_toilet_nonfunctional"}},{"type":"Feature","geometry":{"type":"Point","coordinates":[78.5817,30.3974]},"properties":{"udise":"05040404402","name":"JH SARPULA","state":"UTTARAKHAND","district":"TEHRI GARHWAL","block":"JAKHNIDHAR","indicator":"girls_toilet_nonfunctional"}},{"type":"Feature","geometry":{"type":"Point","coordinates":[78.4758,30.1192]},"properties":{"udise":"05040709002","name":"S P S NAI GANKOT","state":"UTTARAKHAND","district":"TEHRI GARHWAL","block":"NARENDRANAGAR","indicator":"girls_toilet_nonfunctional"}},{"type":"Feature","geometry":{"type":"Point","coordinates":[78.8177,30.4521]},"properties":{"udise":"05040124301","name":"PS SARPOLI","state":"UTTARAKHAND","district":"TEHRI GARHWAL","block":"BHILANGANA","indicator":"girls_toilet_nonfunctional"}},{"type":"Feature","geometry":{"type":"Point","coordinates":[78.4908,30.1525]},"properties":{"udise":"05040706502","name":"JH GHIGUD","state":"UTTARAKHAND","district":"TEHRI GARHWAL","block":"NARENDRANAGAR","indicator":"girls_toilet_nonfunctional"}},{"type":"Feature","geometry":{"type":"Point","coordinates":[78.5105,30.4804]},"properties":{"udise":"05040802103","name":"OMSSN JAKHWALGAON","state":"UTTARAKHAND","district":"TEHRI GARHWAL","block":"PRATAPNAGAR","indicator":"girls_toilet_nonfunctional"}},{"type":"Feature","geometry":{"type":"Point","coordinates":[78.353,30.5108]},"properties":{"udise":"05040903601","name":"PS KOUSHAL","state":"UTTARAKHAND","district":"TEHRI GARHWAL","block":"THOULDHAR","indicator":"girls_toilet_nonfunctional"}},{"type":"Feature","geometry":{"type":"Point","coordinates":[78.3643,30.4725]},"properties":{"udise":"05040902801","name":"PS KAMAND","state":"UTTARAKHAND","district":"TEHRI GARHWAL","block":"THOULDHAR","indicator":"girls_toilet_nonfunctional"}},{"type":"Feature","geometry":{"type":"Point","coordinates":[78.4942,30.5507]},"properties":{"udise":"05040807502","name":"GHS BHAILDOGI","state":"UTTARAKHAND","district":"TEHRI GARHWAL","block":"PRATAPNAGAR","indicator":"girls_toilet_nonfunctional"}},{"type":"Feature","geometry":{"type":"Point","coordinates":[78.3204,30.5312]},"properties":{"udise":"05040905301","name":"PS JAMNEE 1","state":"UTTARAKHAND","district":"TEHRI GARHWAL","block":"THOULDHAR","indicator":"girls_toilet_nonfunctional"}},{"type":"Feature","geometry":{"type":"Point","coordinates":[78.7442,30.282]},"properties":{"udise":"05040601401","name":"PS KAPROLI (BINANI)","state":"UTTARAKHAND","district":"TEHRI GARHWAL","block":"KEERTINAGAR","indicator":"girls_toilet_nonfunctional"}},{"type":"Feature","geometry":{"type":"Point","coordinates":[79.8548,28.8826]},"properties":{"udise":"05120407801","name":"PS MOHHAMDPUR","state":"UTTARAKHAND","district":"UDHAM SINGH NAGAR","block":"KHATIMA","indicator":"no_girls_toilet"}},{"type":"Feature","geometry":{"type":"Point","coordinates":[79.3994,28.959]},"properties":{"udise":"05120201718","name":"SHRI DUDHIYA BABA BAL VIDYA MANDIR","state":"UTTARAKHAND","district":"UDHAM SINGH NAGAR","block":"RUDRAPUR","indicator":"no_girls_toilet"}},{"type":"Feature","geometry":{"type":"Point","coordinates":[79.4637,28.9364]},"properties":{"udise":"05120202302","name":"PPS BAL VIKAS VIDYA MANDIR LALPUR","state":"UTTARAKHAND","district":"UDHAM SINGH NAGAR","block":"RUDRAPUR","indicator":"girls_toilet_nonfunctional"}},{"type":"Feature","geometry":{"type":"Point","coordinates":[78.80625,29.31283]},"properties":{"udise":"05120304301","name":"G.P.S. KISHANPUR","state":"UTTARAKHAND","district":"UDHAM SINGH NAGAR","block":"JASPUR","indicator":"girls_toilet_nonfunctional"}},{"type":"Feature","geometry":{"type":"Point","coordinates":[79.927,28.8505]},"properties":{"udise":"05120409301","name":"P S BHILAIYA","state":"UTTARAKHAND","district":"UDHAM SINGH NAGAR","block":"KHATIMA","indicator":"girls_toilet_nonfunctional"}},{"type":"Feature","geometry":{"type":"Point","coordinates":[79.0715,29.1563]},"properties":{"udise":"05120704901","name":"PS PIPLIYA","state":"UTTARAKHAND","district":"UDHAM SINGH NAGAR","block":"BAZPUR","indicator":"girls_toilet_nonfunctional"}},{"type":"Feature","geometry":{"type":"Point","coordinates":[79.7252,28.8893]},"properties":{"udise":"05120607101","name":"GPS SAINJNI","state":"UTTARAKHAND","district":"UDHAM SINGH NAGAR","block":"SITARGANJ","indicator":"girls_toilet_nonfunctional"}},{"type":"Feature","geometry":{"type":"Point","coordinates":[79.2791,29.0947]},"properties":{"udise":"05120103501","name":"PS VIKRAM NAGAR","state":"UTTARAKHAND","district":"UDHAM SINGH NAGAR","block":"GADARPUR","indicator":"girls_toilet_nonfunctional"}},{"type":"Feature","geometry":{"type":"Point","coordinates":[79.3411,29.0533]},"properties":{"udise":"05120106903","name":"P.S.DURGAPUR 2","state":"UTTARAKHAND","district":"UDHAM SINGH NAGAR","block":"GADARPUR","indicator":"girls_toilet_nonfunctional"}},{"type":"Feature","geometry":{"type":"Point","coordinates":[79.7356,28.9967]},"properties":{"udise":"05120606401","name":"GPS BAHRAUNI","state":"UTTARAKHAND","district":"UDHAM SINGH NAGAR","block":"SITARGANJ","indicator":"girls_toilet_nonfunctional"}},{"type":"Feature","geometry":{"type":"Point","coordinates":[79.90314,28.84189]},"properties":{"udise":"05120410103","name":"PS J.K PUBLIC SCHOOL 17 MILL","state":"UTTARAKHAND","district":"UDHAM SINGH NAGAR","block":"KHATIMA","indicator":"girls_toilet_nonfunctional"}},{"type":"Feature","geometry":{"type":"Point","coordinates":[79.6864,28.9586]},"properties":{"udise":"05120609502","name":"GUPS JHARI","state":"UTTARAKHAND","district":"UDHAM SINGH NAGAR","block":"SITARGANJ","indicator":"girls_toilet_nonfunctional"}},{"type":"Feature","geometry":{"type":"Point","coordinates":[79.3247,29.0203]},"properties":{"udise":"05120104401","name":"PS HARIDASPUR","state":"UTTARAKHAND","district":"UDHAM SINGH NAGAR","block":"GADARPUR","indicator":"girls_toilet_nonfunctional"}},{"type":"Feature","geometry":{"type":"Point","coordinates":[79.2705,29.0899]},"properties":{"udise":"05120110101","name":"PS GIRDHAR NAGAR","state":"UTTARAKHAND","district":"UDHAM SINGH NAGAR","block":"GADARPUR","indicator":"girls_toilet_nonfunctional"}},{"type":"Feature","geometry":{"type":"Point","coordinates":[79.9723,28.9232]},"properties":{"udise":"05120404106","name":"SHAPHI P.S. KHATIMA","state":"UTTARAKHAND","district":"UDHAM SINGH NAGAR","block":"KHATIMA","indicator":"girls_toilet_nonfunctional"}},{"type":"Feature","geometry":{"type":"Point","coordinates":[79.9436,28.7846]},"properties":{"udise":"05120410701","name":"PS NAVADIYA","state":"UTTARAKHAND","district":"UDHAM SINGH NAGAR","block":"KHATIMA","indicator":"girls_toilet_nonfunctional"}},{"type":"Feature","geometry":{"type":"Point","coordinates":[79.3583,29.0609]},"properties":{"udise":"05120106802","name":"P.S.SRIRAMPUR","state":"UTTARAKHAND","district":"UDHAM SINGH NAGAR","block":"GADARPUR","indicator":"girls_toilet_nonfunctional"}},{"type":"Feature","geometry":{"type":"Point","coordinates":[79.968,28.8864]},"properties":{"udise":"05120402701","name":"P.S. SANTANA","state":"UTTARAKHAND","district":"UDHAM SINGH NAGAR","block":"KHATIMA","indicator":"girls_toilet_nonfunctional"}},{"type":"Feature","geometry":{"type":"Point","coordinates":[79.3934,28.9775]},"properties":{"udise":"05120201712","name":"PPS ARYA PATHSHALA","state":"UTTARAKHAND","district":"UDHAM SINGH NAGAR","block":"RUDRAPUR","indicator":"girls_toilet_nonfunctional"}},{"type":"Feature","geometry":{"type":"Point","coordinates":[79.68192,28.90692]},"properties":{"udise":"05120607403","name":"GPS LOUKA","state":"UTTARAKHAND","district":"UDHAM SINGH NAGAR","block":"SITARGANJ","indicator":"girls_toilet_nonfunctional"}},{"type":"Feature","geometry":{"type":"Point","coordinates":[79.4072,28.9744]},"properties":{"udise":"05120201777","name":"SARDA PUBLIC SCHOOL","state":"UTTARAKHAND","district":"UDHAM SINGH NAGAR","block":"RUDRAPUR","indicator":"girls_toilet_nonfunctional"}},{"type":"Feature","geometry":{"type":"Point","coordinates":[79.22369,29.10081]},"properties":{"udise":"05120110401","name":"SECONDARY SCHOOL MANJHARA VIDHI","state":"UTTARAKHAND","district":"UDHAM SINGH NAGAR","block":"GADARPUR","indicator":"girls_toilet_nonfunctional"}},{"type":"Feature","geometry":{"type":"Point","coordinates":[79.2964,29.0441]},"properties":{"udise":"05120106203","name":"P.S.SUNDAR PUR","state":"UTTARAKHAND","district":"UDHAM SINGH NAGAR","block":"GADARPUR","indicator":"girls_toilet_nonfunctional"}},{"type":"Feature","geometry":{"type":"Point","coordinates":[79.9313,28.9028]},"properties":{"udise":"05120403402","name":"P.S.NAUGAWAN PATIYA","state":"UTTARAKHAND","district":"UDHAM SINGH NAGAR","block":"KHATIMA","indicator":"girls_toilet_nonfunctional"}},{"type":"Feature","geometry":{"type":"Point","coordinates":[79.29142,29.12047]},"properties":{"udise":"05120103415","name":"GPS HALDU JADDHA KHATTA","state":"UTTARAKHAND","district":"UDHAM SINGH NAGAR","block":"GADARPUR","indicator":"girls_toilet_nonfunctional"}},{"type":"Feature","geometry":{"type":"Point","coordinates":[79.6745,29.05608]},"properties":{"udise":"05120602503","name":"GPS  PIPAL HATTA KHATTA","state":"UTTARAKHAND","district":"UDHAM SINGH NAGAR","block":"SITARGANJ","indicator":"girls_toilet_nonfunctional"}},{"type":"Feature","geometry":{"type":"Point","coordinates":[79.2217,29.0823]},"properties":{"udise":"05120101001","name":"PS MOTIYA PUR","state":"UTTARAKHAND","district":"UDHAM SINGH NAGAR","block":"GADARPUR","indicator":"girls_toilet_nonfunctional"}},{"type":"Feature","geometry":{"type":"Point","coordinates":[79.2338,29.0487]},"properties":{"udise":"05120100602","name":"VIVEKANAND MAZRA SHEELA","state":"UTTARAKHAND","district":"UDHAM SINGH NAGAR","block":"GADARPUR","indicator":"girls_toilet_nonfunctional"}},{"type":"Feature","geometry":{"type":"Point","coordinates":[79.3214,29.102]},"properties":{"udise":"05120103409","name":"PS DALIP NAGAR","state":"UTTARAKHAND","district":"UDHAM SINGH NAGAR","block":"GADARPUR","indicator":"girls_toilet_nonfunctional"}},{"type":"Feature","geometry":{"type":"Point","coordinates":[79.318,29.0639]},"properties":{"udise":"05120106602","name":"P.S.CHANDAN NAGAR","state":"UTTARAKHAND","district":"UDHAM SINGH NAGAR","block":"GADARPUR","indicator":"girls_toilet_nonfunctional"}},{"type":"Feature","geometry":{"type":"Point","coordinates":[79.1846,29.0756]},"properties":{"udise":"05120102601","name":"PS KHUSALPUR","state":"UTTARAKHAND","district":"UDHAM SINGH NAGAR","block":"GADARPUR","indicator":"girls_toilet_nonfunctional"}},{"type":"Feature","geometry":{"type":"Point","coordinates":[79.3102,29.0963]},"properties":{"udise":"05120103408","name":"PS LAL PURI","state":"UTTARAKHAND","district":"UDHAM SINGH NAGAR","block":"GADARPUR","indicator":"girls_toilet_nonfunctional"}},{"type":"Feature","geometry":{"type":"Point","coordinates":[79.9669,28.9175]},"properties":{"udise":"05120404102","name":"P.S.KHTIMAII","state":"UTTARAKHAND","district":"UDHAM SINGH NAGAR","block":"KHATIMA","indicator":"girls_toilet_nonfunctional"}},{"type":"Feature","geometry":{"type":"Point","coordinates":[79.43769,28.86808]},"properties":{"udise":"05120212301","name":"PS MAJHRA DARAU","state":"UTTARAKHAND","district":"UDHAM SINGH NAGAR","block":"RUDRAPUR","indicator":"girls_toilet_nonfunctional"}},{"type":"Feature","geometry":{"type":"Point","coordinates":[80.0438,28.8567]},"properties":{"udise":"05120402402","name":"P.S.MELAGHAT","state":"UTTARAKHAND","district":"UDHAM SINGH NAGAR","block":"KHATIMA","indicator":"girls_toilet_nonfunctional"}},{"type":"Feature","geometry":{"type":"Point","coordinates":[79.2735,29.0483]},"properties":{"udise":"05120107101","name":"S.SHISHU MANDIR LANGARBHOJ","state":"UTTARAKHAND","district":"UDHAM SINGH NAGAR","block":"GADARPUR","indicator":"girls_toilet_nonfunctional"}},{"type":"Feature","geometry":{"type":"Point","coordinates":[79.813,28.9396]},"properties":{"udise":"05120610002","name":"GPS TAPERA","state":"UTTARAKHAND","district":"UDHAM SINGH NAGAR","block":"SITARGANJ","indicator":"girls_toilet_nonfunctional"}},{"type":"Feature","geometry":{"type":"Point","coordinates":[79.7755,28.9886]},"properties":{"udise":"05120606601","name":"GPS DHYANPUR","state":"UTTARAKHAND","district":"UDHAM SINGH NAGAR","block":"SITARGANJ","indicator":"girls_toilet_nonfunctional"}},{"type":"Feature","geometry":{"type":"Point","coordinates":[79.2314,29.0599]},"properties":{"udise":"05120101201","name":"PS DONGPURI","state":"UTTARAKHAND","district":"UDHAM SINGH NAGAR","block":"GADARPUR","indicator":"girls_toilet_nonfunctional"}},{"type":"Feature","geometry":{"type":"Point","coordinates":[78.9684,29.1532]},"properties":{"udise":"05120503301","name":"PS KATAIYA","state":"UTTARAKHAND","district":"UDHAM SINGH NAGAR","block":"KASHIPUR","indicator":"girls_toilet_nonfunctional"}},{"type":"Feature","geometry":{"type":"Point","coordinates":[79.4009,28.9813]},"properties":{"udise":"05120201778","name":"SARASWATI SISU MANDIR INTER COLLEGE","state":"UTTARAKHAND","district":"UDHAM SINGH NAGAR","block":"RUDRAPUR","indicator":"girls_toilet_nonfunctional"}},{"type":"Feature","geometry":{"type":"Point","coordinates":[79.2567,29.1201]},"properties":{"udise":"05120108601","name":"PS PADAKIYA","state":"UTTARAKHAND","district":"UDHAM SINGH NAGAR","block":"GADARPUR","indicator":"girls_toilet_nonfunctional"}},{"type":"Feature","geometry":{"type":"Point","coordinates":[79.2895,29.088]},"properties":{"udise":"05120103103","name":"J.H.S.MAHAVEER NAGAR","state":"UTTARAKHAND","district":"UDHAM SINGH NAGAR","block":"GADARPUR","indicator":"girls_toilet_nonfunctional"}},{"type":"Feature","geometry":{"type":"Point","coordinates":[79.5883,28.8917]},"properties":{"udise":"05120207204","name":"SHIVALIK PUBLIC SCHOOL","state":"UTTARAKHAND","district":"UDHAM SINGH NAGAR","block":"RUDRAPUR","indicator":"girls_toilet_nonfunctional"}},{"type":"Feature","geometry":{"type":"Point","coordinates":[79.3372,29.0046]},"properties":{"udise":"05120105501","name":"P.S.AMAR PUR","state":"UTTARAKHAND","district":"UDHAM SINGH NAGAR","block":"GADARPUR","indicator":"girls_toilet_nonfunctional"}},{"type":"Feature","geometry":{"type":"Point","coordinates":[79.5186,29.0235]},"properties":{"udise":"05120210004","name":"NEW HIMALAYA PUBLIC JUNIOR HIGH SCHOOL NAGLA","state":"UTTARAKHAND","district":"UDHAM SINGH NAGAR","block":"RUDRAPUR","indicator":"girls_toilet_nonfunctional"}},{"type":"Feature","geometry":{"type":"Point","coordinates":[79.7404,28.9896]},"properties":{"udise":"05120604701","name":"GPS AUDALI","state":"UTTARAKHAND","district":"UDHAM SINGH NAGAR","block":"SITARGANJ","indicator":"girls_toilet_nonfunctional"}},{"type":"Feature","geometry":{"type":"Point","coordinates":[79.0484,29.1897]},"properties":{"udise":"05120501301","name":"P.S.NURPUR","state":"UTTARAKHAND","district":"UDHAM SINGH NAGAR","block":"KASHIPUR","indicator":"girls_toilet_nonfunctional"}},{"type":"Feature","geometry":{"type":"Point","coordinates":[79.3285,29.0564]},"properties":{"udise":"05120107502","name":"P.S.MOTIPURNO.2","state":"UTTARAKHAND","district":"UDHAM SINGH NAGAR","block":"GADARPUR","indicator":"girls_toilet_nonfunctional"}},{"type":"Feature","geometry":{"type":"Point","coordinates":[79.6209,28.9551]},"properties":{"udise":"05120611101","name":"GPS JAGTARPUR","state":"UTTARAKHAND","district":"UDHAM SINGH NAGAR","block":"SITARGANJ","indicator":"girls_toilet_nonfunctional"}},{"type":"Feature","geometry":{"type":"Point","coordinates":[79.3202,29.0243]},"properties":{"udise":"05120108401","name":"AMBALIKA JUNIOR HIGH SCHOOL DHARM NAGAR","state":"UTTARAKHAND","district":"UDHAM SINGH NAGAR","block":"GADARPUR","indicator":"girls_toilet_nonfunctional"}},{"type":"Feature","geometry":{"type":"Point","coordinates":[79.2447,29.0571]},"properties":{"udise":"05120107203","name":"PS RAMJEEVANPUR II","state":"UTTARAKHAND","district":"UDHAM SINGH NAGAR","block":"GADARPUR","indicator":"girls_toilet_nonfunctional"}},{"type":"Feature","geometry":{"type":"Point","coordinates":[79.1852,29.0301]},"properties":{"udise":"05120100104","name":"J.H.SSUSBHASH NAGAR","state":"UTTARAKHAND","district":"UDHAM SINGH NAGAR","block":"GADARPUR","indicator":"girls_toilet_nonfunctional"}},{"type":"Feature","geometry":{"type":"Point","coordinates":[79.7262,28.9311]},"properties":{"udise":"05120602801","name":"GPS CHIKAGHAT","state":"UTTARAKHAND","district":"UDHAM SINGH NAGAR","block":"SITARGANJ","indicator":"girls_toilet_nonfunctional"}},{"type":"Feature","geometry":{"type":"Point","coordinates":[79.9859,28.7586]},"properties":{"udise":"05120410801","name":"PS BAGGHA NAUSAR","state":"UTTARAKHAND","district":"UDHAM SINGH NAGAR","block":"KHATIMA","indicator":"girls_toilet_nonfunctional"}},{"type":"Feature","geometry":{"type":"Point","coordinates":[79.9434,28.8742]},"properties":{"udise":"05120403202","name":"P.S. CHANDA BHUDRIYA","state":"UTTARAKHAND","district":"UDHAM SINGH NAGAR","block":"KHATIMA","indicator":"girls_toilet_nonfunctional"}},{"type":"Feature","geometry":{"type":"Point","coordinates":[79.8303,28.9852]},"properties":{"udise":"05120601402","name":"GPS GAYANPUR GAURI","state":"UTTARAKHAND","district":"UDHAM SINGH NAGAR","block":"SITARGANJ","indicator":"girls_toilet_nonfunctional"}},{"type":"Feature","geometry":{"type":"Point","coordinates":[79.7332,29.0198]},"properties":{"udise":"05120604901","name":"GPS PAHSENI","state":"UTTARAKHAND","district":"UDHAM SINGH NAGAR","block":"SITARGANJ","indicator":"girls_toilet_nonfunctional"}},{"type":"Feature","geometry":{"type":"Point","coordinates":[78.9578,29.3198]},"properties":{"udise":"05120307301","name":"G.P.S.KILAWALI","state":"UTTARAKHAND","district":"UDHAM SINGH NAGAR","block":"JASPUR","indicator":"girls_toilet_nonfunctional"}},{"type":"Feature","geometry":{"type":"Point","coordinates":[79.66989,28.87544]},"properties":{"udise":"05120607608","name":"SS VIDHYA MANDIR INTER COLLAGE SISAIYA","state":"UTTARAKHAND","district":"UDHAM SINGH NAGAR","block":"SITARGANJ","indicator":"girls_toilet_nonfunctional"}},{"type":"Feature","geometry":{"type":"Point","coordinates":[79.6493,29.0315]},"properties":{"udise":"05120602904","name":"VIVEKANAND P.S.","state":"UTTARAKHAND","district":"UDHAM SINGH NAGAR","block":"SITARGANJ","indicator":"girls_toilet_nonfunctional"}},{"type":"Feature","geometry":{"type":"Point","coordinates":[78.8441,29.3049]},"properties":{"udise":"05120303204","name":"G.UPS MEGHAWALA","state":"UTTARAKHAND","district":"UDHAM SINGH NAGAR","block":"JASPUR","indicator":"girls_toilet_nonfunctional"}},{"type":"Feature","geometry":{"type":"Point","coordinates":[79.2503,29.1165]},"properties":{"udise":"05120103604","name":"P.P.S.DOPULIYA","state":"UTTARAKHAND","district":"UDHAM SINGH NAGAR","block":"GADARPUR","indicator":"girls_toilet_nonfunctional"}},{"type":"Feature","geometry":{"type":"Point","coordinates":[79.8598,28.8673]},"properties":{"udise":"05120406702","name":"PSULANI","state":"UTTARAKHAND","district":"UDHAM SINGH NAGAR","block":"KHATIMA","indicator":"girls_toilet_nonfunctional"}},{"type":"Feature","geometry":{"type":"Point","coordinates":[79.6469,28.9058]},"properties":{"udise":"05120607001","name":"GPS GURU NANAK NAGRI","state":"UTTARAKHAND","district":"UDHAM SINGH NAGAR","block":"SITARGANJ","indicator":"girls_toilet_nonfunctional"}},{"type":"Feature","geometry":{"type":"Point","coordinates":[79.2107,29.0626]},"properties":{"udise":"05120108701","name":"PS BALKHERA","state":"UTTARAKHAND","district":"UDHAM SINGH NAGAR","block":"GADARPUR","indicator":"girls_toilet_nonfunctional"}},{"type":"Feature","geometry":{"type":"Point","coordinates":[79.8033,28.893]},"properties":{"udise":"05120600901","name":"GPS NAVINNAGAR","state":"UTTARAKHAND","district":"UDHAM SINGH NAGAR","block":"SITARGANJ","indicator":"girls_toilet_nonfunctional"}},{"type":"Feature","geometry":{"type":"Point","coordinates":[79.4502,28.9472]},"properties":{"udise":"05120201302","name":"DAV P S","state":"UTTARAKHAND","district":"UDHAM SINGH NAGAR","block":"RUDRAPUR","indicator":"girls_toilet_nonfunctional"}},{"type":"Feature","geometry":{"type":"Point","coordinates":[79.2162,29.0908]},"properties":{"udise":"05120102401","name":"PS DHIMARKHERA","state":"UTTARAKHAND","district":"UDHAM SINGH NAGAR","block":"GADARPUR","indicator":"girls_toilet_nonfunctional"}},{"type":"Feature","geometry":{"type":"Point","coordinates":[79.3968,28.9658]},"properties":{"udise":"05120201734","name":"PPS NAV JYOTI PUBLIC SCHOOL","state":"UTTARAKHAND","district":"UDHAM SINGH NAGAR","block":"RUDRAPUR","indicator":"girls_toilet_nonfunctional"}},{"type":"Feature","geometry":{"type":"Point","coordinates":[79.1814,29.2295]},"properties":{"udise":"05120703102","name":"PPS DHAKI","state":"UTTARAKHAND","district":"UDHAM SINGH NAGAR","block":"BAZPUR","indicator":"girls_toilet_nonfunctional"}},{"type":"Feature","geometry":{"type":"Point","coordinates":[79.2657,28.9948]},"properties":{"udise":"05120101801","name":"PS ALKH DEVA","state":"UTTARAKHAND","district":"UDHAM SINGH NAGAR","block":"GADARPUR","indicator":"girls_toilet_nonfunctional"}},{"type":"Feature","geometry":{"type":"Point","coordinates":[79.8184,28.9104]},"properties":{"udise":"05120600802","name":"RANA BAL V. MANDIR P.S.","state":"UTTARAKHAND","district":"UDHAM SINGH NAGAR","block":"SITARGANJ","indicator":"girls_toilet_nonfunctional"}},{"type":"Feature","geometry":{"type":"Point","coordinates":[79.81122,28.94153]},"properties":{"udise":"05120610001","name":"NAVJEEVAN SHIKSHA KENDRA P S","state":"UTTARAKHAND","district":"UDHAM SINGH NAGAR","block":"SITARGANJ","indicator":"girls_toilet_nonfunctional"}},{"type":"Feature","geometry":{"type":"Point","coordinates":[79.8746,28.8951]},"properties":{"udise":"05120407006","name":"PS NAGLA NAUSAR","state":"UTTARAKHAND","district":"UDHAM SINGH NAGAR","block":"KHATIMA","indicator":"girls_toilet_nonfunctional"}},{"type":"Feature","geometry":{"type":"Point","coordinates":[79.2809,29.0136]},"properties":{"udise":"05120106002","name":"P.S.SANJAY NAGAR","state":"UTTARAKHAND","district":"UDHAM SINGH NAGAR","block":"GADARPUR","indicator":"girls_toilet_nonfunctional"}},{"type":"Feature","geometry":{"type":"Point","coordinates":[79.9292,29.0275]},"properties":{"udise":"05120404202","name":"P.S.DIYAN II","state":"UTTARAKHAND","district":"UDHAM SINGH NAGAR","block":"KHATIMA","indicator":"girls_toilet_nonfunctional"}},{"type":"Feature","geometry":{"type":"Point","coordinates":[79.3466,29.0292]},"properties":{"udise":"05120104701","name":"PS CHITRANJANPUR","state":"UTTARAKHAND","district":"UDHAM SINGH NAGAR","block":"GADARPUR","indicator":"girls_toilet_nonfunctional"}},{"type":"Feature","geometry":{"type":"Point","coordinates":[79.9673,29.002]},"properties":{"udise":"05120411702","name":"SARASWATI PUBLIC SCHOOL PS","state":"UTTARAKHAND","district":"UDHAM SINGH NAGAR","block":"KHATIMA","indicator":"girls_toilet_nonfunctional"}},{"type":"Feature","geometry":{"type":"Point","coordinates":[79.92344,28.93394]},"properties":{"udise":"05120400604","name":"ADARS JHS PAHENIYA","state":"UTTARAKHAND","district":"UDHAM SINGH NAGAR","block":"KHATIMA","indicator":"girls_toilet_nonfunctional"}},{"type":"Feature","geometry":{"type":"Point","coordinates":[79.2849,28.9959]},"properties":{"udise":"05120102001","name":"PS RATANPURI","state":"UTTARAKHAND","district":"UDHAM SINGH NAGAR","block":"GADARPUR","indicator":"girls_toilet_nonfunctional"}},{"type":"Feature","geometry":{"type":"Point","coordinates":[79.3132,29.1217]},"properties":{"udise":"05120107003","name":"P.P.S. KOPA BASANTA","state":"UTTARAKHAND","district":"UDHAM SINGH NAGAR","block":"GADARPUR","indicator":"girls_toilet_nonfunctional"}},{"type":"Feature","geometry":{"type":"Point","coordinates":[79.9885,28.7736]},"properties":{"udise":"05120411001","name":"PS SADHUNAGAR BAGGHA","state":"UTTARAKHAND","district":"UDHAM SINGH NAGAR","block":"KHATIMA","indicator":"girls_toilet_nonfunctional"}},{"type":"Feature","geometry":{"type":"Point","coordinates":[79.924,28.9886]},"properties":{"udise":"05120401701","name":"KHIMABISHT PS GAUJHARIYA","state":"UTTARAKHAND","district":"UDHAM SINGH NAGAR","block":"KHATIMA","indicator":"girls_toilet_nonfunctional"}},{"type":"Feature","geometry":{"type":"Point","coordinates":[79.1943,29.0491]},"properties":{"udise":"05120100801","name":"PS KAUNKHERA","state":"UTTARAKHAND","district":"UDHAM SINGH NAGAR","block":"GADARPUR","indicator":"girls_toilet_nonfunctional"}},{"type":"Feature","geometry":{"type":"Point","coordinates":[79.3007,29.0438]},"properties":{"udise":"05120106205","name":"R.K.S.N.SUNDARPUR","state":"UTTARAKHAND","district":"UDHAM SINGH NAGAR","block":"GADARPUR","indicator":"girls_toilet_nonfunctional"}},{"type":"Feature","geometry":{"type":"Point","coordinates":[79.2945,29.1152]},"properties":{"udise":"05120103403","name":"PS KOPA SIGNAL","state":"UTTARAKHAND","district":"UDHAM SINGH NAGAR","block":"GADARPUR","indicator":"girls_toilet_nonfunctional"}},{"type":"Feature","geometry":{"type":"Point","coordinates":[79.2813,29.046]},"properties":{"udise":"05120106206","name":"UPS BARIRI","state":"UTTARAKHAND","district":"UDHAM SINGH NAGAR","block":"GADARPUR","indicator":"girls_toilet_nonfunctional"}},{"type":"Feature","geometry":{"type":"Point","coordinates":[79.1453,29.1569]},"properties":{"udise":"05120707323","name":"SARASWATI BALIKA VIDYA MANDIR UMV BAZPUR","state":"UTTARAKHAND","district":"UDHAM SINGH NAGAR","block":"BAZPUR","indicator":"girls_toilet_nonfunctional"}},{"type":"Feature","geometry":{"type":"Point","coordinates":[79.3031,29.0066]},"properties":{"udise":"05120105801","name":"P.S.KHANPUR PURAB","state":"UTTARAKHAND","district":"UDHAM SINGH NAGAR","block":"GADARPUR","indicator":"girls_toilet_nonfunctional"}},{"type":"Feature","geometry":{"type":"Point","coordinates":[79.41564,28.98556]},"properties":{"udise":"05120211901","name":"GURUKUL INTER COLLEGE TRANJINT CAMP RUDRAPUR","state":"UTTARAKHAND","district":"UDHAM SINGH NAGAR","block":"RUDRAPUR","indicator":"girls_toilet_nonfunctional"}},{"type":"Feature","geometry":{"type":"Point","coordinates":[79.2515,29.0814]},"properties":{"udise":"05120103002","name":"J.H.S. BALRAM NAGAR","state":"UTTARAKHAND","district":"UDHAM SINGH NAGAR","block":"GADARPUR","indicator":"girls_toilet_nonfunctional"}},{"type":"Feature","geometry":{"type":"Point","coordinates":[79.9077,28.9956]},"properties":{"udise":"05120400401","name":"PS GANGI","state":"UTTARAKHAND","district":"UDHAM SINGH NAGAR","block":"KHATIMA","indicator":"girls_toilet_nonfunctional"}},{"type":"Feature","geometry":{"type":"Point","coordinates":[79.3197,29.0292]},"properties":{"udise":"05120104301","name":"PS ANAND KHERA NO 1","state":"UTTARAKHAND","district":"UDHAM SINGH NAGAR","block":"GADARPUR","indicator":"girls_toilet_nonfunctional"}},{"type":"Feature","geometry":{"type":"Point","coordinates":[78.9158,29.1906]},"properties":{"udise":"05120306201","name":"G.P.S. BASAI","state":"UTTARAKHAND","district":"UDHAM SINGH NAGAR","block":"JASPUR","indicator":"girls_toilet_nonfunctional"}},{"type":"Feature","geometry":{"type":"Point","coordinates":[78.9119,29.1842]},"properties":{"udise":"05120306301","name":"G.P.S. MANJHRA BASAI","state":"UTTARAKHAND","district":"UDHAM SINGH NAGAR","block":"JASPUR","indicator":"girls_toilet_nonfunctional"}},{"type":"Feature","geometry":{"type":"Point","coordinates":[79.9119,28.8983]},"properties":{"udise":"05120403101","name":"PS. CHANDELI-I","state":"UTTARAKHAND","district":"UDHAM SINGH NAGAR","block":"KHATIMA","indicator":"girls_toilet_nonfunctional"}},{"type":"Feature","geometry":{"type":"Point","coordinates":[79.8113,28.9414]},"properties":{"udise":"05120601105","name":"NAVJEEVAN S KENDRA NANAKMATTA","state":"UTTARAKHAND","district":"UDHAM SINGH NAGAR","block":"SITARGANJ","indicator":"girls_toilet_nonfunctional"}},{"type":"Feature","geometry":{"type":"Point","coordinates":[79.306,29.0622]},"properties":{"udise":"05120106605","name":"UPS  CHANDANNAGAR","state":"UTTARAKHAND","district":"UDHAM SINGH NAGAR","block":"GADARPUR","indicator":"girls_toilet_nonfunctional"}},{"type":"Feature","geometry":{"type":"Point","coordinates":[79.924,28.9886]},"properties":{"udise":"05120409401","name":"KHEEMA BISHT S.M.I COLLAGE","state":"UTTARAKHAND","district":"UDHAM SINGH NAGAR","block":"KHATIMA","indicator":"girls_toilet_nonfunctional"}},{"type":"Feature","geometry":{"type":"Point","coordinates":[79.34,29.0906]},"properties":{"udise":"05120109501","name":"PS LAALPURI","state":"UTTARAKHAND","district":"UDHAM SINGH NAGAR","block":"GADARPUR","indicator":"girls_toilet_nonfunctional"}},{"type":"Feature","geometry":{"type":"Point","coordinates":[79.324,28.9976]},"properties":{"udise":"05120105603","name":"T S S D P M K V JAFARPUR","state":"UTTARAKHAND","district":"UDHAM SINGH NAGAR","block":"GADARPUR","indicator":"girls_toilet_nonfunctional"}},{"type":"Feature","geometry":{"type":"Point","coordinates":[79.38922,28.98594]},"properties":{"udise":"05120209208","name":"GOVIND VIDHYA MANDIR PS","state":"UTTARAKHAND","district":"UDHAM SINGH NAGAR","block":"RUDRAPUR","indicator":"girls_toilet_nonfunctional"}},{"type":"Feature","geometry":{"type":"Point","coordinates":[78.9613,29.2036]},"properties":{"udise":"05120505155","name":"JHS RAILWAY","state":"UTTARAKHAND","district":"UDHAM SINGH NAGAR","block":"KASHIPUR","indicator":"girls_toilet_nonfunctional"}},{"type":"Feature","geometry":{"type":"Point","coordinates":[79.9529,28.9899]},"properties":{"udise":"05120408301","name":"PS VANBHUDIYA","state":"UTTARAKHAND","district":"UDHAM SINGH NAGAR","block":"KHATIMA","indicator":"girls_toilet_nonfunctional"}},{"type":"Feature","geometry":{"type":"Point","coordinates":[79.3517,29.0916]},"properties":{"udise":"05120107001","name":"P.P.S.BHATBHOJ HEERA","state":"UTTARAKHAND","district":"UDHAM SINGH NAGAR","block":"GADARPUR","indicator":"girls_toilet_nonfunctional"}},{"type":"Feature","geometry":{"type":"Point","coordinates":[79.3046,29.0839]},"properties":{"udise":"05120103201","name":"PS SHYAM NAGAR","state":"UTTARAKHAND","district":"UDHAM SINGH NAGAR","block":"GADARPUR","indicator":"girls_toilet_nonfunctional"}},{"type":"Feature","geometry":{"type":"Point","coordinates":[78.2362,30.8804]},"properties":{"udise":"05010504801","name":"PS KOTI MANAPA","state":"UTTARAKHAND","district":"UTTARKASHI","block":"NAUGAON","indicator":"no_girls_toilet"}},{"type":"Feature","geometry":{"type":"Point","coordinates":[78.3617,30.5642]},"properties":{"udise":"05010211104","name":"PS DWARI","state":"UTTARAKHAND","district":"UTTARKASHI","block":"CHINYALISAUR","indicator":"no_girls_toilet"}},{"type":"Feature","geometry":{"type":"Point","coordinates":[78.5379,30.7401]},"properties":{"udise":"05010109303","name":"SUDHAKER G SVM","state":"UTTARAKHAND","district":"UTTARKASHI","block":"BHATWARI","indicator":"no_girls_toilet"}},{"type":"Feature","geometry":{"type":"Point","coordinates":[78.1084,31.1348]},"properties":{"udise":"05010406504","name":"RULAK PS SCHOOL BHITRI","state":"UTTARAKHAND","district":"UTTARKASHI","block":"MORI","indicator":"no_girls_toilet"}},{"type":"Feature","geometry":{"type":"Point","coordinates":[78.4226,30.6664]},"properties":{"udise":"05010313401","name":"PS CHILMUR GAON","state":"UTTARAKHAND","district":"UTTARKASHI","block":"DUNDA","indicator":"no_girls_toilet"}},{"type":"Feature","geometry":{"type":"Point","coordinates":[78.12328,31.16111]},"properties":{"udise":"05010406603","name":"PS TITRALA","state":"UTTARAKHAND","district":"UTTARKASHI","block":"MORI","indicator":"no_girls_toilet"}},{"type":"Feature","geometry":{"type":"Point","coordinates":[78.1968,30.8464]},"properties":{"udise":"05010501601","name":"PS KUNI","state":"UTTARAKHAND","district":"UTTARKASHI","block":"NAUGAON","indicator":"no_girls_toilet"}},{"type":"Feature","geometry":{"type":"Point","coordinates":[78.3058,30.8701]},"properties":{"udise":"05010508301","name":"PS KUTHNOR","state":"UTTARAKHAND","district":"UTTARKASHI","block":"NAUGAON","indicator":"no_girls_toilet"}},{"type":"Feature","geometry":{"type":"Point","coordinates":[78.5001,30.5431]},"properties":{"udise":"05010311202","name":"S.S.M. RATALADHAR","state":"UTTARAKHAND","district":"UTTARKASHI","block":"DUNDA","indicator":"no_girls_toilet"}},{"type":"Feature","geometry":{"type":"Point","coordinates":[78.2353,30.8766]},"properties":{"udise":"05010504601","name":"PS GANGTADI","state":"UTTARAKHAND","district":"UTTARKASHI","block":"NAUGAON","indicator":"no_girls_toilet"}},{"type":"Feature","geometry":{"type":"Point","coordinates":[78.1779,30.8844]},"properties":{"udise":"05010501301","name":"PS NATHEDGAON","state":"UTTARAKHAND","district":"UTTARKASHI","block":"NAUGAON","indicator":"no_girls_toilet"}},{"type":"Feature","geometry":{"type":"Point","coordinates":[78.302,30.665]},"properties":{"udise":"05010307401","name":"PS HARETI","state":"UTTARAKHAND","district":"UTTARKASHI","block":"DUNDA","indicator":"no_girls_toilet"}},{"type":"Feature","geometry":{"type":"Point","coordinates":[78.1051,30.6999]},"properties":{"udise":"05010514301","name":"PS BHAUNTI","state":"UTTARAKHAND","district":"UTTARKASHI","block":"NAUGAON","indicator":"no_girls_toilet"}},{"type":"Feature","geometry":{"type":"Point","coordinates":[78.07442,30.64964]},"properties":{"udise":"05010517401","name":"PS KANDARI","state":"UTTARAKHAND","district":"UTTARKASHI","block":"NAUGAON","indicator":"no_girls_toilet"}},{"type":"Feature","geometry":{"type":"Point","coordinates":[78.2783,30.6743]},"properties":{"udise":"05010306403","name":"PS MAINOL","state":"UTTARAKHAND","district":"UTTARKASHI","block":"DUNDA","indicator":"no_girls_toilet"}},{"type":"Feature","geometry":{"type":"Point","coordinates":[78.1752,30.8925]},"properties":{"udise":"05010502401","name":"PS KOTLA","state":"UTTARAKHAND","district":"UTTARKASHI","block":"NAUGAON","indicator":"no_girls_toilet"}},{"type":"Feature","geometry":{"type":"Point","coordinates":[78.5825,30.7371]},"properties":{"udise":"05010103102","name":"UPS SYABA","state":"UTTARAKHAND","district":"UTTARKASHI","block":"BHATWARI","indicator":"no_girls_toilet"}},{"type":"Feature","geometry":{"type":"Point","coordinates":[78.0515,30.612]},"properties":{"udise":"05010517801","name":"UPS DIYADI","state":"UTTARAKHAND","district":"UTTARKASHI","block":"NAUGAON","indicator":"no_girls_toilet"}},{"type":"Feature","geometry":{"type":"Point","coordinates":[78.1282,30.6575]},"properties":{"udise":"05010516702","name":"UPS ODGAON","state":"UTTARAKHAND","district":"UTTARKASHI","block":"NAUGAON","indicator":"no_girls_toilet"}},{"type":"Feature","geometry":{"type":"Point","coordinates":[78.3066,30.646]},"properties":{"udise":"05010312002","name":"UPS GIRLS VITULA","state":"UTTARAKHAND","district":"UTTARKASHI","block":"DUNDA","indicator":"no_girls_toilet"}},{"type":"Feature","geometry":{"type":"Point","coordinates":[78.0805,30.8704]},"properties":{"udise":"05010603714","name":"KAMAL S VIDYALY","state":"UTTARAKHAND","district":"UTTARKASHI","block":"PUROLA","indicator":"no_girls_toilet"}},{"type":"Feature","geometry":{"type":"Point","coordinates":[78.2174,30.9629]},"properties":{"udise":"05010606902","name":"UPS SIR","state":"UTTARAKHAND","district":"UTTARKASHI","block":"PUROLA","indicator":"no_girls_toilet"}},{"type":"Feature","geometry":{"type":"Point","coordinates":[78.0405,30.8694]},"properties":{"udise":"05010600401","name":"PS SIKARU","state":"UTTARAKHAND","district":"UTTARKASHI","block":"PUROLA","indicator":"no_girls_toilet"}},{"type":"Feature","geometry":{"type":"Point","coordinates":[78.3345,30.5724]},"properties":{"udise":"05010207303","name":"PS DAVISAUR","state":"UTTARAKHAND","district":"UTTARKASHI","block":"CHINYALISAUR","indicator":"no_girls_toilet"}},{"type":"Feature","geometry":{"type":"Point","coordinates":[78.2221,30.8794]},"properties":{"udise":"05010504902","name":"UPS PATAGANI","state":"UTTARAKHAND","district":"UTTARKASHI","block":"NAUGAON","indicator":"no_girls_toilet"}},{"type":"Feature","geometry":{"type":"Point","coordinates":[78.3932,30.9263]},"properties":{"udise":"05010506402","name":"S.S.M. WADIYA","state":"UTTARAKHAND","district":"UTTARKASHI","block":"NAUGAON","indicator":"no_girls_toilet"}},{"type":"Feature","geometry":{"type":"Point","coordinates":[78.0924,30.6709]},"properties":{"udise":"05010515501","name":"PS GAATU","state":"UTTARAKHAND","district":"UTTARKASHI","block":"NAUGAON","indicator":"no_girls_toilet"}},{"type":"Feature","geometry":{"type":"Point","coordinates":[78.2018,30.8722]},"properties":{"udise":"05010502004","name":"UPS GIRLS GAIR BANAL","state":"UTTARAKHAND","district":"UTTARKASHI","block":"NAUGAON","indicator":"no_girls_toilet"}},{"type":"Feature","geometry":{"type":"Point","coordinates":[78.448,30.8213]},"properties":{"udise":"05010105002","name":"UPS KALDIYANI","state":"UTTARAKHAND","district":"UTTARKASHI","block":"BHATWARI","indicator":"no_girls_toilet"}},{"type":"Feature","geometry":{"type":"Point","coordinates":[78.085,30.7536]},"properties":{"udise":"05010511602","name":"UPS BHANKOLI","state":"UTTARAKHAND","district":"UTTARKASHI","block":"NAUGAON","indicator":"no_girls_toilet"}},{"type":"Feature","geometry":{"type":"Point","coordinates":[78.1858,30.8163]},"properties":{"udise":"05010509103","name":"PS DHALIYAGAON","state":"UTTARAKHAND","district":"UTTARKASHI","block":"NAUGAON","indicator":"girls_toilet_nonfunctional"}},{"type":"Feature","geometry":{"type":"Point","coordinates":[78.6349,30.8407]},"properties":{"udise":"05010102502","name":"UPS SALANG","state":"UTTARAKHAND","district":"UTTARKASHI","block":"BHATWARI","indicator":"girls_toilet_nonfunctional"}},{"type":"Feature","geometry":{"type":"Point","coordinates":[78.11383,30.6805]},"properties":{"udise":"05010515801","name":"PS KHIRMU","state":"UTTARAKHAND","district":"UTTARKASHI","block":"NAUGAON","indicator":"girls_toilet_nonfunctional"}},{"type":"Feature","geometry":{"type":"Point","coordinates":[78.3314,30.7458]},"properties":{"udise":"05010302404","name":"GIC GARH BARSALI","state":"UTTARAKHAND","district":"UTTARKASHI","block":"DUNDA","indicator":"girls_toilet_nonfunctional"}},{"type":"Feature","geometry":{"type":"Point","coordinates":[78.1241,30.7725]},"properties":{"udise":"05010510901","name":"PS KIMMI","state":"UTTARAKHAND","district":"UTTARKASHI","block":"NAUGAON","indicator":"girls_toilet_nonfunctional"}},{"type":"Feature","geometry":{"type":"Point","coordinates":[78.2065,30.8056]},"properties":{"udise":"05010518416","name":"SGRR PUBLIC SCHOOL BARKOT","state":"UTTARAKHAND","district":"UTTARKASHI","block":"NAUGAON","indicator":"girls_toilet_nonfunctional"}},{"type":"Feature","geometry":{"type":"Point","coordinates":[78.1973,30.8059]},"properties":{"udise":"05010518408","name":"S.VIDYA MANDIR BARKOT","state":"UTTARAKHAND","district":"UTTARKASHI","block":"NAUGAON","indicator":"girls_toilet_nonfunctional"}},{"type":"Feature","geometry":{"type":"Point","coordinates":[78.171,30.7461]},"properties":{"udise":"05010512102","name":"UPS KAFNOL","state":"UTTARAKHAND","district":"UTTARKASHI","block":"NAUGAON","indicator":"girls_toilet_nonfunctional"}},{"type":"Feature","geometry":{"type":"Point","coordinates":[78.0473,30.7908]},"properties":{"udise":"05010600801","name":"PS KAMARA","state":"UTTARAKHAND","district":"UTTARKASHI","block":"PUROLA","indicator":"girls_toilet_nonfunctional"}},{"type":"Feature","geometry":{"type":"Point","coordinates":[78.311,30.7035]},"properties":{"udise":"05010309402","name":"UPS GYONOTI","state":"UTTARAKHAND","district":"UTTARKASHI","block":"DUNDA","indicator":"girls_toilet_nonfunctional"}},{"type":"Feature","geometry":{"type":"Point","coordinates":[78.3201,30.7611]},"properties":{"udise":"05010301101","name":"PS SIGOT","state":"UTTARAKHAND","district":"UTTARKASHI","block":"DUNDA","indicator":"girls_toilet_nonfunctional"}},{"type":"Feature","geometry":{"type":"Point","coordinates":[78.2404,30.8041]},"properties":{"udise":"05010507401","name":"PS DANDALGAON","state":"UTTARAKHAND","district":"UTTARKASHI","block":"NAUGAON","indicator":"girls_toilet_nonfunctional"}},{"type":"Feature","geometry":{"type":"Point","coordinates":[78.2036,30.6299]},"properties":{"udise":"05010202502","name":"UPS GADATH","state":"UTTARAKHAND","district":"UTTARKASHI","block":"CHINYALISAUR","indicator":"girls_toilet_nonfunctional"}},{"type":"Feature","geometry":{"type":"Point","coordinates":[78.6202,30.7869]},"properties":{"udise":"05010103501","name":"PS BHELA TIPRI","state":"UTTARAKHAND","district":"UTTARKASHI","block":"BHATWARI","indicator":"girls_toilet_nonfunctional"}},{"type":"Feature","geometry":{"type":"Point","coordinates":[78.5394,30.7131]},"properties":{"udise":"05010103901","name":"UPS KAMAR","state":"UTTARAKHAND","district":"UTTARKASHI","block":"BHATWARI","indicator":"girls_toilet_nonfunctional"}},{"type":"Feature","geometry":{"type":"Point","coordinates":[78.5519,30.7438]},"properties":{"udise":"05010103801","name":"PS KOTDHAR","state":"UTTARAKHAND","district":"UTTARKASHI","block":"BHATWARI","indicator":"girls_toilet_nonfunctional"}},{"type":"Feature","geometry":{"type":"Point","coordinates":[78.5959,30.7699]},"properties":{"udise":"05010102201","name":"PS KUMALTI","state":"UTTARAKHAND","district":"UTTARKASHI","block":"BHATWARI","indicator":"girls_toilet_nonfunctional"}},{"type":"Feature","geometry":{"type":"Point","coordinates":[78.3004,30.7091]},"properties":{"udise":"05010308701","name":"PS SARTALI","state":"UTTARAKHAND","district":"UTTARKASHI","block":"DUNDA","indicator":"girls_toilet_nonfunctional"}},{"type":"Feature","geometry":{"type":"Point","coordinates":[78.6011,30.7611]},"properties":{"udise":"05010103201","name":"PS SARI","state":"UTTARAKHAND","district":"UTTARKASHI","block":"BHATWARI","indicator":"girls_toilet_nonfunctional"}},{"type":"Feature","geometry":{"type":"Point","coordinates":[78.279,30.6741]},"properties":{"udise":"05010306402","name":"UPS  MAINOL","state":"UTTARAKHAND","district":"UTTARKASHI","block":"DUNDA","indicator":"girls_toilet_nonfunctional"}},{"type":"Feature","geometry":{"type":"Point","coordinates":[78.3704,30.7406]},"properties":{"udise":"05010300711","name":"RENUKA J.HI. MAATLI","state":"UTTARAKHAND","district":"UTTARKASHI","block":"DUNDA","indicator":"girls_toilet_nonfunctional"}},{"type":"Feature","geometry":{"type":"Point","coordinates":[78.2988,30.5957]},"properties":{"udise":"05010206001","name":"PS BHUNYARA","state":"UTTARAKHAND","district":"UTTARKASHI","block":"CHINYALISAUR","indicator":"girls_toilet_nonfunctional"}},{"type":"Feature","geometry":{"type":"Point","coordinates":[78.3983,30.5458]},"properties":{"udise":"05010207002","name":"PS GORUN POKHRI","state":"UTTARAKHAND","district":"UTTARKASHI","block":"CHINYALISAUR","indicator":"girls_toilet_nonfunctional"}},{"type":"Feature","geometry":{"type":"Point","coordinates":[78.5944,30.7649]},"properties":{"udise":"05010102802","name":"UPS GIRLS SENJ","state":"UTTARAKHAND","district":"UTTARKASHI","block":"BHATWARI","indicator":"girls_toilet_nonfunctional"}},{"type":"Feature","geometry":{"type":"Point","coordinates":[78.5207,30.5374]},"properties":{"udise":"05010311701","name":"PS HULDIYAN","state":"UTTARAKHAND","district":"UTTARKASHI","block":"DUNDA","indicator":"girls_toilet_nonfunctional"}},{"type":"Feature","geometry":{"type":"Point","coordinates":[78.4899,30.7416]},"properties":{"udise":"05010104603","name":"UPS GIRLS SIROR","state":"UTTARAKHAND","district":"UTTARKASHI","block":"BHATWARI","indicator":"girls_toilet_nonfunctional"}},{"type":"Feature","geometry":{"type":"Point","coordinates":[78.4529,30.751]},"properties":{"udise":"05010105603","name":"PS NICHALA UTTARON","state":"UTTARAKHAND","district":"UTTARKASHI","block":"BHATWARI","indicator":"girls_toilet_nonfunctional"}},{"type":"Feature","geometry":{"type":"Point","coordinates":[78.1415,30.7146]},"properties":{"udise":"05010514501","name":"PS SARANCHAK","state":"UTTARAKHAND","district":"UTTARKASHI","block":"NAUGAON","indicator":"girls_toilet_nonfunctional"}},{"type":"Feature","geometry":{"type":"Point","coordinates":[78.1106,30.9098]},"properties":{"udise":"05010607703","name":"PS BASANTNAGAR","state":"UTTARAKHAND","district":"UTTARKASHI","block":"PUROLA","indicator":"girls_toilet_nonfunctional"}},{"type":"Feature","geometry":{"type":"Point","coordinates":[78.0923,30.6712]},"properties":{"udise":"05010517101","name":"PS KHAMUNDI TALLI","state":"UTTARAKHAND","district":"UTTARKASHI","block":"NAUGAON","indicator":"girls_toilet_nonfunctional"}},{"type":"Feature","geometry":{"type":"Point","coordinates":[78.5388,30.5961]},"properties":{"udise":"05010309802","name":"UPS SEERI","state":"UTTARAKHAND","district":"UTTARKASHI","block":"DUNDA","indicator":"girls_toilet_nonfunctional"}},{"type":"Feature","geometry":{"type":"Point","coordinates":[78.0553,30.6539]},"properties":{"udise":"05010517502","name":"UPS RIKHAUN","state":"UTTARAKHAND","district":"UTTARKASHI","block":"NAUGAON","indicator":"girls_toilet_nonfunctional"}},{"type":"Feature","geometry":{"type":"Point","coordinates":[78.2273,30.7977]},"properties":{"udise":"05010507903","name":"PS PAUL","state":"UTTARAKHAND","district":"UTTARKASHI","block":"NAUGAON","indicator":"girls_toilet_nonfunctional"}},{"type":"Feature","geometry":{"type":"Point","coordinates":[78.5064,30.619]},"properties":{"udise":"05010310001","name":"PS SAUR","state":"UTTARAKHAND","district":"UTTARKASHI","block":"DUNDA","indicator":"girls_toilet_nonfunctional"}},{"type":"Feature","geometry":{"type":"Point","coordinates":[78.1069,30.6825]},"properties":{"udise":"05010515901","name":"PS JHANDANU","state":"UTTARAKHAND","district":"UTTARKASHI","block":"NAUGAON","indicator":"girls_toilet_nonfunctional"}},{"type":"Feature","geometry":{"type":"Point","coordinates":[78.261,30.7509]},"properties":{"udise":"05010309601","name":"PS WAAN","state":"UTTARAKHAND","district":"UTTARKASHI","block":"DUNDA","indicator":"girls_toilet_nonfunctional"}},{"type":"Feature","geometry":{"type":"Point","coordinates":[78.462,30.8445]},"properties":{"udise":"05010105501","name":"PS BHANKOLI","state":"UTTARAKHAND","district":"UTTARKASHI","block":"BHATWARI","indicator":"girls_toilet_nonfunctional"}},{"type":"Feature","geometry":{"type":"Point","coordinates":[78.3456,30.5783]},"properties":{"udise":"05010207901","name":"PS BADSI","state":"UTTARAKHAND","district":"UTTARKASHI","block":"CHINYALISAUR","indicator":"girls_toilet_nonfunctional"}},{"type":"Feature","geometry":{"type":"Point","coordinates":[78.6182,30.8168]},"properties":{"udise":"05010102010","name":"SUMAN GRAMAR SCHOOL CHARETHI","state":"UTTARAKHAND","district":"UTTARKASHI","block":"BHATWARI","indicator":"girls_toilet_nonfunctional"}},{"type":"Feature","geometry":{"type":"Point","coordinates":[78.3664,30.9233]},"properties":{"udise":"05010507302","name":"UPS KUTHAR","state":"UTTARAKHAND","district":"UTTARKASHI","block":"NAUGAON","indicator":"girls_toilet_nonfunctional"}},{"type":"Feature","geometry":{"type":"Point","coordinates":[78.3568,30.7522]},"properties":{"udise":"05010302101","name":"PS CHENAKHOLI","state":"UTTARAKHAND","district":"UTTARKASHI","block":"DUNDA","indicator":"girls_toilet_nonfunctional"}},{"type":"Feature","geometry":{"type":"Point","coordinates":[78.1979,30.8563]},"properties":{"udise":"05010500201","name":"PS GULADI","state":"UTTARAKHAND","district":"UTTARKASHI","block":"NAUGAON","indicator":"girls_toilet_nonfunctional"}},{"type":"Feature","geometry":{"type":"Point","coordinates":[78.0468,30.9004]},"properties":{"udise":"05010602701","name":"PS RATEDI","state":"UTTARAKHAND","district":"UTTARKASHI","block":"PUROLA","indicator":"girls_toilet_nonfunctional"}},{"type":"Feature","geometry":{"type":"Point","coordinates":[78.5694,30.6465]},"properties":{"udise":"05010310602","name":"PS JALANG","state":"UTTARAKHAND","district":"UTTARKASHI","block":"DUNDA","indicator":"girls_toilet_nonfunctional"}},{"type":"Feature","geometry":{"type":"Point","coordinates":[78.2311,30.9111]},"properties":{"udise":"05010505001","name":"PS CHAPTADI","state":"UTTARAKHAND","district":"UTTARKASHI","block":"NAUGAON","indicator":"girls_toilet_nonfunctional"}},{"type":"Feature","geometry":{"type":"Point","coordinates":[78.3678,30.7741]},"properties":{"udise":"05010301001","name":"PS PANJIYALA","state":"UTTARAKHAND","district":"UTTARKASHI","block":"DUNDA","indicator":"girls_toilet_nonfunctional"}},{"type":"Feature","geometry":{"type":"Point","coordinates":[78.304,30.839]},"properties":{"udise":"05010508104","name":"DBR AMBEDKAR SCHOOL(SYALNA)","state":"UTTARAKHAND","district":"UTTARKASHI","block":"NAUGAON","indicator":"girls_toilet_nonfunctional"}},{"type":"Feature","geometry":{"type":"Point","coordinates":[78.1247,31.0799]},"properties":{"udise":"05010405203","name":"PS PRAGATI NAGAR","state":"UTTARAKHAND","district":"UTTARKASHI","block":"MORI","indicator":"girls_toilet_nonfunctional"}},{"type":"Feature","geometry":{"type":"Point","coordinates":[78.2175,30.6497]},"properties":{"udise":"05010203202","name":"PS BANCHORA","state":"UTTARAKHAND","district":"UTTARKASHI","block":"CHINYALISAUR","indicator":"girls_toilet_nonfunctional"}},{"type":"Feature","geometry":{"type":"Point","coordinates":[78.37828,30.51961]},"properties":{"udise":"05010208403","name":"GOVT. PRIMARY SCHOOL MAD","state":"UTTARAKHAND","district":"UTTARKASHI","block":"CHINYALISAUR","indicator":"girls_toilet_nonfunctional"}},{"type":"Feature","geometry":{"type":"Point","coordinates":[78.3067,30.7035]},"properties":{"udise":"05010309401","name":"PS GYONOTI","state":"UTTARAKHAND","district":"UTTARKASHI","block":"DUNDA","indicator":"girls_toilet_nonfunctional"}},{"type":"Feature","geometry":{"type":"Point","coordinates":[78.3062,30.708]},"properties":{"udise":"05010308503","name":"PS DANG","state":"UTTARAKHAND","district":"UTTARKASHI","block":"DUNDA","indicator":"girls_toilet_nonfunctional"}},{"type":"Feature","geometry":{"type":"Point","coordinates":[78.1067,30.7845]},"properties":{"udise":"05010511501","name":"PS THALLI","state":"UTTARAKHAND","district":"UTTARKASHI","block":"NAUGAON","indicator":"girls_toilet_nonfunctional"}},{"type":"Feature","geometry":{"type":"Point","coordinates":[78.1004,31.1614]},"properties":{"udise":"05010406801","name":"PS GWAL GAON","state":"UTTARAKHAND","district":"UTTARKASHI","block":"MORI","indicator":"girls_toilet_nonfunctional"}},{"type":"Feature","geometry":{"type":"Point","coordinates":[78.26353,30.25608]},"properties":{"udise":"05010506003","name":"HIGH SCHOOL SYALAV","state":"UTTARAKHAND","district":"UTTARKASHI","block":"NAUGAON","indicator":"girls_toilet_nonfunctional"}},{"type":"Feature","geometry":{"type":"Point","coordinates":[78.44997,30.7135]},"properties":{"udise":"05010107206","name":"HIGH SCHOOL BONGA","state":"UTTARAKHAND","district":"UTTARKASHI","block":"BHATWARI","indicator":"girls_toilet_nonfunctional"}},{"type":"Feature","geometry":{"type":"Point","coordinates":[78.1913,30.7265]},"properties":{"udise":"05010512202","name":"PS GAIR","state":"UTTARAKHAND","district":"UTTARKASHI","block":"NAUGAON","indicator":"girls_toilet_nonfunctional"}},{"type":"Feature","geometry":{"type":"Point","coordinates":[78.2547,30.6677]},"properties":{"udise":"05010201902","name":"PS MATHALI","state":"UTTARAKHAND","district":"UTTARKASHI","block":"CHINYALISAUR","indicator":"girls_toilet_nonfunctional"}},{"type":"Feature","geometry":{"type":"Point","coordinates":[78.5164,30.602]},"properties":{"udise":"05010312402","name":"PS DHONTRI","state":"UTTARAKHAND","district":"UTTARKASHI","block":"DUNDA","indicator":"girls_toilet_nonfunctional"}},{"type":"Feature","geometry":{"type":"Point","coordinates":[78.1347,30.7428]},"properties":{"udise":"05010512801","name":"PS DHARI  PALLI","state":"UTTARAKHAND","district":"UTTARKASHI","block":"NAUGAON","indicator":"girls_toilet_nonfunctional"}},{"type":"Feature","geometry":{"type":"Point","coordinates":[78.6045,30.8156]},"properties":{"udise":"05010101301","name":"PS RAITHAL","state":"UTTARAKHAND","district":"UTTARKASHI","block":"BHATWARI","indicator":"girls_toilet_nonfunctional"}},{"type":"Feature","geometry":{"type":"Point","coordinates":[78.2121,30.8595]},"properties":{"udise":"05010502801","name":"PS CHATRI/MANI","state":"UTTARAKHAND","district":"UTTARKASHI","block":"NAUGAON","indicator":"girls_toilet_nonfunctional"}},{"type":"Feature","geometry":{"type":"Point","coordinates":[78.21889,31.14944]},"properties":{"udise":"05010408802","name":"UPS KANSLA","state":"UTTARAKHAND","district":"UTTARKASHI","block":"MORI","indicator":"girls_toilet_nonfunctional"}},{"type":"Feature","geometry":{"type":"Point","coordinates":[78.2174,30.9472]},"properties":{"udise":"05010607102","name":"PS DINGADI","state":"UTTARAKHAND","district":"UTTARKASHI","block":"PUROLA","indicator":"girls_toilet_nonfunctional"}},{"type":"Feature","geometry":{"type":"Point","coordinates":[78.4319,30.9667]},"properties":{"udise":"05010506502","name":"UPS KHARSALI","state":"UTTARAKHAND","district":"UTTARKASHI","block":"NAUGAON","indicator":"girls_toilet_nonfunctional"}},{"type":"Feature","geometry":{"type":"Point","coordinates":[78.0981,31.0491]},"properties":{"udise":"05010404801","name":"PS GURADI","state":"UTTARAKHAND","district":"UTTARKASHI","block":"MORI","indicator":"girls_toilet_nonfunctional"}},{"type":"Feature","geometry":{"type":"Point","coordinates":[78.1092,30.7139]},"properties":{"udise":"05010514402","name":"UPS GIRLS BIJORI","state":"UTTARAKHAND","district":"UTTARKASHI","block":"NAUGAON","indicator":"girls_toilet_nonfunctional"}},{"type":"Feature","geometry":{"type":"Point","coordinates":[78.174,30.8251]},"properties":{"udise":"05010509202","name":"UPS MOLDA","state":"UTTARAKHAND","district":"UTTARKASHI","block":"NAUGAON","indicator":"girls_toilet_nonfunctional"}},{"type":"Feature","geometry":{"type":"Point","coordinates":[78.22945,31.11153]},"properties":{"udise":"05010408005","name":"GIC JAKHOL","state":"UTTARAKHAND","district":"UTTARKASHI","block":"MORI","indicator":"girls_toilet_nonfunctional"}},{"type":"Feature","geometry":{"type":"Point","coordinates":[78.128,30.6986]},"properties":{"udise":"05010514101","name":"PS GARH KHATAL","state":"UTTARAKHAND","district":"UTTARKASHI","block":"NAUGAON","indicator":"girls_toilet_nonfunctional"}},{"type":"Feature","geometry":{"type":"Point","coordinates":[78.4369,30.9725]},"properties":{"udise":"05010506501","name":"PS KHARSALI","state":"UTTARAKHAND","district":"UTTARKASHI","block":"NAUGAON","indicator":"girls_toilet_nonfunctional"}},{"type":"Feature","geometry":{"type":"Point","coordinates":[78.4918,30.6954]},"properties":{"udise":"05010108905","name":"PS GINDA","state":"UTTARAKHAND","district":"UTTARKASHI","block":"BHATWARI","indicator":"girls_toilet_nonfunctional"}},{"type":"Feature","geometry":{"type":"Point","coordinates":[78.4326,30.7301]},"properties":{"udise":"05010106602","name":"PAVITRA L.B.VATIKA JOSHIYARA","state":"UTTARAKHAND","district":"UTTARKASHI","block":"BHATWARI","indicator":"girls_toilet_nonfunctional"}},{"type":"Feature","geometry":{"type":"Point","coordinates":[78.5514,30.7435]},"properties":{"udise":"05010103802","name":"UPS KOTDHAR","state":"UTTARAKHAND","district":"UTTARKASHI","block":"BHATWARI","indicator":"girls_toilet_nonfunctional"}},{"type":"Feature","geometry":{"type":"Point","coordinates":[78.2376,30.6388]},"properties":{"udise":"05010203102","name":"PS GUNALI","state":"UTTARAKHAND","district":"UTTARKASHI","block":"CHINYALISAUR","indicator":"girls_toilet_nonfunctional"}},{"type":"Feature","geometry":{"type":"Point","coordinates":[78.1386,30.7886]},"properties":{"udise":"05010509901","name":"PS MUNGARA","state":"UTTARAKHAND","district":"UTTARKASHI","block":"NAUGAON","indicator":"girls_toilet_nonfunctional"}},{"type":"Feature","geometry":{"type":"Point","coordinates":[78.1713,30.7371]},"properties":{"udise":"05010512303","name":"UPS DARSAON","state":"UTTARAKHAND","district":"UTTARKASHI","block":"NAUGAON","indicator":"girls_toilet_nonfunctional"}},{"type":"Feature","geometry":{"type":"Point","coordinates":[77.893,31.07044]},"properties":{"udise":"05010400602","name":"PS GOKUL","state":"UTTARAKHAND","district":"UTTARKASHI","block":"MORI","indicator":"girls_toilet_nonfunctional"}},{"type":"Feature","geometry":{"type":"Point","coordinates":[78.1431,30.8339]},"properties":{"udise":"05010600101","name":"PS KANTADI","state":"UTTARAKHAND","district":"UTTARKASHI","block":"PUROLA","indicator":"girls_toilet_nonfunctional"}},{"type":"Feature","geometry":{"type":"Point","coordinates":[78.2989,30.7035]},"properties":{"udise":"05010308801","name":"PS JASPUR","state":"UTTARAKHAND","district":"UTTARKASHI","block":"DUNDA","indicator":"girls_toilet_nonfunctional"}},{"type":"Feature","geometry":{"type":"Point","coordinates":[78.3116,30.6793]},"properties":{"udise":"05010307501","name":"PS PENTHAR","state":"UTTARAKHAND","district":"UTTARKASHI","block":"DUNDA","indicator":"girls_toilet_nonfunctional"}},{"type":"Feature","geometry":{"type":"Point","coordinates":[78.1276,30.9326]},"properties":{"udise":"05010605905","name":"SVM GUNDIYATGAON","state":"UTTARAKHAND","district":"UTTARKASHI","block":"PUROLA","indicator":"girls_toilet_nonfunctional"}},{"type":"Feature","geometry":{"type":"Point","coordinates":[78.3567,30.5886]},"properties":{"udise":"05010203901","name":"PS KHAND","state":"UTTARAKHAND","district":"UTTARKASHI","block":"CHINYALISAUR","indicator":"girls_toilet_nonfunctional"}},{"type":"Feature","geometry":{"type":"Point","coordinates":[78.0476,31.0172]},"properties":{"udise":"05010403503","name":"S.S.M.  MORI","state":"UTTARAKHAND","district":"UTTARKASHI","block":"MORI","indicator":"girls_toilet_nonfunctional"}},{"type":"Feature","geometry":{"type":"Point","coordinates":[78.0842,30.7307]},"properties":{"udise":"05010513301","name":"PS KUNWA","state":"UTTARAKHAND","district":"UTTARKASHI","block":"NAUGAON","indicator":"girls_toilet_nonfunctional"}},{"type":"Feature","geometry":{"type":"Point","coordinates":[78.4083,30.9233]},"properties":{"udise":"05010507002","name":"PS MADESH","state":"UTTARAKHAND","district":"UTTARKASHI","block":"NAUGAON","indicator":"girls_toilet_nonfunctional"}},{"type":"Feature","geometry":{"type":"Point","coordinates":[78.6414,30.8691]},"properties":{"udise":"05010101005","name":"UPS TIHAR","state":"UTTARAKHAND","district":"UTTARKASHI","block":"BHATWARI","indicator":"girls_toilet_nonfunctional"}},{"type":"Feature","geometry":{"type":"Point","coordinates":[78.2776,30.7326]},"properties":{"udise":"05010309101","name":"PS NAGAL","state":"UTTARAKHAND","district":"UTTARKASHI","block":"DUNDA","indicator":"girls_toilet_nonfunctional"}},{"type":"Feature","geometry":{"type":"Point","coordinates":[78.0993,30.8824]},"properties":{"udise":"05010604702","name":"S.S.M.  MOLTADI","state":"UTTARAKHAND","district":"UTTARKASHI","block":"PUROLA","indicator":"girls_toilet_nonfunctional"}},{"type":"Feature","geometry":{"type":"Point","coordinates":[78.1728,30.8256]},"properties":{"udise":"05010509201","name":"PS MOLDA","state":"UTTARAKHAND","district":"UTTARKASHI","block":"NAUGAON","indicator":"girls_toilet_nonfunctional"}},{"type":"Feature","geometry":{"type":"Point","coordinates":[78.0259,31.0248]},"properties":{"udise":"05010403302","name":"UPS MOTAR","state":"UTTARAKHAND","district":"UTTARKASHI","block":"MORI","indicator":"girls_toilet_nonfunctional"}},{"type":"Feature","geometry":{"type":"Point","coordinates":[78.3805,30.8071]},"properties":{"udise":"05010300202","name":"UPS BAHARANGAON","state":"UTTARAKHAND","district":"UTTARKASHI","block":"DUNDA","indicator":"girls_toilet_nonfunctional"}},{"type":"Feature","geometry":{"type":"Point","coordinates":[78.6083,30.8221]},"properties":{"udise":"05010110201","name":"PS MATHALI","state":"UTTARAKHAND","district":"UTTARKASHI","block":"BHATWARI","indicator":"girls_toilet_nonfunctional"}},{"type":"Feature","geometry":{"type":"Point","coordinates":[78.4008,30.5186]},"properties":{"udise":"05010208402","name":"UPS KHALSI","state":"UTTARAKHAND","district":"UTTARKASHI","block":"CHINYALISAUR","indicator":"girls_toilet_nonfunctional"}},{"type":"Feature","geometry":{"type":"Point","coordinates":[78.2745,30.8676]},"properties":{"udise":"05010506201","name":"PS KURSIL","state":"UTTARAKHAND","district":"UTTARKASHI","block":"NAUGAON","indicator":"girls_toilet_nonfunctional"}},{"type":"Feature","geometry":{"type":"Point","coordinates":[78.4067,30.7976]},"properties":{"udise":"05010106302","name":"PS GADIYARA","state":"UTTARAKHAND","district":"UTTARKASHI","block":"BHATWARI","indicator":"girls_toilet_nonfunctional"}},{"type":"Feature","geometry":{"type":"Point","coordinates":[78.1351,30.6562]},"properties":{"udise":"05010516401","name":"PS JAGADGAON","state":"UTTARAKHAND","district":"UTTARKASHI","block":"NAUGAON","indicator":"girls_toilet_nonfunctional"}},{"type":"Feature","geometry":{"type":"Point","coordinates":[78.6698,30.9172]},"properties":{"udise":"05010100801","name":"PS BHANGELI","state":"UTTARAKHAND","district":"UTTARKASHI","block":"BHATWARI","indicator":"girls_toilet_nonfunctional"}},{"type":"Feature","geometry":{"type":"Point","coordinates":[78.2861,30.7195]},"properties":{"udise":"05010308602","name":"UPS KHURMOLA","state":"UTTARAKHAND","district":"UTTARKASHI","block":"DUNDA","indicator":"girls_toilet_nonfunctional"}},{"type":"Feature","geometry":{"type":"Point","coordinates":[78.6508,30.8611]},"properties":{"udise":"05010101003","name":"PS SANGLAI","state":"UTTARAKHAND","district":"UTTARKASHI","block":"BHATWARI","indicator":"girls_toilet_nonfunctional"}},{"type":"Feature","geometry":{"type":"Point","coordinates":[78.3629,30.9347]},"properties":{"udise":"05010506403","name":"PS WADIYA","state":"UTTARAKHAND","district":"UTTARKASHI","block":"NAUGAON","indicator":"girls_toilet_nonfunctional"}},{"type":"Feature","geometry":{"type":"Point","coordinates":[78.19425,30.88894]},"properties":{"udise":"05010502101","name":"PS BIYANLI","state":"UTTARAKHAND","district":"UTTARKASHI","block":"NAUGAON","indicator":"girls_toilet_nonfunctional"}},{"type":"Feature","geometry":{"type":"Point","coordinates":[78.4632,30.7066]},"properties":{"udise":"05010108601","name":"PS SADAG","state":"UTTARAKHAND","district":"UTTARKASHI","block":"BHATWARI","indicator":"girls_toilet_nonfunctional"}},{"type":"Feature","geometry":{"type":"Point","coordinates":[78.4149,30.7509]},"properties":{"udise":"05010105903","name":"UPS GIRLS GYANJA","state":"UTTARAKHAND","district":"UTTARKASHI","block":"BHATWARI","indicator":"girls_toilet_nonfunctional"}},{"type":"Feature","geometry":{"type":"Point","coordinates":[78.1988,30.6801]},"properties":{"udise":"05010200302","name":"UPS KAPRADA","state":"UTTARAKHAND","district":"UTTARKASHI","block":"CHINYALISAUR","indicator":"girls_toilet_nonfunctional"}},{"type":"Feature","geometry":{"type":"Point","coordinates":[78.0735,30.8809]},"properties":{"udise":"05010603707","name":"PM SHRI AUGIC DHUKANA PUROLA","state":"UTTARAKHAND","district":"UTTARKASHI","block":"PUROLA","indicator":"girls_toilet_nonfunctional"}},{"type":"Feature","geometry":{"type":"Point","coordinates":[78.6724,30.8886]},"properties":{"udise":"05010100901","name":"PS GANGNANI","state":"UTTARAKHAND","district":"UTTARKASHI","block":"BHATWARI","indicator":"girls_toilet_nonfunctional"}},{"type":"Feature","geometry":{"type":"Point","coordinates":[78.1166,30.9021]},"properties":{"udise":"05010603803","name":"UPS LAMBKOTI","state":"UTTARAKHAND","district":"UTTARKASHI","block":"PUROLA","indicator":"girls_toilet_nonfunctional"}},{"type":"Feature","geometry":{"type":"Point","coordinates":[78.2642,30.8594]},"properties":{"udise":"05010506101","name":"PS SUKAN","state":"UTTARAKHAND","district":"UTTARKASHI","block":"NAUGAON","indicator":"girls_toilet_nonfunctional"}},{"type":"Feature","geometry":{"type":"Point","coordinates":[78.1218,30.7371]},"properties":{"udise":"05010513801","name":"PS NARYUNKA","state":"UTTARAKHAND","district":"UTTARKASHI","block":"NAUGAON","indicator":"girls_toilet_nonfunctional"}},{"type":"Feature","geometry":{"type":"Point","coordinates":[78.2813,30.6116]},"properties":{"udise":"05010203303","name":"PS TIPRI BIST","state":"UTTARAKHAND","district":"UTTARKASHI","block":"CHINYALISAUR","indicator":"girls_toilet_nonfunctional"}},{"type":"Feature","geometry":{"type":"Point","coordinates":[78.4479,30.7326]},"properties":{"udise":"05010109236","name":"SANSKRIT MAHAVIDYALY","state":"UTTARAKHAND","district":"UTTARKASHI","block":"BHATWARI","indicator":"girls_toilet_nonfunctional"}},{"type":"Feature","geometry":{"type":"Point","coordinates":[78.45,30.7275]},"properties":{"udise":"05010107502","name":"UPS GIRLS JASPUR","state":"UTTARAKHAND","district":"UTTARKASHI","block":"BHATWARI","indicator":"girls_toilet_nonfunctional"}},{"type":"Feature","geometry":{"type":"Point","coordinates":[78.3565,30.7504]},"properties":{"udise":"05010302102","name":"UPS CHENAKHOLI","state":"UTTARAKHAND","district":"UTTARKASHI","block":"DUNDA","indicator":"girls_toilet_nonfunctional"}},{"type":"Feature","geometry":{"type":"Point","coordinates":[78.2867,30.8419]},"properties":{"udise":"05010508001","name":"PS BHANSADI","state":"UTTARAKHAND","district":"UTTARKASHI","block":"NAUGAON","indicator":"girls_toilet_nonfunctional"}},{"type":"Feature","geometry":{"type":"Point","coordinates":[78.1086,30.9395]},"properties":{"udise":"05010606401","name":"UPS VESTI","state":"UTTARAKHAND","district":"UTTARKASHI","block":"PUROLA","indicator":"girls_toilet_nonfunctional"}},{"type":"Feature","geometry":{"type":"Point","coordinates":[78.1243,30.7839]},"properties":{"udise":"05010519201","name":"PS SAULI","state":"UTTARAKHAND","district":"UTTARKASHI","block":"NAUGAON","indicator":"girls_toilet_nonfunctional"}},{"type":"Feature","geometry":{"type":"Point","coordinates":[78.4168,30.5232]},"properties":{"udise":"05010209102","name":"PS KOT SANKRAL","state":"UTTARAKHAND","district":"UTTARKASHI","block":"CHINYALISAUR","indicator":"girls_toilet_nonfunctional"}},{"type":"Feature","geometry":{"type":"Point","coordinates":[78.4033,30.6384]},"properties":{"udise":"05010303901","name":"PS PATURI","state":"UTTARAKHAND","district":"UTTARKASHI","block":"DUNDA","indicator":"girls_toilet_nonfunctional"}},{"type":"Feature","geometry":{"type":"Point","coordinates":[78.2993,30.6822]},"properties":{"udise":"05010307702","name":"PS PANOTH","state":"UTTARAKHAND","district":"UTTARKASHI","block":"DUNDA","indicator":"girls_toilet_nonfunctional"}},{"type":"Feature","geometry":{"type":"Point","coordinates":[78.6187,30.8068]},"properties":{"udise":"05010102009","name":"SSM BHATWARI","state":"UTTARAKHAND","district":"UTTARKASHI","block":"BHATWARI","indicator":"girls_toilet_nonfunctional"}},{"type":"Feature","geometry":{"type":"Point","coordinates":[78.2317,30.9712]},"properties":{"udise":"05010608601","name":"PS KANSLO BADIYAAR","state":"UTTARAKHAND","district":"UTTARKASHI","block":"PUROLA","indicator":"girls_toilet_nonfunctional"}},{"type":"Feature","geometry":{"type":"Point","coordinates":[78.2339,30.6518]},"properties":{"udise":"05010203304","name":"UPS TIPRI DASGI","state":"UTTARAKHAND","district":"UTTARKASHI","block":"CHINYALISAUR","indicator":"girls_toilet_nonfunctional"}},{"type":"Feature","geometry":{"type":"Point","coordinates":[77.9933,30.98]},"properties":{"udise":"05010402503","name":"PS BUTHOTRA","state":"UTTARAKHAND","district":"UTTARKASHI","block":"MORI","indicator":"girls_toilet_nonfunctional"}},{"type":"Feature","geometry":{"type":"Point","coordinates":[78.4017,30.5545]},"properties":{"udise":"05010207001","name":"UPS KAWAGADI","state":"UTTARAKHAND","district":"UTTARKASHI","block":"CHINYALISAUR","indicator":"girls_toilet_nonfunctional"}},{"type":"Feature","geometry":{"type":"Point","coordinates":[78.1164,30.9021]},"properties":{"udise":"05010603802","name":"PS LAMKOTI","state":"UTTARAKHAND","district":"UTTARKASHI","block":"PUROLA","indicator":"girls_toilet_nonfunctional"}},{"type":"Feature","geometry":{"type":"Point","coordinates":[78.2988,30.6205]},"properties":{"udise":"05010206302","name":"UPS GIRLS MORGI","state":"UTTARAKHAND","district":"UTTARKASHI","block":"CHINYALISAUR","indicator":"girls_toilet_nonfunctional"}},{"type":"Feature","geometry":{"type":"Point","coordinates":[78.238,30.591]},"properties":{"udise":"05010209701","name":"PS CHOPDALI","state":"UTTARAKHAND","district":"UTTARKASHI","block":"CHINYALISAUR","indicator":"girls_toilet_nonfunctional"}}]}