{"type":"FeatureCollection","features":[{"type":"Feature","geometry":{"type":"Point","coordinates":[74.81109,24.8966]},"properties":{"udise":"08290511709","name":"GOVT. P.S. DHAGALIYO KA KHEDA","state":"RAJASTHAN","district":"CHITTAURGARH","block":"CHITTORGARH","indicator":"no_girls_toilet"}},{"type":"Feature","geometry":{"type":"Point","coordinates":[74.57778,24.76144]},"properties":{"udise":"08290515111","name":"SHARDA VIDHA MANDIR U.P.S SAWA","state":"RAJASTHAN","district":"CHITTAURGARH","block":"CHITTORGARH","indicator":"no_girls_toilet"}},{"type":"Feature","geometry":{"type":"Point","coordinates":[74.35302,24.86355]},"properties":{"udise":"08290602201","name":"GOVT.U.P.S. RENKA KHERA","state":"RAJASTHAN","district":"CHITTAURGARH","block":"KAPASAN","indicator":"no_girls_toilet"}},{"type":"Feature","geometry":{"type":"Point","coordinates":[74.85174,25.07279]},"properties":{"udise":"08290303401","name":"G.P.S. SULTANPURA","state":"RAJASTHAN","district":"CHITTAURGARH","block":"BEGUN","indicator":"no_girls_toilet"}},{"type":"Feature","geometry":{"type":"Point","coordinates":[74.42263,24.32191]},"properties":{"udise":"08291204601","name":"G.U.P.S NAYA KHEDA","state":"RAJASTHAN","district":"CHITTAURGARH","block":"BADI SADRI","indicator":"no_girls_toilet"}},{"type":"Feature","geometry":{"type":"Point","coordinates":[74.63826,24.97002]},"properties":{"udise":"08290206202","name":"MAYO AKADMI  AJOLIYA KA KHERA","state":"RAJASTHAN","district":"CHITTAURGARH","block":"GANGRAR","indicator":"no_girls_toilet"}},{"type":"Feature","geometry":{"type":"Point","coordinates":[74.33282,24.84871]},"properties":{"udise":"08290605701","name":"GOVT.P.S. PAVTIYA","state":"RAJASTHAN","district":"CHITTAURGARH","block":"KAPASAN","indicator":"no_girls_toilet"}},{"type":"Feature","geometry":{"type":"Point","coordinates":[74.83712,24.86103]},"properties":{"udise":"08290510901","name":"G.U.P.S RASYMANGRI","state":"RAJASTHAN","district":"CHITTAURGARH","block":"CHITTORGARH","indicator":"no_girls_toilet"}},{"type":"Feature","geometry":{"type":"Point","coordinates":[75.28597,24.7497]},"properties":{"udise":"08290413301","name":"G.P.S. MALKHEDA","state":"RAJASTHAN","district":"CHITTAURGARH","block":"BHAINSROADGARH","indicator":"no_girls_toilet"}},{"type":"Feature","geometry":{"type":"Point","coordinates":[74.98437,25.01724]},"properties":{"udise":"08290307203","name":"GOVT SR.SEC.SCH.JAINAGAR","state":"RAJASTHAN","district":"CHITTAURGARH","block":"BEGUN","indicator":"no_girls_toilet"}},{"type":"Feature","geometry":{"type":"Point","coordinates":[74.54234,24.78994]},"properties":{"udise":"08290906401","name":"GOVT. P.S. HASMATGANJ","state":"RAJASTHAN","district":"CHITTAURGARH","block":"BHADESAR","indicator":"no_girls_toilet"}},{"type":"Feature","geometry":{"type":"Point","coordinates":[74.51054,24.76173]},"properties":{"udise":"08290913003","name":"GOVT. K.G.B.V. NAHARGARH","state":"RAJASTHAN","district":"CHITTAURGARH","block":"BHADESAR","indicator":"no_girls_toilet"}},{"type":"Feature","geometry":{"type":"Point","coordinates":[74.31367,24.70327]},"properties":{"udise":"08290901901","name":"GOVT. U.P.S. UMMADPURA","state":"RAJASTHAN","district":"CHITTAURGARH","block":"BHADESAR","indicator":"no_girls_toilet"}},{"type":"Feature","geometry":{"type":"Point","coordinates":[74.65143,25.03628]},"properties":{"udise":"08290200701","name":"GOVT.P.S JODASINGH KA KHERA","state":"RAJASTHAN","district":"CHITTAURGARH","block":"GANGRAR","indicator":"no_girls_toilet"}},{"type":"Feature","geometry":{"type":"Point","coordinates":[74.4971,25.11948]},"properties":{"udise":"08290102003","name":"APEX S.S. PS .BHALOTA KI KHERI","state":"RAJASTHAN","district":"CHITTAURGARH","block":"RASHMI","indicator":"no_girls_toilet"}},{"type":"Feature","geometry":{"type":"Point","coordinates":[74.94163,25.10743]},"properties":{"udise":"08290311104","name":"ALOK SHIKSHA NIKETAN SEC.SCH. BHICHORE","state":"RAJASTHAN","district":"CHITTAURGARH","block":"BEGUN","indicator":"no_girls_toilet"}},{"type":"Feature","geometry":{"type":"Point","coordinates":[74.31329,24.80332]},"properties":{"udise":"08290608303","name":"B.G.S. UPS. ROLIYA","state":"RAJASTHAN","district":"CHITTAURGARH","block":"KAPASAN","indicator":"no_girls_toilet"}},{"type":"Feature","geometry":{"type":"Point","coordinates":[75.49111,24.9528]},"properties":{"udise":"08290421001","name":"G.U.P.S SUTHALA","state":"RAJASTHAN","district":"CHITTAURGARH","block":"BHAINSROADGARH","indicator":"no_girls_toilet"}},{"type":"Feature","geometry":{"type":"Point","coordinates":[74.38849,24.32537]},"properties":{"udise":"08291205311","name":"VISHNUGUPT PS BANSI","state":"RAJASTHAN","district":"CHITTAURGARH","block":"BADI SADRI","indicator":"no_girls_toilet"}},{"type":"Feature","geometry":{"type":"Point","coordinates":[74.34219,24.95287]},"properties":{"udise":"08290600601","name":"GOVT.U.P.S. BABRIYA KHEDA","state":"RAJASTHAN","district":"CHITTAURGARH","block":"KAPASAN","indicator":"no_girls_toilet"}},{"type":"Feature","geometry":{"type":"Point","coordinates":[75.31278,24.77371]},"properties":{"udise":"08290413801","name":"G.P.S. BALAGANGH","state":"RAJASTHAN","district":"CHITTAURGARH","block":"BHAINSROADGARH","indicator":"no_girls_toilet"}},{"type":"Feature","geometry":{"type":"Point","coordinates":[74.86758,25.11633]},"properties":{"udise":"08290301601","name":"G.P.S. HAMEPUR","state":"RAJASTHAN","district":"CHITTAURGARH","block":"BEGUN","indicator":"no_girls_toilet"}},{"type":"Feature","geometry":{"type":"Point","coordinates":[74.43349,25.13489]},"properties":{"udise":"08290102412","name":"SAINIK INTERNATIONAL UPS PAHUNA","state":"RAJASTHAN","district":"CHITTAURGARH","block":"RASHMI","indicator":"no_girls_toilet"}},{"type":"Feature","geometry":{"type":"Point","coordinates":[74.35492,24.74529]},"properties":{"udise":"08290902002","name":"GOVT. P.S. BANJARO KA KHERA","state":"RAJASTHAN","district":"CHITTAURGARH","block":"BHADESAR","indicator":"no_girls_toilet"}},{"type":"Feature","geometry":{"type":"Point","coordinates":[74.80884,25.10345]},"properties":{"udise":"08290302204","name":"MAHATMA GANDHI GOVT. SCHOOL ITAWA","state":"RAJASTHAN","district":"CHITTAURGARH","block":"BEGUN","indicator":"no_girls_toilet"}},{"type":"Feature","geometry":{"type":"Point","coordinates":[74.48179,24.89394]},"properties":{"udise":"08290519402","name":"GOVT.P.S NAI ABADI TUMBIDYA","state":"RAJASTHAN","district":"CHITTAURGARH","block":"CHITTORGARH","indicator":"no_girls_toilet"}},{"type":"Feature","geometry":{"type":"Point","coordinates":[74.23578,24.82468]},"properties":{"udise":"08290704201","name":"GOVT.P.S. KHEDLI","state":"RAJASTHAN","district":"CHITTAURGARH","block":"BHOPAL SAGAR","indicator":"no_girls_toilet"}},{"type":"Feature","geometry":{"type":"Point","coordinates":[74.40333,24.32923]},"properties":{"udise":"08291204702","name":"MAA BADI KENDRA SAMETI RANI MALIYA","state":"RAJASTHAN","district":"CHITTAURGARH","block":"BADI SADRI","indicator":"no_girls_toilet"}},{"type":"Feature","geometry":{"type":"Point","coordinates":[74.66485,25.11786]},"properties":{"udise":"08290201302","name":"GOVT PS BHADANI KHEDA","state":"RAJASTHAN","district":"CHITTAURGARH","block":"GANGRAR","indicator":"no_girls_toilet"}},{"type":"Feature","geometry":{"type":"Point","coordinates":[75.13302,25.06475]},"properties":{"udise":"08290313502","name":"G.P.S. UMAR","state":"RAJASTHAN","district":"CHITTAURGARH","block":"BEGUN","indicator":"no_girls_toilet"}},{"type":"Feature","geometry":{"type":"Point","coordinates":[74.53983,24.70021]},"properties":{"udise":"08290905701","name":"GOVT.SEN. SEC. SCHOOL AGORIYA","state":"RAJASTHAN","district":"CHITTAURGARH","block":"BHADESAR","indicator":"no_girls_toilet"}},{"type":"Feature","geometry":{"type":"Point","coordinates":[74.46488,24.79725]},"properties":{"udise":"08290915204","name":"GOVT. P.S. NAI DOTDI","state":"RAJASTHAN","district":"CHITTAURGARH","block":"BHADESAR","indicator":"no_girls_toilet"}},{"type":"Feature","geometry":{"type":"Point","coordinates":[75.07601,25.03218]},"properties":{"udise":"08290309105","name":"SHRI GORAV CHILDREN SCHOOL","state":"RAJASTHAN","district":"CHITTAURGARH","block":"BEGUN","indicator":"no_girls_toilet"}},{"type":"Feature","geometry":{"type":"Point","coordinates":[74.2988,24.88533]},"properties":{"udise":"08290613401","name":"GOVT.P.S. BHIL BASTI","state":"RAJASTHAN","district":"CHITTAURGARH","block":"KAPASAN","indicator":"no_girls_toilet"}},{"type":"Feature","geometry":{"type":"Point","coordinates":[74.64246,24.85941]},"properties":{"udise":"08290525016","name":"GOVT. MOR MAGARI G.N. COR","state":"RAJASTHAN","district":"CHITTAURGARH","block":"CHITTORGARH","indicator":"no_girls_toilet"}},{"type":"Feature","geometry":{"type":"Point","coordinates":[74.6058,24.95685]},"properties":{"udise":"08290521401","name":"G.U.P.S. CHOGAVADI","state":"RAJASTHAN","district":"CHITTAURGARH","block":"CHITTORGARH","indicator":"no_girls_toilet"}},{"type":"Feature","geometry":{"type":"Point","coordinates":[74.23111,24.83083]},"properties":{"udise":"08290707001","name":"GOVT.P.S. TANDA","state":"RAJASTHAN","district":"CHITTAURGARH","block":"BHOPAL SAGAR","indicator":"no_girls_toilet"}},{"type":"Feature","geometry":{"type":"Point","coordinates":[74.61458,24.91224]},"properties":{"udise":"08290518102","name":"JAWAHAR PUBLIC SR. SEC. SCHOOL BODIYANA","state":"RAJASTHAN","district":"CHITTAURGARH","block":"CHITTORGARH","indicator":"no_girls_toilet"}},{"type":"Feature","geometry":{"type":"Point","coordinates":[74.63519,24.8842]},"properties":{"udise":"08290525005","name":"MAHATMA GANDHI GOVT. SCHOOL PREM NAGAR","state":"RAJASTHAN","district":"CHITTAURGARH","block":"CHITTORGARH","indicator":"no_girls_toilet"}},{"type":"Feature","geometry":{"type":"Point","coordinates":[74.36288,24.71459]},"properties":{"udise":"08290908412","name":"MAHATMA GANDHI  GOVT SCHOOL BHADSORA","state":"RAJASTHAN","district":"CHITTAURGARH","block":"BHADESAR","indicator":"no_girls_toilet"}},{"type":"Feature","geometry":{"type":"Point","coordinates":[74.32052,24.86133]},"properties":{"udise":"08290615308","name":"GOVT UPS S GUJRIYA KHERA","state":"RAJASTHAN","district":"CHITTAURGARH","block":"KAPASAN","indicator":"no_girls_toilet"}},{"type":"Feature","geometry":{"type":"Point","coordinates":[74.44694,25.1032]},"properties":{"udise":"08290104502","name":"SANWARIA KIDS ACADEMY PS JALAMPURA","state":"RAJASTHAN","district":"CHITTAURGARH","block":"RASHMI","indicator":"no_girls_toilet"}},{"type":"Feature","geometry":{"type":"Point","coordinates":[74.60819,24.88672]},"properties":{"udise":"08290525716","name":"SHREE GURUKUL CHITTORGARH","state":"RAJASTHAN","district":"CHITTAURGARH","block":"CHITTORGARH","indicator":"no_girls_toilet"}},{"type":"Feature","geometry":{"type":"Point","coordinates":[74.37868,24.56373]},"properties":{"udise":"08290805801","name":"GOVT. PRIMARY SCHOOL JETPURA 421813","state":"RAJASTHAN","district":"CHITTAURGARH","block":"DUNGLA","indicator":"no_girls_toilet"}},{"type":"Feature","geometry":{"type":"Point","coordinates":[74.24631,24.96289]},"properties":{"udise":"08290701702","name":"GUPS Bhagwanpura","state":"RAJASTHAN","district":"CHITTAURGARH","block":"BHOPAL SAGAR","indicator":"no_girls_toilet"}},{"type":"Feature","geometry":{"type":"Point","coordinates":[74.82689,25.14401]},"properties":{"udise":"08290302001","name":"G.P.S. LIRDI","state":"RAJASTHAN","district":"CHITTAURGARH","block":"BEGUN","indicator":"no_girls_toilet"}},{"type":"Feature","geometry":{"type":"Point","coordinates":[74.74378,24.86752]},"properties":{"udise":"08290507601","name":"G.P.S BHIMPURIYA","state":"RAJASTHAN","district":"CHITTAURGARH","block":"CHITTORGARH","indicator":"no_girls_toilet"}},{"type":"Feature","geometry":{"type":"Point","coordinates":[74.45167,24.40933]},"properties":{"udise":"08291213901","name":"G.P.S JATO KA KHEDA","state":"RAJASTHAN","district":"CHITTAURGARH","block":"BADI SADRI","indicator":"no_girls_toilet"}},{"type":"Feature","geometry":{"type":"Point","coordinates":[75.07308,25.03393]},"properties":{"udise":"08290309102","name":"GOVT GIRLS SRE.SEC. SCHOOL  THUKRAI","state":"RAJASTHAN","district":"CHITTAURGARH","block":"BEGUN","indicator":"no_girls_toilet"}},{"type":"Feature","geometry":{"type":"Point","coordinates":[74.62077,24.99541]},"properties":{"udise":"08290206303","name":"GOVT.P.S GANESGHPURA","state":"RAJASTHAN","district":"CHITTAURGARH","block":"GANGRAR","indicator":"no_girls_toilet"}},{"type":"Feature","geometry":{"type":"Point","coordinates":[74.62371,24.93819]},"properties":{"udise":"08290526609","name":"MAHAVIR VIDHYA MANDIR SEC. SCHOOL CHANDERIYA","state":"RAJASTHAN","district":"CHITTAURGARH","block":"CHITTORGARH","indicator":"no_girls_toilet"}},{"type":"Feature","geometry":{"type":"Point","coordinates":[74.50222,24.47951]},"properties":{"udise":"08291202006","name":"GOVT. PRIMARY SCHOOL SONIGRO KA KHEDA","state":"RAJASTHAN","district":"CHITTAURGARH","block":"BADI SADRI","indicator":"no_girls_toilet"}},{"type":"Feature","geometry":{"type":"Point","coordinates":[75.49827,25.01431]},"properties":{"udise":"08290403101","name":"G.P.S. NASERA","state":"RAJASTHAN","district":"CHITTAURGARH","block":"BHAINSROADGARH","indicator":"no_girls_toilet"}},{"type":"Feature","geometry":{"type":"Point","coordinates":[74.62575,25.06455]},"properties":{"udise":"08290212608","name":"GOVT.U.P.S.SANSKRIT STATION GANGRAR","state":"RAJASTHAN","district":"CHITTAURGARH","block":"GANGRAR","indicator":"no_girls_toilet"}},{"type":"Feature","geometry":{"type":"Point","coordinates":[74.97788,24.95636]},"properties":{"udise":"08290306401","name":"GOVT.SR.SEC.SCH. MEGHPURA","state":"RAJASTHAN","district":"CHITTAURGARH","block":"BEGUN","indicator":"no_girls_toilet"}},{"type":"Feature","geometry":{"type":"Point","coordinates":[74.53783,24.75485]},"properties":{"udise":"08290908509","name":"SEEDLING PUB. SCHOOL KANNOJ","state":"RAJASTHAN","district":"CHITTAURGARH","block":"BHADESAR","indicator":"no_girls_toilet"}},{"type":"Feature","geometry":{"type":"Point","coordinates":[74.54665,24.59358]},"properties":{"udise":"08290902501","name":"GOVT. P.S. VANI","state":"RAJASTHAN","district":"CHITTAURGARH","block":"BHADESAR","indicator":"no_girls_toilet"}},{"type":"Feature","geometry":{"type":"Point","coordinates":[74.61057,25.05332]},"properties":{"udise":"08290212643","name":"SHEKHAWTI AIM ACADEMY GANGRAR","state":"RAJASTHAN","district":"CHITTAURGARH","block":"GANGRAR","indicator":"no_girls_toilet"}},{"type":"Feature","geometry":{"type":"Point","coordinates":[74.29368,24.93675]},"properties":{"udise":"08290600502","name":"GOVT .P.S DOVNI KA KHERA","state":"RAJASTHAN","district":"CHITTAURGARH","block":"KAPASAN","indicator":"no_girls_toilet"}},{"type":"Feature","geometry":{"type":"Point","coordinates":[74.71931,24.88139]},"properties":{"udise":"08290507001","name":"G.U.P.S. PACHUDAL","state":"RAJASTHAN","district":"CHITTAURGARH","block":"CHITTORGARH","indicator":"no_girls_toilet"}},{"type":"Feature","geometry":{"type":"Point","coordinates":[74.50867,24.40906]},"properties":{"udise":"08291210001","name":"GOVT. PRIMARY SCHOOL SULTANPURA 437166","state":"RAJASTHAN","district":"CHITTAURGARH","block":"BADI SADRI","indicator":"no_girls_toilet"}},{"type":"Feature","geometry":{"type":"Point","coordinates":[74.42663,24.88838]},"properties":{"udise":"08290607701","name":"GOVT.P.S. DOUL JI KA KHERA","state":"RAJASTHAN","district":"CHITTAURGARH","block":"KAPASAN","indicator":"no_girls_toilet"}},{"type":"Feature","geometry":{"type":"Point","coordinates":[74.67901,24.9128]},"properties":{"udise":"08290502704","name":"BHARAT VIDHYA NIKETAN U.P.S SEMALPURA","state":"RAJASTHAN","district":"CHITTAURGARH","block":"CHITTORGARH","indicator":"no_girls_toilet"}},{"type":"Feature","geometry":{"type":"Point","coordinates":[74.29541,24.91614]},"properties":{"udise":"08290600701","name":"GOVT.P.S. VINODA KA KHERA","state":"RAJASTHAN","district":"CHITTAURGARH","block":"KAPASAN","indicator":"no_girls_toilet"}},{"type":"Feature","geometry":{"type":"Point","coordinates":[74.62115,25.06066]},"properties":{"udise":"08290212602","name":"GOVT. GIRLS SENIOR SECONDARY SCHOOL STATION GANGRAR","state":"RAJASTHAN","district":"CHITTAURGARH","block":"GANGRAR","indicator":"no_girls_toilet"}},{"type":"Feature","geometry":{"type":"Point","coordinates":[74.43509,24.59568]},"properties":{"udise":"08290910501","name":"GOVT. P.S. JOGANKHERI","state":"RAJASTHAN","district":"CHITTAURGARH","block":"BHADESAR","indicator":"no_girls_toilet"}},{"type":"Feature","geometry":{"type":"Point","coordinates":[74.53171,24.81644]},"properties":{"udise":"08290906101","name":"GOVT. P.S. BHUWAI COLENY","state":"RAJASTHAN","district":"CHITTAURGARH","block":"BHADESAR","indicator":"no_girls_toilet"}},{"type":"Feature","geometry":{"type":"Point","coordinates":[74.78802,24.76043]},"properties":{"udise":"08290505701","name":"G.P.S BIHARIPURA","state":"RAJASTHAN","district":"CHITTAURGARH","block":"CHITTORGARH","indicator":"no_girls_toilet"}},{"type":"Feature","geometry":{"type":"Point","coordinates":[74.29029,24.68273]},"properties":{"udise":"08290800101","name":"GOVT. SENIOR SECONDARY SCHOOL SANGESARA 224262","state":"RAJASTHAN","district":"CHITTAURGARH","block":"DUNGLA","indicator":"no_girls_toilet"}},{"type":"Feature","geometry":{"type":"Point","coordinates":[74.6113,25.05032]},"properties":{"udise":"08290212606","name":"GOVT U..P.SANSKRIT.VILLAGE GANGRAR","state":"RAJASTHAN","district":"CHITTAURGARH","block":"GANGRAR","indicator":"no_girls_toilet"}},{"type":"Feature","geometry":{"type":"Point","coordinates":[74.5072,24.99537]},"properties":{"udise":"08290209202","name":"GYAN PUBLIC SCHOOL BHATVADA KHURAD","state":"RAJASTHAN","district":"CHITTAURGARH","block":"GANGRAR","indicator":"no_girls_toilet"}},{"type":"Feature","geometry":{"type":"Point","coordinates":[75.22234,24.75765]},"properties":{"udise":"08290416401","name":"G.P.S. KHADAMA","state":"RAJASTHAN","district":"CHITTAURGARH","block":"BHAINSROADGARH","indicator":"no_girls_toilet"}},{"type":"Feature","geometry":{"type":"Point","coordinates":[75.32844,24.9958]},"properties":{"udise":"08290400201","name":"G.P.S. PIPALDA","state":"RAJASTHAN","district":"CHITTAURGARH","block":"BHAINSROADGARH","indicator":"no_girls_toilet"}},{"type":"Feature","geometry":{"type":"Point","coordinates":[74.32133,24.68179]},"properties":{"udise":"08290800501","name":"GOVT. PRIMARY SCHOOL ARNIYA 501612","state":"RAJASTHAN","district":"CHITTAURGARH","block":"DUNGLA","indicator":"no_girls_toilet"}},{"type":"Feature","geometry":{"type":"Point","coordinates":[74.26478,24.81148]},"properties":{"udise":"08290704407","name":"SHRINATH PU. SCHOOL BABRANA","state":"RAJASTHAN","district":"CHITTAURGARH","block":"BHOPAL SAGAR","indicator":"no_girls_toilet"}},{"type":"Feature","geometry":{"type":"Point","coordinates":[74.30895,24.87289]},"properties":{"udise":"08290613105","name":"G N ACADEMY UPS WARS 5 KAPASAN","state":"RAJASTHAN","district":"CHITTAURGARH","block":"KAPASAN","indicator":"no_girls_toilet"}},{"type":"Feature","geometry":{"type":"Point","coordinates":[74.33292,24.67855]},"properties":{"udise":"08290900105","name":"SANSKAR PUBLIC SCHOOL NAPANIYA","state":"RAJASTHAN","district":"CHITTAURGARH","block":"BHADESAR","indicator":"no_girls_toilet"}},{"type":"Feature","geometry":{"type":"Point","coordinates":[74.49646,24.49531]},"properties":{"udise":"08291212202","name":"GYAN CHETNA MANDIR UPS PIND","state":"RAJASTHAN","district":"CHITTAURGARH","block":"BADI SADRI","indicator":"no_girls_toilet"}},{"type":"Feature","geometry":{"type":"Point","coordinates":[74.90393,25.08863]},"properties":{"udise":"08290310601","name":"G.P.S. FATEHPUR","state":"RAJASTHAN","district":"CHITTAURGARH","block":"BEGUN","indicator":"no_girls_toilet"}},{"type":"Feature","geometry":{"type":"Point","coordinates":[74.37929,25.09691]},"properties":{"udise":"08290103903","name":"GOVT. PS KALBELIYA BASTI SOMI","state":"RAJASTHAN","district":"CHITTAURGARH","block":"RASHMI","indicator":"no_girls_toilet"}},{"type":"Feature","geometry":{"type":"Point","coordinates":[74.52042,24.68099]},"properties":{"udise":"08290912701","name":"GOVT. PRIMARY SCHOOL GULABJI KA GUDHA","state":"RAJASTHAN","district":"CHITTAURGARH","block":"BHADESAR","indicator":"no_girls_toilet"}},{"type":"Feature","geometry":{"type":"Point","coordinates":[74.53573,24.65709]},"properties":{"udise":"08290911901","name":"GOVT. U.P.S. BHAVNATH KI KHERI","state":"RAJASTHAN","district":"CHITTAURGARH","block":"BHADESAR","indicator":"no_girls_toilet"}},{"type":"Feature","geometry":{"type":"Point","coordinates":[75.0779,24.95853]},"properties":{"udise":"08290312904","name":"KGBV CHECHI","state":"RAJASTHAN","district":"CHITTAURGARH","block":"BEGUN","indicator":"no_girls_toilet"}},{"type":"Feature","geometry":{"type":"Point","coordinates":[74.46209,24.72126]},"properties":{"udise":"08290908201","name":"GOVT. P.S. LAXMI PURA","state":"RAJASTHAN","district":"CHITTAURGARH","block":"BHADESAR","indicator":"no_girls_toilet"}},{"type":"Feature","geometry":{"type":"Point","coordinates":[74.56822,24.52733]},"properties":{"udise":"08291011801","name":"GOVT. SR. SEC. SCHOOL BINOTA","state":"RAJASTHAN","district":"CHITTAURGARH","block":"NIMBAHERA","indicator":"girls_toilet_nonfunctional"}},{"type":"Feature","geometry":{"type":"Point","coordinates":[74.41771,25.07429]},"properties":{"udise":"08290104105","name":"VIVKANAND VIDHYA NIKETAN PS MUROLI","state":"RAJASTHAN","district":"CHITTAURGARH","block":"RASHMI","indicator":"girls_toilet_nonfunctional"}},{"type":"Feature","geometry":{"type":"Point","coordinates":[74.83482,25.08915]},"properties":{"udise":"08290303305","name":"G.P.S. RAJPURA","state":"RAJASTHAN","district":"CHITTAURGARH","block":"BEGUN","indicator":"girls_toilet_nonfunctional"}},{"type":"Feature","geometry":{"type":"Point","coordinates":[74.55345,24.9551]},"properties":{"udise":"08290521601","name":"G.P.S. SHIV SINGH KA KHEDA","state":"RAJASTHAN","district":"CHITTAURGARH","block":"CHITTORGARH","indicator":"girls_toilet_nonfunctional"}},{"type":"Feature","geometry":{"type":"Point","coordinates":[74.21435,24.7116]},"properties":{"udise":"08290708401","name":"GOVT.P.S. KABIR KI BHAGAL","state":"RAJASTHAN","district":"CHITTAURGARH","block":"BHOPAL SAGAR","indicator":"girls_toilet_nonfunctional"}},{"type":"Feature","geometry":{"type":"Point","coordinates":[74.5048,24.37335]},"properties":{"udise":"08291209401","name":"GOVT. PRIMARY SCHOOL SABALPURA 437165","state":"RAJASTHAN","district":"CHITTAURGARH","block":"BADI SADRI","indicator":"girls_toilet_nonfunctional"}},{"type":"Feature","geometry":{"type":"Point","coordinates":[74.68425,24.90889]},"properties":{"udise":"08290502804","name":"MATA RANI SHIKSHA SCHOOL GOPAL NAGAR","state":"RAJASTHAN","district":"CHITTAURGARH","block":"CHITTORGARH","indicator":"girls_toilet_nonfunctional"}},{"type":"Feature","geometry":{"type":"Point","coordinates":[74.22053,24.87337]},"properties":{"udise":"08290525602","name":"MAHARSHI DAYANAND U.P.S. PRATAP NAGAR COR","state":"RAJASTHAN","district":"CHITTAURGARH","block":"CHITTORGARH","indicator":"girls_toilet_nonfunctional"}},{"type":"Feature","geometry":{"type":"Point","coordinates":[74.41889,24.82557]},"properties":{"udise":"08290914603","name":"GOVT. G.U.P.S REVLIYA KHURD","state":"RAJASTHAN","district":"CHITTAURGARH","block":"BHADESAR","indicator":"girls_toilet_nonfunctional"}},{"type":"Feature","geometry":{"type":"Point","coordinates":[75.4129,24.97097]},"properties":{"udise":"08290401402","name":"G.P.S. NAYA GOWN","state":"RAJASTHAN","district":"CHITTAURGARH","block":"BHAINSROADGARH","indicator":"girls_toilet_nonfunctional"}},{"type":"Feature","geometry":{"type":"Point","coordinates":[74.52424,24.43664]},"properties":{"udise":"08291208301","name":"GOVT. PRIMARY SCHOOL CHITTODIYA","state":"RAJASTHAN","district":"CHITTAURGARH","block":"BADI SADRI","indicator":"girls_toilet_nonfunctional"}},{"type":"Feature","geometry":{"type":"Point","coordinates":[75.34513,24.96346]},"properties":{"udise":"08290400101","name":"GOVT. SR. SEC. SCHOOL TAMBOLIYA","state":"RAJASTHAN","district":"CHITTAURGARH","block":"BHAINSROADGARH","indicator":"girls_toilet_nonfunctional"}},{"type":"Feature","geometry":{"type":"Point","coordinates":[74.24886,24.48524]},"properties":{"udise":"08290806004","name":"GOVT. PRIMARY SCHOOL DANI CHOUTRA 421834","state":"RAJASTHAN","district":"CHITTAURGARH","block":"DUNGLA","indicator":"girls_toilet_nonfunctional"}},{"type":"Feature","geometry":{"type":"Point","coordinates":[74.58423,24.93311]},"properties":{"udise":"08290521101","name":"G.P.S DAULATPURA","state":"RAJASTHAN","district":"CHITTAURGARH","block":"CHITTORGARH","indicator":"girls_toilet_nonfunctional"}},{"type":"Feature","geometry":{"type":"Point","coordinates":[74.26967,24.831]},"properties":{"udise":"08290704406","name":"GOVT.P.S. KALBELIYA BASTI","state":"RAJASTHAN","district":"CHITTAURGARH","block":"BHOPAL SAGAR","indicator":"girls_toilet_nonfunctional"}},{"type":"Feature","geometry":{"type":"Point","coordinates":[74.66137,24.59764]},"properties":{"udise":"08291012807","name":"MARUDHARA BAL V M RANIKHEDA","state":"RAJASTHAN","district":"CHITTAURGARH","block":"NIMBAHERA","indicator":"girls_toilet_nonfunctional"}},{"type":"Feature","geometry":{"type":"Point","coordinates":[74.68986,24.97507]},"properties":{"udise":"08290502301","name":"GOVT.SR.SEC. SCHOOL  NAGARI","state":"RAJASTHAN","district":"CHITTAURGARH","block":"CHITTORGARH","indicator":"girls_toilet_nonfunctional"}},{"type":"Feature","geometry":{"type":"Point","coordinates":[74.4521,24.93219]},"properties":{"udise":"08290606905","name":"GAYTRI VIDYA NIKETAN SINGHPUR","state":"RAJASTHAN","district":"CHITTAURGARH","block":"KAPASAN","indicator":"girls_toilet_nonfunctional"}},{"type":"Feature","geometry":{"type":"Point","coordinates":[74.62491,24.93679]},"properties":{"udise":"08290526501","name":"SAWARIYA BAHUADASIYA SCHOOL CHANDERIYA","state":"RAJASTHAN","district":"CHITTAURGARH","block":"CHITTORGARH","indicator":"girls_toilet_nonfunctional"}},{"type":"Feature","geometry":{"type":"Point","coordinates":[74.12598,24.83572]},"properties":{"udise":"08290702804","name":"GOVT.P.S. AAJADPURA","state":"RAJASTHAN","district":"CHITTAURGARH","block":"BHOPAL SAGAR","indicator":"girls_toilet_nonfunctional"}},{"type":"Feature","geometry":{"type":"Point","coordinates":[74.55108,24.48795]},"properties":{"udise":"08291213001","name":"G.U.P.S SROD","state":"RAJASTHAN","district":"CHITTAURGARH","block":"BADI SADRI","indicator":"girls_toilet_nonfunctional"}},{"type":"Feature","geometry":{"type":"Point","coordinates":[74.65547,24.81154]},"properties":{"udise":"08290512801","name":"G.U.P.S. KHOR","state":"RAJASTHAN","district":"CHITTAURGARH","block":"CHITTORGARH","indicator":"girls_toilet_nonfunctional"}},{"type":"Feature","geometry":{"type":"Point","coordinates":[74.19793,24.75723]},"properties":{"udise":"08290703809","name":"CYBER PUBLIC SEC. SCHOOL  AKOLA","state":"RAJASTHAN","district":"CHITTAURGARH","block":"BHOPAL SAGAR","indicator":"girls_toilet_nonfunctional"}},{"type":"Feature","geometry":{"type":"Point","coordinates":[74.49003,25.0844]},"properties":{"udise":"08290102202","name":"GOVT. GIRLS SENIOR SECONDARY SCHOOL BAVLAS","state":"RAJASTHAN","district":"CHITTAURGARH","block":"RASHMI","indicator":"girls_toilet_nonfunctional"}},{"type":"Feature","geometry":{"type":"Point","coordinates":[74.62326,24.8924]},"properties":{"udise":"08290500501","name":"G.U.P.S. SIYALIYA","state":"RAJASTHAN","district":"CHITTAURGARH","block":"CHITTORGARH","indicator":"girls_toilet_nonfunctional"}},{"type":"Feature","geometry":{"type":"Point","coordinates":[74.47397,24.41482]},"properties":{"udise":"08291218303","name":"VIVEKANAND ACADEMY UPPER PRIMARY BARISADRI","state":"RAJASTHAN","district":"CHITTAURGARH","block":"BADI SADRI","indicator":"girls_toilet_nonfunctional"}},{"type":"Feature","geometry":{"type":"Point","coordinates":[74.31625,24.72329]},"properties":{"udise":"08290901504","name":"BHASKAR PUBLIC SCHOOL KUTHAN","state":"RAJASTHAN","district":"CHITTAURGARH","block":"BHADESAR","indicator":"girls_toilet_nonfunctional"}},{"type":"Feature","geometry":{"type":"Point","coordinates":[74.19781,24.75561]},"properties":{"udise":"08290703807","name":"SHISHU SIKSHA NIKETAN AAKOLA","state":"RAJASTHAN","district":"CHITTAURGARH","block":"BHOPAL SAGAR","indicator":"girls_toilet_nonfunctional"}},{"type":"Feature","geometry":{"type":"Point","coordinates":[74.22771,24.94529]},"properties":{"udise":"08290701612","name":"UTKARSH VIDHYA MANDIR UPS JASHMA","state":"RAJASTHAN","district":"CHITTAURGARH","block":"BHOPAL SAGAR","indicator":"girls_toilet_nonfunctional"}},{"type":"Feature","geometry":{"type":"Point","coordinates":[74.65943,24.60886]},"properties":{"udise":"08291013202","name":"AMAN VIDHYA VIHAR SAKARIYA","state":"RAJASTHAN","district":"CHITTAURGARH","block":"NIMBAHERA","indicator":"girls_toilet_nonfunctional"}},{"type":"Feature","geometry":{"type":"Point","coordinates":[75.00612,24.98757]},"properties":{"udise":"08290312401","name":"G.U.P.S. DHANORA","state":"RAJASTHAN","district":"CHITTAURGARH","block":"BEGUN","indicator":"girls_toilet_nonfunctional"}},{"type":"Feature","geometry":{"type":"Point","coordinates":[74.80842,24.86522]},"properties":{"udise":"08290510501","name":"G.U.P.S DAULATPURA","state":"RAJASTHAN","district":"CHITTAURGARH","block":"CHITTORGARH","indicator":"girls_toilet_nonfunctional"}},{"type":"Feature","geometry":{"type":"Point","coordinates":[75.58873,24.93312]},"properties":{"udise":"08290423501","name":"MADARSA G.N.S. RAWATBHATA","state":"RAJASTHAN","district":"CHITTAURGARH","block":"BHAINSROADGARH","indicator":"girls_toilet_nonfunctional"}},{"type":"Feature","geometry":{"type":"Point","coordinates":[74.19583,24.74648]},"properties":{"udise":"08290703811","name":"GOVT.P.S. MATSYA TALAB","state":"RAJASTHAN","district":"CHITTAURGARH","block":"BHOPAL SAGAR","indicator":"girls_toilet_nonfunctional"}},{"type":"Feature","geometry":{"type":"Point","coordinates":[74.15557,24.76429]},"properties":{"udise":"08290705703","name":"BAL VIDHA MANDIR CHORWARI","state":"RAJASTHAN","district":"CHITTAURGARH","block":"BHOPAL SAGAR","indicator":"girls_toilet_nonfunctional"}},{"type":"Feature","geometry":{"type":"Point","coordinates":[74.37039,24.41765]},"properties":{"udise":"08290809203","name":"GOVT. PRIMARY SCHOOL MAHUDIKHEDA 502731","state":"RAJASTHAN","district":"CHITTAURGARH","block":"DUNGLA","indicator":"girls_toilet_nonfunctional"}},{"type":"Feature","geometry":{"type":"Point","coordinates":[74.70282,24.96452]},"properties":{"udise":"08290502312","name":"G.P.SHOKAMPURA","state":"RAJASTHAN","district":"CHITTAURGARH","block":"CHITTORGARH","indicator":"girls_toilet_nonfunctional"}},{"type":"Feature","geometry":{"type":"Point","coordinates":[74.48381,25.0001]},"properties":{"udise":"08290108801","name":"GOVT. UPS BHATT KHERI","state":"RAJASTHAN","district":"CHITTAURGARH","block":"RASHMI","indicator":"girls_toilet_nonfunctional"}},{"type":"Feature","geometry":{"type":"Point","coordinates":[75.02374,24.98704]},"properties":{"udise":"08290325901","name":"G.U.P.S. SULIMANGRA","state":"RAJASTHAN","district":"CHITTAURGARH","block":"BEGUN","indicator":"girls_toilet_nonfunctional"}},{"type":"Feature","geometry":{"type":"Point","coordinates":[74.58416,24.59875]},"properties":{"udise":"08291008506","name":"SHRI KARNI ACADAMEY  DHORIYA","state":"RAJASTHAN","district":"CHITTAURGARH","block":"NIMBAHERA","indicator":"girls_toilet_nonfunctional"}},{"type":"Feature","geometry":{"type":"Point","coordinates":[74.19087,24.81076]},"properties":{"udise":"08290703102","name":"GOVT.P.S. BALANO KA KHEDA","state":"RAJASTHAN","district":"CHITTAURGARH","block":"BHOPAL SAGAR","indicator":"girls_toilet_nonfunctional"}},{"type":"Feature","geometry":{"type":"Point","coordinates":[74.63568,24.87439]},"properties":{"udise":"08290525003","name":"Aravali Science Academy Sr. Sec. School Kumbhanagar Chittorgarh","state":"RAJASTHAN","district":"CHITTAURGARH","block":"CHITTORGARH","indicator":"girls_toilet_nonfunctional"}},{"type":"Feature","geometry":{"type":"Point","coordinates":[74.63739,24.89026]},"properties":{"udise":"08290524308","name":"MADRSA KADRIA ANWARUL ISLAM SEWA SANSTHAN","state":"RAJASTHAN","district":"CHITTAURGARH","block":"CHITTORGARH","indicator":"girls_toilet_nonfunctional"}},{"type":"Feature","geometry":{"type":"Point","coordinates":[74.25691,24.74542]},"properties":{"udise":"08290608903","name":"GOVT SR SEC SCHOOL CHAKUDA","state":"RAJASTHAN","district":"CHITTAURGARH","block":"KAPASAN","indicator":"girls_toilet_nonfunctional"}},{"type":"Feature","geometry":{"type":"Point","coordinates":[74.49648,24.49532]},"properties":{"udise":"08291212204","name":"GEETANJALI PUBLIC PS PIND","state":"RAJASTHAN","district":"CHITTAURGARH","block":"BADI SADRI","indicator":"girls_toilet_nonfunctional"}},{"type":"Feature","geometry":{"type":"Point","coordinates":[74.51175,24.79749]},"properties":{"udise":"08290906601","name":"GOVT. P.S. SARLAI","state":"RAJASTHAN","district":"CHITTAURGARH","block":"BHADESAR","indicator":"girls_toilet_nonfunctional"}},{"type":"Feature","geometry":{"type":"Point","coordinates":[74.57903,24.65499]},"properties":{"udise":"08291008203","name":"SARVODAYA SEC. SCHOOL LASDAWAN","state":"RAJASTHAN","district":"CHITTAURGARH","block":"NIMBAHERA","indicator":"girls_toilet_nonfunctional"}},{"type":"Feature","geometry":{"type":"Point","coordinates":[74.8251,24.93826]},"properties":{"udise":"08290509201","name":"GOVT.P.S.GHAROL","state":"RAJASTHAN","district":"CHITTAURGARH","block":"CHITTORGARH","indicator":"girls_toilet_nonfunctional"}},{"type":"Feature","geometry":{"type":"Point","coordinates":[74.39349,24.38847]},"properties":{"udise":"08291210908","name":"SHARDA VIDHYA MANDIR UPS BOHEDA","state":"RAJASTHAN","district":"CHITTAURGARH","block":"BADI SADRI","indicator":"girls_toilet_nonfunctional"}},{"type":"Feature","geometry":{"type":"Point","coordinates":[74.33111,24.50873]},"properties":{"udise":"08290803704","name":"GOVT. PRIMARY SCHOOL DOONGLA (406048)","state":"RAJASTHAN","district":"CHITTAURGARH","block":"DUNGLA","indicator":"girls_toilet_nonfunctional"}},{"type":"Feature","geometry":{"type":"Point","coordinates":[74.46891,24.41175]},"properties":{"udise":"08291217301","name":"JAI SHREE ALOK  UPS BADISADRI","state":"RAJASTHAN","district":"CHITTAURGARH","block":"BADI SADRI","indicator":"girls_toilet_nonfunctional"}},{"type":"Feature","geometry":{"type":"Point","coordinates":[74.19777,24.75637]},"properties":{"udise":"08290703823","name":"CYBER  ACADEMY SECONDARY SCHOOL  AKOLA","state":"RAJASTHAN","district":"CHITTAURGARH","block":"BHOPAL SAGAR","indicator":"girls_toilet_nonfunctional"}},{"type":"Feature","geometry":{"type":"Point","coordinates":[74.46611,24.39549]},"properties":{"udise":"08291203701","name":"G.P.S. PULAMGRA","state":"RAJASTHAN","district":"CHITTAURGARH","block":"BADI SADRI","indicator":"girls_toilet_nonfunctional"}},{"type":"Feature","geometry":{"type":"Point","coordinates":[74.74151,25.03954]},"properties":{"udise":"08290501802","name":"G.P.S. BHOIYA KI JHOPADI GOSUNDI","state":"RAJASTHAN","district":"CHITTAURGARH","block":"CHITTORGARH","indicator":"girls_toilet_nonfunctional"}},{"type":"Feature","geometry":{"type":"Point","coordinates":[74.35441,24.46692]},"properties":{"udise":"08290807202","name":"GOVT. PRIMARY SCHOOL NAI ABADI FALASIYA 461826","state":"RAJASTHAN","district":"CHITTAURGARH","block":"DUNGLA","indicator":"girls_toilet_nonfunctional"}},{"type":"Feature","geometry":{"type":"Point","coordinates":[74.73152,24.9247]},"properties":{"udise":"08290507801","name":"G.P.S.GALIYA MAL","state":"RAJASTHAN","district":"CHITTAURGARH","block":"CHITTORGARH","indicator":"girls_toilet_nonfunctional"}},{"type":"Feature","geometry":{"type":"Point","coordinates":[74.81927,24.97653]},"properties":{"udise":"08290508802","name":"GOVT.P.S. SURAJ SINGH KA KHEDA","state":"RAJASTHAN","district":"CHITTAURGARH","block":"CHITTORGARH","indicator":"girls_toilet_nonfunctional"}},{"type":"Feature","geometry":{"type":"Point","coordinates":[74.82393,24.96884]},"properties":{"udise":"08290509001","name":"GOVT. SR. SEC. SCHOOL FUSRIYA","state":"RAJASTHAN","district":"CHITTAURGARH","block":"CHITTORGARH","indicator":"girls_toilet_nonfunctional"}},{"type":"Feature","geometry":{"type":"Point","coordinates":[74.46549,24.95984]},"properties":{"udise":"08290606801","name":"GOVT .U.P.S. BANWARKIYA","state":"RAJASTHAN","district":"CHITTAURGARH","block":"KAPASAN","indicator":"girls_toilet_nonfunctional"}},{"type":"Feature","geometry":{"type":"Point","coordinates":[74.50612,24.38232]},"properties":{"udise":"08291209701","name":"GOVT.PRIMARY SCHOOL RATITALAI 437168","state":"RAJASTHAN","district":"CHITTAURGARH","block":"BADI SADRI","indicator":"girls_toilet_nonfunctional"}},{"type":"Feature","geometry":{"type":"Point","coordinates":[74.16612,24.88121]},"properties":{"udise":"08290702501","name":"GOVT.P.S. JAJRO KA KHEDA","state":"RAJASTHAN","district":"CHITTAURGARH","block":"BHOPAL SAGAR","indicator":"girls_toilet_nonfunctional"}},{"type":"Feature","geometry":{"type":"Point","coordinates":[74.36611,25.1364]},"properties":{"udise":"08290100206","name":"Privet OM SHRI GURUKUL UPS REWARA","state":"RAJASTHAN","district":"CHITTAURGARH","block":"RASHMI","indicator":"girls_toilet_nonfunctional"}},{"type":"Feature","geometry":{"type":"Point","coordinates":[74.71485,25.11881]},"properties":{"udise":"08290201501","name":"GOVT.P.S KHEDLI","state":"RAJASTHAN","district":"CHITTAURGARH","block":"GANGRAR","indicator":"girls_toilet_nonfunctional"}},{"type":"Feature","geometry":{"type":"Point","coordinates":[74.39553,25.0183]},"properties":{"udise":"08290108204","name":"GOVT. PS GUJRIAYA KHARA","state":"RAJASTHAN","district":"CHITTAURGARH","block":"RASHMI","indicator":"girls_toilet_nonfunctional"}},{"type":"Feature","geometry":{"type":"Point","coordinates":[74.25435,24.64258]},"properties":{"udise":"08290803712","name":"SHIVAM VIDHYA NIKETAN U.P.S. DOONGLA","state":"RAJASTHAN","district":"CHITTAURGARH","block":"DUNGLA","indicator":"girls_toilet_nonfunctional"}},{"type":"Feature","geometry":{"type":"Point","coordinates":[74.60945,25.00557]},"properties":{"udise":"08290201209","name":"M.P.P SCHOOL MANDPIYA","state":"RAJASTHAN","district":"CHITTAURGARH","block":"GANGRAR","indicator":"girls_toilet_nonfunctional"}},{"type":"Feature","geometry":{"type":"Point","coordinates":[74.66509,24.69506]},"properties":{"udise":"08291006504","name":"SHRINATH  PUBLIC SCHOOL MANGROL","state":"RAJASTHAN","district":"CHITTAURGARH","block":"NIMBAHERA","indicator":"girls_toilet_nonfunctional"}},{"type":"Feature","geometry":{"type":"Point","coordinates":[74.98743,24.95854]},"properties":{"udise":"08290306901","name":"G.P.S. BANDE KA RAMNAGER","state":"RAJASTHAN","district":"CHITTAURGARH","block":"BEGUN","indicator":"girls_toilet_nonfunctional"}},{"type":"Feature","geometry":{"type":"Point","coordinates":[74.47174,24.35338]},"properties":{"udise":"08291210801","name":"GOVT.PRIMARY SCHOOL SANGRAMPURA 437147","state":"RAJASTHAN","district":"CHITTAURGARH","block":"BADI SADRI","indicator":"girls_toilet_nonfunctional"}},{"type":"Feature","geometry":{"type":"Point","coordinates":[74.45703,24.77483]},"properties":{"udise":"08290903601","name":"GOVT. PRIMARY SCHOOL JAVANPURA","state":"RAJASTHAN","district":"CHITTAURGARH","block":"BHADESAR","indicator":"girls_toilet_nonfunctional"}},{"type":"Feature","geometry":{"type":"Point","coordinates":[74.74948,25.17682]},"properties":{"udise":"08290608201","name":"GOVT.P.S. DANTOLI","state":"RAJASTHAN","district":"CHITTAURGARH","block":"KAPASAN","indicator":"girls_toilet_nonfunctional"}},{"type":"Feature","geometry":{"type":"Point","coordinates":[74.47331,24.41446]},"properties":{"udise":"08291217901","name":"ADARSH VIDHYA NIKETAN UPPER PRIMARY SCHOOL BARISADRI","state":"RAJASTHAN","district":"CHITTAURGARH","block":"BADI SADRI","indicator":"girls_toilet_nonfunctional"}},{"type":"Feature","geometry":{"type":"Point","coordinates":[74.67229,24.62629]},"properties":{"udise":"08291020001","name":"GAGAN VIDYA VIHAR NIMBAHERA PS","state":"RAJASTHAN","district":"CHITTAURGARH","block":"NIMBAHERA","indicator":"girls_toilet_nonfunctional"}},{"type":"Feature","geometry":{"type":"Point","coordinates":[74.17478,24.98351]},"properties":{"udise":"08290700301","name":"GOVT.P.S. MANOHRI KHEDI","state":"RAJASTHAN","district":"CHITTAURGARH","block":"BHOPAL SAGAR","indicator":"girls_toilet_nonfunctional"}},{"type":"Feature","geometry":{"type":"Point","coordinates":[74.27536,24.79335]},"properties":{"udise":"08290610801","name":"GOVT .U.P.S. DANTA","state":"RAJASTHAN","district":"CHITTAURGARH","block":"KAPASAN","indicator":"girls_toilet_nonfunctional"}},{"type":"Feature","geometry":{"type":"Point","coordinates":[74.70523,24.77505]},"properties":{"udise":"08290504706","name":"SARASWATI SECONDARY SCHOOL GILUND","state":"RAJASTHAN","district":"CHITTAURGARH","block":"CHITTORGARH","indicator":"girls_toilet_nonfunctional"}},{"type":"Feature","geometry":{"type":"Point","coordinates":[74.17592,24.85029]},"properties":{"udise":"08290703401","name":"GOVT.U.P.S. MATUNIYA","state":"RAJASTHAN","district":"CHITTAURGARH","block":"BHOPAL SAGAR","indicator":"girls_toilet_nonfunctional"}},{"type":"Feature","geometry":{"type":"Point","coordinates":[74.44277,24.99405]},"properties":{"udise":"08290108603","name":"GOVT PS MAN SINGH KA KHEDA","state":"RAJASTHAN","district":"CHITTAURGARH","block":"RASHMI","indicator":"girls_toilet_nonfunctional"}},{"type":"Feature","geometry":{"type":"Point","coordinates":[74.51629,24.36502]},"properties":{"udise":"08291209902","name":"GOVT. PRIMARY SCHOOL MAHURI WALA GHAR 505221","state":"RAJASTHAN","district":"CHITTAURGARH","block":"BADI SADRI","indicator":"girls_toilet_nonfunctional"}},{"type":"Feature","geometry":{"type":"Point","coordinates":[74.4605,25.02906]},"properties":{"udise":"08290104904","name":"GOVT. PS GUJREYA KHADA ROOD","state":"RAJASTHAN","district":"CHITTAURGARH","block":"RASHMI","indicator":"girls_toilet_nonfunctional"}},{"type":"Feature","geometry":{"type":"Point","coordinates":[74.59528,24.89104]},"properties":{"udise":"08290518007","name":"UPS SANSKRIT DHANETKALA","state":"RAJASTHAN","district":"CHITTAURGARH","block":"CHITTORGARH","indicator":"girls_toilet_nonfunctional"}},{"type":"Feature","geometry":{"type":"Point","coordinates":[75.07355,24.97438]},"properties":{"udise":"08290312601","name":"G.P.S. KALABAD","state":"RAJASTHAN","district":"CHITTAURGARH","block":"BEGUN","indicator":"girls_toilet_nonfunctional"}},{"type":"Feature","geometry":{"type":"Point","coordinates":[74.51059,24.95705]},"properties":{"udise":"08290520502","name":"GOVT. UPPER PRIMARY SCHOOL CHATARPURA","state":"RAJASTHAN","district":"CHITTAURGARH","block":"CHITTORGARH","indicator":"girls_toilet_nonfunctional"}},{"type":"Feature","geometry":{"type":"Point","coordinates":[74.59417,24.79769]},"properties":{"udise":"08290512901","name":"G.U.P.S MEENO KA KANTHRIYA","state":"RAJASTHAN","district":"CHITTAURGARH","block":"CHITTORGARH","indicator":"girls_toilet_nonfunctional"}},{"type":"Feature","geometry":{"type":"Point","coordinates":[74.61014,25.05722]},"properties":{"udise":"08290212642","name":"SHEKHAWATI ACADEMY GANGRAR","state":"RAJASTHAN","district":"CHITTAURGARH","block":"GANGRAR","indicator":"girls_toilet_nonfunctional"}},{"type":"Feature","geometry":{"type":"Point","coordinates":[74.45144,24.67316]},"properties":{"udise":"08290909104","name":"SHUBHAM VIDHA M. DHANET","state":"RAJASTHAN","district":"CHITTAURGARH","block":"BHADESAR","indicator":"girls_toilet_nonfunctional"}},{"type":"Feature","geometry":{"type":"Point","coordinates":[74.27847,24.55283]},"properties":{"udise":"08290804004","name":"S.P.S.ARNED","state":"RAJASTHAN","district":"CHITTAURGARH","block":"DUNGLA","indicator":"girls_toilet_nonfunctional"}},{"type":"Feature","geometry":{"type":"Point","coordinates":[74.22094,24.69076]},"properties":{"udise":"08290705207","name":"GOVT.P.S. BHIMAKHERA","state":"RAJASTHAN","district":"CHITTAURGARH","block":"BHOPAL SAGAR","indicator":"girls_toilet_nonfunctional"}},{"type":"Feature","geometry":{"type":"Point","coordinates":[74.41684,24.59696]},"properties":{"udise":"08290803610","name":"PRIVET. P.S. STAR CAREER ACADEMY CHIKARDA","state":"RAJASTHAN","district":"CHITTAURGARH","block":"DUNGLA","indicator":"girls_toilet_nonfunctional"}},{"type":"Feature","geometry":{"type":"Point","coordinates":[74.59437,24.56283]},"properties":{"udise":"08291009903","name":"SHRI KARNI U.P.V.M.  MANDLACHARAN","state":"RAJASTHAN","district":"CHITTAURGARH","block":"NIMBAHERA","indicator":"girls_toilet_nonfunctional"}},{"type":"Feature","geometry":{"type":"Point","coordinates":[74.95352,24.76446]},"properties":{"udise":"08291014302","name":"G.P.S. HEERA JI KA KHEDA","state":"RAJASTHAN","district":"CHITTAURGARH","block":"NIMBAHERA","indicator":"girls_toilet_nonfunctional"}},{"type":"Feature","geometry":{"type":"Point","coordinates":[74.35217,25.11433]},"properties":{"udise":"08290102801","name":"GOVT. UPS DEVIPURA","state":"RAJASTHAN","district":"CHITTAURGARH","block":"RASHMI","indicator":"girls_toilet_nonfunctional"}},{"type":"Feature","geometry":{"type":"Point","coordinates":[74.80934,25.12211]},"properties":{"udise":"08290302401","name":"G.U.P.S. AKODIYA","state":"RAJASTHAN","district":"CHITTAURGARH","block":"BEGUN","indicator":"girls_toilet_nonfunctional"}},{"type":"Feature","geometry":{"type":"Point","coordinates":[74.91781,25.10492]},"properties":{"udise":"08290310301","name":"G.P.S. LAXMI PURA","state":"RAJASTHAN","district":"CHITTAURGARH","block":"BEGUN","indicator":"girls_toilet_nonfunctional"}},{"type":"Feature","geometry":{"type":"Point","coordinates":[74.30062,24.61174]},"properties":{"udise":"08290802510","name":"PRIVET ROYAL ACDEMY MANGALWAD","state":"RAJASTHAN","district":"CHITTAURGARH","block":"DUNGLA","indicator":"girls_toilet_nonfunctional"}},{"type":"Feature","geometry":{"type":"Point","coordinates":[74.72773,25.09753]},"properties":{"udise":"08290206901","name":"GOVT.P.S LALUDUDA KA KHERA","state":"RAJASTHAN","district":"CHITTAURGARH","block":"GANGRAR","indicator":"girls_toilet_nonfunctional"}},{"type":"Feature","geometry":{"type":"Point","coordinates":[74.19262,24.92727]},"properties":{"udise":"08290701302","name":"GOVT.P.S. BANJARO KA KHEDA","state":"RAJASTHAN","district":"CHITTAURGARH","block":"BHOPAL SAGAR","indicator":"girls_toilet_nonfunctional"}},{"type":"Feature","geometry":{"type":"Point","coordinates":[74.36343,24.7142]},"properties":{"udise":"08290908414","name":"UJJAWAL BHAVISHYA PUB. SCHOOL BHADSORA","state":"RAJASTHAN","district":"CHITTAURGARH","block":"BHADESAR","indicator":"girls_toilet_nonfunctional"}},{"type":"Feature","geometry":{"type":"Point","coordinates":[74.31612,24.64753]},"properties":{"udise":"08290801601","name":"GOVT. UPPER PRIMARY SCHOOL CHAKTIYA 504984","state":"RAJASTHAN","district":"CHITTAURGARH","block":"DUNGLA","indicator":"girls_toilet_nonfunctional"}},{"type":"Feature","geometry":{"type":"Point","coordinates":[74.30228,24.48146]},"properties":{"udise":"08290808801","name":"GOVT. UPPER PRIMARY SCHOOL SUREDA 483227","state":"RAJASTHAN","district":"CHITTAURGARH","block":"DUNGLA","indicator":"girls_toilet_nonfunctional"}},{"type":"Feature","geometry":{"type":"Point","coordinates":[74.47,24.67962]},"properties":{"udise":"08290908802","name":"NAVDEEP PRIMARY SCHOOL POTLAKALA","state":"RAJASTHAN","district":"CHITTAURGARH","block":"BHADESAR","indicator":"girls_toilet_nonfunctional"}},{"type":"Feature","geometry":{"type":"Point","coordinates":[74.46514,25.04897]},"properties":{"udise":"08290104902","name":"GOVT. GIRLS SIN. SEC. SCHOOL ROOD","state":"RAJASTHAN","district":"CHITTAURGARH","block":"RASHMI","indicator":"girls_toilet_nonfunctional"}},{"type":"Feature","geometry":{"type":"Point","coordinates":[74.74201,24.64639]},"properties":{"udise":"08291002303","name":"G.P.S. DHAWALIYA","state":"RAJASTHAN","district":"CHITTAURGARH","block":"NIMBAHERA","indicator":"girls_toilet_nonfunctional"}},{"type":"Feature","geometry":{"type":"Point","coordinates":[74.44383,24.5042]},"properties":{"udise":"08291215301","name":"G.P.S SUTHAR KHEDA","state":"RAJASTHAN","district":"CHITTAURGARH","block":"BADI SADRI","indicator":"girls_toilet_nonfunctional"}},{"type":"Feature","geometry":{"type":"Point","coordinates":[74.45097,24.51349]},"properties":{"udise":"08291215202","name":"G.P.S. NAI ABADI JANTAI","state":"RAJASTHAN","district":"CHITTAURGARH","block":"BADI SADRI","indicator":"girls_toilet_nonfunctional"}},{"type":"Feature","geometry":{"type":"Point","coordinates":[75.01596,24.98476]},"properties":{"udise":"08290326001","name":"AISHA SIDIKA U.P.S. BEGUN","state":"RAJASTHAN","district":"CHITTAURGARH","block":"BEGUN","indicator":"girls_toilet_nonfunctional"}},{"type":"Feature","geometry":{"type":"Point","coordinates":[74.44938,24.70998]},"properties":{"udise":"08290907701","name":"GOVT. P.S. DEVDA PIPLI","state":"RAJASTHAN","district":"CHITTAURGARH","block":"BHADESAR","indicator":"girls_toilet_nonfunctional"}},{"type":"Feature","geometry":{"type":"Point","coordinates":[74.56587,24.57825]},"properties":{"udise":"08290902101","name":"SARSVATI U.P.S. VIDYA VIHAR KHODIP","state":"RAJASTHAN","district":"CHITTAURGARH","block":"BHADESAR","indicator":"girls_toilet_nonfunctional"}},{"type":"Feature","geometry":{"type":"Point","coordinates":[74.14333,24.8554]},"properties":{"udise":"08290702701","name":"GOVT.P.S. SADIPURA","state":"RAJASTHAN","district":"CHITTAURGARH","block":"BHOPAL SAGAR","indicator":"girls_toilet_nonfunctional"}},{"type":"Feature","geometry":{"type":"Point","coordinates":[74.46553,24.36063]},"properties":{"udise":"08291210105","name":"SHRINATH PUBLIC SCHOOL UPS PARSOLI","state":"RAJASTHAN","district":"CHITTAURGARH","block":"BADI SADRI","indicator":"girls_toilet_nonfunctional"}},{"type":"Feature","geometry":{"type":"Point","coordinates":[74.2037,24.77644]},"properties":{"udise":"08290703804","name":"GOVT.U.P.S. SURTAKHEDA","state":"RAJASTHAN","district":"CHITTAURGARH","block":"BHOPAL SAGAR","indicator":"girls_toilet_nonfunctional"}},{"type":"Feature","geometry":{"type":"Point","coordinates":[74.25561,24.64139]},"properties":{"udise":"08291020802","name":"NEW MORDARN ENGLISH ACADEMY ISHAQPURA","state":"RAJASTHAN","district":"CHITTAURGARH","block":"NIMBAHERA","indicator":"girls_toilet_nonfunctional"}},{"type":"Feature","geometry":{"type":"Point","coordinates":[74.4523,24.81826]},"properties":{"udise":"08290915503","name":"ABHILASHA PUBLIC SHCOOL SONIYANA","state":"RAJASTHAN","district":"CHITTAURGARH","block":"BHADESAR","indicator":"girls_toilet_nonfunctional"}},{"type":"Feature","geometry":{"type":"Point","coordinates":[74.74467,24.62355]},"properties":{"udise":"08291002106","name":"SAI CONVENT PUBLIC SCHOOL GADOLA","state":"RAJASTHAN","district":"CHITTAURGARH","block":"NIMBAHERA","indicator":"girls_toilet_nonfunctional"}},{"type":"Feature","geometry":{"type":"Point","coordinates":[74.32485,24.61862]},"properties":{"udise":"08290804404","name":"GOVT. PRIMARY SCHOOL REGAR BASTI MORWAN 421767","state":"RAJASTHAN","district":"CHITTAURGARH","block":"DUNGLA","indicator":"girls_toilet_nonfunctional"}},{"type":"Feature","geometry":{"type":"Point","coordinates":[74.14317,24.83659]},"properties":{"udise":"08290702808","name":"GORAV V.M. KAKRWA","state":"RAJASTHAN","district":"CHITTAURGARH","block":"BHOPAL SAGAR","indicator":"girls_toilet_nonfunctional"}},{"type":"Feature","geometry":{"type":"Point","coordinates":[74.78414,24.78021]},"properties":{"udise":"08290511301","name":"G.U.P.S. PAMA KHEDA","state":"RAJASTHAN","district":"CHITTAURGARH","block":"CHITTORGARH","indicator":"girls_toilet_nonfunctional"}},{"type":"Feature","geometry":{"type":"Point","coordinates":[74.30427,24.54809]},"properties":{"udise":"08290802705","name":"PARSHWANATH U.P.S.BILODA","state":"RAJASTHAN","district":"CHITTAURGARH","block":"DUNGLA","indicator":"girls_toilet_nonfunctional"}},{"type":"Feature","geometry":{"type":"Point","coordinates":[74.39535,24.66817]},"properties":{"udise":"08290900916","name":"SUN VALLEY PUB. SCHOOL MANDFIYA","state":"RAJASTHAN","district":"CHITTAURGARH","block":"BHADESAR","indicator":"girls_toilet_nonfunctional"}},{"type":"Feature","geometry":{"type":"Point","coordinates":[74.88864,25.05452]},"properties":{"udise":"08290303701","name":"G.P.S. BASOTHA","state":"RAJASTHAN","district":"CHITTAURGARH","block":"BEGUN","indicator":"girls_toilet_nonfunctional"}},{"type":"Feature","geometry":{"type":"Point","coordinates":[74.88285,25.10916]},"properties":{"udise":"08290302904","name":"G.U.P.S.SANSKRIT PARSOLI","state":"RAJASTHAN","district":"CHITTAURGARH","block":"BEGUN","indicator":"girls_toilet_nonfunctional"}},{"type":"Feature","geometry":{"type":"Point","coordinates":[74.72552,24.71197]},"properties":{"udise":"08291003301","name":"GOVT. UPPER PRIMARY SCHOOL KRIPARAM JI KI KHERI","state":"RAJASTHAN","district":"CHITTAURGARH","block":"NIMBAHERA","indicator":"girls_toilet_nonfunctional"}},{"type":"Feature","geometry":{"type":"Point","coordinates":[74.79858,25.10418]},"properties":{"udise":"08290302601","name":"GOVT SENIOR SECONDARY SCHOOL  LUHARIYA","state":"RAJASTHAN","district":"CHITTAURGARH","block":"BEGUN","indicator":"girls_toilet_nonfunctional"}},{"type":"Feature","geometry":{"type":"Point","coordinates":[74.30411,24.63347]},"properties":{"udise":"08290801501","name":"GOVT. PRIMARY SCHOOL PALKHEDI 425775","state":"RAJASTHAN","district":"CHITTAURGARH","block":"DUNGLA","indicator":"girls_toilet_nonfunctional"}},{"type":"Feature","geometry":{"type":"Point","coordinates":[74.31819,25.0412]},"properties":{"udise":"08290103301","name":"GOVT. UPS GURJANIYA","state":"RAJASTHAN","district":"CHITTAURGARH","block":"RASHMI","indicator":"girls_toilet_nonfunctional"}},{"type":"Feature","geometry":{"type":"Point","coordinates":[74.38271,24.58377]},"properties":{"udise":"08290805701","name":"GOVT. PRIMARY SCHOOL JHARSADRI 410157","state":"RAJASTHAN","district":"CHITTAURGARH","block":"DUNGLA","indicator":"girls_toilet_nonfunctional"}},{"type":"Feature","geometry":{"type":"Point","coordinates":[74.60464,25.10852]},"properties":{"udise":"08290204701","name":"GOVT.U.P.S BINDOLIYA","state":"RAJASTHAN","district":"CHITTAURGARH","block":"GANGRAR","indicator":"girls_toilet_nonfunctional"}},{"type":"Feature","geometry":{"type":"Point","coordinates":[74.41102,24.84407]},"properties":{"udise":"08290914602","name":"GOVT. P.S. SHIVPURA","state":"RAJASTHAN","district":"CHITTAURGARH","block":"BHADESAR","indicator":"girls_toilet_nonfunctional"}},{"type":"Feature","geometry":{"type":"Point","coordinates":[74.99609,25.02621]},"properties":{"udise":"08290307701","name":"G.P.S. KHERMALIYA","state":"RAJASTHAN","district":"CHITTAURGARH","block":"BEGUN","indicator":"girls_toilet_nonfunctional"}},{"type":"Feature","geometry":{"type":"Point","coordinates":[74.40147,24.99698]},"properties":{"udise":"08290108001","name":"GOVT. UPS CHATWATI","state":"RAJASTHAN","district":"CHITTAURGARH","block":"RASHMI","indicator":"girls_toilet_nonfunctional"}},{"type":"Feature","geometry":{"type":"Point","coordinates":[74.46018,24.35419]},"properties":{"udise":"08291210701","name":"GOVT.PRIMARY SCHOOL RATHORO KA KHERA 501388","state":"RAJASTHAN","district":"CHITTAURGARH","block":"BADI SADRI","indicator":"girls_toilet_nonfunctional"}},{"type":"Feature","geometry":{"type":"Point","coordinates":[74.56623,24.5284]},"properties":{"udise":"08291011802","name":"MAHATMA GANDHI GOVT. SCHOOL BINOTA","state":"RAJASTHAN","district":"CHITTAURGARH","block":"NIMBAHERA","indicator":"girls_toilet_nonfunctional"}},{"type":"Feature","geometry":{"type":"Point","coordinates":[74.34554,24.58733]},"properties":{"udise":"08290810201","name":"GOVT. PRIMARY SCHOOL DOLATPURA MORVAN 412703","state":"RAJASTHAN","district":"CHITTAURGARH","block":"DUNGLA","indicator":"girls_toilet_nonfunctional"}},{"type":"Feature","geometry":{"type":"Point","coordinates":[74.76539,24.80521]},"properties":{"udise":"08290505301","name":"GOVT.U.P.S. NALDA","state":"RAJASTHAN","district":"CHITTAURGARH","block":"CHITTORGARH","indicator":"girls_toilet_nonfunctional"}},{"type":"Feature","geometry":{"type":"Point","coordinates":[74.35945,24.63616]},"properties":{"udise":"08290519805","name":"JAI SHIV SHAKTI VIDHYA MANDIR UPS NETAWAL MAHARAJ","state":"RAJASTHAN","district":"CHITTAURGARH","block":"CHITTORGARH","indicator":"girls_toilet_nonfunctional"}},{"type":"Feature","geometry":{"type":"Point","coordinates":[74.72041,24.94514]},"properties":{"udise":"08290502803","name":"COSMOS PUBLIC SCHOOL GOPALNAGAR","state":"RAJASTHAN","district":"CHITTAURGARH","block":"CHITTORGARH","indicator":"girls_toilet_nonfunctional"}},{"type":"Feature","geometry":{"type":"Point","coordinates":[74.58544,24.75827]},"properties":{"udise":"08290515106","name":"NOORUL ISLAM SCHOOL SAWA","state":"RAJASTHAN","district":"CHITTAURGARH","block":"CHITTORGARH","indicator":"girls_toilet_nonfunctional"}},{"type":"Feature","geometry":{"type":"Point","coordinates":[74.27984,24.61752]},"properties":{"udise":"08290801104","name":"GOVT. PRIMARY SCHOOL G.P.S. KALBELIYA BASTI 425788","state":"RAJASTHAN","district":"CHITTAURGARH","block":"DUNGLA","indicator":"girls_toilet_nonfunctional"}},{"type":"Feature","geometry":{"type":"Point","coordinates":[74.60896,25.05263]},"properties":{"udise":"08290212630","name":"SHRI SHIDHARTH BAL MANDIR UPS GANGRAR","state":"RAJASTHAN","district":"CHITTAURGARH","block":"GANGRAR","indicator":"girls_toilet_nonfunctional"}},{"type":"Feature","geometry":{"type":"Point","coordinates":[74.84764,25.08387]},"properties":{"udise":"08290303303","name":"AKANSHA VIDHYA MANDIR UPS RAJGARH","state":"RAJASTHAN","district":"CHITTAURGARH","block":"BEGUN","indicator":"girls_toilet_nonfunctional"}},{"type":"Feature","geometry":{"type":"Point","coordinates":[74.79763,24.92855]},"properties":{"udise":"08290509801","name":"GOVT.P.S DEV DUNGARI","state":"RAJASTHAN","district":"CHITTAURGARH","block":"CHITTORGARH","indicator":"girls_toilet_nonfunctional"}},{"type":"Feature","geometry":{"type":"Point","coordinates":[74.56056,24.80583]},"properties":{"udise":"08290517401","name":"G.U.P.S PANCHTOLI","state":"RAJASTHAN","district":"CHITTAURGARH","block":"CHITTORGARH","indicator":"girls_toilet_nonfunctional"}},{"type":"Feature","geometry":{"type":"Point","coordinates":[74.57249,24.53003]},"properties":{"udise":"08291011804","name":"NEW SARSWATI V.V. BINOTA","state":"RAJASTHAN","district":"CHITTAURGARH","block":"NIMBAHERA","indicator":"girls_toilet_nonfunctional"}},{"type":"Feature","geometry":{"type":"Point","coordinates":[74.67066,24.89175]},"properties":{"udise":"08290503601","name":"GOVT. SR. SEC.SCHOOL BHERU SINGH KA KHEDA","state":"RAJASTHAN","district":"CHITTAURGARH","block":"CHITTORGARH","indicator":"girls_toilet_nonfunctional"}},{"type":"Feature","geometry":{"type":"Point","coordinates":[74.42502,24.53731]},"properties":{"udise":"08290806602","name":"GOVT. PRIMARY SCHOOL ZOONPA (421897)","state":"RAJASTHAN","district":"CHITTAURGARH","block":"DUNGLA","indicator":"girls_toilet_nonfunctional"}},{"type":"Feature","geometry":{"type":"Point","coordinates":[74.94556,25.10509]},"properties":{"udise":"08290311102","name":"MAHATMA GANDHI GOVT. SCHOOL  BHICHORE","state":"RAJASTHAN","district":"CHITTAURGARH","block":"BEGUN","indicator":"girls_toilet_nonfunctional"}},{"type":"Feature","geometry":{"type":"Point","coordinates":[74.56105,24.84058]},"properties":{"udise":"08290516301","name":"G.U.P.S. GAGASA","state":"RAJASTHAN","district":"CHITTAURGARH","block":"CHITTORGARH","indicator":"girls_toilet_nonfunctional"}},{"type":"Feature","geometry":{"type":"Point","coordinates":[74.39796,24.87201]},"properties":{"udise":"08290603606","name":"UPS MEWAR ASTHA P.S. PANDOLI","state":"RAJASTHAN","district":"CHITTAURGARH","block":"KAPASAN","indicator":"girls_toilet_nonfunctional"}},{"type":"Feature","geometry":{"type":"Point","coordinates":[74.31037,24.69134]},"properties":{"udise":"08290900801","name":"GOVT. PRIMARY SCHOOL KESAR PURA","state":"RAJASTHAN","district":"CHITTAURGARH","block":"BHADESAR","indicator":"girls_toilet_nonfunctional"}},{"type":"Feature","geometry":{"type":"Point","coordinates":[74.29069,24.49628]},"properties":{"udise":"08290808702","name":"GOVT. PRIMARY SCHOOL MEGHWAL MOHLA KISHAN KARERI 437461","state":"RAJASTHAN","district":"CHITTAURGARH","block":"DUNGLA","indicator":"girls_toilet_nonfunctional"}},{"type":"Feature","geometry":{"type":"Point","coordinates":[74.39603,24.74895]},"properties":{"udise":"08290902901","name":"GOVT. P.S. DEVA KHERA","state":"RAJASTHAN","district":"CHITTAURGARH","block":"BHADESAR","indicator":"girls_toilet_nonfunctional"}},{"type":"Feature","geometry":{"type":"Point","coordinates":[74.63001,24.87888]},"properties":{"udise":"08290525108","name":"AIM ACADAMEY KAILASH NAGAR COR","state":"RAJASTHAN","district":"CHITTAURGARH","block":"CHITTORGARH","indicator":"girls_toilet_nonfunctional"}},{"type":"Feature","geometry":{"type":"Point","coordinates":[74.52869,24.69333]},"properties":{"udise":"08290912401","name":"GOVT. U.P.S BALIYA KI DHANI","state":"RAJASTHAN","district":"CHITTAURGARH","block":"BHADESAR","indicator":"girls_toilet_nonfunctional"}},{"type":"Feature","geometry":{"type":"Point","coordinates":[75.08531,24.90407]},"properties":{"udise":"08290315401","name":"G.U.P.S. SANSKRIT DHAVDAKUDI","state":"RAJASTHAN","district":"CHITTAURGARH","block":"BEGUN","indicator":"girls_toilet_nonfunctional"}},{"type":"Feature","geometry":{"type":"Point","coordinates":[74.68481,24.62794]},"properties":{"udise":"08291019701","name":"SMART KIDS SCHOOL","state":"RAJASTHAN","district":"CHITTAURGARH","block":"NIMBAHERA","indicator":"girls_toilet_nonfunctional"}},{"type":"Feature","geometry":{"type":"Point","coordinates":[74.4192,24.7422]},"properties":{"udise":"08290903003","name":"GOVT. P.S. MOHADI KHERA","state":"RAJASTHAN","district":"CHITTAURGARH","block":"BHADESAR","indicator":"girls_toilet_nonfunctional"}},{"type":"Feature","geometry":{"type":"Point","coordinates":[74.52004,25.04183]},"properties":{"udise":"08290209102","name":"GOVT.PS KEER KHERA","state":"RAJASTHAN","district":"CHITTAURGARH","block":"GANGRAR","indicator":"girls_toilet_nonfunctional"}},{"type":"Feature","geometry":{"type":"Point","coordinates":[74.59016,24.63355]},"properties":{"udise":"08291008801","name":"GOVT. PRIMARY SCHOOL CHANGERI","state":"RAJASTHAN","district":"CHITTAURGARH","block":"NIMBAHERA","indicator":"girls_toilet_nonfunctional"}},{"type":"Feature","geometry":{"type":"Point","coordinates":[74.49311,24.53268]},"properties":{"udise":"08291200703","name":"NANESH BAL VIDHYA MANDIR BHANUJA P16776","state":"RAJASTHAN","district":"CHITTAURGARH","block":"BADI SADRI","indicator":"girls_toilet_nonfunctional"}},{"type":"Feature","geometry":{"type":"Point","coordinates":[75.41533,24.95608]},"properties":{"udise":"08290401202","name":"G.P.S KKOMANGANJ","state":"RAJASTHAN","district":"CHITTAURGARH","block":"BHAINSROADGARH","indicator":"girls_toilet_nonfunctional"}},{"type":"Feature","geometry":{"type":"Point","coordinates":[74.97811,24.96714]},"properties":{"udise":"08290306501","name":"G.U.P.S.S JODHA PATEL KE KHERI","state":"RAJASTHAN","district":"CHITTAURGARH","block":"BEGUN","indicator":"girls_toilet_nonfunctional"}},{"type":"Feature","geometry":{"type":"Point","coordinates":[74.9427,24.89089]},"properties":{"udise":"08290319601","name":"G.P.S PIPLDA","state":"RAJASTHAN","district":"CHITTAURGARH","block":"BEGUN","indicator":"girls_toilet_nonfunctional"}},{"type":"Feature","geometry":{"type":"Point","coordinates":[74.41419,24.87141]},"properties":{"udise":"08290604101","name":"GOVT.U.P.S SURAJ PURA","state":"RAJASTHAN","district":"CHITTAURGARH","block":"KAPASAN","indicator":"girls_toilet_nonfunctional"}},{"type":"Feature","geometry":{"type":"Point","coordinates":[75.00932,24.98793]},"properties":{"udise":"08290327403","name":"SUNVALLEY THE SCHOOL BEGUN","state":"RAJASTHAN","district":"CHITTAURGARH","block":"BEGUN","indicator":"girls_toilet_nonfunctional"}},{"type":"Feature","geometry":{"type":"Point","coordinates":[74.50953,24.42959]},"properties":{"udise":"08291207901","name":"GOVT.UPPER PRIMARY SCHOOL BAGHELO KA KHEDA","state":"RAJASTHAN","district":"CHITTAURGARH","block":"BADI SADRI","indicator":"girls_toilet_nonfunctional"}},{"type":"Feature","geometry":{"type":"Point","coordinates":[75.03098,25.0439]},"properties":{"udise":"08290305802","name":"GEETANJALI PUBLIC SCHOOL BALWANTNAGAR","state":"RAJASTHAN","district":"CHITTAURGARH","block":"BEGUN","indicator":"girls_toilet_nonfunctional"}},{"type":"Feature","geometry":{"type":"Point","coordinates":[74.92375,25.09661]},"properties":{"udise":"08290311201","name":"G.P.S. POHPURA","state":"RAJASTHAN","district":"CHITTAURGARH","block":"BEGUN","indicator":"girls_toilet_nonfunctional"}},{"type":"Feature","geometry":{"type":"Point","coordinates":[74.80813,24.89476]},"properties":{"udise":"08290511702","name":"MAHATMA GANDHI GOVT. SCHOOL VIJAIPUR","state":"RAJASTHAN","district":"CHITTAURGARH","block":"CHITTORGARH","indicator":"girls_toilet_nonfunctional"}},{"type":"Feature","geometry":{"type":"Point","coordinates":[74.26402,24.61306]},"properties":{"udise":"08290802201","name":"GOVT. PRIMARY SCHOOL ROD JI KA KHEDA 425831","state":"RAJASTHAN","district":"CHITTAURGARH","block":"DUNGLA","indicator":"girls_toilet_nonfunctional"}},{"type":"Feature","geometry":{"type":"Point","coordinates":[74.46138,24.56876]},"properties":{"udise":"08290911001","name":"GOVT. U.P.S. HAPAKHERI","state":"RAJASTHAN","district":"CHITTAURGARH","block":"BHADESAR","indicator":"girls_toilet_nonfunctional"}},{"type":"Feature","geometry":{"type":"Point","coordinates":[74.69224,24.61771]},"properties":{"udise":"08291019104","name":"SHIV GAYAN U.P.S. 10","state":"RAJASTHAN","district":"CHITTAURGARH","block":"NIMBAHERA","indicator":"girls_toilet_nonfunctional"}},{"type":"Feature","geometry":{"type":"Point","coordinates":[74.78355,25.12914]},"properties":{"udise":"08290208002","name":"GOVT. P S DHATOL KANGSO KI","state":"RAJASTHAN","district":"CHITTAURGARH","block":"GANGRAR","indicator":"girls_toilet_nonfunctional"}},{"type":"Feature","geometry":{"type":"Point","coordinates":[74.52773,24.48623]},"properties":{"udise":"08291212702","name":"BHARAT BHARATI UPS KHERMALIYA","state":"RAJASTHAN","district":"CHITTAURGARH","block":"BADI SADRI","indicator":"girls_toilet_nonfunctional"}},{"type":"Feature","geometry":{"type":"Point","coordinates":[74.43069,24.71155]},"properties":{"udise":"08290907901","name":"GOVT. U.P.S. NARBADIYA","state":"RAJASTHAN","district":"CHITTAURGARH","block":"BHADESAR","indicator":"girls_toilet_nonfunctional"}},{"type":"Feature","geometry":{"type":"Point","coordinates":[74.47312,24.41317]},"properties":{"udise":"08291218204","name":"PRATAP CHILDREN ACADEMY SENIOR SEC SCHOOL BARISADRI","state":"RAJASTHAN","district":"CHITTAURGARH","block":"BADI SADRI","indicator":"girls_toilet_nonfunctional"}},{"type":"Feature","geometry":{"type":"Point","coordinates":[74.76696,25.01212]},"properties":{"udise":"08290521804","name":"G.U.P.S BASSI KHEDA","state":"RAJASTHAN","district":"CHITTAURGARH","block":"CHITTORGARH","indicator":"girls_toilet_nonfunctional"}},{"type":"Feature","geometry":{"type":"Point","coordinates":[74.34736,24.5816]},"properties":{"udise":"08290807802","name":"GOVT. PRIMARY SCHOOL CHHIPA KHERA 502925","state":"RAJASTHAN","district":"CHITTAURGARH","block":"DUNGLA","indicator":"girls_toilet_nonfunctional"}},{"type":"Feature","geometry":{"type":"Point","coordinates":[75.06121,24.96454]},"properties":{"udise":"08290304601","name":"G.P.S. SODARSHAN PURA","state":"RAJASTHAN","district":"CHITTAURGARH","block":"BEGUN","indicator":"girls_toilet_nonfunctional"}},{"type":"Feature","geometry":{"type":"Point","coordinates":[74.3381,24.6055]},"properties":{"udise":"08290804801","name":"GOVT. PRIMARY SCHOOL GARIYAVAS MORVAN 502936","state":"RAJASTHAN","district":"CHITTAURGARH","block":"DUNGLA","indicator":"girls_toilet_nonfunctional"}},{"type":"Feature","geometry":{"type":"Point","coordinates":[74.49244,25.16666]},"properties":{"udise":"08290101207","name":"RAKSHITA SHIKSHAN SANSTHAN SIHANA","state":"RAJASTHAN","district":"CHITTAURGARH","block":"RASHMI","indicator":"girls_toilet_nonfunctional"}},{"type":"Feature","geometry":{"type":"Point","coordinates":[74.50589,24.76854]},"properties":{"udise":"08290906202","name":"GOVT. P.S.TIKYO KHERA","state":"RAJASTHAN","district":"CHITTAURGARH","block":"BHADESAR","indicator":"girls_toilet_nonfunctional"}},{"type":"Feature","geometry":{"type":"Point","coordinates":[74.31054,24.88754]},"properties":{"udise":"08290615306","name":"SHRINATH PUBLIC UPS SCHOOL KAPASAN","state":"RAJASTHAN","district":"CHITTAURGARH","block":"KAPASAN","indicator":"girls_toilet_nonfunctional"}},{"type":"Feature","geometry":{"type":"Point","coordinates":[74.49174,24.56431]},"properties":{"udise":"08291200108","name":"NANESH VIDHYA MANDIR SEC SCHOOL NIKUMBH","state":"RAJASTHAN","district":"CHITTAURGARH","block":"BADI SADRI","indicator":"girls_toilet_nonfunctional"}},{"type":"Feature","geometry":{"type":"Point","coordinates":[74.23498,24.68227]},"properties":{"udise":"08290800601","name":"GOVT. UPPER PRIMARY SCHOOL SATLIYAVAS 474209","state":"RAJASTHAN","district":"CHITTAURGARH","block":"DUNGLA","indicator":"girls_toilet_nonfunctional"}},{"type":"Feature","geometry":{"type":"Point","coordinates":[74.34293,24.98782]},"properties":{"udise":"08290106906","name":"VEENA VIDYA SANSTHAN DINDOLI","state":"RAJASTHAN","district":"CHITTAURGARH","block":"RASHMI","indicator":"girls_toilet_nonfunctional"}},{"type":"Feature","geometry":{"type":"Point","coordinates":[74.89065,24.73526]},"properties":{"udise":"08291013510","name":"G.P.S. PATIYAR","state":"RAJASTHAN","district":"CHITTAURGARH","block":"NIMBAHERA","indicator":"girls_toilet_nonfunctional"}},{"type":"Feature","geometry":{"type":"Point","coordinates":[74.47654,24.42535]},"properties":{"udise":"08291217303","name":"GOVT.PRIMARY SCHOOL KALYANPURA BARISADRI 483173","state":"RAJASTHAN","district":"CHITTAURGARH","block":"BADI SADRI","indicator":"girls_toilet_nonfunctional"}},{"type":"Feature","geometry":{"type":"Point","coordinates":[75.03398,25.09912]},"properties":{"udise":"08290321502","name":"G.P.S. GALAIYO KI JOPRIYA","state":"RAJASTHAN","district":"CHITTAURGARH","block":"BEGUN","indicator":"girls_toilet_nonfunctional"}},{"type":"Feature","geometry":{"type":"Point","coordinates":[74.63284,24.59185]},"properties":{"udise":"08291009701","name":"G.P.S BHEMLI","state":"RAJASTHAN","district":"CHITTAURGARH","block":"NIMBAHERA","indicator":"girls_toilet_nonfunctional"}},{"type":"Feature","geometry":{"type":"Point","coordinates":[74.49251,24.35766]},"properties":{"udise":"08291210502","name":"MAA BADI KENDRA SAMETI BOURNDI NAYA GAR","state":"RAJASTHAN","district":"CHITTAURGARH","block":"BADI SADRI","indicator":"girls_toilet_nonfunctional"}},{"type":"Feature","geometry":{"type":"Point","coordinates":[74.60217,24.53052]},"properties":{"udise":"08291011001","name":"G.P.S. BAINIPURIKALAN","state":"RAJASTHAN","district":"CHITTAURGARH","block":"NIMBAHERA","indicator":"girls_toilet_nonfunctional"}},{"type":"Feature","geometry":{"type":"Point","coordinates":[74.65166,25.08104]},"properties":{"udise":"08290211901","name":"GOVT P S MOKHAMPURA","state":"RAJASTHAN","district":"CHITTAURGARH","block":"GANGRAR","indicator":"girls_toilet_nonfunctional"}},{"type":"Feature","geometry":{"type":"Point","coordinates":[74.48357,24.43466]},"properties":{"udise":"08291207801","name":"GOVT. PRIMARY SCHOOL DALPURA","state":"RAJASTHAN","district":"CHITTAURGARH","block":"BADI SADRI","indicator":"girls_toilet_nonfunctional"}},{"type":"Feature","geometry":{"type":"Point","coordinates":[74.84579,25.13611]},"properties":{"udise":"08290301801","name":"G.U.P.S. CHOMU","state":"RAJASTHAN","district":"CHITTAURGARH","block":"BEGUN","indicator":"girls_toilet_nonfunctional"}},{"type":"Feature","geometry":{"type":"Point","coordinates":[75.04505,24.97965]},"properties":{"udise":"08290312501","name":"G.P.S. BAGH PACHALI KHERI","state":"RAJASTHAN","district":"CHITTAURGARH","block":"BEGUN","indicator":"girls_toilet_nonfunctional"}},{"type":"Feature","geometry":{"type":"Point","coordinates":[74.34879,24.76503]},"properties":{"udise":"08290610301","name":"GOVT. Sr Sec School UCHANAR KALAN","state":"RAJASTHAN","district":"CHITTAURGARH","block":"KAPASAN","indicator":"girls_toilet_nonfunctional"}},{"type":"Feature","geometry":{"type":"Point","coordinates":[74.5682,24.53033]},"properties":{"udise":"08291011814","name":"MADARSANURUL ISLAM BINOTA","state":"RAJASTHAN","district":"CHITTAURGARH","block":"NIMBAHERA","indicator":"girls_toilet_nonfunctional"}},{"type":"Feature","geometry":{"type":"Point","coordinates":[74.48673,24.47251]},"properties":{"udise":"08291202008","name":"GYAN SAGAR SHREE UPS SHIKSHAN SANSTHAN KARDEVLA","state":"RAJASTHAN","district":"CHITTAURGARH","block":"BADI SADRI","indicator":"girls_toilet_nonfunctional"}},{"type":"Feature","geometry":{"type":"Point","coordinates":[74.75732,25.15643]},"properties":{"udise":"08290204101","name":"GOVT.U.P.S AMARPURA - SADAS","state":"RAJASTHAN","district":"CHITTAURGARH","block":"GANGRAR","indicator":"girls_toilet_nonfunctional"}},{"type":"Feature","geometry":{"type":"Point","coordinates":[74.7589,25.09245]},"properties":{"udise":"08290207701","name":"GOVT. P S CHATRA KA KHEDA","state":"RAJASTHAN","district":"CHITTAURGARH","block":"GANGRAR","indicator":"girls_toilet_nonfunctional"}},{"type":"Feature","geometry":{"type":"Point","coordinates":[74.73961,24.86227]},"properties":{"udise":"08290506801","name":"G.U.P.S.ACHALPURA","state":"RAJASTHAN","district":"CHITTAURGARH","block":"CHITTORGARH","indicator":"girls_toilet_nonfunctional"}},{"type":"Feature","geometry":{"type":"Point","coordinates":[74.58069,25.09866]},"properties":{"udise":"08290205101","name":"GOVT. SEN. SEC. SCHOOL DEVDA","state":"RAJASTHAN","district":"CHITTAURGARH","block":"GANGRAR","indicator":"girls_toilet_nonfunctional"}},{"type":"Feature","geometry":{"type":"Point","coordinates":[74.18033,24.81261]},"properties":{"udise":"08290703111","name":"GOVT.P.S. RAJPUT KHERA","state":"RAJASTHAN","district":"CHITTAURGARH","block":"BHOPAL SAGAR","indicator":"girls_toilet_nonfunctional"}},{"type":"Feature","geometry":{"type":"Point","coordinates":[74.32658,24.45986]},"properties":{"udise":"08040702319","name":"GLOBAL WISDOM CONVENT SCHOOL SANDWA","state":"RAJASTHAN","district":"CHURU","block":"BIDASAR","indicator":"no_girls_toilet"}},{"type":"Feature","geometry":{"type":"Point","coordinates":[74.61377,28.08352]},"properties":{"udise":"08040615202","name":"GOVT. SENIOR SECONDARY SCHOOL PRAKASH RATANGARH","state":"RAJASTHAN","district":"CHURU","block":"RATANGARH","indicator":"no_girls_toilet"}},{"type":"Feature","geometry":{"type":"Point","coordinates":[73.90681,27.52023]},"properties":{"udise":"08040610601","name":"GOVT. SENIOR SECONDARY SCHOOL PAYALI","state":"RAJASTHAN","district":"CHURU","block":"RATANGARH","indicator":"no_girls_toilet"}},{"type":"Feature","geometry":{"type":"Point","coordinates":[75.57933,28.42371]},"properties":{"udise":"08040303707","name":"SANSKAR ACE SEC RAMSISAR BHEDWALIYA","state":"RAJASTHAN","district":"CHURU","block":"SARDARSHAHAR","indicator":"no_girls_toilet"}},{"type":"Feature","geometry":{"type":"Point","coordinates":[74.81207,28.29791]},"properties":{"udise":"08040213801","name":"GPS BERASAR GUMANA(BERASAR CHHOTA)","state":"RAJASTHAN","district":"CHURU","block":"RAJGARH","indicator":"no_girls_toilet"}},{"type":"Feature","geometry":{"type":"Point","coordinates":[74.35513,28.47016]},"properties":{"udise":"08040110001","name":"GSSS KHARTVASIA","state":"RAJASTHAN","district":"CHURU","block":"TARANAGAR","indicator":"no_girls_toilet"}},{"type":"Feature","geometry":{"type":"Point","coordinates":[74.53746,28.50027]},"properties":{"udise":"08040220907","name":"SARASWATI VIDYA MANDIR SR SEC SCHOOL NORANGPURA, NORANGPURA","state":"RAJASTHAN","district":"CHURU","block":"RAJGARH","indicator":"no_girls_toilet"}},{"type":"Feature","geometry":{"type":"Point","coordinates":[74.37236,28.65075]},"properties":{"udise":"08040307206","name":"KGBV  GARMIN  HARDESAR","state":"RAJASTHAN","district":"CHURU","block":"SARDARSHAHAR","indicator":"no_girls_toilet"}},{"type":"Feature","geometry":{"type":"Point","coordinates":[74.97964,28.29397]},"properties":{"udise":"08040414202","name":"MANSA PUBLIC S S S CHURU","state":"RAJASTHAN","district":"CHURU","block":"CHURU","indicator":"no_girls_toilet"}},{"type":"Feature","geometry":{"type":"Point","coordinates":[74.69844,27.77784]},"properties":{"udise":"08040202803","name":"GHSS PAHARSAR (DHIGARALA)","state":"RAJASTHAN","district":"CHURU","block":"SIDHMUKH","indicator":"no_girls_toilet"}},{"type":"Feature","geometry":{"type":"Point","coordinates":[75.31192,28.43327]},"properties":{"udise":"08040101108","name":"GUPS SASKRIT DHIRVAS BADA","state":"RAJASTHAN","district":"CHURU","block":"TARANAGAR","indicator":"no_girls_toilet"}},{"type":"Feature","geometry":{"type":"Point","coordinates":[74.06788,28.38865]},"properties":{"udise":"08040316702","name":"GUPS SANSKRIT SOMASAR","state":"RAJASTHAN","district":"CHURU","block":"SARDARSHAHAR","indicator":"no_girls_toilet"}},{"type":"Feature","geometry":{"type":"Point","coordinates":[75.26501,28.72774]},"properties":{"udise":"08040704401","name":"GSSS BADSAR","state":"RAJASTHAN","district":"CHURU","block":"BIDASAR","indicator":"no_girls_toilet"}},{"type":"Feature","geometry":{"type":"Point","coordinates":[75.48562,28.62142]},"properties":{"udise":"08040601807","name":"SAWAMI VSS SEC. SCHOOL NUA","state":"RAJASTHAN","district":"CHURU","block":"RATANGARH","indicator":"no_girls_toilet"}},{"type":"Feature","geometry":{"type":"Point","coordinates":[74.13424,27.58471]},"properties":{"udise":"08040416006","name":"GOVT. SHREE POORNANAND VARISTHA UPADHYAY SANSKRIT SCHOOL CHURU","state":"RAJASTHAN","district":"CHURU","block":"CHURU","indicator":"no_girls_toilet"}},{"type":"Feature","geometry":{"type":"Point","coordinates":[74.81016,28.29754]},"properties":{"udise":"08040402602","name":"GGUPS JASRASAR","state":"RAJASTHAN","district":"CHURU","block":"CHURU","indicator":"no_girls_toilet"}},{"type":"Feature","geometry":{"type":"Point","coordinates":[74.89108,28.41084]},"properties":{"udise":"08040409501","name":"GSS DHANI LAXMAN SINGH","state":"RAJASTHAN","district":"CHURU","block":"CHURU","indicator":"no_girls_toilet"}},{"type":"Feature","geometry":{"type":"Point","coordinates":[74.39533,28.86484]},"properties":{"udise":"08040306802","name":"G.P.S.KERVADA TAL DHANI RANASAR PAVRAN","state":"RAJASTHAN","district":"CHURU","block":"SARDARSHAHAR","indicator":"no_girls_toilet"}},{"type":"Feature","geometry":{"type":"Point","coordinates":[75.38348,28.63893]},"properties":{"udise":"08040221815","name":"RAJGARH PUBLIC SCHOOL SADULPUR","state":"RAJASTHAN","district":"CHURU","block":"RAJGARH","indicator":"no_girls_toilet"}},{"type":"Feature","geometry":{"type":"Point","coordinates":[74.1499,27.67537]},"properties":{"udise":"08040701303","name":"IPSS PAREWADA","state":"RAJASTHAN","district":"CHURU","block":"BIDASAR","indicator":"no_girls_toilet"}},{"type":"Feature","geometry":{"type":"Point","coordinates":[74.49558,28.21522]},"properties":{"udise":"08040608107","name":"GPS SANWARMAL GILA KI DHANI PABUSAR","state":"RAJASTHAN","district":"CHURU","block":"RATANGARH","indicator":"no_girls_toilet"}},{"type":"Feature","geometry":{"type":"Point","coordinates":[75.09384,28.40533]},"properties":{"udise":"08040400103","name":"GPS 17 MEEL KHANDWA","state":"RAJASTHAN","district":"CHURU","block":"CHURU","indicator":"no_girls_toilet"}},{"type":"Feature","geometry":{"type":"Point","coordinates":[74.20013,28.41391]},"properties":{"udise":"08040300707","name":"G.P.S.SANSKRIT SONPALSAR","state":"RAJASTHAN","district":"CHURU","block":"SARDARSHAHAR","indicator":"no_girls_toilet"}},{"type":"Feature","geometry":{"type":"Point","coordinates":[75.54326,28.47017]},"properties":{"udise":"08040407702","name":"GPS DHANI PANESINGH","state":"RAJASTHAN","district":"CHURU","block":"CHURU","indicator":"no_girls_toilet"}},{"type":"Feature","geometry":{"type":"Point","coordinates":[74.34159,27.96444]},"properties":{"udise":"08040116901","name":"MADARSA ISLAMIYA TALIMUL KURAN TARANAGAR","state":"RAJASTHAN","district":"CHURU","block":"TARANAGAR","indicator":"no_girls_toilet"}},{"type":"Feature","geometry":{"type":"Point","coordinates":[75.28473,28.89045]},"properties":{"udise":"08040104802","name":"GYANDEEP SHIKSHAN SANSTHAN  KAILASH","state":"RAJASTHAN","district":"CHURU","block":"TARANAGAR","indicator":"no_girls_toilet"}},{"type":"Feature","geometry":{"type":"Point","coordinates":[74.78386,28.72208]},"properties":{"udise":"08040306001","name":"GOVT SENIOR SECONDARY SCHOOL SADASAR","state":"RAJASTHAN","district":"CHURU","block":"SARDARSHAHAR","indicator":"no_girls_toilet"}},{"type":"Feature","geometry":{"type":"Point","coordinates":[74.37919,28.35329]},"properties":{"udise":"08040404302","name":"BALAJI SS DHIRASAR CHARNAN","state":"RAJASTHAN","district":"CHURU","block":"CHURU","indicator":"no_girls_toilet"}},{"type":"Feature","geometry":{"type":"Point","coordinates":[74.58385,28.10027]},"properties":{"udise":"08040605907","name":"MADARSA ZIYA UL ULUM SEHALA","state":"RAJASTHAN","district":"CHURU","block":"RATANGARH","indicator":"no_girls_toilet"}},{"type":"Feature","geometry":{"type":"Point","coordinates":[75.38589,28.51372]},"properties":{"udise":"08040314703","name":"GPSSAWAI BADI","state":"RAJASTHAN","district":"CHURU","block":"SARDARSHAHAR","indicator":"no_girls_toilet"}},{"type":"Feature","geometry":{"type":"Point","coordinates":[75.04772,28.52323]},"properties":{"udise":"08040408905","name":"RN TAGORE ACADEMY LAKHAU","state":"RAJASTHAN","district":"CHURU","block":"CHURU","indicator":"no_girls_toilet"}},{"type":"Feature","geometry":{"type":"Point","coordinates":[74.95749,28.29292]},"properties":{"udise":"08040110907","name":"GSSS RAJPURA","state":"RAJASTHAN","district":"CHURU","block":"TARANAGAR","indicator":"no_girls_toilet"}},{"type":"Feature","geometry":{"type":"Point","coordinates":[74.43786,28.71438]},"properties":{"udise":"08040317209","name":"MADRSA ISL.TALEEMUL QURAN BARJANGSAR","state":"RAJASTHAN","district":"CHURU","block":"SARDARSHAHAR","indicator":"no_girls_toilet"}},{"type":"Feature","geometry":{"type":"Point","coordinates":[75.3138,28.51804]},"properties":{"udise":"08040412401","name":"INDIRA MEMORIAL PUB. SCHOOL CHURU","state":"RAJASTHAN","district":"CHURU","block":"CHURU","indicator":"no_girls_toilet"}},{"type":"Feature","geometry":{"type":"Point","coordinates":[74.20249,27.80608]},"properties":{"udise":"08040702308","name":"GOVT. PRIMARY SCHOOL SIMARON KI DHANI","state":"RAJASTHAN","district":"CHURU","block":"BIDASAR","indicator":"no_girls_toilet"}},{"type":"Feature","geometry":{"type":"Point","coordinates":[74.34925,28.41166]},"properties":{"udise":"08040314601","name":"GOVT.SENIOR SECONDARY SCHOOL  MITASAR","state":"RAJASTHAN","district":"CHURU","block":"SARDARSHAHAR","indicator":"no_girls_toilet"}},{"type":"Feature","geometry":{"type":"Point","coordinates":[73.93049,27.69216]},"properties":{"udise":"08040509102","name":"GOVT. PRIMARY SCHOOL TORANAI JILI","state":"RAJASTHAN","district":"CHURU","block":"SUJANGARH","indicator":"no_girls_toilet"}},{"type":"Feature","geometry":{"type":"Point","coordinates":[74.97558,28.51878]},"properties":{"udise":"08040702203","name":"GOVT. UPPER PRIMARY SCHOOL BETALAB DHIGARIA","state":"RAJASTHAN","district":"CHURU","block":"BIDASAR","indicator":"no_girls_toilet"}},{"type":"Feature","geometry":{"type":"Point","coordinates":[73.98429,27.53915]},"properties":{"udise":"08040706901","name":"GPS ALAI JOHAR BIDASAR","state":"RAJASTHAN","district":"CHURU","block":"BIDASAR","indicator":"no_girls_toilet"}},{"type":"Feature","geometry":{"type":"Point","coordinates":[75.14494,28.43206]},"properties":{"udise":"08040314702","name":"G.(G) S.S. SAWAI BADI SANSKRIT","state":"RAJASTHAN","district":"CHURU","block":"SARDARSHAHAR","indicator":"no_girls_toilet"}},{"type":"Feature","geometry":{"type":"Point","coordinates":[74.37042,28.62605]},"properties":{"udise":"08040402402","name":"GPS BASS GORSIYAN","state":"RAJASTHAN","district":"CHURU","block":"CHURU","indicator":"no_girls_toilet"}},{"type":"Feature","geometry":{"type":"Point","coordinates":[74.32886,27.84773]},"properties":{"udise":"08040705808","name":"GITANJALI CHILDREN ACADEMY BIDASAR","state":"RAJASTHAN","district":"CHURU","block":"BIDASAR","indicator":"no_girls_toilet"}},{"type":"Feature","geometry":{"type":"Point","coordinates":[74.22964,27.79829]},"properties":{"udise":"08040702202","name":"GPS NAYA BASS DHIGARIA","state":"RAJASTHAN","district":"CHURU","block":"BIDASAR","indicator":"no_girls_toilet"}},{"type":"Feature","geometry":{"type":"Point","coordinates":[74.93174,28.41036]},"properties":{"udise":"08040525902","name":"GPS DHANI BHOJANA SANDAN","state":"RAJASTHAN","district":"CHURU","block":"SUJANGARH","indicator":"no_girls_toilet"}},{"type":"Feature","geometry":{"type":"Point","coordinates":[74.95587,28.3091]},"properties":{"udise":"08040209005","name":"GHSS GULPURA (GULPURA)","state":"RAJASTHAN","district":"CHURU","block":"RAJGARH","indicator":"no_girls_toilet"}},{"type":"Feature","geometry":{"type":"Point","coordinates":[74.3868,27.84668]},"properties":{"udise":"08040701801","name":"GOVT. PRIMARY SCHOOL BENATHA UPADHIA","state":"RAJASTHAN","district":"CHURU","block":"BIDASAR","indicator":"no_girls_toilet"}},{"type":"Feature","geometry":{"type":"Point","coordinates":[75.22416,28.35987]},"properties":{"udise":"08040701506","name":"BALAJI SHIKSHAN SANSTAN DUNKAR","state":"RAJASTHAN","district":"CHURU","block":"BIDASAR","indicator":"no_girls_toilet"}},{"type":"Feature","geometry":{"type":"Point","coordinates":[74.77816,27.80949]},"properties":{"udise":"08040705402","name":"GPS BHOJANA TAL","state":"RAJASTHAN","district":"CHURU","block":"BIDASAR","indicator":"no_girls_toilet"}},{"type":"Feature","geometry":{"type":"Point","coordinates":[74.51622,28.04368]},"properties":{"udise":"08040706301","name":"BABA AMBEDKAR UPS BIDASAR W.N.17","state":"RAJASTHAN","district":"CHURU","block":"BIDASAR","indicator":"no_girls_toilet"}},{"type":"Feature","geometry":{"type":"Point","coordinates":[74.44059,28.49365]},"properties":{"udise":"08040301101","name":"GOVT. GIRLS SENIOR SECONDARY SCHOOL RAJASAR BIKAN","state":"RAJASTHAN","district":"CHURU","block":"SARDARSHAHAR","indicator":"no_girls_toilet"}},{"type":"Feature","geometry":{"type":"Point","coordinates":[74.58586,27.81151]},"properties":{"udise":"08040503806","name":"GPSKS BASI PURVI","state":"RAJASTHAN","district":"CHURU","block":"SUJANGARH","indicator":"no_girls_toilet"}},{"type":"Feature","geometry":{"type":"Point","coordinates":[74.37041,28.03126]},"properties":{"udise":"08040409805","name":"TAGORE SHKSHAN LOHASANA BADA","state":"RAJASTHAN","district":"CHURU","block":"CHURU","indicator":"no_girls_toilet"}},{"type":"Feature","geometry":{"type":"Point","coordinates":[74.75788,28.16209]},"properties":{"udise":"08040501602","name":"GOVT. PRIMARY SCHOOL HANUTA BABA KI DHANI CHARIYAN","state":"RAJASTHAN","district":"CHURU","block":"SUJANGARH","indicator":"no_girls_toilet"}},{"type":"Feature","geometry":{"type":"Point","coordinates":[74.99722,28.72529]},"properties":{"udise":"08040605103","name":"GGUPS  BACHARARA","state":"RAJASTHAN","district":"CHURU","block":"RATANGARH","indicator":"no_girls_toilet"}},{"type":"Feature","geometry":{"type":"Point","coordinates":[74.39974,27.798]},"properties":{"udise":"08040700108","name":"GPS MEGH.BASTI CHARWAS","state":"RAJASTHAN","district":"CHURU","block":"BIDASAR","indicator":"no_girls_toilet"}},{"type":"Feature","geometry":{"type":"Point","coordinates":[74.41595,27.91279]},"properties":{"udise":"08040316505","name":"ADARSH EDU.ACA.GHARSISAR","state":"RAJASTHAN","district":"CHURU","block":"SARDARSHAHAR","indicator":"no_girls_toilet"}},{"type":"Feature","geometry":{"type":"Point","coordinates":[74.61368,28.08634]},"properties":{"udise":"08040317901","name":"MAHATMA GANDHI GOVT. SCHOOL PIRER","state":"RAJASTHAN","district":"CHURU","block":"SARDARSHAHAR","indicator":"no_girls_toilet"}},{"type":"Feature","geometry":{"type":"Point","coordinates":[75.50912,28.38891]},"properties":{"udise":"08040220103","name":"ADARSH PUB SCHOOL DINGALI, SULKHNIYA CHHOTA","state":"RAJASTHAN","district":"CHURU","block":"RAJGARH","indicator":"no_girls_toilet"}},{"type":"Feature","geometry":{"type":"Point","coordinates":[74.6011,27.80855]},"properties":{"udise":"08040504601","name":"GUPS GHOTADA","state":"RAJASTHAN","district":"CHURU","block":"SUJANGARH","indicator":"no_girls_toilet"}},{"type":"Feature","geometry":{"type":"Point","coordinates":[73.9662,28.88967]},"properties":{"udise":"08040704603","name":"MAHATMA GANDHI GOVT. SCHOOL RAMNAGAR BASTI JOGALSAR","state":"RAJASTHAN","district":"CHURU","block":"BIDASAR","indicator":"no_girls_toilet"}},{"type":"Feature","geometry":{"type":"Point","coordinates":[75.51941,28.763]},"properties":{"udise":"08040210202","name":"AVM SIKHSHAN SANSTHAN SEC SCHOOL GOTHAN BADI","state":"RAJASTHAN","district":"CHURU","block":"RAJGARH","indicator":"no_girls_toilet"}},{"type":"Feature","geometry":{"type":"Point","coordinates":[75.11285,28.83449]},"properties":{"udise":"08040615504","name":"VEENA UPS RATANGARH","state":"RAJASTHAN","district":"CHURU","block":"RATANGARH","indicator":"no_girls_toilet"}},{"type":"Feature","geometry":{"type":"Point","coordinates":[75.56268,28.60785]},"properties":{"udise":"08040217501","name":"GHSS KHERU BADI (KHERU BADI)","state":"RAJASTHAN","district":"CHURU","block":"RAJGARH","indicator":"no_girls_toilet"}},{"type":"Feature","geometry":{"type":"Point","coordinates":[74.42893,28.105]},"properties":{"udise":"08040609205","name":"KRISHANA PUBLIC S S BINADESAR","state":"RAJASTHAN","district":"CHURU","block":"RATANGARH","indicator":"no_girls_toilet"}},{"type":"Feature","geometry":{"type":"Point","coordinates":[74.50591,28.57927]},"properties":{"udise":"08040410001","name":"GPS BAS MAHALAN","state":"RAJASTHAN","district":"CHURU","block":"CHURU","indicator":"no_girls_toilet"}},{"type":"Feature","geometry":{"type":"Point","coordinates":[74.48881,27.80762]},"properties":{"udise":"08040207801","name":"GOVT. SENIOR SECONDARY SCHOOL BHAMASI (MUNDITAL)","state":"RAJASTHAN","district":"CHURU","block":"RAJGARH","indicator":"no_girls_toilet"}},{"type":"Feature","geometry":{"type":"Point","coordinates":[75.49629,28.75091]},"properties":{"udise":"08040205604","name":"GHSS DADREWA","state":"RAJASTHAN","district":"CHURU","block":"RAJGARH","indicator":"no_girls_toilet"}},{"type":"Feature","geometry":{"type":"Point","coordinates":[73.93373,27.66916]},"properties":{"udise":"08040601901","name":"G ADARSH SSS BHAVANDESAR","state":"RAJASTHAN","district":"CHURU","block":"RATANGARH","indicator":"no_girls_toilet"}},{"type":"Feature","geometry":{"type":"Point","coordinates":[73.99176,27.83003]},"properties":{"udise":"08040703803","name":"GPS RAMSAGAR","state":"RAJASTHAN","district":"CHURU","block":"BIDASAR","indicator":"no_girls_toilet"}},{"type":"Feature","geometry":{"type":"Point","coordinates":[74.29764,28.47346]},"properties":{"udise":"08040606401","name":"GOVT. SENIOR SECONDARY SCHOOL MALPUR","state":"RAJASTHAN","district":"CHURU","block":"RATANGARH","indicator":"no_girls_toilet"}},{"type":"Feature","geometry":{"type":"Point","coordinates":[75.37789,28.53247]},"properties":{"udise":"08040213707","name":"B.L. GOYAL SANSKRIT SHIKSHAN SANTHAN BAIRASAR CHHOTA RAJGARH","state":"RAJASTHAN","district":"CHURU","block":"RAJGARH","indicator":"no_girls_toilet"}},{"type":"Feature","geometry":{"type":"Point","coordinates":[74.21177,28.78373]},"properties":{"udise":"08040313201","name":"G. AADARSH S.S.S. ROLASAR","state":"RAJASTHAN","district":"CHURU","block":"SARDARSHAHAR","indicator":"no_girls_toilet"}},{"type":"Feature","geometry":{"type":"Point","coordinates":[74.75802,28.17581]},"properties":{"udise":"08040605908","name":"SHREE SHAWITRI UPSEC SEHALA","state":"RAJASTHAN","district":"CHURU","block":"RATANGARH","indicator":"girls_toilet_nonfunctional"}},{"type":"Feature","geometry":{"type":"Point","coordinates":[75.19189,28.5748]},"properties":{"udise":"08040702306","name":"GOVT. SENIOR SECONDARY SCHOOL BHATOLAI SANDWA","state":"RAJASTHAN","district":"CHURU","block":"BIDASAR","indicator":"girls_toilet_nonfunctional"}},{"type":"Feature","geometry":{"type":"Point","coordinates":[75.35725,28.37857]},"properties":{"udise":"08040220801","name":"GOVT. SENIOR SECONDARY SCHOOL RAWATSAR KUNJLA","state":"RAJASTHAN","district":"CHURU","block":"RAJGARH","indicator":"girls_toilet_nonfunctional"}},{"type":"Feature","geometry":{"type":"Point","coordinates":[75.53599,28.51454]},"properties":{"udise":"08040224303","name":"COSMIC CHILDREN ACADEMY RAJGARH","state":"RAJASTHAN","district":"CHURU","block":"RAJGARH","indicator":"girls_toilet_nonfunctional"}},{"type":"Feature","geometry":{"type":"Point","coordinates":[74.80639,28.57611]},"properties":{"udise":"08040511501","name":"GOVT SENIOR SCONDARY SCHOOL   KAREJARA","state":"RAJASTHAN","district":"CHURU","block":"SUJANGARH","indicator":"girls_toilet_nonfunctional"}},{"type":"Feature","geometry":{"type":"Point","coordinates":[74.51848,28.01847]},"properties":{"udise":"08040703806","name":"VIVEKANAND V.A.UPS TEHANDESAR","state":"RAJASTHAN","district":"CHURU","block":"BIDASAR","indicator":"girls_toilet_nonfunctional"}},{"type":"Feature","geometry":{"type":"Point","coordinates":[75.01186,28.86589]},"properties":{"udise":"08040106601","name":"GUPS LUDANIA BADA","state":"RAJASTHAN","district":"CHURU","block":"TARANAGAR","indicator":"girls_toilet_nonfunctional"}},{"type":"Feature","geometry":{"type":"Point","coordinates":[74.27412,27.41191]},"properties":{"udise":"08040518707","name":"DEEN MOHAMMED BHATI PUBLIC SCHOOL SUJANGARH","state":"RAJASTHAN","district":"CHURU","block":"SUJANGARH","indicator":"girls_toilet_nonfunctional"}},{"type":"Feature","geometry":{"type":"Point","coordinates":[74.36902,28.26855]},"properties":{"udise":"08040201903","name":"LAL BAHADUR SHASTRI VMSS DHANOTHI BARI","state":"RAJASTHAN","district":"CHURU","block":"SIDHMUKH","indicator":"girls_toilet_nonfunctional"}},{"type":"Feature","geometry":{"type":"Point","coordinates":[74.37255,28.34849]},"properties":{"udise":"08040705204","name":"GOVT. PRIMARY SCHOOL JINANA TAL INYARA","state":"RAJASTHAN","district":"CHURU","block":"BIDASAR","indicator":"girls_toilet_nonfunctional"}},{"type":"Feature","geometry":{"type":"Point","coordinates":[74.64716,27.71576]},"properties":{"udise":"08040701401","name":"MAHATMA GANDHI GOVT. SCHOOL BHOM PAREWARA","state":"RAJASTHAN","district":"CHURU","block":"BIDASAR","indicator":"girls_toilet_nonfunctional"}},{"type":"Feature","geometry":{"type":"Point","coordinates":[74.95414,27.72952]},"properties":{"udise":"08040417203","name":"SUVATI DEVI SUREKA GOVT. SENIOR SECONDARY SCHOOL ENGLISH MEDIUM RATANNAGAR","state":"RAJASTHAN","district":"CHURU","block":"CHURU","indicator":"girls_toilet_nonfunctional"}},{"type":"Feature","geometry":{"type":"Point","coordinates":[74.31318,27.83093]},"properties":{"udise":"08040706006","name":"RAVINDRA NATH TEGOUR PUBLIC SCHOOL THANTIYA","state":"RAJASTHAN","district":"CHURU","block":"BIDASAR","indicator":"girls_toilet_nonfunctional"}},{"type":"Feature","geometry":{"type":"Point","coordinates":[74.4656,27.70562]},"properties":{"udise":"08040704002","name":"ADRASH SHIKSHAN SANSHTAN SONIYASAR SUKHRAM","state":"RAJASTHAN","district":"CHURU","block":"BIDASAR","indicator":"girls_toilet_nonfunctional"}},{"type":"Feature","geometry":{"type":"Point","coordinates":[74.50354,28.57771]},"properties":{"udise":"08040321003","name":"BHAWANI PUBLIC SHI.SAN.  AASPALSAR BADA","state":"RAJASTHAN","district":"CHURU","block":"SARDARSHAHAR","indicator":"girls_toilet_nonfunctional"}},{"type":"Feature","geometry":{"type":"Point","coordinates":[75.30409,28.45492]},"properties":{"udise":"08040300701","name":"GUPS ISHAR KI DHANI SONPALSAR","state":"RAJASTHAN","district":"CHURU","block":"SARDARSHAHAR","indicator":"girls_toilet_nonfunctional"}},{"type":"Feature","geometry":{"type":"Point","coordinates":[74.5791,27.88146]},"properties":{"udise":"08040504807","name":"SHREE GANDHI  SS HARASAR","state":"RAJASTHAN","district":"CHURU","block":"SUJANGARH","indicator":"girls_toilet_nonfunctional"}},{"type":"Feature","geometry":{"type":"Point","coordinates":[75.08307,28.28212]},"properties":{"udise":"08040701203","name":"GOVT. PRIMARY SCHOOL SHAYAM TALAI","state":"RAJASTHAN","district":"CHURU","block":"BIDASAR","indicator":"girls_toilet_nonfunctional"}},{"type":"Feature","geometry":{"type":"Point","coordinates":[74.4659,27.68602]},"properties":{"udise":"08040518803","name":"GOOD SEFRAD SUJANGARH","state":"RAJASTHAN","district":"CHURU","block":"SUJANGARH","indicator":"girls_toilet_nonfunctional"}},{"type":"Feature","geometry":{"type":"Point","coordinates":[74.88583,28.36305]},"properties":{"udise":"08040411201","name":"GUPS BASS GHANTEL","state":"RAJASTHAN","district":"CHURU","block":"CHURU","indicator":"girls_toilet_nonfunctional"}},{"type":"Feature","geometry":{"type":"Point","coordinates":[75.64201,28.52842]},"properties":{"udise":"08040217113","name":"RS MEMORIAL PUB SR. SEC SCHOOL RAMPURA BERI","state":"RAJASTHAN","district":"CHURU","block":"RAJGARH","indicator":"girls_toilet_nonfunctional"}},{"type":"Feature","geometry":{"type":"Point","coordinates":[75.34871,28.43867]},"properties":{"udise":"08040107404","name":"AALOK SHIKSHAN SANSTHAN SEC SCH JHOTHARA","state":"RAJASTHAN","district":"CHURU","block":"TARANAGAR","indicator":"girls_toilet_nonfunctional"}},{"type":"Feature","geometry":{"type":"Point","coordinates":[74.4781,28.43636]},"properties":{"udise":"08040617601","name":"TEGORE PUB SCHOOL RAJALDESAR","state":"RAJASTHAN","district":"CHURU","block":"RATANGARH","indicator":"girls_toilet_nonfunctional"}},{"type":"Feature","geometry":{"type":"Point","coordinates":[75.085,28.28283]},"properties":{"udise":"08040405304","name":"SOFIA PUBLIC SCHOOL RANASAR","state":"RAJASTHAN","district":"CHURU","block":"CHURU","indicator":"girls_toilet_nonfunctional"}},{"type":"Feature","geometry":{"type":"Point","coordinates":[74.62776,27.89553]},"properties":{"udise":"08040300702","name":"G.S.S.S. SONPALSAR","state":"RAJASTHAN","district":"CHURU","block":"SARDARSHAHAR","indicator":"girls_toilet_nonfunctional"}},{"type":"Feature","geometry":{"type":"Point","coordinates":[75.3913,28.6239]},"properties":{"udise":"08040212205","name":"GPS POONIYA COLONY GUGLE JOHADI LAMBOR CHHIMPIYAN","state":"RAJASTHAN","district":"CHURU","block":"RAJGARH","indicator":"girls_toilet_nonfunctional"}},{"type":"Feature","geometry":{"type":"Point","coordinates":[74.30049,27.80217]},"properties":{"udise":"08040707407","name":"SUNRISE ENGLISH MEDIUM MIDDLE SCHOOL BIDASAR","state":"RAJASTHAN","district":"CHURU","block":"BIDASAR","indicator":"girls_toilet_nonfunctional"}},{"type":"Feature","geometry":{"type":"Point","coordinates":[74.4245,28.05759]},"properties":{"udise":"08040313103","name":"SHREE BALAJI SHIKSHAN SANTHAN TOLASAR","state":"RAJASTHAN","district":"CHURU","block":"SARDARSHAHAR","indicator":"girls_toilet_nonfunctional"}},{"type":"Feature","geometry":{"type":"Point","coordinates":[75.53881,28.59698]},"properties":{"udise":"08040217801","name":"GUPS DHANI KHUDANI(KHERU BADI)","state":"RAJASTHAN","district":"CHURU","block":"RAJGARH","indicator":"girls_toilet_nonfunctional"}},{"type":"Feature","geometry":{"type":"Point","coordinates":[74.1081,28.39421]},"properties":{"udise":"08040410102","name":"SASTRI PUB SR SEC BASS DHAKAN","state":"RAJASTHAN","district":"CHURU","block":"CHURU","indicator":"girls_toilet_nonfunctional"}},{"type":"Feature","geometry":{"type":"Point","coordinates":[74.50707,28.11384]},"properties":{"udise":"08040317001","name":"GUPS PICHKARAI TIBA","state":"RAJASTHAN","district":"CHURU","block":"SARDARSHAHAR","indicator":"girls_toilet_nonfunctional"}},{"type":"Feature","geometry":{"type":"Point","coordinates":[74.46768,27.69557]},"properties":{"udise":"08040701202","name":"GOVT. PRIMARY SCHOOL KALOTHAR PARAWA","state":"RAJASTHAN","district":"CHURU","block":"BIDASAR","indicator":"girls_toilet_nonfunctional"}},{"type":"Feature","geometry":{"type":"Point","coordinates":[74.50552,28.4466]},"properties":{"udise":"08040507701","name":"GSSS KODASAR JATAN","state":"RAJASTHAN","district":"CHURU","block":"SUJANGARH","indicator":"girls_toilet_nonfunctional"}},{"type":"Feature","geometry":{"type":"Point","coordinates":[74.7007,28.82296]},"properties":{"udise":"08040706502","name":"SHARDA CHILDREN ACDAMY DARIBA","state":"RAJASTHAN","district":"CHURU","block":"BIDASAR","indicator":"girls_toilet_nonfunctional"}},{"type":"Feature","geometry":{"type":"Point","coordinates":[74.62531,28.08932]},"properties":{"udise":"08040115403","name":"MODERN PRINCE SEC H SEC  SCHOOL TARANAGAR","state":"RAJASTHAN","district":"CHURU","block":"TARANAGAR","indicator":"girls_toilet_nonfunctional"}},{"type":"Feature","geometry":{"type":"Point","coordinates":[74.45229,27.7873]},"properties":{"udise":"08040522603","name":"MARUDHAR SS SR  SEC. SCH. CHHAPAR","state":"RAJASTHAN","district":"CHURU","block":"SUJANGARH","indicator":"girls_toilet_nonfunctional"}},{"type":"Feature","geometry":{"type":"Point","coordinates":[74.49494,28.43508]},"properties":{"udise":"08040100207","name":"RAVI UP SANSKRIT SCHOOL PUNSISAR","state":"RAJASTHAN","district":"CHURU","block":"TARANAGAR","indicator":"girls_toilet_nonfunctional"}},{"type":"Feature","geometry":{"type":"Point","coordinates":[74.88627,28.6089]},"properties":{"udise":"08040103609","name":"SWAMI VIV.SCH.BUCHWAS","state":"RAJASTHAN","district":"CHURU","block":"TARANAGAR","indicator":"girls_toilet_nonfunctional"}},{"type":"Feature","geometry":{"type":"Point","coordinates":[74.21747,27.60956]},"properties":{"udise":"08040703804","name":"GPS DHANI JAKHDAN","state":"RAJASTHAN","district":"CHURU","block":"BIDASAR","indicator":"girls_toilet_nonfunctional"}},{"type":"Feature","geometry":{"type":"Point","coordinates":[74.41661,27.95697]},"properties":{"udise":"08040412202","name":"RAJASTHAN PUBLIC U.P. SCHOOL CHURU WARD NO 4","state":"RAJASTHAN","district":"CHURU","block":"CHURU","indicator":"girls_toilet_nonfunctional"}},{"type":"Feature","geometry":{"type":"Point","coordinates":[74.79237,28.11088]},"properties":{"udise":"08040605106","name":"GPS NAINO KI DHANI BACHHARARA","state":"RAJASTHAN","district":"CHURU","block":"RATANGARH","indicator":"girls_toilet_nonfunctional"}},{"type":"Feature","geometry":{"type":"Point","coordinates":[74.67893,28.25294]},"properties":{"udise":"08040505702","name":"GOVT SENIOR SECONDARY SCHOOL RANDHISAR","state":"RAJASTHAN","district":"CHURU","block":"SUJANGARH","indicator":"girls_toilet_nonfunctional"}},{"type":"Feature","geometry":{"type":"Point","coordinates":[74.63029,28.08071]},"properties":{"udise":"08040614602","name":"TEGOR SHIKSHAN SANSTHAN","state":"RAJASTHAN","district":"CHURU","block":"RATANGARH","indicator":"girls_toilet_nonfunctional"}},{"type":"Feature","geometry":{"type":"Point","coordinates":[75.1908,28.60196]},"properties":{"udise":"08040206203","name":"GUPS SANSKRIT BHUVADI(BHUVADI)","state":"RAJASTHAN","district":"CHURU","block":"RAJGARH","indicator":"girls_toilet_nonfunctional"}},{"type":"Feature","geometry":{"type":"Point","coordinates":[73.98432,27.53887]},"properties":{"udise":"08040521302","name":"KRISHNA VIDHYA PITH SEC. W.N. 36 SUJ.","state":"RAJASTHAN","district":"CHURU","block":"SUJANGARH","indicator":"girls_toilet_nonfunctional"}},{"type":"Feature","geometry":{"type":"Point","coordinates":[74.49172,28.4354]},"properties":{"udise":"08040318406","name":"SANT NEEB KARORI BABA PUBLIC SCHOOL","state":"RAJASTHAN","district":"CHURU","block":"SARDARSHAHAR","indicator":"girls_toilet_nonfunctional"}},{"type":"Feature","geometry":{"type":"Point","coordinates":[74.86662,28.44763]},"properties":{"udise":"08040401601","name":"GPS CHARANVASI","state":"RAJASTHAN","district":"CHURU","block":"CHURU","indicator":"girls_toilet_nonfunctional"}},{"type":"Feature","geometry":{"type":"Point","coordinates":[73.92752,27.52446]},"properties":{"udise":"08040511405","name":"ATAL SHIKSHAN SANSTHAN Tehandesar","state":"RAJASTHAN","district":"CHURU","block":"BIDASAR","indicator":"girls_toilet_nonfunctional"}},{"type":"Feature","geometry":{"type":"Point","coordinates":[74.81518,28.16488]},"properties":{"udise":"08040408601","name":"GUPS SURATPURA","state":"RAJASTHAN","district":"CHURU","block":"CHURU","indicator":"girls_toilet_nonfunctional"}},{"type":"Feature","geometry":{"type":"Point","coordinates":[74.66579,28.79824]},"properties":{"udise":"08040607205","name":"OM BAL VIDYA MANDIR GOGASAR","state":"RAJASTHAN","district":"CHURU","block":"RATANGARH","indicator":"girls_toilet_nonfunctional"}},{"type":"Feature","geometry":{"type":"Point","coordinates":[73.59843,27.48953]},"properties":{"udise":"08040704113","name":"SANSKAR PUBLIC SHIKSHAN SANSTHAN KATAR CHHOTI BIDASAR","state":"RAJASTHAN","district":"CHURU","block":"BIDASAR","indicator":"girls_toilet_nonfunctional"}},{"type":"Feature","geometry":{"type":"Point","coordinates":[74.16755,28.51651]},"properties":{"udise":"08040401404","name":"GURUKUL ACADEMY SHIKSHAN SANSTHAN SOMASI","state":"RAJASTHAN","district":"CHURU","block":"CHURU","indicator":"girls_toilet_nonfunctional"}},{"type":"Feature","geometry":{"type":"Point","coordinates":[74.56322,28.28923]},"properties":{"udise":"08040401109","name":"SWAMI KESWANAND SHIKSHAN SANSTHAN CHALKOI BANIROTAN","state":"RAJASTHAN","district":"CHURU","block":"CHURU","indicator":"girls_toilet_nonfunctional"}},{"type":"Feature","geometry":{"type":"Point","coordinates":[74.15239,27.67667]},"properties":{"udise":"08040701402","name":"GPS CHAK PAREVADA","state":"RAJASTHAN","district":"CHURU","block":"BIDASAR","indicator":"girls_toilet_nonfunctional"}},{"type":"Feature","geometry":{"type":"Point","coordinates":[74.76429,27.84203]},"properties":{"udise":"08040705502","name":"GPS NAIYON KI DHANI KOTHINADA","state":"RAJASTHAN","district":"CHURU","block":"BIDASAR","indicator":"girls_toilet_nonfunctional"}},{"type":"Feature","geometry":{"type":"Point","coordinates":[74.31039,27.83215]},"properties":{"udise":"08040707405","name":"BALAJI SHIKSHAN SANSTHAN BIDASAR","state":"RAJASTHAN","district":"CHURU","block":"BIDASAR","indicator":"girls_toilet_nonfunctional"}},{"type":"Feature","geometry":{"type":"Point","coordinates":[75.46339,28.3503]},"properties":{"udise":"08040704702","name":"GSSS KALYANSR","state":"RAJASTHAN","district":"CHURU","block":"BIDASAR","indicator":"girls_toilet_nonfunctional"}},{"type":"Feature","geometry":{"type":"Point","coordinates":[74.39114,27.71446]},"properties":{"udise":"08040302101","name":"G.U.P.S. RAJALWADA","state":"RAJASTHAN","district":"CHURU","block":"SARDARSHAHAR","indicator":"girls_toilet_nonfunctional"}},{"type":"Feature","geometry":{"type":"Point","coordinates":[75.26938,28.54685]},"properties":{"udise":"08040301603","name":"SHARADA MEMORIAL PUBLIC SHIKSHAN SANSTHAN SR SEC SCHOOL BHADASAR DIKHNADA","state":"RAJASTHAN","district":"CHURU","block":"SARDARSHAHAR","indicator":"girls_toilet_nonfunctional"}},{"type":"Feature","geometry":{"type":"Point","coordinates":[75.45933,28.83555]},"properties":{"udise":"08040703403","name":"GPS UTARADI ROHI SAJANSAR","state":"RAJASTHAN","district":"CHURU","block":"BIDASAR","indicator":"girls_toilet_nonfunctional"}},{"type":"Feature","geometry":{"type":"Point","coordinates":[75.13773,28.54267]},"properties":{"udise":"08040305602","name":"KRISHANA ADAR. SIK. SAN. LUNASAR","state":"RAJASTHAN","district":"CHURU","block":"SARDARSHAHAR","indicator":"girls_toilet_nonfunctional"}},{"type":"Feature","geometry":{"type":"Point","coordinates":[75.03812,28.66921]},"properties":{"udise":"08040217701","name":"GUPS BAS JIRAM(KHERU BADI)","state":"RAJASTHAN","district":"CHURU","block":"RAJGARH","indicator":"girls_toilet_nonfunctional"}},{"type":"Feature","geometry":{"type":"Point","coordinates":[74.72276,28.71035]},"properties":{"udise":"08040316404","name":"CMRM ADSISAR","state":"RAJASTHAN","district":"CHURU","block":"SARDARSHAHAR","indicator":"girls_toilet_nonfunctional"}},{"type":"Feature","geometry":{"type":"Point","coordinates":[74.45856,27.6929]},"properties":{"udise":"08040512106","name":"SARSWATI BALL V.M.S.LIKHMANSAR","state":"RAJASTHAN","district":"CHURU","block":"SUJANGARH","indicator":"girls_toilet_nonfunctional"}},{"type":"Feature","geometry":{"type":"Point","coordinates":[75.50698,28.46783]},"properties":{"udise":"08040219001","name":"GUPS BAS LAL SINGH (NAVAN)","state":"RAJASTHAN","district":"CHURU","block":"RAJGARH","indicator":"girls_toilet_nonfunctional"}},{"type":"Feature","geometry":{"type":"Point","coordinates":[74.34287,27.99238]},"properties":{"udise":"08040600702","name":"SHRI BUDHARAM JI SHIKSHAN SANSTHAN ALSAR RATANGARH","state":"RAJASTHAN","district":"CHURU","block":"RATANGARH","indicator":"girls_toilet_nonfunctional"}},{"type":"Feature","geometry":{"type":"Point","coordinates":[74.2016,28.41351]},"properties":{"udise":"08040316504","name":"MADRSA ISLAMIYA FEJUL QURAN GHARSISAR","state":"RAJASTHAN","district":"CHURU","block":"SARDARSHAHAR","indicator":"girls_toilet_nonfunctional"}},{"type":"Feature","geometry":{"type":"Point","coordinates":[74.16705,27.75152]},"properties":{"udise":"08040702315","name":"ADARSH SARSWATI SS SANDWA","state":"RAJASTHAN","district":"CHURU","block":"BIDASAR","indicator":"girls_toilet_nonfunctional"}},{"type":"Feature","geometry":{"type":"Point","coordinates":[73.98548,27.66668]},"properties":{"udise":"08040703606","name":"MAHARSHI DAYANAND SHIKSHAN SANSTHAN UPPER PRIMARY SCHOOL AMARSAR","state":"RAJASTHAN","district":"CHURU","block":"BIDASAR","indicator":"girls_toilet_nonfunctional"}},{"type":"Feature","geometry":{"type":"Point","coordinates":[74.44978,27.70444]},"properties":{"udise":"08040316503","name":"GUPSG  GHARSISAR","state":"RAJASTHAN","district":"CHURU","block":"SARDARSHAHAR","indicator":"girls_toilet_nonfunctional"}},{"type":"Feature","geometry":{"type":"Point","coordinates":[75.30603,28.54046]},"properties":{"udise":"08040214911","name":"GVM SIKHSHAN SANSTHAN SANKHU, SANKHU","state":"RAJASTHAN","district":"CHURU","block":"RAJGARH","indicator":"girls_toilet_nonfunctional"}},{"type":"Feature","geometry":{"type":"Point","coordinates":[75.4517,28.56575]},"properties":{"udise":"08040705804","name":"GOVT. SENIOR SECOUNDRY SCHOOL BHANWARI DEVI SUTHAR BIDASAR","state":"RAJASTHAN","district":"CHURU","block":"BIDASAR","indicator":"girls_toilet_nonfunctional"}},{"type":"Feature","geometry":{"type":"Point","coordinates":[74.46722,27.68999]},"properties":{"udise":"08040702903","name":"SARSWATI BAL SCHOOL SHIKSHAN SANSTHAN SADU CHOTI","state":"RAJASTHAN","district":"CHURU","block":"BIDASAR","indicator":"girls_toilet_nonfunctional"}},{"type":"Feature","geometry":{"type":"Point","coordinates":[74.18408,28.36121]},"properties":{"udise":"08040205605","name":"NEHRU PUBLIC SCHOOL DADREWA","state":"RAJASTHAN","district":"CHURU","block":"RAJGARH","indicator":"girls_toilet_nonfunctional"}},{"type":"Feature","geometry":{"type":"Point","coordinates":[74.06884,28.53669]},"properties":{"udise":"08040511504","name":"VIVEKANAND SS KAREJARA","state":"RAJASTHAN","district":"CHURU","block":"SUJANGARH","indicator":"girls_toilet_nonfunctional"}},{"type":"Feature","geometry":{"type":"Point","coordinates":[74.31853,28.80776]},"properties":{"udise":"08040609504","name":"GPS KHOBA BALAJI KA MANDIR BANDWA","state":"RAJASTHAN","district":"CHURU","block":"RATANGARH","indicator":"girls_toilet_nonfunctional"}},{"type":"Feature","geometry":{"type":"Point","coordinates":[74.46789,27.70984]},"properties":{"udise":"08040520902","name":"MY SCHOOL SUJANGARH","state":"RAJASTHAN","district":"CHURU","block":"SUJANGARH","indicator":"girls_toilet_nonfunctional"}},{"type":"Feature","geometry":{"type":"Point","coordinates":[75.42213,28.55644]},"properties":{"udise":"08040212501","name":"GUPS HARPALU KUBADI (LAMBOR BADI)","state":"RAJASTHAN","district":"CHURU","block":"RAJGARH","indicator":"girls_toilet_nonfunctional"}},{"type":"Feature","geometry":{"type":"Point","coordinates":[74.04952,27.63114]},"properties":{"udise":"08040701002","name":"GPS DHANI SIWRAN","state":"RAJASTHAN","district":"CHURU","block":"BIDASAR","indicator":"girls_toilet_nonfunctional"}},{"type":"Feature","geometry":{"type":"Point","coordinates":[75.45249,28.55722]},"properties":{"udise":"08040213205","name":"GANDHI VIDYA NIKETAN SIKHSHAN SANSTHAN HARPALU, BINJAVAS","state":"RAJASTHAN","district":"CHURU","block":"RAJGARH","indicator":"girls_toilet_nonfunctional"}},{"type":"Feature","geometry":{"type":"Point","coordinates":[74.6634,28.54054]},"properties":{"udise":"08040322402","name":"BAL VIDYA MANDIR SHIKSHAN SANSTHAN PHOGAN","state":"RAJASTHAN","district":"CHURU","block":"SARDARSHAHAR","indicator":"girls_toilet_nonfunctional"}},{"type":"Feature","geometry":{"type":"Point","coordinates":[74.53739,28.6189]},"properties":{"udise":"08040326106","name":"NAMAN BAL VIDHA MANDIR  SARDARSHAHAR","state":"RAJASTHAN","district":"CHURU","block":"SARDARSHAHAR","indicator":"girls_toilet_nonfunctional"}},{"type":"Feature","geometry":{"type":"Point","coordinates":[75.34513,28.43251]},"properties":{"udise":"08040214907","name":"NEHRU SS SANKHU FORT (SANKHU)","state":"RAJASTHAN","district":"CHURU","block":"RAJGARH","indicator":"girls_toilet_nonfunctional"}},{"type":"Feature","geometry":{"type":"Point","coordinates":[75.4371,28.78264]},"properties":{"udise":"08040202303","name":"GHSS BHAGELA(BHAGELA)","state":"RAJASTHAN","district":"CHURU","block":"SIDHMUKH","indicator":"girls_toilet_nonfunctional"}},{"type":"Feature","geometry":{"type":"Point","coordinates":[74.91571,28.84694]},"properties":{"udise":"08040412303","name":"MAD. ISLAMIA  NURUL ULOOM WN. 5 CHURU","state":"RAJASTHAN","district":"CHURU","block":"CHURU","indicator":"girls_toilet_nonfunctional"}},{"type":"Feature","geometry":{"type":"Point","coordinates":[74.23215,28.29122]},"properties":{"udise":"08040302004","name":"TARUN S.S. ASSASAR","state":"RAJASTHAN","district":"CHURU","block":"SARDARSHAHAR","indicator":"girls_toilet_nonfunctional"}},{"type":"Feature","geometry":{"type":"Point","coordinates":[74.54513,27.72028]},"properties":{"udise":"08040412810","name":"MADARAS SAAYDNA TOQUIR CHURU","state":"RAJASTHAN","district":"CHURU","block":"CHURU","indicator":"girls_toilet_nonfunctional"}},{"type":"Feature","geometry":{"type":"Point","coordinates":[74.48816,28.44547]},"properties":{"udise":"08040324402","name":"BALBARI ENGLISH MEDIUM SRDR W N 15","state":"RAJASTHAN","district":"CHURU","block":"SARDARSHAHAR","indicator":"girls_toilet_nonfunctional"}},{"type":"Feature","geometry":{"type":"Point","coordinates":[74.9701,28.3125]},"properties":{"udise":"08040405008","name":"MADRASA ISLAMIA KADVASAR","state":"RAJASTHAN","district":"CHURU","block":"CHURU","indicator":"girls_toilet_nonfunctional"}},{"type":"Feature","geometry":{"type":"Point","coordinates":[74.81563,28.12842]},"properties":{"udise":"08040605605","name":"YES PUBLIC SSS JANDWA","state":"RAJASTHAN","district":"CHURU","block":"RATANGARH","indicator":"girls_toilet_nonfunctional"}},{"type":"Feature","geometry":{"type":"Point","coordinates":[74.50717,28.5768]},"properties":{"udise":"08040304601","name":"G.P.S.AASPALSAR KHAMERA","state":"RAJASTHAN","district":"CHURU","block":"SARDARSHAHAR","indicator":"girls_toilet_nonfunctional"}},{"type":"Feature","geometry":{"type":"Point","coordinates":[74.34916,28.22959]},"properties":{"udise":"08040320002","name":"GPS BHAKARALI JOHAR PATALISAR BARA","state":"RAJASTHAN","district":"CHURU","block":"SARDARSHAHAR","indicator":"girls_toilet_nonfunctional"}},{"type":"Feature","geometry":{"type":"Point","coordinates":[74.62474,28.07801]},"properties":{"udise":"08040224605","name":"MADARSA JMITUL KURES SEC SCHOOL NPWD 21 RAJGARH","state":"RAJASTHAN","district":"CHURU","block":"RAJGARH","indicator":"girls_toilet_nonfunctional"}},{"type":"Feature","geometry":{"type":"Point","coordinates":[74.35783,28.6031]},"properties":{"udise":"08040307001","name":"G.U.P.S. HALASAR","state":"RAJASTHAN","district":"CHURU","block":"SARDARSHAHAR","indicator":"girls_toilet_nonfunctional"}},{"type":"Feature","geometry":{"type":"Point","coordinates":[74.27783,28.66137]},"properties":{"udise":"08040700803","name":"Bal Bharti Sansthan Dhani Kumharan","state":"RAJASTHAN","district":"CHURU","block":"BIDASAR","indicator":"girls_toilet_nonfunctional"}},{"type":"Feature","geometry":{"type":"Point","coordinates":[73.96053,27.5729]},"properties":{"udise":"08040704405","name":"GURUKUL VIDHYA PITH S.S. SR. SEC.SCHOOL BADHSR","state":"RAJASTHAN","district":"CHURU","block":"BIDASAR","indicator":"girls_toilet_nonfunctional"}},{"type":"Feature","geometry":{"type":"Point","coordinates":[74.89461,28.46792]},"properties":{"udise":"08040314001","name":"GOVT  SR. SEC. SCHOOL BHOJASAR CHHOTA","state":"RAJASTHAN","district":"CHURU","block":"SARDARSHAHAR","indicator":"girls_toilet_nonfunctional"}},{"type":"Feature","geometry":{"type":"Point","coordinates":[75.12903,27.71026]},"properties":{"udise":"08040107301","name":"GUPS GHASALA ATHUNA","state":"RAJASTHAN","district":"CHURU","block":"TARANAGAR","indicator":"girls_toilet_nonfunctional"}},{"type":"Feature","geometry":{"type":"Point","coordinates":[74.33957,28.76922]},"properties":{"udise":"08040410501","name":"GPS BASS JASVANTPURA","state":"RAJASTHAN","district":"CHURU","block":"CHURU","indicator":"girls_toilet_nonfunctional"}},{"type":"Feature","geometry":{"type":"Point","coordinates":[74.49789,28.44643]},"properties":{"udise":"08040324301","name":"KARNI SHIKSHAN SANSTHAN   W.N.14 SRDR","state":"RAJASTHAN","district":"CHURU","block":"SARDARSHAHAR","indicator":"girls_toilet_nonfunctional"}},{"type":"Feature","geometry":{"type":"Point","coordinates":[74.4435,27.98918]},"properties":{"udise":"08040601503","name":"SHIV SS UPS DASSUSAR","state":"RAJASTHAN","district":"CHURU","block":"RATANGARH","indicator":"girls_toilet_nonfunctional"}},{"type":"Feature","geometry":{"type":"Point","coordinates":[74.55739,28.12085]},"properties":{"udise":"08040701902","name":"GOVT. PRIMARY SCHOOL GHANTIYAL CHHOTI","state":"RAJASTHAN","district":"CHURU","block":"BIDASAR","indicator":"girls_toilet_nonfunctional"}},{"type":"Feature","geometry":{"type":"Point","coordinates":[74.34139,27.96303]},"properties":{"udise":"08040707007","name":"GOVT. GIRLS SENIOR SECONDARY SCHOOL DHADHERU BHAMUWAN","state":"RAJASTHAN","district":"CHURU","block":"BIDASAR","indicator":"girls_toilet_nonfunctional"}},{"type":"Feature","geometry":{"type":"Point","coordinates":[74.41897,28.40563]},"properties":{"udise":"08040205102","name":"MAHATMA GANDHI GOVT. SCHOOL MAHALANA DIKHNADA","state":"RAJASTHAN","district":"CHURU","block":"RAJGARH","indicator":"girls_toilet_nonfunctional"}},{"type":"Feature","geometry":{"type":"Point","coordinates":[74.66346,28.6271]},"properties":{"udise":"08040405308","name":"RANASAR KIDS ACADEMY SANSTHAN","state":"RAJASTHAN","district":"CHURU","block":"CHURU","indicator":"girls_toilet_nonfunctional"}},{"type":"Feature","geometry":{"type":"Point","coordinates":[74.37246,28.27319]},"properties":{"udise":"08040318306","name":"SARSWATI PUBLIC SHIKSHAN SANSTHAN PATLISAR BADA","state":"RAJASTHAN","district":"CHURU","block":"SARDARSHAHAR","indicator":"girls_toilet_nonfunctional"}},{"type":"Feature","geometry":{"type":"Point","coordinates":[74.62453,28.08376]},"properties":{"udise":"08040615203","name":"MAHATMA GANDHI GOVT SCHOOL BAPUNAGAR RATANGARH","state":"RAJASTHAN","district":"CHURU","block":"RATANGARH","indicator":"girls_toilet_nonfunctional"}},{"type":"Feature","geometry":{"type":"Point","coordinates":[75.3432,28.89971]},"properties":{"udise":"08040110301","name":"GUPS GOGATIA KACHAVTAN","state":"RAJASTHAN","district":"CHURU","block":"TARANAGAR","indicator":"girls_toilet_nonfunctional"}},{"type":"Feature","geometry":{"type":"Point","coordinates":[74.67983,28.25309]},"properties":{"udise":"08040404401","name":"GPS DHIRASAR BIKAN","state":"RAJASTHAN","district":"CHURU","block":"CHURU","indicator":"girls_toilet_nonfunctional"}},{"type":"Feature","geometry":{"type":"Point","coordinates":[74.3918,27.75137]},"properties":{"udise":"08040705108","name":"VIVEKANAND VIDYA ASHRAM SR. SEC. SCHOOL LALGARH","state":"RAJASTHAN","district":"CHURU","block":"BIDASAR","indicator":"girls_toilet_nonfunctional"}},{"type":"Feature","geometry":{"type":"Point","coordinates":[74.48473,28.69982]},"properties":{"udise":"08040328601","name":"GGUPS  PICHKRAIN TAL","state":"RAJASTHAN","district":"CHURU","block":"SARDARSHAHAR","indicator":"girls_toilet_nonfunctional"}},{"type":"Feature","geometry":{"type":"Point","coordinates":[75.00218,28.57398]},"properties":{"udise":"08040316007","name":"SWAMI VIVEKANAD SHIK. SANSTAN RATUSAR","state":"RAJASTHAN","district":"CHURU","block":"SARDARSHAHAR","indicator":"girls_toilet_nonfunctional"}},{"type":"Feature","geometry":{"type":"Point","coordinates":[74.07366,27.62308]},"properties":{"udise":"08040323404","name":"G.U.P.S. ANIWARYA NO 1  SARDARSHAHAR","state":"RAJASTHAN","district":"CHURU","block":"SARDARSHAHAR","indicator":"girls_toilet_nonfunctional"}},{"type":"Feature","geometry":{"type":"Point","coordinates":[74.53909,28.36997]},"properties":{"udise":"08040312502","name":"S.P.S.S.MEHRASAR CHACHERA","state":"RAJASTHAN","district":"CHURU","block":"SARDARSHAHAR","indicator":"girls_toilet_nonfunctional"}},{"type":"Feature","geometry":{"type":"Point","coordinates":[74.23883,27.87093]},"properties":{"udise":"08040503502","name":"TEGORE INDIAN S JINRASAR","state":"RAJASTHAN","district":"CHURU","block":"SUJANGARH","indicator":"girls_toilet_nonfunctional"}},{"type":"Feature","geometry":{"type":"Point","coordinates":[74.98132,28.30786]},"properties":{"udise":"08040202705","name":"SARVODAY PUB SEC SCHOOL HANSIYAVAS","state":"RAJASTHAN","district":"CHURU","block":"SIDHMUKH","indicator":"girls_toilet_nonfunctional"}},{"type":"Feature","geometry":{"type":"Point","coordinates":[74.33787,28.03854]},"properties":{"udise":"08040324702","name":"PS BALBADI","state":"RAJASTHAN","district":"CHURU","block":"SARDARSHAHAR","indicator":"girls_toilet_nonfunctional"}},{"type":"Feature","geometry":{"type":"Point","coordinates":[74.96829,28.28299]},"properties":{"udise":"08040702609","name":"GUPS SUNADITAL UTALAD","state":"RAJASTHAN","district":"CHURU","block":"BIDASAR","indicator":"girls_toilet_nonfunctional"}},{"type":"Feature","geometry":{"type":"Point","coordinates":[74.6259,28.08118]},"properties":{"udise":"08040700402","name":"VIVEKANAND SS RUPELI","state":"RAJASTHAN","district":"CHURU","block":"BIDASAR","indicator":"girls_toilet_nonfunctional"}},{"type":"Feature","geometry":{"type":"Point","coordinates":[74.50065,28.44697]},"properties":{"udise":"08040106907","name":"BAL VIDYA MANDIR UPS BAIN","state":"RAJASTHAN","district":"CHURU","block":"TARANAGAR","indicator":"girls_toilet_nonfunctional"}},{"type":"Feature","geometry":{"type":"Point","coordinates":[74.70351,28.64615]},"properties":{"udise":"08040707004","name":"GPS LAKHANA JOHAD","state":"RAJASTHAN","district":"CHURU","block":"BIDASAR","indicator":"girls_toilet_nonfunctional"}},{"type":"Feature","geometry":{"type":"Point","coordinates":[74.18381,27.44949]},"properties":{"udise":"08040511802","name":"GPS DHANI TOKANA W.N.15","state":"RAJASTHAN","district":"CHURU","block":"SUJANGARH","indicator":"girls_toilet_nonfunctional"}},{"type":"Feature","geometry":{"type":"Point","coordinates":[74.23114,27.7275]},"properties":{"udise":"08040700910","name":"SHARDHA BALL NIKETAN DANI KALERAN","state":"RAJASTHAN","district":"CHURU","block":"BIDASAR","indicator":"girls_toilet_nonfunctional"}},{"type":"Feature","geometry":{"type":"Point","coordinates":[74.34871,28.40934]},"properties":{"udise":"08040217116","name":"RS MEMORIAL PUBLIC SCHOOL RAMPURA","state":"RAJASTHAN","district":"CHURU","block":"RAJGARH","indicator":"girls_toilet_nonfunctional"}},{"type":"Feature","geometry":{"type":"Point","coordinates":[74.47017,27.68907]},"properties":{"udise":"08040407206","name":"SHRI KARNI VIDYA MANDIR SHIKSHAN SANSTHAN DEPALSAR","state":"RAJASTHAN","district":"CHURU","block":"CHURU","indicator":"girls_toilet_nonfunctional"}},{"type":"Feature","geometry":{"type":"Point","coordinates":[74.25253,28.75216]},"properties":{"udise":"08040205621","name":"PRERNA PUB SIKHSHAN SANSTHAN DADREWA","state":"RAJASTHAN","district":"CHURU","block":"RAJGARH","indicator":"girls_toilet_nonfunctional"}},{"type":"Feature","geometry":{"type":"Point","coordinates":[74.60523,28.16124]},"properties":{"udise":"08040606807","name":"GPSKUMAHARON KI DHANI","state":"RAJASTHAN","district":"CHURU","block":"RATANGARH","indicator":"girls_toilet_nonfunctional"}},{"type":"Feature","geometry":{"type":"Point","coordinates":[75.21574,28.74186]},"properties":{"udise":"08040400301","name":"GUPS KHANDVA PATTA JHARIA","state":"RAJASTHAN","district":"CHURU","block":"CHURU","indicator":"girls_toilet_nonfunctional"}},{"type":"Feature","geometry":{"type":"Point","coordinates":[74.93083,28.2415]},"properties":{"udise":"08040320001","name":"MAHATMA GANDHI GOVT. SCHOOL PATLISAR CHHOTA","state":"RAJASTHAN","district":"CHURU","block":"SARDARSHAHAR","indicator":"girls_toilet_nonfunctional"}},{"type":"Feature","geometry":{"type":"Point","coordinates":[74.49578,27.93743]},"properties":{"udise":"08040610606","name":"SARASWATI SHIKSHAN SHASTHAN PAYALI","state":"RAJASTHAN","district":"CHURU","block":"RATANGARH","indicator":"girls_toilet_nonfunctional"}},{"type":"Feature","geometry":{"type":"Point","coordinates":[75.3836,28.64403]},"properties":{"udise":"08040224604","name":"GUPS NO. 1 RAJGARH","state":"RAJASTHAN","district":"CHURU","block":"RAJGARH","indicator":"girls_toilet_nonfunctional"}},{"type":"Feature","geometry":{"type":"Point","coordinates":[75.15273,28.78505]},"properties":{"udise":"08040314701","name":"GOVT. SENIOR SECONDARY SCHOOL LUNKARANSAR ROAD SAWAIBARI","state":"RAJASTHAN","district":"CHURU","block":"SARDARSHAHAR","indicator":"girls_toilet_nonfunctional"}},{"type":"Feature","geometry":{"type":"Point","coordinates":[74.50556,28.6924]},"properties":{"udise":"08040500215","name":"SHIVPAL SS SEC. SHOBHSAR","state":"RAJASTHAN","district":"CHURU","block":"SUJANGARH","indicator":"girls_toilet_nonfunctional"}},{"type":"Feature","geometry":{"type":"Point","coordinates":[75.31691,28.63165]},"properties":{"udise":"08040207501","name":"GUPS JHUNGALI (DOKWA)","state":"RAJASTHAN","district":"CHURU","block":"RAJGARH","indicator":"girls_toilet_nonfunctional"}},{"type":"Feature","geometry":{"type":"Point","coordinates":[74.4738,28.43602]},"properties":{"udise":"08040415005","name":"GPS BALMIKI BASTI CHURU","state":"RAJASTHAN","district":"CHURU","block":"CHURU","indicator":"girls_toilet_nonfunctional"}},{"type":"Feature","geometry":{"type":"Point","coordinates":[74.51094,27.83176]},"properties":{"udise":"08040505603","name":"AMBIKA SHIKSHAN SANSTHAN KHALIYA","state":"RAJASTHAN","district":"CHURU","block":"SUJANGARH","indicator":"girls_toilet_nonfunctional"}},{"type":"Feature","geometry":{"type":"Point","coordinates":[75.35921,28.37337]},"properties":{"udise":"08040220305","name":"TAIGORE PUBLIC SHIKSHAN SANSATHAN RAVATSAR RAJGARH","state":"RAJASTHAN","district":"CHURU","block":"RAJGARH","indicator":"girls_toilet_nonfunctional"}},{"type":"Feature","geometry":{"type":"Point","coordinates":[74.41149,28.23263]},"properties":{"udise":"08040305603","name":"C N P S S LUNASAR","state":"RAJASTHAN","district":"CHURU","block":"SARDARSHAHAR","indicator":"girls_toilet_nonfunctional"}},{"type":"Feature","geometry":{"type":"Point","coordinates":[74.91682,28.84425]},"properties":{"udise":"08040703003","name":"GUPS SADU BARI","state":"RAJASTHAN","district":"CHURU","block":"BIDASAR","indicator":"girls_toilet_nonfunctional"}},{"type":"Feature","geometry":{"type":"Point","coordinates":[75.08293,28.35938]},"properties":{"udise":"08040409103","name":"MADRSHA ABDUL GANI  SHAH BHATI PRIMARY ASLU","state":"RAJASTHAN","district":"CHURU","block":"CHURU","indicator":"girls_toilet_nonfunctional"}},{"type":"Feature","geometry":{"type":"Point","coordinates":[74.49814,28.42993]},"properties":{"udise":"08040324304","name":"TAGORE PUB.SEC.SCHOOL SARDARSHAHAR","state":"RAJASTHAN","district":"CHURU","block":"SARDARSHAHAR","indicator":"girls_toilet_nonfunctional"}},{"type":"Feature","geometry":{"type":"Point","coordinates":[74.47203,27.69204]},"properties":{"udise":"08040307106","name":"GOVT. PRIMARY SCHOOL DHANI BHAKARAN","state":"RAJASTHAN","district":"CHURU","block":"SARDARSHAHAR","indicator":"girls_toilet_nonfunctional"}},{"type":"Feature","geometry":{"type":"Point","coordinates":[75.42168,28.49023]},"properties":{"udise":"08040311102","name":"SARSHWATI BAL   W.S. DHANI DUDGIRI","state":"RAJASTHAN","district":"CHURU","block":"SARDARSHAHAR","indicator":"girls_toilet_nonfunctional"}},{"type":"Feature","geometry":{"type":"Point","coordinates":[75.39526,28.72407]},"properties":{"udise":"08040521803","name":"SARSVATI V. M. S. S. SEC. SCHOOL CHHAPAR","state":"RAJASTHAN","district":"CHURU","block":"SUJANGARH","indicator":"girls_toilet_nonfunctional"}},{"type":"Feature","geometry":{"type":"Point","coordinates":[74.32485,28.49786]},"properties":{"udise":"08040704610","name":"SHRI KRISHAN GOPAL SHIKSHAN SANSTHA JOGALSAR","state":"RAJASTHAN","district":"CHURU","block":"BIDASAR","indicator":"girls_toilet_nonfunctional"}},{"type":"Feature","geometry":{"type":"Point","coordinates":[74.57122,28.79777]},"properties":{"udise":"08040318003","name":"K.K.SHIKSHAN SANSTHAN  KALWASIYA","state":"RAJASTHAN","district":"CHURU","block":"SARDARSHAHAR","indicator":"girls_toilet_nonfunctional"}},{"type":"Feature","geometry":{"type":"Point","coordinates":[74.77271,28.13502]},"properties":{"udise":"08040200119","name":"ASHOKA PUB. SEC. SCHOOL SIDHMUKH","state":"RAJASTHAN","district":"CHURU","block":"SIDHMUKH","indicator":"girls_toilet_nonfunctional"}},{"type":"Feature","geometry":{"type":"Point","coordinates":[75.34462,28.4342]},"properties":{"udise":"08040214906","name":"SHREE GAYATRI VM SIKHSHA SAMITI SANKHU FORT, SANKHU","state":"RAJASTHAN","district":"CHURU","block":"RAJGARH","indicator":"girls_toilet_nonfunctional"}},{"type":"Feature","geometry":{"type":"Point","coordinates":[74.30178,27.76469]},"properties":{"udise":"08040300706","name":"ARYAVART SHIKSHAN SAN SONPALSAR","state":"RAJASTHAN","district":"CHURU","block":"SARDARSHAHAR","indicator":"girls_toilet_nonfunctional"}},{"type":"Feature","geometry":{"type":"Point","coordinates":[74.97879,28.89816]},"properties":{"udise":"08040106401","name":"GUPS RAGHEDI","state":"RAJASTHAN","district":"CHURU","block":"TARANAGAR","indicator":"girls_toilet_nonfunctional"}},{"type":"Feature","geometry":{"type":"Point","coordinates":[74.11422,27.72997]},"properties":{"udise":"08040702404","name":"A BAL VIDYA MANDIR SAMITI  BAMBU","state":"RAJASTHAN","district":"CHURU","block":"BIDASAR","indicator":"girls_toilet_nonfunctional"}},{"type":"Feature","geometry":{"type":"Point","coordinates":[75.41678,28.48056]},"properties":{"udise":"08040404102","name":"GSSS JASASAR","state":"RAJASTHAN","district":"CHURU","block":"CHURU","indicator":"girls_toilet_nonfunctional"}},{"type":"Feature","geometry":{"type":"Point","coordinates":[74.49262,28.47323]},"properties":{"udise":"08040323903","name":"KIDS CRAZE SCHOOL SARDARSHAHAR","state":"RAJASTHAN","district":"CHURU","block":"SARDARSHAHAR","indicator":"girls_toilet_nonfunctional"}},{"type":"Feature","geometry":{"type":"Point","coordinates":[75.456,28.37414]},"properties":{"udise":"08040607207","name":"X GEN KIDS CAMP GOGASAR","state":"RAJASTHAN","district":"CHURU","block":"RATANGARH","indicator":"girls_toilet_nonfunctional"}},{"type":"Feature","geometry":{"type":"Point","coordinates":[74.33142,28.76489]},"properties":{"udise":"08040306105","name":"BHAWANI NIKETAN SHIKSHAN SANSTHAN SAWAR","state":"RAJASTHAN","district":"CHURU","block":"SARDARSHAHAR","indicator":"girls_toilet_nonfunctional"}},{"type":"Feature","geometry":{"type":"Point","coordinates":[74.80237,28.78519]},"properties":{"udise":"08040100504","name":"SARDAR BHAGAT SINGH SEC.SS RAIYATUNDA","state":"RAJASTHAN","district":"CHURU","block":"TARANAGAR","indicator":"girls_toilet_nonfunctional"}},{"type":"Feature","geometry":{"type":"Point","coordinates":[75.44082,28.67225]},"properties":{"udise":"08040209401","name":"GPS LUTANA RAJU(GULPURA)","state":"RAJASTHAN","district":"CHURU","block":"RAJGARH","indicator":"girls_toilet_nonfunctional"}},{"type":"Feature","geometry":{"type":"Point","coordinates":[74.96222,28.29273]},"properties":{"udise":"08040302602","name":"G.P.S.INDLIA JOHAR BILYU BAS","state":"RAJASTHAN","district":"CHURU","block":"SARDARSHAHAR","indicator":"girls_toilet_nonfunctional"}},{"type":"Feature","geometry":{"type":"Point","coordinates":[74.17503,27.45014]},"properties":{"udise":"08040603002","name":"GSSS KANVARI","state":"RAJASTHAN","district":"CHURU","block":"RATANGARH","indicator":"girls_toilet_nonfunctional"}},{"type":"Feature","geometry":{"type":"Point","coordinates":[74.59653,27.97339]},"properties":{"udise":"08040306002","name":"SSS UPSS SADASAR","state":"RAJASTHAN","district":"CHURU","block":"SARDARSHAHAR","indicator":"girls_toilet_nonfunctional"}},{"type":"Feature","geometry":{"type":"Point","coordinates":[74.36802,28.03157]},"properties":{"udise":"08040700912","name":"BALAJI EDUCATIONAL I  DHANI KALERA","state":"RAJASTHAN","district":"CHURU","block":"BIDASAR","indicator":"girls_toilet_nonfunctional"}},{"type":"Feature","geometry":{"type":"Point","coordinates":[75.41713,28.82667]},"properties":{"udise":"08040302903","name":"SHREE RAM SHIKSHAN SANSTHAN MEHRASAR UPADHIYAN","state":"RAJASTHAN","district":"CHURU","block":"SARDARSHAHAR","indicator":"girls_toilet_nonfunctional"}},{"type":"Feature","geometry":{"type":"Point","coordinates":[74.60128,28.56377]},"properties":{"udise":"08040310102","name":"GOVT SENIOR SECONDARY SCHOOL DHANI PANCHERA","state":"RAJASTHAN","district":"CHURU","block":"SARDARSHAHAR","indicator":"girls_toilet_nonfunctional"}},{"type":"Feature","geometry":{"type":"Point","coordinates":[75.41876,28.69862]},"properties":{"udise":"08040209004","name":"TAGORE ACADEMY PUB SCHOOL GULPURA, GULPURA","state":"RAJASTHAN","district":"CHURU","block":"RAJGARH","indicator":"girls_toilet_nonfunctional"}},{"type":"Feature","geometry":{"type":"Point","coordinates":[74.76773,28.68437]},"properties":{"udise":"08040100401","name":"GUPS BASS SARAYAN","state":"RAJASTHAN","district":"CHURU","block":"TARANAGAR","indicator":"girls_toilet_nonfunctional"}},{"type":"Feature","geometry":{"type":"Point","coordinates":[75.02341,28.77366]},"properties":{"udise":"08040317208","name":"GJ UPS BARJANGSAR","state":"RAJASTHAN","district":"CHURU","block":"SARDARSHAHAR","indicator":"girls_toilet_nonfunctional"}},{"type":"Feature","geometry":{"type":"Point","coordinates":[74.54346,28.32746]},"properties":{"udise":"08040615201","name":"MADARSA ASHRAFIYA GAREEB NAWAZ (UPS), RATANGARH,CHURU","state":"RAJASTHAN","district":"CHURU","block":"RATANGARH","indicator":"girls_toilet_nonfunctional"}},{"type":"Feature","geometry":{"type":"Point","coordinates":[76.57876,27.06053]},"properties":{"udise":"08110125402","name":"ACADEMIC HEIGHTS PUB.SC.WARD 21","state":"RAJASTHAN","district":"DAUSA","block":"BANDIKUI","indicator":"no_girls_toilet"}},{"type":"Feature","geometry":{"type":"Point","coordinates":[76.61352,26.80566]},"properties":{"udise":"08110509602","name":"GOVT. PS BICHALA BAS","state":"RAJASTHAN","district":"DAUSA","block":"SIKRAI","indicator":"no_girls_toilet"}},{"type":"Feature","geometry":{"type":"Point","coordinates":[76.46831,27.04444]},"properties":{"udise":"08110105501","name":"GOVT. PRAVISHIKA SANSKRIT SCHOOL TATIYA THAILAWAS","state":"RAJASTHAN","district":"DAUSA","block":"BANDIKUI","indicator":"no_girls_toilet"}},{"type":"Feature","geometry":{"type":"Point","coordinates":[76.59594,26.8861]},"properties":{"udise":"08110503802","name":"GOVT. PS BAIRWA BAS KI DHANI","state":"RAJASTHAN","district":"DAUSA","block":"SIKANDARA","indicator":"no_girls_toilet"}},{"type":"Feature","geometry":{"type":"Point","coordinates":[76.44342,26.95936]},"properties":{"udise":"08110210801","name":"GOVT. PS LOHSARI","state":"RAJASTHAN","district":"DAUSA","block":"DAUSA","indicator":"no_girls_toilet"}},{"type":"Feature","geometry":{"type":"Point","coordinates":[76.89463,27.07472]},"properties":{"udise":"08110408302","name":"GOVT. SSS. RASIDPUR","state":"RAJASTHAN","district":"DAUSA","block":"MAHWA","indicator":"no_girls_toilet"}},{"type":"Feature","geometry":{"type":"Point","coordinates":[76.54958,27.0812]},"properties":{"udise":"08110109804","name":"UP TAIGOR VM KOLANA","state":"RAJASTHAN","district":"DAUSA","block":"BASWA","indicator":"no_girls_toilet"}},{"type":"Feature","geometry":{"type":"Point","coordinates":[76.2957,26.88039]},"properties":{"udise":"08110608901","name":"GOVT. PS SABALPURA","state":"RAJASTHAN","district":"DAUSA","block":"LAWAN","indicator":"no_girls_toilet"}},{"type":"Feature","geometry":{"type":"Point","coordinates":[76.37166,26.51435]},"properties":{"udise":"08110300102","name":"GOVT. SS V.U.SANSKRIT KHEMAWAS","state":"RAJASTHAN","district":"DAUSA","block":"LALSOT","indicator":"no_girls_toilet"}},{"type":"Feature","geometry":{"type":"Point","coordinates":[76.33489,26.87372]},"properties":{"udise":"08110226905","name":"GOVT. UPS SANSKRIT RAVAN KA TILA","state":"RAJASTHAN","district":"DAUSA","block":"DAUSA","indicator":"no_girls_toilet"}},{"type":"Feature","geometry":{"type":"Point","coordinates":[76.94438,27.02562]},"properties":{"udise":"08110409602","name":"GOVT. RESI. SCHOOL NAYA GOAN","state":"RAJASTHAN","district":"DAUSA","block":"MAHWA","indicator":"no_girls_toilet"}},{"type":"Feature","geometry":{"type":"Point","coordinates":[76.32793,26.56903]},"properties":{"udise":"08110336201","name":"MAHATMA GANDHI GOVT. SCHOOL BASIC SHALA LALSOT","state":"RAJASTHAN","district":"DAUSA","block":"LALSOT","indicator":"no_girls_toilet"}},{"type":"Feature","geometry":{"type":"Point","coordinates":[76.45665,26.94228]},"properties":{"udise":"08110210601","name":"ADARSH GYAN NIKETAN","state":"RAJASTHAN","district":"DAUSA","block":"DAUSA","indicator":"no_girls_toilet"}},{"type":"Feature","geometry":{"type":"Point","coordinates":[76.53419,26.98993]},"properties":{"udise":"08110111601","name":"GOVT SENIOR SECONDARY SCHOOL SHYAM SINGH PURA","state":"RAJASTHAN","district":"DAUSA","block":"BANDIKUI","indicator":"no_girls_toilet"}},{"type":"Feature","geometry":{"type":"Point","coordinates":[76.80861,27.12352]},"properties":{"udise":"08110116604","name":"GOVT. PS JHIRI KI DHANI","state":"RAJASTHAN","district":"DAUSA","block":"BAIJUPADA","indicator":"no_girls_toilet"}},{"type":"Feature","geometry":{"type":"Point","coordinates":[76.5822,26.88204]},"properties":{"udise":"08110508603","name":"GOVT. PS BAD WALI DHANI JHARNA","state":"RAJASTHAN","district":"DAUSA","block":"SIKANDARA","indicator":"no_girls_toilet"}},{"type":"Feature","geometry":{"type":"Point","coordinates":[76.7575,27.09118]},"properties":{"udise":"08110118201","name":"GOVT. PS KANETI","state":"RAJASTHAN","district":"DAUSA","block":"BAIJUPADA","indicator":"no_girls_toilet"}},{"type":"Feature","geometry":{"type":"Point","coordinates":[76.38088,26.92807]},"properties":{"udise":"08110204204","name":"SHREE VIDHYA MANDIR KHANBHANKRI","state":"RAJASTHAN","district":"DAUSA","block":"DAUSA","indicator":"no_girls_toilet"}},{"type":"Feature","geometry":{"type":"Point","coordinates":[76.71,27.017]},"properties":{"udise":"08110119702","name":"GOVT.UPS MOTUKA KA TIBARA","state":"RAJASTHAN","district":"DAUSA","block":"BAIJUPADA","indicator":"no_girls_toilet"}},{"type":"Feature","geometry":{"type":"Point","coordinates":[76.19076,26.5423]},"properties":{"udise":"08110320004","name":"LOVY PUBLIC SEC.SCHOOL","state":"RAJASTHAN","district":"DAUSA","block":"LALSOT","indicator":"no_girls_toilet"}},{"type":"Feature","geometry":{"type":"Point","coordinates":[76.47298,26.95103]},"properties":{"udise":"08110107001","name":"GOVT. UPS BHOJWADA","state":"RAJASTHAN","district":"DAUSA","block":"BANDIKUI","indicator":"no_girls_toilet"}},{"type":"Feature","geometry":{"type":"Point","coordinates":[76.34009,26.89175]},"properties":{"udise":"08110228001","name":"GOVT. SS GIRLS GANDHI CHOK","state":"RAJASTHAN","district":"DAUSA","block":"DAUSA","indicator":"no_girls_toilet"}},{"type":"Feature","geometry":{"type":"Point","coordinates":[76.68231,26.97288]},"properties":{"udise":"08110506814","name":"MADRSA TAMIMUL ISLAM PS MANPUR","state":"RAJASTHAN","district":"DAUSA","block":"SIKRAI","indicator":"no_girls_toilet"}},{"type":"Feature","geometry":{"type":"Point","coordinates":[76.33175,26.89259]},"properties":{"udise":"08110226504","name":"MADARSA HAFIJ AL KURAN WARD 9","state":"RAJASTHAN","district":"DAUSA","block":"DAUSA","indicator":"no_girls_toilet"}},{"type":"Feature","geometry":{"type":"Point","coordinates":[76.37247,26.9534]},"properties":{"udise":"08110204307","name":"GOVT. UPS LALU KA BAS","state":"RAJASTHAN","district":"DAUSA","block":"DAUSA","indicator":"no_girls_toilet"}},{"type":"Feature","geometry":{"type":"Point","coordinates":[76.36568,27.02445]},"properties":{"udise":"08110208704","name":"MAA BADI PRATHMIK SHIKSHA KENDRA JHEEL KI DHANI","state":"RAJASTHAN","district":"DAUSA","block":"DAUSA","indicator":"no_girls_toilet"}},{"type":"Feature","geometry":{"type":"Point","coordinates":[76.41699,26.67008]},"properties":{"udise":"08110316902","name":"GOVT. UPPER PRIMARY SCHOOL AMRYA JHINGRYA KI DHANI GHATA","state":"RAJASTHAN","district":"DAUSA","block":"LALSOT","indicator":"no_girls_toilet"}},{"type":"Feature","geometry":{"type":"Point","coordinates":[76.26037,26.81913]},"properties":{"udise":"08110602702","name":"GOVT. SSS DHIGARIYA","state":"RAJASTHAN","district":"DAUSA","block":"LAWAN","indicator":"no_girls_toilet"}},{"type":"Feature","geometry":{"type":"Point","coordinates":[76.60652,26.79094]},"properties":{"udise":"08110509704","name":"GOVT. SSS GADHORA","state":"RAJASTHAN","district":"DAUSA","block":"SIKRAI","indicator":"no_girls_toilet"}},{"type":"Feature","geometry":{"type":"Point","coordinates":[76.49208,26.80624]},"properties":{"udise":"08110502205","name":"SHIV PUBLIC SHIKSHA SAMITI","state":"RAJASTHAN","district":"DAUSA","block":"SIKANDARA","indicator":"no_girls_toilet"}},{"type":"Feature","geometry":{"type":"Point","coordinates":[76.39232,26.46543]},"properties":{"udise":"08110304405","name":"GOVT. PS SAH TALA DHANI","state":"RAJASTHAN","district":"DAUSA","block":"LALSOT","indicator":"no_girls_toilet"}},{"type":"Feature","geometry":{"type":"Point","coordinates":[76.30993,26.88286]},"properties":{"udise":"08110226708","name":"MADARSA HIDAYTULULUM  ARB- ISL","state":"RAJASTHAN","district":"DAUSA","block":"DAUSA","indicator":"no_girls_toilet"}},{"type":"Feature","geometry":{"type":"Point","coordinates":[76.44372,26.73733]},"properties":{"udise":"08110604401","name":"GOVT. PS TAMOLIYON KI DHANI","state":"RAJASTHAN","district":"DAUSA","block":"NANGAL RAJAWATAN","indicator":"no_girls_toilet"}},{"type":"Feature","geometry":{"type":"Point","coordinates":[76.34473,26.56985]},"properties":{"udise":"08110316402","name":"GOVT. UPS SHIVNANDA","state":"RAJASTHAN","district":"DAUSA","block":"LALSOT","indicator":"no_girls_toilet"}},{"type":"Feature","geometry":{"type":"Point","coordinates":[76.57644,26.83425]},"properties":{"udise":"08110510007","name":"JAIMINEE DEEP UPS AVM","state":"RAJASTHAN","district":"DAUSA","block":"SIKANDARA","indicator":"no_girls_toilet"}},{"type":"Feature","geometry":{"type":"Point","coordinates":[76.80018,27.12314]},"properties":{"udise":"08110116602","name":"GOVT. SEINOR SEC.SCHOOL BAWDIKHEDA","state":"RAJASTHAN","district":"DAUSA","block":"BAIJUPADA","indicator":"no_girls_toilet"}},{"type":"Feature","geometry":{"type":"Point","coordinates":[76.93274,27.01978]},"properties":{"udise":"08110414302","name":"SUN SHINE PUBLIC SCHOOL","state":"RAJASTHAN","district":"DAUSA","block":"MAHWA","indicator":"no_girls_toilet"}},{"type":"Feature","geometry":{"type":"Point","coordinates":[76.66528,26.96678]},"properties":{"udise":"08110506804","name":"GOVT. PS GOLA KA BAS MANPUR","state":"RAJASTHAN","district":"DAUSA","block":"SIKRAI","indicator":"no_girls_toilet"}},{"type":"Feature","geometry":{"type":"Point","coordinates":[76.6748,26.98603]},"properties":{"udise":"08110119201","name":"GOVT. UPS RANAPADA","state":"RAJASTHAN","district":"DAUSA","block":"BAIJUPADA","indicator":"no_girls_toilet"}},{"type":"Feature","geometry":{"type":"Point","coordinates":[76.32078,26.59435]},"properties":{"udise":"08110317519","name":"KIRAN PRABHA INTERNATIONAL DIDWANA","state":"RAJASTHAN","district":"DAUSA","block":"LALSOT","indicator":"no_girls_toilet"}},{"type":"Feature","geometry":{"type":"Point","coordinates":[76.87664,27.08764]},"properties":{"udise":"08110408001","name":"GOVT. UPS BIRASANA","state":"RAJASTHAN","district":"DAUSA","block":"MANDAWAR","indicator":"no_girls_toilet"}},{"type":"Feature","geometry":{"type":"Point","coordinates":[76.79728,27.08917]},"properties":{"udise":"08110116506","name":"GOVT. SS HINGOTA","state":"RAJASTHAN","district":"DAUSA","block":"BAIJUPADA","indicator":"no_girls_toilet"}},{"type":"Feature","geometry":{"type":"Point","coordinates":[76.51205,27.05672]},"properties":{"udise":"08110108804","name":"JAI SHREE KESHAV VIDYA VEEHAR","state":"RAJASTHAN","district":"DAUSA","block":"BASWA","indicator":"no_girls_toilet"}},{"type":"Feature","geometry":{"type":"Point","coordinates":[76.25792,26.66399]},"properties":{"udise":"08110303504","name":"STAR SAN. VID. MANDIR BEELKA","state":"RAJASTHAN","district":"DAUSA","block":"RAMGARH PACHWARA","indicator":"no_girls_toilet"}},{"type":"Feature","geometry":{"type":"Point","coordinates":[76.67177,26.9969]},"properties":{"udise":"08110119203","name":"GOVT. UPS CHUTTAN KI DHANI","state":"RAJASTHAN","district":"DAUSA","block":"BAIJUPADA","indicator":"no_girls_toilet"}},{"type":"Feature","geometry":{"type":"Point","coordinates":[76.8715,27.22784]},"properties":{"udise":"08110403501","name":"GOVT. UPS NANGAL MEV","state":"RAJASTHAN","district":"DAUSA","block":"MANDAWAR","indicator":"no_girls_toilet"}},{"type":"Feature","geometry":{"type":"Point","coordinates":[76.60815,27.04268]},"properties":{"udise":"08110115902","name":"GOVT. PS TODA WALON KA BAS","state":"RAJASTHAN","district":"DAUSA","block":"BANDIKUI","indicator":"no_girls_toilet"}},{"type":"Feature","geometry":{"type":"Point","coordinates":[76.17197,26.67417]},"properties":{"udise":"08110314403","name":"MAA BADI PRATHMIK SHIKSHA CENTERC CHANDAWAS","state":"RAJASTHAN","district":"DAUSA","block":"RAMGARH PACHWARA","indicator":"no_girls_toilet"}},{"type":"Feature","geometry":{"type":"Point","coordinates":[76.32956,26.67974]},"properties":{"udise":"08110312302","name":"GOVT. PS DHANDYA DHANI DHOLAWS","state":"RAJASTHAN","district":"DAUSA","block":"RAMGARH PACHWARA","indicator":"no_girls_toilet"}},{"type":"Feature","geometry":{"type":"Point","coordinates":[76.56889,27.09751]},"properties":{"udise":"08110114006","name":"GOVT. PS GULLANA","state":"RAJASTHAN","district":"DAUSA","block":"BASWA","indicator":"no_girls_toilet"}},{"type":"Feature","geometry":{"type":"Point","coordinates":[76.82263,27.01955]},"properties":{"udise":"08110412801","name":"GOVT. UPS UPRALA GANGWANA","state":"RAJASTHAN","district":"DAUSA","block":"BAIJUPADA","indicator":"no_girls_toilet"}},{"type":"Feature","geometry":{"type":"Point","coordinates":[76.42566,26.886]},"properties":{"udise":"08110216136","name":"SHIV BHARTI PUBLIC SCHOOL BHANDAREJ","state":"RAJASTHAN","district":"DAUSA","block":"DAUSA","indicator":"no_girls_toilet"}},{"type":"Feature","geometry":{"type":"Point","coordinates":[76.68416,26.98986]},"properties":{"udise":"08110119302","name":"GOVT. PS DABAR","state":"RAJASTHAN","district":"DAUSA","block":"BAIJUPADA","indicator":"no_girls_toilet"}},{"type":"Feature","geometry":{"type":"Point","coordinates":[76.15431,26.70392]},"properties":{"udise":"08110314601","name":"GOVT. PRIMARY SCHOOL KOOPAWAS","state":"RAJASTHAN","district":"DAUSA","block":"RAMGARH PACHWARA","indicator":"no_girls_toilet"}},{"type":"Feature","geometry":{"type":"Point","coordinates":[76.65259,27.05374]},"properties":{"udise":"08110103503","name":"MAHATMA GANDHI GOVT.SCHOOL BADIYAL KALAN","state":"RAJASTHAN","district":"DAUSA","block":"BAIJUPADA","indicator":"no_girls_toilet"}},{"type":"Feature","geometry":{"type":"Point","coordinates":[76.20923,26.69049]},"properties":{"udise":"08110315802","name":"GOVT. PS DANGDA DHANI JAGNER TUKAN","state":"RAJASTHAN","district":"DAUSA","block":"RAMGARH PACHWARA","indicator":"no_girls_toilet"}},{"type":"Feature","geometry":{"type":"Point","coordinates":[76.55058,27.00555]},"properties":{"udise":"08110123801","name":"ANJALI  ADARSH PUBLIC SCHOOL","state":"RAJASTHAN","district":"DAUSA","block":"BANDIKUI","indicator":"no_girls_toilet"}},{"type":"Feature","geometry":{"type":"Point","coordinates":[76.92898,27.04681]},"properties":{"udise":"08110401754","name":"MAHAVEER PUBLIC SCHOOL MAHWA","state":"RAJASTHAN","district":"DAUSA","block":"MAHWA","indicator":"no_girls_toilet"}},{"type":"Feature","geometry":{"type":"Point","coordinates":[76.25621,26.7432]},"properties":{"udise":"08110606803","name":"MAA BADI PRI.SHIKSHA KENDRA BARWAL KI DHANI","state":"RAJASTHAN","district":"DAUSA","block":"LAWAN","indicator":"no_girls_toilet"}},{"type":"Feature","geometry":{"type":"Point","coordinates":[76.74049,27.08877]},"properties":{"udise":"08110118104","name":"NIKUMLA AVM SHIKSHAN SANTHAN MAHUKHURD","state":"RAJASTHAN","district":"DAUSA","block":"BAIJUPADA","indicator":"no_girls_toilet"}},{"type":"Feature","geometry":{"type":"Point","coordinates":[76.63513,26.88844]},"properties":{"udise":"08110510534","name":"SHREE KRISHAN VIDHYA VIHAAR GEEJGARH","state":"RAJASTHAN","district":"DAUSA","block":"SIKRAI","indicator":"no_girls_toilet"}},{"type":"Feature","geometry":{"type":"Point","coordinates":[76.7193,27.08425]},"properties":{"udise":"08110112402","name":"GOVT. PS KAREERIYA KI KOTHI","state":"RAJASTHAN","district":"DAUSA","block":"BAIJUPADA","indicator":"no_girls_toilet"}},{"type":"Feature","geometry":{"type":"Point","coordinates":[76.9923,27.01537]},"properties":{"udise":"08110402304","name":"GOVT PS GURJAR  KI DHANI   [ PALANHEDA]","state":"RAJASTHAN","district":"DAUSA","block":"MANDAWAR","indicator":"no_girls_toilet"}},{"type":"Feature","geometry":{"type":"Point","coordinates":[76.71565,27.03696]},"properties":{"udise":"08110119701","name":"GOVT. UPS MOTUKA","state":"RAJASTHAN","district":"DAUSA","block":"BAIJUPADA","indicator":"no_girls_toilet"}},{"type":"Feature","geometry":{"type":"Point","coordinates":[76.63505,26.87771]},"properties":{"udise":"08110510516","name":"ADARSH BAL NIKETAN","state":"RAJASTHAN","district":"DAUSA","block":"SIKRAI","indicator":"no_girls_toilet"}},{"type":"Feature","geometry":{"type":"Point","coordinates":[76.76735,27.09514]},"properties":{"udise":"08110109811","name":"SWAMI VIVEKANAND MOOK BADHIR VIDHYALYA KOLANA","state":"RAJASTHAN","district":"DAUSA","block":"BASWA","indicator":"no_girls_toilet"}},{"type":"Feature","geometry":{"type":"Point","coordinates":[76.55239,27.08334]},"properties":{"udise":"08110109807","name":"SETH SHRI BANSHIDHAR GOVT SS SCHOOL KOLANA","state":"RAJASTHAN","district":"DAUSA","block":"BASWA","indicator":"no_girls_toilet"}},{"type":"Feature","geometry":{"type":"Point","coordinates":[76.93011,27.04477]},"properties":{"udise":"08110401747","name":"SHANTI BAL NIKETAN SSS MAHUWA","state":"RAJASTHAN","district":"DAUSA","block":"MAHWA","indicator":"no_girls_toilet"}},{"type":"Feature","geometry":{"type":"Point","coordinates":[76.21409,26.50215]},"properties":{"udise":"08110302707","name":"APURVA PUBLIC SCHOOL TALAWGOAN","state":"RAJASTHAN","district":"DAUSA","block":"LALSOT","indicator":"no_girls_toilet"}},{"type":"Feature","geometry":{"type":"Point","coordinates":[76.81025,26.98095]},"properties":{"udise":"08110417105","name":"GOVT. PS MALION KI DHANI PATOLI","state":"RAJASTHAN","district":"DAUSA","block":"MAHWA","indicator":"no_girls_toilet"}},{"type":"Feature","geometry":{"type":"Point","coordinates":[76.19223,26.65593]},"properties":{"udise":"08110315107","name":"GOVT. PS DHABDIYA DHANI BIDRKHAN","state":"RAJASTHAN","district":"DAUSA","block":"RAMGARH PACHWARA","indicator":"no_girls_toilet"}},{"type":"Feature","geometry":{"type":"Point","coordinates":[76.46055,26.78107]},"properties":{"udise":"08110605503","name":"GOVT. PS KANSALA DHANI","state":"RAJASTHAN","district":"DAUSA","block":"NANGAL RAJAWATAN","indicator":"no_girls_toilet"}},{"type":"Feature","geometry":{"type":"Point","coordinates":[76.62657,26.89187]},"properties":{"udise":"08110504101","name":"GOVT. UPS CHANDPUR","state":"RAJASTHAN","district":"DAUSA","block":"SIKANDARA","indicator":"no_girls_toilet"}},{"type":"Feature","geometry":{"type":"Point","coordinates":[76.80014,27.11876]},"properties":{"udise":"08110116701","name":"GOVT. PS GARH MEADYA KI DHANI","state":"RAJASTHAN","district":"DAUSA","block":"BAIJUPADA","indicator":"no_girls_toilet"}},{"type":"Feature","geometry":{"type":"Point","coordinates":[76.34875,26.65922]},"properties":{"udise":"08110311501","name":"GOVT.UPS BURJA","state":"RAJASTHAN","district":"DAUSA","block":"RAMGARH PACHWARA","indicator":"no_girls_toilet"}},{"type":"Feature","geometry":{"type":"Point","coordinates":[76.73818,26.92742]},"properties":{"udise":"08110511904","name":"GOVT. SR. SEC. SCHOOL CHANDUSA","state":"RAJASTHAN","district":"DAUSA","block":"SIKRAI","indicator":"no_girls_toilet"}},{"type":"Feature","geometry":{"type":"Point","coordinates":[76.32524,26.88692]},"properties":{"udise":"08110226802","name":"MAHATMA GANDHI GOVT SCHOOL  GUPTESWAR ROAD DAUSA","state":"RAJASTHAN","district":"DAUSA","block":"DAUSA","indicator":"no_girls_toilet"}},{"type":"Feature","geometry":{"type":"Point","coordinates":[76.58658,26.81862]},"properties":{"udise":"08110509213","name":"GOVT. UPS KALI DOONGRI","state":"RAJASTHAN","district":"DAUSA","block":"SIKRAI","indicator":"no_girls_toilet"}},{"type":"Feature","geometry":{"type":"Point","coordinates":[76.53984,26.89861]},"properties":{"udise":"08110508203","name":"ANNANTRAM AVM RAJWAS","state":"RAJASTHAN","district":"DAUSA","block":"SIKANDARA","indicator":"no_girls_toilet"}},{"type":"Feature","geometry":{"type":"Point","coordinates":[76.91246,27.03341]},"properties":{"udise":"08110409501","name":"GOVT. UPS DHANTURI","state":"RAJASTHAN","district":"DAUSA","block":"MAHWA","indicator":"no_girls_toilet"}},{"type":"Feature","geometry":{"type":"Point","coordinates":[76.47737,26.8724]},"properties":{"udise":"08110211701","name":"UPS SAVITA ADARSH BAL MANDIR","state":"RAJASTHAN","district":"DAUSA","block":"NANGAL RAJAWATAN","indicator":"no_girls_toilet"}},{"type":"Feature","geometry":{"type":"Point","coordinates":[77.02323,26.90875]},"properties":{"udise":"08110405402","name":"MADARSA DARUL ADAB ESLAMIYA TALCHRI","state":"RAJASTHAN","district":"DAUSA","block":"MAHWA","indicator":"no_girls_toilet"}},{"type":"Feature","geometry":{"type":"Point","coordinates":[76.25883,26.74237]},"properties":{"udise":"08110603902","name":"MAA BADI PRATHMIK SHIKSHA KENDRA SHREE NARAYAN PATEL KI DHANI JAGSAHAYPURA","state":"RAJASTHAN","district":"DAUSA","block":"LAWAN","indicator":"no_girls_toilet"}},{"type":"Feature","geometry":{"type":"Point","coordinates":[76.84169,27.04943]},"properties":{"udise":"08110410401","name":"GOVT. UPS HANSILPUR","state":"RAJASTHAN","district":"DAUSA","block":"BAIJUPADA","indicator":"no_girls_toilet"}},{"type":"Feature","geometry":{"type":"Point","coordinates":[76.29675,26.64452]},"properties":{"udise":"08110318403","name":"VEENA PANI SEC NIJAMPURA","state":"RAJASTHAN","district":"DAUSA","block":"RAMGARH PACHWARA","indicator":"no_girls_toilet"}},{"type":"Feature","geometry":{"type":"Point","coordinates":[76.43529,26.81147]},"properties":{"udise":"08110606503","name":"MAABADIPRATHMIKSHIKSHA KENDRA MEWARAM KI DHANI MAHARAJPURA","state":"RAJASTHAN","district":"DAUSA","block":"NANGAL RAJAWATAN","indicator":"no_girls_toilet"}},{"type":"Feature","geometry":{"type":"Point","coordinates":[76.33706,26.89417]},"properties":{"udise":"08110227301","name":"MADARSA CHISTIYAN PS","state":"RAJASTHAN","district":"DAUSA","block":"DAUSA","indicator":"no_girls_toilet"}},{"type":"Feature","geometry":{"type":"Point","coordinates":[76.30027,26.81318]},"properties":{"udise":"08110600709","name":"GOVT. G.P. SANS. BANIYANA","state":"RAJASTHAN","district":"DAUSA","block":"LAWAN","indicator":"no_girls_toilet"}},{"type":"Feature","geometry":{"type":"Point","coordinates":[76.53352,27.11879]},"properties":{"udise":"08110109306","name":"SHIV SHAKTI VM SR. SEC SCHOOL KARNAWAR DAUSA","state":"RAJASTHAN","district":"DAUSA","block":"BASWA","indicator":"no_girls_toilet"}},{"type":"Feature","geometry":{"type":"Point","coordinates":[76.64824,26.92769]},"properties":{"udise":"08110507202","name":"GOVT. PS BADA BAS KALWAN","state":"RAJASTHAN","district":"DAUSA","block":"SIKRAI","indicator":"no_girls_toilet"}},{"type":"Feature","geometry":{"type":"Point","coordinates":[76.17904,26.56134]},"properties":{"udise":"08110319701","name":"GOVT. PS BHEDIYAWAS","state":"RAJASTHAN","district":"DAUSA","block":"LALSOT","indicator":"no_girls_toilet"}},{"type":"Feature","geometry":{"type":"Point","coordinates":[76.91788,27.04071]},"properties":{"udise":"08110409301","name":"GOVT.SSS THEKDA","state":"RAJASTHAN","district":"DAUSA","block":"MAHWA","indicator":"no_girls_toilet"}},{"type":"Feature","geometry":{"type":"Point","coordinates":[76.28951,26.67345]},"properties":{"udise":"08110308202","name":"GOVT. PS HIRAMAL DHANI","state":"RAJASTHAN","district":"DAUSA","block":"RAMGARH PACHWARA","indicator":"no_girls_toilet"}},{"type":"Feature","geometry":{"type":"Point","coordinates":[76.7566,26.96215]},"properties":{"udise":"08110505002","name":"GOVT. UPPER PRIMARY SCHOOL  BADANPURA","state":"RAJASTHAN","district":"DAUSA","block":"SIKRAI","indicator":"no_girls_toilet"}},{"type":"Feature","geometry":{"type":"Point","coordinates":[76.49129,26.89614]},"properties":{"udise":"08110212401","name":"GOVT. UPPER PRIMARY SCHOOL ROODHMAL KA BAS","state":"RAJASTHAN","district":"DAUSA","block":"NANGAL RAJAWATAN","indicator":"no_girls_toilet"}},{"type":"Feature","geometry":{"type":"Point","coordinates":[76.33749,26.89214]},"properties":{"udise":"08110226707","name":"MADARSA HAKIMI NALA MOHALLA","state":"RAJASTHAN","district":"DAUSA","block":"DAUSA","indicator":"no_girls_toilet"}},{"type":"Feature","geometry":{"type":"Point","coordinates":[76.69145,26.86174]},"properties":{"udise":"08110500705","name":"GOVT. SSS GEROTA","state":"RAJASTHAN","district":"DAUSA","block":"SIKRAI","indicator":"no_girls_toilet"}},{"type":"Feature","geometry":{"type":"Point","coordinates":[76.18531,26.62755]},"properties":{"udise":"08110303401","name":"GOVT. PS NALIWALI DHANI GANGLAWAS","state":"RAJASTHAN","district":"DAUSA","block":"RAMGARH PACHWARA","indicator":"no_girls_toilet"}},{"type":"Feature","geometry":{"type":"Point","coordinates":[76.79136,26.98228]},"properties":{"udise":"08110504701","name":"GOVT. UPS BHRAMBAD","state":"RAJASTHAN","district":"DAUSA","block":"SIKRAI","indicator":"no_girls_toilet"}},{"type":"Feature","geometry":{"type":"Point","coordinates":[76.53741,26.8548]},"properties":{"udise":"08110509102","name":"GOVT. PS MALIYON KI DHANI","state":"RAJASTHAN","district":"DAUSA","block":"SIKANDARA","indicator":"no_girls_toilet"}},{"type":"Feature","geometry":{"type":"Point","coordinates":[76.77255,26.98248]},"properties":{"udise":"08110504601","name":"GOVT. PS SOORAIR","state":"RAJASTHAN","district":"DAUSA","block":"SIKRAI","indicator":"no_girls_toilet"}},{"type":"Feature","geometry":{"type":"Point","coordinates":[76.98113,26.9134]},"properties":{"udise":"08110408903","name":"SHAHEED MOHAN LAL GURJAR GSSS KHERLA BUJURG (485959)","state":"RAJASTHAN","district":"DAUSA","block":"MAHWA","indicator":"no_girls_toilet"}},{"type":"Feature","geometry":{"type":"Point","coordinates":[76.73638,27.0883]},"properties":{"udise":"08110117801","name":"MAHATMA GANDHI GOVT.SCH. MAHUKHURD","state":"RAJASTHAN","district":"DAUSA","block":"BAIJUPADA","indicator":"no_girls_toilet"}},{"type":"Feature","geometry":{"type":"Point","coordinates":[76.36182,27.04309]},"properties":{"udise":"08110208603","name":"MAA BADI PRIMARY SHIKSHA KENDRA MEHRO KI DHANI","state":"RAJASTHAN","district":"DAUSA","block":"DAUSA","indicator":"no_girls_toilet"}},{"type":"Feature","geometry":{"type":"Point","coordinates":[76.37892,26.70071]},"properties":{"udise":"08110322502","name":"GOVT. PS BAIRWA DHANI PALUNDA","state":"RAJASTHAN","district":"DAUSA","block":"RAMGARH PACHWARA","indicator":"no_girls_toilet"}},{"type":"Feature","geometry":{"type":"Point","coordinates":[76.40759,26.64843]},"properties":{"udise":"08110317002","name":"GOVT. PS KOONCHAWALI DHANI KUTKYA","state":"RAJASTHAN","district":"DAUSA","block":"LALSOT","indicator":"no_girls_toilet"}},{"type":"Feature","geometry":{"type":"Point","coordinates":[76.93397,27.04462]},"properties":{"udise":"08110401741","name":"PATHIK P SCHOOL MAHUWA","state":"RAJASTHAN","district":"DAUSA","block":"MAHWA","indicator":"girls_toilet_nonfunctional"}},{"type":"Feature","geometry":{"type":"Point","coordinates":[76.38591,26.80823]},"properties":{"udise":"08110600107","name":"KAILASH GYAN VIDHYA MANDIR","state":"RAJASTHAN","district":"DAUSA","block":"NANGAL RAJAWATAN","indicator":"girls_toilet_nonfunctional"}},{"type":"Feature","geometry":{"type":"Point","coordinates":[76.97607,26.99728]},"properties":{"udise":"08110401801","name":"BHIM ADARSH SANTAH","state":"RAJASTHAN","district":"DAUSA","block":"MAHWA","indicator":"girls_toilet_nonfunctional"}},{"type":"Feature","geometry":{"type":"Point","coordinates":[76.70435,26.90076]},"properties":{"udise":"08110506205","name":"GREAT INDIAN PUBLIC SCHOOL KUNDERA DUNGAR","state":"RAJASTHAN","district":"DAUSA","block":"SIKRAI","indicator":"girls_toilet_nonfunctional"}},{"type":"Feature","geometry":{"type":"Point","coordinates":[76.39718,26.97098]},"properties":{"udise":"08110221501","name":"GOVT. PS DANTALI","state":"RAJASTHAN","district":"DAUSA","block":"DAUSA","indicator":"girls_toilet_nonfunctional"}},{"type":"Feature","geometry":{"type":"Point","coordinates":[76.51055,26.86978]},"properties":{"udise":"08110501101","name":"GOVT. SSS MALAWAS","state":"RAJASTHAN","district":"DAUSA","block":"SIKANDARA","indicator":"girls_toilet_nonfunctional"}},{"type":"Feature","geometry":{"type":"Point","coordinates":[76.91817,27.05534]},"properties":{"udise":"08110401312","name":"GAYN JYOTI PUB. MOTINAGAR MAHWA","state":"RAJASTHAN","district":"DAUSA","block":"MAHWA","indicator":"girls_toilet_nonfunctional"}},{"type":"Feature","geometry":{"type":"Point","coordinates":[76.20232,26.7325]},"properties":{"udise":"08110602502","name":"GOVT. PS DEWARI","state":"RAJASTHAN","district":"DAUSA","block":"LAWAN","indicator":"girls_toilet_nonfunctional"}},{"type":"Feature","geometry":{"type":"Point","coordinates":[76.87601,27.15427]},"properties":{"udise":"08110404503","name":"GOVT. SS GARH HIMMAT SINGH","state":"RAJASTHAN","district":"DAUSA","block":"MANDAWAR","indicator":"girls_toilet_nonfunctional"}},{"type":"Feature","geometry":{"type":"Point","coordinates":[76.27254,26.50118]},"properties":{"udise":"08110310402","name":"GOVT. PS BEED KANKALI KI DHANI","state":"RAJASTHAN","district":"DAUSA","block":"LALSOT","indicator":"girls_toilet_nonfunctional"}},{"type":"Feature","geometry":{"type":"Point","coordinates":[76.59775,26.84926]},"properties":{"udise":"08110503401","name":"GOVT. UPS RAWMALIYON KI DHANI","state":"RAJASTHAN","district":"DAUSA","block":"SIKRAI","indicator":"girls_toilet_nonfunctional"}},{"type":"Feature","geometry":{"type":"Point","coordinates":[76.55598,27.00057]},"properties":{"udise":"08110101801","name":"GOVT. PS SOMARA","state":"RAJASTHAN","district":"DAUSA","block":"BANDIKUI","indicator":"girls_toilet_nonfunctional"}},{"type":"Feature","geometry":{"type":"Point","coordinates":[76.33684,26.9017]},"properties":{"udise":"08110227601","name":"SAINI A BAL NIKETAN DAUSA","state":"RAJASTHAN","district":"DAUSA","block":"DAUSA","indicator":"girls_toilet_nonfunctional"}},{"type":"Feature","geometry":{"type":"Point","coordinates":[76.84263,27.1479]},"properties":{"udise":"08110406040","name":"THE BOHRAS GLOBAL SCHOOL","state":"RAJASTHAN","district":"DAUSA","block":"MAHWA","indicator":"girls_toilet_nonfunctional"}},{"type":"Feature","geometry":{"type":"Point","coordinates":[76.19406,26.63161]},"properties":{"udise":"08110315401","name":"GOVT. UPS CHAK SAWAI MADHOPURA","state":"RAJASTHAN","district":"DAUSA","block":"RAMGARH PACHWARA","indicator":"girls_toilet_nonfunctional"}},{"type":"Feature","geometry":{"type":"Point","coordinates":[76.35842,26.81475]},"properties":{"udise":"08110609602","name":"GOVT. PS PURANA THEEKARIYA","state":"RAJASTHAN","district":"DAUSA","block":"NANGAL RAJAWATAN","indicator":"girls_toilet_nonfunctional"}},{"type":"Feature","geometry":{"type":"Point","coordinates":[76.93819,27.04768]},"properties":{"udise":"08110401766","name":"KS  PUBLIC SS MAHWA","state":"RAJASTHAN","district":"DAUSA","block":"MAHWA","indicator":"girls_toilet_nonfunctional"}},{"type":"Feature","geometry":{"type":"Point","coordinates":[76.69198,26.91652]},"properties":{"udise":"08110507513","name":"JYOTI BAL VIDHAYA MANDIR","state":"RAJASTHAN","district":"DAUSA","block":"SIKRAI","indicator":"girls_toilet_nonfunctional"}},{"type":"Feature","geometry":{"type":"Point","coordinates":[76.96695,27.07399]},"properties":{"udise":"08110400501","name":"GOVT. UPS TIKARI JAFRAN","state":"RAJASTHAN","district":"DAUSA","block":"MAHWA","indicator":"girls_toilet_nonfunctional"}},{"type":"Feature","geometry":{"type":"Point","coordinates":[76.72934,27.00361]},"properties":{"udise":"08110118906","name":"CHANDWADA PUBLIC SCHOOL","state":"RAJASTHAN","district":"DAUSA","block":"MANDAWAR","indicator":"girls_toilet_nonfunctional"}},{"type":"Feature","geometry":{"type":"Point","coordinates":[76.17207,26.66605]},"properties":{"udise":"08110314502","name":"KANTA  A.V.M. SR.Sec. School","state":"RAJASTHAN","district":"DAUSA","block":"RAMGARH PACHWARA","indicator":"girls_toilet_nonfunctional"}},{"type":"Feature","geometry":{"type":"Point","coordinates":[76.33047,26.64458]},"properties":{"udise":"08110313005","name":"SHREE HARIT SEC,SCHOOL SALEMPURA","state":"RAJASTHAN","district":"DAUSA","block":"RAMGARH PACHWARA","indicator":"girls_toilet_nonfunctional"}},{"type":"Feature","geometry":{"type":"Point","coordinates":[76.43199,26.74951]},"properties":{"udise":"08110604402","name":"GOVT. UPS JOUN BOHARAN","state":"RAJASTHAN","district":"DAUSA","block":"NANGAL RAJAWATAN","indicator":"girls_toilet_nonfunctional"}},{"type":"Feature","geometry":{"type":"Point","coordinates":[76.73073,26.97583]},"properties":{"udise":"08110505501","name":"GOVT. SEN. SEC. SCHOOL  JOUPADA","state":"RAJASTHAN","district":"DAUSA","block":"SIKRAI","indicator":"girls_toilet_nonfunctional"}},{"type":"Feature","geometry":{"type":"Point","coordinates":[76.39746,26.73935]},"properties":{"udise":"08110602002","name":"SWAMI DAYANAND ADARSH V. MAN.","state":"RAJASTHAN","district":"DAUSA","block":"NANGAL RAJAWATAN","indicator":"girls_toilet_nonfunctional"}},{"type":"Feature","geometry":{"type":"Point","coordinates":[76.99921,26.9311]},"properties":{"udise":"08110406202","name":"GOVT SENOIR SECONDARY SCHOOL KHANPUR (MAHWA)","state":"RAJASTHAN","district":"DAUSA","block":"MAHWA","indicator":"girls_toilet_nonfunctional"}},{"type":"Feature","geometry":{"type":"Point","coordinates":[76.643,26.89043]},"properties":{"udise":"08110510503","name":"GOVT. PS BANKLI","state":"RAJASTHAN","district":"DAUSA","block":"SIKRAI","indicator":"girls_toilet_nonfunctional"}},{"type":"Feature","geometry":{"type":"Point","coordinates":[76.65005,26.96142]},"properties":{"udise":"08110506904","name":"GOVT. SSS PIPALKI","state":"RAJASTHAN","district":"DAUSA","block":"SIKRAI","indicator":"girls_toilet_nonfunctional"}},{"type":"Feature","geometry":{"type":"Point","coordinates":[76.52678,26.88855]},"properties":{"udise":"08110501402","name":"SHUBHAM VIDYA VIHAR GURJAR BAI.","state":"RAJASTHAN","district":"DAUSA","block":"SIKANDARA","indicator":"girls_toilet_nonfunctional"}},{"type":"Feature","geometry":{"type":"Point","coordinates":[76.71701,26.93991]},"properties":{"udise":"08110505704","name":"GOVT. UPS SANSKRIT HINGWA","state":"RAJASTHAN","district":"DAUSA","block":"SIKRAI","indicator":"girls_toilet_nonfunctional"}},{"type":"Feature","geometry":{"type":"Point","coordinates":[76.79514,27.0879]},"properties":{"udise":"08110117803","name":"CHETAN UPS AVM","state":"RAJASTHAN","district":"DAUSA","block":"BAIJUPADA","indicator":"girls_toilet_nonfunctional"}},{"type":"Feature","geometry":{"type":"Point","coordinates":[76.99707,26.8922]},"properties":{"udise":"08110414203","name":"DEV PUBLIC SEC. SCHOOL SAHIDA ROAD  JALALPUR","state":"RAJASTHAN","district":"DAUSA","block":"MAHWA","indicator":"girls_toilet_nonfunctional"}},{"type":"Feature","geometry":{"type":"Point","coordinates":[76.84044,27.14838]},"properties":{"udise":"08110406029","name":"MAHATAMA GANDHI GOVT. SCHOOL THODI KA BAS","state":"RAJASTHAN","district":"DAUSA","block":"MAHWA","indicator":"girls_toilet_nonfunctional"}},{"type":"Feature","geometry":{"type":"Point","coordinates":[76.6268,27.07134]},"properties":{"udise":"08110103001","name":"GOVT. PS KISHANPURA","state":"RAJASTHAN","district":"DAUSA","block":"BASWA","indicator":"girls_toilet_nonfunctional"}},{"type":"Feature","geometry":{"type":"Point","coordinates":[76.98422,26.92688]},"properties":{"udise":"08110407101","name":"GOVT. PS GURJAR GOHANDI","state":"RAJASTHAN","district":"DAUSA","block":"MAHWA","indicator":"girls_toilet_nonfunctional"}},{"type":"Feature","geometry":{"type":"Point","coordinates":[76.92629,26.96314]},"properties":{"udise":"08110409901","name":"GOVT. PS GURJAR KHEDIYA","state":"RAJASTHAN","district":"DAUSA","block":"MAHWA","indicator":"girls_toilet_nonfunctional"}},{"type":"Feature","geometry":{"type":"Point","coordinates":[76.88674,27.02336]},"properties":{"udise":"08110412301","name":"GOVT. UPS PADALI","state":"RAJASTHAN","district":"DAUSA","block":"MAHWA","indicator":"girls_toilet_nonfunctional"}},{"type":"Feature","geometry":{"type":"Point","coordinates":[76.98448,26.91495]},"properties":{"udise":"08110406801","name":"TAGOR SHIKSHA NIKETAN KHERALA","state":"RAJASTHAN","district":"DAUSA","block":"MAHWA","indicator":"girls_toilet_nonfunctional"}},{"type":"Feature","geometry":{"type":"Point","coordinates":[76.89496,27.07437]},"properties":{"udise":"08110408301","name":"MAHATMA GANDHI GOVT SCH RASIDPUR","state":"RAJASTHAN","district":"DAUSA","block":"MAHWA","indicator":"girls_toilet_nonfunctional"}},{"type":"Feature","geometry":{"type":"Point","coordinates":[76.6699,27.0714]},"properties":{"udise":"08110112901","name":"MAHATAMA GANDHI GOVT.SCHOOL NOORPUR BASDA NOORPUR BASDA","state":"RAJASTHAN","district":"DAUSA","block":"BASWA","indicator":"girls_toilet_nonfunctional"}},{"type":"Feature","geometry":{"type":"Point","coordinates":[76.85486,27.04173]},"properties":{"udise":"08110413601","name":"GOVT. UPS GWARAKI","state":"RAJASTHAN","district":"DAUSA","block":"MAHWA","indicator":"girls_toilet_nonfunctional"}},{"type":"Feature","geometry":{"type":"Point","coordinates":[77.00077,26.94558]},"properties":{"udise":"08110410301","name":"GOVT. PS OOND GURJAR","state":"RAJASTHAN","district":"DAUSA","block":"MAHWA","indicator":"girls_toilet_nonfunctional"}},{"type":"Feature","geometry":{"type":"Point","coordinates":[76.5936,26.82308]},"properties":{"udise":"08110509401","name":"GOVT. UPS BADH BAHARAWANDA","state":"RAJASTHAN","district":"DAUSA","block":"SIKRAI","indicator":"girls_toilet_nonfunctional"}},{"type":"Feature","geometry":{"type":"Point","coordinates":[76.96277,26.9856]},"properties":{"udise":"08110401901","name":"GOVT. PS BASNTA KI DHANI","state":"RAJASTHAN","district":"DAUSA","block":"MAHWA","indicator":"girls_toilet_nonfunctional"}},{"type":"Feature","geometry":{"type":"Point","coordinates":[76.36118,27.00054]},"properties":{"udise":"08110208502","name":"GOVT. PS BAIRWA DHANI DHARMPURA","state":"RAJASTHAN","district":"DAUSA","block":"DAUSA","indicator":"girls_toilet_nonfunctional"}},{"type":"Feature","geometry":{"type":"Point","coordinates":[76.72609,26.9173]},"properties":{"udise":"08110506402","name":"GOVT. PS NAU BIGHA WALI DHANI","state":"RAJASTHAN","district":"DAUSA","block":"SIKRAI","indicator":"girls_toilet_nonfunctional"}},{"type":"Feature","geometry":{"type":"Point","coordinates":[77.00668,26.94044]},"properties":{"udise":"08110406301","name":"GOVT. PS OOND BRAHMIN","state":"RAJASTHAN","district":"DAUSA","block":"MAHWA","indicator":"girls_toilet_nonfunctional"}},{"type":"Feature","geometry":{"type":"Point","coordinates":[76.77108,26.97818]},"properties":{"udise":"08110500206","name":"AMAN SHIKSHA SANSTHAN PADLI","state":"RAJASTHAN","district":"DAUSA","block":"SIKRAI","indicator":"girls_toilet_nonfunctional"}},{"type":"Feature","geometry":{"type":"Point","coordinates":[76.93918,27.13433]},"properties":{"udise":"08110416403","name":"MAHATMA GOVT SCHOOL  NAHIRA KA PURA","state":"RAJASTHAN","district":"DAUSA","block":"MAHWA","indicator":"girls_toilet_nonfunctional"}},{"type":"Feature","geometry":{"type":"Point","coordinates":[76.94467,26.97159]},"properties":{"udise":"08110409806","name":"SANT PUB. SCHOOL GAJIPUR","state":"RAJASTHAN","district":"DAUSA","block":"MAHWA","indicator":"girls_toilet_nonfunctional"}},{"type":"Feature","geometry":{"type":"Point","coordinates":[76.69964,27.0385]},"properties":{"udise":"08110104801","name":"GOVT SENIOR SECONDARY SCHOOL ROOPWAS","state":"RAJASTHAN","district":"DAUSA","block":"BANDIKUI","indicator":"girls_toilet_nonfunctional"}},{"type":"Feature","geometry":{"type":"Point","coordinates":[76.52606,26.81181]},"properties":{"udise":"08110501802","name":"GOVT. PS TEEN AAM KI DHANI","state":"RAJASTHAN","district":"DAUSA","block":"SIKANDARA","indicator":"girls_toilet_nonfunctional"}},{"type":"Feature","geometry":{"type":"Point","coordinates":[76.92966,26.9587]},"properties":{"udise":"08110411507","name":"GOVT. GIRLS SENIOR SECONDARY SCHOOL PAOTA (212930)","state":"RAJASTHAN","district":"DAUSA","block":"MAHWA","indicator":"girls_toilet_nonfunctional"}},{"type":"Feature","geometry":{"type":"Point","coordinates":[76.38447,26.63451]},"properties":{"udise":"08110317101","name":"GOVT. PS SARPANCH KI DHANI GOL","state":"RAJASTHAN","district":"DAUSA","block":"LALSOT","indicator":"girls_toilet_nonfunctional"}},{"type":"Feature","geometry":{"type":"Point","coordinates":[76.38624,26.80993]},"properties":{"udise":"08110600112","name":"BHARTIYA VIDHYA MANDIR","state":"RAJASTHAN","district":"DAUSA","block":"NANGAL RAJAWATAN","indicator":"girls_toilet_nonfunctional"}},{"type":"Feature","geometry":{"type":"Point","coordinates":[76.42405,26.88226]},"properties":{"udise":"08110216125","name":"CHITRAGUPT VM PS BHANDAREJ","state":"RAJASTHAN","district":"DAUSA","block":"DAUSA","indicator":"girls_toilet_nonfunctional"}},{"type":"Feature","geometry":{"type":"Point","coordinates":[76.83869,27.12792]},"properties":{"udise":"08110405101","name":"GOVT. PS SARAWALI","state":"RAJASTHAN","district":"DAUSA","block":"MANDAWAR","indicator":"girls_toilet_nonfunctional"}},{"type":"Feature","geometry":{"type":"Point","coordinates":[76.66812,26.85591]},"properties":{"udise":"08110510701","name":"GOVT. PS JAKHAWA DHANI","state":"RAJASTHAN","district":"DAUSA","block":"SIKRAI","indicator":"girls_toilet_nonfunctional"}},{"type":"Feature","geometry":{"type":"Point","coordinates":[76.43811,26.94217]},"properties":{"udise":"08110210401","name":"GOVT UPS ACHHIWAS","state":"RAJASTHAN","district":"DAUSA","block":"DAUSA","indicator":"girls_toilet_nonfunctional"}},{"type":"Feature","geometry":{"type":"Point","coordinates":[76.99227,26.88969]},"properties":{"udise":"08110414202","name":"GOVT. PS SUKKA DHANI JALALPUR","state":"RAJASTHAN","district":"DAUSA","block":"MAHWA","indicator":"girls_toilet_nonfunctional"}},{"type":"Feature","geometry":{"type":"Point","coordinates":[76.90472,26.98452]},"properties":{"udise":"08110411101","name":"GOVT. UPS AMARPUR","state":"RAJASTHAN","district":"DAUSA","block":"MAHWA","indicator":"girls_toilet_nonfunctional"}},{"type":"Feature","geometry":{"type":"Point","coordinates":[76.76434,27.07751]},"properties":{"udise":"08110117301","name":"GOVT. UPS KANKARWAS","state":"RAJASTHAN","district":"DAUSA","block":"BAIJUPADA","indicator":"girls_toilet_nonfunctional"}},{"type":"Feature","geometry":{"type":"Point","coordinates":[76.87842,26.99489]},"properties":{"udise":"08110411901","name":"GOVT. PS CHOORKHEDA","state":"RAJASTHAN","district":"DAUSA","block":"MAHWA","indicator":"girls_toilet_nonfunctional"}},{"type":"Feature","geometry":{"type":"Point","coordinates":[76.46363,26.89287]},"properties":{"udise":"08110211702","name":"GOVT. UPPER PRIMARY SCHOOL GOTHADI","state":"RAJASTHAN","district":"DAUSA","block":"NANGAL RAJAWATAN","indicator":"girls_toilet_nonfunctional"}},{"type":"Feature","geometry":{"type":"Point","coordinates":[76.41595,26.64893]},"properties":{"udise":"08110316701","name":"GOVT. SSS  KHATUMBER","state":"RAJASTHAN","district":"DAUSA","block":"LALSOT","indicator":"girls_toilet_nonfunctional"}},{"type":"Feature","geometry":{"type":"Point","coordinates":[76.9268,26.95549]},"properties":{"udise":"08110401772","name":"THE LORD KRISHNA INTERNATIONAL SCHOOL  MAHWA","state":"RAJASTHAN","district":"DAUSA","block":"MAHWA","indicator":"girls_toilet_nonfunctional"}},{"type":"Feature","geometry":{"type":"Point","coordinates":[76.74849,27.05288]},"properties":{"udise":"08110118505","name":"SHIV SHAKTI UPS DHIGARIYA KAPOOR","state":"RAJASTHAN","district":"DAUSA","block":"BAIJUPADA","indicator":"girls_toilet_nonfunctional"}},{"type":"Feature","geometry":{"type":"Point","coordinates":[76.77682,26.98175]},"properties":{"udise":"08110504703","name":"BHARTI BAL SIKSHA SANTHAN","state":"RAJASTHAN","district":"DAUSA","block":"SIKRAI","indicator":"girls_toilet_nonfunctional"}},{"type":"Feature","geometry":{"type":"Point","coordinates":[76.27706,26.81387]},"properties":{"udise":"08110600701","name":"GOVT. PS BALAJI BANIYANA","state":"RAJASTHAN","district":"DAUSA","block":"LAWAN","indicator":"girls_toilet_nonfunctional"}},{"type":"Feature","geometry":{"type":"Point","coordinates":[76.91271,27.05878]},"properties":{"udise":"08110401316","name":"MAHATAMA GANDHI PUBLIC \r\nSR SEC SCHOOL RAMGARH","state":"RAJASTHAN","district":"DAUSA","block":"MAHWA","indicator":"girls_toilet_nonfunctional"}},{"type":"Feature","geometry":{"type":"Point","coordinates":[76.79061,26.949]},"properties":{"udise":"08110500311","name":"BHARAT BAL VIDHA MANDIR BALAJI","state":"RAJASTHAN","district":"DAUSA","block":"SIKRAI","indicator":"girls_toilet_nonfunctional"}},{"type":"Feature","geometry":{"type":"Point","coordinates":[76.76128,26.96909]},"properties":{"udise":"08110511603","name":"MAHATMA GANDHI GOVT. SCHOOL GURJAR SIMLA, SIKRAI","state":"RAJASTHAN","district":"DAUSA","block":"SIKRAI","indicator":"girls_toilet_nonfunctional"}},{"type":"Feature","geometry":{"type":"Point","coordinates":[76.3198,26.94144]},"properties":{"udise":"08110209805","name":"GOVT. UPS ROHADA KHURD","state":"RAJASTHAN","district":"DAUSA","block":"DAUSA","indicator":"girls_toilet_nonfunctional"}},{"type":"Feature","geometry":{"type":"Point","coordinates":[76.69136,26.9176]},"properties":{"udise":"08110507518","name":"JAI VINAYAK SHIKSHAN SANSTHAN","state":"RAJASTHAN","district":"DAUSA","block":"SIKRAI","indicator":"girls_toilet_nonfunctional"}},{"type":"Feature","geometry":{"type":"Point","coordinates":[76.42634,26.88442]},"properties":{"udise":"08110216115","name":"BHADRAWATI UP V.M.","state":"RAJASTHAN","district":"DAUSA","block":"DAUSA","indicator":"girls_toilet_nonfunctional"}},{"type":"Feature","geometry":{"type":"Point","coordinates":[76.50789,26.82423]},"properties":{"udise":"08110502005","name":"KIRAN EDUCATIONAL ACADEMY","state":"RAJASTHAN","district":"DAUSA","block":"SIKANDARA","indicator":"girls_toilet_nonfunctional"}},{"type":"Feature","geometry":{"type":"Point","coordinates":[76.71713,26.92044]},"properties":{"udise":"08110505904","name":"KRISHN AVM. GANIPUR","state":"RAJASTHAN","district":"DAUSA","block":"SIKRAI","indicator":"girls_toilet_nonfunctional"}},{"type":"Feature","geometry":{"type":"Point","coordinates":[76.6619,26.86946]},"properties":{"udise":"08110513503","name":"SRI RAMKRISHNA UPS KADI KOTHI","state":"RAJASTHAN","district":"DAUSA","block":"SIKRAI","indicator":"girls_toilet_nonfunctional"}},{"type":"Feature","geometry":{"type":"Point","coordinates":[76.47796,26.87065]},"properties":{"udise":"08110211707","name":"GARIMA VM GOTHADA","state":"RAJASTHAN","district":"DAUSA","block":"NANGAL RAJAWATAN","indicator":"girls_toilet_nonfunctional"}},{"type":"Feature","geometry":{"type":"Point","coordinates":[76.78895,26.95373]},"properties":{"udise":"08110511605","name":"RAJ ACADEMYAN SCHOOL BALAJI","state":"RAJASTHAN","district":"DAUSA","block":"SIKRAI","indicator":"girls_toilet_nonfunctional"}},{"type":"Feature","geometry":{"type":"Point","coordinates":[76.1992,26.6875]},"properties":{"udise":"08110315905","name":"GOVT. PS. KANKADWALIDHANI SONAD","state":"RAJASTHAN","district":"DAUSA","block":"RAMGARH PACHWARA","indicator":"girls_toilet_nonfunctional"}},{"type":"Feature","geometry":{"type":"Point","coordinates":[76.5753,27.04732]},"properties":{"udise":"08110120802","name":"SAINI AVM SR. SEC. SCHOOL ENG. MED. BANDIKUI","state":"RAJASTHAN","district":"DAUSA","block":"BANDIKUI","indicator":"girls_toilet_nonfunctional"}},{"type":"Feature","geometry":{"type":"Point","coordinates":[76.70715,26.88877]},"properties":{"udise":"08110506302","name":"GOVT. PS MAHAWAR DHANI DOONGAR","state":"RAJASTHAN","district":"DAUSA","block":"SIKRAI","indicator":"girls_toilet_nonfunctional"}},{"type":"Feature","geometry":{"type":"Point","coordinates":[77.0071,26.93857]},"properties":{"udise":"08110406503","name":"LAKSHYA SUDHA SHIKSHAN SANSTHAN","state":"RAJASTHAN","district":"DAUSA","block":"MAHWA","indicator":"girls_toilet_nonfunctional"}},{"type":"Feature","geometry":{"type":"Point","coordinates":[76.53904,26.78332]},"properties":{"udise":"08110512404","name":"GOVT. PRIMARY SCHOOL BHAGORA LANKA","state":"RAJASTHAN","district":"DAUSA","block":"SIKANDARA","indicator":"girls_toilet_nonfunctional"}},{"type":"Feature","geometry":{"type":"Point","coordinates":[76.76476,26.95065]},"properties":{"udise":"08110500305","name":"RAGHUVANSHI S.S.S. UDAIPURA","state":"RAJASTHAN","district":"DAUSA","block":"SIKRAI","indicator":"girls_toilet_nonfunctional"}},{"type":"Feature","geometry":{"type":"Point","coordinates":[76.77848,26.93867]},"properties":{"udise":"08110500302","name":"GOVT. PS BANJARA DHANI","state":"RAJASTHAN","district":"DAUSA","block":"SIKRAI","indicator":"girls_toilet_nonfunctional"}},{"type":"Feature","geometry":{"type":"Point","coordinates":[76.64756,26.87469]},"properties":{"udise":"08110510523","name":"GOVT. PS LAKDYA DHANI","state":"RAJASTHAN","district":"DAUSA","block":"SIKRAI","indicator":"girls_toilet_nonfunctional"}},{"type":"Feature","geometry":{"type":"Point","coordinates":[76.82403,27.04421]},"properties":{"udise":"08110410510","name":"ADARSH VIDYA MANDIR SEC SCHOOL BALAHEDI","state":"RAJASTHAN","district":"DAUSA","block":"BAIJUPADA","indicator":"girls_toilet_nonfunctional"}},{"type":"Feature","geometry":{"type":"Point","coordinates":[76.69529,27.09565]},"properties":{"udise":"08110111702","name":"GOVT. GIRLS UPS BIWAI","state":"RAJASTHAN","district":"DAUSA","block":"BAIJUPADA","indicator":"girls_toilet_nonfunctional"}},{"type":"Feature","geometry":{"type":"Point","coordinates":[76.19446,26.74222]},"properties":{"udise":"08110605202","name":"GOVT. SSS  KHANPURA","state":"RAJASTHAN","district":"DAUSA","block":"LAWAN","indicator":"girls_toilet_nonfunctional"}},{"type":"Feature","geometry":{"type":"Point","coordinates":[76.79704,27.10074]},"properties":{"udise":"08110116502","name":"GOVT. PS CHONKARA KA BAS","state":"RAJASTHAN","district":"DAUSA","block":"BAIJUPADA","indicator":"girls_toilet_nonfunctional"}},{"type":"Feature","geometry":{"type":"Point","coordinates":[76.38288,26.79482]},"properties":{"udise":"08110600110","name":"GOVT. PS BHADETI NAGORI","state":"RAJASTHAN","district":"DAUSA","block":"NANGAL RAJAWATAN","indicator":"girls_toilet_nonfunctional"}},{"type":"Feature","geometry":{"type":"Point","coordinates":[76.88677,27.02472]},"properties":{"udise":"08110412302","name":"NISHANT ADARSH SR.SEC. SCHOOL","state":"RAJASTHAN","district":"DAUSA","block":"MAHWA","indicator":"girls_toilet_nonfunctional"}},{"type":"Feature","geometry":{"type":"Point","coordinates":[76.44629,27.02012]},"properties":{"udise":"08110104906","name":"NISHA PUBLIC SCHOOL BHANWATA","state":"RAJASTHAN","district":"DAUSA","block":"BANDIKUI","indicator":"girls_toilet_nonfunctional"}},{"type":"Feature","geometry":{"type":"Point","coordinates":[76.39693,26.73863]},"properties":{"udise":"08110602013","name":"AVM P. SCHOOL CHHAREDA","state":"RAJASTHAN","district":"DAUSA","block":"NANGAL RAJAWATAN","indicator":"girls_toilet_nonfunctional"}},{"type":"Feature","geometry":{"type":"Point","coordinates":[76.39409,26.79537]},"properties":{"udise":"08110600115","name":"GOVT. PS DHANI GHUNAWAT","state":"RAJASTHAN","district":"DAUSA","block":"NANGAL RAJAWATAN","indicator":"girls_toilet_nonfunctional"}},{"type":"Feature","geometry":{"type":"Point","coordinates":[76.32978,26.58778]},"properties":{"udise":"08110317522","name":"HARDEV ACADEMY THE INTERNATIONAL HR.SEC. SCHOOL DIDWANA","state":"RAJASTHAN","district":"DAUSA","block":"LALSOT","indicator":"girls_toilet_nonfunctional"}},{"type":"Feature","geometry":{"type":"Point","coordinates":[76.61727,26.94826]},"properties":{"udise":"08110502602","name":"GOVT. UPS RAIPURA","state":"RAJASTHAN","district":"DAUSA","block":"SIKANDARA","indicator":"girls_toilet_nonfunctional"}},{"type":"Feature","geometry":{"type":"Point","coordinates":[76.41521,26.9243]},"properties":{"udise":"08110205001","name":"GOVT. SENIOR SECONDARY SCHOOL PALAWAS","state":"RAJASTHAN","district":"DAUSA","block":"DAUSA","indicator":"girls_toilet_nonfunctional"}},{"type":"Feature","geometry":{"type":"Point","coordinates":[76.17762,26.58294]},"properties":{"udise":"08110320503","name":"GOVT. PS THUARWALON KI DHANI","state":"RAJASTHAN","district":"DAUSA","block":"LALSOT","indicator":"girls_toilet_nonfunctional"}},{"type":"Feature","geometry":{"type":"Point","coordinates":[76.42247,26.53104]},"properties":{"udise":"08110313304","name":"GOVT. PS BHOPA DHANI BINORI","state":"RAJASTHAN","district":"DAUSA","block":"LALSOT","indicator":"girls_toilet_nonfunctional"}},{"type":"Feature","geometry":{"type":"Point","coordinates":[76.32607,26.48885]},"properties":{"udise":"08110301105","name":"GOVT.SSS KHATWA","state":"RAJASTHAN","district":"DAUSA","block":"LALSOT","indicator":"girls_toilet_nonfunctional"}},{"type":"Feature","geometry":{"type":"Point","coordinates":[76.16404,27.25377]},"properties":{"udise":"08110402804","name":"NIRDESH PUBLIC SECONDARY SCHOOL SALEMPUR","state":"RAJASTHAN","district":"DAUSA","block":"MAHWA","indicator":"girls_toilet_nonfunctional"}},{"type":"Feature","geometry":{"type":"Point","coordinates":[76.20865,26.59118]},"properties":{"udise":"08110319401","name":"GOVT. UPS RAMSINGHPURA","state":"RAJASTHAN","district":"DAUSA","block":"LALSOT","indicator":"girls_toilet_nonfunctional"}},{"type":"Feature","geometry":{"type":"Point","coordinates":[76.44486,27.02059]},"properties":{"udise":"08110104905","name":"RAVI AVM BHANWATA","state":"RAJASTHAN","district":"DAUSA","block":"BANDIKUI","indicator":"girls_toilet_nonfunctional"}},{"type":"Feature","geometry":{"type":"Point","coordinates":[76.61103,27.06097]},"properties":{"udise":"08110103307","name":"R VIVEKANAND SR. SEC.SCHOOL","state":"RAJASTHAN","district":"DAUSA","block":"BANDIKUI","indicator":"girls_toilet_nonfunctional"}},{"type":"Feature","geometry":{"type":"Point","coordinates":[76.35788,26.47427]},"properties":{"udise":"08110300402","name":"GOVT.UPS BADEKHAN (SECOND) II","state":"RAJASTHAN","district":"DAUSA","block":"LALSOT","indicator":"girls_toilet_nonfunctional"}},{"type":"Feature","geometry":{"type":"Point","coordinates":[77.0228,26.89658]},"properties":{"udise":"08110410002","name":"GOVT. PS KANCHANPURA   [ ALIPUR]","state":"RAJASTHAN","district":"DAUSA","block":"MAHWA","indicator":"girls_toilet_nonfunctional"}},{"type":"Feature","geometry":{"type":"Point","coordinates":[76.67573,26.94425]},"properties":{"udise":"08110506703","name":"GOVT. PS. BIRWA DHANI (SECOND)","state":"RAJASTHAN","district":"DAUSA","block":"SIKRAI","indicator":"girls_toilet_nonfunctional"}},{"type":"Feature","geometry":{"type":"Point","coordinates":[76.76803,26.96735]},"properties":{"udise":"08110511601","name":"GOVT. SENIOR SECONDARY SCHOOL GURJAR SIMLA","state":"RAJASTHAN","district":"DAUSA","block":"SIKRAI","indicator":"girls_toilet_nonfunctional"}},{"type":"Feature","geometry":{"type":"Point","coordinates":[76.5711,27.10793]},"properties":{"udise":"08110114003","name":"GOVT. SSS GULLANA","state":"RAJASTHAN","district":"DAUSA","block":"BASWA","indicator":"girls_toilet_nonfunctional"}},{"type":"Feature","geometry":{"type":"Point","coordinates":[76.87403,27.06772]},"properties":{"udise":"08110401103","name":"GOVT SENIOR SECONDARY SCHOOL DULAPURA","state":"RAJASTHAN","district":"DAUSA","block":"MAHWA","indicator":"girls_toilet_nonfunctional"}},{"type":"Feature","geometry":{"type":"Point","coordinates":[76.95656,26.95355]},"properties":{"udise":"08110410901","name":"GOVT. UPS KUTAKPUR","state":"RAJASTHAN","district":"DAUSA","block":"MAHWA","indicator":"girls_toilet_nonfunctional"}},{"type":"Feature","geometry":{"type":"Point","coordinates":[76.33496,26.52453]},"properties":{"udise":"08110324412","name":"NEHA PUBLIC SCHOOL BHAKTO KI DHANI LALSOT","state":"RAJASTHAN","district":"DAUSA","block":"LALSOT","indicator":"girls_toilet_nonfunctional"}},{"type":"Feature","geometry":{"type":"Point","coordinates":[76.53353,26.8837]},"properties":{"udise":"08110508902","name":"GOVT. PS TEJYA DHANI GUJARWADA","state":"RAJASTHAN","district":"DAUSA","block":"SIKANDARA","indicator":"girls_toilet_nonfunctional"}},{"type":"Feature","geometry":{"type":"Point","coordinates":[76.93731,27.04196]},"properties":{"udise":"08110401737","name":"MADARSA ISLAMIYA MAMMU COLONY  MAHWA","state":"RAJASTHAN","district":"DAUSA","block":"MAHWA","indicator":"girls_toilet_nonfunctional"}},{"type":"Feature","geometry":{"type":"Point","coordinates":[76.23075,26.75731]},"properties":{"udise":"08110606411","name":"GOVT. UPS NASIYA KI DHANI","state":"RAJASTHAN","district":"DAUSA","block":"LAWAN","indicator":"girls_toilet_nonfunctional"}},{"type":"Feature","geometry":{"type":"Point","coordinates":[76.20919,26.57975]},"properties":{"udise":"08110306702","name":"SHRI BAJRANG VIDHAYA MANDIR","state":"RAJASTHAN","district":"DAUSA","block":"LALSOT","indicator":"girls_toilet_nonfunctional"}},{"type":"Feature","geometry":{"type":"Point","coordinates":[76.91928,27.04842]},"properties":{"udise":"08110401308","name":"MADRSA DARUL ULOOM MADRIYA ISLAMIA RAMGHAR","state":"RAJASTHAN","district":"DAUSA","block":"MAHWA","indicator":"girls_toilet_nonfunctional"}},{"type":"Feature","geometry":{"type":"Point","coordinates":[76.92466,27.04697]},"properties":{"udise":"08110401756","name":"NEHURE MEMORIAL PUB. SS MAHWA","state":"RAJASTHAN","district":"DAUSA","block":"MAHWA","indicator":"girls_toilet_nonfunctional"}},{"type":"Feature","geometry":{"type":"Point","coordinates":[76.30026,26.63145]},"properties":{"udise":"08110319201","name":"GOVT. PRIMARY SCHOOL DABAR KHURD","state":"RAJASTHAN","district":"DAUSA","block":"RAMGARH PACHWARA","indicator":"girls_toilet_nonfunctional"}},{"type":"Feature","geometry":{"type":"Point","coordinates":[76.69236,26.91656]},"properties":{"udise":"08110507512","name":"SIMA BAL SIKSHAN SANTHAN","state":"RAJASTHAN","district":"DAUSA","block":"SIKRAI","indicator":"girls_toilet_nonfunctional"}},{"type":"Feature","geometry":{"type":"Point","coordinates":[76.54696,26.94377]},"properties":{"udise":"08110511101","name":"GOVT. UPS BHOJPURA","state":"RAJASTHAN","district":"DAUSA","block":"SIKANDARA","indicator":"girls_toilet_nonfunctional"}},{"type":"Feature","geometry":{"type":"Point","coordinates":[76.42788,26.93004]},"properties":{"udise":"08110205102","name":"GOVT. PS BAIRWA DHANI PADLI","state":"RAJASTHAN","district":"DAUSA","block":"DAUSA","indicator":"girls_toilet_nonfunctional"}},{"type":"Feature","geometry":{"type":"Point","coordinates":[76.57529,26.96417]},"properties":{"udise":"08110510630","name":"MADARSA TALIMUL ISLAM PS SIKANDARA","state":"RAJASTHAN","district":"DAUSA","block":"SIKANDARA","indicator":"girls_toilet_nonfunctional"}},{"type":"Feature","geometry":{"type":"Point","coordinates":[76.99555,26.88971]},"properties":{"udise":"08110414201","name":"GOVT. UPS GIRLS JALALPUR","state":"RAJASTHAN","district":"DAUSA","block":"MAHWA","indicator":"girls_toilet_nonfunctional"}},{"type":"Feature","geometry":{"type":"Point","coordinates":[76.693,26.91678]},"properties":{"udise":"08110507509","name":"SARVDIP SR. SEC. PUB. SCHOOL","state":"RAJASTHAN","district":"DAUSA","block":"SIKRAI","indicator":"girls_toilet_nonfunctional"}},{"type":"Feature","geometry":{"type":"Point","coordinates":[76.33211,26.75042]},"properties":{"udise":"08110607525","name":"ADARSH ABHISHEK VIDYA MANDIR SEC SCHOOL","state":"RAJASTHAN","district":"DAUSA","block":"NANGAL RAJAWATAN","indicator":"girls_toilet_nonfunctional"}},{"type":"Feature","geometry":{"type":"Point","coordinates":[76.81359,26.98728]},"properties":{"udise":"08110417103","name":"GOVT.SSS PATOLI","state":"RAJASTHAN","district":"DAUSA","block":"MAHWA","indicator":"girls_toilet_nonfunctional"}},{"type":"Feature","geometry":{"type":"Point","coordinates":[76.57649,27.04192]},"properties":{"udise":"08110125102","name":"UPS SKAND AVM WARD NO. 6","state":"RAJASTHAN","district":"DAUSA","block":"BANDIKUI","indicator":"girls_toilet_nonfunctional"}},{"type":"Feature","geometry":{"type":"Point","coordinates":[76.76717,26.94818]},"properties":{"udise":"08110500303","name":"SHRI JAGIRDAR P.S. UDAIPURA","state":"RAJASTHAN","district":"DAUSA","block":"SIKRAI","indicator":"girls_toilet_nonfunctional"}},{"type":"Feature","geometry":{"type":"Point","coordinates":[76.94455,26.95856]},"properties":{"udise":"08110411301","name":"GOVT. UPS MEENA KHEDIYA","state":"RAJASTHAN","district":"DAUSA","block":"MAHWA","indicator":"girls_toilet_nonfunctional"}},{"type":"Feature","geometry":{"type":"Point","coordinates":[76.57782,26.95235]},"properties":{"udise":"08110510639","name":"VANDANA A.V.M. SIKANDARA","state":"RAJASTHAN","district":"DAUSA","block":"SIKANDARA","indicator":"girls_toilet_nonfunctional"}},{"type":"Feature","geometry":{"type":"Point","coordinates":[76.40895,26.52624]},"properties":{"udise":"08110513902","name":"GAYAN JOTI VIDHYA MANDIR BAINPURA","state":"RAJASTHAN","district":"DAUSA","block":"SIKRAI","indicator":"girls_toilet_nonfunctional"}},{"type":"Feature","geometry":{"type":"Point","coordinates":[76.4557,26.74054]},"properties":{"udise":"08110601001","name":"GOVT. PS BADA KHO","state":"RAJASTHAN","district":"DAUSA","block":"NANGAL RAJAWATAN","indicator":"girls_toilet_nonfunctional"}},{"type":"Feature","geometry":{"type":"Point","coordinates":[76.71689,26.98996]},"properties":{"udise":"08110119105","name":"SEWA KUNJ AVM POONDAPADA","state":"RAJASTHAN","district":"DAUSA","block":"BAIJUPADA","indicator":"girls_toilet_nonfunctional"}},{"type":"Feature","geometry":{"type":"Point","coordinates":[76.41315,26.87709]},"properties":{"udise":"08110216127","name":"GOVT. PS CHOD AHLADA WALI","state":"RAJASTHAN","district":"DAUSA","block":"DAUSA","indicator":"girls_toilet_nonfunctional"}},{"type":"Feature","geometry":{"type":"Point","coordinates":[76.52268,26.98482]},"properties":{"udise":"08110100202","name":"MAHARANA ADARSH VIDHA MANDIR SEC SCHOOL DWARAPURA","state":"RAJASTHAN","district":"DAUSA","block":"BANDIKUI","indicator":"girls_toilet_nonfunctional"}},{"type":"Feature","geometry":{"type":"Point","coordinates":[76.68085,26.85373]},"properties":{"udise":"08110500703","name":"GOVT. PS LAL KUWA GEROTA","state":"RAJASTHAN","district":"DAUSA","block":"SIKRAI","indicator":"girls_toilet_nonfunctional"}},{"type":"Feature","geometry":{"type":"Point","coordinates":[76.98433,26.91512]},"properties":{"udise":"08110408910","name":"SARSWATI SR. SEC. KHEDALA","state":"RAJASTHAN","district":"DAUSA","block":"MAHWA","indicator":"girls_toilet_nonfunctional"}},{"type":"Feature","geometry":{"type":"Point","coordinates":[76.83297,27.03447]},"properties":{"udise":"08110416301","name":"GOVT. UPS HARDAVE NAGRI VEER PUR","state":"RAJASTHAN","district":"DAUSA","block":"MAHWA","indicator":"girls_toilet_nonfunctional"}},{"type":"Feature","geometry":{"type":"Point","coordinates":[76.8323,27.06852]},"properties":{"udise":"08110413902","name":"GOVT SSS TUDIYANA","state":"RAJASTHAN","district":"DAUSA","block":"BAIJUPADA","indicator":"girls_toilet_nonfunctional"}},{"type":"Feature","geometry":{"type":"Point","coordinates":[76.57233,27.04994]},"properties":{"udise":"08110103403","name":"GOVT. PS JAGIR BANDIKUI","state":"RAJASTHAN","district":"DAUSA","block":"BANDIKUI","indicator":"girls_toilet_nonfunctional"}},{"type":"Feature","geometry":{"type":"Point","coordinates":[77.05261,26.89609]},"properties":{"udise":"08110414001","name":"GULKANDI BAI SEC VIDHA MANDAIR DHAND","state":"RAJASTHAN","district":"DAUSA","block":"MAHWA","indicator":"girls_toilet_nonfunctional"}},{"type":"Feature","geometry":{"type":"Point","coordinates":[76.68981,26.88315]},"properties":{"udise":"08110507601","name":"GOVT. SSS ADARSH NAMNER","state":"RAJASTHAN","district":"DAUSA","block":"SIKRAI","indicator":"girls_toilet_nonfunctional"}},{"type":"Feature","geometry":{"type":"Point","coordinates":[76.76978,26.9806]},"properties":{"udise":"08110500105","name":"MUSKAN PUBLIC SCHOOL PADLI","state":"RAJASTHAN","district":"DAUSA","block":"SIKRAI","indicator":"girls_toilet_nonfunctional"}},{"type":"Feature","geometry":{"type":"Point","coordinates":[76.92826,27.0455]},"properties":{"udise":"08110401753","name":"BHAGVATI SEC.SCHOOL MAHWA","state":"RAJASTHAN","district":"DAUSA","block":"MAHWA","indicator":"girls_toilet_nonfunctional"}},{"type":"Feature","geometry":{"type":"Point","coordinates":[76.44544,26.48747]},"properties":{"udise":"08110305102","name":"GOVT. UPS KOTHI WALI DHANI","state":"RAJASTHAN","district":"DAUSA","block":"LALSOT","indicator":"girls_toilet_nonfunctional"}},{"type":"Feature","geometry":{"type":"Point","coordinates":[76.92976,27.1013]},"properties":{"udise":"08110401301","name":"BRIGHT MOON PUBLIC SEC. SCHOOL MAHWA","state":"RAJASTHAN","district":"DAUSA","block":"MAHWA","indicator":"girls_toilet_nonfunctional"}},{"type":"Feature","geometry":{"type":"Point","coordinates":[76.92538,27.05212]},"properties":{"udise":"08110401785","name":"TANISHK PUBLIC SCHOOL MAHWA","state":"RAJASTHAN","district":"DAUSA","block":"MAHWA","indicator":"girls_toilet_nonfunctional"}},{"type":"Feature","geometry":{"type":"Point","coordinates":[76.5145,26.88234]},"properties":{"udise":"08110212402","name":"GOVT. PS BHARHMANO KA BAS","state":"RAJASTHAN","district":"DAUSA","block":"NANGAL RAJAWATAN","indicator":"girls_toilet_nonfunctional"}},{"type":"Feature","geometry":{"type":"Point","coordinates":[76.27144,26.9701]},"properties":{"udise":"08110210302","name":"GOVT. PS BAD KI DHANI KHURI KALLAN","state":"RAJASTHAN","district":"DAUSA","block":"DAUSA","indicator":"girls_toilet_nonfunctional"}},{"type":"Feature","geometry":{"type":"Point","coordinates":[76.47797,26.98536]},"properties":{"udise":"08110106506","name":"GOVT UPPER PRIMARY SCHOOL GOLA MEENA","state":"RAJASTHAN","district":"DAUSA","block":"BANDIKUI","indicator":"girls_toilet_nonfunctional"}},{"type":"Feature","geometry":{"type":"Point","coordinates":[76.70494,27.03764]},"properties":{"udise":"08110119801","name":"GOVT. PS KATHNADI","state":"RAJASTHAN","district":"DAUSA","block":"BANDIKUI","indicator":"girls_toilet_nonfunctional"}},{"type":"Feature","geometry":{"type":"Point","coordinates":[76.95926,27.09884]},"properties":{"udise":"08110400202","name":"GOVT. PS KOLRA DHANI","state":"RAJASTHAN","district":"DAUSA","block":"MAHWA","indicator":"girls_toilet_nonfunctional"}},{"type":"Feature","geometry":{"type":"Point","coordinates":[76.66886,27.04895]},"properties":{"udise":"08110104201","name":"GOVT. PS GARH DUBBI","state":"RAJASTHAN","district":"DAUSA","block":"BANDIKUI","indicator":"girls_toilet_nonfunctional"}},{"type":"Feature","geometry":{"type":"Point","coordinates":[76.43423,26.8521]},"properties":{"udise":"08110606502","name":"JAY MINESH AVM MAHARAJPURA","state":"RAJASTHAN","district":"DAUSA","block":"NANGAL RAJAWATAN","indicator":"girls_toilet_nonfunctional"}},{"type":"Feature","geometry":{"type":"Point","coordinates":[76.60859,27.0068]},"properties":{"udise":"08110115103","name":"SHUBH TRIVENI BAS V.M. AABHANE","state":"RAJASTHAN","district":"DAUSA","block":"BANDIKUI","indicator":"girls_toilet_nonfunctional"}},{"type":"Feature","geometry":{"type":"Point","coordinates":[76.37337,26.67479]},"properties":{"udise":"08110321701","name":"GOVT. PS BERDI DHANI","state":"RAJASTHAN","district":"DAUSA","block":"RAMGARH PACHWARA","indicator":"girls_toilet_nonfunctional"}},{"type":"Feature","geometry":{"type":"Point","coordinates":[76.39756,26.60758]},"properties":{"udise":"08110317404","name":"GOVT. UPS SANSKRIT BEED NAYADERA","state":"RAJASTHAN","district":"DAUSA","block":"LALSOT","indicator":"girls_toilet_nonfunctional"}},{"type":"Feature","geometry":{"type":"Point","coordinates":[76.38116,26.92762]},"properties":{"udise":"08110204202","name":"RAJ SHRI PUBLIC SCHOLL","state":"RAJASTHAN","district":"DAUSA","block":"DAUSA","indicator":"girls_toilet_nonfunctional"}},{"type":"Feature","geometry":{"type":"Point","coordinates":[76.59376,27.00417]},"properties":{"udise":"08110100805","name":"BAINADA AVM SR SEC SCHOOL","state":"RAJASTHAN","district":"DAUSA","block":"BANDIKUI","indicator":"girls_toilet_nonfunctional"}},{"type":"Feature","geometry":{"type":"Point","coordinates":[76.73074,26.95802]},"properties":{"udise":"08110504805","name":"AJAY ADARSH VM. THIKARIYA","state":"RAJASTHAN","district":"DAUSA","block":"SIKRAI","indicator":"girls_toilet_nonfunctional"}},{"type":"Feature","geometry":{"type":"Point","coordinates":[76.98336,26.91895]},"properties":{"udise":"08110408915","name":"RONAK LIVE ENG. MED.SCHOOL KHERLA BUJURG","state":"RAJASTHAN","district":"DAUSA","block":"MAHWA","indicator":"girls_toilet_nonfunctional"}},{"type":"Feature","geometry":{"type":"Point","coordinates":[76.68873,26.9196]},"properties":{"udise":"08110507523","name":"AYUSH ACADAMY SIKRAI","state":"RAJASTHAN","district":"DAUSA","block":"SIKRAI","indicator":"girls_toilet_nonfunctional"}},{"type":"Feature","geometry":{"type":"Point","coordinates":[76.46797,26.95448]},"properties":{"udise":"08110107101","name":"GOVT. PS KHAIRAYA KI DHANI","state":"RAJASTHAN","district":"DAUSA","block":"BANDIKUI","indicator":"girls_toilet_nonfunctional"}},{"type":"Feature","geometry":{"type":"Point","coordinates":[76.9863,26.91768]},"properties":{"udise":"08110408904","name":"ADRASH NAVIN SSS KHERLA BUJURG","state":"RAJASTHAN","district":"DAUSA","block":"MAHWA","indicator":"girls_toilet_nonfunctional"}},{"type":"Feature","geometry":{"type":"Point","coordinates":[76.92295,27.04276]},"properties":{"udise":"08110409305","name":"RAJ INTERNATIONAL SR SEC ACADEMY THEKDA","state":"RAJASTHAN","district":"DAUSA","block":"MAHWA","indicator":"girls_toilet_nonfunctional"}},{"type":"Feature","geometry":{"type":"Point","coordinates":[76.99558,26.94047]},"properties":{"udise":"08110406201","name":"GOVT. PS PADAM BASALE KA PURA","state":"RAJASTHAN","district":"DAUSA","block":"MAHWA","indicator":"girls_toilet_nonfunctional"}},{"type":"Feature","geometry":{"type":"Point","coordinates":[76.51028,26.9077]},"properties":{"udise":"08110230101","name":"GOVT. UPS BAL KISHAN KA BAS","state":"RAJASTHAN","district":"DAUSA","block":"DAUSA","indicator":"girls_toilet_nonfunctional"}},{"type":"Feature","geometry":{"type":"Point","coordinates":[76.94263,26.98439]},"properties":{"udise":"08110409804","name":"GOVT.PS RAMPHOOL KA PURA","state":"RAJASTHAN","district":"DAUSA","block":"MAHWA","indicator":"girls_toilet_nonfunctional"}},{"type":"Feature","geometry":{"type":"Point","coordinates":[76.88522,27.00584]},"properties":{"udise":"08110402701","name":"GYTRI AVM SEC SCHOOL KHONCHPURI","state":"RAJASTHAN","district":"DAUSA","block":"MAHWA","indicator":"girls_toilet_nonfunctional"}},{"type":"Feature","geometry":{"type":"Point","coordinates":[76.38957,26.54131]},"properties":{"udise":"08110313703","name":"GOVT. SENIOR SECONDARY SCHOOL TODATHEKALA","state":"RAJASTHAN","district":"DAUSA","block":"LALSOT","indicator":"girls_toilet_nonfunctional"}},{"type":"Feature","geometry":{"type":"Point","coordinates":[76.33361,26.89379]},"properties":{"udise":"08110226302","name":"UPS AVM BRAHAMPURI DAUSA","state":"RAJASTHAN","district":"DAUSA","block":"DAUSA","indicator":"girls_toilet_nonfunctional"}},{"type":"Feature","geometry":{"type":"Point","coordinates":[76.48325,26.80556]},"properties":{"udise":"08110502202","name":"GOVT. PS BAIRWAN DHANI","state":"RAJASTHAN","district":"DAUSA","block":"SIKANDARA","indicator":"girls_toilet_nonfunctional"}},{"type":"Feature","geometry":{"type":"Point","coordinates":[76.63669,26.88369]},"properties":{"udise":"08110510515","name":"ADARSH PRATIBHA PUBLIC SR. SEC. SCHOOL GEEJGARH","state":"RAJASTHAN","district":"DAUSA","block":"SIKRAI","indicator":"girls_toilet_nonfunctional"}},{"type":"Feature","geometry":{"type":"Point","coordinates":[76.5829,27.05935]},"properties":{"udise":"08110103313","name":"KSHETRIYA GANDHI ADARSH VIDYA MANDIR SR SEC SCHOOL NANDERA BANDIKUI","state":"RAJASTHAN","district":"DAUSA","block":"BANDIKUI","indicator":"girls_toilet_nonfunctional"}},{"type":"Feature","geometry":{"type":"Point","coordinates":[76.76563,26.93243]},"properties":{"udise":"08110514101","name":"GOVT. PRIMARY SCHOOL BHALPUR","state":"RAJASTHAN","district":"DAUSA","block":"SIKRAI","indicator":"girls_toilet_nonfunctional"}},{"type":"Feature","geometry":{"type":"Point","coordinates":[76.68784,26.91914]},"properties":{"udise":"08110507521","name":"A.V.M. SIKRAI","state":"RAJASTHAN","district":"DAUSA","block":"SIKRAI","indicator":"girls_toilet_nonfunctional"}},{"type":"Feature","geometry":{"type":"Point","coordinates":[76.34979,26.72045]},"properties":{"udise":"08110308701","name":"GOVT. UPS JHOOPDIYAN RAJAWATAN","state":"RAJASTHAN","district":"DAUSA","block":"RAMGARH PACHWARA","indicator":"girls_toilet_nonfunctional"}},{"type":"Feature","geometry":{"type":"Point","coordinates":[76.55278,26.80736]},"properties":{"udise":"08110512403","name":"GOVT. PS DHANI JODLYA","state":"RAJASTHAN","district":"DAUSA","block":"SIKANDARA","indicator":"girls_toilet_nonfunctional"}},{"type":"Feature","geometry":{"type":"Point","coordinates":[76.77063,26.97892]},"properties":{"udise":"08110500106","name":"SHIVAM ADARSH VIDHYA MANDIR, PADLI","state":"RAJASTHAN","district":"DAUSA","block":"SIKRAI","indicator":"girls_toilet_nonfunctional"}},{"type":"Feature","geometry":{"type":"Point","coordinates":[76.36523,26.74924]},"properties":{"udise":"08110602103","name":"SHRI  GANESH VM CHOODIYABAS","state":"RAJASTHAN","district":"DAUSA","block":"NANGAL RAJAWATAN","indicator":"girls_toilet_nonfunctional"}},{"type":"Feature","geometry":{"type":"Point","coordinates":[76.4214,26.65946]},"properties":{"udise":"08110317001","name":"GOVT. UPS KUTKYA","state":"RAJASTHAN","district":"DAUSA","block":"LALSOT","indicator":"girls_toilet_nonfunctional"}},{"type":"Feature","geometry":{"type":"Point","coordinates":[76.84737,27.13324]},"properties":{"udise":"08110406028","name":"GOVT. PS GHATA SAHAJA","state":"RAJASTHAN","district":"DAUSA","block":"MAHWA","indicator":"girls_toilet_nonfunctional"}},{"type":"Feature","geometry":{"type":"Point","coordinates":[76.70263,26.90781]},"properties":{"udise":"08110506204","name":"TRIVENI A.V.M. KUDERA DUNGAR","state":"RAJASTHAN","district":"DAUSA","block":"SIKRAI","indicator":"girls_toilet_nonfunctional"}},{"type":"Feature","geometry":{"type":"Point","coordinates":[76.29827,26.69034]},"properties":{"udise":"08110308003","name":"UPS PRATIBHA VIDHAYA MANDIR","state":"RAJASTHAN","district":"DAUSA","block":"RAMGARH PACHWARA","indicator":"girls_toilet_nonfunctional"}},{"type":"Feature","geometry":{"type":"Point","coordinates":[76.57519,27.04707]},"properties":{"udise":"08110125403","name":"SAINI AVM  BANDIKUI  WARD 21","state":"RAJASTHAN","district":"DAUSA","block":"BANDIKUI","indicator":"girls_toilet_nonfunctional"}},{"type":"Feature","geometry":{"type":"Point","coordinates":[76.31862,26.70733]},"properties":{"udise":"08110321801","name":"GOVT. PS BADOLI","state":"RAJASTHAN","district":"DAUSA","block":"RAMGARH PACHWARA","indicator":"girls_toilet_nonfunctional"}},{"type":"Feature","geometry":{"type":"Point","coordinates":[76.95826,27.07565]},"properties":{"udise":"08110401602","name":"GOVT. PS JHALERI  KHOTHI","state":"RAJASTHAN","district":"DAUSA","block":"MAHWA","indicator":"girls_toilet_nonfunctional"}},{"type":"Feature","geometry":{"type":"Point","coordinates":[76.36498,27.03897]},"properties":{"udise":"08110208703","name":"GUNAWAT AVM RAMBAS","state":"RAJASTHAN","district":"DAUSA","block":"DAUSA","indicator":"girls_toilet_nonfunctional"}},{"type":"Feature","geometry":{"type":"Point","coordinates":[76.8268,27.05237]},"properties":{"udise":"08110410502","name":"GOVT. PS MALIBAS BALAHEDI","state":"RAJASTHAN","district":"DAUSA","block":"BAIJUPADA","indicator":"girls_toilet_nonfunctional"}},{"type":"Feature","geometry":{"type":"Point","coordinates":[76.37368,26.97918]},"properties":{"udise":"08110225401","name":"GOVT. SSS PUROHITON KA BAS","state":"RAJASTHAN","district":"DAUSA","block":"DAUSA","indicator":"girls_toilet_nonfunctional"}},{"type":"Feature","geometry":{"type":"Point","coordinates":[76.69201,26.91659]},"properties":{"udise":"08110507522","name":"TILAK AVM SIKRAI","state":"RAJASTHAN","district":"DAUSA","block":"SIKRAI","indicator":"girls_toilet_nonfunctional"}},{"type":"Feature","geometry":{"type":"Point","coordinates":[76.58315,27.0019]},"properties":{"udise":"08110101002","name":"GOVT. PS MAHANO KA BAS","state":"RAJASTHAN","district":"DAUSA","block":"BANDIKUI","indicator":"girls_toilet_nonfunctional"}},{"type":"Feature","geometry":{"type":"Point","coordinates":[76.31415,26.91307]},"properties":{"udise":"08110204601","name":"GOVT. UPS MODA PATTI","state":"RAJASTHAN","district":"DAUSA","block":"DAUSA","indicator":"girls_toilet_nonfunctional"}},{"type":"Feature","geometry":{"type":"Point","coordinates":[76.43912,27.0284]},"properties":{"udise":"08110105001","name":"GOVT. UPS BHANWATI","state":"RAJASTHAN","district":"DAUSA","block":"BANDIKUI","indicator":"girls_toilet_nonfunctional"}},{"type":"Feature","geometry":{"type":"Point","coordinates":[76.48532,26.82656]},"properties":{"udise":"08110502101","name":"GOVT. UPS JHANPADAWAS","state":"RAJASTHAN","district":"DAUSA","block":"SIKANDARA","indicator":"girls_toilet_nonfunctional"}},{"type":"Feature","geometry":{"type":"Point","coordinates":[76.69102,26.97453]},"properties":{"udise":"08110513002","name":"GOVT. PS MANPURIYA DHANI","state":"RAJASTHAN","district":"DAUSA","block":"SIKRAI","indicator":"girls_toilet_nonfunctional"}},{"type":"Feature","geometry":{"type":"Point","coordinates":[76.86113,27.1519]},"properties":{"udise":"08110416802","name":"GOVT. PS SAYPUR","state":"RAJASTHAN","district":"DAUSA","block":"MAHWA","indicator":"girls_toilet_nonfunctional"}},{"type":"Feature","geometry":{"type":"Point","coordinates":[76.32722,26.88501]},"properties":{"udise":"08110226806","name":"HANS VIDYASHRAM   SCHOOL DAUSA WARD 14","state":"RAJASTHAN","district":"DAUSA","block":"DAUSA","indicator":"girls_toilet_nonfunctional"}},{"type":"Feature","geometry":{"type":"Point","coordinates":[77.00525,26.88193]},"properties":{"udise":"08110403202","name":"SH. BABUA DEV SEC. NAHIDA","state":"RAJASTHAN","district":"DAUSA","block":"MAHWA","indicator":"girls_toilet_nonfunctional"}},{"type":"Feature","geometry":{"type":"Point","coordinates":[76.70003,26.91404]},"properties":{"udise":"08110507505","name":"GOVT. PS NAWALYA DHANI","state":"RAJASTHAN","district":"DAUSA","block":"SIKRAI","indicator":"girls_toilet_nonfunctional"}},{"type":"Feature","geometry":{"type":"Point","coordinates":[76.63688,26.95686]},"properties":{"udise":"08110513401","name":"GOVT. UPS SANWAS","state":"RAJASTHAN","district":"DAUSA","block":"SIKANDARA","indicator":"girls_toilet_nonfunctional"}},{"type":"Feature","geometry":{"type":"Point","coordinates":[76.48381,26.78599]},"properties":{"udise":"08110605506","name":"MAHATMA GANDHI GOVT. SCHOOL DHANI TALUKA","state":"RAJASTHAN","district":"DAUSA","block":"NANGAL RAJAWATAN","indicator":"girls_toilet_nonfunctional"}},{"type":"Feature","geometry":{"type":"Point","coordinates":[76.56738,26.87568]},"properties":{"udise":"08110508407","name":"GOVT. PS KAKRODA DHANI GANGADWADI","state":"RAJASTHAN","district":"DAUSA","block":"SIKANDARA","indicator":"girls_toilet_nonfunctional"}},{"type":"Feature","geometry":{"type":"Point","coordinates":[76.53022,26.82439]},"properties":{"udise":"08110501502","name":"GOVT. UPS BAIRWA DHANI GUMANPURA","state":"RAJASTHAN","district":"DAUSA","block":"SIKANDARA","indicator":"girls_toilet_nonfunctional"}},{"type":"Feature","geometry":{"type":"Point","coordinates":[76.5191,26.8386]},"properties":{"udise":"08110501601","name":"GOVT. UPS KORDA KHURD","state":"RAJASTHAN","district":"DAUSA","block":"SIKANDARA","indicator":"girls_toilet_nonfunctional"}},{"type":"Feature","geometry":{"type":"Point","coordinates":[76.91964,27.04377]},"properties":{"udise":"08110409303","name":"SARSWATI  AVM THEKRA","state":"RAJASTHAN","district":"DAUSA","block":"MAHWA","indicator":"girls_toilet_nonfunctional"}},{"type":"Feature","geometry":{"type":"Point","coordinates":[76.89548,27.07457]},"properties":{"udise":"08110401781","name":"NOVIDHAYA ADRISH SHIKSHA NIKT.","state":"RAJASTHAN","district":"DAUSA","block":"MAHWA","indicator":"girls_toilet_nonfunctional"}},{"type":"Feature","geometry":{"type":"Point","coordinates":[76.39638,26.74013]},"properties":{"udise":"08110602015","name":"ABVM SS CHHAREDA","state":"RAJASTHAN","district":"DAUSA","block":"NANGAL RAJAWATAN","indicator":"girls_toilet_nonfunctional"}},{"type":"Feature","geometry":{"type":"Point","coordinates":[76.38165,26.92932]},"properties":{"udise":"08110204203","name":"AJAY MAHARANA PRATAP SHIKSHAN","state":"RAJASTHAN","district":"DAUSA","block":"DAUSA","indicator":"girls_toilet_nonfunctional"}},{"type":"Feature","geometry":{"type":"Point","coordinates":[76.77668,26.99304]},"properties":{"udise":"08110504506","name":"KESHAR DEVI ED.IN.CHANDERA","state":"RAJASTHAN","district":"DAUSA","block":"SIKRAI","indicator":"girls_toilet_nonfunctional"}},{"type":"Feature","geometry":{"type":"Point","coordinates":[76.3443,26.89865]},"properties":{"udise":"08110227701","name":"MGGS . GOVT. DAUSA KHURD","state":"RAJASTHAN","district":"DAUSA","block":"DAUSA","indicator":"girls_toilet_nonfunctional"}},{"type":"Feature","geometry":{"type":"Point","coordinates":[77.00004,26.93015]},"properties":{"udise":"08110406203","name":"S.K.S. MEMORIAL ACADEMY KHANPUR","state":"RAJASTHAN","district":"DAUSA","block":"MAHWA","indicator":"girls_toilet_nonfunctional"}},{"type":"Feature","geometry":{"type":"Point","coordinates":[76.36054,26.65689]},"properties":{"udise":"08110311602","name":"SHIV PAWAN PUB. HAHIRPURA","state":"RAJASTHAN","district":"DAUSA","block":"RAMGARH PACHWARA","indicator":"girls_toilet_nonfunctional"}},{"type":"Feature","geometry":{"type":"Point","coordinates":[76.21954,26.72742]},"properties":{"udise":"08110608405","name":"MGGS TIBAWALI DHANI RAJWAS","state":"RAJASTHAN","district":"DAUSA","block":"LAWAN","indicator":"girls_toilet_nonfunctional"}},{"type":"Feature","geometry":{"type":"Point","coordinates":[76.88362,26.98132]},"properties":{"udise":"08110411902","name":"GOVT  PS MALIPURA KHONCHPURI","state":"RAJASTHAN","district":"DAUSA","block":"MAHWA","indicator":"girls_toilet_nonfunctional"}},{"type":"Feature","geometry":{"type":"Point","coordinates":[76.35648,26.71505]},"properties":{"udise":"08110307802","name":"GOVT. PS CHAUDIYAWAS","state":"RAJASTHAN","district":"DAUSA","block":"RAMGARH PACHWARA","indicator":"girls_toilet_nonfunctional"}},{"type":"Feature","geometry":{"type":"Point","coordinates":[76.82455,26.99684]},"properties":{"udise":"08110417002","name":"GOVT. PS S.C. BASTI","state":"RAJASTHAN","district":"DAUSA","block":"MAHWA","indicator":"girls_toilet_nonfunctional"}},{"type":"Feature","geometry":{"type":"Point","coordinates":[76.71548,26.91994]},"properties":{"udise":"08110505903","name":"Sec. BALSHIVA AVM GANIPUR","state":"RAJASTHAN","district":"DAUSA","block":"SIKRAI","indicator":"girls_toilet_nonfunctional"}},{"type":"Feature","geometry":{"type":"Point","coordinates":[76.43542,26.80982]},"properties":{"udise":"08110609307","name":"NAV KRISHNA BAL NIKETAN","state":"RAJASTHAN","district":"DAUSA","block":"NANGAL RAJAWATAN","indicator":"girls_toilet_nonfunctional"}},{"type":"Feature","geometry":{"type":"Point","coordinates":[76.97445,26.99703]},"properties":{"udise":"08110401809","name":"RAWAT BAL SHIKSHA NIKETAN UPS SANTHA","state":"RAJASTHAN","district":"DAUSA","block":"MAHWA","indicator":"girls_toilet_nonfunctional"}},{"type":"Feature","geometry":{"type":"Point","coordinates":[76.40899,26.9863]},"properties":{"udise":"08110221103","name":"GOVT. PS SK BANDHA KI DHANI","state":"RAJASTHAN","district":"DAUSA","block":"DAUSA","indicator":"girls_toilet_nonfunctional"}},{"type":"Feature","geometry":{"type":"Point","coordinates":[76.81665,26.99178]},"properties":{"udise":"08110417001","name":"GOVT.PS KARNPUR","state":"RAJASTHAN","district":"DAUSA","block":"MAHWA","indicator":"girls_toilet_nonfunctional"}},{"type":"Feature","geometry":{"type":"Point","coordinates":[76.84956,27.13417]},"properties":{"udise":"08110406039","name":"SANTA  KIDS ACADEMY","state":"RAJASTHAN","district":"DAUSA","block":"MAHWA","indicator":"girls_toilet_nonfunctional"}},{"type":"Feature","geometry":{"type":"Point","coordinates":[76.98527,26.93617]},"properties":{"udise":"08110407001","name":"GOVT. PS MALIPURA","state":"RAJASTHAN","district":"DAUSA","block":"MAHWA","indicator":"girls_toilet_nonfunctional"}},{"type":"Feature","geometry":{"type":"Point","coordinates":[76.97663,27.03865]},"properties":{"udise":"08110414502","name":"GOVT. PRIMARY SCHOOL  FOUJIPURA KA NAGLA","state":"RAJASTHAN","district":"DAUSA","block":"MAHWA","indicator":"girls_toilet_nonfunctional"}},{"type":"Feature","geometry":{"type":"Point","coordinates":[76.19307,26.512]},"properties":{"udise":"08110301401","name":"GOVT. PRIMARY SCHOOL DAVESTHAN MATALANA","state":"RAJASTHAN","district":"DAUSA","block":"LALSOT","indicator":"girls_toilet_nonfunctional"}},{"type":"Feature","geometry":{"type":"Point","coordinates":[76.33419,26.75234]},"properties":{"udise":"08110607517","name":"SANGAM BHARTI VPNAGAL RAJA","state":"RAJASTHAN","district":"DAUSA","block":"NANGAL RAJAWATAN","indicator":"girls_toilet_nonfunctional"}},{"type":"Feature","geometry":{"type":"Point","coordinates":[76.61667,27.33333]},"properties":{"udise":"08110502007","name":"J.D.A.V.M. SCHOOL GARH","state":"RAJASTHAN","district":"DAUSA","block":"SIKANDARA","indicator":"girls_toilet_nonfunctional"}},{"type":"Feature","geometry":{"type":"Point","coordinates":[76.96035,27.13279]},"properties":{"udise":"08110407301","name":"GOVT. PS CHOD ARJUNPUR","state":"RAJASTHAN","district":"DAUSA","block":"MANDAWAR","indicator":"girls_toilet_nonfunctional"}},{"type":"Feature","geometry":{"type":"Point","coordinates":[76.57722,26.95262]},"properties":{"udise":"08110510632","name":"SARASWATI ARYA A.V.M","state":"RAJASTHAN","district":"DAUSA","block":"SIKANDARA","indicator":"girls_toilet_nonfunctional"}},{"type":"Feature","geometry":{"type":"Point","coordinates":[76.3367,26.90481]},"properties":{"udise":"08110229107","name":"SR. SEC.RAMAN MAHARSI VIDYA MANDIR DAUSA","state":"RAJASTHAN","district":"DAUSA","block":"DAUSA","indicator":"girls_toilet_nonfunctional"}},{"type":"Feature","geometry":{"type":"Point","coordinates":[76.41049,26.92722]},"properties":{"udise":"08110204905","name":"GOVT. PS MODA","state":"RAJASTHAN","district":"DAUSA","block":"DAUSA","indicator":"girls_toilet_nonfunctional"}},{"type":"Feature","geometry":{"type":"Point","coordinates":[76.90511,27.07735]},"properties":{"udise":"08110408303","name":"GOVT PS SHRI HARGOVIND KA PURA [RASIDPUR]","state":"RAJASTHAN","district":"DAUSA","block":"MAHWA","indicator":"girls_toilet_nonfunctional"}},{"type":"Feature","geometry":{"type":"Point","coordinates":[76.93037,26.95839]},"properties":{"udise":"08110411517","name":"GAURAV BAL VIDHYA MANDIR PAWTA","state":"RAJASTHAN","district":"DAUSA","block":"MAHWA","indicator":"girls_toilet_nonfunctional"}},{"type":"Feature","geometry":{"type":"Point","coordinates":[76.37709,27.06185]},"properties":{"udise":"08110222401","name":"GOVT.PS KOLESHWERKALA","state":"RAJASTHAN","district":"DAUSA","block":"DAUSA","indicator":"girls_toilet_nonfunctional"}},{"type":"Feature","geometry":{"type":"Point","coordinates":[76.45427,27.03033]},"properties":{"udise":"08110118406","name":"SW. KIRAN DEVI AVM DHIGARIYA BHEEM","state":"RAJASTHAN","district":"DAUSA","block":"BAIJUPADA","indicator":"girls_toilet_nonfunctional"}},{"type":"Feature","geometry":{"type":"Point","coordinates":[76.63353,26.80965]},"properties":{"udise":"08110509505","name":"GOVT. SSS KALAKHOH AMBADI","state":"RAJASTHAN","district":"DAUSA","block":"SIKRAI","indicator":"girls_toilet_nonfunctional"}},{"type":"Feature","geometry":{"type":"Point","coordinates":[76.68717,27.0195]},"properties":{"udise":"08110103803","name":"SHRI SHIVAM ABM KHERI","state":"RAJASTHAN","district":"DAUSA","block":"BAIJUPADA","indicator":"girls_toilet_nonfunctional"}},{"type":"Feature","geometry":{"type":"Point","coordinates":[76.52972,26.90591]},"properties":{"udise":"08110510401","name":"GOVT. PS PILWA KHURD","state":"RAJASTHAN","district":"DAUSA","block":"SIKANDARA","indicator":"girls_toilet_nonfunctional"}},{"type":"Feature","geometry":{"type":"Point","coordinates":[76.94794,26.97514]},"properties":{"udise":"08110409802","name":"VARDHMAN SSS GAJIPUR","state":"RAJASTHAN","district":"DAUSA","block":"MAHWA","indicator":"girls_toilet_nonfunctional"}},{"type":"Feature","geometry":{"type":"Point","coordinates":[76.60928,27.09591]},"properties":{"udise":"08110114501","name":"GOVT. PRIMARY SCHOOL RAMCHANDRAPURA","state":"RAJASTHAN","district":"DAUSA","block":"BASWA","indicator":"girls_toilet_nonfunctional"}},{"type":"Feature","geometry":{"type":"Point","coordinates":[76.5575,27.12974]},"properties":{"udise":"08110109501","name":"GOVT. SSSAGAWALI","state":"RAJASTHAN","district":"DAUSA","block":"BASWA","indicator":"girls_toilet_nonfunctional"}},{"type":"Feature","geometry":{"type":"Point","coordinates":[76.66901,26.90283]},"properties":{"udise":"08110510509","name":"GOVT. PS BUDALYA DHANI","state":"RAJASTHAN","district":"DAUSA","block":"SIKRAI","indicator":"girls_toilet_nonfunctional"}},{"type":"Feature","geometry":{"type":"Point","coordinates":[77.12568,27.53347]},"properties":{"udise":"08070200108","name":"LOKESH SEC. SCHOOL GULPADA","state":"RAJASTHAN","district":"DEEG","block":"SIKARI","indicator":"no_girls_toilet"}},{"type":"Feature","geometry":{"type":"Point","coordinates":[77.22676,27.54254]},"properties":{"udise":"08070309302","name":"GOVT UPPER PRIMARY SCHOOL KARMUKA","state":"RAJASTHAN","district":"DEEG","block":"SIKARI","indicator":"no_girls_toilet"}},{"type":"Feature","geometry":{"type":"Point","coordinates":[77.15704,27.70649]},"properties":{"udise":"08071007802","name":"MAHATMA GANDHI GOVT SCHOOL DAHANA","state":"RAJASTHAN","district":"DEEG","block":"PAHADI","indicator":"no_girls_toilet"}},{"type":"Feature","geometry":{"type":"Point","coordinates":[77.29328,27.2961]},"properties":{"udise":"08070417107","name":"GOVT.SR. SEC. SCHOOL ASTAWAN","state":"RAJASTHAN","district":"DEEG","block":"KUMHER","indicator":"no_girls_toilet"}},{"type":"Feature","geometry":{"type":"Point","coordinates":[77.3317,27.47475]},"properties":{"udise":"08070327904","name":"GYAN SAGAR S.S. UPS DEEG","state":"RAJASTHAN","district":"DEEG","block":"DEEG","indicator":"no_girls_toilet"}},{"type":"Feature","geometry":{"type":"Point","coordinates":[77.03908,27.45347]},"properties":{"udise":"08070202809","name":"MADRSA JAMIA ISLAMIA MASIJID KUR SAIMLA KALAN","state":"RAJASTHAN","district":"DEEG","block":"NAGAR","indicator":"no_girls_toilet"}},{"type":"Feature","geometry":{"type":"Point","coordinates":[77.29014,27.69621]},"properties":{"udise":"08070117901","name":"GOVT.UPS.  AASUKA","state":"RAJASTHAN","district":"DEEG","block":"KAMAN","indicator":"no_girls_toilet"}},{"type":"Feature","geometry":{"type":"Point","coordinates":[77.24841,27.7606]},"properties":{"udise":"08070104501","name":"GOVT SR SEC SCHOOL KHADLI GUMANI","state":"RAJASTHAN","district":"DEEG","block":"KAMAN","indicator":"no_girls_toilet"}},{"type":"Feature","geometry":{"type":"Point","coordinates":[77.1183,27.69229]},"properties":{"udise":"08071011105","name":"SH. RADHA KRISHAN PS V.M. BHAINSERA","state":"RAJASTHAN","district":"DEEG","block":"PAHADI","indicator":"no_girls_toilet"}},{"type":"Feature","geometry":{"type":"Point","coordinates":[77.48579,27.27545]},"properties":{"udise":"08070401111","name":"RAJ VIDHYAPUBLIC UPS NAGLA JEEVNA","state":"RAJASTHAN","district":"DEEG","block":"KUMHER","indicator":"no_girls_toilet"}},{"type":"Feature","geometry":{"type":"Point","coordinates":[77.17419,27.80286]},"properties":{"udise":"08071006205","name":"MAD.BADI MASJID GHOSINGA","state":"RAJASTHAN","district":"DEEG","block":"PAHADI","indicator":"no_girls_toilet"}},{"type":"Feature","geometry":{"type":"Point","coordinates":[77.12674,27.67406]},"properties":{"udise":"08071010711","name":"A.P.S.SATWARI","state":"RAJASTHAN","district":"DEEG","block":"PAHADI","indicator":"no_girls_toilet"}},{"type":"Feature","geometry":{"type":"Point","coordinates":[77.22599,27.38188]},"properties":{"udise":"08070301917","name":"DR.B.R AMBEDKAR PUBLIC SCHOOL","state":"RAJASTHAN","district":"DEEG","block":"DEEG","indicator":"no_girls_toilet"}},{"type":"Feature","geometry":{"type":"Point","coordinates":[77.33275,27.47477]},"properties":{"udise":"08070312861","name":"R.D.SIKSHAN SANSTHAN","state":"RAJASTHAN","district":"DEEG","block":"DEEG","indicator":"no_girls_toilet"}},{"type":"Feature","geometry":{"type":"Point","coordinates":[77.26051,27.7802]},"properties":{"udise":"08070103101","name":"GOVT SR SEC SCHOOL SAMDARA","state":"RAJASTHAN","district":"DEEG","block":"KAMAN","indicator":"no_girls_toilet"}},{"type":"Feature","geometry":{"type":"Point","coordinates":[77.02426,27.70828]},"properties":{"udise":"08071002204","name":"MAHATMA GANDHI GOVT SCHOOL GANGORA","state":"RAJASTHAN","district":"DEEG","block":"PAHADI","indicator":"no_girls_toilet"}},{"type":"Feature","geometry":{"type":"Point","coordinates":[77.17632,27.5016]},"properties":{"udise":"08070301002","name":"primary madarsa m garhi mewat","state":"RAJASTHAN","district":"DEEG","block":"DEEG","indicator":"no_girls_toilet"}},{"type":"Feature","geometry":{"type":"Point","coordinates":[77.07138,27.76923]},"properties":{"udise":"08071005602","name":"MADARSA REHANUL EDUCATION GHEESERA","state":"RAJASTHAN","district":"DEEG","block":"PAHADI","indicator":"no_girls_toilet"}},{"type":"Feature","geometry":{"type":"Point","coordinates":[77.32586,27.46604]},"properties":{"udise":"08070318404","name":"SAI KRIPA SHIKSHA ACEDEMY SCHOOL DEEG","state":"RAJASTHAN","district":"DEEG","block":"DEEG","indicator":"no_girls_toilet"}},{"type":"Feature","geometry":{"type":"Point","coordinates":[77.26833,27.64897]},"properties":{"udise":"08070126701","name":"MADARSA MASJID MANIHARAN","state":"RAJASTHAN","district":"DEEG","block":"KAMAN","indicator":"no_girls_toilet"}},{"type":"Feature","geometry":{"type":"Point","coordinates":[77.07328,27.57847]},"properties":{"udise":"08070203324","name":"ISLAMIA KASMIYA MADRSA SIKRI","state":"RAJASTHAN","district":"DEEG","block":"NAGAR","indicator":"no_girls_toilet"}},{"type":"Feature","geometry":{"type":"Point","coordinates":[77.2133,27.7401]},"properties":{"udise":"08071012301","name":"GOVT. UPS KALTARIYA","state":"RAJASTHAN","district":"DEEG","block":"PAHADI","indicator":"no_girls_toilet"}},{"type":"Feature","geometry":{"type":"Point","coordinates":[77.08391,27.71183]},"properties":{"udise":"08071002531","name":"U.P. SARASWATI VIDHYA MANDIR PAHADI","state":"RAJASTHAN","district":"DEEG","block":"PAHADI","indicator":"no_girls_toilet"}},{"type":"Feature","geometry":{"type":"Point","coordinates":[77.06017,27.50606]},"properties":{"udise":"08070204705","name":"B.M MADARSA DARUL OLUMISLAMIUA  AR PALKI","state":"RAJASTHAN","district":"DEEG","block":"SIKARI","indicator":"no_girls_toilet"}},{"type":"Feature","geometry":{"type":"Point","coordinates":[77.11307,27.44357]},"properties":{"udise":"08070229701","name":"GOVT. PS BHUTKA","state":"RAJASTHAN","district":"DEEG","block":"NAGAR","indicator":"no_girls_toilet"}},{"type":"Feature","geometry":{"type":"Point","coordinates":[77.3226,27.42878]},"properties":{"udise":"08070320403","name":"RADHA EDUCATION PUBLIC SCHOOL","state":"RAJASTHAN","district":"DEEG","block":"DEEG","indicator":"no_girls_toilet"}},{"type":"Feature","geometry":{"type":"Point","coordinates":[77.20844,27.423]},"properties":{"udise":"08070310704","name":"SUDHESH SEC. SCHOOL BADESARA","state":"RAJASTHAN","district":"DEEG","block":"DEEG","indicator":"no_girls_toilet"}},{"type":"Feature","geometry":{"type":"Point","coordinates":[77.33407,27.47541]},"properties":{"udise":"08070318705","name":"AMAR JYOTI VIDHYA MANDIR DEEG","state":"RAJASTHAN","district":"DEEG","block":"DEEG","indicator":"no_girls_toilet"}},{"type":"Feature","geometry":{"type":"Point","coordinates":[77.32819,27.57952]},"properties":{"udise":"08070300103","name":"GOVT. PS NAGLA HARSHUKH","state":"RAJASTHAN","district":"DEEG","block":"DEEG","indicator":"no_girls_toilet"}},{"type":"Feature","geometry":{"type":"Point","coordinates":[77.15474,27.67253]},"properties":{"udise":"08071010901","name":"GOVT UPS UBHAKA","state":"RAJASTHAN","district":"DEEG","block":"PAHADI","indicator":"no_girls_toilet"}},{"type":"Feature","geometry":{"type":"Point","coordinates":[77.21519,27.57922]},"properties":{"udise":"08070107603","name":"GOVT ADARSH SR. SEC. BAROLI DHAU","state":"RAJASTHAN","district":"DEEG","block":"KAMAN","indicator":"no_girls_toilet"}},{"type":"Feature","geometry":{"type":"Point","coordinates":[77.2018,27.50261]},"properties":{"udise":"08070300903","name":"SHRI GOVIND PATEL UPS JATERI","state":"RAJASTHAN","district":"DEEG","block":"DEEG","indicator":"no_girls_toilet"}},{"type":"Feature","geometry":{"type":"Point","coordinates":[77.3227,27.66714]},"properties":{"udise":"08070106507","name":"SH.HARIVANSH A.SHI.S.AKATA","state":"RAJASTHAN","district":"DEEG","block":"KAMAN","indicator":"no_girls_toilet"}},{"type":"Feature","geometry":{"type":"Point","coordinates":[77.16726,27.70784]},"properties":{"udise":"08071007710","name":"PRIMARY AJAY ADARSH PUBLIC.SCHOOL SOMKA","state":"RAJASTHAN","district":"DEEG","block":"PAHADI","indicator":"no_girls_toilet"}},{"type":"Feature","geometry":{"type":"Point","coordinates":[77.04672,27.57651]},"properties":{"udise":"08070203805","name":"MAMTA PUBLIC SCHOOL, JHANJHAR","state":"RAJASTHAN","district":"DEEG","block":"SIKARI","indicator":"no_girls_toilet"}},{"type":"Feature","geometry":{"type":"Point","coordinates":[77.14791,27.76135]},"properties":{"udise":"08071007305","name":"MADARSA TAZVEEDUL QURAN ILYASIA KANCHANNER","state":"RAJASTHAN","district":"DEEG","block":"PAHADI","indicator":"no_girls_toilet"}},{"type":"Feature","geometry":{"type":"Point","coordinates":[77.24268,27.48443]},"properties":{"udise":"08070303402","name":"PANNA ADARSH SHIKSHAN SANSTHAN NIGOHI","state":"RAJASTHAN","district":"DEEG","block":"DEEG","indicator":"no_girls_toilet"}},{"type":"Feature","geometry":{"type":"Point","coordinates":[77.33853,27.3988]},"properties":{"udise":"08070304309","name":"SARASWATI JBVM BADANGHAR UPS","state":"RAJASTHAN","district":"DEEG","block":"DEEG","indicator":"no_girls_toilet"}},{"type":"Feature","geometry":{"type":"Point","coordinates":[77.55613,27.32104]},"properties":{"udise":"08070400704","name":"PRAGATI PUBLIC SCOOL RAREH","state":"RAJASTHAN","district":"DEEG","block":"KUMHER","indicator":"no_girls_toilet"}},{"type":"Feature","geometry":{"type":"Point","coordinates":[77.30941,27.20652]},"properties":{"udise":"08070402005","name":"GOVT UPS BASOKAR","state":"RAJASTHAN","district":"DEEG","block":"KUMHER","indicator":"no_girls_toilet"}},{"type":"Feature","geometry":{"type":"Point","coordinates":[77.13518,27.50955]},"properties":{"udise":"08070211402","name":"GOVT.BADI MASJID RAIPUR","state":"RAJASTHAN","district":"DEEG","block":"SIKARI","indicator":"no_girls_toilet"}},{"type":"Feature","geometry":{"type":"Point","coordinates":[77.34472,27.43469]},"properties":{"udise":"08070308110","name":"JAY SHRI RAM V M A","state":"RAJASTHAN","district":"DEEG","block":"DEEG","indicator":"no_girls_toilet"}},{"type":"Feature","geometry":{"type":"Point","coordinates":[77.25798,27.77321]},"properties":{"udise":"08070103001","name":"GOVT UPS KHAICHATAN","state":"RAJASTHAN","district":"DEEG","block":"KAMAN","indicator":"no_girls_toilet"}},{"type":"Feature","geometry":{"type":"Point","coordinates":[77.17211,27.4681]},"properties":{"udise":"08070210301","name":"GOVT SR SEC SCHOOL PATKA","state":"RAJASTHAN","district":"DEEG","block":"NAGAR","indicator":"no_girls_toilet"}},{"type":"Feature","geometry":{"type":"Point","coordinates":[77.11163,27.77807]},"properties":{"udise":"08071005704","name":"GOVT. PS  FATTI KA BASS","state":"RAJASTHAN","district":"DEEG","block":"PAHADI","indicator":"no_girls_toilet"}},{"type":"Feature","geometry":{"type":"Point","coordinates":[76.89752,27.50276]},"properties":{"udise":"08070206807","name":"MEVAT MORDEN PUBLIC SCHOOL BHATPURA","state":"RAJASTHAN","district":"DEEG","block":"NAGAR","indicator":"no_girls_toilet"}},{"type":"Feature","geometry":{"type":"Point","coordinates":[77.27756,27.69564]},"properties":{"udise":"08070318304","name":"GUNJAN  UPS V. DEEG","state":"RAJASTHAN","district":"DEEG","block":"DEEG","indicator":"no_girls_toilet"}},{"type":"Feature","geometry":{"type":"Point","coordinates":[77.26111,27.64765]},"properties":{"udise":"08070126202","name":"GOVT UPS SASNK. S. GAYAKUND KAMAN","state":"RAJASTHAN","district":"DEEG","block":"KAMAN","indicator":"no_girls_toilet"}},{"type":"Feature","geometry":{"type":"Point","coordinates":[77.22562,27.38171]},"properties":{"udise":"08070301904","name":"ASHWANI BAL MANDIR SR. SEC. SCHOOL JANUTHAR","state":"RAJASTHAN","district":"DEEG","block":"DEEG","indicator":"no_girls_toilet"}},{"type":"Feature","geometry":{"type":"Point","coordinates":[77.30318,27.67444]},"properties":{"udise":"08070106206","name":"S. RAM A.S.S. UDAKA","state":"RAJASTHAN","district":"DEEG","block":"KAMAN","indicator":"no_girls_toilet"}},{"type":"Feature","geometry":{"type":"Point","coordinates":[77.20937,27.45415]},"properties":{"udise":"08070303816","name":"SHRI BAJRANG ADARSH SHIKSHAN SANSTHAN , BEDHAM","state":"RAJASTHAN","district":"DEEG","block":"DEEG","indicator":"no_girls_toilet"}},{"type":"Feature","geometry":{"type":"Point","coordinates":[77.05383,27.64807]},"properties":{"udise":"08071002606","name":"MAULANA. A.KA. SR. SEC. SCHOOL GOPALGARH","state":"RAJASTHAN","district":"DEEG","block":"PAHADI","indicator":"no_girls_toilet"}},{"type":"Feature","geometry":{"type":"Point","coordinates":[77.37836,27.41933]},"properties":{"udise":"08070315802","name":"SANSAKAR CONVEANT UPS","state":"RAJASTHAN","district":"DEEG","block":"DEEG","indicator":"no_girls_toilet"}},{"type":"Feature","geometry":{"type":"Point","coordinates":[77.02468,27.68571]},"properties":{"udise":"08071008901","name":"MAHATMA GANDHI GOVT SCHOOL LIWASANA 1","state":"RAJASTHAN","district":"DEEG","block":"PAHADI","indicator":"no_girls_toilet"}},{"type":"Feature","geometry":{"type":"Point","coordinates":[77.2095,27.78549]},"properties":{"udise":"08070100112","name":"GOVT.  HR. SEC. BABU NATH SWAMI. JURHRA","state":"RAJASTHAN","district":"DEEG","block":"KAMAN","indicator":"no_girls_toilet"}},{"type":"Feature","geometry":{"type":"Point","coordinates":[77.02592,27.6288]},"properties":{"udise":"08071010103","name":"HALAHUL AAMIN PS AARDUKA","state":"RAJASTHAN","district":"DEEG","block":"PAHADI","indicator":"no_girls_toilet"}},{"type":"Feature","geometry":{"type":"Point","coordinates":[77.09961,27.75862]},"properties":{"udise":"08071005706","name":"ALFARHAN PUBLIC SCHOOL BHONRI","state":"RAJASTHAN","district":"DEEG","block":"PAHADI","indicator":"no_girls_toilet"}},{"type":"Feature","geometry":{"type":"Point","coordinates":[77.1354,27.60921]},"properties":{"udise":"08071003003","name":"MAHATMA GANDHI GOVT SCHOOL GHAGHWARI","state":"RAJASTHAN","district":"DEEG","block":"PAHADI","indicator":"no_girls_toilet"}},{"type":"Feature","geometry":{"type":"Point","coordinates":[77.3297,27.47649]},"properties":{"udise":"08070317506","name":"SHRI ASHOKA CREATIVE SCHOOL DEEG","state":"RAJASTHAN","district":"DEEG","block":"DEEG","indicator":"girls_toilet_nonfunctional"}},{"type":"Feature","geometry":{"type":"Point","coordinates":[77.11498,27.63614]},"properties":{"udise":"08071003501","name":"GOVT.PS SHAIKHPUR","state":"RAJASTHAN","district":"DEEG","block":"PAHADI","indicator":"girls_toilet_nonfunctional"}},{"type":"Feature","geometry":{"type":"Point","coordinates":[77.26522,27.58362]},"properties":{"udise":"08070119001","name":"GOVT SR. SEC. PALLA","state":"RAJASTHAN","district":"DEEG","block":"KAMAN","indicator":"girls_toilet_nonfunctional"}},{"type":"Feature","geometry":{"type":"Point","coordinates":[76.92857,27.46786]},"properties":{"udise":"08070207112","name":"U.P.ADHARSH VIDHYAPEE PEETH SEMLI","state":"RAJASTHAN","district":"DEEG","block":"NAGAR","indicator":"girls_toilet_nonfunctional"}},{"type":"Feature","geometry":{"type":"Point","coordinates":[77.29977,27.78404]},"properties":{"udise":"08070102507","name":"B.R.CONVENT PRO.PS NONERA","state":"RAJASTHAN","district":"DEEG","block":"KAMAN","indicator":"girls_toilet_nonfunctional"}},{"type":"Feature","geometry":{"type":"Point","coordinates":[77.06712,27.42834]},"properties":{"udise":"08070213701","name":"GOVT PS CHIRAVALGURJAR","state":"RAJASTHAN","district":"DEEG","block":"NAGAR","indicator":"girls_toilet_nonfunctional"}},{"type":"Feature","geometry":{"type":"Point","coordinates":[76.99456,27.67755]},"properties":{"udise":"08071009301","name":"U.P. PADMA VATI U.P. MEVAT P.S. PAPDA","state":"RAJASTHAN","district":"DEEG","block":"PAHADI","indicator":"girls_toilet_nonfunctional"}},{"type":"Feature","geometry":{"type":"Point","coordinates":[77.00494,27.59038]},"properties":{"udise":"08070204205","name":"S.BS. PUBLIC SCHOOL BOODLI","state":"RAJASTHAN","district":"DEEG","block":"SIKARI","indicator":"girls_toilet_nonfunctional"}},{"type":"Feature","geometry":{"type":"Point","coordinates":[77.31227,27.41063]},"properties":{"udise":"08070311208","name":"SHRI PANNA LAL MANIRAM  UPS  SONGAON","state":"RAJASTHAN","district":"DEEG","block":"DEEG","indicator":"girls_toilet_nonfunctional"}},{"type":"Feature","geometry":{"type":"Point","coordinates":[77.00898,27.6632]},"properties":{"udise":"08071009319","name":"VEENA WADINI UPS  PAPDA","state":"RAJASTHAN","district":"DEEG","block":"PAHADI","indicator":"girls_toilet_nonfunctional"}},{"type":"Feature","geometry":{"type":"Point","coordinates":[77.21921,27.40481]},"properties":{"udise":"08070304003","name":"DHRUV SR. SEC.SCHOOL MOROLI","state":"RAJASTHAN","district":"DEEG","block":"DEEG","indicator":"girls_toilet_nonfunctional"}},{"type":"Feature","geometry":{"type":"Point","coordinates":[77.17748,27.48799]},"properties":{"udise":"08070322101","name":"GOVT SR SEC SCHOOL HINGOTA","state":"RAJASTHAN","district":"DEEG","block":"SIKARI","indicator":"girls_toilet_nonfunctional"}},{"type":"Feature","geometry":{"type":"Point","coordinates":[77.26184,27.5066]},"properties":{"udise":"08070325001","name":"GOVT PS DAHAR KHOH","state":"RAJASTHAN","district":"DEEG","block":"DEEG","indicator":"girls_toilet_nonfunctional"}},{"type":"Feature","geometry":{"type":"Point","coordinates":[77.05138,27.59767]},"properties":{"udise":"08070204101","name":"GOVT SR SEC SCHOOL KISHANPURA","state":"RAJASTHAN","district":"DEEG","block":"SIKARI","indicator":"girls_toilet_nonfunctional"}},{"type":"Feature","geometry":{"type":"Point","coordinates":[77.11856,27.37489]},"properties":{"udise":"08070208503","name":"MA. ADITYENDRA UPVIDHPEETH SEC.SCH.THOON","state":"RAJASTHAN","district":"DEEG","block":"NAGAR","indicator":"girls_toilet_nonfunctional"}},{"type":"Feature","geometry":{"type":"Point","coordinates":[77.22515,27.66917]},"properties":{"udise":"08070108604","name":"MADARSA IDARA ALFALA FAIJ A AAM. VILANG","state":"RAJASTHAN","district":"DEEG","block":"KAMAN","indicator":"girls_toilet_nonfunctional"}},{"type":"Feature","geometry":{"type":"Point","coordinates":[77.13189,27.59386]},"properties":{"udise":"08071001803","name":"SHIV.BAL.VIDHYA PEETH. SEC SCH","state":"RAJASTHAN","district":"DEEG","block":"PAHADI","indicator":"girls_toilet_nonfunctional"}},{"type":"Feature","geometry":{"type":"Point","coordinates":[77.48912,27.27643]},"properties":{"udise":"08070401109","name":"SARDAR MEMORIAL UPS SOGAR","state":"RAJASTHAN","district":"DEEG","block":"KUMHER","indicator":"girls_toilet_nonfunctional"}},{"type":"Feature","geometry":{"type":"Point","coordinates":[77.52001,27.21322]},"properties":{"udise":"08070405902","name":"GOVT U.P.S.SANSKRIT SCH DHOKASH","state":"RAJASTHAN","district":"DEEG","block":"KUMHER","indicator":"girls_toilet_nonfunctional"}},{"type":"Feature","geometry":{"type":"Point","coordinates":[77.09843,27.51987]},"properties":{"udise":"08070200302","name":"SHRI HARKISHAN PUBLIC SCHOOL, PUNAY","state":"RAJASTHAN","district":"DEEG","block":"SIKARI","indicator":"girls_toilet_nonfunctional"}},{"type":"Feature","geometry":{"type":"Point","coordinates":[77.1639,27.48961]},"properties":{"udise":"08070216101","name":"GOVT PS UDAKI NIRBHA","state":"RAJASTHAN","district":"DEEG","block":"SIKARI","indicator":"girls_toilet_nonfunctional"}},{"type":"Feature","geometry":{"type":"Point","coordinates":[77.30269,27.74492]},"properties":{"udise":"08070103602","name":"SHRI MANIRAM UPS AD. NAG.BHOGRA","state":"RAJASTHAN","district":"DEEG","block":"KAMAN","indicator":"girls_toilet_nonfunctional"}},{"type":"Feature","geometry":{"type":"Point","coordinates":[77.06053,27.68554]},"properties":{"udise":"08071000201","name":"GOVT P S PANDEKA","state":"RAJASTHAN","district":"DEEG","block":"PAHADI","indicator":"girls_toilet_nonfunctional"}},{"type":"Feature","geometry":{"type":"Point","coordinates":[77.12751,27.67303]},"properties":{"udise":"08071010702","name":"HARI BAL V M SR SEC SATVADI","state":"RAJASTHAN","district":"DEEG","block":"PAHADI","indicator":"girls_toilet_nonfunctional"}},{"type":"Feature","geometry":{"type":"Point","coordinates":[77.10402,27.76195]},"properties":{"udise":"08071005801","name":"GOVT P S BHOJAKA","state":"RAJASTHAN","district":"DEEG","block":"PAHADI","indicator":"girls_toilet_nonfunctional"}},{"type":"Feature","geometry":{"type":"Point","coordinates":[76.97163,27.56443]},"properties":{"udise":"08070201606","name":"GOVT. P.S KURKAINIYABAS","state":"RAJASTHAN","district":"DEEG","block":"SIKARI","indicator":"girls_toilet_nonfunctional"}},{"type":"Feature","geometry":{"type":"Point","coordinates":[77.09888,27.43146]},"properties":{"udise":"08070224629","name":"VIVEKANAND SHAKTI PEETH SR. SEC. NAGAR","state":"RAJASTHAN","district":"DEEG","block":"NAGAR","indicator":"girls_toilet_nonfunctional"}},{"type":"Feature","geometry":{"type":"Point","coordinates":[77.08327,27.71081]},"properties":{"udise":"08071002507","name":"MAHATMA GANDHI GOVT SCHOOL PAHADI","state":"RAJASTHAN","district":"DEEG","block":"PAHADI","indicator":"girls_toilet_nonfunctional"}},{"type":"Feature","geometry":{"type":"Point","coordinates":[77.14276,27.73676]},"properties":{"udise":"08071006908","name":"MEWAT PUBLIC SCHOOL UPS KATHOL","state":"RAJASTHAN","district":"DEEG","block":"PAHADI","indicator":"girls_toilet_nonfunctional"}},{"type":"Feature","geometry":{"type":"Point","coordinates":[77.49697,27.27594]},"properties":{"udise":"08070401014","name":"SHREE RAGHU BAL VIDHYA MANDIR UWAR","state":"RAJASTHAN","district":"DEEG","block":"KUMHER","indicator":"girls_toilet_nonfunctional"}},{"type":"Feature","geometry":{"type":"Point","coordinates":[77.25389,27.74639]},"properties":{"udise":"08070116508","name":"PARSADI LAL PUB. SCHOOL GURIRA","state":"RAJASTHAN","district":"DEEG","block":"KAMAN","indicator":"girls_toilet_nonfunctional"}},{"type":"Feature","geometry":{"type":"Point","coordinates":[77.30201,27.36739]},"properties":{"udise":"08070302314","name":"SINSINI ADARS SEC. SCH. SINSINI","state":"RAJASTHAN","district":"DEEG","block":"DEEG","indicator":"girls_toilet_nonfunctional"}},{"type":"Feature","geometry":{"type":"Point","coordinates":[77.27895,27.77082]},"properties":{"udise":"08070102902","name":"MADRSA NAJMUL  ISLAM MAJSID NAGLA KUNDAN","state":"RAJASTHAN","district":"DEEG","block":"KAMAN","indicator":"girls_toilet_nonfunctional"}},{"type":"Feature","geometry":{"type":"Point","coordinates":[77.0822,27.71071]},"properties":{"udise":"08071002516","name":"BHARATYA ADRASH M. SCHOOLPAHADI","state":"RAJASTHAN","district":"DEEG","block":"PAHADI","indicator":"girls_toilet_nonfunctional"}},{"type":"Feature","geometry":{"type":"Point","coordinates":[77.04437,27.49536]},"properties":{"udise":"08070212601","name":"GOVT  SR. SEC. KHESTI","state":"RAJASTHAN","district":"DEEG","block":"SIKARI","indicator":"girls_toilet_nonfunctional"}},{"type":"Feature","geometry":{"type":"Point","coordinates":[77.23568,27.55082]},"properties":{"udise":"08070309401","name":"GOVT. P .S. KAYRIKA","state":"RAJASTHAN","district":"DEEG","block":"SIKARI","indicator":"girls_toilet_nonfunctional"}},{"type":"Feature","geometry":{"type":"Point","coordinates":[77.30529,27.33025]},"properties":{"udise":"08070404303","name":"UPS SAINI ADARS V.M. JAHAGEERPUR","state":"RAJASTHAN","district":"DEEG","block":"KUMHER","indicator":"girls_toilet_nonfunctional"}},{"type":"Feature","geometry":{"type":"Point","coordinates":[76.99856,27.54961]},"properties":{"udise":"08070202203","name":"SH. KRASHN UPS JALALPUR","state":"RAJASTHAN","district":"DEEG","block":"SIKARI","indicator":"girls_toilet_nonfunctional"}},{"type":"Feature","geometry":{"type":"Point","coordinates":[77.21484,27.45217]},"properties":{"udise":"08070303815","name":"BHAVANA AADARSH PUB. SR. SEC. SCH. BEDHAM","state":"RAJASTHAN","district":"DEEG","block":"DEEG","indicator":"girls_toilet_nonfunctional"}},{"type":"Feature","geometry":{"type":"Point","coordinates":[76.99639,27.57338]},"properties":{"udise":"08070202501","name":"GOVT.PS LAVAN","state":"RAJASTHAN","district":"DEEG","block":"SIKARI","indicator":"girls_toilet_nonfunctional"}},{"type":"Feature","geometry":{"type":"Point","coordinates":[77.32458,27.67154]},"properties":{"udise":"08070106504","name":"MAHATMA GANDHI GOVT SCHOOL AKATA","state":"RAJASTHAN","district":"DEEG","block":"KAMAN","indicator":"girls_toilet_nonfunctional"}},{"type":"Feature","geometry":{"type":"Point","coordinates":[77.26788,27.65369]},"properties":{"udise":"08070127201","name":"HARI KRIPA MORDEN SCHOOL","state":"RAJASTHAN","district":"DEEG","block":"KAMAN","indicator":"girls_toilet_nonfunctional"}},{"type":"Feature","geometry":{"type":"Point","coordinates":[77.1385,27.52398]},"properties":{"udise":"08070200117","name":"UMMAT SHIKSHAN SANSTHAN , GULPADA","state":"RAJASTHAN","district":"DEEG","block":"SIKARI","indicator":"girls_toilet_nonfunctional"}},{"type":"Feature","geometry":{"type":"Point","coordinates":[77.07179,27.57826]},"properties":{"udise":"08070203328","name":"UPS ADARSH VIDHYA MANDIR SIKRI PATTI","state":"RAJASTHAN","district":"DEEG","block":"NAGAR","indicator":"girls_toilet_nonfunctional"}},{"type":"Feature","geometry":{"type":"Point","coordinates":[77.18817,27.70788]},"properties":{"udise":"08071007901","name":"GOVT. UPS. IKHNAKA","state":"RAJASTHAN","district":"DEEG","block":"PAHADI","indicator":"girls_toilet_nonfunctional"}},{"type":"Feature","geometry":{"type":"Point","coordinates":[77.1917,27.71707]},"properties":{"udise":"08071008101","name":"GOVT SENIOR SECONDARY SCHOOL KHAIRABA","state":"RAJASTHAN","district":"DEEG","block":"PAHADI","indicator":"girls_toilet_nonfunctional"}},{"type":"Feature","geometry":{"type":"Point","coordinates":[77.10041,27.67808]},"properties":{"udise":"08071000802","name":"MADARSA ISLAMIYA ARBIA SOLAKA","state":"RAJASTHAN","district":"DEEG","block":"PAHADI","indicator":"girls_toilet_nonfunctional"}},{"type":"Feature","geometry":{"type":"Point","coordinates":[77.23581,27.76076]},"properties":{"udise":"08070100202","name":"KAVITA PUB S SEC PAI","state":"RAJASTHAN","district":"DEEG","block":"KAMAN","indicator":"girls_toilet_nonfunctional"}},{"type":"Feature","geometry":{"type":"Point","coordinates":[77.28742,27.73882]},"properties":{"udise":"08070117202","name":"BADAN S.S. NAGLA BALDEV","state":"RAJASTHAN","district":"DEEG","block":"KAMAN","indicator":"girls_toilet_nonfunctional"}},{"type":"Feature","geometry":{"type":"Point","coordinates":[77.07266,27.5768]},"properties":{"udise":"08070203309","name":"U.M. BHARATI AVP  SIKRI","state":"RAJASTHAN","district":"DEEG","block":"NAGAR","indicator":"girls_toilet_nonfunctional"}},{"type":"Feature","geometry":{"type":"Point","coordinates":[77.30419,27.32591]},"properties":{"udise":"08070404105","name":"GOVT  SR. SEC. SCHOOL PICHUMAR","state":"RAJASTHAN","district":"DEEG","block":"KUMHER","indicator":"girls_toilet_nonfunctional"}},{"type":"Feature","geometry":{"type":"Point","coordinates":[77.23563,27.61729]},"properties":{"udise":"08070101502","name":"GOVT. UPS NAG.GOPINATH LUHAISAR","state":"RAJASTHAN","district":"DEEG","block":"KAMAN","indicator":"girls_toilet_nonfunctional"}},{"type":"Feature","geometry":{"type":"Point","coordinates":[77.2369,27.42135]},"properties":{"udise":"08070307007","name":"GOVT. GIRLS UP.S. SHISHWARA","state":"RAJASTHAN","district":"DEEG","block":"DEEG","indicator":"girls_toilet_nonfunctional"}},{"type":"Feature","geometry":{"type":"Point","coordinates":[77.50275,27.27625]},"properties":{"udise":"08070401017","name":"ROYAL PUBLIC UPS UWAR","state":"RAJASTHAN","district":"DEEG","block":"KUMHER","indicator":"girls_toilet_nonfunctional"}},{"type":"Feature","geometry":{"type":"Point","coordinates":[77.34527,27.31841]},"properties":{"udise":"08070403908","name":"HARIOM GYAN.G.A.SCHOOL SIKRORI","state":"RAJASTHAN","district":"DEEG","block":"KUMHER","indicator":"girls_toilet_nonfunctional"}},{"type":"Feature","geometry":{"type":"Point","coordinates":[77.07115,27.57558]},"properties":{"udise":"08070203308","name":"NARENDRA B S U.M.SIKRI","state":"RAJASTHAN","district":"DEEG","block":"NAGAR","indicator":"girls_toilet_nonfunctional"}},{"type":"Feature","geometry":{"type":"Point","coordinates":[77.56056,27.31029]},"properties":{"udise":"08070400801","name":"GOVT U.P S BURAVAI (SAHID SUBEDAR MEHTAP SINGH","state":"RAJASTHAN","district":"DEEG","block":"KUMHER","indicator":"girls_toilet_nonfunctional"}},{"type":"Feature","geometry":{"type":"Point","coordinates":[77.60297,27.31369]},"properties":{"udise":"08070400905","name":"SH SHANKAR PUB. SEC.SC.SATRUK","state":"RAJASTHAN","district":"DEEG","block":"KUMHER","indicator":"girls_toilet_nonfunctional"}},{"type":"Feature","geometry":{"type":"Point","coordinates":[77.18844,27.64931]},"properties":{"udise":"08070101311","name":"SHRI TEJAJI PUBLIC SCHOOL BOLKHERA","state":"RAJASTHAN","district":"DEEG","block":"KAMAN","indicator":"girls_toilet_nonfunctional"}},{"type":"Feature","geometry":{"type":"Point","coordinates":[77.37108,27.25041]},"properties":{"udise":"08070410302","name":"GOVT PS HEERA NAGAR","state":"RAJASTHAN","district":"DEEG","block":"KUMHER","indicator":"girls_toilet_nonfunctional"}},{"type":"Feature","geometry":{"type":"Point","coordinates":[77.37419,27.31186]},"properties":{"udise":"08070415501","name":"SHRI GOMTI PRASAD GOVT SENIOR SECONDARY  SCHOOL GUDRI KUMHER","state":"RAJASTHAN","district":"DEEG","block":"KUMHER","indicator":"girls_toilet_nonfunctional"}},{"type":"Feature","geometry":{"type":"Point","coordinates":[77.14308,27.61065]},"properties":{"udise":"08071003001","name":"GOVT PS CHHAJJUVAS","state":"RAJASTHAN","district":"DEEG","block":"PAHADI","indicator":"girls_toilet_nonfunctional"}},{"type":"Feature","geometry":{"type":"Point","coordinates":[77.39116,27.37862]},"properties":{"udise":"08070400410","name":"K.P.PUB.SCHOOL GUNSARA","state":"RAJASTHAN","district":"DEEG","block":"KUMHER","indicator":"girls_toilet_nonfunctional"}},{"type":"Feature","geometry":{"type":"Point","coordinates":[77.39641,27.26816]},"properties":{"udise":"08070410801","name":"GOVT SENIOR SECONDARY SCHOOL CHOKIPURA","state":"RAJASTHAN","district":"DEEG","block":"KUMHER","indicator":"girls_toilet_nonfunctional"}},{"type":"Feature","geometry":{"type":"Point","coordinates":[77.27782,27.71691]},"properties":{"udise":"08070104701","name":"GOVT SR SEC. SATVAS","state":"RAJASTHAN","district":"DEEG","block":"KAMAN","indicator":"girls_toilet_nonfunctional"}},{"type":"Feature","geometry":{"type":"Point","coordinates":[77.25278,27.71167]},"properties":{"udise":"08070103303","name":"SEETESH ADARSH PUBLIC SECONDARY SCHOOL NETWARI","state":"RAJASTHAN","district":"DEEG","block":"KAMAN","indicator":"girls_toilet_nonfunctional"}},{"type":"Feature","geometry":{"type":"Point","coordinates":[77.07274,27.57809]},"properties":{"udise":"08070203310","name":"SARVODYA U.M. VP SIKRI","state":"RAJASTHAN","district":"DEEG","block":"NAGAR","indicator":"girls_toilet_nonfunctional"}},{"type":"Feature","geometry":{"type":"Point","coordinates":[76.96819,27.58029]},"properties":{"udise":"08070201511","name":"RAJASTHAN PUB. UPS KHOHRI","state":"RAJASTHAN","district":"DEEG","block":"SIKARI","indicator":"girls_toilet_nonfunctional"}},{"type":"Feature","geometry":{"type":"Point","coordinates":[77.16325,27.50702]},"properties":{"udise":"08070216201","name":"GOVT PS. JATTVAS","state":"RAJASTHAN","district":"DEEG","block":"SIKARI","indicator":"girls_toilet_nonfunctional"}},{"type":"Feature","geometry":{"type":"Point","coordinates":[77.33,27.47608]},"properties":{"udise":"08070328205","name":"SARITA SEC SCHOOL DEEG","state":"RAJASTHAN","district":"DEEG","block":"DEEG","indicator":"girls_toilet_nonfunctional"}},{"type":"Feature","geometry":{"type":"Point","coordinates":[77.32676,27.56141]},"properties":{"udise":"08070300101","name":"U.P.ADARSH SISU B.M. PASTA","state":"RAJASTHAN","district":"DEEG","block":"DEEG","indicator":"girls_toilet_nonfunctional"}},{"type":"Feature","geometry":{"type":"Point","coordinates":[77.269,27.35676]},"properties":{"udise":"08070106210","name":"KISHORI PUBLIC SCHOOL","state":"RAJASTHAN","district":"DEEG","block":"KAMAN","indicator":"girls_toilet_nonfunctional"}},{"type":"Feature","geometry":{"type":"Point","coordinates":[76.99612,27.67742]},"properties":{"udise":"08071009320","name":"AL FLAH PUBLIC SCHOOL PAPDA","state":"RAJASTHAN","district":"DEEG","block":"PAHADI","indicator":"girls_toilet_nonfunctional"}},{"type":"Feature","geometry":{"type":"Point","coordinates":[77.49135,27.27627]},"properties":{"udise":"08070401110","name":"GOVIND S.S. UPS SOGAR","state":"RAJASTHAN","district":"DEEG","block":"KUMHER","indicator":"girls_toilet_nonfunctional"}},{"type":"Feature","geometry":{"type":"Point","coordinates":[77.19175,27.76145]},"properties":{"udise":"08071011503","name":"GOVT SR. SEC. LADLAKA","state":"RAJASTHAN","district":"DEEG","block":"PAHADI","indicator":"girls_toilet_nonfunctional"}},{"type":"Feature","geometry":{"type":"Point","coordinates":[77.17458,27.7603]},"properties":{"udise":"08071007306","name":"HASNAIN PUBLIC SCHOOL BAMANWARI","state":"RAJASTHAN","district":"DEEG","block":"PAHADI","indicator":"girls_toilet_nonfunctional"}},{"type":"Feature","geometry":{"type":"Point","coordinates":[77.18575,27.64709]},"properties":{"udise":"08070101310","name":"NEW HAPPY MOD. PUB. UPS BOLKHERA","state":"RAJASTHAN","district":"DEEG","block":"KAMAN","indicator":"girls_toilet_nonfunctional"}},{"type":"Feature","geometry":{"type":"Point","coordinates":[77.05098,27.40657]},"properties":{"udise":"08070226703","name":"GOVT.P.S. BEERTHALA","state":"RAJASTHAN","district":"DEEG","block":"NAGAR","indicator":"girls_toilet_nonfunctional"}},{"type":"Feature","geometry":{"type":"Point","coordinates":[77.33147,27.28364]},"properties":{"udise":"08070411101","name":"GOVT U P S NAGLA MANA","state":"RAJASTHAN","district":"DEEG","block":"KUMHER","indicator":"girls_toilet_nonfunctional"}},{"type":"Feature","geometry":{"type":"Point","coordinates":[77.11313,27.45507]},"properties":{"udise":"08070217901","name":"GOVT SENIOR SECONDARY SCHOOL AARSI","state":"RAJASTHAN","district":"DEEG","block":"NAGAR","indicator":"girls_toilet_nonfunctional"}},{"type":"Feature","geometry":{"type":"Point","coordinates":[77.32525,27.26204]},"properties":{"udise":"08070402008","name":"UDAI VIDYA MANDIR SR SEC KHANSWARA","state":"RAJASTHAN","district":"DEEG","block":"KUMHER","indicator":"girls_toilet_nonfunctional"}},{"type":"Feature","geometry":{"type":"Point","coordinates":[77.3667,27.44248]},"properties":{"udise":"08070308102","name":"GOVT. P.S. NAGLA FOJDHAR","state":"RAJASTHAN","district":"DEEG","block":"DEEG","indicator":"girls_toilet_nonfunctional"}},{"type":"Feature","geometry":{"type":"Point","coordinates":[76.91839,27.47038]},"properties":{"udise":"08070207102","name":"GOVT PRAVESHIKA SANSKRIT  SCHOOL. SAIMLI","state":"RAJASTHAN","district":"DEEG","block":"NAGAR","indicator":"girls_toilet_nonfunctional"}},{"type":"Feature","geometry":{"type":"Point","coordinates":[77.26602,27.65343]},"properties":{"udise":"08070127002","name":"TILAK BAL VIDHA MANDIR UP KAMA","state":"RAJASTHAN","district":"DEEG","block":"KAMAN","indicator":"girls_toilet_nonfunctional"}},{"type":"Feature","geometry":{"type":"Point","coordinates":[77.14393,27.4065]},"properties":{"udise":"08070200704","name":"SR SEC. MOHAN. VM  SUNDRAVALI","state":"RAJASTHAN","district":"DEEG","block":"NAGAR","indicator":"girls_toilet_nonfunctional"}},{"type":"Feature","geometry":{"type":"Point","coordinates":[77.24743,27.59599]},"properties":{"udise":"08070100403","name":"AMBEDKAR VIDHYALYA PS SABLANA","state":"RAJASTHAN","district":"DEEG","block":"KAMAN","indicator":"girls_toilet_nonfunctional"}},{"type":"Feature","geometry":{"type":"Point","coordinates":[77.28901,27.61989]},"properties":{"udise":"08070107404","name":"GOVT. UPS SANSKRIT INDROLI","state":"RAJASTHAN","district":"DEEG","block":"KAMAN","indicator":"girls_toilet_nonfunctional"}},{"type":"Feature","geometry":{"type":"Point","coordinates":[77.16183,27.61482]},"properties":{"udise":"08071003102","name":"JAY AMAR VM SEC IKLAIHRA","state":"RAJASTHAN","district":"DEEG","block":"PAHADI","indicator":"girls_toilet_nonfunctional"}},{"type":"Feature","geometry":{"type":"Point","coordinates":[77.32359,27.261]},"properties":{"udise":"08070411205","name":"MAHENDRA PUBLIC SR SEC SCHOOL POONTH","state":"RAJASTHAN","district":"DEEG","block":"KUMHER","indicator":"girls_toilet_nonfunctional"}},{"type":"Feature","geometry":{"type":"Point","coordinates":[77.27287,27.65379]},"properties":{"udise":"08070128001","name":"GOVT GIRLS  SR SEC SCHOOL KAMAN","state":"RAJASTHAN","district":"DEEG","block":"KAMAN","indicator":"girls_toilet_nonfunctional"}},{"type":"Feature","geometry":{"type":"Point","coordinates":[77.14025,27.65284]},"properties":{"udise":"08071011801","name":"K.V.PS TILAKPURI","state":"RAJASTHAN","district":"DEEG","block":"PAHADI","indicator":"girls_toilet_nonfunctional"}},{"type":"Feature","geometry":{"type":"Point","coordinates":[77.30637,27.45014]},"properties":{"udise":"08070311903","name":"CHAMAN BAL PUBLIC SR.SEC. SCHOOL BAHATANA","state":"RAJASTHAN","district":"DEEG","block":"DEEG","indicator":"girls_toilet_nonfunctional"}},{"type":"Feature","geometry":{"type":"Point","coordinates":[77.37298,27.47406]},"properties":{"udise":"08070308602","name":"BARSHA U.A.B.M. BHEJ","state":"RAJASTHAN","district":"DEEG","block":"DEEG","indicator":"girls_toilet_nonfunctional"}},{"type":"Feature","geometry":{"type":"Point","coordinates":[77.32474,27.66983]},"properties":{"udise":"08070106506","name":"MAD.JAMI.ISL.ARB.DR.UL.MEVAT AKATA","state":"RAJASTHAN","district":"DEEG","block":"KAMAN","indicator":"girls_toilet_nonfunctional"}},{"type":"Feature","geometry":{"type":"Point","coordinates":[77.18098,27.77302]},"properties":{"udise":"08071012401","name":"GOVT UPS AHALVADI","state":"RAJASTHAN","district":"DEEG","block":"PAHADI","indicator":"girls_toilet_nonfunctional"}},{"type":"Feature","geometry":{"type":"Point","coordinates":[77.26651,27.654]},"properties":{"udise":"08070124381","name":"MADARSA ZEENATUL KURAN KAMAN","state":"RAJASTHAN","district":"DEEG","block":"KAMAN","indicator":"girls_toilet_nonfunctional"}},{"type":"Feature","geometry":{"type":"Point","coordinates":[77.25061,27.52898]},"properties":{"udise":"08070300515","name":"SHRI GANESH RAJ KHOH","state":"RAJASTHAN","district":"DEEG","block":"DEEG","indicator":"girls_toilet_nonfunctional"}},{"type":"Feature","geometry":{"type":"Point","coordinates":[77.10104,27.67972]},"properties":{"udise":"08071000801","name":"GOVT. PS SOLAKA","state":"RAJASTHAN","district":"DEEG","block":"PAHADI","indicator":"girls_toilet_nonfunctional"}},{"type":"Feature","geometry":{"type":"Point","coordinates":[77.37966,27.37287]},"properties":{"udise":"08070405304","name":"GOVT SR SEC SCHOOL TAMRER","state":"RAJASTHAN","district":"DEEG","block":"KUMHER","indicator":"girls_toilet_nonfunctional"}},{"type":"Feature","geometry":{"type":"Point","coordinates":[77.49523,27.3416]},"properties":{"udise":"08070400507","name":"BABA KANCHAN A.S.M. AJAN","state":"RAJASTHAN","district":"DEEG","block":"KUMHER","indicator":"girls_toilet_nonfunctional"}},{"type":"Feature","geometry":{"type":"Point","coordinates":[77.29508,27.5704]},"properties":{"udise":"08070306002","name":"SH.BANKA BIHARI A.V.M.","state":"RAJASTHAN","district":"DEEG","block":"DEEG","indicator":"girls_toilet_nonfunctional"}},{"type":"Feature","geometry":{"type":"Point","coordinates":[77.08975,27.47321]},"properties":{"udise":"08070213201","name":"GOVT. PS VARKHADASAD","state":"RAJASTHAN","district":"DEEG","block":"NAGAR","indicator":"girls_toilet_nonfunctional"}},{"type":"Feature","geometry":{"type":"Point","coordinates":[78.23509,26.8977]},"properties":{"udise":"08080401301","name":"GOVT P.S. SHIDHYA PURA","state":"RAJASTHAN","district":"DHAULPUR","block":"RAJAKHERA","indicator":"no_girls_toilet"}},{"type":"Feature","geometry":{"type":"Point","coordinates":[77.62733,26.68846]},"properties":{"udise":"08080203604","name":"GOVT. SECONDARY SCHOOL ALIGHAR","state":"RAJASTHAN","district":"DHAULPUR","block":"BARI","indicator":"no_girls_toilet"}},{"type":"Feature","geometry":{"type":"Point","coordinates":[77.70601,26.68123]},"properties":{"udise":"08080211502","name":"GOVT.U.P.S. PURA BAKHTU","state":"RAJASTHAN","district":"DHAULPUR","block":"BARI","indicator":"no_girls_toilet"}},{"type":"Feature","geometry":{"type":"Point","coordinates":[77.54972,26.77055]},"properties":{"udise":"08080104701","name":"GOVT.HR.SEC.SCHOOL SANGORI","state":"RAJASTHAN","district":"DHAULPUR","block":"BASERI","indicator":"no_girls_toilet"}},{"type":"Feature","geometry":{"type":"Point","coordinates":[78.0286,26.76324]},"properties":{"udise":"08080409002","name":"GOVT.SR. SECONDARY SCHOOL SHEKHPUR GUJARAN","state":"RAJASTHAN","district":"DHAULPUR","block":"RAJAKHERA","indicator":"no_girls_toilet"}},{"type":"Feature","geometry":{"type":"Point","coordinates":[78.17476,26.89678]},"properties":{"udise":"08080422403","name":"GOVT .P.S. BHOOTESHWER RAJAKHERA","state":"RAJASTHAN","district":"DHAULPUR","block":"RAJAKHERA","indicator":"no_girls_toilet"}},{"type":"Feature","geometry":{"type":"Point","coordinates":[77.81323,26.71299]},"properties":{"udise":"08080512101","name":"GOVTP.S. KILE DAR KA NAGLA","state":"RAJASTHAN","district":"DHAULPUR","block":"SAIPAU","indicator":"no_girls_toilet"}},{"type":"Feature","geometry":{"type":"Point","coordinates":[77.61462,26.64449]},"properties":{"udise":"08080218203","name":"VIVEK SHIK.SANS. SR. SEC.SCH. Bari","state":"RAJASTHAN","district":"DHAULPUR","block":"BARI","indicator":"no_girls_toilet"}},{"type":"Feature","geometry":{"type":"Point","coordinates":[78.22631,26.91901]},"properties":{"udise":"08080401610","name":"U.P.A.S.S.S.BAJANA","state":"RAJASTHAN","district":"DHAULPUR","block":"RAJAKHERA","indicator":"no_girls_toilet"}},{"type":"Feature","geometry":{"type":"Point","coordinates":[77.85739,26.84146]},"properties":{"udise":"08080509601","name":"GOVT.HR.SEC.SCHOOL. SAKHBARA","state":"RAJASTHAN","district":"DHAULPUR","block":"SAIPAU","indicator":"no_girls_toilet"}},{"type":"Feature","geometry":{"type":"Point","coordinates":[78.14557,26.90158]},"properties":{"udise":"08080422905","name":"U.P.S. CHUDHERA PUB. RAJAKHERA","state":"RAJASTHAN","district":"DHAULPUR","block":"RAJAKHERA","indicator":"no_girls_toilet"}},{"type":"Feature","geometry":{"type":"Point","coordinates":[77.37438,26.51401]},"properties":{"udise":"08080111837","name":"MADARSA AFJALUL ULOM SARMATHURA","state":"RAJASTHAN","district":"DHAULPUR","block":"SARAMATHURA","indicator":"no_girls_toilet"}},{"type":"Feature","geometry":{"type":"Point","coordinates":[78.1176,26.86931]},"properties":{"udise":"08080405002","name":"GOVT P.S. KANCHAN PURA","state":"RAJASTHAN","district":"DHAULPUR","block":"RAJAKHERA","indicator":"no_girls_toilet"}},{"type":"Feature","geometry":{"type":"Point","coordinates":[77.40117,26.65351]},"properties":{"udise":"08080110506","name":"MOHAMMADIYA MADARSA NADANPUR","state":"RAJASTHAN","district":"DHAULPUR","block":"SARAMATHURA","indicator":"no_girls_toilet"}},{"type":"Feature","geometry":{"type":"Point","coordinates":[77.56409,26.61648]},"properties":{"udise":"08080203106","name":"RANJEET PUB.S.S.UMREH","state":"RAJASTHAN","district":"DHAULPUR","block":"BARI","indicator":"no_girls_toilet"}},{"type":"Feature","geometry":{"type":"Point","coordinates":[78.10963,26.83053]},"properties":{"udise":"08080404404","name":"UP SARSWATI A.G.M. JARAH","state":"RAJASTHAN","district":"DHAULPUR","block":"RAJAKHERA","indicator":"no_girls_toilet"}},{"type":"Feature","geometry":{"type":"Point","coordinates":[77.63007,26.65703]},"properties":{"udise":"08080219103","name":"GURU NANAK CONVENT UPS WARD NO.20","state":"RAJASTHAN","district":"DHAULPUR","block":"BARI","indicator":"no_girls_toilet"}},{"type":"Feature","geometry":{"type":"Point","coordinates":[77.3737,26.51461]},"properties":{"udise":"08080111821","name":"A.V.M. SRAMATHURA","state":"RAJASTHAN","district":"DHAULPUR","block":"SARAMATHURA","indicator":"no_girls_toilet"}},{"type":"Feature","geometry":{"type":"Point","coordinates":[77.91901,26.81996]},"properties":{"udise":"08080310609","name":"MAHARSHI PARSURAM VIDYA PEETH","state":"RAJASTHAN","district":"DHAULPUR","block":"DHOLPUR","indicator":"no_girls_toilet"}},{"type":"Feature","geometry":{"type":"Point","coordinates":[77.83664,26.75722]},"properties":{"udise":"08080509803","name":"GOVT.P.S. KHAJURPURA","state":"RAJASTHAN","district":"DHAULPUR","block":"SAIPAU","indicator":"no_girls_toilet"}},{"type":"Feature","geometry":{"type":"Point","coordinates":[77.76139,26.81315]},"properties":{"udise":"08080500215","name":"S.S.S.S. SAIPAU","state":"RAJASTHAN","district":"DHAULPUR","block":"SAIPAU","indicator":"no_girls_toilet"}},{"type":"Feature","geometry":{"type":"Point","coordinates":[78.17183,26.89856]},"properties":{"udise":"08080425502","name":"RAJ PUBLIC SCHOOL RAJAKHERA","state":"RAJASTHAN","district":"DHAULPUR","block":"RAJAKHERA","indicator":"no_girls_toilet"}},{"type":"Feature","geometry":{"type":"Point","coordinates":[78.03423,26.80202]},"properties":{"udise":"08080407507","name":"VEERANGANA A.V.B. S.S. MARENA","state":"RAJASTHAN","district":"DHAULPUR","block":"RAJAKHERA","indicator":"no_girls_toilet"}},{"type":"Feature","geometry":{"type":"Point","coordinates":[77.78025,26.85262]},"properties":{"udise":"08080504501","name":"GOVT.P.S. MOTIRAM KA NAGALA","state":"RAJASTHAN","district":"DHAULPUR","block":"SAIPAU","indicator":"no_girls_toilet"}},{"type":"Feature","geometry":{"type":"Point","coordinates":[78.17293,26.90069]},"properties":{"udise":"08080422502","name":"PRATIBHA BAL VIDYA MANDIR SEC.SCHOOL RAJAKHERA","state":"RAJASTHAN","district":"DHAULPUR","block":"RAJAKHERA","indicator":"no_girls_toilet"}},{"type":"Feature","geometry":{"type":"Point","coordinates":[77.86721,26.69358]},"properties":{"udise":"08080323902","name":"MADARSHA JHOR","state":"RAJASTHAN","district":"DHAULPUR","block":"DHOLPUR","indicator":"no_girls_toilet"}},{"type":"Feature","geometry":{"type":"Point","coordinates":[78.16697,26.78821]},"properties":{"udise":"08080404502","name":"GOVT P.S. KHODH","state":"RAJASTHAN","district":"DHAULPUR","block":"RAJAKHERA","indicator":"no_girls_toilet"}},{"type":"Feature","geometry":{"type":"Point","coordinates":[77.62007,26.64703]},"properties":{"udise":"08080219104","name":"MADRSA DARUL ULUM ISLAMI KIRE BARI","state":"RAJASTHAN","district":"DHAULPUR","block":"BARI","indicator":"no_girls_toilet"}},{"type":"Feature","geometry":{"type":"Point","coordinates":[77.92135,26.82325]},"properties":{"udise":"08080310619","name":"BAL BHARTI SEC. MANIYA","state":"RAJASTHAN","district":"DHAULPUR","block":"DHOLPUR","indicator":"no_girls_toilet"}},{"type":"Feature","geometry":{"type":"Point","coordinates":[77.74761,26.81601]},"properties":{"udise":"08080500225","name":"SHRI NRI SINGH JI BAL VIDHYA MANDIR","state":"RAJASTHAN","district":"DHAULPUR","block":"SAIPAU","indicator":"no_girls_toilet"}},{"type":"Feature","geometry":{"type":"Point","coordinates":[78.19575,26.90645]},"properties":{"udise":"08080424101","name":"GOVT.U.P.S. SAN. DULHARAI KA GHER","state":"RAJASTHAN","district":"DHAULPUR","block":"RAJAKHERA","indicator":"no_girls_toilet"}},{"type":"Feature","geometry":{"type":"Point","coordinates":[77.52695,26.71325]},"properties":{"udise":"08080101202","name":"MAA BHARTI VIDHYA MANDIR UPS BARAI","state":"RAJASTHAN","district":"DHAULPUR","block":"BASERI","indicator":"no_girls_toilet"}},{"type":"Feature","geometry":{"type":"Point","coordinates":[78.20039,26.85552]},"properties":{"udise":"08080402501","name":"PM SHRI GOVT U.P.S. GHADI TIDAVALI","state":"RAJASTHAN","district":"DHAULPUR","block":"RAJAKHERA","indicator":"no_girls_toilet"}},{"type":"Feature","geometry":{"type":"Point","coordinates":[77.37159,26.51207]},"properties":{"udise":"08080111825","name":"MADARSA PARWEJ SHAHEEN SARMATHURA","state":"RAJASTHAN","district":"DHAULPUR","block":"SARAMATHURA","indicator":"no_girls_toilet"}},{"type":"Feature","geometry":{"type":"Point","coordinates":[77.87686,26.82823]},"properties":{"udise":"08080310103","name":"N.S.PABLIK SCHOOL TANDA KA PURA","state":"RAJASTHAN","district":"DHAULPUR","block":"DHOLPUR","indicator":"no_girls_toilet"}},{"type":"Feature","geometry":{"type":"Point","coordinates":[78.1725,26.89556]},"properties":{"udise":"08080422911","name":"R.S.SHIKSHA SAMITI WARD NO.20 RAJAKHERA","state":"RAJASTHAN","district":"DHAULPUR","block":"RAJAKHERA","indicator":"no_girls_toilet"}},{"type":"Feature","geometry":{"type":"Point","coordinates":[78.08272,26.88856]},"properties":{"udise":"08080405603","name":"ASHKUL. B.V.M.NAAGAR","state":"RAJASTHAN","district":"DHAULPUR","block":"RAJAKHERA","indicator":"no_girls_toilet"}},{"type":"Feature","geometry":{"type":"Point","coordinates":[78.15546,26.93452]},"properties":{"udise":"08080401005","name":"GOVT P.S. BAGAR","state":"RAJASTHAN","district":"DHAULPUR","block":"RAJAKHERA","indicator":"no_girls_toilet"}},{"type":"Feature","geometry":{"type":"Point","coordinates":[78.07629,26.82665]},"properties":{"udise":"08080406605","name":"SHRI N.D.PUBLIC SCHOOL MACHARIYA","state":"RAJASTHAN","district":"DHAULPUR","block":"RAJAKHERA","indicator":"no_girls_toilet"}},{"type":"Feature","geometry":{"type":"Point","coordinates":[77.90073,26.68425]},"properties":{"udise":"08080325802","name":"MADARSA KADARIYA GOSIYA ISLAMPURA  PURANA SAHAR","state":"RAJASTHAN","district":"DHAULPUR","block":"DHOLPUR","indicator":"no_girls_toilet"}},{"type":"Feature","geometry":{"type":"Point","coordinates":[78.1647,26.8933]},"properties":{"udise":"08080421607","name":"AADARSH SARSWATI G.S.SAMATI RAJAKHERA","state":"RAJASTHAN","district":"DHAULPUR","block":"RAJAKHERA","indicator":"no_girls_toilet"}},{"type":"Feature","geometry":{"type":"Point","coordinates":[77.39274,26.58079]},"properties":{"udise":"08080104002","name":"GOVT.  SR. SECONDARY SCHOOL DHANERA","state":"RAJASTHAN","district":"DHAULPUR","block":"SARAMATHURA","indicator":"no_girls_toilet"}},{"type":"Feature","geometry":{"type":"Point","coordinates":[77.74565,26.8173]},"properties":{"udise":"08080500219","name":"MADARSA TALIMUL ESLAM SEANPAU","state":"RAJASTHAN","district":"DHAULPUR","block":"SAIPAU","indicator":"no_girls_toilet"}},{"type":"Feature","geometry":{"type":"Point","coordinates":[77.37348,26.51693]},"properties":{"udise":"08080118102","name":"UPS  BHAGWATI ADARSH V.M. SARMATHURA","state":"RAJASTHAN","district":"DHAULPUR","block":"SARAMATHURA","indicator":"no_girls_toilet"}},{"type":"Feature","geometry":{"type":"Point","coordinates":[77.80011,26.70329]},"properties":{"udise":"08080302410","name":"NAV JYOTI PUBLIK SCHOOL SARANI","state":"RAJASTHAN","district":"DHAULPUR","block":"DHOLPUR","indicator":"no_girls_toilet"}},{"type":"Feature","geometry":{"type":"Point","coordinates":[78.16998,26.89497]},"properties":{"udise":"08080422201","name":"S.L.VIDHYA PEETH PUBLIC SCHOOL RAJAKHERA","state":"RAJASTHAN","district":"DHAULPUR","block":"RAJAKHERA","indicator":"no_girls_toilet"}},{"type":"Feature","geometry":{"type":"Point","coordinates":[77.5166,26.82625]},"properties":{"udise":"08080102201","name":"GOVT U.P.S. PATHARRA","state":"RAJASTHAN","district":"DHAULPUR","block":"BASERI","indicator":"no_girls_toilet"}},{"type":"Feature","geometry":{"type":"Point","coordinates":[77.34386,26.49281]},"properties":{"udise":"08080117002","name":"GAURI VIDYA MANDIR UPS DOMAI","state":"RAJASTHAN","district":"DHAULPUR","block":"SARAMATHURA","indicator":"no_girls_toilet"}},{"type":"Feature","geometry":{"type":"Point","coordinates":[77.72669,26.84916]},"properties":{"udise":"08080506704","name":"SHRI KRISHNA PUBLIC SR.SEC SCH.","state":"RAJASTHAN","district":"DHAULPUR","block":"SAIPAU","indicator":"no_girls_toilet"}},{"type":"Feature","geometry":{"type":"Point","coordinates":[78.17098,26.89597]},"properties":{"udise":"08080422202","name":"D.D.RADIANT PUBLIC SCHOOL,RAJAKHERA","state":"RAJASTHAN","district":"DHAULPUR","block":"RAJAKHERA","indicator":"no_girls_toilet"}},{"type":"Feature","geometry":{"type":"Point","coordinates":[77.6788,26.51589]},"properties":{"udise":"08080219701","name":"GOVT. P.S. MUTAWALI","state":"RAJASTHAN","district":"DHAULPUR","block":"BARI","indicator":"no_girls_toilet"}},{"type":"Feature","geometry":{"type":"Point","coordinates":[77.54614,26.71794]},"properties":{"udise":"08080101302","name":"GOVT P.S. DHARAMPURA","state":"RAJASTHAN","district":"DHAULPUR","block":"BASERI","indicator":"no_girls_toilet"}},{"type":"Feature","geometry":{"type":"Point","coordinates":[77.75359,26.74118]},"properties":{"udise":"08080206805","name":"GOVT. SR.SEC. SCHOOL PIDAVALI","state":"RAJASTHAN","district":"DHAULPUR","block":"BARI","indicator":"no_girls_toilet"}},{"type":"Feature","geometry":{"type":"Point","coordinates":[78.09444,26.84506]},"properties":{"udise":"08080405401","name":"GOVT U.P.S. SAMALIYA PURA","state":"RAJASTHAN","district":"DHAULPUR","block":"RAJAKHERA","indicator":"no_girls_toilet"}},{"type":"Feature","geometry":{"type":"Point","coordinates":[77.61355,26.65322]},"properties":{"udise":"08080217707","name":"MADARSA TALIMUL QRAN AJIJ PURA","state":"RAJASTHAN","district":"DHAULPUR","block":"BARI","indicator":"no_girls_toilet"}},{"type":"Feature","geometry":{"type":"Point","coordinates":[77.3716,26.51261]},"properties":{"udise":"08080111840","name":"SPRING  DALES MODERN SCHOOL SARMATHURA","state":"RAJASTHAN","district":"DHAULPUR","block":"SARAMATHURA","indicator":"no_girls_toilet"}},{"type":"Feature","geometry":{"type":"Point","coordinates":[77.54166,26.748]},"properties":{"udise":"08080100133","name":"SHRI BHOOTESHWAR V.P. SR.SEC.S. MOHARI","state":"RAJASTHAN","district":"DHAULPUR","block":"BASERI","indicator":"no_girls_toilet"}},{"type":"Feature","geometry":{"type":"Point","coordinates":[78.16969,26.89916]},"properties":{"udise":"08080421807","name":"SEC.MODERN..WARD.NO.9","state":"RAJASTHAN","district":"DHAULPUR","block":"RAJAKHERA","indicator":"no_girls_toilet"}},{"type":"Feature","geometry":{"type":"Point","coordinates":[77.3779,26.51497]},"properties":{"udise":"08080119415","name":"MADARSA ISLAMIYA BASERI","state":"RAJASTHAN","district":"DHAULPUR","block":"BASERI","indicator":"no_girls_toilet"}},{"type":"Feature","geometry":{"type":"Point","coordinates":[77.9856,26.85561]},"properties":{"udise":"08080417702","name":"GOVT.P.S. BIRJA PURA","state":"RAJASTHAN","district":"DHAULPUR","block":"RAJAKHERA","indicator":"no_girls_toilet"}},{"type":"Feature","geometry":{"type":"Point","coordinates":[78.02611,26.77491]},"properties":{"udise":"08080408707","name":"DEV.SANS.VIDHYA P. UPS DIHOLI","state":"RAJASTHAN","district":"DHAULPUR","block":"RAJAKHERA","indicator":"no_girls_toilet"}},{"type":"Feature","geometry":{"type":"Point","coordinates":[77.72074,26.82846]},"properties":{"udise":"08080506902","name":"MADARSA TALEMUL ISLAM KOOKRA","state":"RAJASTHAN","district":"DHAULPUR","block":"SAIPAU","indicator":"no_girls_toilet"}},{"type":"Feature","geometry":{"type":"Point","coordinates":[77.62697,26.81792]},"properties":{"udise":"08080109102","name":"GOVT. SR.SEC.SCHOOL PATTIPURA","state":"RAJASTHAN","district":"DHAULPUR","block":"BASERI","indicator":"no_girls_toilet"}},{"type":"Feature","geometry":{"type":"Point","coordinates":[78.25175,26.92155]},"properties":{"udise":"08080401203","name":"GOVT SR.SEC.SCHOOL. SILAWAT","state":"RAJASTHAN","district":"DHAULPUR","block":"RAJAKHERA","indicator":"no_girls_toilet"}},{"type":"Feature","geometry":{"type":"Point","coordinates":[77.92707,26.8235]},"properties":{"udise":"08080310602","name":"GOVT.P.S. RAILWAY FATAK  MANIYA","state":"RAJASTHAN","district":"DHAULPUR","block":"DHOLPUR","indicator":"no_girls_toilet"}},{"type":"Feature","geometry":{"type":"Point","coordinates":[77.71314,26.7782]},"properties":{"udise":"08080504301","name":"GOVT.U.P.S. SAREHKI","state":"RAJASTHAN","district":"DHAULPUR","block":"SAIPAU","indicator":"no_girls_toilet"}},{"type":"Feature","geometry":{"type":"Point","coordinates":[77.43164,26.37689]},"properties":{"udise":"08080116203","name":"GOVT P..S. HALLU KA PURA","state":"RAJASTHAN","district":"DHAULPUR","block":"SARAMATHURA","indicator":"no_girls_toilet"}},{"type":"Feature","geometry":{"type":"Point","coordinates":[77.90342,26.68566]},"properties":{"udise":"08080326006","name":"MADARSHA GULSHANE BAGDADIYA PURANI SARAI","state":"RAJASTHAN","district":"DHAULPUR","block":"DHOLPUR","indicator":"no_girls_toilet"}},{"type":"Feature","geometry":{"type":"Point","coordinates":[77.80747,26.91747]},"properties":{"udise":"08080506601","name":"GOVT.SR.SEC.SCHOOL SHAHPUR","state":"RAJASTHAN","district":"DHAULPUR","block":"SAIPAU","indicator":"no_girls_toilet"}},{"type":"Feature","geometry":{"type":"Point","coordinates":[77.51556,26.79251]},"properties":{"udise":"08080102401","name":"GOVT P.S. NUNHERAPUR CHANDPURA","state":"RAJASTHAN","district":"DHAULPUR","block":"BASERI","indicator":"no_girls_toilet"}},{"type":"Feature","geometry":{"type":"Point","coordinates":[77.56725,26.61673]},"properties":{"udise":"08080203105","name":"S.G.M. U.P.S. Umreh","state":"RAJASTHAN","district":"DHAULPUR","block":"BARI","indicator":"no_girls_toilet"}},{"type":"Feature","geometry":{"type":"Point","coordinates":[77.68972,26.72459]},"properties":{"udise":"08080209004","name":"SHREE BALAJI SHIKSHAN SANSTHAN SONHA","state":"RAJASTHAN","district":"DHAULPUR","block":"BARI","indicator":"girls_toilet_nonfunctional"}},{"type":"Feature","geometry":{"type":"Point","coordinates":[77.63718,26.83676]},"properties":{"udise":"08080109001","name":"GOVT P.S. NARSINGHPUR","state":"RAJASTHAN","district":"DHAULPUR","block":"BASERI","indicator":"girls_toilet_nonfunctional"}},{"type":"Feature","geometry":{"type":"Point","coordinates":[78.16367,26.81492]},"properties":{"udise":"08080403202","name":"GOVT SR.SEC. SCHOOL GHADI JAFAR","state":"RAJASTHAN","district":"DHAULPUR","block":"RAJAKHERA","indicator":"girls_toilet_nonfunctional"}},{"type":"Feature","geometry":{"type":"Point","coordinates":[77.39651,26.53956]},"properties":{"udise":"08080118801","name":"GOVT P.S. BHINDIPURA","state":"RAJASTHAN","district":"DHAULPUR","block":"SARAMATHURA","indicator":"girls_toilet_nonfunctional"}},{"type":"Feature","geometry":{"type":"Point","coordinates":[77.90013,26.68468]},"properties":{"udise":"08080325303","name":"SR.SEC.BALRAM PUBLIC SCHOOL","state":"RAJASTHAN","district":"DHAULPUR","block":"DHOLPUR","indicator":"girls_toilet_nonfunctional"}},{"type":"Feature","geometry":{"type":"Point","coordinates":[77.7775,26.90436]},"properties":{"udise":"08080506107","name":"U.P.S. MADHAVNAND BASAI NAWAB","state":"RAJASTHAN","district":"DHAULPUR","block":"SAIPAU","indicator":"girls_toilet_nonfunctional"}},{"type":"Feature","geometry":{"type":"Point","coordinates":[77.72256,26.76897]},"properties":{"udise":"08080206303","name":"S.B.B.D.A.V.M. AJEETPUR","state":"RAJASTHAN","district":"DHAULPUR","block":"BARI","indicator":"girls_toilet_nonfunctional"}},{"type":"Feature","geometry":{"type":"Point","coordinates":[78.02183,26.88221]},"properties":{"udise":"08080420501","name":"GOVT P.S. RADHEY PURA","state":"RAJASTHAN","district":"DHAULPUR","block":"RAJAKHERA","indicator":"girls_toilet_nonfunctional"}},{"type":"Feature","geometry":{"type":"Point","coordinates":[77.61212,26.79004]},"properties":{"udise":"08080105304","name":"GRAMEEN YUVA VIKASH UPS ATARSOMA","state":"RAJASTHAN","district":"DHAULPUR","block":"BASERI","indicator":"girls_toilet_nonfunctional"}},{"type":"Feature","geometry":{"type":"Point","coordinates":[77.70973,26.74757]},"properties":{"udise":"08080205801","name":"GOVT. SR. SECONDARY SCHOOL GHARI SUKKHA","state":"RAJASTHAN","district":"DHAULPUR","block":"BARI","indicator":"girls_toilet_nonfunctional"}},{"type":"Feature","geometry":{"type":"Point","coordinates":[78.18875,26.93683]},"properties":{"udise":"08080401102","name":"GOVT P.S. TEJ SINGH KA PURA","state":"RAJASTHAN","district":"DHAULPUR","block":"RAJAKHERA","indicator":"girls_toilet_nonfunctional"}},{"type":"Feature","geometry":{"type":"Point","coordinates":[77.44196,26.59903]},"properties":{"udise":"08080113304","name":"GOVT PS BHAVANPURA","state":"RAJASTHAN","district":"DHAULPUR","block":"SARAMATHURA","indicator":"girls_toilet_nonfunctional"}},{"type":"Feature","geometry":{"type":"Point","coordinates":[78.03196,26.78678]},"properties":{"udise":"08080408702","name":"GOVT P.S. SHALA GUSAIN","state":"RAJASTHAN","district":"DHAULPUR","block":"RAJAKHERA","indicator":"girls_toilet_nonfunctional"}},{"type":"Feature","geometry":{"type":"Point","coordinates":[78.10946,26.86559]},"properties":{"udise":"08080405802","name":"GOVT P.S. TEEKA KA PURA","state":"RAJASTHAN","district":"DHAULPUR","block":"RAJAKHERA","indicator":"girls_toilet_nonfunctional"}},{"type":"Feature","geometry":{"type":"Point","coordinates":[77.78274,26.9021]},"properties":{"udise":"08080506111","name":"U.P.S. AVM BASAI NAWAB","state":"RAJASTHAN","district":"DHAULPUR","block":"SAIPAU","indicator":"girls_toilet_nonfunctional"}},{"type":"Feature","geometry":{"type":"Point","coordinates":[77.99803,26.78927]},"properties":{"udise":"08080329501","name":"GOVT .P.S. RATAN PUR","state":"RAJASTHAN","district":"DHAULPUR","block":"DHOLPUR","indicator":"girls_toilet_nonfunctional"}},{"type":"Feature","geometry":{"type":"Point","coordinates":[77.40975,26.36799]},"properties":{"udise":"08080116204","name":"GOVT P.S. PANAVATI","state":"RAJASTHAN","district":"DHAULPUR","block":"SARAMATHURA","indicator":"girls_toilet_nonfunctional"}},{"type":"Feature","geometry":{"type":"Point","coordinates":[77.57516,26.65229]},"properties":{"udise":"08080201102","name":"GOVT. P.S. BHARALI KA PURA","state":"RAJASTHAN","district":"DHAULPUR","block":"BASERI","indicator":"girls_toilet_nonfunctional"}},{"type":"Feature","geometry":{"type":"Point","coordinates":[77.90662,26.85706]},"properties":{"udise":"08080309205","name":"GOVT.PS CHANDPUR","state":"RAJASTHAN","district":"DHAULPUR","block":"DHOLPUR","indicator":"girls_toilet_nonfunctional"}},{"type":"Feature","geometry":{"type":"Point","coordinates":[77.8826,26.87669]},"properties":{"udise":"08080507804","name":"GOVT.P.S. BABU SINGH KA PURA","state":"RAJASTHAN","district":"DHAULPUR","block":"SAIPAU","indicator":"girls_toilet_nonfunctional"}},{"type":"Feature","geometry":{"type":"Point","coordinates":[77.84243,26.84634]},"properties":{"udise":"08080509201","name":"GOVT SR.SEC. SCHOOL SHASTNAGAR","state":"RAJASTHAN","district":"DHAULPUR","block":"SAIPAU","indicator":"girls_toilet_nonfunctional"}},{"type":"Feature","geometry":{"type":"Point","coordinates":[77.67727,26.70938]},"properties":{"udise":"08080208600","name":"INDRA GANDHI SEC.KANCHANPUR","state":"RAJASTHAN","district":"DHAULPUR","block":"BARI","indicator":"girls_toilet_nonfunctional"}},{"type":"Feature","geometry":{"type":"Point","coordinates":[77.89671,26.70969]},"properties":{"udise":"08080327304","name":"GYAN STHALI.SEC.PUBLIC.SCHOOL","state":"RAJASTHAN","district":"DHAULPUR","block":"DHOLPUR","indicator":"girls_toilet_nonfunctional"}},{"type":"Feature","geometry":{"type":"Point","coordinates":[77.52486,26.70112]},"properties":{"udise":"08080204301","name":"GOVT. U.P.S. KACHH PURA, IBRAHIMPUR","state":"RAJASTHAN","district":"DHAULPUR","block":"BASERI","indicator":"girls_toilet_nonfunctional"}},{"type":"Feature","geometry":{"type":"Point","coordinates":[77.81016,26.75201]},"properties":{"udise":"08080510105","name":"GOVT.P.S.SANSKRIT KARIMPUR","state":"RAJASTHAN","district":"DHAULPUR","block":"SAIPAU","indicator":"girls_toilet_nonfunctional"}},{"type":"Feature","geometry":{"type":"Point","coordinates":[77.29511,26.5092]},"properties":{"udise":"08080102701","name":"GOVT  U.P.S. LOKUPURA","state":"RAJASTHAN","district":"DHAULPUR","block":"SARAMATHURA","indicator":"girls_toilet_nonfunctional"}},{"type":"Feature","geometry":{"type":"Point","coordinates":[77.56509,26.61748]},"properties":{"udise":"08080203108","name":"B.L. PUBLIC SCHOOL","state":"RAJASTHAN","district":"DHAULPUR","block":"BARI","indicator":"girls_toilet_nonfunctional"}},{"type":"Feature","geometry":{"type":"Point","coordinates":[78.14707,26.90155]},"properties":{"udise":"08080421201","name":"MAHATMA GANDHI GOVT. SCHOOL AMBARPUR","state":"RAJASTHAN","district":"DHAULPUR","block":"RAJAKHERA","indicator":"girls_toilet_nonfunctional"}},{"type":"Feature","geometry":{"type":"Point","coordinates":[77.68211,26.74908]},"properties":{"udise":"08080208803","name":"NARAYAN SINGH PUB. SAMITI KURENDA","state":"RAJASTHAN","district":"DHAULPUR","block":"BARI","indicator":"girls_toilet_nonfunctional"}},{"type":"Feature","geometry":{"type":"Point","coordinates":[77.88189,26.70424]},"properties":{"udise":"08080323404","name":"UP.S. RAJESHWARI","state":"RAJASTHAN","district":"DHAULPUR","block":"DHOLPUR","indicator":"girls_toilet_nonfunctional"}},{"type":"Feature","geometry":{"type":"Point","coordinates":[77.87689,26.89437]},"properties":{"udise":"08080508201","name":"GOVT.U.P.S. KEAMARA","state":"RAJASTHAN","district":"DHAULPUR","block":"SAIPAU","indicator":"girls_toilet_nonfunctional"}},{"type":"Feature","geometry":{"type":"Point","coordinates":[77.80172,26.70451]},"properties":{"udise":"08080302408","name":"SHARDE SHIKSHA SAMITI SEC SCHOL","state":"RAJASTHAN","district":"DHAULPUR","block":"DHOLPUR","indicator":"girls_toilet_nonfunctional"}},{"type":"Feature","geometry":{"type":"Point","coordinates":[77.37577,26.51525]},"properties":{"udise":"08080111816","name":"V.S.S. UPS SARMATHURA","state":"RAJASTHAN","district":"DHAULPUR","block":"SARAMATHURA","indicator":"girls_toilet_nonfunctional"}},{"type":"Feature","geometry":{"type":"Point","coordinates":[77.91271,26.82888]},"properties":{"udise":"08080309703","name":"K.L.VIDHYAPEETH FOOLPUR MANIYA","state":"RAJASTHAN","district":"DHAULPUR","block":"DHOLPUR","indicator":"girls_toilet_nonfunctional"}},{"type":"Feature","geometry":{"type":"Point","coordinates":[78.21036,26.87355]},"properties":{"udise":"08080402203","name":"GOVT P.S. HARIWALLABH KA PURA","state":"RAJASTHAN","district":"DHAULPUR","block":"RAJAKHERA","indicator":"girls_toilet_nonfunctional"}},{"type":"Feature","geometry":{"type":"Point","coordinates":[77.77675,26.65452]},"properties":{"udise":"08080301601","name":"GOVT.U.P.S. KHANPURA","state":"RAJASTHAN","district":"DHAULPUR","block":"DHOLPUR","indicator":"girls_toilet_nonfunctional"}},{"type":"Feature","geometry":{"type":"Point","coordinates":[77.32663,26.51773]},"properties":{"udise":"08080102502","name":"VIVEK BHARDWAJ PUBLIC SCH.CHANDRABALI","state":"RAJASTHAN","district":"DHAULPUR","block":"SARAMATHURA","indicator":"girls_toilet_nonfunctional"}},{"type":"Feature","geometry":{"type":"Point","coordinates":[78.03594,26.8042]},"properties":{"udise":"08080407509","name":"MAA RAHNAWALI P.S.MARENA","state":"RAJASTHAN","district":"DHAULPUR","block":"RAJAKHERA","indicator":"girls_toilet_nonfunctional"}},{"type":"Feature","geometry":{"type":"Point","coordinates":[77.77842,26.89879]},"properties":{"udise":"08080506110","name":"ADARSH PUBLIC SEN.SEC.SCHOOL BASAINAWAB","state":"RAJASTHAN","district":"DHAULPUR","block":"SAIPAU","indicator":"girls_toilet_nonfunctional"}},{"type":"Feature","geometry":{"type":"Point","coordinates":[77.87333,26.79516]},"properties":{"udise":"08080311901","name":"GOVT.P.S. MUGARWARA","state":"RAJASTHAN","district":"DHAULPUR","block":"DHOLPUR","indicator":"girls_toilet_nonfunctional"}},{"type":"Feature","geometry":{"type":"Point","coordinates":[78.08192,26.68431]},"properties":{"udise":"08080410602","name":"GOVT P.S. KAREEL KA PURA","state":"RAJASTHAN","district":"DHAULPUR","block":"RAJAKHERA","indicator":"girls_toilet_nonfunctional"}},{"type":"Feature","geometry":{"type":"Point","coordinates":[77.98438,26.87413]},"properties":{"udise":"08080419802","name":"U.P.S.RAGUKUL V.P. JASUPURA","state":"RAJASTHAN","district":"DHAULPUR","block":"RAJAKHERA","indicator":"girls_toilet_nonfunctional"}},{"type":"Feature","geometry":{"type":"Point","coordinates":[77.45506,26.58146]},"properties":{"udise":"08080113403","name":"RAMPRIYA S.N.SEC.S. RAJPURA","state":"RAJASTHAN","district":"DHAULPUR","block":"SARAMATHURA","indicator":"girls_toilet_nonfunctional"}},{"type":"Feature","geometry":{"type":"Point","coordinates":[78.05783,26.71012]},"properties":{"udise":"08080410202","name":"RAJANI B.V.M. SE.SEC.S. GUNPUR","state":"RAJASTHAN","district":"DHAULPUR","block":"RAJAKHERA","indicator":"girls_toilet_nonfunctional"}},{"type":"Feature","geometry":{"type":"Point","coordinates":[77.93634,26.74152]},"properties":{"udise":"08080331605","name":"GOVT G.S.S.S.JATOLI","state":"RAJASTHAN","district":"DHAULPUR","block":"DHOLPUR","indicator":"girls_toilet_nonfunctional"}},{"type":"Feature","geometry":{"type":"Point","coordinates":[77.82053,26.84339]},"properties":{"udise":"08080502101","name":"GOVT.U.P.S. PEAKARI","state":"RAJASTHAN","district":"DHAULPUR","block":"SAIPAU","indicator":"girls_toilet_nonfunctional"}},{"type":"Feature","geometry":{"type":"Point","coordinates":[77.57788,26.73943]},"properties":{"udise":"08080108702","name":"SHREE GURU GOVIND RAMFAL KA PURA","state":"RAJASTHAN","district":"DHAULPUR","block":"BASERI","indicator":"girls_toilet_nonfunctional"}},{"type":"Feature","geometry":{"type":"Point","coordinates":[77.37935,26.65251]},"properties":{"udise":"08080109701","name":"GOVT.P.S. DHAU KA PURA","state":"RAJASTHAN","district":"DHAULPUR","block":"SARAMATHURA","indicator":"girls_toilet_nonfunctional"}},{"type":"Feature","geometry":{"type":"Point","coordinates":[77.96376,26.77326]},"properties":{"udise":"08080332401","name":"GOVT SR.SEC.SCHOOL SADIKPUR","state":"RAJASTHAN","district":"DHAULPUR","block":"DHOLPUR","indicator":"girls_toilet_nonfunctional"}},{"type":"Feature","geometry":{"type":"Point","coordinates":[77.79807,26.91213]},"properties":{"udise":"08080506401","name":"GOVT.PS BAJJARGHAR","state":"RAJASTHAN","district":"DHAULPUR","block":"SAIPAU","indicator":"girls_toilet_nonfunctional"}},{"type":"Feature","geometry":{"type":"Point","coordinates":[77.58838,26.7359]},"properties":{"udise":"08080100704","name":"GOVT P.S. JATPURA","state":"RAJASTHAN","district":"DHAULPUR","block":"BASERI","indicator":"girls_toilet_nonfunctional"}},{"type":"Feature","geometry":{"type":"Point","coordinates":[77.58124,26.82184]},"properties":{"udise":"08080105701","name":"GOVT U.P.S. PALI","state":"RAJASTHAN","district":"DHAULPUR","block":"BASERI","indicator":"girls_toilet_nonfunctional"}},{"type":"Feature","geometry":{"type":"Point","coordinates":[78.05568,26.76183]},"properties":{"udise":"08080408001","name":"GOVT.P.S. BAHARI KA PURA","state":"RAJASTHAN","district":"DHAULPUR","block":"RAJAKHERA","indicator":"girls_toilet_nonfunctional"}},{"type":"Feature","geometry":{"type":"Point","coordinates":[77.71811,26.68084]},"properties":{"udise":"08080211402","name":"GOVT.P.S. MAJHARKA","state":"RAJASTHAN","district":"DHAULPUR","block":"BARI","indicator":"girls_toilet_nonfunctional"}},{"type":"Feature","geometry":{"type":"Point","coordinates":[77.59554,26.68647]},"properties":{"udise":"08080216603","name":"PRAKASH S.S.S SINGORAI","state":"RAJASTHAN","district":"DHAULPUR","block":"BARI","indicator":"girls_toilet_nonfunctional"}},{"type":"Feature","geometry":{"type":"Point","coordinates":[77.7973,26.59781]},"properties":{"udise":"08080216101","name":"GOVT. P.S. RAJAI KALAN","state":"RAJASTHAN","district":"DHAULPUR","block":"BARI","indicator":"girls_toilet_nonfunctional"}},{"type":"Feature","geometry":{"type":"Point","coordinates":[77.76176,26.79957]},"properties":{"udise":"08080225601","name":"GOVT. SEC. SCHOOL  GOOJAR  PURA","state":"RAJASTHAN","district":"DHAULPUR","block":"BARI","indicator":"girls_toilet_nonfunctional"}},{"type":"Feature","geometry":{"type":"Point","coordinates":[77.64986,26.6297]},"properties":{"udise":"08080212905","name":"MAA BHAGWATI DEVI SIKSHAN SANSTHAN","state":"RAJASTHAN","district":"DHAULPUR","block":"BARI","indicator":"girls_toilet_nonfunctional"}},{"type":"Feature","geometry":{"type":"Point","coordinates":[77.72043,26.67172]},"properties":{"udise":"08080211801","name":"DEVENDRA PAL SINGH SEC. SHIKSHA SAMITI BAHADURPUR","state":"RAJASTHAN","district":"DHAULPUR","block":"BARI","indicator":"girls_toilet_nonfunctional"}},{"type":"Feature","geometry":{"type":"Point","coordinates":[77.77854,26.90252]},"properties":{"udise":"08080506115","name":"B.J.P.S.S.UPS. BASAI NABAB","state":"RAJASTHAN","district":"DHAULPUR","block":"SAIPAU","indicator":"girls_toilet_nonfunctional"}},{"type":"Feature","geometry":{"type":"Point","coordinates":[78.0663,26.68571]},"properties":{"udise":"08080410701","name":"GOVT SR. SECONDARY SCHOOL GADRAI","state":"RAJASTHAN","district":"DHAULPUR","block":"RAJAKHERA","indicator":"girls_toilet_nonfunctional"}},{"type":"Feature","geometry":{"type":"Point","coordinates":[78.02513,26.86669]},"properties":{"udise":"08080418201","name":"GOVT.U. P.S. KHUBI PURA","state":"RAJASTHAN","district":"DHAULPUR","block":"RAJAKHERA","indicator":"girls_toilet_nonfunctional"}},{"type":"Feature","geometry":{"type":"Point","coordinates":[77.36949,26.5032]},"properties":{"udise":"08080112003","name":"GOVT U.P.S. BARAIPURA","state":"RAJASTHAN","district":"DHAULPUR","block":"SARAMATHURA","indicator":"girls_toilet_nonfunctional"}},{"type":"Feature","geometry":{"type":"Point","coordinates":[78.19638,26.86951]},"properties":{"udise":"08080402701","name":"GOVT P.S. RANCHOR PURA","state":"RAJASTHAN","district":"DHAULPUR","block":"RAJAKHERA","indicator":"girls_toilet_nonfunctional"}},{"type":"Feature","geometry":{"type":"Point","coordinates":[77.35529,26.53869]},"properties":{"udise":"08080111833","name":"GOVT.P.S SAN  DOLREPURA","state":"RAJASTHAN","district":"DHAULPUR","block":"SARAMATHURA","indicator":"girls_toilet_nonfunctional"}},{"type":"Feature","geometry":{"type":"Point","coordinates":[77.69303,26.75834]},"properties":{"udise":"08080205803","name":"GOVT .P.S. DWARIKA VAN MATH","state":"RAJASTHAN","district":"DHAULPUR","block":"BARI","indicator":"girls_toilet_nonfunctional"}},{"type":"Feature","geometry":{"type":"Point","coordinates":[78.07503,26.85788]},"properties":{"udise":"08080405202","name":"GOVT P.S. PEEPRA","state":"RAJASTHAN","district":"DHAULPUR","block":"RAJAKHERA","indicator":"girls_toilet_nonfunctional"}},{"type":"Feature","geometry":{"type":"Point","coordinates":[77.78852,26.89069]},"properties":{"udise":"08080505202","name":"GOVT.U.P.S. LALLU PURA","state":"RAJASTHAN","district":"DHAULPUR","block":"SAIPAU","indicator":"girls_toilet_nonfunctional"}},{"type":"Feature","geometry":{"type":"Point","coordinates":[77.7018,26.65529]},"properties":{"udise":"08080211701","name":"GOVT. P.S. MHORI KA PURA","state":"RAJASTHAN","district":"DHAULPUR","block":"BARI","indicator":"girls_toilet_nonfunctional"}},{"type":"Feature","geometry":{"type":"Point","coordinates":[77.82692,26.8938]},"properties":{"udise":"08080508602","name":"GOVT.P.S. INDOLI","state":"RAJASTHAN","district":"DHAULPUR","block":"SAIPAU","indicator":"girls_toilet_nonfunctional"}},{"type":"Feature","geometry":{"type":"Point","coordinates":[78.05264,26.81527]},"properties":{"udise":"08080406704","name":"M.SHREE RAM B.V.M.PHADI","state":"RAJASTHAN","district":"DHAULPUR","block":"RAJAKHERA","indicator":"girls_toilet_nonfunctional"}},{"type":"Feature","geometry":{"type":"Point","coordinates":[77.71206,26.74587]},"properties":{"udise":"08080205804","name":"KIRAN PUBLIC SCHOOL GADHI SUKKHA","state":"RAJASTHAN","district":"DHAULPUR","block":"BARI","indicator":"girls_toilet_nonfunctional"}},{"type":"Feature","geometry":{"type":"Point","coordinates":[77.83263,26.81545]},"properties":{"udise":"08080501004","name":"GOVT.P.S.BUDHHA KA PURA","state":"RAJASTHAN","district":"DHAULPUR","block":"SAIPAU","indicator":"girls_toilet_nonfunctional"}},{"type":"Feature","geometry":{"type":"Point","coordinates":[77.77484,26.74782]},"properties":{"udise":"08080207201","name":"GOVT .P.S. GURJA","state":"RAJASTHAN","district":"DHAULPUR","block":"BARI","indicator":"girls_toilet_nonfunctional"}},{"type":"Feature","geometry":{"type":"Point","coordinates":[77.37252,26.51607]},"properties":{"udise":"08080111830","name":"SHANTI MAIMORIAL SEC. SARMATHURA","state":"RAJASTHAN","district":"DHAULPUR","block":"SARAMATHURA","indicator":"girls_toilet_nonfunctional"}},{"type":"Feature","geometry":{"type":"Point","coordinates":[77.36564,26.50909]},"properties":{"udise":"08080111842","name":"JAI MA AMBE  UPS  SARMATHURA","state":"RAJASTHAN","district":"DHAULPUR","block":"SARAMATHURA","indicator":"girls_toilet_nonfunctional"}},{"type":"Feature","geometry":{"type":"Point","coordinates":[77.95084,26.76134]},"properties":{"udise":"08080331801","name":"GOVT.U.P.S. NAYA GAW","state":"RAJASTHAN","district":"DHAULPUR","block":"DHOLPUR","indicator":"girls_toilet_nonfunctional"}},{"type":"Feature","geometry":{"type":"Point","coordinates":[77.54405,26.53092]},"properties":{"udise":"08080114703","name":"GOVT P.S. INDORA","state":"RAJASTHAN","district":"DHAULPUR","block":"SARAMATHURA","indicator":"girls_toilet_nonfunctional"}},{"type":"Feature","geometry":{"type":"Point","coordinates":[78.19951,26.91853]},"properties":{"udise":"08080422903","name":"GOVT.SR.SEC.SCHOOL GADHI CHINTAMAN","state":"RAJASTHAN","district":"DHAULPUR","block":"RAJAKHERA","indicator":"girls_toilet_nonfunctional"}},{"type":"Feature","geometry":{"type":"Point","coordinates":[77.80047,26.90298]},"properties":{"udise":"08080506202","name":"M.S.P.U.P.S. NAGALAHARLAL","state":"RAJASTHAN","district":"DHAULPUR","block":"SAIPAU","indicator":"girls_toilet_nonfunctional"}},{"type":"Feature","geometry":{"type":"Point","coordinates":[78.09556,26.76332]},"properties":{"udise":"08080408404","name":"GOVT.U.P.S.SANS. GARI  KA PURA","state":"RAJASTHAN","district":"DHAULPUR","block":"RAJAKHERA","indicator":"girls_toilet_nonfunctional"}},{"type":"Feature","geometry":{"type":"Point","coordinates":[77.56513,26.61524]},"properties":{"udise":"08080203107","name":"GUDDI SHIKSHA NIKETAN UMREH","state":"RAJASTHAN","district":"DHAULPUR","block":"BARI","indicator":"girls_toilet_nonfunctional"}},{"type":"Feature","geometry":{"type":"Point","coordinates":[77.77888,26.90173]},"properties":{"udise":"08080506103","name":"GOVT.GIRLSR SEC.SCHOOL. BASAI NAWAB","state":"RAJASTHAN","district":"DHAULPUR","block":"SAIPAU","indicator":"girls_toilet_nonfunctional"}},{"type":"Feature","geometry":{"type":"Point","coordinates":[77.93525,26.76571]},"properties":{"udise":"08080327305","name":"GOVT U.P.S. RAWATPURA","state":"RAJASTHAN","district":"DHAULPUR","block":"DHOLPUR","indicator":"girls_toilet_nonfunctional"}},{"type":"Feature","geometry":{"type":"Point","coordinates":[77.68628,26.80808]},"properties":{"udise":"08080106902","name":"GOVT P.S. LEVADE KA PURA","state":"RAJASTHAN","district":"DHAULPUR","block":"BASERI","indicator":"girls_toilet_nonfunctional"}},{"type":"Feature","geometry":{"type":"Point","coordinates":[77.82455,26.91082]},"properties":{"udise":"08080508301","name":"GOVT.SR.SEC.SCHOOL BHADHIYANA","state":"RAJASTHAN","district":"DHAULPUR","block":"SAIPAU","indicator":"girls_toilet_nonfunctional"}},{"type":"Feature","geometry":{"type":"Point","coordinates":[77.91781,26.80603]},"properties":{"udise":"08080310623","name":"OM HARI P.S. MANIYA","state":"RAJASTHAN","district":"DHAULPUR","block":"DHOLPUR","indicator":"girls_toilet_nonfunctional"}},{"type":"Feature","geometry":{"type":"Point","coordinates":[77.45659,26.71032]},"properties":{"udise":"08080102008","name":"SHREEMATI BUDDHO DEVI GOVT. SR.SEC.SCHOOL SAN. DHORR","state":"RAJASTHAN","district":"DHAULPUR","block":"BASERI","indicator":"girls_toilet_nonfunctional"}},{"type":"Feature","geometry":{"type":"Point","coordinates":[77.51559,26.41563]},"properties":{"udise":"08080116902","name":"GOVT.U.P.S. CHANDRAPURA","state":"RAJASTHAN","district":"DHAULPUR","block":"SARAMATHURA","indicator":"girls_toilet_nonfunctional"}},{"type":"Feature","geometry":{"type":"Point","coordinates":[77.80916,26.88953]},"properties":{"udise":"08080508701","name":"GOVT.U.P.S. SIGHORA","state":"RAJASTHAN","district":"DHAULPUR","block":"SAIPAU","indicator":"girls_toilet_nonfunctional"}},{"type":"Feature","geometry":{"type":"Point","coordinates":[77.5011,26.41272]},"properties":{"udise":"08080116802","name":"GOVT P.S. BHOORA KA PURA","state":"RAJASTHAN","district":"DHAULPUR","block":"SARAMATHURA","indicator":"girls_toilet_nonfunctional"}},{"type":"Feature","geometry":{"type":"Point","coordinates":[77.9187,26.82304]},"properties":{"udise":"08080310616","name":"B.L. AGRAWAL PUBLIC SCHOOL MANIYA","state":"RAJASTHAN","district":"DHAULPUR","block":"DHOLPUR","indicator":"girls_toilet_nonfunctional"}},{"type":"Feature","geometry":{"type":"Point","coordinates":[78.15858,26.79886]},"properties":{"udise":"08080403301","name":"GOVT P.S. DAGRA","state":"RAJASTHAN","district":"DHAULPUR","block":"RAJAKHERA","indicator":"girls_toilet_nonfunctional"}},{"type":"Feature","geometry":{"type":"Point","coordinates":[77.5068,26.76611]},"properties":{"udise":"08080100128","name":"DHC TECHNO SCHOOL BASERI","state":"RAJASTHAN","district":"DHAULPUR","block":"BASERI","indicator":"girls_toilet_nonfunctional"}},{"type":"Feature","geometry":{"type":"Point","coordinates":[77.6176,26.65099]},"properties":{"udise":"08080211504","name":"GOVT. P.S. GOPALPURA","state":"RAJASTHAN","district":"DHAULPUR","block":"BARI","indicator":"girls_toilet_nonfunctional"}},{"type":"Feature","geometry":{"type":"Point","coordinates":[77.79487,26.68499]},"properties":{"udise":"08080301003","name":"GOVT.P.S. FONDE KA PURA","state":"RAJASTHAN","district":"DHAULPUR","block":"DHOLPUR","indicator":"girls_toilet_nonfunctional"}},{"type":"Feature","geometry":{"type":"Point","coordinates":[77.50768,26.52753]},"properties":{"udise":"08080114502","name":"GOVT P.S. PAVESUR","state":"RAJASTHAN","district":"DHAULPUR","block":"SARAMATHURA","indicator":"girls_toilet_nonfunctional"}},{"type":"Feature","geometry":{"type":"Point","coordinates":[77.96751,26.73193]},"properties":{"udise":"08080330901","name":"GOVT P.S. DEEVAN KA PURA","state":"RAJASTHAN","district":"DHAULPUR","block":"DHOLPUR","indicator":"girls_toilet_nonfunctional"}},{"type":"Feature","geometry":{"type":"Point","coordinates":[77.42235,26.45173]},"properties":{"udise":"08080116102","name":"GOVT.P.S. JAROLA","state":"RAJASTHAN","district":"DHAULPUR","block":"SARAMATHURA","indicator":"girls_toilet_nonfunctional"}},{"type":"Feature","geometry":{"type":"Point","coordinates":[77.56247,26.74953]},"properties":{"udise":"08080108501","name":"GOVT.U.P.S. KILEDAR KA PURA","state":"RAJASTHAN","district":"DHAULPUR","block":"BASERI","indicator":"girls_toilet_nonfunctional"}},{"type":"Feature","geometry":{"type":"Point","coordinates":[77.77855,26.58705]},"properties":{"udise":"08080215702","name":"GOVT. U.P.S. VARIPURA","state":"RAJASTHAN","district":"DHAULPUR","block":"BARI","indicator":"girls_toilet_nonfunctional"}},{"type":"Feature","geometry":{"type":"Point","coordinates":[78.0229,26.77696]},"properties":{"udise":"08080408709","name":"ALOK PUBLIC SCHOOL DIHOLI","state":"RAJASTHAN","district":"DHAULPUR","block":"RAJAKHERA","indicator":"girls_toilet_nonfunctional"}},{"type":"Feature","geometry":{"type":"Point","coordinates":[77.47252,26.60452]},"properties":{"udise":"08080112505","name":"PM SHRI GOVT.SR.SEC.SCHOOL ANGAI","state":"RAJASTHAN","district":"DHAULPUR","block":"SARAMATHURA","indicator":"girls_toilet_nonfunctional"}},{"type":"Feature","geometry":{"type":"Point","coordinates":[77.82142,26.875]},"properties":{"udise":"08080503002","name":"GOVT.P.S. HATIYAPURA","state":"RAJASTHAN","district":"DHAULPUR","block":"SAIPAU","indicator":"girls_toilet_nonfunctional"}},{"type":"Feature","geometry":{"type":"Point","coordinates":[78.18133,26.90493]},"properties":{"udise":"08080422503","name":"KRISHNA PUB. SCHOOL RAJAKHERA","state":"RAJASTHAN","district":"DHAULPUR","block":"RAJAKHERA","indicator":"girls_toilet_nonfunctional"}},{"type":"Feature","geometry":{"type":"Point","coordinates":[78.05563,26.77646]},"properties":{"udise":"08080408301","name":"GOVT P.S. JUAGI PURA","state":"RAJASTHAN","district":"DHAULPUR","block":"RAJAKHERA","indicator":"girls_toilet_nonfunctional"}},{"type":"Feature","geometry":{"type":"Point","coordinates":[77.72546,26.51177]},"properties":{"udise":"08080215402","name":"GOVT .P.S. JANAK PUR","state":"RAJASTHAN","district":"DHAULPUR","block":"BARI","indicator":"girls_toilet_nonfunctional"}},{"type":"Feature","geometry":{"type":"Point","coordinates":[77.46058,26.54013]},"properties":{"udise":"08080118401","name":"GOVT P.S. SONI","state":"RAJASTHAN","district":"DHAULPUR","block":"SARAMATHURA","indicator":"girls_toilet_nonfunctional"}},{"type":"Feature","geometry":{"type":"Point","coordinates":[78.21205,26.88443]},"properties":{"udise":"08080402201","name":"GOVT P.S. GHARI JAUNAVAD","state":"RAJASTHAN","district":"DHAULPUR","block":"RAJAKHERA","indicator":"girls_toilet_nonfunctional"}},{"type":"Feature","geometry":{"type":"Point","coordinates":[77.89317,26.70503]},"properties":{"udise":"08080324605","name":"GOVT.SANS. PRAVESIKA FOOTA DAJBAJA","state":"RAJASTHAN","district":"DHAULPUR","block":"DHOLPUR","indicator":"girls_toilet_nonfunctional"}},{"type":"Feature","geometry":{"type":"Point","coordinates":[77.37802,26.51507]},"properties":{"udise":"08080111826","name":"MADARSA DARUL ISLAM SARMATHURA","state":"RAJASTHAN","district":"DHAULPUR","block":"SARAMATHURA","indicator":"girls_toilet_nonfunctional"}},{"type":"Feature","geometry":{"type":"Point","coordinates":[77.69124,26.54276]},"properties":{"udise":"08080215802","name":"GOVT. P.S. CHACHOKHAR","state":"RAJASTHAN","district":"DHAULPUR","block":"BARI","indicator":"girls_toilet_nonfunctional"}},{"type":"Feature","geometry":{"type":"Point","coordinates":[77.64645,26.74843]},"properties":{"udise":"08080204603","name":"BAJRANG SHIKSHAN SANSTHAN","state":"RAJASTHAN","district":"DHAULPUR","block":"BARI","indicator":"girls_toilet_nonfunctional"}},{"type":"Feature","geometry":{"type":"Point","coordinates":[77.89193,26.78296]},"properties":{"udise":"08080306401","name":"GOVT.UPS KRIPA KA PURA","state":"RAJASTHAN","district":"DHAULPUR","block":"DHOLPUR","indicator":"girls_toilet_nonfunctional"}},{"type":"Feature","geometry":{"type":"Point","coordinates":[77.61316,26.64703]},"properties":{"udise":"08080218503","name":"EBENEZER MISSION SR. Secondary School Bari","state":"RAJASTHAN","district":"DHAULPUR","block":"BARI","indicator":"girls_toilet_nonfunctional"}},{"type":"Feature","geometry":{"type":"Point","coordinates":[77.55981,26.75515]},"properties":{"udise":"08080108502","name":"GOVT.P.S. POHAP SINGH KA PURA","state":"RAJASTHAN","district":"DHAULPUR","block":"BASERI","indicator":"girls_toilet_nonfunctional"}},{"type":"Feature","geometry":{"type":"Point","coordinates":[77.78372,26.75]},"properties":{"udise":"08080502602","name":"GOVT.P.S MATH JAGARIYA PURA","state":"RAJASTHAN","district":"DHAULPUR","block":"SAIPAU","indicator":"girls_toilet_nonfunctional"}},{"type":"Feature","geometry":{"type":"Point","coordinates":[77.64019,26.77967]},"properties":{"udise":"08080110301","name":"GOVT P.S. NAGALA BHUMMA","state":"RAJASTHAN","district":"DHAULPUR","block":"BASERI","indicator":"girls_toilet_nonfunctional"}},{"type":"Feature","geometry":{"type":"Point","coordinates":[77.81916,26.6406]},"properties":{"udise":"08080301501","name":"GOVT.P.S. GARWAPURA","state":"RAJASTHAN","district":"DHAULPUR","block":"DHOLPUR","indicator":"girls_toilet_nonfunctional"}},{"type":"Feature","geometry":{"type":"Point","coordinates":[77.56479,26.61615]},"properties":{"udise":"08080218205","name":"VISHISHATH SHIKSHA SAMITI WARD NO.11","state":"RAJASTHAN","district":"DHAULPUR","block":"BARI","indicator":"girls_toilet_nonfunctional"}},{"type":"Feature","geometry":{"type":"Point","coordinates":[77.82026,26.88298]},"properties":{"udise":"08080508802","name":"DURGA PRASAD SEC.SCH RANJEET PURA","state":"RAJASTHAN","district":"DHAULPUR","block":"SAIPAU","indicator":"girls_toilet_nonfunctional"}},{"type":"Feature","geometry":{"type":"Point","coordinates":[77.46764,26.48894]},"properties":{"udise":"08080132201","name":"GOVT P.S. BAHERI PURA","state":"RAJASTHAN","district":"DHAULPUR","block":"SARAMATHURA","indicator":"girls_toilet_nonfunctional"}},{"type":"Feature","geometry":{"type":"Point","coordinates":[77.79609,26.89331]},"properties":{"udise":"08080506303","name":"GOVT.P.S. JAGIRPURA -I","state":"RAJASTHAN","district":"DHAULPUR","block":"SAIPAU","indicator":"girls_toilet_nonfunctional"}},{"type":"Feature","geometry":{"type":"Point","coordinates":[77.37788,26.51495]},"properties":{"udise":"08080111812","name":"SHISHU.GYAN.MANDIR SEC.S.SARMATHURA","state":"RAJASTHAN","district":"DHAULPUR","block":"SARAMATHURA","indicator":"girls_toilet_nonfunctional"}},{"type":"Feature","geometry":{"type":"Point","coordinates":[77.45262,26.65627]},"properties":{"udise":"08080101501","name":"GOVT. SR.SEC.SCHOOL  BADARIYA","state":"RAJASTHAN","district":"DHAULPUR","block":"SARAMATHURA","indicator":"girls_toilet_nonfunctional"}},{"type":"Feature","geometry":{"type":"Point","coordinates":[77.38261,26.66107]},"properties":{"udise":"08080111001","name":"GOVT P.S. NAYAPURA","state":"RAJASTHAN","district":"DHAULPUR","block":"BASERI","indicator":"girls_toilet_nonfunctional"}},{"type":"Feature","geometry":{"type":"Point","coordinates":[78.03006,26.75172]},"properties":{"udise":"08080409203","name":"JAI REHNA SHIKSHA SAMITI LALPU","state":"RAJASTHAN","district":"DHAULPUR","block":"RAJAKHERA","indicator":"girls_toilet_nonfunctional"}},{"type":"Feature","geometry":{"type":"Point","coordinates":[77.81423,26.63992]},"properties":{"udise":"08080301302","name":"GOVT.P.S.JAWHAR PURA","state":"RAJASTHAN","district":"DHAULPUR","block":"DHOLPUR","indicator":"girls_toilet_nonfunctional"}},{"type":"Feature","geometry":{"type":"Point","coordinates":[77.61327,26.64465]},"properties":{"udise":"08080218202","name":"RAJA CONVENT MIDDLE SCH. BARI","state":"RAJASTHAN","district":"DHAULPUR","block":"BARI","indicator":"girls_toilet_nonfunctional"}},{"type":"Feature","geometry":{"type":"Point","coordinates":[77.86054,26.74748]},"properties":{"udise":"08080304802","name":"GOVT.P.S. GANGADAS KA PURA","state":"RAJASTHAN","district":"DHAULPUR","block":"DHOLPUR","indicator":"girls_toilet_nonfunctional"}},{"type":"Feature","geometry":{"type":"Point","coordinates":[77.86161,26.65036]},"properties":{"udise":"08080300401","name":"GOVT.U.P.S. BEECHHIYA","state":"RAJASTHAN","district":"DHAULPUR","block":"DHOLPUR","indicator":"girls_toilet_nonfunctional"}},{"type":"Feature","geometry":{"type":"Point","coordinates":[77.36503,26.52795]},"properties":{"udise":"08080112402","name":"MAHATMA GANDHI GOVT.SCHOOL GASTIPURA","state":"RAJASTHAN","district":"DHAULPUR","block":"SARAMATHURA","indicator":"girls_toilet_nonfunctional"}},{"type":"Feature","geometry":{"type":"Point","coordinates":[77.79649,26.89442]},"properties":{"udise":"08080506304","name":"GURU SHIKSHA NIKETAN JAGIRPURA","state":"RAJASTHAN","district":"DHAULPUR","block":"SAIPAU","indicator":"girls_toilet_nonfunctional"}},{"type":"Feature","geometry":{"type":"Point","coordinates":[77.33328,26.53288]},"properties":{"udise":"08080103402","name":"MAHATMA GANDHI GOVT.SCHOOL CHHINGA PURA","state":"RAJASTHAN","district":"DHAULPUR","block":"SARAMATHURA","indicator":"girls_toilet_nonfunctional"}},{"type":"Feature","geometry":{"type":"Point","coordinates":[77.68055,26.80221]},"properties":{"udise":"08080107002","name":"GOVT PS BAGHELAPURA","state":"RAJASTHAN","district":"DHAULPUR","block":"BASERI","indicator":"girls_toilet_nonfunctional"}},{"type":"Feature","geometry":{"type":"Point","coordinates":[74.73609,26.84539]},"properties":{"udise":"08140409208","name":"MAD GARIB NAWAJ","state":"RAJASTHAN","district":"DIDWANA-KUCHAMAN","block":"PARBATSAR","indicator":"no_girls_toilet"}},{"type":"Feature","geometry":{"type":"Point","coordinates":[74.35486,27.15863]},"properties":{"udise":"08140717317","name":"MAHAVEER PUBLIC SIKISHAN SANSTHAN CHHOTI KHATU","state":"RAJASTHAN","district":"DIDWANA-KUCHAMAN","block":"DEEDWANA","indicator":"no_girls_toilet"}},{"type":"Feature","geometry":{"type":"Point","coordinates":[74.93239,27.21563]},"properties":{"udise":"08140910906","name":"MODERN PRIMARY SCHOOL PANCHWA","state":"RAJASTHAN","district":"DIDWANA-KUCHAMAN","block":"KUCHAMAN","indicator":"no_girls_toilet"}},{"type":"Feature","geometry":{"type":"Point","coordinates":[74.58936,27.43897]},"properties":{"udise":"08140703902","name":"MADARSA ATUL ISLAM CHAND BASNI CHAND BASNI","state":"RAJASTHAN","district":"DIDWANA-KUCHAMAN","block":"DEEDWANA","indicator":"no_girls_toilet"}},{"type":"Feature","geometry":{"type":"Point","coordinates":[74.82838,27.04824]},"properties":{"udise":"08140910301","name":"GPS NAIYON KI DHANI","state":"RAJASTHAN","district":"DIDWANA-KUCHAMAN","block":"KUCHAMAN","indicator":"no_girls_toilet"}},{"type":"Feature","geometry":{"type":"Point","coordinates":[74.78464,27.29762]},"properties":{"udise":"08141301106","name":"MAD. ANJUMAN ISLAMIYA","state":"RAJASTHAN","district":"DIDWANA-KUCHAMAN","block":"MOLASAR","indicator":"no_girls_toilet"}},{"type":"Feature","geometry":{"type":"Point","coordinates":[74.51243,27.47587]},"properties":{"udise":"08140715808","name":"PRGYA SHIKSHAN SANSTHAN SINGHANA","state":"RAJASTHAN","district":"DIDWANA-KUCHAMAN","block":"DEEDWANA","indicator":"no_girls_toilet"}},{"type":"Feature","geometry":{"type":"Point","coordinates":[74.70747,27.20933]},"properties":{"udise":"08141109501","name":"GUPS NANDOLI CHANDAWATAN","state":"RAJASTHAN","district":"DIDWANA-KUCHAMAN","block":"MAKRANA","indicator":"no_girls_toilet"}},{"type":"Feature","geometry":{"type":"Point","coordinates":[74.71448,27.10423]},"properties":{"udise":"08141106403","name":"GPS KHEMOLAI NADI","state":"RAJASTHAN","district":"DIDWANA-KUCHAMAN","block":"MAKRANA","indicator":"no_girls_toilet"}},{"type":"Feature","geometry":{"type":"Point","coordinates":[74.46197,27.02252]},"properties":{"udise":"08141104102","name":"GPS THOLIYON KI DHANI","state":"RAJASTHAN","district":"DIDWANA-KUCHAMAN","block":"MAKRANA","indicator":"no_girls_toilet"}},{"type":"Feature","geometry":{"type":"Point","coordinates":[74.68309,27.13435]},"properties":{"udise":"08141103404","name":"GPS AGUNA BERA KI DHANI","state":"RAJASTHAN","district":"DIDWANA-KUCHAMAN","block":"MAKRANA","indicator":"no_girls_toilet"}},{"type":"Feature","geometry":{"type":"Point","coordinates":[74.8643,27.15467]},"properties":{"udise":"08140920706","name":"MADARSA DARULUM RAZAI MUSTUFA KUCHAMAN CITY","state":"RAJASTHAN","district":"DIDWANA-KUCHAMAN","block":"KUCHAMAN","indicator":"no_girls_toilet"}},{"type":"Feature","geometry":{"type":"Point","coordinates":[74.38285,27.6417]},"properties":{"udise":"08140610303","name":"AAISHAH SIDDIQAH GIRLS SCHOOL","state":"RAJASTHAN","district":"DIDWANA-KUCHAMAN","block":"LADNUN","indicator":"no_girls_toilet"}},{"type":"Feature","geometry":{"type":"Point","coordinates":[74.39261,27.29812]},"properties":{"udise":"08140707706","name":"HANUMANT HAPPY PUBLIC SCHOOL KERAP","state":"RAJASTHAN","district":"DIDWANA-KUCHAMAN","block":"DEEDWANA","indicator":"no_girls_toilet"}},{"type":"Feature","geometry":{"type":"Point","coordinates":[74.86997,27.19859]},"properties":{"udise":"08140900702","name":"GOVT SENIOR SECONDARY SCHOOL JODPURA","state":"RAJASTHAN","district":"DIDWANA-KUCHAMAN","block":"KUCHAMAN","indicator":"no_girls_toilet"}},{"type":"Feature","geometry":{"type":"Point","coordinates":[75.11898,26.95846]},"properties":{"udise":"08141403110","name":"MAD ANJUMAN ISLAMIYA GUDHA SALT","state":"RAJASTHAN","district":"DIDWANA-KUCHAMAN","block":"NAWA","indicator":"no_girls_toilet"}},{"type":"Feature","geometry":{"type":"Point","coordinates":[74.75064,27.1076]},"properties":{"udise":"08141108601","name":"SHAHEED BHANWAR SINGH GOVT. UPPER PRIMARY SCHOOL MINDKIYA","state":"RAJASTHAN","district":"DIDWANA-KUCHAMAN","block":"MAKRANA","indicator":"no_girls_toilet"}},{"type":"Feature","geometry":{"type":"Point","coordinates":[74.85687,27.14516]},"properties":{"udise":"08140922407","name":"MAD DARUL ULUM GARIB NAWAZ KUCHAMAN","state":"RAJASTHAN","district":"DIDWANA-KUCHAMAN","block":"KUCHAMAN","indicator":"no_girls_toilet"}},{"type":"Feature","geometry":{"type":"Point","coordinates":[74.69098,26.78617]},"properties":{"udise":"08140404903","name":"SANSKAR UPS SCHOOL","state":"RAJASTHAN","district":"DIDWANA-KUCHAMAN","block":"PARBATSAR","indicator":"no_girls_toilet"}},{"type":"Feature","geometry":{"type":"Point","coordinates":[73.66823,27.2112]},"properties":{"udise":"08140612406","name":"IQRA PUBLIC SCHOOL","state":"RAJASTHAN","district":"DIDWANA-KUCHAMAN","block":"LADNUN","indicator":"no_girls_toilet"}},{"type":"Feature","geometry":{"type":"Point","coordinates":[74.58084,27.40153]},"properties":{"udise":"08140719601","name":"MAD. TAHFEEJUL KURAN DIDWANA","state":"RAJASTHAN","district":"DIDWANA-KUCHAMAN","block":"DEEDWANA","indicator":"no_girls_toilet"}},{"type":"Feature","geometry":{"type":"Point","coordinates":[74.85643,27.14669]},"properties":{"udise":"08140922408","name":"MAD SETH SULEMANIYA KUCHAMAN CITY","state":"RAJASTHAN","district":"DIDWANA-KUCHAMAN","block":"KUCHAMAN","indicator":"no_girls_toilet"}},{"type":"Feature","geometry":{"type":"Point","coordinates":[74.57889,27.39902]},"properties":{"udise":"08140720869","name":"DELHI INTERNATIONAL SCHOOL DIDWANA","state":"RAJASTHAN","district":"DIDWANA-KUCHAMAN","block":"DEEDWANA","indicator":"no_girls_toilet"}},{"type":"Feature","geometry":{"type":"Point","coordinates":[74.7164,27.51156]},"properties":{"udise":"08140713302","name":"GUPS PANDORAI","state":"RAJASTHAN","district":"DIDWANA-KUCHAMAN","block":"DEEDWANA","indicator":"no_girls_toilet"}},{"type":"Feature","geometry":{"type":"Point","coordinates":[74.38679,27.64075]},"properties":{"udise":"08140612505","name":"MAD ISLAMIYA DARUL ULUM JAWA BAS","state":"RAJASTHAN","district":"DIDWANA-KUCHAMAN","block":"LADNUN","indicator":"no_girls_toilet"}},{"type":"Feature","geometry":{"type":"Point","coordinates":[74.736,27.30624]},"properties":{"udise":"08141305718","name":"MADARSA ISLAMIYA MOLASAR","state":"RAJASTHAN","district":"DIDWANA-KUCHAMAN","block":"MOLASAR","indicator":"no_girls_toilet"}},{"type":"Feature","geometry":{"type":"Point","coordinates":[75.117,27.33256]},"properties":{"udise":"08140904212","name":"GPS CHENPURA (GHATWA)","state":"RAJASTHAN","district":"DIDWANA-KUCHAMAN","block":"KUCHAMAN","indicator":"girls_toilet_nonfunctional"}},{"type":"Feature","geometry":{"type":"Point","coordinates":[74.38654,27.21359]},"properties":{"udise":"08140715719","name":"MAD RAJA MUSIFA RAJA NAGAR DUNGRI","state":"RAJASTHAN","district":"DIDWANA-KUCHAMAN","block":"DEEDWANA","indicator":"girls_toilet_nonfunctional"}},{"type":"Feature","geometry":{"type":"Point","coordinates":[74.51875,27.44582]},"properties":{"udise":"08140700402","name":"BAL BHARTI SIKSHAN SANSTHAN AJWA","state":"RAJASTHAN","district":"DIDWANA-KUCHAMAN","block":"DEEDWANA","indicator":"girls_toilet_nonfunctional"}},{"type":"Feature","geometry":{"type":"Point","coordinates":[74.59909,26.71544]},"properties":{"udise":"08140400708","name":"GGUPS BAJWAS","state":"RAJASTHAN","district":"DIDWANA-KUCHAMAN","block":"PARBATSAR","indicator":"girls_toilet_nonfunctional"}},{"type":"Feature","geometry":{"type":"Point","coordinates":[74.72443,27.05816]},"properties":{"udise":"08141117903","name":"JAI KISHAN PUBLIC SHCOOL","state":"RAJASTHAN","district":"DIDWANA-KUCHAMAN","block":"MAKRANA","indicator":"girls_toilet_nonfunctional"}},{"type":"Feature","geometry":{"type":"Point","coordinates":[74.72928,27.48894]},"properties":{"udise":"08140705407","name":"TAGORE PUBLIC SR.SEC.SCH. DAYALPURA","state":"RAJASTHAN","district":"DIDWANA-KUCHAMAN","block":"DEEDWANA","indicator":"girls_toilet_nonfunctional"}},{"type":"Feature","geometry":{"type":"Point","coordinates":[74.36848,27.06762]},"properties":{"udise":"08141109101","name":"GUPS MUNDA KHERI","state":"RAJASTHAN","district":"DIDWANA-KUCHAMAN","block":"MAKRANA","indicator":"girls_toilet_nonfunctional"}},{"type":"Feature","geometry":{"type":"Point","coordinates":[74.50996,26.85901]},"properties":{"udise":"08140403906","name":"SHRI RANA BAI VIDYA MANDIR SR.SEC.SCH. GULAR","state":"RAJASTHAN","district":"DIDWANA-KUCHAMAN","block":"PARBATSAR","indicator":"girls_toilet_nonfunctional"}},{"type":"Feature","geometry":{"type":"Point","coordinates":[74.397,27.63165]},"properties":{"udise":"08140611611","name":"SH SATYAM SIKSHAN SANSTHAN","state":"RAJASTHAN","district":"DIDWANA-KUCHAMAN","block":"LADNUN","indicator":"girls_toilet_nonfunctional"}},{"type":"Feature","geometry":{"type":"Point","coordinates":[74.74223,27.02908]},"properties":{"udise":"08141116607","name":"GHSS DESWALI DHANI MAKRANA","state":"RAJASTHAN","district":"DIDWANA-KUCHAMAN","block":"MAKRANA","indicator":"girls_toilet_nonfunctional"}},{"type":"Feature","geometry":{"type":"Point","coordinates":[74.53831,26.70054]},"properties":{"udise":"08140409518","name":"SHREE KHEDAPATI BALAJI RID","state":"RAJASTHAN","district":"DIDWANA-KUCHAMAN","block":"PARBATSAR","indicator":"girls_toilet_nonfunctional"}},{"type":"Feature","geometry":{"type":"Point","coordinates":[74.40838,27.03091]},"properties":{"udise":"08141111203","name":"GPS MAGWALO KI DHANI","state":"RAJASTHAN","district":"DIDWANA-KUCHAMAN","block":"MAKRANA","indicator":"girls_toilet_nonfunctional"}},{"type":"Feature","geometry":{"type":"Point","coordinates":[74.57492,27.40238]},"properties":{"udise":"08140721201","name":"SHRI RAMANUJ SHASTRI SANSKRIT COLLEGE DEEDWANA","state":"RAJASTHAN","district":"DIDWANA-KUCHAMAN","block":"DEEDWANA","indicator":"girls_toilet_nonfunctional"}},{"type":"Feature","geometry":{"type":"Point","coordinates":[74.39856,27.64018]},"properties":{"udise":"08140613103","name":"MAD FAZJUL ULOOM VYAPARIYAN LADNUN","state":"RAJASTHAN","district":"DIDWANA-KUCHAMAN","block":"LADNUN","indicator":"girls_toilet_nonfunctional"}},{"type":"Feature","geometry":{"type":"Point","coordinates":[74.47264,27.35455]},"properties":{"udise":"08140710013","name":"KRISNA SHIKSHA SANSTHAN SEC. SCHOOL KOLIYA","state":"RAJASTHAN","district":"DIDWANA-KUCHAMAN","block":"DEEDWANA","indicator":"girls_toilet_nonfunctional"}},{"type":"Feature","geometry":{"type":"Point","coordinates":[74.77324,27.39349]},"properties":{"udise":"08140702714","name":"MAD.FAZ A JILANI CHHOTI BERI","state":"RAJASTHAN","district":"DIDWANA-KUCHAMAN","block":"MOLASAR","indicator":"girls_toilet_nonfunctional"}},{"type":"Feature","geometry":{"type":"Point","coordinates":[74.38722,27.64736]},"properties":{"udise":"08140610401","name":"MADERSA GARIB NAWAJ SHRIYA BAS","state":"RAJASTHAN","district":"DIDWANA-KUCHAMAN","block":"LADNUN","indicator":"girls_toilet_nonfunctional"}},{"type":"Feature","geometry":{"type":"Point","coordinates":[74.75711,26.8106]},"properties":{"udise":"08140407706","name":"DEV AKHILESH BAL BHARTI SIKSHAN SANSTHAN MEHGOAN","state":"RAJASTHAN","district":"DIDWANA-KUCHAMAN","block":"PARBATSAR","indicator":"girls_toilet_nonfunctional"}},{"type":"Feature","geometry":{"type":"Point","coordinates":[74.57128,27.29826]},"properties":{"udise":"08140707401","name":"GOVT SR SEC SCHOOL JEWALIYAWAS","state":"RAJASTHAN","district":"DIDWANA-KUCHAMAN","block":"DEEDWANA","indicator":"girls_toilet_nonfunctional"}},{"type":"Feature","geometry":{"type":"Point","coordinates":[74.80174,27.21757]},"properties":{"udise":"08140911803","name":"GPS KISHAN NAGAR RANASAR","state":"RAJASTHAN","district":"DIDWANA-KUCHAMAN","block":"KUCHAMAN","indicator":"girls_toilet_nonfunctional"}},{"type":"Feature","geometry":{"type":"Point","coordinates":[74.46951,26.83852]},"properties":{"udise":"08140406507","name":"GHSS KURADA","state":"RAJASTHAN","district":"DIDWANA-KUCHAMAN","block":"PARBATSAR","indicator":"girls_toilet_nonfunctional"}},{"type":"Feature","geometry":{"type":"Point","coordinates":[74.56607,27.39021]},"properties":{"udise":"08140720302","name":"MAD FAIZAN-E GARIB NAWAJ DIDWANA","state":"RAJASTHAN","district":"DIDWANA-KUCHAMAN","block":"DEEDWANA","indicator":"girls_toilet_nonfunctional"}},{"type":"Feature","geometry":{"type":"Point","coordinates":[74.27797,27.46412]},"properties":{"udise":"08140608202","name":"KUNAN BABA SHIKSHAN SANSTHAN SEC. SCH. SANDAS","state":"RAJASTHAN","district":"DIDWANA-KUCHAMAN","block":"LADNUN","indicator":"girls_toilet_nonfunctional"}},{"type":"Feature","geometry":{"type":"Point","coordinates":[74.40479,27.64318]},"properties":{"udise":"08140611210","name":"MOHAMMADI PUBLIC SCHOOL","state":"RAJASTHAN","district":"DIDWANA-KUCHAMAN","block":"LADNUN","indicator":"girls_toilet_nonfunctional"}},{"type":"Feature","geometry":{"type":"Point","coordinates":[74.67143,27.02255]},"properties":{"udise":"08141102138","name":"JAY TULSI VIDYA VIHAR SIKSHAN SANSTHAN","state":"RAJASTHAN","district":"DIDWANA-KUCHAMAN","block":"MAKRANA","indicator":"girls_toilet_nonfunctional"}},{"type":"Feature","geometry":{"type":"Point","coordinates":[74.72055,27.03211]},"properties":{"udise":"08141116805","name":"T.M.C SCHOOL OF CREATIVITY MKN","state":"RAJASTHAN","district":"DIDWANA-KUCHAMAN","block":"MAKRANA","indicator":"girls_toilet_nonfunctional"}},{"type":"Feature","geometry":{"type":"Point","coordinates":[74.74284,27.0391]},"properties":{"udise":"08141117301","name":"KHWAJA NAJAM PUBLIC SCHOOL MAKRANA","state":"RAJASTHAN","district":"DIDWANA-KUCHAMAN","block":"MAKRANA","indicator":"girls_toilet_nonfunctional"}},{"type":"Feature","geometry":{"type":"Point","coordinates":[74.77235,26.963]},"properties":{"udise":"08140405703","name":"GPS DUDHIYA KI DHANI","state":"RAJASTHAN","district":"DIDWANA-KUCHAMAN","block":"PARBATSAR","indicator":"girls_toilet_nonfunctional"}},{"type":"Feature","geometry":{"type":"Point","coordinates":[74.76618,26.88441]},"properties":{"udise":"08140412502","name":"VIKASH SHIKSHAN SANSTHAN UPS","state":"RAJASTHAN","district":"DIDWANA-KUCHAMAN","block":"PARBATSAR","indicator":"girls_toilet_nonfunctional"}},{"type":"Feature","geometry":{"type":"Point","coordinates":[74.76647,27.09766]},"properties":{"udise":"08141108605","name":"GUPS PUROHITJI KI DHANI","state":"RAJASTHAN","district":"DIDWANA-KUCHAMAN","block":"MAKRANA","indicator":"girls_toilet_nonfunctional"}},{"type":"Feature","geometry":{"type":"Point","coordinates":[75.07993,27.3447]},"properties":{"udise":"08140908008","name":"GHSS LALAS","state":"RAJASTHAN","district":"DIDWANA-KUCHAMAN","block":"KUCHAMAN","indicator":"girls_toilet_nonfunctional"}},{"type":"Feature","geometry":{"type":"Point","coordinates":[74.85695,27.14702]},"properties":{"udise":"08140922411","name":"MAD ABUL KALAM KUCHAMAN CITY","state":"RAJASTHAN","district":"DIDWANA-KUCHAMAN","block":"KUCHAMAN","indicator":"girls_toilet_nonfunctional"}},{"type":"Feature","geometry":{"type":"Point","coordinates":[74.69486,26.83629]},"properties":{"udise":"08140409607","name":"DURGA VIDHYA PEETH ROHNDI","state":"RAJASTHAN","district":"DIDWANA-KUCHAMAN","block":"PARBATSAR","indicator":"girls_toilet_nonfunctional"}},{"type":"Feature","geometry":{"type":"Point","coordinates":[74.72397,27.02267]},"properties":{"udise":"08141115104","name":"GUPS NO 7 BHATIPURA MAKRANA","state":"RAJASTHAN","district":"DIDWANA-KUCHAMAN","block":"MAKRANA","indicator":"girls_toilet_nonfunctional"}},{"type":"Feature","geometry":{"type":"Point","coordinates":[74.74798,27.07619]},"properties":{"udise":"08141106533","name":"GUPS (S) JAKOLAW NADA, JOOSRI","state":"RAJASTHAN","district":"DIDWANA-KUCHAMAN","block":"MAKRANA","indicator":"girls_toilet_nonfunctional"}},{"type":"Feature","geometry":{"type":"Point","coordinates":[74.72697,27.05283]},"properties":{"udise":"08141115809","name":"ADARSH SR. SEC. SCHOOL DILDHANI","state":"RAJASTHAN","district":"DIDWANA-KUCHAMAN","block":"PARBATSAR","indicator":"girls_toilet_nonfunctional"}},{"type":"Feature","geometry":{"type":"Point","coordinates":[74.39312,27.12737]},"properties":{"udise":"08141108301","name":"GPS MANGLAWA","state":"RAJASTHAN","district":"DIDWANA-KUCHAMAN","block":"MAKRANA","indicator":"girls_toilet_nonfunctional"}},{"type":"Feature","geometry":{"type":"Point","coordinates":[74.33876,27.19792]},"properties":{"udise":"08140715723","name":"GREENWAY KIDS ACADEMY SHERANI ABAD","state":"RAJASTHAN","district":"DIDWANA-KUCHAMAN","block":"DEEDWANA","indicator":"girls_toilet_nonfunctional"}},{"type":"Feature","geometry":{"type":"Point","coordinates":[75.04911,27.31269]},"properties":{"udise":"08140914301","name":"GUPS DHANKYA TALAB","state":"RAJASTHAN","district":"DIDWANA-KUCHAMAN","block":"KUCHAMAN","indicator":"girls_toilet_nonfunctional"}},{"type":"Feature","geometry":{"type":"Point","coordinates":[75.22851,27.08584]},"properties":{"udise":"08141402204","name":"GPS KHOKHARON KI DHANI","state":"RAJASTHAN","district":"DIDWANA-KUCHAMAN","block":"NAWA","indicator":"girls_toilet_nonfunctional"}},{"type":"Feature","geometry":{"type":"Point","coordinates":[74.82097,27.28043]},"properties":{"udise":"08141305901","name":"GUPS NIMBA KA BAS","state":"RAJASTHAN","district":"DIDWANA-KUCHAMAN","block":"MOLASAR","indicator":"girls_toilet_nonfunctional"}},{"type":"Feature","geometry":{"type":"Point","coordinates":[74.90261,27.24487]},"properties":{"udise":"08140912503","name":"GPS BOCHLIYON KI DHANI","state":"RAJASTHAN","district":"DIDWANA-KUCHAMAN","block":"KUCHAMAN","indicator":"girls_toilet_nonfunctional"}},{"type":"Feature","geometry":{"type":"Point","coordinates":[74.56653,27.40199]},"properties":{"udise":"08140719001","name":"AADARSH SHIKSHAN SANSTHAN DIDWANA","state":"RAJASTHAN","district":"DIDWANA-KUCHAMAN","block":"DEEDWANA","indicator":"girls_toilet_nonfunctional"}},{"type":"Feature","geometry":{"type":"Point","coordinates":[74.74612,27.0069]},"properties":{"udise":"08140403504","name":"GPS KANKRIYA NADA","state":"RAJASTHAN","district":"DIDWANA-KUCHAMAN","block":"PARBATSAR","indicator":"girls_toilet_nonfunctional"}},{"type":"Feature","geometry":{"type":"Point","coordinates":[74.72463,27.12462]},"properties":{"udise":"08141102219","name":"GOVT. PRIMARY SCHOOL HARIPURA BUDSU","state":"RAJASTHAN","district":"DIDWANA-KUCHAMAN","block":"MAKRANA","indicator":"girls_toilet_nonfunctional"}},{"type":"Feature","geometry":{"type":"Point","coordinates":[74.73242,27.03465]},"properties":{"udise":"08141115403","name":"MAYOR SECONDARY SCHOOL MAKRANA","state":"RAJASTHAN","district":"DIDWANA-KUCHAMAN","block":"MAKRANA","indicator":"girls_toilet_nonfunctional"}},{"type":"Feature","geometry":{"type":"Point","coordinates":[74.45861,27.44174]},"properties":{"udise":"08140716404","name":"SHRI VEER TEJA SHIKSHAN SANSTHAN THAKARIYAS","state":"RAJASTHAN","district":"DIDWANA-KUCHAMAN","block":"DEEDWANA","indicator":"girls_toilet_nonfunctional"}},{"type":"Feature","geometry":{"type":"Point","coordinates":[75.26387,27.09107]},"properties":{"udise":"08141402202","name":"GPS INDOKIYON KI DHANI","state":"RAJASTHAN","district":"DIDWANA-KUCHAMAN","block":"NAWA","indicator":"girls_toilet_nonfunctional"}},{"type":"Feature","geometry":{"type":"Point","coordinates":[74.45794,27.00531]},"properties":{"udise":"08141106305","name":"GPS BASRA","state":"RAJASTHAN","district":"DIDWANA-KUCHAMAN","block":"MAKRANA","indicator":"girls_toilet_nonfunctional"}},{"type":"Feature","geometry":{"type":"Point","coordinates":[74.83123,27.30981]},"properties":{"udise":"08141302906","name":"GPS ALUNA TALAB DHANKOLI","state":"RAJASTHAN","district":"DIDWANA-KUCHAMAN","block":"MOLASAR","indicator":"girls_toilet_nonfunctional"}},{"type":"Feature","geometry":{"type":"Point","coordinates":[74.40625,27.64427]},"properties":{"udise":"08140611211","name":"OXFORD ENGLISH MEDIUM SCHOOL","state":"RAJASTHAN","district":"DIDWANA-KUCHAMAN","block":"LADNUN","indicator":"girls_toilet_nonfunctional"}},{"type":"Feature","geometry":{"type":"Point","coordinates":[74.38787,27.45537]},"properties":{"udise":"08140600503","name":"GPS SUNSRIYA NADI BALDU","state":"RAJASTHAN","district":"DIDWANA-KUCHAMAN","block":"LADNUN","indicator":"girls_toilet_nonfunctional"}},{"type":"Feature","geometry":{"type":"Point","coordinates":[74.76124,26.88301]},"properties":{"udise":"08140411601","name":"KESHAV VIDYA PEETH SCHOOL","state":"RAJASTHAN","district":"DIDWANA-KUCHAMAN","block":"PARBATSAR","indicator":"girls_toilet_nonfunctional"}},{"type":"Feature","geometry":{"type":"Point","coordinates":[74.81591,26.99898]},"properties":{"udise":"08140405101","name":"GUPS KALKALA KI DHANI","state":"RAJASTHAN","district":"DIDWANA-KUCHAMAN","block":"PARBATSAR","indicator":"girls_toilet_nonfunctional"}},{"type":"Feature","geometry":{"type":"Point","coordinates":[74.84409,27.12318]},"properties":{"udise":"08140922209","name":"ADARSH INTERNATIONAL SCHOOL KUCHAMAN CITY","state":"RAJASTHAN","district":"DIDWANA-KUCHAMAN","block":"KUCHAMAN","indicator":"girls_toilet_nonfunctional"}},{"type":"Feature","geometry":{"type":"Point","coordinates":[74.45649,27.13267]},"properties":{"udise":"08141104905","name":"DADHIMATI SHIK SANSTH SEC.SCH. GOTHRI","state":"RAJASTHAN","district":"DIDWANA-KUCHAMAN","block":"MAKRANA","indicator":"girls_toilet_nonfunctional"}},{"type":"Feature","geometry":{"type":"Point","coordinates":[74.34794,27.15898]},"properties":{"udise":"08140717313","name":"GPS JAFAR KHATI NADIYA","state":"RAJASTHAN","district":"DIDWANA-KUCHAMAN","block":"DEEDWANA","indicator":"girls_toilet_nonfunctional"}},{"type":"Feature","geometry":{"type":"Point","coordinates":[74.48702,27.30385]},"properties":{"udise":"08140709602","name":"GUPS KHUNKHUNA GAON","state":"RAJASTHAN","district":"DIDWANA-KUCHAMAN","block":"DEEDWANA","indicator":"girls_toilet_nonfunctional"}},{"type":"Feature","geometry":{"type":"Point","coordinates":[74.43851,26.78071]},"properties":{"udise":"08140404811","name":"SHAHID SHREE AMRA RAM GSSS JAWLA","state":"RAJASTHAN","district":"DIDWANA-KUCHAMAN","block":"PARBATSAR","indicator":"girls_toilet_nonfunctional"}},{"type":"Feature","geometry":{"type":"Point","coordinates":[74.65599,27.65367]},"properties":{"udise":"08140607902","name":"GPS BHAKRON KI DHANI RIDMALAS","state":"RAJASTHAN","district":"DIDWANA-KUCHAMAN","block":"LADNUN","indicator":"girls_toilet_nonfunctional"}},{"type":"Feature","geometry":{"type":"Point","coordinates":[74.91299,27.18124]},"properties":{"udise":"08140913801","name":"GOVT SENIOR SEC SCHOOL SUJANPURA","state":"RAJASTHAN","district":"DIDWANA-KUCHAMAN","block":"KUCHAMAN","indicator":"girls_toilet_nonfunctional"}},{"type":"Feature","geometry":{"type":"Point","coordinates":[74.92731,27.11491]},"properties":{"udise":"08141404803","name":"GUPS KUNKDALI KOTHI","state":"RAJASTHAN","district":"DIDWANA-KUCHAMAN","block":"NAWA","indicator":"girls_toilet_nonfunctional"}},{"type":"Feature","geometry":{"type":"Point","coordinates":[74.72102,27.51034]},"properties":{"udise":"08140713303","name":"VIVEKANAND REVOLUTIONARY UP SCHOOL PANDORAI","state":"RAJASTHAN","district":"DIDWANA-KUCHAMAN","block":"DEEDWANA","indicator":"girls_toilet_nonfunctional"}},{"type":"Feature","geometry":{"type":"Point","coordinates":[75.08451,27.09653]},"properties":{"udise":"08141405415","name":"SHRI DEGAMBER JAIN VIVEAK SAGER SHIKSAN SANSTHAN","state":"RAJASTHAN","district":"DIDWANA-KUCHAMAN","block":"NAWA","indicator":"girls_toilet_nonfunctional"}},{"type":"Feature","geometry":{"type":"Point","coordinates":[74.62117,27.60311]},"properties":{"udise":"08140607702","name":"GPS DUGESARI KI DHANI","state":"RAJASTHAN","district":"DIDWANA-KUCHAMAN","block":"LADNUN","indicator":"girls_toilet_nonfunctional"}},{"type":"Feature","geometry":{"type":"Point","coordinates":[75.25611,27.122]},"properties":{"udise":"08141402102","name":"GPS KHARROO KI DHANI DEVLA","state":"RAJASTHAN","district":"DIDWANA-KUCHAMAN","block":"NAWA","indicator":"girls_toilet_nonfunctional"}},{"type":"Feature","geometry":{"type":"Point","coordinates":[74.66482,27.34724]},"properties":{"udise":"08141302106","name":"NAVIN SR.SEC.SCH.CHHAPRI KHURD","state":"RAJASTHAN","district":"DIDWANA-KUCHAMAN","block":"MOLASAR","indicator":"girls_toilet_nonfunctional"}},{"type":"Feature","geometry":{"type":"Point","coordinates":[74.67059,27.02283]},"properties":{"udise":"08141102120","name":"GEETANJALI PUB.SEN.SEC.SCHOOL BORAWAR","state":"RAJASTHAN","district":"DIDWANA-KUCHAMAN","block":"MAKRANA","indicator":"girls_toilet_nonfunctional"}},{"type":"Feature","geometry":{"type":"Point","coordinates":[74.57688,27.40276]},"properties":{"udise":"08140719401","name":"MAD MOHMMADIYA MADINA MASJID","state":"RAJASTHAN","district":"DIDWANA-KUCHAMAN","block":"DEEDWANA","indicator":"girls_toilet_nonfunctional"}},{"type":"Feature","geometry":{"type":"Point","coordinates":[74.79951,27.10288]},"properties":{"udise":"08140912301","name":"GPS REBARI NADA","state":"RAJASTHAN","district":"DIDWANA-KUCHAMAN","block":"KUCHAMAN","indicator":"girls_toilet_nonfunctional"}},{"type":"Feature","geometry":{"type":"Point","coordinates":[74.98245,27.33464]},"properties":{"udise":"08140916902","name":"GOVT SENIOR SECONDARY SCHOOL KOKPURA","state":"RAJASTHAN","district":"DIDWANA-KUCHAMAN","block":"KUCHAMAN","indicator":"girls_toilet_nonfunctional"}},{"type":"Feature","geometry":{"type":"Point","coordinates":[75.05341,27.24428]},"properties":{"udise":"08140916602","name":"GOVT. PRIMARY SCHOOL NARUKA KI DHANI","state":"RAJASTHAN","district":"DIDWANA-KUCHAMAN","block":"KUCHAMAN","indicator":"girls_toilet_nonfunctional"}},{"type":"Feature","geometry":{"type":"Point","coordinates":[74.45898,26.83618]},"properties":{"udise":"08140406517","name":"GPS JORAYALEE KHEJRIYA APNDA KI DH KURA. KURADA","state":"RAJASTHAN","district":"DIDWANA-KUCHAMAN","block":"PARBATSAR","indicator":"girls_toilet_nonfunctional"}},{"type":"Feature","geometry":{"type":"Point","coordinates":[74.95851,27.33664]},"properties":{"udise":"08140902704","name":"SHAHEED BHANWAR SINGH GOVT. PRIMARY SCHOOL MERTIYON KI DHANI","state":"RAJASTHAN","district":"DIDWANA-KUCHAMAN","block":"KUCHAMAN","indicator":"girls_toilet_nonfunctional"}},{"type":"Feature","geometry":{"type":"Point","coordinates":[74.73216,27.04016]},"properties":{"udise":"08141117504","name":"MAD. JAMIA JAWARIL FATIMA SHIKSHA SAMITI","state":"RAJASTHAN","district":"DIDWANA-KUCHAMAN","block":"MAKRANA","indicator":"girls_toilet_nonfunctional"}},{"type":"Feature","geometry":{"type":"Point","coordinates":[75.08583,27.09806]},"properties":{"udise":"08141405405","name":"SARVODYA BAL NIKETAN","state":"RAJASTHAN","district":"DIDWANA-KUCHAMAN","block":"NAWA","indicator":"girls_toilet_nonfunctional"}},{"type":"Feature","geometry":{"type":"Point","coordinates":[74.54881,27.11212]},"properties":{"udise":"08141106303","name":"GPS JHUNJHAR PURA","state":"RAJASTHAN","district":"DIDWANA-KUCHAMAN","block":"MAKRANA","indicator":"girls_toilet_nonfunctional"}},{"type":"Feature","geometry":{"type":"Point","coordinates":[73.44834,26.45145]},"properties":{"udise":"08141306102","name":"GPS MALIYO KI DHANI","state":"RAJASTHAN","district":"DIDWANA-KUCHAMAN","block":"MOLASAR","indicator":"girls_toilet_nonfunctional"}},{"type":"Feature","geometry":{"type":"Point","coordinates":[74.66737,26.77732]},"properties":{"udise":"08140406601","name":"GUPS LIKHIYAS","state":"RAJASTHAN","district":"DIDWANA-KUCHAMAN","block":"PARBATSAR","indicator":"girls_toilet_nonfunctional"}},{"type":"Feature","geometry":{"type":"Point","coordinates":[74.86512,27.15768]},"properties":{"udise":"08140920903","name":"MAHARAJA SHIKSAN SANST. SEC.SCH. KUCHAMAN","state":"RAJASTHAN","district":"DIDWANA-KUCHAMAN","block":"KUCHAMAN","indicator":"girls_toilet_nonfunctional"}},{"type":"Feature","geometry":{"type":"Point","coordinates":[74.38722,27.64734]},"properties":{"udise":"08140610604","name":"K.K. SEC.SCH. LADNUN","state":"RAJASTHAN","district":"DIDWANA-KUCHAMAN","block":"LADNUN","indicator":"girls_toilet_nonfunctional"}},{"type":"Feature","geometry":{"type":"Point","coordinates":[74.7342,27.04113]},"properties":{"udise":"08141117402","name":"MADARSA AAYSHA SIDDIKA UPPER PRIMARY SCHOOL MAKRANA","state":"RAJASTHAN","district":"DIDWANA-KUCHAMAN","block":"MAKRANA","indicator":"girls_toilet_nonfunctional"}},{"type":"Feature","geometry":{"type":"Point","coordinates":[74.77175,27.33069]},"properties":{"udise":"08141302306","name":"GHSS DABRA","state":"RAJASTHAN","district":"DIDWANA-KUCHAMAN","block":"MOLASAR","indicator":"girls_toilet_nonfunctional"}},{"type":"Feature","geometry":{"type":"Point","coordinates":[75.31988,27.11754]},"properties":{"udise":"08141405705","name":"GHSS MINDA","state":"RAJASTHAN","district":"DIDWANA-KUCHAMAN","block":"NAWA","indicator":"girls_toilet_nonfunctional"}},{"type":"Feature","geometry":{"type":"Point","coordinates":[74.46698,26.83172]},"properties":{"udise":"08140406518","name":"GPS PINARO KI DHANI KURADA","state":"RAJASTHAN","district":"DIDWANA-KUCHAMAN","block":"PARBATSAR","indicator":"girls_toilet_nonfunctional"}},{"type":"Feature","geometry":{"type":"Point","coordinates":[74.3352,27.19573]},"properties":{"udise":"08140715721","name":"SHERANI PUBLIC SCHOOL SHERANI ABAD","state":"RAJASTHAN","district":"DIDWANA-KUCHAMAN","block":"DEEDWANA","indicator":"girls_toilet_nonfunctional"}},{"type":"Feature","geometry":{"type":"Point","coordinates":[74.34887,27.51352]},"properties":{"udise":"08140606917","name":"GUPS (S)  PEEPAL  NADI","state":"RAJASTHAN","district":"DIDWANA-KUCHAMAN","block":"LADNUN","indicator":"girls_toilet_nonfunctional"}},{"type":"Feature","geometry":{"type":"Point","coordinates":[75.18441,27.08713]},"properties":{"udise":"08141406401","name":"GUPS NOLASIYA","state":"RAJASTHAN","district":"DIDWANA-KUCHAMAN","block":"NAWA","indicator":"girls_toilet_nonfunctional"}},{"type":"Feature","geometry":{"type":"Point","coordinates":[74.38854,27.04018]},"properties":{"udise":"08141102901","name":"GUPS CHHAPARA","state":"RAJASTHAN","district":"DIDWANA-KUCHAMAN","block":"MAKRANA","indicator":"girls_toilet_nonfunctional"}},{"type":"Feature","geometry":{"type":"Point","coordinates":[74.50574,26.76694]},"properties":{"udise":"08140401912","name":"GPS IMARTI KI DHANI","state":"RAJASTHAN","district":"DIDWANA-KUCHAMAN","block":"PARBATSAR","indicator":"girls_toilet_nonfunctional"}},{"type":"Feature","geometry":{"type":"Point","coordinates":[74.561,27.40431]},"properties":{"udise":"08140720701","name":"VIDHYA SHRI PUB. SR.SEC.SCH. DEEDWANA","state":"RAJASTHAN","district":"DIDWANA-KUCHAMAN","block":"DEEDWANA","indicator":"girls_toilet_nonfunctional"}},{"type":"Feature","geometry":{"type":"Point","coordinates":[75.05507,27.13829]},"properties":{"udise":"08141408502","name":"SHARDA SHIKSHAN SANSTHAN","state":"RAJASTHAN","district":"DIDWANA-KUCHAMAN","block":"NAWA","indicator":"girls_toilet_nonfunctional"}},{"type":"Feature","geometry":{"type":"Point","coordinates":[74.73797,27.35532]},"properties":{"udise":"08141307502","name":"MADRSA CISTIYA TARPURA","state":"RAJASTHAN","district":"DIDWANA-KUCHAMAN","block":"MOLASAR","indicator":"girls_toilet_nonfunctional"}},{"type":"Feature","geometry":{"type":"Point","coordinates":[74.69877,26.97193]},"properties":{"udise":"08140402410","name":"SARASWATI VIDYA MANDIR SEC.SCH. BIDIYAD","state":"RAJASTHAN","district":"DIDWANA-KUCHAMAN","block":"PARBATSAR","indicator":"girls_toilet_nonfunctional"}},{"type":"Feature","geometry":{"type":"Point","coordinates":[74.91832,27.06046]},"properties":{"udise":"08141405615","name":"SHREE KRISHNA BAL SHIKSHAN SANSTHAN","state":"RAJASTHAN","district":"DIDWANA-KUCHAMAN","block":"NAWA","indicator":"girls_toilet_nonfunctional"}},{"type":"Feature","geometry":{"type":"Point","coordinates":[74.84403,27.12943]},"properties":{"udise":"08140922403","name":"MGGS KADWA KA BASDA KUCHAMAN CITY","state":"RAJASTHAN","district":"DIDWANA-KUCHAMAN","block":"KUCHAMAN","indicator":"girls_toilet_nonfunctional"}},{"type":"Feature","geometry":{"type":"Point","coordinates":[74.62525,26.69401]},"properties":{"udise":"08140409106","name":"MAHATMA GANDHI GOVT SCHOOL PEELWA","state":"RAJASTHAN","district":"DIDWANA-KUCHAMAN","block":"PARBATSAR","indicator":"girls_toilet_nonfunctional"}},{"type":"Feature","geometry":{"type":"Point","coordinates":[74.5083,27.63931]},"properties":{"udise":"08140604401","name":"GPS KASUMBI JAKHALA","state":"RAJASTHAN","district":"DIDWANA-KUCHAMAN","block":"LADNUN","indicator":"girls_toilet_nonfunctional"}},{"type":"Feature","geometry":{"type":"Point","coordinates":[73.6216,27.63526]},"properties":{"udise":"08140704504","name":"JAI HIND SHIKSHAN SANSTHAN","state":"RAJASTHAN","district":"DIDWANA-KUCHAMAN","block":"DEEDWANA","indicator":"girls_toilet_nonfunctional"}},{"type":"Feature","geometry":{"type":"Point","coordinates":[74.38974,27.64277]},"properties":{"udise":"08140612901","name":"SAINT JIVIERS SR. SEC. SCH. LADNUN","state":"RAJASTHAN","district":"DIDWANA-KUCHAMAN","block":"LADNUN","indicator":"girls_toilet_nonfunctional"}},{"type":"Feature","geometry":{"type":"Point","coordinates":[74.73769,27.03976]},"properties":{"udise":"08141114603","name":"MADARSA FAIZANE RAZA","state":"RAJASTHAN","district":"DIDWANA-KUCHAMAN","block":"MAKRANA","indicator":"girls_toilet_nonfunctional"}},{"type":"Feature","geometry":{"type":"Point","coordinates":[74.44448,27.40333]},"properties":{"udise":"08140713206","name":"SHRI VEER TEJA SHIKSHN SANSTHAN","state":"RAJASTHAN","district":"DIDWANA-KUCHAMAN","block":"DEEDWANA","indicator":"girls_toilet_nonfunctional"}},{"type":"Feature","geometry":{"type":"Point","coordinates":[74.45795,26.9537]},"properties":{"udise":"08141105706","name":"ADARSH SR. SEC.SCH. GACHIPURA","state":"RAJASTHAN","district":"DIDWANA-KUCHAMAN","block":"MAKRANA","indicator":"girls_toilet_nonfunctional"}},{"type":"Feature","geometry":{"type":"Point","coordinates":[74.67198,27.02483]},"properties":{"udise":"08141102135","name":"GANDHI SR. SEC.SCH. BORAWAR","state":"RAJASTHAN","district":"DIDWANA-KUCHAMAN","block":"MAKRANA","indicator":"girls_toilet_nonfunctional"}},{"type":"Feature","geometry":{"type":"Point","coordinates":[75.10212,27.31761]},"properties":{"udise":"08140907306","name":"ADARSH VIDYAPEETH SANSTHAN KHORANDI","state":"RAJASTHAN","district":"DIDWANA-KUCHAMAN","block":"KUCHAMAN","indicator":"girls_toilet_nonfunctional"}},{"type":"Feature","geometry":{"type":"Point","coordinates":[74.4501,26.82495]},"properties":{"udise":"08140401502","name":"GPS BARI BERA","state":"RAJASTHAN","district":"DIDWANA-KUCHAMAN","block":"PARBATSAR","indicator":"girls_toilet_nonfunctional"}},{"type":"Feature","geometry":{"type":"Point","coordinates":[74.59157,26.9101]},"properties":{"udise":"08140400519","name":"DREAMLAND PUBLIC SCHOOL","state":"RAJASTHAN","district":"DIDWANA-KUCHAMAN","block":"PARBATSAR","indicator":"girls_toilet_nonfunctional"}},{"type":"Feature","geometry":{"type":"Point","coordinates":[74.77736,27.08342]},"properties":{"udise":"08141106518","name":"GPS DEVLAJI KA ISTHAN JOOSRI","state":"RAJASTHAN","district":"DIDWANA-KUCHAMAN","block":"MAKRANA","indicator":"girls_toilet_nonfunctional"}},{"type":"Feature","geometry":{"type":"Point","coordinates":[74.61663,27.38866]},"properties":{"udise":"08140715502","name":"SK GREENWOOD SENIOR SEC.SCHOOL SEKHA BASNI","state":"RAJASTHAN","district":"DIDWANA-KUCHAMAN","block":"DEEDWANA","indicator":"girls_toilet_nonfunctional"}},{"type":"Feature","geometry":{"type":"Point","coordinates":[74.99337,26.90949]},"properties":{"udise":"08141404304","name":"GHSS KHAKHADKI","state":"RAJASTHAN","district":"DIDWANA-KUCHAMAN","block":"NAWA","indicator":"girls_toilet_nonfunctional"}},{"type":"Feature","geometry":{"type":"Point","coordinates":[74.39791,26.94894]},"properties":{"udise":"08141101505","name":"MAHARSHI DAYANAND SARSWATI SCHOOL","state":"RAJASTHAN","district":"DIDWANA-KUCHAMAN","block":"MAKRANA","indicator":"girls_toilet_nonfunctional"}},{"type":"Feature","geometry":{"type":"Point","coordinates":[74.86583,27.14189]},"properties":{"udise":"08140925503","name":"BR KHOKAR MEMORIAL SR.SEC.SCH. KUCHAMAN","state":"RAJASTHAN","district":"DIDWANA-KUCHAMAN","block":"KUCHAMAN","indicator":"girls_toilet_nonfunctional"}},{"type":"Feature","geometry":{"type":"Point","coordinates":[74.64033,27.30174]},"properties":{"udise":"08141305201","name":"GUPS KUROLI","state":"RAJASTHAN","district":"DIDWANA-KUCHAMAN","block":"DEEDWANA","indicator":"girls_toilet_nonfunctional"}},{"type":"Feature","geometry":{"type":"Point","coordinates":[74.55826,26.63578]},"properties":{"udise":"08140413801","name":"GUPS GORJI KA PURA","state":"RAJASTHAN","district":"DIDWANA-KUCHAMAN","block":"PARBATSAR","indicator":"girls_toilet_nonfunctional"}},{"type":"Feature","geometry":{"type":"Point","coordinates":[74.38727,27.64512]},"properties":{"udise":"08140611209","name":"MADRASA JAMIYA MOHAMMADIYA EDU SOCIETY","state":"RAJASTHAN","district":"DIDWANA-KUCHAMAN","block":"LADNUN","indicator":"girls_toilet_nonfunctional"}},{"type":"Feature","geometry":{"type":"Point","coordinates":[74.4702,26.83627]},"properties":{"udise":"08140406515","name":"VEENA BHARTI VIDYA PEETH SEC.SCH. KURADA","state":"RAJASTHAN","district":"DIDWANA-KUCHAMAN","block":"PARBATSAR","indicator":"girls_toilet_nonfunctional"}},{"type":"Feature","geometry":{"type":"Point","coordinates":[74.95169,27.32479]},"properties":{"udise":"08140902701","name":"MASTANA SR.SEC.SCH. CHAWANDIYA","state":"RAJASTHAN","district":"DIDWANA-KUCHAMAN","block":"KUCHAMAN","indicator":"girls_toilet_nonfunctional"}},{"type":"Feature","geometry":{"type":"Point","coordinates":[74.71623,27.02281]},"properties":{"udise":"08141116902","name":"SWAMI VIVEKANANDA SHIKSHAN SANSTHAN","state":"RAJASTHAN","district":"DIDWANA-KUCHAMAN","block":"MAKRANA","indicator":"girls_toilet_nonfunctional"}},{"type":"Feature","geometry":{"type":"Point","coordinates":[73.73397,23.70105]},"properties":{"udise":"08270904010","name":"MAA BADI NAVAGARA BHINDA","state":"RAJASTHAN","district":"DUNGARPUR","block":"JHONTHARI","indicator":"no_girls_toilet"}},{"type":"Feature","geometry":{"type":"Point","coordinates":[73.94575,23.58259]},"properties":{"udise":"08270801106","name":"MAHATMA GANDHI GOVT. SCHOOL SEMALIYA GHATA","state":"RAJASTHAN","district":"DUNGARPUR","block":"GALIYAKOT","indicator":"no_girls_toilet"}},{"type":"Feature","geometry":{"type":"Point","coordinates":[74.12168,23.88286]},"properties":{"udise":"08271005305","name":"G.S.K.P.S.GOTHADIYA","state":"RAJASTHAN","district":"DUNGARPUR","block":"SABLA","indicator":"no_girls_toilet"}},{"type":"Feature","geometry":{"type":"Point","coordinates":[73.71399,23.61241]},"properties":{"udise":"08270900910","name":"G.G.SEC.S.GANDHVA PAL","state":"RAJASTHAN","district":"DUNGARPUR","block":"JHONTHARI","indicator":"no_girls_toilet"}},{"type":"Feature","geometry":{"type":"Point","coordinates":[73.99644,23.61102]},"properties":{"udise":"08270800207","name":"MAA BADI DENDOR FALA","state":"RAJASTHAN","district":"DUNGARPUR","block":"GALIYAKOT","indicator":"no_girls_toilet"}},{"type":"Feature","geometry":{"type":"Point","coordinates":[73.8873,23.72985]},"properties":{"udise":"08270402002","name":"G.G.SR.SEC..S.VARDA","state":"RAJASTHAN","district":"DUNGARPUR","block":"SAGWARA","indicator":"no_girls_toilet"}},{"type":"Feature","geometry":{"type":"Point","coordinates":[73.79355,23.72701]},"properties":{"udise":"08270905803","name":"G.P.S. BHAGELA SURATA","state":"RAJASTHAN","district":"DUNGARPUR","block":"JHONTHARI","indicator":"no_girls_toilet"}},{"type":"Feature","geometry":{"type":"Point","coordinates":[73.95394,23.53942]},"properties":{"udise":"08270805906","name":"MAA BADI KESARAPURA PUCHIYAWADA","state":"RAJASTHAN","district":"DUNGARPUR","block":"GALIYAKOT","indicator":"no_girls_toilet"}},{"type":"Feature","geometry":{"type":"Point","coordinates":[74.10182,23.61713]},"properties":{"udise":"08270401905","name":"MAA BADI P.E.C. JAKEDA FALA","state":"RAJASTHAN","district":"DUNGARPUR","block":"SAGWARA","indicator":"no_girls_toilet"}},{"type":"Feature","geometry":{"type":"Point","coordinates":[74.05842,23.64323]},"properties":{"udise":"08270401201","name":"MAHATMA GANDHI GOVT. SCHOOL JETHANA","state":"RAJASTHAN","district":"DUNGARPUR","block":"SAGWARA","indicator":"no_girls_toilet"}},{"type":"Feature","geometry":{"type":"Point","coordinates":[73.64351,23.65686]},"properties":{"udise":"08270901604","name":"G.P.S. SASRAN KI NAL","state":"RAJASTHAN","district":"DUNGARPUR","block":"JHONTHARI","indicator":"no_girls_toilet"}},{"type":"Feature","geometry":{"type":"Point","coordinates":[73.71878,23.61064]},"properties":{"udise":"08270900933","name":"MAA BADI BALARI FALA GANDHVA PAL","state":"RAJASTHAN","district":"DUNGARPUR","block":"JHONTHARI","indicator":"no_girls_toilet"}},{"type":"Feature","geometry":{"type":"Point","coordinates":[74.07088,23.7855]},"properties":{"udise":"08270402902","name":"MAA BADI P.E.C. KASHOTIYA FALA","state":"RAJASTHAN","district":"DUNGARPUR","block":"SAGWARA","indicator":"no_girls_toilet"}},{"type":"Feature","geometry":{"type":"Point","coordinates":[73.83278,23.89431]},"properties":{"udise":"08270706403","name":"MAA BADI NAI BASTI PARDA CHOUBISA","state":"RAJASTHAN","district":"DUNGARPUR","block":"DOVDA","indicator":"no_girls_toilet"}},{"type":"Feature","geometry":{"type":"Point","coordinates":[74.04425,23.76033]},"properties":{"udise":"08270402809","name":"MAA BADI P.E.C. PILUDA FALA","state":"RAJASTHAN","district":"DUNGARPUR","block":"SAGWARA","indicator":"no_girls_toilet"}},{"type":"Feature","geometry":{"type":"Point","coordinates":[73.59059,23.75998]},"properties":{"udise":"08270102001","name":"GOVT. SEN. SEC. SCHOOL  RATAPANI -1","state":"RAJASTHAN","district":"DUNGARPUR","block":"GAMDI AHARA","indicator":"no_girls_toilet"}},{"type":"Feature","geometry":{"type":"Point","coordinates":[74.1729,23.5539]},"properties":{"udise":"08271005514","name":"MAA BADI KADIYA FALA","state":"RAJASTHAN","district":"DUNGARPUR","block":"SABLA","indicator":"no_girls_toilet"}},{"type":"Feature","geometry":{"type":"Point","coordinates":[73.64438,23.77799]},"properties":{"udise":"08270223002","name":"MAA BADI TALAB FALA DEDKO KA VELA","state":"RAJASTHAN","district":"DUNGARPUR","block":"DUNGARPUR","indicator":"no_girls_toilet"}},{"type":"Feature","geometry":{"type":"Point","coordinates":[73.71541,23.54203]},"properties":{"udise":"08270515607","name":"MAA BADI PAGIYO KA MAHUA SADADIYA","state":"RAJASTHAN","district":"DUNGARPUR","block":"SIMALWARA","indicator":"no_girls_toilet"}},{"type":"Feature","geometry":{"type":"Point","coordinates":[73.81639,23.67266]},"properties":{"udise":"08270904302","name":"G.P.S. DOLVARIYA BHATDA","state":"RAJASTHAN","district":"DUNGARPUR","block":"JHONTHARI","indicator":"no_girls_toilet"}},{"type":"Feature","geometry":{"type":"Point","coordinates":[74.05701,23.76035]},"properties":{"udise":"08270401502","name":"MAA BADI P.E.C. NAI BASTI DAMOWADA","state":"RAJASTHAN","district":"DUNGARPUR","block":"SAGWARA","indicator":"no_girls_toilet"}},{"type":"Feature","geometry":{"type":"Point","coordinates":[73.82334,23.73864]},"properties":{"udise":"08270700301","name":"G.P.S. OJARI","state":"RAJASTHAN","district":"DUNGARPUR","block":"DOVDA","indicator":"no_girls_toilet"}},{"type":"Feature","geometry":{"type":"Point","coordinates":[74.05172,23.58419]},"properties":{"udise":"08270800601","name":"MAHATMA GANDHI GOVT. SCHOOL DERIYA FALA","state":"RAJASTHAN","district":"DUNGARPUR","block":"GALIYAKOT","indicator":"no_girls_toilet"}},{"type":"Feature","geometry":{"type":"Point","coordinates":[73.7137,23.58882]},"properties":{"udise":"08270510901","name":"G.P.S.TOMBELIYA","state":"RAJASTHAN","district":"DUNGARPUR","block":"SIMALWARA","indicator":"no_girls_toilet"}},{"type":"Feature","geometry":{"type":"Point","coordinates":[73.6323,23.67005]},"properties":{"udise":"08270900803","name":"MAA BADI PS UPLA FALA DAKANMARIYA","state":"RAJASTHAN","district":"DUNGARPUR","block":"JHONTHARI","indicator":"no_girls_toilet"}},{"type":"Feature","geometry":{"type":"Point","coordinates":[73.74199,23.71576]},"properties":{"udise":"08270904401","name":"G.P.S. DUNGELA TALAB","state":"RAJASTHAN","district":"DUNGARPUR","block":"JHONTHARI","indicator":"no_girls_toilet"}},{"type":"Feature","geometry":{"type":"Point","coordinates":[73.56282,23.86497]},"properties":{"udise":"08270104106","name":"G.P.S. KHANDA MAHURA","state":"RAJASTHAN","district":"DUNGARPUR","block":"BICCHIWARA","indicator":"no_girls_toilet"}},{"type":"Feature","geometry":{"type":"Point","coordinates":[73.71864,23.90598]},"properties":{"udise":"08270209103","name":"G.P.S. PATLAIE","state":"RAJASTHAN","district":"DUNGARPUR","block":"DUNGARPUR","indicator":"no_girls_toilet"}},{"type":"Feature","geometry":{"type":"Point","coordinates":[74.0336,23.61606]},"properties":{"udise":"08270800203","name":"GOVT. UPPER PRIMARY SCHOOL BAMANIYA FALA , LIMDI","state":"RAJASTHAN","district":"DUNGARPUR","block":"GALIYAKOT","indicator":"no_girls_toilet"}},{"type":"Feature","geometry":{"type":"Point","coordinates":[74.09809,23.64238]},"properties":{"udise":"08270411303","name":"MAA BADI P.E.C.NAVAGHARAFALA","state":"RAJASTHAN","district":"DUNGARPUR","block":"SAGWARA","indicator":"no_girls_toilet"}},{"type":"Feature","geometry":{"type":"Point","coordinates":[73.90265,23.43742]},"properties":{"udise":"08270604302","name":"G.P.S.PALSAU","state":"RAJASTHAN","district":"DUNGARPUR","block":"CHIKHALI","indicator":"no_girls_toilet"}},{"type":"Feature","geometry":{"type":"Point","coordinates":[73.89649,23.70379]},"properties":{"udise":"08270414203","name":"G.P.S.HAGIYA FALA","state":"RAJASTHAN","district":"DUNGARPUR","block":"SAGWARA","indicator":"no_girls_toilet"}},{"type":"Feature","geometry":{"type":"Point","coordinates":[73.95113,23.42906]},"properties":{"udise":"08270607907","name":"MAHATMA GANDHI GOVT.SCHOOL CHIKHLI","state":"RAJASTHAN","district":"DUNGARPUR","block":"CHIKHALI","indicator":"no_girls_toilet"}},{"type":"Feature","geometry":{"type":"Point","coordinates":[73.93457,23.61772]},"properties":{"udise":"08270801313","name":"MAA BADI BHAGAT FALA AMBADA","state":"RAJASTHAN","district":"DUNGARPUR","block":"GALIYAKOT","indicator":"no_girls_toilet"}},{"type":"Feature","geometry":{"type":"Point","coordinates":[74.19074,23.53389]},"properties":{"udise":"08271006402","name":"MAA BADI JOGA FALA","state":"RAJASTHAN","district":"DUNGARPUR","block":"SABLA","indicator":"no_girls_toilet"}},{"type":"Feature","geometry":{"type":"Point","coordinates":[73.54537,23.87981]},"properties":{"udise":"08270106007","name":"G.P.S. YADAV BASTI","state":"RAJASTHAN","district":"DUNGARPUR","block":"PALDEVAL","indicator":"no_girls_toilet"}},{"type":"Feature","geometry":{"type":"Point","coordinates":[73.52902,23.90773]},"properties":{"udise":"08270106105","name":"G.P.S. KHANIMAL","state":"RAJASTHAN","district":"DUNGARPUR","block":"BICCHIWARA","indicator":"no_girls_toilet"}},{"type":"Feature","geometry":{"type":"Point","coordinates":[73.74387,23.63314]},"properties":{"udise":"08270901401","name":"S.S.S.S.DHULJI BHAI VERMA G.SR.SEC.S.KARAWARA","state":"RAJASTHAN","district":"DUNGARPUR","block":"JHONTHARI","indicator":"no_girls_toilet"}},{"type":"Feature","geometry":{"type":"Point","coordinates":[73.75214,23.69543]},"properties":{"udise":"08270904920","name":"MAA BADI TALAB FALA JHOTHRI","state":"RAJASTHAN","district":"DUNGARPUR","block":"JHONTHARI","indicator":"no_girls_toilet"}},{"type":"Feature","geometry":{"type":"Point","coordinates":[73.52818,23.87059]},"properties":{"udise":"08270102709","name":"S.UPS AMJHARA","state":"RAJASTHAN","district":"DUNGARPUR","block":"BICCHIWARA","indicator":"no_girls_toilet"}},{"type":"Feature","geometry":{"type":"Point","coordinates":[73.63601,23.89342]},"properties":{"udise":"08270224902","name":"G.U.P.S. UPLI VAGDARI","state":"RAJASTHAN","district":"DUNGARPUR","block":"PALDEVAL","indicator":"no_girls_toilet"}},{"type":"Feature","geometry":{"type":"Point","coordinates":[73.72176,23.60739]},"properties":{"udise":"08270900930","name":"MAA BADI KUVEDIYA FALA","state":"RAJASTHAN","district":"DUNGARPUR","block":"JHONTHARI","indicator":"no_girls_toilet"}},{"type":"Feature","geometry":{"type":"Point","coordinates":[73.44511,23.77226]},"properties":{"udise":"08270107402","name":"G.U.P.S. BHAGORA FALA","state":"RAJASTHAN","district":"DUNGARPUR","block":"BICCHIWARA","indicator":"no_girls_toilet"}},{"type":"Feature","geometry":{"type":"Point","coordinates":[73.92533,23.3626]},"properties":{"udise":"08270605908","name":"MAA BADI TALAB FALA BADGAMA","state":"RAJASTHAN","district":"DUNGARPUR","block":"CHIKHALI","indicator":"no_girls_toilet"}},{"type":"Feature","geometry":{"type":"Point","coordinates":[73.61699,23.88972]},"properties":{"udise":"08270224301","name":"GOVT. SER.SEC.SCHOOL.TADI OBRI","state":"RAJASTHAN","district":"DUNGARPUR","block":"PALDEVAL","indicator":"no_girls_toilet"}},{"type":"Feature","geometry":{"type":"Point","coordinates":[73.73286,23.61107]},"properties":{"udise":"08270900913","name":"G.P.S. HERAWALI DUNGARI","state":"RAJASTHAN","district":"DUNGARPUR","block":"JHONTHARI","indicator":"no_girls_toilet"}},{"type":"Feature","geometry":{"type":"Point","coordinates":[73.52063,23.8488]},"properties":{"udise":"08270102704","name":"G.P.S. HIDVA GHATI","state":"RAJASTHAN","district":"DUNGARPUR","block":"BICCHIWARA","indicator":"no_girls_toilet"}},{"type":"Feature","geometry":{"type":"Point","coordinates":[73.8919,23.84371]},"properties":{"udise":"08270706904","name":"AD.G.SR.SEC.S. RAGELA","state":"RAJASTHAN","district":"DUNGARPUR","block":"DOVDA","indicator":"no_girls_toilet"}},{"type":"Feature","geometry":{"type":"Point","coordinates":[73.60559,23.75719]},"properties":{"udise":"08270100509","name":"G.P.S. NAT BASTI G.A.","state":"RAJASTHAN","district":"DUNGARPUR","block":"GAMDI AHARA","indicator":"no_girls_toilet"}},{"type":"Feature","geometry":{"type":"Point","coordinates":[74.02326,23.67454]},"properties":{"udise":"08270416904","name":"MGGS.NO.1 SAGWARA","state":"RAJASTHAN","district":"DUNGARPUR","block":"SAGWARA","indicator":"no_girls_toilet"}},{"type":"Feature","geometry":{"type":"Point","coordinates":[73.88538,23.71367]},"properties":{"udise":"08270421601","name":"G.SR.SEC.S.KISHANPURA","state":"RAJASTHAN","district":"DUNGARPUR","block":"SAGWARA","indicator":"no_girls_toilet"}},{"type":"Feature","geometry":{"type":"Point","coordinates":[73.63645,23.82671]},"properties":{"udise":"08270220612","name":"ADARSH G.SER.SEC.S.BALWARA","state":"RAJASTHAN","district":"DUNGARPUR","block":"DUNGARPUR","indicator":"no_girls_toilet"}},{"type":"Feature","geometry":{"type":"Point","coordinates":[73.52633,23.77012]},"properties":{"udise":"08270109208","name":"MAA BADI DHANA DARA DHAMOD","state":"RAJASTHAN","district":"DUNGARPUR","block":"BICCHIWARA","indicator":"no_girls_toilet"}},{"type":"Feature","geometry":{"type":"Point","coordinates":[73.45852,23.80892]},"properties":{"udise":"08270107303","name":"G.P.S. HOLI FALA","state":"RAJASTHAN","district":"DUNGARPUR","block":"BICCHIWARA","indicator":"no_girls_toilet"}},{"type":"Feature","geometry":{"type":"Point","coordinates":[73.79392,23.92309]},"properties":{"udise":"08270701208","name":"MAA BADI PS NAI BASTI VASI","state":"RAJASTHAN","district":"DUNGARPUR","block":"DOVDA","indicator":"no_girls_toilet"}},{"type":"Feature","geometry":{"type":"Point","coordinates":[73.70887,23.8302]},"properties":{"udise":"08270217805","name":"M.GARIB NAWAJ KACHI BASTI","state":"RAJASTHAN","district":"DUNGARPUR","block":"DUNGARPUR","indicator":"no_girls_toilet"}},{"type":"Feature","geometry":{"type":"Point","coordinates":[73.72039,23.91315]},"properties":{"udise":"08270208902","name":"MAA BADI PARGI FALA KOTANA","state":"RAJASTHAN","district":"DUNGARPUR","block":"PALDEVAL","indicator":"no_girls_toilet"}},{"type":"Feature","geometry":{"type":"Point","coordinates":[74.00083,23.49708]},"properties":{"udise":"08270805402","name":"MAA BADI MALI FALA GADIYA","state":"RAJASTHAN","district":"DUNGARPUR","block":"GALIYAKOT","indicator":"no_girls_toilet"}},{"type":"Feature","geometry":{"type":"Point","coordinates":[73.82803,23.873]},"properties":{"udise":"08270207301","name":"G.SR.SEC.S.PAGARA","state":"RAJASTHAN","district":"DUNGARPUR","block":"DUNGARPUR","indicator":"no_girls_toilet"}},{"type":"Feature","geometry":{"type":"Point","coordinates":[73.71948,23.61117]},"properties":{"udise":"08270900934","name":"MAA BADI RANGOT FALA","state":"RAJASTHAN","district":"DUNGARPUR","block":"JHONTHARI","indicator":"no_girls_toilet"}},{"type":"Feature","geometry":{"type":"Point","coordinates":[74.16518,23.91699]},"properties":{"udise":"08271002303","name":"MAA BADI KHANATFALA GADA DASUNDI","state":"RAJASTHAN","district":"DUNGARPUR","block":"SABLA","indicator":"no_girls_toilet"}},{"type":"Feature","geometry":{"type":"Point","coordinates":[73.6087,23.73656]},"properties":{"udise":"08270100210","name":"MAA BADI FUTA TALAB DHAMLAT FALA","state":"RAJASTHAN","district":"DUNGARPUR","block":"GAMDI AHARA","indicator":"no_girls_toilet"}},{"type":"Feature","geometry":{"type":"Point","coordinates":[73.42454,23.81059]},"properties":{"udise":"08270108103","name":"MAA BADI DODIYAR FALA TENGARWADA","state":"RAJASTHAN","district":"DUNGARPUR","block":"BICCHIWARA","indicator":"no_girls_toilet"}},{"type":"Feature","geometry":{"type":"Point","coordinates":[73.60194,23.91079]},"properties":{"udise":"08270221703","name":"G.U.P.S. BALETI GHATI","state":"RAJASTHAN","district":"DUNGARPUR","block":"PALDEVAL","indicator":"no_girls_toilet"}},{"type":"Feature","geometry":{"type":"Point","coordinates":[73.96912,23.73891]},"properties":{"udise":"08270405403","name":"G.P.S.KHAGDER","state":"RAJASTHAN","district":"DUNGARPUR","block":"SAGWARA","indicator":"no_girls_toilet"}},{"type":"Feature","geometry":{"type":"Point","coordinates":[73.81568,23.66688]},"properties":{"udise":"08270904303","name":"G.P.S. ROHANWADI (DOL KUNJELA )","state":"RAJASTHAN","district":"DUNGARPUR","block":"JHONTHARI","indicator":"no_girls_toilet"}},{"type":"Feature","geometry":{"type":"Point","coordinates":[74.28176,23.90711]},"properties":{"udise":"08271002413","name":"MAA BADI RETUVA FALA GAMDI","state":"RAJASTHAN","district":"DUNGARPUR","block":"SABLA","indicator":"no_girls_toilet"}},{"type":"Feature","geometry":{"type":"Point","coordinates":[73.77146,23.62547]},"properties":{"udise":"08270907206","name":"VIDYANIKETAN PS NAGRIYA PANCHELA","state":"RAJASTHAN","district":"DUNGARPUR","block":"JHONTHARI","indicator":"no_girls_toilet"}},{"type":"Feature","geometry":{"type":"Point","coordinates":[73.65664,23.86095]},"properties":{"udise":"08270220502","name":"MAA BADI NICHLA FALA INDARKHET SUNDARPUR","state":"RAJASTHAN","district":"DUNGARPUR","block":"DUNGARPUR","indicator":"no_girls_toilet"}},{"type":"Feature","geometry":{"type":"Point","coordinates":[73.78895,23.69182]},"properties":{"udise":"08270905302","name":"G.P.S. CHOPDA PHALA","state":"RAJASTHAN","district":"DUNGARPUR","block":"JHONTHARI","indicator":"no_girls_toilet"}},{"type":"Feature","geometry":{"type":"Point","coordinates":[73.74025,23.6962]},"properties":{"udise":"08270904007","name":"G.P.S. DR. AMBEDKAR BASTI BHINDA","state":"RAJASTHAN","district":"DUNGARPUR","block":"JHONTHARI","indicator":"no_girls_toilet"}},{"type":"Feature","geometry":{"type":"Point","coordinates":[74.04452,23.40831]},"properties":{"udise":"08270803603","name":"MAA BADI KEHURI FALA","state":"RAJASTHAN","district":"DUNGARPUR","block":"GALIYAKOT","indicator":"no_girls_toilet"}},{"type":"Feature","geometry":{"type":"Point","coordinates":[73.84583,23.46743]},"properties":{"udise":"08270602211","name":"VID.NIK.U. P.S. DUNGARSARAN","state":"RAJASTHAN","district":"DUNGARPUR","block":"CHIKHALI","indicator":"no_girls_toilet"}},{"type":"Feature","geometry":{"type":"Point","coordinates":[73.84196,23.71195]},"properties":{"udise":"08270703003","name":"MAA BADI PS DOLWARIYA ODA","state":"RAJASTHAN","district":"DUNGARPUR","block":"DOVDA","indicator":"no_girls_toilet"}},{"type":"Feature","geometry":{"type":"Point","coordinates":[73.83448,23.6323]},"properties":{"udise":"08270907105","name":"G.P.S.ROAT FALA","state":"RAJASTHAN","district":"DUNGARPUR","block":"JHONTHARI","indicator":"no_girls_toilet"}},{"type":"Feature","geometry":{"type":"Point","coordinates":[73.70609,23.64829]},"properties":{"udise":"08270900104","name":"MAA BADI ADIVAT","state":"RAJASTHAN","district":"DUNGARPUR","block":"JHONTHARI","indicator":"no_girls_toilet"}},{"type":"Feature","geometry":{"type":"Point","coordinates":[73.76909,23.57152]},"properties":{"udise":"08270511505","name":"SARSWATI VIDHANIKETAN P.S.GADAPTTAPPEET","state":"RAJASTHAN","district":"DUNGARPUR","block":"SIMALWARA","indicator":"no_girls_toilet"}},{"type":"Feature","geometry":{"type":"Point","coordinates":[74.05409,23.91037]},"properties":{"udise":"08270305806","name":"G.P.S..GHATI FALA","state":"RAJASTHAN","district":"DUNGARPUR","block":"ASPUR","indicator":"no_girls_toilet"}},{"type":"Feature","geometry":{"type":"Point","coordinates":[73.58397,23.80175]},"properties":{"udise":"08270101705","name":"G.P.S. .HETARA WALA","state":"RAJASTHAN","district":"DUNGARPUR","block":"GAMDI AHARA","indicator":"no_girls_toilet"}},{"type":"Feature","geometry":{"type":"Point","coordinates":[73.41931,23.8184]},"properties":{"udise":"08270108201","name":"G.P.S.BOR KA PANI","state":"RAJASTHAN","district":"DUNGARPUR","block":"BICCHIWARA","indicator":"no_girls_toilet"}},{"type":"Feature","geometry":{"type":"Point","coordinates":[74.19614,23.90702]},"properties":{"udise":"08271005108","name":"MAA BADI MANAT FALA","state":"RAJASTHAN","district":"DUNGARPUR","block":"SABLA","indicator":"no_girls_toilet"}},{"type":"Feature","geometry":{"type":"Point","coordinates":[73.89468,23.96035]},"properties":{"udise":"08270708401","name":"GOVT. SENIOR SECONDATY SCHOOL VAGDARI","state":"RAJASTHAN","district":"DUNGARPUR","block":"DOVDA","indicator":"no_girls_toilet"}},{"type":"Feature","geometry":{"type":"Point","coordinates":[73.56139,23.71515]},"properties":{"udise":"08270110806","name":"MAA BADI AADUVA DARA FALA","state":"RAJASTHAN","district":"DUNGARPUR","block":"GAMDI AHARA","indicator":"no_girls_toilet"}},{"type":"Feature","geometry":{"type":"Point","coordinates":[73.69029,23.74646]},"properties":{"udise":"08270901108","name":"G.U.P.S. GHANTA FALA","state":"RAJASTHAN","district":"DUNGARPUR","block":"JHONTHARI","indicator":"no_girls_toilet"}},{"type":"Feature","geometry":{"type":"Point","coordinates":[74.11429,23.75228]},"properties":{"udise":"08270401003","name":"MAA BADI VADLI FALA PABDARDI","state":"RAJASTHAN","district":"DUNGARPUR","block":"SAGWARA","indicator":"no_girls_toilet"}},{"type":"Feature","geometry":{"type":"Point","coordinates":[73.62661,24.3661]},"properties":{"udise":"08270513612","name":"VIDHA NIKETAN P.S. SARTHUNA","state":"RAJASTHAN","district":"DUNGARPUR","block":"SIMALWARA","indicator":"no_girls_toilet"}},{"type":"Feature","geometry":{"type":"Point","coordinates":[73.68019,23.79993]},"properties":{"udise":"08270220614","name":"MABADI MADAPARA FALA BALWARA","state":"RAJASTHAN","district":"DUNGARPUR","block":"DUNGARPUR","indicator":"no_girls_toilet"}},{"type":"Feature","geometry":{"type":"Point","coordinates":[74.09615,23.75311]},"properties":{"udise":"08270400805","name":"MAA BADI MODA PANA JIBULA","state":"RAJASTHAN","district":"DUNGARPUR","block":"SAGWARA","indicator":"no_girls_toilet"}},{"type":"Feature","geometry":{"type":"Point","coordinates":[73.89453,23.37442]},"properties":{"udise":"08270606004","name":"MAA BADI GHANTI FALA DAD","state":"RAJASTHAN","district":"DUNGARPUR","block":"CHIKHALI","indicator":"no_girls_toilet"}},{"type":"Feature","geometry":{"type":"Point","coordinates":[73.65568,23.66095]},"properties":{"udise":"08270900103","name":"G.P.S. NAI BASTI ARIWAT","state":"RAJASTHAN","district":"DUNGARPUR","block":"JHONTHARI","indicator":"no_girls_toilet"}},{"type":"Feature","geometry":{"type":"Point","coordinates":[73.99116,23.70516]},"properties":{"udise":"08270405605","name":"MAA BADI DARA FALA BHIMDADI","state":"RAJASTHAN","district":"DUNGARPUR","block":"SAGWARA","indicator":"no_girls_toilet"}},{"type":"Feature","geometry":{"type":"Point","coordinates":[73.92238,23.65675]},"properties":{"udise":"08270422802","name":"G.U.P.S.PADLIYA","state":"RAJASTHAN","district":"DUNGARPUR","block":"SAGWARA","indicator":"no_girls_toilet"}},{"type":"Feature","geometry":{"type":"Point","coordinates":[73.60115,23.70229]},"properties":{"udise":"08270101602","name":"Govt.Primary School Samited Kapadwel","state":"RAJASTHAN","district":"DUNGARPUR","block":"GAMDI AHARA","indicator":"no_girls_toilet"}},{"type":"Feature","geometry":{"type":"Point","coordinates":[73.96947,23.96931]},"properties":{"udise":"08270301502","name":"G.P.S.RATIWANI","state":"RAJASTHAN","district":"DUNGARPUR","block":"ASPUR","indicator":"no_girls_toilet"}},{"type":"Feature","geometry":{"type":"Point","coordinates":[73.97703,23.75654]},"properties":{"udise":"08270404607","name":"MY GURUKUL PUB.U.P.S. KOKAPUR","state":"RAJASTHAN","district":"DUNGARPUR","block":"SAGWARA","indicator":"no_girls_toilet"}},{"type":"Feature","geometry":{"type":"Point","coordinates":[73.77374,23.5859]},"properties":{"udise":"08270511208","name":"G.P.S.KOVADIYA FALA -I","state":"RAJASTHAN","district":"DUNGARPUR","block":"SIMALWARA","indicator":"no_girls_toilet"}},{"type":"Feature","geometry":{"type":"Point","coordinates":[73.70932,23.59623]},"properties":{"udise":"08270900923","name":"G.P.S. GHANTI PHALA  II","state":"RAJASTHAN","district":"DUNGARPUR","block":"JHONTHARI","indicator":"no_girls_toilet"}},{"type":"Feature","geometry":{"type":"Point","coordinates":[73.8249,23.67425]},"properties":{"udise":"08270905705","name":"G.P.S. UNCHI DUNGARI","state":"RAJASTHAN","district":"DUNGARPUR","block":"JHONTHARI","indicator":"no_girls_toilet"}},{"type":"Feature","geometry":{"type":"Point","coordinates":[74.09537,23.71346]},"properties":{"udise":"08270406203","name":"MAA BADI MAKVANA FALA","state":"RAJASTHAN","district":"DUNGARPUR","block":"SAGWARA","indicator":"no_girls_toilet"}},{"type":"Feature","geometry":{"type":"Point","coordinates":[74.01493,23.75581]},"properties":{"udise":"08270403813","name":"S.K.P.PADVA","state":"RAJASTHAN","district":"DUNGARPUR","block":"SAGWARA","indicator":"no_girls_toilet"}},{"type":"Feature","geometry":{"type":"Point","coordinates":[73.87798,23.37182]},"properties":{"udise":"08270606003","name":"MAA BADI PSK DHAR FALA DAD","state":"RAJASTHAN","district":"DUNGARPUR","block":"CHIKHALI","indicator":"no_girls_toilet"}},{"type":"Feature","geometry":{"type":"Point","coordinates":[74.01017,23.69352]},"properties":{"udise":"08270412403","name":"G.P.S. .CHITRAWARA","state":"RAJASTHAN","district":"DUNGARPUR","block":"SAGWARA","indicator":"no_girls_toilet"}},{"type":"Feature","geometry":{"type":"Point","coordinates":[74.17488,23.86471]},"properties":{"udise":"08271000902","name":"MAA BADI HAMA PATTHAR BHODAN VELA","state":"RAJASTHAN","district":"DUNGARPUR","block":"SABLA","indicator":"no_girls_toilet"}},{"type":"Feature","geometry":{"type":"Point","coordinates":[74.01549,23.55989]},"properties":{"udise":"08270802702","name":"MAA BADI TARAVADI FALA VANIYAP","state":"RAJASTHAN","district":"DUNGARPUR","block":"GALIYAKOT","indicator":"no_girls_toilet"}},{"type":"Feature","geometry":{"type":"Point","coordinates":[73.89458,23.67798]},"properties":{"udise":"08270414403","name":"MAA BADI UPLA FALA","state":"RAJASTHAN","district":"DUNGARPUR","block":"SAGWARA","indicator":"no_girls_toilet"}},{"type":"Feature","geometry":{"type":"Point","coordinates":[73.67895,23.56396]},"properties":{"udise":"08270513506","name":"MAA BADI AMBAU DAMOR FALA","state":"RAJASTHAN","district":"DUNGARPUR","block":"SIMALWARA","indicator":"no_girls_toilet"}},{"type":"Feature","geometry":{"type":"Point","coordinates":[73.65385,23.67253]},"properties":{"udise":"08270900804","name":"MAA BADI MALI FALA DAKANMARIYA","state":"RAJASTHAN","district":"DUNGARPUR","block":"JHONTHARI","indicator":"no_girls_toilet"}},{"type":"Feature","geometry":{"type":"Point","coordinates":[73.50152,23.78278]},"properties":{"udise":"08270109103","name":"MAA BADI NAI BASTI DEVPURA","state":"RAJASTHAN","district":"DUNGARPUR","block":"BICCHIWARA","indicator":"no_girls_toilet"}},{"type":"Feature","geometry":{"type":"Point","coordinates":[73.80106,23.72394]},"properties":{"udise":"08270905704","name":"G.P.S. NAI BASTI NAVA GAON","state":"RAJASTHAN","district":"DUNGARPUR","block":"JHONTHARI","indicator":"no_girls_toilet"}},{"type":"Feature","geometry":{"type":"Point","coordinates":[73.55459,23.88404]},"properties":{"udise":"08270106011","name":"G.P.S. NAHWER FALA","state":"RAJASTHAN","district":"DUNGARPUR","block":"PALDEVAL","indicator":"no_girls_toilet"}},{"type":"Feature","geometry":{"type":"Point","coordinates":[73.94394,23.71849]},"properties":{"udise":"08270422301","name":"G.P.S.DHANI BAGDODIYAR","state":"RAJASTHAN","district":"DUNGARPUR","block":"SAGWARA","indicator":"no_girls_toilet"}},{"type":"Feature","geometry":{"type":"Point","coordinates":[73.62619,23.77512]},"properties":{"udise":"08270100601","name":"MAHATMA GANDHI GOVT. SCHOOL LODWARA","state":"RAJASTHAN","district":"DUNGARPUR","block":"GAMDI AHARA","indicator":"no_girls_toilet"}},{"type":"Feature","geometry":{"type":"Point","coordinates":[73.80297,23.75483]},"properties":{"udise":"08270700502","name":"G.P.S. HAMITER","state":"RAJASTHAN","district":"DUNGARPUR","block":"DOVDA","indicator":"no_girls_toilet"}},{"type":"Feature","geometry":{"type":"Point","coordinates":[73.83127,23.87723]},"properties":{"udise":"08270207303","name":"G.P.S. DAGOLA FALA","state":"RAJASTHAN","district":"DUNGARPUR","block":"DUNGARPUR","indicator":"no_girls_toilet"}},{"type":"Feature","geometry":{"type":"Point","coordinates":[74.06512,23.611]},"properties":{"udise":"08270412906","name":"MAA BADI KATARA FALA SELOTA","state":"RAJASTHAN","district":"DUNGARPUR","block":"SAGWARA","indicator":"no_girls_toilet"}},{"type":"Feature","geometry":{"type":"Point","coordinates":[74.0035,23.71119]},"properties":{"udise":"08270405602","name":"G.P.S.TALAB FALA","state":"RAJASTHAN","district":"DUNGARPUR","block":"SAGWARA","indicator":"no_girls_toilet"}},{"type":"Feature","geometry":{"type":"Point","coordinates":[74.07804,23.96038]},"properties":{"udise":"08271005106","name":"MAA BADI P.S KHAREDA FALA ODA","state":"RAJASTHAN","district":"DUNGARPUR","block":"SABLA","indicator":"no_girls_toilet"}},{"type":"Feature","geometry":{"type":"Point","coordinates":[73.92326,23.42328]},"properties":{"udise":"08270605104","name":"MAA BADI PSK KATARA FALA","state":"RAJASTHAN","district":"DUNGARPUR","block":"CHIKHALI","indicator":"no_girls_toilet"}},{"type":"Feature","geometry":{"type":"Point","coordinates":[73.67383,23.52518]},"properties":{"udise":"08270516003","name":"MAA BADI PSK JAALODAR","state":"RAJASTHAN","district":"DUNGARPUR","block":"SIMALWARA","indicator":"no_girls_toilet"}},{"type":"Feature","geometry":{"type":"Point","coordinates":[73.38793,23.79877]},"properties":{"udise":"08270108409","name":"MAA BADI GADAVET FALA PALISODA","state":"RAJASTHAN","district":"DUNGARPUR","block":"BICCHIWARA","indicator":"no_girls_toilet"}},{"type":"Feature","geometry":{"type":"Point","coordinates":[73.72617,23.75304]},"properties":{"udise":"08270903507","name":"G.P.S. GOGRA FALA VASHUVA","state":"RAJASTHAN","district":"DUNGARPUR","block":"JHONTHARI","indicator":"no_girls_toilet"}},{"type":"Feature","geometry":{"type":"Point","coordinates":[73.6223,23.72493]},"properties":{"udise":"08270119406","name":"MAA BADI DARIFALA","state":"RAJASTHAN","district":"DUNGARPUR","block":"GAMDI AHARA","indicator":"no_girls_toilet"}},{"type":"Feature","geometry":{"type":"Point","coordinates":[74.09265,23.63254]},"properties":{"udise":"08270401803","name":"MAA BADI PARGI FALA DOLI","state":"RAJASTHAN","district":"DUNGARPUR","block":"SAGWARA","indicator":"no_girls_toilet"}},{"type":"Feature","geometry":{"type":"Point","coordinates":[73.97176,23.45961]},"properties":{"udise":"08270806608","name":"MAA BADI CHAGAN FALA GADAMEDTIYA","state":"RAJASTHAN","district":"DUNGARPUR","block":"GALIYAKOT","indicator":"no_girls_toilet"}},{"type":"Feature","geometry":{"type":"Point","coordinates":[73.69373,23.85072]},"properties":{"udise":"08270224501","name":"AD.G.SRSEC.S.SURPUR","state":"RAJASTHAN","district":"DUNGARPUR","block":"DUNGARPUR","indicator":"no_girls_toilet"}},{"type":"Feature","geometry":{"type":"Point","coordinates":[73.87531,23.57053]},"properties":{"udise":"08270503912","name":"MAA BADI TEELAWALA FALA","state":"RAJASTHAN","district":"DUNGARPUR","block":"SIMALWARA","indicator":"no_girls_toilet"}},{"type":"Feature","geometry":{"type":"Point","coordinates":[73.8423,23.59715]},"properties":{"udise":"08270503701","name":"S.V.N. PS BANSIYA","state":"RAJASTHAN","district":"DUNGARPUR","block":"SIMALWARA","indicator":"no_girls_toilet"}},{"type":"Feature","geometry":{"type":"Point","coordinates":[74.21907,23.86501]},"properties":{"udise":"08271000402","name":"G.P.S.RANGELI","state":"RAJASTHAN","district":"DUNGARPUR","block":"SABLA","indicator":"no_girls_toilet"}},{"type":"Feature","geometry":{"type":"Point","coordinates":[74.07826,23.62377]},"properties":{"udise":"08270401615","name":"MGGS.BHILUDA","state":"RAJASTHAN","district":"DUNGARPUR","block":"SAGWARA","indicator":"no_girls_toilet"}},{"type":"Feature","geometry":{"type":"Point","coordinates":[73.98867,23.6342]},"properties":{"udise":"08270402606","name":"MAA BADI DENDOR FALA PANCHVATI","state":"RAJASTHAN","district":"DUNGARPUR","block":"SAGWARA","indicator":"no_girls_toilet"}},{"type":"Feature","geometry":{"type":"Point","coordinates":[73.61995,23.75239]},"properties":{"udise":"08270100201","name":"GOVT. SENIOR SECONDARY SCHOOL GAMRI PAL DHAMLAT FALA","state":"RAJASTHAN","district":"DUNGARPUR","block":"GAMDI AHARA","indicator":"no_girls_toilet"}},{"type":"Feature","geometry":{"type":"Point","coordinates":[73.87066,23.71765]},"properties":{"udise":"08270421502","name":"MAA BADI P.E.C DAMORFALA NAL","state":"RAJASTHAN","district":"DUNGARPUR","block":"SAGWARA","indicator":"no_girls_toilet"}},{"type":"Feature","geometry":{"type":"Point","coordinates":[73.87903,23.88249]},"properties":{"udise":"08270703501","name":"G.P.S. FUTITALAIE A","state":"RAJASTHAN","district":"DUNGARPUR","block":"DOVDA","indicator":"no_girls_toilet"}},{"type":"Feature","geometry":{"type":"Point","coordinates":[73.86842,23.45651]},"properties":{"udise":"08270602305","name":"MAA BADI BHENSA FALA BARUNADA","state":"RAJASTHAN","district":"DUNGARPUR","block":"CHIKHALI","indicator":"no_girls_toilet"}},{"type":"Feature","geometry":{"type":"Point","coordinates":[73.72787,23.57848]},"properties":{"udise":"08270515221","name":"G.RESIDENTIAL S.SCH.S. SIMALWARA","state":"RAJASTHAN","district":"DUNGARPUR","block":"SIMALWARA","indicator":"no_girls_toilet"}},{"type":"Feature","geometry":{"type":"Point","coordinates":[73.57673,23.90671]},"properties":{"udise":"08270221804","name":"GOVERMENT. SER. SECONDARY SCHOOL TARALA FALA","state":"RAJASTHAN","district":"DUNGARPUR","block":"PALDEVAL","indicator":"no_girls_toilet"}},{"type":"Feature","geometry":{"type":"Point","coordinates":[73.78804,23.51657]},"properties":{"udise":"08270500106","name":"MAA BADI BHATOD FALA","state":"RAJASTHAN","district":"DUNGARPUR","block":"SIMALWARA","indicator":"no_girls_toilet"}},{"type":"Feature","geometry":{"type":"Point","coordinates":[74.00251,23.62521]},"properties":{"udise":"08270402507","name":"G.SANSKRITS P.S..GHOTAD","state":"RAJASTHAN","district":"DUNGARPUR","block":"SAGWARA","indicator":"no_girls_toilet"}},{"type":"Feature","geometry":{"type":"Point","coordinates":[74.06783,23.73195]},"properties":{"udise":"08270406901","name":"G.P.S.CHOKI FALA","state":"RAJASTHAN","district":"DUNGARPUR","block":"SAGWARA","indicator":"no_girls_toilet"}},{"type":"Feature","geometry":{"type":"Point","coordinates":[73.74316,23.69726]},"properties":{"udise":"08270904012","name":"MAA BADI TALVADI FALA BHINDA","state":"RAJASTHAN","district":"DUNGARPUR","block":"JHONTHARI","indicator":"no_girls_toilet"}},{"type":"Feature","geometry":{"type":"Point","coordinates":[74.06212,23.74571]},"properties":{"udise":"08270403303","name":"G.P.S.NEHRA FALA","state":"RAJASTHAN","district":"DUNGARPUR","block":"SAGWARA","indicator":"no_girls_toilet"}},{"type":"Feature","geometry":{"type":"Point","coordinates":[73.76616,23.82709]},"properties":{"udise":"08270700702","name":"G.P.S. SARKAN KOPCHA-2","state":"RAJASTHAN","district":"DUNGARPUR","block":"DOVDA","indicator":"no_girls_toilet"}},{"type":"Feature","geometry":{"type":"Point","coordinates":[74.07936,23.78606]},"properties":{"udise":"08270403203","name":"MAA BADI DHANI FALA GADAVSAN","state":"RAJASTHAN","district":"DUNGARPUR","block":"SAGWARA","indicator":"no_girls_toilet"}},{"type":"Feature","geometry":{"type":"Point","coordinates":[73.42818,23.81378]},"properties":{"udise":"08270108604","name":"MAA BADI MODIYA FALA","state":"RAJASTHAN","district":"DUNGARPUR","block":"BICCHIWARA","indicator":"no_girls_toilet"}},{"type":"Feature","geometry":{"type":"Point","coordinates":[73.9208,23.3556]},"properties":{"udise":"08270605907","name":"MAA BADI DUNGRA FALA BADGAMA","state":"RAJASTHAN","district":"DUNGARPUR","block":"CHIKHALI","indicator":"no_girls_toilet"}},{"type":"Feature","geometry":{"type":"Point","coordinates":[73.69594,23.51571]},"properties":{"udise":"08270515902","name":"G.P.S.GOTHIPURA","state":"RAJASTHAN","district":"DUNGARPUR","block":"SIMALWARA","indicator":"no_girls_toilet"}},{"type":"Feature","geometry":{"type":"Point","coordinates":[74.34056,23.88795]},"properties":{"udise":"08271001702","name":"MAA BADI BAROD FALA","state":"RAJASTHAN","district":"DUNGARPUR","block":"SABLA","indicator":"no_girls_toilet"}},{"type":"Feature","geometry":{"type":"Point","coordinates":[74.1982,23.92546]},"properties":{"udise":"08271007201","name":"G.S.S.S.VANWASA","state":"RAJASTHAN","district":"DUNGARPUR","block":"SABLA","indicator":"no_girls_toilet"}},{"type":"Feature","geometry":{"type":"Point","coordinates":[73.78254,23.6135]},"properties":{"udise":"08270512001","name":"G.P.S.HOLI MANGRI","state":"RAJASTHAN","district":"DUNGARPUR","block":"SIMALWARA","indicator":"no_girls_toilet"}},{"type":"Feature","geometry":{"type":"Point","coordinates":[73.792,23.8742]},"properties":{"udise":"08270704502","name":"MAA BADI VAN GHATI FALA KESARPURA","state":"RAJASTHAN","district":"DUNGARPUR","block":"DOVDA","indicator":"no_girls_toilet"}},{"type":"Feature","geometry":{"type":"Point","coordinates":[73.75249,23.68769]},"properties":{"udise":"08270904919","name":"MAA BADI PS MODIYA FALA","state":"RAJASTHAN","district":"DUNGARPUR","block":"JHONTHARI","indicator":"no_girls_toilet"}},{"type":"Feature","geometry":{"type":"Point","coordinates":[74.00294,23.66501]},"properties":{"udise":"08270419401","name":"G.P.S.MADKOLA","state":"RAJASTHAN","district":"DUNGARPUR","block":"SAGWARA","indicator":"no_girls_toilet"}},{"type":"Feature","geometry":{"type":"Point","coordinates":[74.02865,23.65469]},"properties":{"udise":"08270418303","name":"G.P.S.LAMBA DUNGARA","state":"RAJASTHAN","district":"DUNGARPUR","block":"SAGWARA","indicator":"no_girls_toilet"}},{"type":"Feature","geometry":{"type":"Point","coordinates":[73.90524,23.4975]},"properties":{"udise":"08270603807","name":"MAA BADI PS RANA FALA PANCHKUNDI","state":"RAJASTHAN","district":"DUNGARPUR","block":"CHIKHALI","indicator":"no_girls_toilet"}},{"type":"Feature","geometry":{"type":"Point","coordinates":[73.71378,23.68161]},"properties":{"udise":"08270904006","name":"MAHATMA GANDHI GOVT. SCHOOL BADGA","state":"RAJASTHAN","district":"DUNGARPUR","block":"JHONTHARI","indicator":"no_girls_toilet"}},{"type":"Feature","geometry":{"type":"Point","coordinates":[74.00533,23.69304]},"properties":{"udise":"08270412407","name":"G.SANKRIT P.S.MAVITA","state":"RAJASTHAN","district":"DUNGARPUR","block":"SAGWARA","indicator":"no_girls_toilet"}},{"type":"Feature","geometry":{"type":"Point","coordinates":[73.68967,23.60168]},"properties":{"udise":"08270900914","name":"G.U.P.S. GOIYA FALA","state":"RAJASTHAN","district":"DUNGARPUR","block":"JHONTHARI","indicator":"no_girls_toilet"}},{"type":"Feature","geometry":{"type":"Point","coordinates":[74.10352,23.92966]},"properties":{"udise":"08270306309","name":"G.P.S. DHANDFALA RAYKI","state":"RAJASTHAN","district":"DUNGARPUR","block":"ASPUR","indicator":"no_girls_toilet"}},{"type":"Feature","geometry":{"type":"Point","coordinates":[73.6886,23.85208]},"properties":{"udise":"08270224507","name":"G.M.P.RES.SEC.SCH SURPUR","state":"RAJASTHAN","district":"DUNGARPUR","block":"DUNGARPUR","indicator":"no_girls_toilet"}},{"type":"Feature","geometry":{"type":"Point","coordinates":[73.99851,23.63022]},"properties":{"udise":"08270402504","name":"G.S.SEC.S.GHOTAD","state":"RAJASTHAN","district":"DUNGARPUR","block":"SAGWARA","indicator":"no_girls_toilet"}},{"type":"Feature","geometry":{"type":"Point","coordinates":[74.2092,23.90112]},"properties":{"udise":"08271003805","name":"MAA BADI BHERAVJI FALA PADRA","state":"RAJASTHAN","district":"DUNGARPUR","block":"SABLA","indicator":"no_girls_toilet"}},{"type":"Feature","geometry":{"type":"Point","coordinates":[73.87636,23.38517]},"properties":{"udise":"08270606105","name":"MAA BADI PSK GARADA FALA","state":"RAJASTHAN","district":"DUNGARPUR","block":"CHIKHALI","indicator":"no_girls_toilet"}},{"type":"Feature","geometry":{"type":"Point","coordinates":[73.80552,23.66012]},"properties":{"udise":"08270907104","name":"G.U.P.S.KALI GHATI","state":"RAJASTHAN","district":"DUNGARPUR","block":"JHONTHARI","indicator":"no_girls_toilet"}},{"type":"Feature","geometry":{"type":"Point","coordinates":[73.86409,23.54017]},"properties":{"udise":"08270601005","name":"MAA BADI KHAR MALI FALA","state":"RAJASTHAN","district":"DUNGARPUR","block":"CHIKHALI","indicator":"no_girls_toilet"}},{"type":"Feature","geometry":{"type":"Point","coordinates":[73.52848,23.89217]},"properties":{"udise":"08270106201","name":"G.P.S.AMLIYA","state":"RAJASTHAN","district":"DUNGARPUR","block":"BICCHIWARA","indicator":"no_girls_toilet"}},{"type":"Feature","geometry":{"type":"Point","coordinates":[74.184,23.5654]},"properties":{"udise":"08271005513","name":"MAA BADI DHANA MANGRI LAPANIYA PAROLIYA","state":"RAJASTHAN","district":"DUNGARPUR","block":"SABLA","indicator":"no_girls_toilet"}},{"type":"Feature","geometry":{"type":"Point","coordinates":[73.70551,23.89942]},"properties":{"udise":"08270209601","name":"G.SER.SEC.SCH. CHHELA","state":"RAJASTHAN","district":"DUNGARPUR","block":"DUNGARPUR","indicator":"no_girls_toilet"}},{"type":"Feature","geometry":{"type":"Point","coordinates":[73.72437,23.64512]},"properties":{"udise":"08270900604","name":"MAA BADI KANKODI FALA RATA GHAATA","state":"RAJASTHAN","district":"DUNGARPUR","block":"JHONTHARI","indicator":"no_girls_toilet"}},{"type":"Feature","geometry":{"type":"Point","coordinates":[73.81897,23.62648]},"properties":{"udise":"08270907101","name":"G.P.S.KODALA","state":"RAJASTHAN","district":"DUNGARPUR","block":"JHONTHARI","indicator":"no_girls_toilet"}},{"type":"Feature","geometry":{"type":"Point","coordinates":[74.04541,23.7152]},"properties":{"udise":"08270403307","name":"M.P.SEC.S. SAMLIYA","state":"RAJASTHAN","district":"DUNGARPUR","block":"SAGWARA","indicator":"no_girls_toilet"}},{"type":"Feature","geometry":{"type":"Point","coordinates":[74.05966,23.64375]},"properties":{"udise":"08270401216","name":"MAA BADI SUTHARIYA FALA JETHANA","state":"RAJASTHAN","district":"DUNGARPUR","block":"SAGWARA","indicator":"no_girls_toilet"}},{"type":"Feature","geometry":{"type":"Point","coordinates":[73.68131,23.69636]},"properties":{"udise":"08270902701","name":"G.P.S. DUDHELI KA BHATRA","state":"RAJASTHAN","district":"DUNGARPUR","block":"JHONTHARI","indicator":"no_girls_toilet"}},{"type":"Feature","geometry":{"type":"Point","coordinates":[73.41159,23.79031]},"properties":{"udise":"08270108310","name":"MAA BADI TABIYAD FALA GED","state":"RAJASTHAN","district":"DUNGARPUR","block":"BICCHIWARA","indicator":"no_girls_toilet"}},{"type":"Feature","geometry":{"type":"Point","coordinates":[74.00951,23.6241]},"properties":{"udise":"08270402701","name":"G.P.S.KASHIPURI","state":"RAJASTHAN","district":"DUNGARPUR","block":"SAGWARA","indicator":"no_girls_toilet"}},{"type":"Feature","geometry":{"type":"Point","coordinates":[74.09534,23.71994]},"properties":{"udise":"08270406703","name":"G.SR.SEC.S.GADAJHUMJI","state":"RAJASTHAN","district":"DUNGARPUR","block":"SAGWARA","indicator":"no_girls_toilet"}},{"type":"Feature","geometry":{"type":"Point","coordinates":[73.82992,23.86925]},"properties":{"udise":"08270207304","name":"G.P.S. AHARI FALA","state":"RAJASTHAN","district":"DUNGARPUR","block":"DUNGARPUR","indicator":"no_girls_toilet"}},{"type":"Feature","geometry":{"type":"Point","coordinates":[74.3147,23.92342]},"properties":{"udise":"08271002102","name":"MAA BADI TALAB FALA DUNGLAI","state":"RAJASTHAN","district":"DUNGARPUR","block":"SABLA","indicator":"no_girls_toilet"}},{"type":"Feature","geometry":{"type":"Point","coordinates":[73.99407,23.87032]},"properties":{"udise":"08270304702","name":"G.P.S.ANELA","state":"RAJASTHAN","district":"DUNGARPUR","block":"ASPUR","indicator":"no_girls_toilet"}},{"type":"Feature","geometry":{"type":"Point","coordinates":[74.06052,23.60564]},"properties":{"udise":"08270413002","name":"MAA BADI KATARA FALA KANPUR","state":"RAJASTHAN","district":"DUNGARPUR","block":"SAGWARA","indicator":"no_girls_toilet"}},{"type":"Feature","geometry":{"type":"Point","coordinates":[74.04017,23.65013]},"properties":{"udise":"08270418301","name":"GOVT SR.SEC.SCHOOL NO 6 TALAIYA","state":"RAJASTHAN","district":"DUNGARPUR","block":"SAGWARA","indicator":"no_girls_toilet"}},{"type":"Feature","geometry":{"type":"Point","coordinates":[73.97881,23.61462]},"properties":{"udise":"08270402409","name":"G.SR.SEC.SCH.KHADAGADA","state":"RAJASTHAN","district":"DUNGARPUR","block":"SAGWARA","indicator":"no_girls_toilet"}},{"type":"Feature","geometry":{"type":"Point","coordinates":[73.84648,23.59924]},"properties":{"udise":"08270503713","name":"MAA BADI PANIYARI TANDA SUJATALAI BANSIYA","state":"RAJASTHAN","district":"DUNGARPUR","block":"SIMALWARA","indicator":"no_girls_toilet"}},{"type":"Feature","geometry":{"type":"Point","coordinates":[73.83062,23.6674]},"properties":{"udise":"08270904305","name":"MAA BADI KAKRI DUNGRI DOL KUNJELA","state":"RAJASTHAN","district":"DUNGARPUR","block":"JHONTHARI","indicator":"no_girls_toilet"}},{"type":"Feature","geometry":{"type":"Point","coordinates":[73.92001,23.93258]},"properties":{"udise":"08270302308","name":"G. SR. SEC.S.GANESHPUR","state":"RAJASTHAN","district":"DUNGARPUR","block":"ASPUR","indicator":"no_girls_toilet"}},{"type":"Feature","geometry":{"type":"Point","coordinates":[73.66907,23.61586]},"properties":{"udise":"08270900305","name":"MAA BADI UPLAFALA BALVANIYA","state":"RAJASTHAN","district":"DUNGARPUR","block":"JHONTHARI","indicator":"no_girls_toilet"}},{"type":"Feature","geometry":{"type":"Point","coordinates":[73.85466,23.40069]},"properties":{"udise":"08270606208","name":"MAA BADI NICHLI SISHOT","state":"RAJASTHAN","district":"DUNGARPUR","block":"CHIKHALI","indicator":"no_girls_toilet"}},{"type":"Feature","geometry":{"type":"Point","coordinates":[73.98618,23.62872]},"properties":{"udise":"08270402602","name":"G.P.S.MEDIYA FALA (PANCHVATI)","state":"RAJASTHAN","district":"DUNGARPUR","block":"SAGWARA","indicator":"no_girls_toilet"}},{"type":"Feature","geometry":{"type":"Point","coordinates":[73.87238,23.64785]},"properties":{"udise":"08270414004","name":"G.P.S..DEKLI FALA","state":"RAJASTHAN","district":"DUNGARPUR","block":"SAGWARA","indicator":"no_girls_toilet"}},{"type":"Feature","geometry":{"type":"Point","coordinates":[74.12232,23.78116]},"properties":{"udise":"08270400702","name":"MAA BADI CHORAYA FALA KANDLA","state":"RAJASTHAN","district":"DUNGARPUR","block":"SAGWARA","indicator":"no_girls_toilet"}},{"type":"Feature","geometry":{"type":"Point","coordinates":[74.01599,23.67883]},"properties":{"udise":"08270420201","name":"G.G.SR.SEC.S.YOGENDRAGIRI SAGWARA","state":"RAJASTHAN","district":"DUNGARPUR","block":"SAGWARA","indicator":"no_girls_toilet"}},{"type":"Feature","geometry":{"type":"Point","coordinates":[73.96306,23.65883]},"properties":{"udise":"08270409302","name":"V.N.U.P.S.GAMDA BRAHMNIYA","state":"RAJASTHAN","district":"DUNGARPUR","block":"SAGWARA","indicator":"no_girls_toilet"}},{"type":"Feature","geometry":{"type":"Point","coordinates":[73.9691,23.44212]},"properties":{"udise":"08270803904","name":"MAA BADI BIYA FALA","state":"RAJASTHAN","district":"DUNGARPUR","block":"GALIYAKOT","indicator":"no_girls_toilet"}},{"type":"Feature","geometry":{"type":"Point","coordinates":[73.85757,23.65612]},"properties":{"udise":"08270414005","name":"G.P.S.CHIMBUDIYA 1","state":"RAJASTHAN","district":"DUNGARPUR","block":"SAGWARA","indicator":"no_girls_toilet"}},{"type":"Feature","geometry":{"type":"Point","coordinates":[74.03722,23.65899]},"properties":{"udise":"08270418302","name":"G.P.S.NO.8","state":"RAJASTHAN","district":"DUNGARPUR","block":"SAGWARA","indicator":"no_girls_toilet"}},{"type":"Feature","geometry":{"type":"Point","coordinates":[74.07958,23.66046]},"properties":{"udise":"08270410502","name":"G.SR.SEC.S.SEMLIYA PANDYA","state":"RAJASTHAN","district":"DUNGARPUR","block":"SAGWARA","indicator":"no_girls_toilet"}},{"type":"Feature","geometry":{"type":"Point","coordinates":[73.96445,23.956]},"properties":{"udise":"08270301504","name":"G.P.S.KALASUVON KA KUVAN","state":"RAJASTHAN","district":"DUNGARPUR","block":"ASPUR","indicator":"no_girls_toilet"}},{"type":"Feature","geometry":{"type":"Point","coordinates":[73.99672,23.44686]},"properties":{"udise":"08270804001","name":"G.U.P.S. NAINSAWA","state":"RAJASTHAN","district":"DUNGARPUR","block":"GALIYAKOT","indicator":"no_girls_toilet"}},{"type":"Feature","geometry":{"type":"Point","coordinates":[73.76845,23.75397]},"properties":{"udise":"08270708801","name":"G.U.P.S. VIRI","state":"RAJASTHAN","district":"DUNGARPUR","block":"DOVDA","indicator":"no_girls_toilet"}},{"type":"Feature","geometry":{"type":"Point","coordinates":[74.16972,23.92053]},"properties":{"udise":"08271002301","name":"G.U.P.S.GADA DASUNDI","state":"RAJASTHAN","district":"DUNGARPUR","block":"SABLA","indicator":"no_girls_toilet"}},{"type":"Feature","geometry":{"type":"Point","coordinates":[73.78581,23.70659]},"properties":{"udise":"08270905202","name":"G.P.S. SUTHARIYA MAAL","state":"RAJASTHAN","district":"DUNGARPUR","block":"JHONTHARI","indicator":"no_girls_toilet"}},{"type":"Feature","geometry":{"type":"Point","coordinates":[73.86649,23.79553]},"properties":{"udise":"08270703908","name":"MAA BADI GHATIYA GARA","state":"RAJASTHAN","district":"DUNGARPUR","block":"DOVDA","indicator":"no_girls_toilet"}},{"type":"Feature","geometry":{"type":"Point","coordinates":[73.63204,23.78955]},"properties":{"udise":"08270222905","name":"G.U.P.S.GHORAGHAT","state":"RAJASTHAN","district":"DUNGARPUR","block":"GAMDI AHARA","indicator":"no_girls_toilet"}},{"type":"Feature","geometry":{"type":"Point","coordinates":[73.83613,23.62082]},"properties":{"udise":"08270907108","name":"G.P.S.PIYOLA","state":"RAJASTHAN","district":"DUNGARPUR","block":"JHONTHARI","indicator":"no_girls_toilet"}},{"type":"Feature","geometry":{"type":"Point","coordinates":[73.6482,23.78349]},"properties":{"udise":"08270222907","name":"G.P.S. DAMOR FALA","state":"RAJASTHAN","district":"DUNGARPUR","block":"GAMDI AHARA","indicator":"no_girls_toilet"}},{"type":"Feature","geometry":{"type":"Point","coordinates":[73.7461,23.9065]},"properties":{"udise":"08270208702","name":"G.P.S. BADA FALA JHAKOL","state":"RAJASTHAN","district":"DUNGARPUR","block":"DUNGARPUR","indicator":"no_girls_toilet"}},{"type":"Feature","geometry":{"type":"Point","coordinates":[73.65878,23.64018]},"properties":{"udise":"08270900702","name":"G.P.S. NAYA TALAB","state":"RAJASTHAN","district":"DUNGARPUR","block":"JHONTHARI","indicator":"no_girls_toilet"}},{"type":"Feature","geometry":{"type":"Point","coordinates":[73.72626,23.61115]},"properties":{"udise":"08270900932","name":"MAA BADI PS YADAV BASTI","state":"RAJASTHAN","district":"DUNGARPUR","block":"JHONTHARI","indicator":"no_girls_toilet"}},{"type":"Feature","geometry":{"type":"Point","coordinates":[74.02439,23.6667]},"properties":{"udise":"08270401904","name":"MAA BADI P.E.C. RANIBILI","state":"RAJASTHAN","district":"DUNGARPUR","block":"SAGWARA","indicator":"no_girls_toilet"}},{"type":"Feature","geometry":{"type":"Point","coordinates":[73.87296,23.73373]},"properties":{"udise":"08270402006","name":"G.P.S.SURATALAIE","state":"RAJASTHAN","district":"DUNGARPUR","block":"SAGWARA","indicator":"no_girls_toilet"}},{"type":"Feature","geometry":{"type":"Point","coordinates":[73.71853,23.85848]},"properties":{"udise":"08270219201","name":"G.U.P.S.NO.14 SHIVAJI NAGAR","state":"RAJASTHAN","district":"DUNGARPUR","block":"DUNGARPUR","indicator":"no_girls_toilet"}},{"type":"Feature","geometry":{"type":"Point","coordinates":[73.60452,23.84466]},"properties":{"udise":"08270107201","name":"G.P.S.HATHOR","state":"RAJASTHAN","district":"DUNGARPUR","block":"BICCHIWARA","indicator":"no_girls_toilet"}},{"type":"Feature","geometry":{"type":"Point","coordinates":[74.26201,23.84003]},"properties":{"udise":"08271004101","name":"G.S.S.S. METHLA","state":"RAJASTHAN","district":"DUNGARPUR","block":"SABLA","indicator":"no_girls_toilet"}},{"type":"Feature","geometry":{"type":"Point","coordinates":[73.92967,23.41426]},"properties":{"udise":"08270605202","name":"MAA BADI DHUNI FALA KUNDELA","state":"RAJASTHAN","district":"DUNGARPUR","block":"CHIKHALI","indicator":"no_girls_toilet"}},{"type":"Feature","geometry":{"type":"Point","coordinates":[73.94483,23.39494]},"properties":{"udise":"08270605609","name":"MAA BADI AMLI FALA BAVDI","state":"RAJASTHAN","district":"DUNGARPUR","block":"CHIKHALI","indicator":"no_girls_toilet"}},{"type":"Feature","geometry":{"type":"Point","coordinates":[73.92678,23.75187]},"properties":{"udise":"08270405202","name":"MAA BADI BHITALAI FALA","state":"RAJASTHAN","district":"DUNGARPUR","block":"SAGWARA","indicator":"no_girls_toilet"}},{"type":"Feature","geometry":{"type":"Point","coordinates":[73.94448,23.56974]},"properties":{"udise":"08270803101","name":"G.P.S.UBLI DAHELA","state":"RAJASTHAN","district":"DUNGARPUR","block":"GALIYAKOT","indicator":"no_girls_toilet"}},{"type":"Feature","geometry":{"type":"Point","coordinates":[73.63056,23.73896]},"properties":{"udise":"08270100205","name":"G.P.S. NAKURI FALA","state":"RAJASTHAN","district":"DUNGARPUR","block":"GAMDI AHARA","indicator":"no_girls_toilet"}},{"type":"Feature","geometry":{"type":"Point","coordinates":[73.69365,23.795]},"properties":{"udise":"08270222002","name":"Govt U.P.S. GHANTA FALA","state":"RAJASTHAN","district":"DUNGARPUR","block":"DUNGARPUR","indicator":"no_girls_toilet"}},{"type":"Feature","geometry":{"type":"Point","coordinates":[73.79096,23.54373]},"properties":{"udise":"08270502207","name":"MAA BADI TALAB FALA DHODHARA","state":"RAJASTHAN","district":"DUNGARPUR","block":"SIMALWARA","indicator":"no_girls_toilet"}},{"type":"Feature","geometry":{"type":"Point","coordinates":[74.10189,23.80703]},"properties":{"udise":"08270400302","name":"MAA BADI KHOTA FALA PADA","state":"RAJASTHAN","district":"DUNGARPUR","block":"SAGWARA","indicator":"no_girls_toilet"}},{"type":"Feature","geometry":{"type":"Point","coordinates":[73.67623,23.53281]},"properties":{"udise":"08270515906","name":"MAA BADI PSK ODA FALA","state":"RAJASTHAN","district":"DUNGARPUR","block":"SIMALWARA","indicator":"no_girls_toilet"}},{"type":"Feature","geometry":{"type":"Point","coordinates":[73.98821,23.89143]},"properties":{"udise":"08270302107","name":"G.P.S..BHAMELA FALA","state":"RAJASTHAN","district":"DUNGARPUR","block":"ASPUR","indicator":"no_girls_toilet"}},{"type":"Feature","geometry":{"type":"Point","coordinates":[73.98476,23.74439]},"properties":{"udise":"08270404703","name":"MAA BADI P.E.C. BHUAVALI","state":"RAJASTHAN","district":"DUNGARPUR","block":"SAGWARA","indicator":"no_girls_toilet"}},{"type":"Feature","geometry":{"type":"Point","coordinates":[73.98025,23.64527]},"properties":{"udise":"08270410001","name":"G.SR.SEC.S.JODHPURA","state":"RAJASTHAN","district":"DUNGARPUR","block":"SAGWARA","indicator":"no_girls_toilet"}},{"type":"Feature","geometry":{"type":"Point","coordinates":[73.90685,23.63024]},"properties":{"udise":"08270413701","name":"G.P.S.NADA FALA OBRI","state":"RAJASTHAN","district":"DUNGARPUR","block":"SAGWARA","indicator":"no_girls_toilet"}},{"type":"Feature","geometry":{"type":"Point","coordinates":[74.15984,23.80817]},"properties":{"udise":"08271002005","name":"MAA BADI LAXMIPURA DOLPURA","state":"RAJASTHAN","district":"DUNGARPUR","block":"SABLA","indicator":"no_girls_toilet"}},{"type":"Feature","geometry":{"type":"Point","coordinates":[73.99354,23.44097]},"properties":{"udise":"08270804002","name":"MAA BADI PSK KANELI FALA","state":"RAJASTHAN","district":"DUNGARPUR","block":"GALIYAKOT","indicator":"no_girls_toilet"}},{"type":"Feature","geometry":{"type":"Point","coordinates":[73.59925,23.75484]},"properties":{"udise":"08270102002","name":"G.P.S. RATAPANI -2","state":"RAJASTHAN","district":"DUNGARPUR","block":"GAMDI AHARA","indicator":"no_girls_toilet"}},{"type":"Feature","geometry":{"type":"Point","coordinates":[74.02449,23.66006]},"properties":{"udise":"08270417606","name":"MGGS NO.4 SAGWARA","state":"RAJASTHAN","district":"DUNGARPUR","block":"SAGWARA","indicator":"no_girls_toilet"}},{"type":"Feature","geometry":{"type":"Point","coordinates":[73.72746,23.7864]},"properties":{"udise":"08270709410","name":"MAA BADI KOYA KUWA NAVAGHARA","state":"RAJASTHAN","district":"DUNGARPUR","block":"DOVDA","indicator":"no_girls_toilet"}},{"type":"Feature","geometry":{"type":"Point","coordinates":[73.98248,23.43956]},"properties":{"udise":"08270803903","name":"MAA BADI PSK DAMOR FALA PARDA VISHNUJI","state":"RAJASTHAN","district":"DUNGARPUR","block":"GALIYAKOT","indicator":"no_girls_toilet"}},{"type":"Feature","geometry":{"type":"Point","coordinates":[73.96313,23.52226]},"properties":{"udise":"08270804908","name":"MAA BADI RAJVEDA  RATADIYA","state":"RAJASTHAN","district":"DUNGARPUR","block":"GALIYAKOT","indicator":"no_girls_toilet"}},{"type":"Feature","geometry":{"type":"Point","coordinates":[73.55526,23.70915]},"properties":{"udise":"08270110802","name":"MAA BADI PS KODIYA GUN","state":"RAJASTHAN","district":"DUNGARPUR","block":"GAMDI AHARA","indicator":"no_girls_toilet"}},{"type":"Feature","geometry":{"type":"Point","coordinates":[73.73354,23.64239]},"properties":{"udise":"08270902502","name":"MAA BADI VEERAWADA","state":"RAJASTHAN","district":"DUNGARPUR","block":"JHONTHARI","indicator":"no_girls_toilet"}},{"type":"Feature","geometry":{"type":"Point","coordinates":[73.908,23.9107]},"properties":{"udise":"08270701701","name":"GOVT. SENIOR SECONDARY SCHOOL SATTU","state":"RAJASTHAN","district":"DUNGARPUR","block":"DOVDA","indicator":"no_girls_toilet"}},{"type":"Feature","geometry":{"type":"Point","coordinates":[74.05249,23.67369]},"properties":{"udise":"08270412506","name":"G.SR.SEC.S.AARA","state":"RAJASTHAN","district":"DUNGARPUR","block":"SAGWARA","indicator":"no_girls_toilet"}},{"type":"Feature","geometry":{"type":"Point","coordinates":[74.00314,23.85045]},"properties":{"udise":"08270305001","name":"G.SR.SEC.S. MOVAI","state":"RAJASTHAN","district":"DUNGARPUR","block":"ASPUR","indicator":"no_girls_toilet"}},{"type":"Feature","geometry":{"type":"Point","coordinates":[73.92236,23.74632]},"properties":{"udise":"08270405004","name":"GYANANJALI SEC.S. RANOLI","state":"RAJASTHAN","district":"DUNGARPUR","block":"SAGWARA","indicator":"no_girls_toilet"}},{"type":"Feature","geometry":{"type":"Point","coordinates":[73.95316,23.80692]},"properties":{"udise":"08270702505","name":"G.P.S. DHNER FALA","state":"RAJASTHAN","district":"DUNGARPUR","block":"DOVDA","indicator":"no_girls_toilet"}},{"type":"Feature","geometry":{"type":"Point","coordinates":[73.78459,23.63419]},"properties":{"udise":"08270907209","name":"MAA BADI DAMA FALA NAGARIYA PANCHELA","state":"RAJASTHAN","district":"DUNGARPUR","block":"JHONTHARI","indicator":"no_girls_toilet"}},{"type":"Feature","geometry":{"type":"Point","coordinates":[73.88837,23.71033]},"properties":{"udise":"08270421602","name":"MAA BADI E.P.C. ROATFALA KISHANPURA","state":"RAJASTHAN","district":"DUNGARPUR","block":"SAGWARA","indicator":"no_girls_toilet"}},{"type":"Feature","geometry":{"type":"Point","coordinates":[73.90224,23.88562]},"properties":{"udise":"08270704003","name":"G.P.S. DARA HATHAIE","state":"RAJASTHAN","district":"DUNGARPUR","block":"DOVDA","indicator":"no_girls_toilet"}},{"type":"Feature","geometry":{"type":"Point","coordinates":[73.95473,23.57027]},"properties":{"udise":"08270803021","name":"MAA BADI JHINJVA FALA","state":"RAJASTHAN","district":"DUNGARPUR","block":"GALIYAKOT","indicator":"no_girls_toilet"}},{"type":"Feature","geometry":{"type":"Point","coordinates":[73.98997,23.69583]},"properties":{"udise":"08270419902","name":"G.U.P.S. .BHAGELA","state":"RAJASTHAN","district":"DUNGARPUR","block":"SAGWARA","indicator":"no_girls_toilet"}},{"type":"Feature","geometry":{"type":"Point","coordinates":[73.52716,23.83938]},"properties":{"udise":"08270102807","name":"G.P.S. DAMOR FALA","state":"RAJASTHAN","district":"DUNGARPUR","block":"BICCHIWARA","indicator":"no_girls_toilet"}},{"type":"Feature","geometry":{"type":"Point","coordinates":[74.00703,23.53962]},"properties":{"udise":"08270807701","name":"GOVT. SENIOR SECONDARY SCHOOL JUITALAI","state":"RAJASTHAN","district":"DUNGARPUR","block":"GALIYAKOT","indicator":"no_girls_toilet"}},{"type":"Feature","geometry":{"type":"Point","coordinates":[73.94353,23.42075]},"properties":{"udise":"08270605503","name":"MAA BAADI PS SIRAFALA","state":"RAJASTHAN","district":"DUNGARPUR","block":"CHIKHALI","indicator":"no_girls_toilet"}},{"type":"Feature","geometry":{"type":"Point","coordinates":[73.75066,23.69409]},"properties":{"udise":"08270904901","name":"G.SR.SEC. SCHOOL JHONTHARI PAL","state":"RAJASTHAN","district":"DUNGARPUR","block":"JHONTHARI","indicator":"no_girls_toilet"}},{"type":"Feature","geometry":{"type":"Point","coordinates":[74.04636,23.78643]},"properties":{"udise":"08270402802","name":"G.P.S.DHANI KARADA","state":"RAJASTHAN","district":"DUNGARPUR","block":"SAGWARA","indicator":"no_girls_toilet"}},{"type":"Feature","geometry":{"type":"Point","coordinates":[73.44741,23.78637]},"properties":{"udise":"08270107501","name":"G.U.P.S.SEMLIYA","state":"RAJASTHAN","district":"DUNGARPUR","block":"BICCHIWARA","indicator":"no_girls_toilet"}},{"type":"Feature","geometry":{"type":"Point","coordinates":[73.43528,23.81707]},"properties":{"udise":"08270108007","name":"G.P.S. DAMOR FALA","state":"RAJASTHAN","district":"DUNGARPUR","block":"BICCHIWARA","indicator":"no_girls_toilet"}},{"type":"Feature","geometry":{"type":"Point","coordinates":[73.98936,23.77915]},"properties":{"udise":"08270403905","name":"G.P.S.BHAGAT WARA","state":"RAJASTHAN","district":"DUNGARPUR","block":"SAGWARA","indicator":"no_girls_toilet"}},{"type":"Feature","geometry":{"type":"Point","coordinates":[73.58313,23.93026]},"properties":{"udise":"08270103302","name":"G.P.S. NAVAGARA","state":"RAJASTHAN","district":"DUNGARPUR","block":"PALDEVAL","indicator":"no_girls_toilet"}},{"type":"Feature","geometry":{"type":"Point","coordinates":[73.84014,23.59775]},"properties":{"udise":"08270503702","name":"G.SR.SEC.S. BASIYA","state":"RAJASTHAN","district":"DUNGARPUR","block":"SIMALWARA","indicator":"no_girls_toilet"}},{"type":"Feature","geometry":{"type":"Point","coordinates":[74.09664,23.77556]},"properties":{"udise":"08270401103","name":"MAA BADI MAN DUNGRA NAYA TAPRA","state":"RAJASTHAN","district":"DUNGARPUR","block":"SAGWARA","indicator":"no_girls_toilet"}},{"type":"Feature","geometry":{"type":"Point","coordinates":[73.77952,23.71162]},"properties":{"udise":"08270905203","name":"G.P.S. DETKIDARA (MAAL)","state":"RAJASTHAN","district":"DUNGARPUR","block":"JHONTHARI","indicator":"no_girls_toilet"}},{"type":"Feature","geometry":{"type":"Point","coordinates":[73.86021,23.52056]},"properties":{"udise":"08270601102","name":"G.SR.SEC.S.DARIYATI","state":"RAJASTHAN","district":"DUNGARPUR","block":"CHIKHALI","indicator":"no_girls_toilet"}},{"type":"Feature","geometry":{"type":"Point","coordinates":[73.47514,23.84245]},"properties":{"udise":"08270107601","name":"MAA BADI KHARADI FALA MANDAVIYA","state":"RAJASTHAN","district":"DUNGARPUR","block":"BICCHIWARA","indicator":"no_girls_toilet"}},{"type":"Feature","geometry":{"type":"Point","coordinates":[73.97541,23.75667]},"properties":{"udise":"08270404609","name":"G.SANKRIT P.S. KOKAPUR","state":"RAJASTHAN","district":"DUNGARPUR","block":"SAGWARA","indicator":"no_girls_toilet"}},{"type":"Feature","geometry":{"type":"Point","coordinates":[73.78288,23.68876]},"properties":{"udise":"08270905209","name":"MAA BADI PATI FALA SAMITED MALL CHOKI","state":"RAJASTHAN","district":"DUNGARPUR","block":"JHONTHARI","indicator":"no_girls_toilet"}},{"type":"Feature","geometry":{"type":"Point","coordinates":[73.70119,23.86328]},"properties":{"udise":"08270209802","name":"G.PRAVE.SANSKRIT SR. SEC.MALPUR","state":"RAJASTHAN","district":"DUNGARPUR","block":"DUNGARPUR","indicator":"no_girls_toilet"}},{"type":"Feature","geometry":{"type":"Point","coordinates":[73.75843,23.69606]},"properties":{"udise":"08270904905","name":"G.P.S. BICH KA FALA","state":"RAJASTHAN","district":"DUNGARPUR","block":"JHONTHARI","indicator":"no_girls_toilet"}},{"type":"Feature","geometry":{"type":"Point","coordinates":[73.74891,23.69631]},"properties":{"udise":"08270904902","name":"MAHATMA GANDHI GOVT. SCHOOL. JHONTHARI","state":"RAJASTHAN","district":"DUNGARPUR","block":"JHONTHARI","indicator":"no_girls_toilet"}},{"type":"Feature","geometry":{"type":"Point","coordinates":[73.70991,23.71751]},"properties":{"udise":"08270901701","name":"G.U.P.S.LADSOR","state":"RAJASTHAN","district":"DUNGARPUR","block":"JHONTHARI","indicator":"no_girls_toilet"}},{"type":"Feature","geometry":{"type":"Point","coordinates":[74.11203,23.617]},"properties":{"udise":"08270411401","name":"G.U.P.S.BHILUDI","state":"RAJASTHAN","district":"DUNGARPUR","block":"SAGWARA","indicator":"no_girls_toilet"}},{"type":"Feature","geometry":{"type":"Point","coordinates":[73.95986,23.43776]},"properties":{"udise":"08270803901","name":"G.U.P.S.PARDA VISHNUJI","state":"RAJASTHAN","district":"DUNGARPUR","block":"GALIYAKOT","indicator":"girls_toilet_nonfunctional"}},{"type":"Feature","geometry":{"type":"Point","coordinates":[73.9446,23.70695]},"properties":{"udise":"08270410210","name":"G.S.SEC..S.THAKARDA","state":"RAJASTHAN","district":"DUNGARPUR","block":"SAGWARA","indicator":"girls_toilet_nonfunctional"}},{"type":"Feature","geometry":{"type":"Point","coordinates":[73.43156,23.77502]},"properties":{"udise":"08270108801","name":"G.U.P.S. MAKREDA","state":"RAJASTHAN","district":"DUNGARPUR","block":"BICCHIWARA","indicator":"girls_toilet_nonfunctional"}},{"type":"Feature","geometry":{"type":"Point","coordinates":[73.51964,23.75413]},"properties":{"udise":"08270109203","name":"G.U.P.S. HUKIMAHURI","state":"RAJASTHAN","district":"DUNGARPUR","block":"BICCHIWARA","indicator":"girls_toilet_nonfunctional"}},{"type":"Feature","geometry":{"type":"Point","coordinates":[73.45215,23.8165]},"properties":{"udise":"08270107802","name":"G.P.S. DARA FALA","state":"RAJASTHAN","district":"DUNGARPUR","block":"BICCHIWARA","indicator":"girls_toilet_nonfunctional"}},{"type":"Feature","geometry":{"type":"Point","coordinates":[73.64633,23.82907]},"properties":{"udise":"08270224805","name":"G.P.S. SUNELA FALA","state":"RAJASTHAN","district":"DUNGARPUR","block":"DUNGARPUR","indicator":"girls_toilet_nonfunctional"}},{"type":"Feature","geometry":{"type":"Point","coordinates":[74.1417,23.91434]},"properties":{"udise":"08271002901","name":"G.P.S.JASPUR BHATO KA","state":"RAJASTHAN","district":"DUNGARPUR","block":"SABLA","indicator":"girls_toilet_nonfunctional"}},{"type":"Feature","geometry":{"type":"Point","coordinates":[74.11443,23.62994]},"properties":{"udise":"08270419304","name":"G.SR.SEC..S.VAGERI","state":"RAJASTHAN","district":"DUNGARPUR","block":"SAGWARA","indicator":"girls_toilet_nonfunctional"}},{"type":"Feature","geometry":{"type":"Point","coordinates":[73.85968,23.78547]},"properties":{"udise":"08270702802","name":"G.U.P.S. DOLVAR NICHLI","state":"RAJASTHAN","district":"DUNGARPUR","block":"DOVDA","indicator":"girls_toilet_nonfunctional"}},{"type":"Feature","geometry":{"type":"Point","coordinates":[73.51985,23.89956]},"properties":{"udise":"08270106104","name":"G.P.S. DHOLKI MAHURI","state":"RAJASTHAN","district":"DUNGARPUR","block":"BICCHIWARA","indicator":"girls_toilet_nonfunctional"}},{"type":"Feature","geometry":{"type":"Point","coordinates":[73.97663,23.42551]},"properties":{"udise":"08270608101","name":"G.P.S.DAMOR FALA","state":"RAJASTHAN","district":"DUNGARPUR","block":"CHIKHALI","indicator":"girls_toilet_nonfunctional"}},{"type":"Feature","geometry":{"type":"Point","coordinates":[73.91092,23.56857]},"properties":{"udise":"08270804508","name":"G.P.S. BODA DUNGRA BHEMAI","state":"RAJASTHAN","district":"DUNGARPUR","block":"GALIYAKOT","indicator":"girls_toilet_nonfunctional"}},{"type":"Feature","geometry":{"type":"Point","coordinates":[73.71232,23.83217]},"properties":{"udise":"08270217502","name":"M.CHISHTIYA SEC. SCHOOL SEERAT COMMETTI","state":"RAJASTHAN","district":"DUNGARPUR","block":"DUNGARPUR","indicator":"girls_toilet_nonfunctional"}},{"type":"Feature","geometry":{"type":"Point","coordinates":[73.50637,23.77792]},"properties":{"udise":"08270109205","name":"G.P.S. ROT FALA","state":"RAJASTHAN","district":"DUNGARPUR","block":"BICCHIWARA","indicator":"girls_toilet_nonfunctional"}},{"type":"Feature","geometry":{"type":"Point","coordinates":[73.69363,23.92093]},"properties":{"udise":"08270209702","name":"G.P.S. KANDULA","state":"RAJASTHAN","district":"DUNGARPUR","block":"PALDEVAL","indicator":"girls_toilet_nonfunctional"}},{"type":"Feature","geometry":{"type":"Point","coordinates":[74.02103,23.6767]},"properties":{"udise":"08270417902","name":"G.G. VADEL.S.SEC.S.SAGWARA","state":"RAJASTHAN","district":"DUNGARPUR","block":"SAGWARA","indicator":"girls_toilet_nonfunctional"}},{"type":"Feature","geometry":{"type":"Point","coordinates":[73.50048,23.83825]},"properties":{"udise":"08270102902","name":"G.P.S. NANOMA FALA","state":"RAJASTHAN","district":"DUNGARPUR","block":"BICCHIWARA","indicator":"girls_toilet_nonfunctional"}},{"type":"Feature","geometry":{"type":"Point","coordinates":[74.00476,23.65358]},"properties":{"udise":"08270409002","name":"G.P.S.KANAD KUVAN","state":"RAJASTHAN","district":"DUNGARPUR","block":"SAGWARA","indicator":"girls_toilet_nonfunctional"}},{"type":"Feature","geometry":{"type":"Point","coordinates":[73.75402,23.73009]},"properties":{"udise":"08270904201","name":"G.U.P.S.DHOLKA","state":"RAJASTHAN","district":"DUNGARPUR","block":"JHONTHARI","indicator":"girls_toilet_nonfunctional"}},{"type":"Feature","geometry":{"type":"Point","coordinates":[74.26895,23.87785]},"properties":{"udise":"08271008101","name":"G.P.S..KHEDA FALA","state":"RAJASTHAN","district":"DUNGARPUR","block":"SABLA","indicator":"girls_toilet_nonfunctional"}},{"type":"Feature","geometry":{"type":"Point","coordinates":[74.0956,23.67361]},"properties":{"udise":"08270410601","name":"G.P.S..JHAMUKHAND FALA","state":"RAJASTHAN","district":"DUNGARPUR","block":"SAGWARA","indicator":"girls_toilet_nonfunctional"}},{"type":"Feature","geometry":{"type":"Point","coordinates":[73.89882,23.97206]},"properties":{"udise":"08270708101","name":"G.P.S. TORNIYAN","state":"RAJASTHAN","district":"DUNGARPUR","block":"DOVDA","indicator":"girls_toilet_nonfunctional"}},{"type":"Feature","geometry":{"type":"Point","coordinates":[73.95125,23.43513]},"properties":{"udise":"08270607905","name":"G.P.S.SHARMI FALA","state":"RAJASTHAN","district":"DUNGARPUR","block":"CHIKHALI","indicator":"girls_toilet_nonfunctional"}},{"type":"Feature","geometry":{"type":"Point","coordinates":[74.03447,23.79001]},"properties":{"udise":"08270404401","name":"G.U.P.S.DOLI (PADVA)","state":"RAJASTHAN","district":"DUNGARPUR","block":"SAGWARA","indicator":"girls_toilet_nonfunctional"}},{"type":"Feature","geometry":{"type":"Point","coordinates":[73.84089,23.74141]},"properties":{"udise":"08270702705","name":"MAA BADI RAJGADI FUTAN FALA","state":"RAJASTHAN","district":"DUNGARPUR","block":"DOVDA","indicator":"girls_toilet_nonfunctional"}},{"type":"Feature","geometry":{"type":"Point","coordinates":[74.10824,23.87139]},"properties":{"udise":"08271005310","name":"G.U.P.S.DALIYO KA WARA","state":"RAJASTHAN","district":"DUNGARPUR","block":"SABLA","indicator":"girls_toilet_nonfunctional"}},{"type":"Feature","geometry":{"type":"Point","coordinates":[73.81417,23.59164]},"properties":{"udise":"08270522707","name":"G.U.P.S BAMNIYA PHALA","state":"RAJASTHAN","district":"DUNGARPUR","block":"SIMALWARA","indicator":"girls_toilet_nonfunctional"}},{"type":"Feature","geometry":{"type":"Point","coordinates":[73.67969,23.53579]},"properties":{"udise":"08270515901","name":"G.P.S.ODA FALA","state":"RAJASTHAN","district":"DUNGARPUR","block":"SIMALWARA","indicator":"girls_toilet_nonfunctional"}},{"type":"Feature","geometry":{"type":"Point","coordinates":[74.01347,23.67083]},"properties":{"udise":"08270417001","name":"G.P.S.NO.2","state":"RAJASTHAN","district":"DUNGARPUR","block":"SAGWARA","indicator":"girls_toilet_nonfunctional"}},{"type":"Feature","geometry":{"type":"Point","coordinates":[73.96875,23.72402]},"properties":{"udise":"08270405504","name":"G.P.S.BAMBALA FALA","state":"RAJASTHAN","district":"DUNGARPUR","block":"SAGWARA","indicator":"girls_toilet_nonfunctional"}},{"type":"Feature","geometry":{"type":"Point","coordinates":[73.47728,23.73621]},"properties":{"udise":"08270110001","name":"G.P.S. KHEDAPAL","state":"RAJASTHAN","district":"DUNGARPUR","block":"BICCHIWARA","indicator":"girls_toilet_nonfunctional"}},{"type":"Feature","geometry":{"type":"Point","coordinates":[73.94825,23.41992]},"properties":{"udise":"08270604807","name":"MAA BADI PSK OJARIYA","state":"RAJASTHAN","district":"DUNGARPUR","block":"CHIKHALI","indicator":"girls_toilet_nonfunctional"}},{"type":"Feature","geometry":{"type":"Point","coordinates":[73.77515,23.74538]},"properties":{"udise":"08270904107","name":"MAA BADI PS BEDIA FALA","state":"RAJASTHAN","district":"DUNGARPUR","block":"JHONTHARI","indicator":"girls_toilet_nonfunctional"}},{"type":"Feature","geometry":{"type":"Point","coordinates":[73.87391,23.51268]},"properties":{"udise":"08270601802","name":"GOVT. PRIMARY SCHOOL TORANFALA SOHANVADLI","state":"RAJASTHAN","district":"DUNGARPUR","block":"CHIKHALI","indicator":"girls_toilet_nonfunctional"}},{"type":"Feature","geometry":{"type":"Point","coordinates":[73.57832,23.79799]},"properties":{"udise":"08270101706","name":"G.P.S. KHOTHALA PARA ii","state":"RAJASTHAN","district":"DUNGARPUR","block":"GAMDI AHARA","indicator":"girls_toilet_nonfunctional"}},{"type":"Feature","geometry":{"type":"Point","coordinates":[73.91312,23.54196]},"properties":{"udise":"08270804101","name":"S.V.N.P.S. JHOSAVA","state":"RAJASTHAN","district":"DUNGARPUR","block":"GALIYAKOT","indicator":"girls_toilet_nonfunctional"}},{"type":"Feature","geometry":{"type":"Point","coordinates":[73.54969,23.78276]},"properties":{"udise":"08270105603","name":"GOVT. UPPER PRIMARY SCHOOL GUNDIKUA","state":"RAJASTHAN","district":"DUNGARPUR","block":"BICCHIWARA","indicator":"girls_toilet_nonfunctional"}},{"type":"Feature","geometry":{"type":"Point","coordinates":[73.56862,23.78791]},"properties":{"udise":"08270101803","name":"G.P.S. .HOLI DUNGRI","state":"RAJASTHAN","district":"DUNGARPUR","block":"GAMDI AHARA","indicator":"girls_toilet_nonfunctional"}},{"type":"Feature","geometry":{"type":"Point","coordinates":[73.92579,23.4572]},"properties":{"udise":"08270606401","name":"G.P.S.PARGI FALA -I","state":"RAJASTHAN","district":"DUNGARPUR","block":"CHIKHALI","indicator":"girls_toilet_nonfunctional"}},{"type":"Feature","geometry":{"type":"Point","coordinates":[73.89582,23.91173]},"properties":{"udise":"08270704004","name":"G.P.S. GANG NALA","state":"RAJASTHAN","district":"DUNGARPUR","block":"DOVDA","indicator":"girls_toilet_nonfunctional"}},{"type":"Feature","geometry":{"type":"Point","coordinates":[73.65791,23.86208]},"properties":{"udise":"08270224705","name":"AD.G.SR.SEC.S.SUNDARPUR","state":"RAJASTHAN","district":"DUNGARPUR","block":"DUNGARPUR","indicator":"girls_toilet_nonfunctional"}},{"type":"Feature","geometry":{"type":"Point","coordinates":[73.66731,23.92512]},"properties":{"udise":"08270222802","name":"G.P.S. .AMLI GHANTI","state":"RAJASTHAN","district":"DUNGARPUR","block":"PALDEVAL","indicator":"girls_toilet_nonfunctional"}},{"type":"Feature","geometry":{"type":"Point","coordinates":[73.71182,23.45457]},"properties":{"udise":"08270513817","name":"MAA BADI TORAN FALA","state":"RAJASTHAN","district":"DUNGARPUR","block":"SIMALWARA","indicator":"girls_toilet_nonfunctional"}},{"type":"Feature","geometry":{"type":"Point","coordinates":[73.54467,23.79146]},"properties":{"udise":"08270105405","name":"M.S.N. CHHAPI","state":"RAJASTHAN","district":"DUNGARPUR","block":"BICCHIWARA","indicator":"girls_toilet_nonfunctional"}},{"type":"Feature","geometry":{"type":"Point","coordinates":[73.7113,23.46007]},"properties":{"udise":"08270513816","name":"MAA BADI PSK BADIYA FALA","state":"RAJASTHAN","district":"DUNGARPUR","block":"SIMALWARA","indicator":"girls_toilet_nonfunctional"}},{"type":"Feature","geometry":{"type":"Point","coordinates":[73.91139,23.51465]},"properties":{"udise":"08270603804","name":"G.U.P.S.NENSAVA PANCHKUNDI","state":"RAJASTHAN","district":"DUNGARPUR","block":"CHIKHALI","indicator":"girls_toilet_nonfunctional"}},{"type":"Feature","geometry":{"type":"Point","coordinates":[73.87778,23.49399]},"properties":{"udise":"08270603502","name":"MAA BADI GANDERI","state":"RAJASTHAN","district":"DUNGARPUR","block":"CHIKHALI","indicator":"girls_toilet_nonfunctional"}},{"type":"Feature","geometry":{"type":"Point","coordinates":[73.37404,23.77309]},"properties":{"udise":"08270108402","name":"GOVT. UPPER PRIMARY SCHOOL SALIYAT","state":"RAJASTHAN","district":"DUNGARPUR","block":"BICCHIWARA","indicator":"girls_toilet_nonfunctional"}},{"type":"Feature","geometry":{"type":"Point","coordinates":[73.55947,23.80061]},"properties":{"udise":"08270103503","name":"DARO.PS ANARSUVA","state":"RAJASTHAN","district":"DUNGARPUR","block":"BICCHIWARA","indicator":"girls_toilet_nonfunctional"}},{"type":"Feature","geometry":{"type":"Point","coordinates":[73.52578,23.85773]},"properties":{"udise":"08270102711","name":"R.S.PUBLIC.S.AMJHARA","state":"RAJASTHAN","district":"DUNGARPUR","block":"BICCHIWARA","indicator":"girls_toilet_nonfunctional"}},{"type":"Feature","geometry":{"type":"Point","coordinates":[73.85249,23.43184]},"properties":{"udise":"08270602301","name":"G.P.S.GHATA FALA","state":"RAJASTHAN","district":"DUNGARPUR","block":"CHIKHALI","indicator":"girls_toilet_nonfunctional"}},{"type":"Feature","geometry":{"type":"Point","coordinates":[74.16689,23.87684]},"properties":{"udise":"08271000107","name":"G.P.S. NAI BASTI MUNGED","state":"RAJASTHAN","district":"DUNGARPUR","block":"SABLA","indicator":"girls_toilet_nonfunctional"}},{"type":"Feature","geometry":{"type":"Point","coordinates":[73.78281,23.60344]},"properties":{"udise":"08270511712","name":"G.SR.SEC.S.GHUVAD","state":"RAJASTHAN","district":"DUNGARPUR","block":"SIMALWARA","indicator":"girls_toilet_nonfunctional"}},{"type":"Feature","geometry":{"type":"Point","coordinates":[73.7865,23.82705]},"properties":{"udise":"08270700102","name":"G. P.S.NAI BASTI ASELA","state":"RAJASTHAN","district":"DUNGARPUR","block":"DOVDA","indicator":"girls_toilet_nonfunctional"}},{"type":"Feature","geometry":{"type":"Point","coordinates":[73.74683,23.71131]},"properties":{"udise":"08270908001","name":"MAA BADI LAMBA KHOTA","state":"RAJASTHAN","district":"DUNGARPUR","block":"JHONTHARI","indicator":"girls_toilet_nonfunctional"}},{"type":"Feature","geometry":{"type":"Point","coordinates":[73.8848,23.45202]},"properties":{"udise":"08270602601","name":"GOVT.UPPER PRIMARY SCHOOL DEHBRA","state":"RAJASTHAN","district":"DUNGARPUR","block":"CHIKHALI","indicator":"girls_toilet_nonfunctional"}},{"type":"Feature","geometry":{"type":"Point","coordinates":[73.71145,23.45443]},"properties":{"udise":"08270513812","name":"V.B.UPS DUNKA","state":"RAJASTHAN","district":"DUNGARPUR","block":"SIMALWARA","indicator":"girls_toilet_nonfunctional"}},{"type":"Feature","geometry":{"type":"Point","coordinates":[73.52648,23.64856]},"properties":{"udise":"08270107309","name":"MAA BADI KANPUR FALA MODAR","state":"RAJASTHAN","district":"DUNGARPUR","block":"BICCHIWARA","indicator":"girls_toilet_nonfunctional"}},{"type":"Feature","geometry":{"type":"Point","coordinates":[74.02165,23.5255]},"properties":{"udise":"08270802507","name":"GOVT. GIRLS SENIOR SECONDARY SCHOOL GALIYA KOT","state":"RAJASTHAN","district":"DUNGARPUR","block":"GALIYAKOT","indicator":"girls_toilet_nonfunctional"}},{"type":"Feature","geometry":{"type":"Point","coordinates":[73.65385,23.67253]},"properties":{"udise":"08270901012","name":"NACHIKETA KIDS SCHOOL GENJI","state":"RAJASTHAN","district":"DUNGARPUR","block":"JHONTHARI","indicator":"girls_toilet_nonfunctional"}},{"type":"Feature","geometry":{"type":"Point","coordinates":[73.83015,23.75083]},"properties":{"udise":"08270702703","name":"G.P.S. GANI GHATI","state":"RAJASTHAN","district":"DUNGARPUR","block":"DOVDA","indicator":"girls_toilet_nonfunctional"}},{"type":"Feature","geometry":{"type":"Point","coordinates":[73.75818,23.72595]},"properties":{"udise":"08270904202","name":"G.P.S. DHOLKA NAI BASTI","state":"RAJASTHAN","district":"DUNGARPUR","block":"JHONTHARI","indicator":"girls_toilet_nonfunctional"}},{"type":"Feature","geometry":{"type":"Point","coordinates":[73.835,23.63017]},"properties":{"udise":"08270907117","name":"MAA BADI ROAT FALA BEDSA","state":"RAJASTHAN","district":"DUNGARPUR","block":"JHONTHARI","indicator":"girls_toilet_nonfunctional"}},{"type":"Feature","geometry":{"type":"Point","coordinates":[73.82651,23.84237]},"properties":{"udise":"08270206106","name":"MAA BADI PS SIDARI","state":"RAJASTHAN","district":"DUNGARPUR","block":"DUNGARPUR","indicator":"girls_toilet_nonfunctional"}},{"type":"Feature","geometry":{"type":"Point","coordinates":[74.04146,23.60659]},"properties":{"udise":"08270800404","name":"G.U.P.S. BHILVA DUNGRI","state":"RAJASTHAN","district":"DUNGARPUR","block":"GALIYAKOT","indicator":"girls_toilet_nonfunctional"}},{"type":"Feature","geometry":{"type":"Point","coordinates":[73.57052,23.84502]},"properties":{"udise":"08270103905","name":"G.P.S. FOOTA TALAB","state":"RAJASTHAN","district":"DUNGARPUR","block":"BICCHIWARA","indicator":"girls_toilet_nonfunctional"}},{"type":"Feature","geometry":{"type":"Point","coordinates":[73.7178,23.61136]},"properties":{"udise":"08270900928","name":"S.V.N.P.S. GANDHWAPAL","state":"RAJASTHAN","district":"DUNGARPUR","block":"JHONTHARI","indicator":"girls_toilet_nonfunctional"}},{"type":"Feature","geometry":{"type":"Point","coordinates":[73.73749,23.73042]},"properties":{"udise":"08270906601","name":"G.P.S. PATIYO KA BANGA","state":"RAJASTHAN","district":"DUNGARPUR","block":"JHONTHARI","indicator":"girls_toilet_nonfunctional"}},{"type":"Feature","geometry":{"type":"Point","coordinates":[73.57764,23.95205]},"properties":{"udise":"08270221103","name":"G.P.S. RAFRA FALA","state":"RAJASTHAN","district":"DUNGARPUR","block":"PALDEVAL","indicator":"girls_toilet_nonfunctional"}},{"type":"Feature","geometry":{"type":"Point","coordinates":[73.5437,23.77625]},"properties":{"udise":"08270105406","name":"G.P.S. OJAT FALA CHHAPI","state":"RAJASTHAN","district":"DUNGARPUR","block":"BICCHIWARA","indicator":"girls_toilet_nonfunctional"}},{"type":"Feature","geometry":{"type":"Point","coordinates":[73.98976,23.428]},"properties":{"udise":"08270608201","name":"G.P.S.AMLI FALA","state":"RAJASTHAN","district":"DUNGARPUR","block":"CHIKHALI","indicator":"girls_toilet_nonfunctional"}},{"type":"Feature","geometry":{"type":"Point","coordinates":[73.40236,23.78429]},"properties":{"udise":"08270108309","name":"MAA BADI NAI BASTI MANAT FALA","state":"RAJASTHAN","district":"DUNGARPUR","block":"BICCHIWARA","indicator":"girls_toilet_nonfunctional"}},{"type":"Feature","geometry":{"type":"Point","coordinates":[73.41262,23.79673]},"properties":{"udise":"08270108602","name":"G.P.S. PARMAR FALA","state":"RAJASTHAN","district":"DUNGARPUR","block":"BICCHIWARA","indicator":"girls_toilet_nonfunctional"}},{"type":"Feature","geometry":{"type":"Point","coordinates":[73.8495,23.87178]},"properties":{"udise":"08270703404","name":"G.U.P.S. MASANIYA","state":"RAJASTHAN","district":"DUNGARPUR","block":"DOVDA","indicator":"girls_toilet_nonfunctional"}},{"type":"Feature","geometry":{"type":"Point","coordinates":[73.68789,23.82604]},"properties":{"udise":"08270221303","name":"G.P.S. KETAN FALA","state":"RAJASTHAN","district":"DUNGARPUR","block":"DUNGARPUR","indicator":"girls_toilet_nonfunctional"}},{"type":"Feature","geometry":{"type":"Point","coordinates":[73.54372,23.83613]},"properties":{"udise":"08270118501","name":"G.P.S.BHAGORA FALA","state":"RAJASTHAN","district":"DUNGARPUR","block":"BICCHIWARA","indicator":"girls_toilet_nonfunctional"}},{"type":"Feature","geometry":{"type":"Point","coordinates":[73.74111,23.45971]},"properties":{"udise":"08270514301","name":"G.P.S.VAGPURA","state":"RAJASTHAN","district":"DUNGARPUR","block":"SIMALWARA","indicator":"girls_toilet_nonfunctional"}},{"type":"Feature","geometry":{"type":"Point","coordinates":[73.74169,23.61317]},"properties":{"udise":"08270907801","name":"G.P.S.GUNDIGHATA","state":"RAJASTHAN","district":"DUNGARPUR","block":"JHONTHARI","indicator":"girls_toilet_nonfunctional"}},{"type":"Feature","geometry":{"type":"Point","coordinates":[73.88904,23.73667]},"properties":{"udise":"08270402007","name":"G.P.S.FOOLOR","state":"RAJASTHAN","district":"DUNGARPUR","block":"SAGWARA","indicator":"girls_toilet_nonfunctional"}},{"type":"Feature","geometry":{"type":"Point","coordinates":[74.05966,23.64375]},"properties":{"udise":"08270401215","name":"G.SR.SEC.SCH JETHANA","state":"RAJASTHAN","district":"DUNGARPUR","block":"SAGWARA","indicator":"girls_toilet_nonfunctional"}},{"type":"Feature","geometry":{"type":"Point","coordinates":[73.71009,23.83167]},"properties":{"udise":"08270217501","name":"G.U.P.S.HARIJAN BASTI DUNGARPU","state":"RAJASTHAN","district":"DUNGARPUR","block":"DUNGARPUR","indicator":"girls_toilet_nonfunctional"}},{"type":"Feature","geometry":{"type":"Point","coordinates":[73.415,23.82183]},"properties":{"udise":"08270108202","name":"G.P.S. VAKI VADLI FALA","state":"RAJASTHAN","district":"DUNGARPUR","block":"BICCHIWARA","indicator":"girls_toilet_nonfunctional"}},{"type":"Feature","geometry":{"type":"Point","coordinates":[73.89273,23.92901]},"properties":{"udise":"08270705102","name":"G.P.S. MOLAIE FALA KHAMPUR","state":"RAJASTHAN","district":"DUNGARPUR","block":"DOVDA","indicator":"girls_toilet_nonfunctional"}},{"type":"Feature","geometry":{"type":"Point","coordinates":[73.7806,23.53514]},"properties":{"udise":"08270600501","name":"G.P.S.JHANJARI","state":"RAJASTHAN","district":"DUNGARPUR","block":"CHIKHALI","indicator":"girls_toilet_nonfunctional"}},{"type":"Feature","geometry":{"type":"Point","coordinates":[73.91695,23.48281]},"properties":{"udise":"08270606702","name":"G.P.S.NAI BASTI BHAGA TALAB","state":"RAJASTHAN","district":"DUNGARPUR","block":"CHIKHALI","indicator":"girls_toilet_nonfunctional"}},{"type":"Feature","geometry":{"type":"Point","coordinates":[74.0768,23.95331]},"properties":{"udise":"08270300103","name":"G. U. P.S.ASPUR","state":"RAJASTHAN","district":"DUNGARPUR","block":"ASPUR","indicator":"girls_toilet_nonfunctional"}},{"type":"Feature","geometry":{"type":"Point","coordinates":[73.36355,23.79394]},"properties":{"udise":"08270108407","name":"G.P.S. MAHUDARA FALA PALI SODA","state":"RAJASTHAN","district":"DUNGARPUR","block":"BICCHIWARA","indicator":"girls_toilet_nonfunctional"}},{"type":"Feature","geometry":{"type":"Point","coordinates":[73.52819,23.76586]},"properties":{"udise":"08270109204","name":"G.P.S. DHANADRA DHAMOD","state":"RAJASTHAN","district":"DUNGARPUR","block":"BICCHIWARA","indicator":"girls_toilet_nonfunctional"}},{"type":"Feature","geometry":{"type":"Point","coordinates":[74.10996,23.82879]},"properties":{"udise":"08271001305","name":"G. SR. SEC.S. BODIGAMA CHHOTA","state":"RAJASTHAN","district":"DUNGARPUR","block":"SABLA","indicator":"girls_toilet_nonfunctional"}},{"type":"Feature","geometry":{"type":"Point","coordinates":[73.78211,23.69971]},"properties":{"udise":"08270905206","name":"MAA BADI PS MATAJIFALA BAVDI KHEDA","state":"RAJASTHAN","district":"DUNGARPUR","block":"JHONTHARI","indicator":"girls_toilet_nonfunctional"}},{"type":"Feature","geometry":{"type":"Point","coordinates":[73.88367,23.41085]},"properties":{"udise":"08270605810","name":"MAA BADI PSK MAHUDI PADA","state":"RAJASTHAN","district":"DUNGARPUR","block":"CHIKHALI","indicator":"girls_toilet_nonfunctional"}},{"type":"Feature","geometry":{"type":"Point","coordinates":[74.09466,23.96016]},"properties":{"udise":"08270300410","name":"PACIFIC PUB. SR.SECONDARY SCHOOL GOL, ASPUR","state":"RAJASTHAN","district":"DUNGARPUR","block":"ASPUR","indicator":"girls_toilet_nonfunctional"}},{"type":"Feature","geometry":{"type":"Point","coordinates":[74.08796,23.77533]},"properties":{"udise":"08270401402","name":"G.P.S.JHAAL DUNGRA","state":"RAJASTHAN","district":"DUNGARPUR","block":"SAGWARA","indicator":"girls_toilet_nonfunctional"}},{"type":"Feature","geometry":{"type":"Point","coordinates":[73.95152,23.46403]},"properties":{"udise":"08270606901","name":"G.P.S.KATARA FALA","state":"RAJASTHAN","district":"DUNGARPUR","block":"CHIKHALI","indicator":"girls_toilet_nonfunctional"}},{"type":"Feature","geometry":{"type":"Point","coordinates":[73.53095,23.82061]},"properties":{"udise":"08270102802","name":"G.U.P.S.MALI FALA","state":"RAJASTHAN","district":"DUNGARPUR","block":"BICCHIWARA","indicator":"girls_toilet_nonfunctional"}},{"type":"Feature","geometry":{"type":"Point","coordinates":[73.92897,23.66695]},"properties":{"udise":"08270413903","name":"G.SEN.SEC.S.GADA VEJNIYA","state":"RAJASTHAN","district":"DUNGARPUR","block":"SAGWARA","indicator":"girls_toilet_nonfunctional"}},{"type":"Feature","geometry":{"type":"Point","coordinates":[73.78945,23.69883]},"properties":{"udise":"08270905301","name":"G.U.P.S. BAVDI KHEDA","state":"RAJASTHAN","district":"DUNGARPUR","block":"JHONTHARI","indicator":"girls_toilet_nonfunctional"}},{"type":"Feature","geometry":{"type":"Point","coordinates":[73.55787,23.7796]},"properties":{"udise":"08270105604","name":"G.P.S. POTLAPANA","state":"RAJASTHAN","district":"DUNGARPUR","block":"BICCHIWARA","indicator":"girls_toilet_nonfunctional"}},{"type":"Feature","geometry":{"type":"Point","coordinates":[73.79968,23.72784]},"properties":{"udise":"08270905604","name":"MAA BADI PS DAMOR FALA","state":"RAJASTHAN","district":"DUNGARPUR","block":"JHONTHARI","indicator":"girls_toilet_nonfunctional"}},{"type":"Feature","geometry":{"type":"Point","coordinates":[73.58248,23.85883]},"properties":{"udise":"08270104107","name":"G.P.S. KHANKURVA FALA","state":"RAJASTHAN","district":"DUNGARPUR","block":"BICCHIWARA","indicator":"girls_toilet_nonfunctional"}},{"type":"Feature","geometry":{"type":"Point","coordinates":[73.77231,23.83856]},"properties":{"udise":"08270707401","name":"G.U.P.S. SARKAN SAI","state":"RAJASTHAN","district":"DUNGARPUR","block":"DOVDA","indicator":"girls_toilet_nonfunctional"}},{"type":"Feature","geometry":{"type":"Point","coordinates":[73.83186,23.73249]},"properties":{"udise":"08270700208","name":"MAA BADI JHALARI AMABADARA FALA","state":"RAJASTHAN","district":"DUNGARPUR","block":"DOVDA","indicator":"girls_toilet_nonfunctional"}},{"type":"Feature","geometry":{"type":"Point","coordinates":[73.47998,23.72931]},"properties":{"udise":"08270110102","name":"G.P.S. BHATIJI MANDIR","state":"RAJASTHAN","district":"DUNGARPUR","block":"BICCHIWARA","indicator":"girls_toilet_nonfunctional"}},{"type":"Feature","geometry":{"type":"Point","coordinates":[74.00814,23.86757]},"properties":{"udise":"08270304604","name":"G.P.S.SUPDA FALA","state":"RAJASTHAN","district":"DUNGARPUR","block":"ASPUR","indicator":"girls_toilet_nonfunctional"}},{"type":"Feature","geometry":{"type":"Point","coordinates":[73.47903,23.75756]},"properties":{"udise":"08270110401","name":"G.P.S.LEHNA","state":"RAJASTHAN","district":"DUNGARPUR","block":"BICCHIWARA","indicator":"girls_toilet_nonfunctional"}},{"type":"Feature","geometry":{"type":"Point","coordinates":[74.00029,23.9059]},"properties":{"udise":"08270305503","name":"G.SEC.SCH. KANTHARI","state":"RAJASTHAN","district":"DUNGARPUR","block":"ASPUR","indicator":"girls_toilet_nonfunctional"}},{"type":"Feature","geometry":{"type":"Point","coordinates":[74.06229,23.79906]},"properties":{"udise":"08270403002","name":"G.SR.SEC.S.JHANKHARI","state":"RAJASTHAN","district":"DUNGARPUR","block":"SAGWARA","indicator":"girls_toilet_nonfunctional"}},{"type":"Feature","geometry":{"type":"Point","coordinates":[73.47231,23.7119]},"properties":{"udise":"08270109801","name":"G.P.S.DHARMA ODI","state":"RAJASTHAN","district":"DUNGARPUR","block":"BICCHIWARA","indicator":"girls_toilet_nonfunctional"}},{"type":"Feature","geometry":{"type":"Point","coordinates":[74.25027,23.83878]},"properties":{"udise":"08271000703","name":"MAA BADI MATA JI FALA BHIMRODA","state":"RAJASTHAN","district":"DUNGARPUR","block":"SABLA","indicator":"girls_toilet_nonfunctional"}},{"type":"Feature","geometry":{"type":"Point","coordinates":[73.81643,23.64553]},"properties":{"udise":"08270907118","name":"MAA BADI UMARIYA FALA BEDSA","state":"RAJASTHAN","district":"DUNGARPUR","block":"JHONTHARI","indicator":"girls_toilet_nonfunctional"}},{"type":"Feature","geometry":{"type":"Point","coordinates":[74.31753,23.89328]},"properties":{"udise":"08271006401","name":"G.U.P.S. SARANGI","state":"RAJASTHAN","district":"DUNGARPUR","block":"SABLA","indicator":"girls_toilet_nonfunctional"}},{"type":"Feature","geometry":{"type":"Point","coordinates":[73.53969,23.71884]},"properties":{"udise":"08270110805","name":"G.P.S. UNTWALI DUNGARI","state":"RAJASTHAN","district":"DUNGARPUR","block":"GAMDI AHARA","indicator":"girls_toilet_nonfunctional"}},{"type":"Feature","geometry":{"type":"Point","coordinates":[73.57427,23.86846]},"properties":{"udise":"08270104110","name":"S.V.  SCHOOL SABLI","state":"RAJASTHAN","district":"DUNGARPUR","block":"BICCHIWARA","indicator":"girls_toilet_nonfunctional"}},{"type":"Feature","geometry":{"type":"Point","coordinates":[73.745,23.49221]},"properties":{"udise":"08270514204","name":"G.SR.SEC.S.BHACHADIYA","state":"RAJASTHAN","district":"DUNGARPUR","block":"SIMALWARA","indicator":"girls_toilet_nonfunctional"}},{"type":"Feature","geometry":{"type":"Point","coordinates":[73.57809,23.84577]},"properties":{"udise":"08270103903","name":"G.P.S.VGAT FALA","state":"RAJASTHAN","district":"DUNGARPUR","block":"BICCHIWARA","indicator":"girls_toilet_nonfunctional"}},{"type":"Feature","geometry":{"type":"Point","coordinates":[73.77571,23.7962]},"properties":{"udise":"08270705310","name":"MAA BADI PS NAIBASTI RANIGATA","state":"RAJASTHAN","district":"DUNGARPUR","block":"DOVDA","indicator":"girls_toilet_nonfunctional"}},{"type":"Feature","geometry":{"type":"Point","coordinates":[73.43997,23.76479]},"properties":{"udise":"08270107401","name":"G.U.P.S.PUNARAWARA","state":"RAJASTHAN","district":"DUNGARPUR","block":"BICCHIWARA","indicator":"girls_toilet_nonfunctional"}},{"type":"Feature","geometry":{"type":"Point","coordinates":[74.1279,23.98704]},"properties":{"udise":"08270307001","name":"G.U.P.S GADA NATHJI","state":"RAJASTHAN","district":"DUNGARPUR","block":"ASPUR","indicator":"girls_toilet_nonfunctional"}},{"type":"Feature","geometry":{"type":"Point","coordinates":[73.81048,23.57018]},"properties":{"udise":"08270502301","name":"G.P.S.KOTED FALA","state":"RAJASTHAN","district":"DUNGARPUR","block":"SIMALWARA","indicator":"girls_toilet_nonfunctional"}},{"type":"Feature","geometry":{"type":"Point","coordinates":[74.25699,23.88931]},"properties":{"udise":"08271001413","name":"MAA BADI MACHLAIYA FALA RICCHA","state":"RAJASTHAN","district":"DUNGARPUR","block":"SABLA","indicator":"girls_toilet_nonfunctional"}},{"type":"Feature","geometry":{"type":"Point","coordinates":[73.71579,23.45295]},"properties":{"udise":"08270513807","name":"G.SR.SEC.S.DUNKA","state":"RAJASTHAN","district":"DUNGARPUR","block":"SIMALWARA","indicator":"girls_toilet_nonfunctional"}},{"type":"Feature","geometry":{"type":"Point","coordinates":[74.07595,23.79946]},"properties":{"udise":"08270403001","name":"GOVT. PRIMARY SCHOOL JHALVA FALA","state":"RAJASTHAN","district":"DUNGARPUR","block":"SAGWARA","indicator":"girls_toilet_nonfunctional"}},{"type":"Feature","geometry":{"type":"Point","coordinates":[73.9987,23.95512]},"properties":{"udise":"08270301302","name":"G.P.S. WARA KUNDLI","state":"RAJASTHAN","district":"DUNGARPUR","block":"ASPUR","indicator":"girls_toilet_nonfunctional"}},{"type":"Feature","geometry":{"type":"Point","coordinates":[74.10475,23.95613]},"properties":{"udise":"08270315601","name":"GOVT.SR.SEC.SCHOOL DHANELA","state":"RAJASTHAN","district":"DUNGARPUR","block":"ASPUR","indicator":"girls_toilet_nonfunctional"}},{"type":"Feature","geometry":{"type":"Point","coordinates":[74.11467,23.96121]},"properties":{"udise":"08270315701","name":"G.P.S..CCHHAPARIYA","state":"RAJASTHAN","district":"DUNGARPUR","block":"ASPUR","indicator":"girls_toilet_nonfunctional"}},{"type":"Feature","geometry":{"type":"Point","coordinates":[73.89402,23.63733]},"properties":{"udise":"08270413709","name":"G.P.S. BENA FALA","state":"RAJASTHAN","district":"DUNGARPUR","block":"SAGWARA","indicator":"girls_toilet_nonfunctional"}},{"type":"Feature","geometry":{"type":"Point","coordinates":[73.90054,23.47039]},"properties":{"udise":"08270603409","name":"SHREE JEE PUB.UPS.KUNVA","state":"RAJASTHAN","district":"DUNGARPUR","block":"CHIKHALI","indicator":"girls_toilet_nonfunctional"}},{"type":"Feature","geometry":{"type":"Point","coordinates":[73.82131,23.56357]},"properties":{"udise":"08270600702","name":"MAHATMA GANDHI GOVT SCHOOL BHANDARA BODAMALI","state":"RAJASTHAN","district":"DUNGARPUR","block":"CHIKHALI","indicator":"girls_toilet_nonfunctional"}},{"type":"Feature","geometry":{"type":"Point","coordinates":[74.02078,23.51763]},"properties":{"udise":"08270802513","name":"S.V.N.CS SEC GALIYKOT","state":"RAJASTHAN","district":"DUNGARPUR","block":"GALIYAKOT","indicator":"girls_toilet_nonfunctional"}},{"type":"Feature","geometry":{"type":"Point","coordinates":[73.98773,23.49294]},"properties":{"udise":"08270806901","name":"G.P.S.PANVA FALA","state":"RAJASTHAN","district":"DUNGARPUR","block":"GALIYAKOT","indicator":"girls_toilet_nonfunctional"}},{"type":"Feature","geometry":{"type":"Point","coordinates":[73.97786,23.43707]},"properties":{"udise":"08270803802","name":"G.P.S. DAMAFALA","state":"RAJASTHAN","district":"DUNGARPUR","block":"GALIYAKOT","indicator":"girls_toilet_nonfunctional"}},{"type":"Feature","geometry":{"type":"Point","coordinates":[73.69946,23.46426]},"properties":{"udise":"08270514102","name":"MAA BADI ODHA FALA","state":"RAJASTHAN","district":"DUNGARPUR","block":"SIMALWARA","indicator":"girls_toilet_nonfunctional"}},{"type":"Feature","geometry":{"type":"Point","coordinates":[73.66873,23.8612]},"properties":{"udise":"08270221601","name":"G.P.S.DHUNVALIYA","state":"RAJASTHAN","district":"DUNGARPUR","block":"DUNGARPUR","indicator":"girls_toilet_nonfunctional"}},{"type":"Feature","geometry":{"type":"Point","coordinates":[73.60522,23.83225]},"properties":{"udise":"08270220617","name":"MAA BADI VEEDA FALA BALWADA","state":"RAJASTHAN","district":"DUNGARPUR","block":"DUNGARPUR","indicator":"girls_toilet_nonfunctional"}},{"type":"Feature","geometry":{"type":"Point","coordinates":[73.65848,23.78734]},"properties":{"udise":"08270222607","name":"G.U.P.S. BALWARA WARD NO.7 & 9","state":"RAJASTHAN","district":"DUNGARPUR","block":"DUNGARPUR","indicator":"girls_toilet_nonfunctional"}},{"type":"Feature","geometry":{"type":"Point","coordinates":[73.70632,23.78327]},"properties":{"udise":"08270221402","name":"GOVT. PRIMARY SCHOOL KUNDI FALA","state":"RAJASTHAN","district":"DUNGARPUR","block":"DUNGARPUR","indicator":"girls_toilet_nonfunctional"}},{"type":"Feature","geometry":{"type":"Point","coordinates":[73.70513,23.61706]},"properties":{"udise":"08270900920","name":"G.U.P.S. KIKOLA FALA","state":"RAJASTHAN","district":"DUNGARPUR","block":"JHONTHARI","indicator":"girls_toilet_nonfunctional"}},{"type":"Feature","geometry":{"type":"Point","coordinates":[73.53142,23.92147]},"properties":{"udise":"08270103210","name":"G.P.S. BEDAWALI GHATI","state":"RAJASTHAN","district":"DUNGARPUR","block":"PALDEVAL","indicator":"girls_toilet_nonfunctional"}},{"type":"Feature","geometry":{"type":"Point","coordinates":[73.79952,23.71784]},"properties":{"udise":"08270905605","name":"MAA BADI PS KATARA FALA SURATA","state":"RAJASTHAN","district":"DUNGARPUR","block":"JHONTHARI","indicator":"girls_toilet_nonfunctional"}},{"type":"Feature","geometry":{"type":"Point","coordinates":[74.04,23.73733]},"properties":{"udise":"08270403401","name":"G.SEN.SEC.SCH.SUNDARPUR","state":"RAJASTHAN","district":"DUNGARPUR","block":"SAGWARA","indicator":"girls_toilet_nonfunctional"}},{"type":"Feature","geometry":{"type":"Point","coordinates":[73.81434,23.65218]},"properties":{"udise":"08270907110","name":"G.U.P.S. KANGURVA","state":"RAJASTHAN","district":"DUNGARPUR","block":"JHONTHARI","indicator":"girls_toilet_nonfunctional"}},{"type":"Feature","geometry":{"type":"Point","coordinates":[74.18829,23.90376]},"properties":{"udise":"08271005107","name":"MAA BADI MENDI FALA ODA","state":"RAJASTHAN","district":"DUNGARPUR","block":"SABLA","indicator":"girls_toilet_nonfunctional"}},{"type":"Feature","geometry":{"type":"Point","coordinates":[73.90516,23.59689]},"properties":{"udise":"08270802402","name":"G.U.P.S.PADLIYA GHATA","state":"RAJASTHAN","district":"DUNGARPUR","block":"GALIYAKOT","indicator":"girls_toilet_nonfunctional"}},{"type":"Feature","geometry":{"type":"Point","coordinates":[73.89732,23.68921]},"properties":{"udise":"08270414202","name":"G.P.S.OGANIYA FALA","state":"RAJASTHAN","district":"DUNGARPUR","block":"SAGWARA","indicator":"girls_toilet_nonfunctional"}},{"type":"Feature","geometry":{"type":"Point","coordinates":[73.69884,23.71363]},"properties":{"udise":"08270903601","name":"G.S.S.S. VENJA","state":"RAJASTHAN","district":"DUNGARPUR","block":"JHONTHARI","indicator":"girls_toilet_nonfunctional"}},{"type":"Feature","geometry":{"type":"Point","coordinates":[73.53127,23.92578]},"properties":{"udise":"08270103207","name":"G.P.S. VIKAFALA","state":"RAJASTHAN","district":"DUNGARPUR","block":"PALDEVAL","indicator":"girls_toilet_nonfunctional"}},{"type":"Feature","geometry":{"type":"Point","coordinates":[73.59099,23.85016]},"properties":{"udise":"08270104204","name":"MA BADI KALASUAPHALA MANDWA","state":"RAJASTHAN","district":"DUNGARPUR","block":"BICCHIWARA","indicator":"girls_toilet_nonfunctional"}},{"type":"Feature","geometry":{"type":"Point","coordinates":[73.51124,23.91269]},"properties":{"udise":"08270106106","name":"G.P.S. DARA FALA","state":"RAJASTHAN","district":"DUNGARPUR","block":"BICCHIWARA","indicator":"girls_toilet_nonfunctional"}},{"type":"Feature","geometry":{"type":"Point","coordinates":[73.78782,23.75772]},"properties":{"udise":"08270708804","name":"MAA BADI PS UTAFALA SELAJ","state":"RAJASTHAN","district":"DUNGARPUR","block":"DOVDA","indicator":"girls_toilet_nonfunctional"}},{"type":"Feature","geometry":{"type":"Point","coordinates":[74.02207,23.67635]},"properties":{"udise":"08270418002","name":"NEW DIVINE S.SAGWARA","state":"RAJASTHAN","district":"DUNGARPUR","block":"SAGWARA","indicator":"girls_toilet_nonfunctional"}},{"type":"Feature","geometry":{"type":"Point","coordinates":[73.97446,23.64884]},"properties":{"udise":"08270409101","name":"G.P.S.UDAYPURA KHALSA","state":"RAJASTHAN","district":"DUNGARPUR","block":"SAGWARA","indicator":"girls_toilet_nonfunctional"}},{"type":"Feature","geometry":{"type":"Point","coordinates":[73.72038,23.68475]},"properties":{"udise":"08270904009","name":"VIDHYANIKETAN PS VAKAKHANDA DUNGARPUR","state":"RAJASTHAN","district":"DUNGARPUR","block":"JHONTHARI","indicator":"girls_toilet_nonfunctional"}},{"type":"Feature","geometry":{"type":"Point","coordinates":[73.84688,23.7299]},"properties":{"udise":"08270706602","name":"MAA BADI PS VEHARI FALA ANTRI","state":"RAJASTHAN","district":"DUNGARPUR","block":"DOVDA","indicator":"girls_toilet_nonfunctional"}},{"type":"Feature","geometry":{"type":"Point","coordinates":[73.9606,23.88484]},"properties":{"udise":"08270302102","name":"G.P.S.TALAIYA","state":"RAJASTHAN","district":"DUNGARPUR","block":"ASPUR","indicator":"girls_toilet_nonfunctional"}},{"type":"Feature","geometry":{"type":"Point","coordinates":[73.61733,23.78507]},"properties":{"udise":"08270100602","name":"G.P.S.VJELA","state":"RAJASTHAN","district":"DUNGARPUR","block":"GAMDI AHARA","indicator":"girls_toilet_nonfunctional"}},{"type":"Feature","geometry":{"type":"Point","coordinates":[73.5553,23.81458]},"properties":{"udise":"08270118801","name":"GOVT. UPPER PRIMARY SCHOOL NAVAGHARA","state":"RAJASTHAN","district":"DUNGARPUR","block":"BICCHIWARA","indicator":"girls_toilet_nonfunctional"}},{"type":"Feature","geometry":{"type":"Point","coordinates":[73.90163,23.51818]},"properties":{"udise":"08270603805","name":"MAA BAADI PS VASAN FALA","state":"RAJASTHAN","district":"DUNGARPUR","block":"CHIKHALI","indicator":"girls_toilet_nonfunctional"}},{"type":"Feature","geometry":{"type":"Point","coordinates":[73.61536,23.94799]},"properties":{"udise":"08270220701","name":"G.U.P.S.BARON KA SHER","state":"RAJASTHAN","district":"DUNGARPUR","block":"PALDEVAL","indicator":"girls_toilet_nonfunctional"}},{"type":"Feature","geometry":{"type":"Point","coordinates":[73.71553,23.44406]},"properties":{"udise":"08270513815","name":"GOURAV V.M.UPS DHANMALIYA","state":"RAJASTHAN","district":"DUNGARPUR","block":"SIMALWARA","indicator":"girls_toilet_nonfunctional"}},{"type":"Feature","geometry":{"type":"Point","coordinates":[73.41015,23.78551]},"properties":{"udise":"08270108308","name":"G.SR.SEC.S.GED","state":"RAJASTHAN","district":"DUNGARPUR","block":"BICCHIWARA","indicator":"girls_toilet_nonfunctional"}},{"type":"Feature","geometry":{"type":"Point","coordinates":[74.04986,23.76552]},"properties":{"udise":"08270402804","name":"G.P.S.PILUDA FALA","state":"RAJASTHAN","district":"DUNGARPUR","block":"SAGWARA","indicator":"girls_toilet_nonfunctional"}},{"type":"Feature","geometry":{"type":"Point","coordinates":[73.55831,23.80707]},"properties":{"udise":"08270103601","name":"G.P.S.BALDIYA","state":"RAJASTHAN","district":"DUNGARPUR","block":"BICCHIWARA","indicator":"girls_toilet_nonfunctional"}},{"type":"Feature","geometry":{"type":"Point","coordinates":[73.49965,23.90003]},"properties":{"udise":"08270106108","name":"G.P.S.  KAMBA FALA","state":"RAJASTHAN","district":"DUNGARPUR","block":"BICCHIWARA","indicator":"girls_toilet_nonfunctional"}},{"type":"Feature","geometry":{"type":"Point","coordinates":[73.51395,23.91774]},"properties":{"udise":"08270106107","name":"G.P.S. MATHAPANVA","state":"RAJASTHAN","district":"DUNGARPUR","block":"BICCHIWARA","indicator":"girls_toilet_nonfunctional"}},{"type":"Feature","geometry":{"type":"Point","coordinates":[74.02065,23.64302]},"properties":{"udise":"08270409903","name":"G.P.S.JAVRA FALA","state":"RAJASTHAN","district":"DUNGARPUR","block":"SAGWARA","indicator":"girls_toilet_nonfunctional"}},{"type":"Feature","geometry":{"type":"Point","coordinates":[73.85649,23.84413]},"properties":{"udise":"08270701417","name":"G.G.S.SEC.S. DAMDI","state":"RAJASTHAN","district":"DUNGARPUR","block":"DOVDA","indicator":"girls_toilet_nonfunctional"}},{"type":"Feature","geometry":{"type":"Point","coordinates":[74.03813,23.7051]},"properties":{"udise":"08270412204","name":"R.H.S. VARSINGPUR","state":"RAJASTHAN","district":"DUNGARPUR","block":"SAGWARA","indicator":"girls_toilet_nonfunctional"}},{"type":"Feature","geometry":{"type":"Point","coordinates":[74.03245,23.6669]},"properties":{"udise":"08270418101","name":"G.P.S.NO.11","state":"RAJASTHAN","district":"DUNGARPUR","block":"SAGWARA","indicator":"girls_toilet_nonfunctional"}},{"type":"Feature","geometry":{"type":"Point","coordinates":[73.73451,23.66322]},"properties":{"udise":"08270904803","name":"G.P.S. GHORAKHARA","state":"RAJASTHAN","district":"DUNGARPUR","block":"JHONTHARI","indicator":"girls_toilet_nonfunctional"}},{"type":"Feature","geometry":{"type":"Point","coordinates":[73.49466,23.84946]},"properties":{"udise":"08270119301","name":"G.P.S.SENGAL MAHURI","state":"RAJASTHAN","district":"DUNGARPUR","block":"BICCHIWARA","indicator":"girls_toilet_nonfunctional"}},{"type":"Feature","geometry":{"type":"Point","coordinates":[73.92328,23.47438]},"properties":{"udise":"08270606602","name":"MAA BADI MAIDA FALA DHANORA","state":"RAJASTHAN","district":"DUNGARPUR","block":"CHIKHALI","indicator":"girls_toilet_nonfunctional"}},{"type":"Feature","geometry":{"type":"Point","coordinates":[73.94172,23.45907]},"properties":{"udise":"08270606403","name":"G.P.S.BAGDIYA FALA","state":"RAJASTHAN","district":"DUNGARPUR","block":"CHIKHALI","indicator":"girls_toilet_nonfunctional"}},{"type":"Feature","geometry":{"type":"Point","coordinates":[73.86827,23.50586]},"properties":{"udise":"08270601801","name":"G.U.P.S.SOHANVADLI","state":"RAJASTHAN","district":"DUNGARPUR","block":"CHIKHALI","indicator":"girls_toilet_nonfunctional"}},{"type":"Feature","geometry":{"type":"Point","coordinates":[74.08956,23.75006]},"properties":{"udise":"08270401304","name":"G.P.S.VADA FALA SARODA","state":"RAJASTHAN","district":"DUNGARPUR","block":"SAGWARA","indicator":"girls_toilet_nonfunctional"}},{"type":"Feature","geometry":{"type":"Point","coordinates":[73.86727,23.44455]},"properties":{"udise":"08270602304","name":"MAA BADI PSK DUNGAR","state":"RAJASTHAN","district":"DUNGARPUR","block":"CHIKHALI","indicator":"girls_toilet_nonfunctional"}},{"type":"Feature","geometry":{"type":"Point","coordinates":[74.07557,23.79467]},"properties":{"udise":"08270403201","name":"G.P.S.JHITRI JHALVA","state":"RAJASTHAN","district":"DUNGARPUR","block":"SAGWARA","indicator":"girls_toilet_nonfunctional"}},{"type":"Feature","geometry":{"type":"Point","coordinates":[73.6541,23.84839]},"properties":{"udise":"08270222107","name":"MAA BADI BARI PHALA VARD NO 7","state":"RAJASTHAN","district":"DUNGARPUR","block":"DUNGARPUR","indicator":"girls_toilet_nonfunctional"}},{"type":"Feature","geometry":{"type":"Point","coordinates":[73.91856,23.39862]},"properties":{"udise":"08270605610","name":"MAA BADI KALIYA FALA BAVDI","state":"RAJASTHAN","district":"DUNGARPUR","block":"CHIKHALI","indicator":"girls_toilet_nonfunctional"}},{"type":"Feature","geometry":{"type":"Point","coordinates":[73.91577,23.35236]},"properties":{"udise":"08270606303","name":"MAA BADI PSK SARI FALA","state":"RAJASTHAN","district":"DUNGARPUR","block":"CHIKHALI","indicator":"girls_toilet_nonfunctional"}},{"type":"Feature","geometry":{"type":"Point","coordinates":[73.70081,23.59611]},"properties":{"udise":"08270900915","name":"G.P.S. CHOURYA DUNGRA","state":"RAJASTHAN","district":"DUNGARPUR","block":"JHONTHARI","indicator":"girls_toilet_nonfunctional"}},{"type":"Feature","geometry":{"type":"Point","coordinates":[73.94031,23.46516]},"properties":{"udise":"08270606501","name":"G.P.S.ASPARA FALA","state":"RAJASTHAN","district":"DUNGARPUR","block":"CHIKHALI","indicator":"girls_toilet_nonfunctional"}},{"type":"Feature","geometry":{"type":"Point","coordinates":[73.98255,23.74183]},"properties":{"udise":"08270404701","name":"G.U.P.S.TITUVA","state":"RAJASTHAN","district":"DUNGARPUR","block":"SAGWARA","indicator":"girls_toilet_nonfunctional"}},{"type":"Feature","geometry":{"type":"Point","coordinates":[73.63018,23.75056]},"properties":{"udise":"08270100212","name":"MAA BADI BICH KA FALA DHAMLAT FALA","state":"RAJASTHAN","district":"DUNGARPUR","block":"GAMDI AHARA","indicator":"girls_toilet_nonfunctional"}},{"type":"Feature","geometry":{"type":"Point","coordinates":[73.54071,23.79152]},"properties":{"udise":"08270105403","name":"GURU.GO..P.S.CHHAPI","state":"RAJASTHAN","district":"DUNGARPUR","block":"BICCHIWARA","indicator":"girls_toilet_nonfunctional"}},{"type":"Feature","geometry":{"type":"Point","coordinates":[73.90484,23.42323]},"properties":{"udise":"08270605812","name":"MAA BADI BHAMA FALA AMBADA","state":"RAJASTHAN","district":"DUNGARPUR","block":"CHIKHALI","indicator":"girls_toilet_nonfunctional"}},{"type":"Feature","geometry":{"type":"Point","coordinates":[74.17576,23.84568]},"properties":{"udise":"08271000611","name":"S.B.M.U.P.S. SABLA","state":"RAJASTHAN","district":"DUNGARPUR","block":"SABLA","indicator":"girls_toilet_nonfunctional"}},{"type":"Feature","geometry":{"type":"Point","coordinates":[73.90719,23.47179]},"properties":{"udise":"08270603407","name":"S.V.N.SR.SEC.S. KUNVA","state":"RAJASTHAN","district":"DUNGARPUR","block":"CHIKHALI","indicator":"girls_toilet_nonfunctional"}},{"type":"Feature","geometry":{"type":"Point","coordinates":[73.88139,23.3843]},"properties":{"udise":"08270608802","name":"G.SR.SEC.S.KOCHARI DAD","state":"RAJASTHAN","district":"DUNGARPUR","block":"CHIKHALI","indicator":"girls_toilet_nonfunctional"}},{"type":"Feature","geometry":{"type":"Point","coordinates":[73.79683,23.7187]},"properties":{"udise":"08270905603","name":"MAA BADI PS ARJI BHAGAT KI DHUNI DOL KUNJELA","state":"RAJASTHAN","district":"DUNGARPUR","block":"JHONTHARI","indicator":"girls_toilet_nonfunctional"}},{"type":"Feature","geometry":{"type":"Point","coordinates":[73.47007,23.73137]},"properties":{"udise":"08270110103","name":"G.P.S. KAKAR PANA","state":"RAJASTHAN","district":"DUNGARPUR","block":"BICCHIWARA","indicator":"girls_toilet_nonfunctional"}},{"type":"Feature","geometry":{"type":"Point","coordinates":[73.89659,23.64951]},"properties":{"udise":"08270413713","name":"SANSKAR PUBLIC SEC.S.OBRI","state":"RAJASTHAN","district":"DUNGARPUR","block":"SAGWARA","indicator":"girls_toilet_nonfunctional"}},{"type":"Feature","geometry":{"type":"Point","coordinates":[73.86824,23.74884]},"properties":{"udise":"08270702605","name":"MAA BADI SEMLVA FALA GHODSA","state":"RAJASTHAN","district":"DUNGARPUR","block":"DOVDA","indicator":"girls_toilet_nonfunctional"}},{"type":"Feature","geometry":{"type":"Point","coordinates":[73.84705,23.53426]},"properties":{"udise":"08270601002","name":"G.P.S.BANJARA BASTI","state":"RAJASTHAN","district":"DUNGARPUR","block":"CHIKHALI","indicator":"girls_toilet_nonfunctional"}},{"type":"Feature","geometry":{"type":"Point","coordinates":[74.11204,23.64044]},"properties":{"udise":"08270411302","name":"GOVT. PRIMARY SCHOOL RAJPUT BASTI PARDA MORU","state":"RAJASTHAN","district":"DUNGARPUR","block":"SAGWARA","indicator":"girls_toilet_nonfunctional"}},{"type":"Feature","geometry":{"type":"Point","coordinates":[73.90807,23.61868]},"properties":{"udise":"08270801706","name":"G.SR.SEC.S.PARDA MEHTA","state":"RAJASTHAN","district":"DUNGARPUR","block":"GALIYAKOT","indicator":"girls_toilet_nonfunctional"}},{"type":"Feature","geometry":{"type":"Point","coordinates":[74.00608,23.84859]},"properties":{"udise":"08270305010","name":"G.P.S MOVAIE","state":"RAJASTHAN","district":"DUNGARPUR","block":"ASPUR","indicator":"girls_toilet_nonfunctional"}},{"type":"Feature","geometry":{"type":"Point","coordinates":[74.01985,23.68654]},"properties":{"udise":"08270417901","name":"G.U.P.S.NO.5","state":"RAJASTHAN","district":"DUNGARPUR","block":"SAGWARA","indicator":"girls_toilet_nonfunctional"}},{"type":"Feature","geometry":{"type":"Point","coordinates":[74.1189,23.7961]},"properties":{"udise":"08270421201","name":"G.P.S. NAVNIYA","state":"RAJASTHAN","district":"DUNGARPUR","block":"SAGWARA","indicator":"girls_toilet_nonfunctional"}},{"type":"Feature","geometry":{"type":"Point","coordinates":[73.94527,23.79052]},"properties":{"udise":"08270407302","name":"POOJA PUBLIC SCHOOL SURELA","state":"RAJASTHAN","district":"DUNGARPUR","block":"SAGWARA","indicator":"girls_toilet_nonfunctional"}},{"type":"Feature","geometry":{"type":"Point","coordinates":[73.85035,23.40931]},"properties":{"udise":"08270606201","name":"G.P.S.TALAVARI FALA","state":"RAJASTHAN","district":"DUNGARPUR","block":"CHIKHALI","indicator":"girls_toilet_nonfunctional"}},{"type":"Feature","geometry":{"type":"Point","coordinates":[73.54369,23.78359]},"properties":{"udise":"08270105402","name":"G.P.S.LAMBI DUNGRI","state":"RAJASTHAN","district":"DUNGARPUR","block":"BICCHIWARA","indicator":"girls_toilet_nonfunctional"}},{"type":"Feature","geometry":{"type":"Point","coordinates":[73.80506,23.45633]},"properties":{"udise":"08270600103","name":"G.P.S.TALAB FALA","state":"RAJASTHAN","district":"DUNGARPUR","block":"CHIKHALI","indicator":"girls_toilet_nonfunctional"}},{"type":"Feature","geometry":{"type":"Point","coordinates":[73.72133,23.82446]},"properties":{"udise":"08270218001","name":"G.U.P.S. NO.1 GHANTI DUNGARPUR","state":"RAJASTHAN","district":"DUNGARPUR","block":"DUNGARPUR","indicator":"girls_toilet_nonfunctional"}},{"type":"Feature","geometry":{"type":"Point","coordinates":[73.86898,23.68985]},"properties":{"udise":"08270413201","name":"G.P.S. .ROOPA FALA","state":"RAJASTHAN","district":"DUNGARPUR","block":"SAGWARA","indicator":"girls_toilet_nonfunctional"}},{"type":"Feature","geometry":{"type":"Point","coordinates":[73.49873,23.8307]},"properties":{"udise":"08270119302","name":"G.P.S.NAYA TALAB","state":"RAJASTHAN","district":"DUNGARPUR","block":"BICCHIWARA","indicator":"girls_toilet_nonfunctional"}},{"type":"Feature","geometry":{"type":"Point","coordinates":[73.84123,23.53501]},"properties":{"udise":"08270600901","name":"G.P.S.GARASIYA FALA WARD NO - 9","state":"RAJASTHAN","district":"DUNGARPUR","block":"CHIKHALI","indicator":"girls_toilet_nonfunctional"}},{"type":"Feature","geometry":{"type":"Point","coordinates":[73.90238,23.96205]},"properties":{"udise":"08270708102","name":"G.P.S. HING FALA TORNIYAN","state":"RAJASTHAN","district":"DUNGARPUR","block":"DOVDA","indicator":"girls_toilet_nonfunctional"}},{"type":"Feature","geometry":{"type":"Point","coordinates":[73.95386,23.4319]},"properties":{"udise":"08270607911","name":"EADEN GAR.PUB.S.CHIKHLI","state":"RAJASTHAN","district":"DUNGARPUR","block":"CHIKHALI","indicator":"girls_toilet_nonfunctional"}},{"type":"Feature","geometry":{"type":"Point","coordinates":[73.7818,23.79771]},"properties":{"udise":"08270704111","name":"MAA BADI KAMALPURA","state":"RAJASTHAN","district":"DUNGARPUR","block":"DOVDA","indicator":"girls_toilet_nonfunctional"}},{"type":"Feature","geometry":{"type":"Point","coordinates":[73.9048,23.74578]},"properties":{"udise":"08270407901","name":"ADARSH G.SR.SEC.S.KAHELA","state":"RAJASTHAN","district":"DUNGARPUR","block":"SAGWARA","indicator":"girls_toilet_nonfunctional"}},{"type":"Feature","geometry":{"type":"Point","coordinates":[73.94233,23.40451]},"properties":{"udise":"08270605402","name":"MAA BADI KHANKRA FALA BORMATA","state":"RAJASTHAN","district":"DUNGARPUR","block":"CHIKHALI","indicator":"girls_toilet_nonfunctional"}},{"type":"Feature","geometry":{"type":"Point","coordinates":[74.05625,23.90276]},"properties":{"udise":"08270305801","name":"GOVT.SR.SEC.S.BADOUDA","state":"RAJASTHAN","district":"DUNGARPUR","block":"ASPUR","indicator":"girls_toilet_nonfunctional"}},{"type":"Feature","geometry":{"type":"Point","coordinates":[73.81613,23.82245]},"properties":{"udise":"08270206202","name":"MAA BADI PS UPLA FALA UNDAR.","state":"RAJASTHAN","district":"DUNGARPUR","block":"DUNGARPUR","indicator":"girls_toilet_nonfunctional"}},{"type":"Feature","geometry":{"type":"Point","coordinates":[73.74504,23.76015]},"properties":{"udise":"08270906801","name":"GOVT. SR. SEC..SCH. RANGPUR","state":"RAJASTHAN","district":"DUNGARPUR","block":"JHONTHARI","indicator":"girls_toilet_nonfunctional"}},{"type":"Feature","geometry":{"type":"Point","coordinates":[73.60286,23.77788]},"properties":{"udise":"08270100504","name":"G.P.S. .BHAGORA FALA","state":"RAJASTHAN","district":"DUNGARPUR","block":"GAMDI AHARA","indicator":"girls_toilet_nonfunctional"}},{"type":"Feature","geometry":{"type":"Point","coordinates":[73.87248,23.44328]},"properties":{"udise":"08270602902","name":"G.P.S.BARUNADA","state":"RAJASTHAN","district":"DUNGARPUR","block":"CHIKHALI","indicator":"girls_toilet_nonfunctional"}},{"type":"Feature","geometry":{"type":"Point","coordinates":[73.73997,23.81678]},"properties":{"udise":"08270709408","name":"K.S.V.M.P.S. MANDVA KHAPERDA","state":"RAJASTHAN","district":"DUNGARPUR","block":"DOVDA","indicator":"girls_toilet_nonfunctional"}},{"type":"Feature","geometry":{"type":"Point","coordinates":[73.74325,23.63274]},"properties":{"udise":"08270901402","name":"G.G.U.P.S.KARAWARA","state":"RAJASTHAN","district":"DUNGARPUR","block":"JHONTHARI","indicator":"girls_toilet_nonfunctional"}},{"type":"Feature","geometry":{"type":"Point","coordinates":[73.97446,23.75596]},"properties":{"udise":"08270404608","name":"S.P.U.P.S. KOKAPUR","state":"RAJASTHAN","district":"DUNGARPUR","block":"SAGWARA","indicator":"girls_toilet_nonfunctional"}},{"type":"Feature","geometry":{"type":"Point","coordinates":[73.80414,23.51428]},"properties":{"udise":"08270600602","name":"G.P.S.TALAB FALA","state":"RAJASTHAN","district":"DUNGARPUR","block":"CHIKHALI","indicator":"girls_toilet_nonfunctional"}},{"type":"Feature","geometry":{"type":"Point","coordinates":[73.7339,23.65558]},"properties":{"udise":"08270904804","name":"MAA BADI PS GORAKHARA","state":"RAJASTHAN","district":"DUNGARPUR","block":"JHONTHARI","indicator":"girls_toilet_nonfunctional"}},{"type":"Feature","geometry":{"type":"Point","coordinates":[73.44956,23.78621]},"properties":{"udise":"08270107302","name":"G.P.S. HADLI FALA","state":"RAJASTHAN","district":"DUNGARPUR","block":"BICCHIWARA","indicator":"girls_toilet_nonfunctional"}},{"type":"Feature","geometry":{"type":"Point","coordinates":[74.09264,23.71415]},"properties":{"udise":"08270406104","name":"G.SR.SEC.SCH BUCHIYA BADA","state":"RAJASTHAN","district":"DUNGARPUR","block":"SAGWARA","indicator":"girls_toilet_nonfunctional"}},{"type":"Feature","geometry":{"type":"Point","coordinates":[73.37436,23.79282]},"properties":{"udise":"08270108405","name":"G.P.S UPLAFALA PALISODA","state":"RAJASTHAN","district":"DUNGARPUR","block":"BICCHIWARA","indicator":"girls_toilet_nonfunctional"}},{"type":"Feature","geometry":{"type":"Point","coordinates":[73.55377,23.85798]},"properties":{"udise":"08270103104","name":"G.P.S. SADAIYA FALA","state":"RAJASTHAN","district":"DUNGARPUR","block":"BICCHIWARA","indicator":"girls_toilet_nonfunctional"}},{"type":"Feature","geometry":{"type":"Point","coordinates":[73.95038,23.75636]},"properties":{"udise":"08270405402","name":"G.P.S.DHAVADA GHATI","state":"RAJASTHAN","district":"DUNGARPUR","block":"SAGWARA","indicator":"girls_toilet_nonfunctional"}},{"type":"Feature","geometry":{"type":"Point","coordinates":[73.89462,23.66291]},"properties":{"udise":"08270413717","name":"HOLY FAITH PUBLIC SR.SEC.S. OBRI","state":"RAJASTHAN","district":"DUNGARPUR","block":"SAGWARA","indicator":"girls_toilet_nonfunctional"}},{"type":"Feature","geometry":{"type":"Point","coordinates":[73.63186,23.66286]},"properties":{"udise":"08270900801","name":"G.U.P.S. DAKANMARIYA","state":"RAJASTHAN","district":"DUNGARPUR","block":"JHONTHARI","indicator":"girls_toilet_nonfunctional"}},{"type":"Feature","geometry":{"type":"Point","coordinates":[73.77642,23.79136]},"properties":{"udise":"08270705309","name":"MAA BADI PS BHUMAHUDA LOL.","state":"RAJASTHAN","district":"DUNGARPUR","block":"DOVDA","indicator":"girls_toilet_nonfunctional"}},{"type":"Feature","geometry":{"type":"Point","coordinates":[74.04311,23.88309]},"properties":{"udise":"08270304314","name":"MAA BADI TALAIYAFALA PUNJPUR","state":"RAJASTHAN","district":"DUNGARPUR","block":"ASPUR","indicator":"girls_toilet_nonfunctional"}},{"type":"Feature","geometry":{"type":"Point","coordinates":[74.28725,23.92534]},"properties":{"udise":"08271005511","name":"G.S.K.P.S.DHANI","state":"RAJASTHAN","district":"DUNGARPUR","block":"SABLA","indicator":"girls_toilet_nonfunctional"}},{"type":"Feature","geometry":{"type":"Point","coordinates":[73.93311,23.39576]},"properties":{"udise":"08270605608","name":"MAA BADI PSK GAV FALA BAVDI","state":"RAJASTHAN","district":"DUNGARPUR","block":"CHIKHALI","indicator":"girls_toilet_nonfunctional"}},{"type":"Feature","geometry":{"type":"Point","coordinates":[73.91009,23.36054]},"properties":{"udise":"08270606304","name":"MAA BADI PSK UBAPANA","state":"RAJASTHAN","district":"DUNGARPUR","block":"CHIKHALI","indicator":"girls_toilet_nonfunctional"}},{"type":"Feature","geometry":{"type":"Point","coordinates":[73.47995,23.70756]},"properties":{"udise":"08270109802","name":"G.P.S. NICHLI DHARMA ODI","state":"RAJASTHAN","district":"DUNGARPUR","block":"BICCHIWARA","indicator":"girls_toilet_nonfunctional"}},{"type":"Feature","geometry":{"type":"Point","coordinates":[73.9217,23.79293]},"properties":{"udise":"08270407401","name":"G.P.S.PANCHAVAL","state":"RAJASTHAN","district":"DUNGARPUR","block":"SAGWARA","indicator":"girls_toilet_nonfunctional"}},{"type":"Feature","geometry":{"type":"Point","coordinates":[73.52098,23.8417]},"properties":{"udise":"08270102805","name":"G.P.S. KOPSA FALA","state":"RAJASTHAN","district":"DUNGARPUR","block":"BICCHIWARA","indicator":"girls_toilet_nonfunctional"}},{"type":"Feature","geometry":{"type":"Point","coordinates":[73.92097,23.55945]},"properties":{"udise":"08270804507","name":"SHREE GAYATRI V.N. UPS BHEMAIE","state":"RAJASTHAN","district":"DUNGARPUR","block":"GALIYAKOT","indicator":"girls_toilet_nonfunctional"}},{"type":"Feature","geometry":{"type":"Point","coordinates":[74.04682,23.59584]},"properties":{"udise":"08270800410","name":"G.SR.SEC.SCH DIVDA BADA","state":"RAJASTHAN","district":"DUNGARPUR","block":"GALIYAKOT","indicator":"girls_toilet_nonfunctional"}},{"type":"Feature","geometry":{"type":"Point","coordinates":[73.95561,23.61077]},"properties":{"udise":"08270801312","name":"S.V.N.P.S. ASHIRESHWAR","state":"RAJASTHAN","district":"DUNGARPUR","block":"GALIYAKOT","indicator":"girls_toilet_nonfunctional"}},{"type":"Feature","geometry":{"type":"Point","coordinates":[73.74738,23.65047]},"properties":{"udise":"08270906708","name":"MAA BADI PS POHARI KHATURAT","state":"RAJASTHAN","district":"DUNGARPUR","block":"JHONTHARI","indicator":"girls_toilet_nonfunctional"}},{"type":"Feature","geometry":{"type":"Point","coordinates":[73.54427,23.68467]},"properties":{"udise":"08270111203","name":"GOVT. UPPER PRIMARY SCHOOL DRA FALA BHARATPUR","state":"RAJASTHAN","district":"DUNGARPUR","block":"GAMDI AHARA","indicator":"girls_toilet_nonfunctional"}},{"type":"Feature","geometry":{"type":"Point","coordinates":[73.45032,23.7391]},"properties":{"udise":"08270110202","name":"G.P.S. JOSHIYALA FALA","state":"RAJASTHAN","district":"DUNGARPUR","block":"BICCHIWARA","indicator":"girls_toilet_nonfunctional"}},{"type":"Feature","geometry":{"type":"Point","coordinates":[73.94113,23.61516]},"properties":{"udise":"08270801310","name":"S.P.S AMBARA","state":"RAJASTHAN","district":"DUNGARPUR","block":"GALIYAKOT","indicator":"girls_toilet_nonfunctional"}},{"type":"Feature","geometry":{"type":"Point","coordinates":[73.65619,23.82503]},"properties":{"udise":"08270224806","name":"SHARDA PUB. SECONDRY SCHOOL THANA","state":"RAJASTHAN","district":"DUNGARPUR","block":"DUNGARPUR","indicator":"girls_toilet_nonfunctional"}},{"type":"Feature","geometry":{"type":"Point","coordinates":[73.53194,23.67513]},"properties":{"udise":"08270119701","name":"GOVT. UPPER PRIMARY SCHOOL PADARDI","state":"RAJASTHAN","district":"DUNGARPUR","block":"GAMDI AHARA","indicator":"girls_toilet_nonfunctional"}},{"type":"Feature","geometry":{"type":"Point","coordinates":[73.63917,23.78059]},"properties":{"udise":"08270222901","name":"G.U.P.S.MADA","state":"RAJASTHAN","district":"DUNGARPUR","block":"GAMDI AHARA","indicator":"girls_toilet_nonfunctional"}},{"type":"Feature","geometry":{"type":"Point","coordinates":[73.50757,23.76771]},"properties":{"udise":"08270109202","name":"G.U.P.S.GHONGHA FALA","state":"RAJASTHAN","district":"DUNGARPUR","block":"BICCHIWARA","indicator":"girls_toilet_nonfunctional"}},{"type":"Feature","geometry":{"type":"Point","coordinates":[73.8837,23.88101]},"properties":{"udise":"08270703502","name":"G.U.P.S.(SANS.) FUTI TALAIE","state":"RAJASTHAN","district":"DUNGARPUR","block":"DOVDA","indicator":"girls_toilet_nonfunctional"}},{"type":"Feature","geometry":{"type":"Point","coordinates":[73.81686,23.78305]},"properties":{"udise":"08270708504","name":"G.P.S. KADWALA FALA","state":"RAJASTHAN","district":"DUNGARPUR","block":"DOVDA","indicator":"girls_toilet_nonfunctional"}},{"type":"Feature","geometry":{"type":"Point","coordinates":[74.29663,23.91988]},"properties":{"udise":"08271002408","name":"VIDHYA NIKETAN U.P.S. GAMDI","state":"RAJASTHAN","district":"DUNGARPUR","block":"SABLA","indicator":"girls_toilet_nonfunctional"}},{"type":"Feature","geometry":{"type":"Point","coordinates":[73.89615,23.71026]},"properties":{"udise":"08270402302","name":"G.P.S.NAI BASTI DHANI NICHALI","state":"RAJASTHAN","district":"DUNGARPUR","block":"SAGWARA","indicator":"girls_toilet_nonfunctional"}},{"type":"Feature","geometry":{"type":"Point","coordinates":[73.85551,23.51126]},"properties":{"udise":"08270601501","name":"G.P.S.DAMA FALA","state":"RAJASTHAN","district":"DUNGARPUR","block":"CHIKHALI","indicator":"girls_toilet_nonfunctional"}},{"type":"Feature","geometry":{"type":"Point","coordinates":[73.47105,23.83334]},"properties":{"udise":"08270700107","name":"JAGRATI PUB. SCH. ASELA","state":"RAJASTHAN","district":"DUNGARPUR","block":"DOVDA","indicator":"girls_toilet_nonfunctional"}},{"type":"Feature","geometry":{"type":"Point","coordinates":[74.0465,23.69217]},"properties":{"udise":"08270412301","name":"G.P.S.BADLIYA","state":"RAJASTHAN","district":"DUNGARPUR","block":"SAGWARA","indicator":"girls_toilet_nonfunctional"}},{"type":"Feature","geometry":{"type":"Point","coordinates":[73.69359,23.88677]},"properties":{"udise":"08270224205","name":"MAA BADI MATAJI FALA PADARDI","state":"RAJASTHAN","district":"DUNGARPUR","block":"DUNGARPUR","indicator":"girls_toilet_nonfunctional"}},{"type":"Feature","geometry":{"type":"Point","coordinates":[73.8482,23.77171]},"properties":{"udise":"08270707903","name":"MAA BADI PS TALAIYA","state":"RAJASTHAN","district":"DUNGARPUR","block":"DOVDA","indicator":"girls_toilet_nonfunctional"}},{"type":"Feature","geometry":{"type":"Point","coordinates":[73.88013,23.77887]},"properties":{"udise":"08270408105","name":"G.P.S.BHAGELA","state":"RAJASTHAN","district":"DUNGARPUR","block":"SAGWARA","indicator":"girls_toilet_nonfunctional"}},{"type":"Feature","geometry":{"type":"Point","coordinates":[73.64145,23.56355]},"properties":{"udise":"08270517202","name":"G.P.S.GOHALIYA","state":"RAJASTHAN","district":"DUNGARPUR","block":"SIMALWARA","indicator":"girls_toilet_nonfunctional"}},{"type":"Feature","geometry":{"type":"Point","coordinates":[73.48884,23.7438]},"properties":{"udise":"08270109602","name":"G.P.S. UFLA FALA","state":"RAJASTHAN","district":"DUNGARPUR","block":"BICCHIWARA","indicator":"girls_toilet_nonfunctional"}},{"type":"Feature","geometry":{"type":"Point","coordinates":[73.81171,23.51437]},"properties":{"udise":"08270600604","name":"GOVIND GURU P.S.KHIRKHAIYA","state":"RAJASTHAN","district":"DUNGARPUR","block":"CHIKHALI","indicator":"girls_toilet_nonfunctional"}},{"type":"Feature","geometry":{"type":"Point","coordinates":[73.8422,23.58819]},"properties":{"udise":"08270503704","name":"G.P.S.MANDERI TADA","state":"RAJASTHAN","district":"DUNGARPUR","block":"SIMALWARA","indicator":"girls_toilet_nonfunctional"}},{"type":"Feature","geometry":{"type":"Point","coordinates":[74.23687,23.85314]},"properties":{"udise":"08271006209","name":"MAA BADI PS NARSINGI MATA SAGOT","state":"RAJASTHAN","district":"DUNGARPUR","block":"SABLA","indicator":"girls_toilet_nonfunctional"}},{"type":"Feature","geometry":{"type":"Point","coordinates":[73.9712,23.67345]},"properties":{"udise":"08270409604","name":"G.P.S.UGMANA HEMAR","state":"RAJASTHAN","district":"DUNGARPUR","block":"SAGWARA","indicator":"girls_toilet_nonfunctional"}},{"type":"Feature","geometry":{"type":"Point","coordinates":[74.14115,23.78468]},"properties":{"udise":"08270400605","name":"G.SR.SEC.S.VAMASA","state":"RAJASTHAN","district":"DUNGARPUR","block":"SAGWARA","indicator":"girls_toilet_nonfunctional"}},{"type":"Feature","geometry":{"type":"Point","coordinates":[74.07725,23.72194]},"properties":{"udise":"08270406904","name":"MAA BADI P.S. NANOMA FALA","state":"RAJASTHAN","district":"DUNGARPUR","block":"SAGWARA","indicator":"girls_toilet_nonfunctional"}},{"type":"Feature","geometry":{"type":"Point","coordinates":[73.91685,23.50814]},"properties":{"udise":"08270603901","name":"G.P.S.GEHUVA","state":"RAJASTHAN","district":"DUNGARPUR","block":"CHIKHALI","indicator":"girls_toilet_nonfunctional"}},{"type":"Feature","geometry":{"type":"Point","coordinates":[73.98153,23.53966]},"properties":{"udise":"08270803301","name":"G.P.S.NAI BASTI MORDI FALA","state":"RAJASTHAN","district":"DUNGARPUR","block":"GALIYAKOT","indicator":"girls_toilet_nonfunctional"}},{"type":"Feature","geometry":{"type":"Point","coordinates":[73.80717,23.54402]},"properties":{"udise":"08270502203","name":"G.P.S.MAKDA FALA","state":"RAJASTHAN","district":"DUNGARPUR","block":"SIMALWARA","indicator":"girls_toilet_nonfunctional"}},{"type":"Feature","geometry":{"type":"Point","coordinates":[73.85992,23.71286]},"properties":{"udise":"08270413503","name":"G.P.S. UPLA FALA BILIYA","state":"RAJASTHAN","district":"DUNGARPUR","block":"SAGWARA","indicator":"girls_toilet_nonfunctional"}},{"type":"Feature","geometry":{"type":"Point","coordinates":[74.08039,23.7708]},"properties":{"udise":"08270401401","name":"G.U..P.S.KESHARPURA","state":"RAJASTHAN","district":"DUNGARPUR","block":"SAGWARA","indicator":"girls_toilet_nonfunctional"}},{"type":"Feature","geometry":{"type":"Point","coordinates":[74.14737,23.85115]},"properties":{"udise":"08271006904","name":"ADARS VIDHYA MANDIR PS TALOURA","state":"RAJASTHAN","district":"DUNGARPUR","block":"SABLA","indicator":"girls_toilet_nonfunctional"}},{"type":"Feature","geometry":{"type":"Point","coordinates":[73.82814,23.73476]},"properties":{"udise":"08270700302","name":"MAA BADI DARA FALA OJARI","state":"RAJASTHAN","district":"DUNGARPUR","block":"DOVDA","indicator":"girls_toilet_nonfunctional"}},{"type":"Feature","geometry":{"type":"Point","coordinates":[73.68268,23.58871]},"properties":{"udise":"08270515002","name":"MAA BADI MACHDA FALA GADA GOKUL","state":"RAJASTHAN","district":"DUNGARPUR","block":"SIMALWARA","indicator":"girls_toilet_nonfunctional"}},{"type":"Feature","geometry":{"type":"Point","coordinates":[73.49841,23.79852]},"properties":{"udise":"08270109401","name":"Govt Senior Secondary School Kalapana","state":"RAJASTHAN","district":"DUNGARPUR","block":"BICCHIWARA","indicator":"girls_toilet_nonfunctional"}},{"type":"Feature","geometry":{"type":"Point","coordinates":[74.12687,23.87711]},"properties":{"udise":"08271002505","name":"BHAVYA PUB. SCHOOL GHATDA","state":"RAJASTHAN","district":"DUNGARPUR","block":"SABLA","indicator":"girls_toilet_nonfunctional"}},{"type":"Feature","geometry":{"type":"Point","coordinates":[73.63537,23.65376]},"properties":{"udise":"08270901601","name":"G.U.P.S.KUNDALI","state":"RAJASTHAN","district":"DUNGARPUR","block":"JHONTHARI","indicator":"girls_toilet_nonfunctional"}},{"type":"Feature","geometry":{"type":"Point","coordinates":[73.81361,23.61802]},"properties":{"udise":"08270907103","name":"G.P.S..RAMSOR","state":"RAJASTHAN","district":"DUNGARPUR","block":"JHONTHARI","indicator":"girls_toilet_nonfunctional"}},{"type":"Feature","geometry":{"type":"Point","coordinates":[73.93358,23.45411]},"properties":{"udise":"08270606402","name":"G.P.S..PARGI FALA-II","state":"RAJASTHAN","district":"DUNGARPUR","block":"CHIKHALI","indicator":"girls_toilet_nonfunctional"}},{"type":"Feature","geometry":{"type":"Point","coordinates":[74.04739,23.92881]},"properties":{"udise":"08270306101","name":"G.U.P.S.VASUNDRA BADI","state":"RAJASTHAN","district":"DUNGARPUR","block":"ASPUR","indicator":"girls_toilet_nonfunctional"}},{"type":"Feature","geometry":{"type":"Point","coordinates":[74.01889,23.70541]},"properties":{"udise":"08270405901","name":"G.U.P.S.GAMDA CHARNIYA","state":"RAJASTHAN","district":"DUNGARPUR","block":"SAGWARA","indicator":"girls_toilet_nonfunctional"}},{"type":"Feature","geometry":{"type":"Point","coordinates":[73.45887,23.76809]},"properties":{"udise":"08270109903","name":"G.P.S. PANDOR FALA","state":"RAJASTHAN","district":"DUNGARPUR","block":"BICCHIWARA","indicator":"girls_toilet_nonfunctional"}},{"type":"Feature","geometry":{"type":"Point","coordinates":[73.74002,23.56357]},"properties":{"udise":"08270515227","name":"DELHI ACADEMY SIMALWARA","state":"RAJASTHAN","district":"DUNGARPUR","block":"SIMALWARA","indicator":"girls_toilet_nonfunctional"}},{"type":"Feature","geometry":{"type":"Point","coordinates":[73.66804,23.88851]},"properties":{"udise":"08270225301","name":"G.P.S.PADARDI","state":"RAJASTHAN","district":"DUNGARPUR","block":"DUNGARPUR","indicator":"girls_toilet_nonfunctional"}},{"type":"Feature","geometry":{"type":"Point","coordinates":[73.95533,23.9421]},"properties":{"udise":"08270301604","name":"G.P.S.NEDA PACHHOR","state":"RAJASTHAN","district":"DUNGARPUR","block":"ASPUR","indicator":"girls_toilet_nonfunctional"}},{"type":"Feature","geometry":{"type":"Point","coordinates":[74.08456,23.811]},"properties":{"udise":"08270400401","name":"G.P.S..SATIYA FALA","state":"RAJASTHAN","district":"DUNGARPUR","block":"SAGWARA","indicator":"girls_toilet_nonfunctional"}},{"type":"Feature","geometry":{"type":"Point","coordinates":[73.9436,23.4213]},"properties":{"udise":"08270604808","name":"AKLAVYA UPS. BHANDELA","state":"RAJASTHAN","district":"DUNGARPUR","block":"CHIKHALI","indicator":"girls_toilet_nonfunctional"}},{"type":"Feature","geometry":{"type":"Point","coordinates":[74.26145,23.89395]},"properties":{"udise":"08271008201","name":"G.SR.SEC.SCH.BOCHI","state":"RAJASTHAN","district":"DUNGARPUR","block":"SABLA","indicator":"girls_toilet_nonfunctional"}},{"type":"Feature","geometry":{"type":"Point","coordinates":[73.79215,23.59538]},"properties":{"udise":"08270511702","name":"G.P.S. AMADIYA FALA","state":"RAJASTHAN","district":"DUNGARPUR","block":"SIMALWARA","indicator":"girls_toilet_nonfunctional"}},{"type":"Feature","geometry":{"type":"Point","coordinates":[74.08605,23.76132]},"properties":{"udise":"08270401309","name":"H.V.U.P.S. SARODA","state":"RAJASTHAN","district":"DUNGARPUR","block":"SAGWARA","indicator":"girls_toilet_nonfunctional"}},{"type":"Feature","geometry":{"type":"Point","coordinates":[74.24413,23.90566]},"properties":{"udise":"08271001802","name":"G.P.S..NAJARPURA","state":"RAJASTHAN","district":"DUNGARPUR","block":"SABLA","indicator":"girls_toilet_nonfunctional"}},{"type":"Feature","geometry":{"type":"Point","coordinates":[73.521,23.91735]},"properties":{"udise":"08270106102","name":"G.U.P.S.MATHAPANVA","state":"RAJASTHAN","district":"DUNGARPUR","block":"BICCHIWARA","indicator":"girls_toilet_nonfunctional"}},{"type":"Feature","geometry":{"type":"Point","coordinates":[73.9513,23.40052]},"properties":{"udise":"08270607004","name":"MAA BADI PSK KHAKHRA FALA","state":"RAJASTHAN","district":"DUNGARPUR","block":"CHIKHALI","indicator":"girls_toilet_nonfunctional"}},{"type":"Feature","geometry":{"type":"Point","coordinates":[73.94463,23.81003]},"properties":{"udise":"08270700806","name":"G.P.S. KALIYA HELA","state":"RAJASTHAN","district":"DUNGARPUR","block":"DOVDA","indicator":"girls_toilet_nonfunctional"}},{"type":"Feature","geometry":{"type":"Point","coordinates":[73.84337,23.61152]},"properties":{"udise":"08270907116","name":"MAA BADI HARKODA BEDSA","state":"RAJASTHAN","district":"DUNGARPUR","block":"JHONTHARI","indicator":"girls_toilet_nonfunctional"}},{"type":"Feature","geometry":{"type":"Point","coordinates":[74.00763,23.5973]},"properties":{"udise":"08270800205","name":"G.P.S.DENDOR FALA","state":"RAJASTHAN","district":"DUNGARPUR","block":"GALIYAKOT","indicator":"girls_toilet_nonfunctional"}},{"type":"Feature","geometry":{"type":"Point","coordinates":[73.64063,23.76314]},"properties":{"udise":"08270222904","name":"G.P.S.SAMITER","state":"RAJASTHAN","district":"DUNGARPUR","block":"GAMDI AHARA","indicator":"girls_toilet_nonfunctional"}},{"type":"Feature","geometry":{"type":"Point","coordinates":[73.91713,23.49908]},"properties":{"udise":"08270603806","name":"MAA BAADI PS BARBOT FALA","state":"RAJASTHAN","district":"DUNGARPUR","block":"CHIKHALI","indicator":"girls_toilet_nonfunctional"}},{"type":"Feature","geometry":{"type":"Point","coordinates":[74.05992,23.8759]},"properties":{"udise":"08271004801","name":"G.SAN.U.P.S.NAYAGOAN BAVJI","state":"RAJASTHAN","district":"DUNGARPUR","block":"SABLA","indicator":"girls_toilet_nonfunctional"}},{"type":"Feature","geometry":{"type":"Point","coordinates":[73.92506,23.46477]},"properties":{"udise":"08270608501","name":"G.P.S..MITHI LIMDI","state":"RAJASTHAN","district":"DUNGARPUR","block":"CHIKHALI","indicator":"girls_toilet_nonfunctional"}},{"type":"Feature","geometry":{"type":"Point","coordinates":[73.9467,23.8503]},"properties":{"udise":"08270303302","name":"G.U.P.S. GAMIRPURA","state":"RAJASTHAN","district":"DUNGARPUR","block":"ASPUR","indicator":"girls_toilet_nonfunctional"}},{"type":"Feature","geometry":{"type":"Point","coordinates":[74.06708,23.64091]},"properties":{"udise":"08270401206","name":"G.P.S.LOKATWARA","state":"RAJASTHAN","district":"DUNGARPUR","block":"SAGWARA","indicator":"girls_toilet_nonfunctional"}},{"type":"Feature","geometry":{"type":"Point","coordinates":[74.0464,23.69117]},"properties":{"udise":"08270412302","name":"MAA BADI JHAKHEDA FALA BADLIYA","state":"RAJASTHAN","district":"DUNGARPUR","block":"SAGWARA","indicator":"girls_toilet_nonfunctional"}},{"type":"Feature","geometry":{"type":"Point","coordinates":[73.74298,23.69303]},"properties":{"udise":"08270904004","name":"G.P.S. MATABUCHIYA","state":"RAJASTHAN","district":"DUNGARPUR","block":"JHONTHARI","indicator":"girls_toilet_nonfunctional"}},{"type":"Feature","geometry":{"type":"Point","coordinates":[73.77147,23.85935]},"properties":{"udise":"08270705604","name":"G.P.S. KHARKHERA FALA MANPUR","state":"RAJASTHAN","district":"DUNGARPUR","block":"DOVDA","indicator":"girls_toilet_nonfunctional"}},{"type":"Feature","geometry":{"type":"Point","coordinates":[73.36628,23.78814]},"properties":{"udise":"08270108401","name":"G.SEC.S.PALI SODA","state":"RAJASTHAN","district":"DUNGARPUR","block":"BICCHIWARA","indicator":"girls_toilet_nonfunctional"}},{"type":"Feature","geometry":{"type":"Point","coordinates":[73.76041,23.68176]},"properties":{"udise":"08270904909","name":"G.P.S. BADELA","state":"RAJASTHAN","district":"DUNGARPUR","block":"JHONTHARI","indicator":"girls_toilet_nonfunctional"}},{"type":"Feature","geometry":{"type":"Point","coordinates":[74.0698,23.7013]},"properties":{"udise":"08270406003","name":"MAA BADI GIDAR GHATI HANELA","state":"RAJASTHAN","district":"DUNGARPUR","block":"SAGWARA","indicator":"girls_toilet_nonfunctional"}},{"type":"Feature","geometry":{"type":"Point","coordinates":[73.77075,23.65946]},"properties":{"udise":"08270903903","name":"G.P.S. REDA FALA","state":"RAJASTHAN","district":"DUNGARPUR","block":"JHONTHARI","indicator":"girls_toilet_nonfunctional"}},{"type":"Feature","geometry":{"type":"Point","coordinates":[73.67131,23.58481]},"properties":{"udise":"08270512708","name":"G.U.P.S.SANNAD FALA","state":"RAJASTHAN","district":"DUNGARPUR","block":"SIMALWARA","indicator":"girls_toilet_nonfunctional"}},{"type":"Feature","geometry":{"type":"Point","coordinates":[73.54739,23.90761]},"properties":{"udise":"08270103204","name":"G.P.S.GHORAVAGDARI","state":"RAJASTHAN","district":"DUNGARPUR","block":"PALDEVAL","indicator":"girls_toilet_nonfunctional"}},{"type":"Feature","geometry":{"type":"Point","coordinates":[73.90958,23.39176]},"properties":{"udise":"08270605605","name":"G.SR.SES.S.BAVDI","state":"RAJASTHAN","district":"DUNGARPUR","block":"CHIKHALI","indicator":"girls_toilet_nonfunctional"}},{"type":"Feature","geometry":{"type":"Point","coordinates":[73.39598,23.78435]},"properties":{"udise":"08270108403","name":"G.P.S. LILA BAS","state":"RAJASTHAN","district":"DUNGARPUR","block":"BICCHIWARA","indicator":"girls_toilet_nonfunctional"}},{"type":"Feature","geometry":{"type":"Point","coordinates":[73.83419,23.7265]},"properties":{"udise":"08270700204","name":"G.P.S. JHALARI","state":"RAJASTHAN","district":"DUNGARPUR","block":"DOVDA","indicator":"girls_toilet_nonfunctional"}},{"type":"Feature","geometry":{"type":"Point","coordinates":[73.95799,23.42752]},"properties":{"udise":"08270607906","name":"G.P.S.YADAV BASTI","state":"RAJASTHAN","district":"DUNGARPUR","block":"CHIKHALI","indicator":"girls_toilet_nonfunctional"}},{"type":"Feature","geometry":{"type":"Point","coordinates":[73.99367,23.75295]},"properties":{"udise":"08270404603","name":"G.P.S.KADWALA FALA","state":"RAJASTHAN","district":"DUNGARPUR","block":"SAGWARA","indicator":"girls_toilet_nonfunctional"}},{"type":"Feature","geometry":{"type":"Point","coordinates":[73.74596,23.73121]},"properties":{"udise":"08270903701","name":"G.P.S.AMLI FALA","state":"RAJASTHAN","district":"DUNGARPUR","block":"JHONTHARI","indicator":"girls_toilet_nonfunctional"}},{"type":"Feature","geometry":{"type":"Point","coordinates":[74.02177,23.71498]},"properties":{"udise":"08270406001","name":"G.P.S. HANELA","state":"RAJASTHAN","district":"DUNGARPUR","block":"SAGWARA","indicator":"girls_toilet_nonfunctional"}},{"type":"Feature","geometry":{"type":"Point","coordinates":[74.00451,23.65714]},"properties":{"udise":"08270418602","name":"V.N.U.P.S.P.COLONY","state":"RAJASTHAN","district":"DUNGARPUR","block":"SAGWARA","indicator":"girls_toilet_nonfunctional"}},{"type":"Feature","geometry":{"type":"Point","coordinates":[74.00935,23.64923]},"properties":{"udise":"08270410103","name":"G.P.S.BHAGORA FALA","state":"RAJASTHAN","district":"DUNGARPUR","block":"SAGWARA","indicator":"girls_toilet_nonfunctional"}}]}