{"type":"FeatureCollection","features":[{"type":"Feature","geometry":{"type":"Point","coordinates":[76.07259,24.01223]},"properties":{"udise":"23510302202","name":"SARASWATI SHISHU MANDIR","state":"MADHYA PRADESH","district":"AGAR MALWA","block":"SUSNER","indicator":"no_girls_toilet"}},{"type":"Feature","geometry":{"type":"Point","coordinates":[75.87929,23.60825]},"properties":{"udise":"23510806501","name":"PS SONCHIDI","state":"MADHYA PRADESH","district":"AGAR MALWA","block":"AGAR","indicator":"no_girls_toilet"}},{"type":"Feature","geometry":{"type":"Point","coordinates":[75.85091,23.75006]},"properties":{"udise":"23510108804","name":"PS NAGPURA MADKOTA","state":"MADHYA PRADESH","district":"AGAR MALWA","block":"BAROD","indicator":"no_girls_toilet"}},{"type":"Feature","geometry":{"type":"Point","coordinates":[75.73188,23.79246]},"properties":{"udise":"23510109601","name":"PS LOTIYA KISHANA","state":"MADHYA PRADESH","district":"AGAR MALWA","block":"BAROD","indicator":"no_girls_toilet"}},{"type":"Feature","geometry":{"type":"Point","coordinates":[75.92883,23.74956]},"properties":{"udise":"23510104101","name":"PS RAJA KHEDI JUNNAR","state":"MADHYA PRADESH","district":"AGAR MALWA","block":"BAROD","indicator":"no_girls_toilet"}},{"type":"Feature","geometry":{"type":"Point","coordinates":[76.16527,23.7532]},"properties":{"udise":"23510206801","name":"PS DHAROLA","state":"MADHYA PRADESH","district":"AGAR MALWA","block":"NALKHEDA","indicator":"no_girls_toilet"}},{"type":"Feature","geometry":{"type":"Point","coordinates":[76.16652,23.7476]},"properties":{"udise":"23510203004","name":"PS KHAMKHEDA LASUDLIYA KELWA","state":"MADHYA PRADESH","district":"AGAR MALWA","block":"NALKHEDA","indicator":"no_girls_toilet"}},{"type":"Feature","geometry":{"type":"Point","coordinates":[76.2341,23.4056]},"properties":{"udise":"23510205302","name":"MS PANALA","state":"MADHYA PRADESH","district":"AGAR MALWA","block":"NALKHEDA","indicator":"no_girls_toilet"}},{"type":"Feature","geometry":{"type":"Point","coordinates":[76.24976,23.1647]},"properties":{"udise":"23510202102","name":"PS NALKHEDA","state":"MADHYA PRADESH","district":"AGAR MALWA","block":"NALKHEDA","indicator":"no_girls_toilet"}},{"type":"Feature","geometry":{"type":"Point","coordinates":[76.21632,23.6323]},"properties":{"udise":"23510814201","name":"PS KOLUKHEDI","state":"MADHYA PRADESH","district":"AGAR MALWA","block":"AGAR","indicator":"no_girls_toilet"}},{"type":"Feature","geometry":{"type":"Point","coordinates":[76.01774,23.60607]},"properties":{"udise":"23510815202","name":"PS BANJARA DERA (KHIMAKHEDI)","state":"MADHYA PRADESH","district":"AGAR MALWA","block":"AGAR","indicator":"no_girls_toilet"}},{"type":"Feature","geometry":{"type":"Point","coordinates":[76.13728,23.61697]},"properties":{"udise":"23510807802","name":"PS DHANIKHEDI","state":"MADHYA PRADESH","district":"AGAR MALWA","block":"AGAR","indicator":"no_girls_toilet"}},{"type":"Feature","geometry":{"type":"Point","coordinates":[76.11384,23.6154]},"properties":{"udise":"23510812501","name":"PS MADANKHEDA","state":"MADHYA PRADESH","district":"AGAR MALWA","block":"AGAR","indicator":"no_girls_toilet"}},{"type":"Feature","geometry":{"type":"Point","coordinates":[76.0008,23.6018]},"properties":{"udise":"23510815201","name":"PS GANGUKHEDI","state":"MADHYA PRADESH","district":"AGAR MALWA","block":"AGAR","indicator":"no_girls_toilet"}},{"type":"Feature","geometry":{"type":"Point","coordinates":[76.95412,23.2134]},"properties":{"udise":"23510202001","name":"PS FENTI","state":"MADHYA PRADESH","district":"AGAR MALWA","block":"NALKHEDA","indicator":"no_girls_toilet"}},{"type":"Feature","geometry":{"type":"Point","coordinates":[75.796,23.58418]},"properties":{"udise":"23510816401","name":"PS LAKHA KHEDI","state":"MADHYA PRADESH","district":"AGAR MALWA","block":"AGAR","indicator":"no_girls_toilet"}},{"type":"Feature","geometry":{"type":"Point","coordinates":[76.98759,23.5479]},"properties":{"udise":"23510206302","name":"MS KARKDIYA","state":"MADHYA PRADESH","district":"AGAR MALWA","block":"NALKHEDA","indicator":"no_girls_toilet"}},{"type":"Feature","geometry":{"type":"Point","coordinates":[76.0059,23.80458]},"properties":{"udise":"23510111701","name":"PS RATANKHEDI","state":"MADHYA PRADESH","district":"AGAR MALWA","block":"BAROD","indicator":"no_girls_toilet"}},{"type":"Feature","geometry":{"type":"Point","coordinates":[76.32547,23.5478]},"properties":{"udise":"23510207601","name":"PS PADLIYA","state":"MADHYA PRADESH","district":"AGAR MALWA","block":"NALKHEDA","indicator":"no_girls_toilet"}},{"type":"Feature","geometry":{"type":"Point","coordinates":[76.9874,23.5487]},"properties":{"udise":"23510206703","name":"PS SURJANI DHANIYA KHEDI","state":"MADHYA PRADESH","district":"AGAR MALWA","block":"NALKHEDA","indicator":"no_girls_toilet"}},{"type":"Feature","geometry":{"type":"Point","coordinates":[76.14153,24.15915]},"properties":{"udise":"23510303503","name":"MS MOKHAMPURA","state":"MADHYA PRADESH","district":"AGAR MALWA","block":"SUSNER","indicator":"no_girls_toilet"}},{"type":"Feature","geometry":{"type":"Point","coordinates":[76.00744,23.92326]},"properties":{"udise":"23510113201","name":"PS DEHARIYA NANA","state":"MADHYA PRADESH","district":"AGAR MALWA","block":"BAROD","indicator":"no_girls_toilet"}},{"type":"Feature","geometry":{"type":"Point","coordinates":[76.03062,23.7772]},"properties":{"udise":"23510806101","name":"PS TOLA KHEDI","state":"MADHYA PRADESH","district":"AGAR MALWA","block":"AGAR","indicator":"no_girls_toilet"}},{"type":"Feature","geometry":{"type":"Point","coordinates":[75.83165,23.65241]},"properties":{"udise":"23510107201","name":"PS GARDA (PIPLON)","state":"MADHYA PRADESH","district":"AGAR MALWA","block":"BAROD","indicator":"no_girls_toilet"}},{"type":"Feature","geometry":{"type":"Point","coordinates":[75.69706,23.76322]},"properties":{"udise":"23510105302","name":"MS BARGADI","state":"MADHYA PRADESH","district":"AGAR MALWA","block":"BAROD","indicator":"no_girls_toilet"}},{"type":"Feature","geometry":{"type":"Point","coordinates":[76.16562,23.80816]},"properties":{"udise":"23510205503","name":"PS KHEDA BHEELKHEDI PATNA","state":"MADHYA PRADESH","district":"AGAR MALWA","block":"NALKHEDA","indicator":"no_girls_toilet"}},{"type":"Feature","geometry":{"type":"Point","coordinates":[76.16325,23.7479]},"properties":{"udise":"23510208801","name":"PS MOLIYA KHEDI","state":"MADHYA PRADESH","district":"AGAR MALWA","block":"NALKHEDA","indicator":"no_girls_toilet"}},{"type":"Feature","geometry":{"type":"Point","coordinates":[76.13557,23.77754]},"properties":{"udise":"23510817401","name":"MS BIJANAKHEDI","state":"MADHYA PRADESH","district":"AGAR MALWA","block":"AGAR","indicator":"no_girls_toilet"}},{"type":"Feature","geometry":{"type":"Point","coordinates":[76.32547,23.1254]},"properties":{"udise":"23510208704","name":"PS BANDH COLONY GURADIYA DEV","state":"MADHYA PRADESH","district":"AGAR MALWA","block":"NALKHEDA","indicator":"no_girls_toilet"}},{"type":"Feature","geometry":{"type":"Point","coordinates":[75.70529,23.77822]},"properties":{"udise":"23510105305","name":"MS DODHAR","state":"MADHYA PRADESH","district":"AGAR MALWA","block":"BAROD","indicator":"no_girls_toilet"}},{"type":"Feature","geometry":{"type":"Point","coordinates":[76.12548,23.1472]},"properties":{"udise":"23510202164","name":"SAGAR ACADAMY NALKHEDA","state":"MADHYA PRADESH","district":"AGAR MALWA","block":"NALKHEDA","indicator":"no_girls_toilet"}},{"type":"Feature","geometry":{"type":"Point","coordinates":[76.1064,23.6037]},"properties":{"udise":"23510805601","name":"PS GHOSALI","state":"MADHYA PRADESH","district":"AGAR MALWA","block":"AGAR","indicator":"no_girls_toilet"}},{"type":"Feature","geometry":{"type":"Point","coordinates":[76.06007,23.75017]},"properties":{"udise":"23510815301","name":"PS BHANPURA","state":"MADHYA PRADESH","district":"AGAR MALWA","block":"AGAR","indicator":"no_girls_toilet"}},{"type":"Feature","geometry":{"type":"Point","coordinates":[76.0515,23.75898]},"properties":{"udise":"23510815101","name":"PS LASUDLI","state":"MADHYA PRADESH","district":"AGAR MALWA","block":"AGAR","indicator":"no_girls_toilet"}},{"type":"Feature","geometry":{"type":"Point","coordinates":[76.11622,23.93555]},"properties":{"udise":"23510300411","name":"PS BANJARA KA KHEDA MODI","state":"MADHYA PRADESH","district":"AGAR MALWA","block":"SUSNER","indicator":"no_girls_toilet"}},{"type":"Feature","geometry":{"type":"Point","coordinates":[76.06221,23.5044]},"properties":{"udise":"23510807003","name":"PS MAU KHORA CHAK BADA BEED","state":"MADHYA PRADESH","district":"AGAR MALWA","block":"AGAR","indicator":"no_girls_toilet"}},{"type":"Feature","geometry":{"type":"Point","coordinates":[75.74024,23.80964]},"properties":{"udise":"23510102002","name":"MS RAMAKHEDI","state":"MADHYA PRADESH","district":"AGAR MALWA","block":"BAROD","indicator":"no_girls_toilet"}},{"type":"Feature","geometry":{"type":"Point","coordinates":[76.02319,23.57912]},"properties":{"udise":"23510803602","name":"MS RANAYARA RATHOR","state":"MADHYA PRADESH","district":"AGAR MALWA","block":"AGAR","indicator":"no_girls_toilet"}},{"type":"Feature","geometry":{"type":"Point","coordinates":[76.45688,23.54756]},"properties":{"udise":"23510207801","name":"PS BANSIYA","state":"MADHYA PRADESH","district":"AGAR MALWA","block":"NALKHEDA","indicator":"no_girls_toilet"}},{"type":"Feature","geometry":{"type":"Point","coordinates":[76.11748,23.81353]},"properties":{"udise":"23510813202","name":"MS LAXMI KHEDA","state":"MADHYA PRADESH","district":"AGAR MALWA","block":"AGAR","indicator":"no_girls_toilet"}},{"type":"Feature","geometry":{"type":"Point","coordinates":[76.36974,23.25412]},"properties":{"udise":"23510205201","name":"PS BISNI","state":"MADHYA PRADESH","district":"AGAR MALWA","block":"NALKHEDA","indicator":"no_girls_toilet"}},{"type":"Feature","geometry":{"type":"Point","coordinates":[75.95455,23.89234]},"properties":{"udise":"23510106103","name":"PS RANAYRA KELWA KA KHEDA","state":"MADHYA PRADESH","district":"AGAR MALWA","block":"BAROD","indicator":"no_girls_toilet"}},{"type":"Feature","geometry":{"type":"Point","coordinates":[75.87355,23.63432]},"properties":{"udise":"23510107401","name":"PS PIPALIYA SADIKPUR","state":"MADHYA PRADESH","district":"AGAR MALWA","block":"BAROD","indicator":"no_girls_toilet"}},{"type":"Feature","geometry":{"type":"Point","coordinates":[76.16232,23.7463]},"properties":{"udise":"23510201801","name":"PS PACHLANA","state":"MADHYA PRADESH","district":"AGAR MALWA","block":"NALKHEDA","indicator":"no_girls_toilet"}},{"type":"Feature","geometry":{"type":"Point","coordinates":[76.25837,23.52147]},"properties":{"udise":"23510206702","name":"MS DHANIYA KHEDI","state":"MADHYA PRADESH","district":"AGAR MALWA","block":"NALKHEDA","indicator":"no_girls_toilet"}},{"type":"Feature","geometry":{"type":"Point","coordinates":[75.8063,23.7909]},"properties":{"udise":"23510110833","name":"ESHAN PUBLICE SCHOOL BAROD","state":"MADHYA PRADESH","district":"AGAR MALWA","block":"BAROD","indicator":"no_girls_toilet"}},{"type":"Feature","geometry":{"type":"Point","coordinates":[75.86664,23.8259]},"properties":{"udise":"23510100601","name":"PS TONKDA","state":"MADHYA PRADESH","district":"AGAR MALWA","block":"BAROD","indicator":"no_girls_toilet"}},{"type":"Feature","geometry":{"type":"Point","coordinates":[75.87403,23.56587]},"properties":{"udise":"23510801603","name":"MS THIKRIYA","state":"MADHYA PRADESH","district":"AGAR MALWA","block":"AGAR","indicator":"no_girls_toilet"}},{"type":"Feature","geometry":{"type":"Point","coordinates":[75.87768,23.63787]},"properties":{"udise":"23510804206","name":"MS PIPLON KALA","state":"MADHYA PRADESH","district":"AGAR MALWA","block":"AGAR","indicator":"no_girls_toilet"}},{"type":"Feature","geometry":{"type":"Point","coordinates":[76.04685,23.64315]},"properties":{"udise":"23510802410","name":"PS AMBA CHHAPRA","state":"MADHYA PRADESH","district":"AGAR MALWA","block":"AGAR","indicator":"no_girls_toilet"}},{"type":"Feature","geometry":{"type":"Point","coordinates":[75.9405,23.55824]},"properties":{"udise":"23510802303","name":"PS SUTHELI KA KHEDA","state":"MADHYA PRADESH","district":"AGAR MALWA","block":"AGAR","indicator":"no_girls_toilet"}},{"type":"Feature","geometry":{"type":"Point","coordinates":[76.14559,23.58133]},"properties":{"udise":"23510817802","name":"PS SANAWADI KA MAJRA","state":"MADHYA PRADESH","district":"AGAR MALWA","block":"AGAR","indicator":"no_girls_toilet"}},{"type":"Feature","geometry":{"type":"Point","coordinates":[76.32145,23.45678]},"properties":{"udise":"23510200801","name":"PS ROOPARAIL","state":"MADHYA PRADESH","district":"AGAR MALWA","block":"NALKHEDA","indicator":"no_girls_toilet"}},{"type":"Feature","geometry":{"type":"Point","coordinates":[76.16658,23.7455]},"properties":{"udise":"23510200205","name":"MS SUIGOAN","state":"MADHYA PRADESH","district":"AGAR MALWA","block":"NALKHEDA","indicator":"no_girls_toilet"}},{"type":"Feature","geometry":{"type":"Point","coordinates":[75.92871,23.74965]},"properties":{"udise":"23510104503","name":"MS KUNDIKHEDA","state":"MADHYA PRADESH","district":"AGAR MALWA","block":"BAROD","indicator":"no_girls_toilet"}},{"type":"Feature","geometry":{"type":"Point","coordinates":[75.98894,23.82309]},"properties":{"udise":"23510111801","name":"PS UMARPUR","state":"MADHYA PRADESH","district":"AGAR MALWA","block":"BAROD","indicator":"no_girls_toilet"}},{"type":"Feature","geometry":{"type":"Point","coordinates":[75.90158,23.72272]},"properties":{"udise":"23510107901","name":"PS SEWAKHEDI","state":"MADHYA PRADESH","district":"AGAR MALWA","block":"BAROD","indicator":"no_girls_toilet"}},{"type":"Feature","geometry":{"type":"Point","coordinates":[75.93268,23.60072]},"properties":{"udise":"23510802501","name":"PS THADODA","state":"MADHYA PRADESH","district":"AGAR MALWA","block":"AGAR","indicator":"no_girls_toilet"}},{"type":"Feature","geometry":{"type":"Point","coordinates":[76.16665,23.7441]},"properties":{"udise":"23510207502","name":"MS SIYA","state":"MADHYA PRADESH","district":"AGAR MALWA","block":"NALKHEDA","indicator":"no_girls_toilet"}},{"type":"Feature","geometry":{"type":"Point","coordinates":[76.16527,23.7532]},"properties":{"udise":"23510206806","name":"PS NAI AVAS CALONI DHAROLA","state":"MADHYA PRADESH","district":"AGAR MALWA","block":"NALKHEDA","indicator":"no_girls_toilet"}},{"type":"Feature","geometry":{"type":"Point","coordinates":[76.3254,23.1458]},"properties":{"udise":"23510201601","name":"PS PAGARIYA","state":"MADHYA PRADESH","district":"AGAR MALWA","block":"NALKHEDA","indicator":"no_girls_toilet"}},{"type":"Feature","geometry":{"type":"Point","coordinates":[76.01979,23.7216]},"properties":{"udise":"23510809401","name":"PS DUDH PURA","state":"MADHYA PRADESH","district":"AGAR MALWA","block":"AGAR","indicator":"no_girls_toilet"}},{"type":"Feature","geometry":{"type":"Point","coordinates":[75.78701,23.79781]},"properties":{"udise":"23510111601","name":"PS PIPALIYA VIJAY","state":"MADHYA PRADESH","district":"AGAR MALWA","block":"BAROD","indicator":"no_girls_toilet"}},{"type":"Feature","geometry":{"type":"Point","coordinates":[76.36716,23.35716]},"properties":{"udise":"23510207702","name":"MS KABULI","state":"MADHYA PRADESH","district":"AGAR MALWA","block":"NALKHEDA","indicator":"no_girls_toilet"}},{"type":"Feature","geometry":{"type":"Point","coordinates":[76.18973,23.55875]},"properties":{"udise":"23510812404","name":"PS BHATPURA FATEHPUR MENDAKI","state":"MADHYA PRADESH","district":"AGAR MALWA","block":"AGAR","indicator":"no_girls_toilet"}},{"type":"Feature","geometry":{"type":"Point","coordinates":[76.21659,23.93616]},"properties":{"udise":"23510300502","name":"PS ANTRALIYA","state":"MADHYA PRADESH","district":"AGAR MALWA","block":"SUSNER","indicator":"girls_toilet_nonfunctional"}},{"type":"Feature","geometry":{"type":"Point","coordinates":[75.79354,23.81887]},"properties":{"udise":"23510110601","name":"PS JAHANGIR PURA","state":"MADHYA PRADESH","district":"AGAR MALWA","block":"BAROD","indicator":"girls_toilet_nonfunctional"}},{"type":"Feature","geometry":{"type":"Point","coordinates":[76.04464,23.64916]},"properties":{"udise":"23510805503","name":"PS KANKAR BARDI ARNIYA","state":"MADHYA PRADESH","district":"AGAR MALWA","block":"AGAR","indicator":"girls_toilet_nonfunctional"}},{"type":"Feature","geometry":{"type":"Point","coordinates":[75.78925,23.81796]},"properties":{"udise":"23510110604","name":"MS JAHANGIR PURA","state":"MADHYA PRADESH","district":"AGAR MALWA","block":"BAROD","indicator":"girls_toilet_nonfunctional"}},{"type":"Feature","geometry":{"type":"Point","coordinates":[76.06513,23.73581]},"properties":{"udise":"23510803204","name":"PS BASANT BARDA CHIKALI GOYAL","state":"MADHYA PRADESH","district":"AGAR MALWA","block":"AGAR","indicator":"girls_toilet_nonfunctional"}},{"type":"Feature","geometry":{"type":"Point","coordinates":[76.13926,24.18007]},"properties":{"udise":"23510309901","name":"PS BIJNAKHEDI","state":"MADHYA PRADESH","district":"AGAR MALWA","block":"SUSNER","indicator":"girls_toilet_nonfunctional"}},{"type":"Feature","geometry":{"type":"Point","coordinates":[76.01328,23.50559]},"properties":{"udise":"23510101103","name":"PS PIPALIYA GHATA KA KHEDA","state":"MADHYA PRADESH","district":"AGAR MALWA","block":"BAROD","indicator":"girls_toilet_nonfunctional"}},{"type":"Feature","geometry":{"type":"Point","coordinates":[76.08556,23.89211]},"properties":{"udise":"23510305902","name":"MS KHANOTA","state":"MADHYA PRADESH","district":"AGAR MALWA","block":"SUSNER","indicator":"girls_toilet_nonfunctional"}},{"type":"Feature","geometry":{"type":"Point","coordinates":[76.04251,23.43138]},"properties":{"udise":"23510809817","name":"GURUKUL SCHOOL FOR EXCELLENCE AGAR MALWA","state":"MADHYA PRADESH","district":"AGAR MALWA","block":"AGAR","indicator":"girls_toilet_nonfunctional"}},{"type":"Feature","geometry":{"type":"Point","coordinates":[75.90894,23.8351]},"properties":{"udise":"23510105001","name":"PRIMARY SCHOOL","state":"MADHYA PRADESH","district":"AGAR MALWA","block":"BAROD","indicator":"girls_toilet_nonfunctional"}},{"type":"Feature","geometry":{"type":"Point","coordinates":[76.1526,23.6153]},"properties":{"udise":"23510811201","name":"PS KUNDALA KHURD","state":"MADHYA PRADESH","district":"AGAR MALWA","block":"AGAR","indicator":"girls_toilet_nonfunctional"}},{"type":"Feature","geometry":{"type":"Point","coordinates":[76.1284,23.71407]},"properties":{"udise":"23510800902","name":"MS PACHORA","state":"MADHYA PRADESH","district":"AGAR MALWA","block":"AGAR","indicator":"girls_toilet_nonfunctional"}},{"type":"Feature","geometry":{"type":"Point","coordinates":[76.11799,23.60561]},"properties":{"udise":"23510816001","name":"PS KRAPALPUR","state":"MADHYA PRADESH","district":"AGAR MALWA","block":"AGAR","indicator":"girls_toilet_nonfunctional"}},{"type":"Feature","geometry":{"type":"Point","coordinates":[76.11746,23.97281]},"properties":{"udise":"23510304601","name":"PS BADIYA","state":"MADHYA PRADESH","district":"AGAR MALWA","block":"SUSNER","indicator":"girls_toilet_nonfunctional"}},{"type":"Feature","geometry":{"type":"Point","coordinates":[76.11857,23.76937]},"properties":{"udise":"23510813902","name":"PS KHEDA MADHOPUR","state":"MADHYA PRADESH","district":"AGAR MALWA","block":"AGAR","indicator":"girls_toilet_nonfunctional"}},{"type":"Feature","geometry":{"type":"Point","coordinates":[76.1656,24.24897]},"properties":{"udise":"23510308108","name":"AADARSH VIDHYA NIKETAN DONGARGAON (PS-6693)","state":"MADHYA PRADESH","district":"AGAR MALWA","block":"SUSNER","indicator":"girls_toilet_nonfunctional"}},{"type":"Feature","geometry":{"type":"Point","coordinates":[76.07274,23.98734]},"properties":{"udise":"23510301302","name":"MS BORKHEDI KAWAL","state":"MADHYA PRADESH","district":"AGAR MALWA","block":"SUSNER","indicator":"girls_toilet_nonfunctional"}},{"type":"Feature","geometry":{"type":"Point","coordinates":[76.18869,23.5811]},"properties":{"udise":"23510808905","name":"PS NAI BASTI CHANDAN GAON","state":"MADHYA PRADESH","district":"AGAR MALWA","block":"AGAR","indicator":"girls_toilet_nonfunctional"}},{"type":"Feature","geometry":{"type":"Point","coordinates":[76.08987,23.94729]},"properties":{"udise":"23510300428","name":"PUSHPAD ACADMY SUSNER","state":"MADHYA PRADESH","district":"AGAR MALWA","block":"SUSNER","indicator":"girls_toilet_nonfunctional"}},{"type":"Feature","geometry":{"type":"Point","coordinates":[75.77685,23.83581]},"properties":{"udise":"23510109902","name":"MS KHANDVAS","state":"MADHYA PRADESH","district":"AGAR MALWA","block":"BAROD","indicator":"girls_toilet_nonfunctional"}},{"type":"Feature","geometry":{"type":"Point","coordinates":[76.20784,24.12161]},"properties":{"udise":"23510309101","name":"PS SOYATKHURD","state":"MADHYA PRADESH","district":"AGAR MALWA","block":"SUSNER","indicator":"girls_toilet_nonfunctional"}},{"type":"Feature","geometry":{"type":"Point","coordinates":[75.81632,23.71565]},"properties":{"udise":"23510108901","name":"PS AASANDHYA","state":"MADHYA PRADESH","district":"AGAR MALWA","block":"BAROD","indicator":"girls_toilet_nonfunctional"}},{"type":"Feature","geometry":{"type":"Point","coordinates":[76.08817,24.06832]},"properties":{"udise":"23510304603","name":"PS BADIYA KA KHEDA","state":"MADHYA PRADESH","district":"AGAR MALWA","block":"SUSNER","indicator":"girls_toilet_nonfunctional"}},{"type":"Feature","geometry":{"type":"Point","coordinates":[75.98987,23.88578]},"properties":{"udise":"23510113303","name":"MS GANGAPUR","state":"MADHYA PRADESH","district":"AGAR MALWA","block":"BAROD","indicator":"girls_toilet_nonfunctional"}},{"type":"Feature","geometry":{"type":"Point","coordinates":[75.76381,23.84169]},"properties":{"udise":"23510110001","name":"PS DURG PURA","state":"MADHYA PRADESH","district":"AGAR MALWA","block":"BAROD","indicator":"girls_toilet_nonfunctional"}},{"type":"Feature","geometry":{"type":"Point","coordinates":[76.1695,24.23684]},"properties":{"udise":"23510308104","name":"JAYKISAN P.S. DONGAR GAON","state":"MADHYA PRADESH","district":"AGAR MALWA","block":"SUSNER","indicator":"girls_toilet_nonfunctional"}},{"type":"Feature","geometry":{"type":"Point","coordinates":[76.07255,24.01223]},"properties":{"udise":"23510302401","name":"PS SATRUKHEDI","state":"MADHYA PRADESH","district":"AGAR MALWA","block":"SUSNER","indicator":"girls_toilet_nonfunctional"}},{"type":"Feature","geometry":{"type":"Point","coordinates":[76.01193,23.79027]},"properties":{"udise":"23510112201","name":"PS KANKARIYA","state":"MADHYA PRADESH","district":"AGAR MALWA","block":"BAROD","indicator":"girls_toilet_nonfunctional"}},{"type":"Feature","geometry":{"type":"Point","coordinates":[76.00768,23.86777]},"properties":{"udise":"23510105801","name":"PS RLAETI","state":"MADHYA PRADESH","district":"AGAR MALWA","block":"BAROD","indicator":"girls_toilet_nonfunctional"}},{"type":"Feature","geometry":{"type":"Point","coordinates":[75.84741,23.62717]},"properties":{"udise":"23510107301","name":"PS ALSIYA","state":"MADHYA PRADESH","district":"AGAR MALWA","block":"BAROD","indicator":"girls_toilet_nonfunctional"}},{"type":"Feature","geometry":{"type":"Point","coordinates":[76.18555,23.59825]},"properties":{"udise":"23510808906","name":"BALLVEER GYAN MANDIR CHANDAN GAON (PS-2115)","state":"MADHYA PRADESH","district":"AGAR MALWA","block":"AGAR","indicator":"girls_toilet_nonfunctional"}},{"type":"Feature","geometry":{"type":"Point","coordinates":[75.94223,23.59407]},"properties":{"udise":"23510803106","name":"MS TANODIYA","state":"MADHYA PRADESH","district":"AGAR MALWA","block":"AGAR","indicator":"girls_toilet_nonfunctional"}},{"type":"Feature","geometry":{"type":"Point","coordinates":[76.1417,23.6314]},"properties":{"udise":"23510815801","name":"PS ANANDPUR","state":"MADHYA PRADESH","district":"AGAR MALWA","block":"AGAR","indicator":"girls_toilet_nonfunctional"}},{"type":"Feature","geometry":{"type":"Point","coordinates":[76.14,24.07]},"properties":{"udise":"23510310502","name":"MS DHATURIA","state":"MADHYA PRADESH","district":"AGAR MALWA","block":"SUSNER","indicator":"girls_toilet_nonfunctional"}},{"type":"Feature","geometry":{"type":"Point","coordinates":[75.90258,23.72282]},"properties":{"udise":"23510100103","name":"PS SEVAKHEDI KA KHEDA KANGNIKHEDA","state":"MADHYA PRADESH","district":"AGAR MALWA","block":"BAROD","indicator":"girls_toilet_nonfunctional"}},{"type":"Feature","geometry":{"type":"Point","coordinates":[76.04492,24.06055]},"properties":{"udise":"23510306002","name":"MS KHORIYA","state":"MADHYA PRADESH","district":"AGAR MALWA","block":"SUSNER","indicator":"girls_toilet_nonfunctional"}},{"type":"Feature","geometry":{"type":"Point","coordinates":[76.01446,23.7124]},"properties":{"udise":"23510804004","name":"PS HATPURA AGAR","state":"MADHYA PRADESH","district":"AGAR MALWA","block":"AGAR","indicator":"girls_toilet_nonfunctional"}},{"type":"Feature","geometry":{"type":"Point","coordinates":[76.20808,23.99645]},"properties":{"udise":"23510300412","name":"PS BAGRI KA KHEDA MODI","state":"MADHYA PRADESH","district":"AGAR MALWA","block":"SUSNER","indicator":"girls_toilet_nonfunctional"}},{"type":"Feature","geometry":{"type":"Point","coordinates":[75.89451,23.68957]},"properties":{"udise":"23510107703","name":"MS NIPNIY HNUMN","state":"MADHYA PRADESH","district":"AGAR MALWA","block":"BAROD","indicator":"girls_toilet_nonfunctional"}},{"type":"Feature","geometry":{"type":"Point","coordinates":[75.92877,23.7467]},"properties":{"udise":"23510105903","name":"MS GIROLI","state":"MADHYA PRADESH","district":"AGAR MALWA","block":"BAROD","indicator":"girls_toilet_nonfunctional"}},{"type":"Feature","geometry":{"type":"Point","coordinates":[75.87081,23.82642]},"properties":{"udise":"23510101402","name":"MS EKLERA","state":"MADHYA PRADESH","district":"AGAR MALWA","block":"BAROD","indicator":"girls_toilet_nonfunctional"}},{"type":"Feature","geometry":{"type":"Point","coordinates":[76.08344,23.98363]},"properties":{"udise":"23510302701","name":"PS DHANIYA KHEDI","state":"MADHYA PRADESH","district":"AGAR MALWA","block":"SUSNER","indicator":"girls_toilet_nonfunctional"}},{"type":"Feature","geometry":{"type":"Point","coordinates":[76.01322,23.50555]},"properties":{"udise":"23510101102","name":"MS PIPLIYA GHATA","state":"MADHYA PRADESH","district":"AGAR MALWA","block":"BAROD","indicator":"girls_toilet_nonfunctional"}},{"type":"Feature","geometry":{"type":"Point","coordinates":[76.14047,23.61612]},"properties":{"udise":"23510817101","name":"MS GHANIKHEDI","state":"MADHYA PRADESH","district":"AGAR MALWA","block":"AGAR","indicator":"girls_toilet_nonfunctional"}},{"type":"Feature","geometry":{"type":"Point","coordinates":[76.1807,24.05352]},"properties":{"udise":"23510311001","name":"PS GAGRONI KA KHEDA","state":"MADHYA PRADESH","district":"AGAR MALWA","block":"SUSNER","indicator":"girls_toilet_nonfunctional"}},{"type":"Feature","geometry":{"type":"Point","coordinates":[76.36979,23.54623]},"properties":{"udise":"23510207902","name":"MS BAIGOAN","state":"MADHYA PRADESH","district":"AGAR MALWA","block":"NALKHEDA","indicator":"girls_toilet_nonfunctional"}},{"type":"Feature","geometry":{"type":"Point","coordinates":[77.61423,22.68795]},"properties":{"udise":"23510110402","name":"MS BAPCHA","state":"MADHYA PRADESH","district":"AGAR MALWA","block":"BAROD","indicator":"girls_toilet_nonfunctional"}},{"type":"Feature","geometry":{"type":"Point","coordinates":[76.08116,23.64196]},"properties":{"udise":"23510813002","name":"MS TILWARIYA","state":"MADHYA PRADESH","district":"AGAR MALWA","block":"AGAR","indicator":"girls_toilet_nonfunctional"}},{"type":"Feature","geometry":{"type":"Point","coordinates":[75.89216,23.80756]},"properties":{"udise":"23510103301","name":"PS RAPDI","state":"MADHYA PRADESH","district":"AGAR MALWA","block":"BAROD","indicator":"girls_toilet_nonfunctional"}},{"type":"Feature","geometry":{"type":"Point","coordinates":[76.17108,23.98285]},"properties":{"udise":"23510306202","name":"MS NIPANIYA","state":"MADHYA PRADESH","district":"AGAR MALWA","block":"SUSNER","indicator":"girls_toilet_nonfunctional"}},{"type":"Feature","geometry":{"type":"Point","coordinates":[76.20008,24.11862]},"properties":{"udise":"23510311601","name":"EGA PRATAP PURA","state":"MADHYA PRADESH","district":"AGAR MALWA","block":"SUSNER","indicator":"girls_toilet_nonfunctional"}},{"type":"Feature","geometry":{"type":"Point","coordinates":[75.9861,24.00692]},"properties":{"udise":"23510300701","name":"PS SEMLI","state":"MADHYA PRADESH","district":"AGAR MALWA","block":"SUSNER","indicator":"girls_toilet_nonfunctional"}},{"type":"Feature","geometry":{"type":"Point","coordinates":[75.99289,23.71542]},"properties":{"udise":"23510808603","name":"SHIVANSH CONVENT SCHOOL KUNDIKHEDA ROAD AGAR MALWA","state":"MADHYA PRADESH","district":"AGAR MALWA","block":"AGAR","indicator":"girls_toilet_nonfunctional"}},{"type":"Feature","geometry":{"type":"Point","coordinates":[76.20572,24.13683]},"properties":{"udise":"23510311501","name":"EGA DULIAKHEDI","state":"MADHYA PRADESH","district":"AGAR MALWA","block":"SUSNER","indicator":"girls_toilet_nonfunctional"}},{"type":"Feature","geometry":{"type":"Point","coordinates":[76.00007,23.71759]},"properties":{"udise":"23510809814","name":"RAJTILAK JUNIOR COLLAGE AGAR MAWLA","state":"MADHYA PRADESH","district":"AGAR MALWA","block":"AGAR","indicator":"girls_toilet_nonfunctional"}},{"type":"Feature","geometry":{"type":"Point","coordinates":[76.1452,23.92072]},"properties":{"udise":"23510305402","name":"PS (CHAK) CHHAPRIYA","state":"MADHYA PRADESH","district":"AGAR MALWA","block":"SUSNER","indicator":"girls_toilet_nonfunctional"}},{"type":"Feature","geometry":{"type":"Point","coordinates":[76.11854,23.96917]},"properties":{"udise":"23510306401","name":"PS KAYRA","state":"MADHYA PRADESH","district":"AGAR MALWA","block":"SUSNER","indicator":"girls_toilet_nonfunctional"}},{"type":"Feature","geometry":{"type":"Point","coordinates":[76.10307,23.93622]},"properties":{"udise":"23510305703","name":"GYAN JYOTI V.M. AMLA NANKAR","state":"MADHYA PRADESH","district":"AGAR MALWA","block":"SUSNER","indicator":"girls_toilet_nonfunctional"}},{"type":"Feature","geometry":{"type":"Point","coordinates":[75.93825,23.62014]},"properties":{"udise":"23510311401","name":"PS TRILOKPURA","state":"MADHYA PRADESH","district":"AGAR MALWA","block":"SUSNER","indicator":"girls_toilet_nonfunctional"}},{"type":"Feature","geometry":{"type":"Point","coordinates":[76.1071,23.71603]},"properties":{"udise":"23510810302","name":"MS PIPALYA KUMAR","state":"MADHYA PRADESH","district":"AGAR MALWA","block":"AGAR","indicator":"girls_toilet_nonfunctional"}},{"type":"Feature","geometry":{"type":"Point","coordinates":[75.89709,23.63399]},"properties":{"udise":"23510810903","name":"MS PIPLON KHURD","state":"MADHYA PRADESH","district":"AGAR MALWA","block":"AGAR","indicator":"girls_toilet_nonfunctional"}},{"type":"Feature","geometry":{"type":"Point","coordinates":[76.18725,24.17116]},"properties":{"udise":"23510309003","name":"MS KHERIYA SOYAT","state":"MADHYA PRADESH","district":"AGAR MALWA","block":"SUSNER","indicator":"girls_toilet_nonfunctional"}},{"type":"Feature","geometry":{"type":"Point","coordinates":[76.07255,24.01223]},"properties":{"udise":"23510302301","name":"PS GURADI","state":"MADHYA PRADESH","district":"AGAR MALWA","block":"SUSNER","indicator":"girls_toilet_nonfunctional"}},{"type":"Feature","geometry":{"type":"Point","coordinates":[75.97574,23.99102]},"properties":{"udise":"23510300902","name":"MS GARDA","state":"MADHYA PRADESH","district":"AGAR MALWA","block":"SUSNER","indicator":"girls_toilet_nonfunctional"}},{"type":"Feature","geometry":{"type":"Point","coordinates":[75.78496,23.75746]},"properties":{"udise":"23510110903","name":"SWAMI VIVEKANAND PUBLIC SCHOOL BHIMAKHEDI","state":"MADHYA PRADESH","district":"AGAR MALWA","block":"BAROD","indicator":"girls_toilet_nonfunctional"}},{"type":"Feature","geometry":{"type":"Point","coordinates":[75.82684,23.6723]},"properties":{"udise":"23510108201","name":"PS MANJU KHEDI","state":"MADHYA PRADESH","district":"AGAR MALWA","block":"BAROD","indicator":"girls_toilet_nonfunctional"}},{"type":"Feature","geometry":{"type":"Point","coordinates":[76.1588,23.58224]},"properties":{"udise":"23510816502","name":"PS NANDUKHEDI SANAWADA","state":"MADHYA PRADESH","district":"AGAR MALWA","block":"AGAR","indicator":"girls_toilet_nonfunctional"}},{"type":"Feature","geometry":{"type":"Point","coordinates":[76.13241,23.96306]},"properties":{"udise":"23510306101","name":"PS NANDANA","state":"MADHYA PRADESH","district":"AGAR MALWA","block":"SUSNER","indicator":"girls_toilet_nonfunctional"}},{"type":"Feature","geometry":{"type":"Point","coordinates":[75.96787,23.67304]},"properties":{"udise":"23510804501","name":"PS DHOTI","state":"MADHYA PRADESH","district":"AGAR MALWA","block":"AGAR","indicator":"girls_toilet_nonfunctional"}},{"type":"Feature","geometry":{"type":"Point","coordinates":[76.08651,23.94829]},"properties":{"udise":"23510300124","name":"SHREE AKSHPAD VIDYA MANDIR SUSNER (PS-8336)","state":"MADHYA PRADESH","district":"AGAR MALWA","block":"SUSNER","indicator":"girls_toilet_nonfunctional"}},{"type":"Feature","geometry":{"type":"Point","coordinates":[76.05371,23.65451]},"properties":{"udise":"23510802411","name":"SHREE DEV ACADEMY BHYANA","state":"MADHYA PRADESH","district":"AGAR MALWA","block":"AGAR","indicator":"girls_toilet_nonfunctional"}},{"type":"Feature","geometry":{"type":"Point","coordinates":[78.32654,23.4587]},"properties":{"udise":"23510202139","name":"MOTHER KARNI CONVENT SCHOOL NALKHEDA","state":"MADHYA PRADESH","district":"AGAR MALWA","block":"NALKHEDA","indicator":"girls_toilet_nonfunctional"}},{"type":"Feature","geometry":{"type":"Point","coordinates":[75.86571,23.70054]},"properties":{"udise":"23510108505","name":"PS DEVPURA SUDVAS","state":"MADHYA PRADESH","district":"AGAR MALWA","block":"BAROD","indicator":"girls_toilet_nonfunctional"}},{"type":"Feature","geometry":{"type":"Point","coordinates":[76.08322,23.73401]},"properties":{"udise":"23510803202","name":"PS CHIKLI GOYAL","state":"MADHYA PRADESH","district":"AGAR MALWA","block":"AGAR","indicator":"girls_toilet_nonfunctional"}},{"type":"Feature","geometry":{"type":"Point","coordinates":[76.35584,23.80353]},"properties":{"udise":"23510204904","name":"PS MAHENDRI GOYAL","state":"MADHYA PRADESH","district":"AGAR MALWA","block":"NALKHEDA","indicator":"girls_toilet_nonfunctional"}},{"type":"Feature","geometry":{"type":"Point","coordinates":[76.04341,23.88752]},"properties":{"udise":"23510101802","name":"MS SARANGAKHEDI","state":"MADHYA PRADESH","district":"AGAR MALWA","block":"BAROD","indicator":"girls_toilet_nonfunctional"}},{"type":"Feature","geometry":{"type":"Point","coordinates":[76.22662,24.03198]},"properties":{"udise":"23510303401","name":"PS BAJANA","state":"MADHYA PRADESH","district":"AGAR MALWA","block":"SUSNER","indicator":"girls_toilet_nonfunctional"}},{"type":"Feature","geometry":{"type":"Point","coordinates":[76.25837,23.84757]},"properties":{"udise":"23510202121","name":"GURUKUL CONVENT HSS NALKHEDA","state":"MADHYA PRADESH","district":"AGAR MALWA","block":"NALKHEDA","indicator":"girls_toilet_nonfunctional"}},{"type":"Feature","geometry":{"type":"Point","coordinates":[76.06622,23.9174]},"properties":{"udise":"23510306302","name":"MS MNAHARKHEDA","state":"MADHYA PRADESH","district":"AGAR MALWA","block":"SUSNER","indicator":"girls_toilet_nonfunctional"}},{"type":"Feature","geometry":{"type":"Point","coordinates":[76.0228,23.63821]},"properties":{"udise":"23510813601","name":"PS BHADWA","state":"MADHYA PRADESH","district":"AGAR MALWA","block":"AGAR","indicator":"girls_toilet_nonfunctional"}},{"type":"Feature","geometry":{"type":"Point","coordinates":[75.86264,23.61826]},"properties":{"udise":"23510102702","name":"MS LALAKHEDI","state":"MADHYA PRADESH","district":"AGAR MALWA","block":"BAROD","indicator":"girls_toilet_nonfunctional"}},{"type":"Feature","geometry":{"type":"Point","coordinates":[76.0568,24.06591]},"properties":{"udise":"23510302601","name":"PS FARASPURA","state":"MADHYA PRADESH","district":"AGAR MALWA","block":"SUSNER","indicator":"girls_toilet_nonfunctional"}},{"type":"Feature","geometry":{"type":"Point","coordinates":[76.08101,23.61629]},"properties":{"udise":"23510813101","name":"PS GHURASIYA","state":"MADHYA PRADESH","district":"AGAR MALWA","block":"AGAR","indicator":"girls_toilet_nonfunctional"}},{"type":"Feature","geometry":{"type":"Point","coordinates":[76.0434,23.88752]},"properties":{"udise":"23510101801","name":"PS SARANGAKHEDI","state":"MADHYA PRADESH","district":"AGAR MALWA","block":"BAROD","indicator":"girls_toilet_nonfunctional"}},{"type":"Feature","geometry":{"type":"Point","coordinates":[75.89115,23.75063]},"properties":{"udise":"23510106001","name":"PS MUNDPURA","state":"MADHYA PRADESH","district":"AGAR MALWA","block":"BAROD","indicator":"girls_toilet_nonfunctional"}},{"type":"Feature","geometry":{"type":"Point","coordinates":[76.06283,23.97263]},"properties":{"udise":"23510302002","name":"MS MENA","state":"MADHYA PRADESH","district":"AGAR MALWA","block":"SUSNER","indicator":"girls_toilet_nonfunctional"}},{"type":"Feature","geometry":{"type":"Point","coordinates":[76.01762,23.68265]},"properties":{"udise":"23510810602","name":"MS PURASAHAB NAGAR","state":"MADHYA PRADESH","district":"AGAR MALWA","block":"AGAR","indicator":"girls_toilet_nonfunctional"}},{"type":"Feature","geometry":{"type":"Point","coordinates":[76.3201,23.1022]},"properties":{"udise":"23510200702","name":"MS DIGON","state":"MADHYA PRADESH","district":"AGAR MALWA","block":"NALKHEDA","indicator":"girls_toilet_nonfunctional"}},{"type":"Feature","geometry":{"type":"Point","coordinates":[76.0485,23.71564]},"properties":{"udise":"23510800201","name":"PS CHAK PACHORA","state":"MADHYA PRADESH","district":"AGAR MALWA","block":"AGAR","indicator":"girls_toilet_nonfunctional"}},{"type":"Feature","geometry":{"type":"Point","coordinates":[75.97358,23.90268]},"properties":{"udise":"23510113102","name":"MS GADI","state":"MADHYA PRADESH","district":"AGAR MALWA","block":"BAROD","indicator":"girls_toilet_nonfunctional"}},{"type":"Feature","geometry":{"type":"Point","coordinates":[75.87325,23.87594]},"properties":{"udise":"23510100303","name":"PS BARKHEDI KA KHEDA UNCHWAS","state":"MADHYA PRADESH","district":"AGAR MALWA","block":"BAROD","indicator":"girls_toilet_nonfunctional"}},{"type":"Feature","geometry":{"type":"Point","coordinates":[76.16,24.09]},"properties":{"udise":"23510308402","name":"MS KHEJRAKHEDI","state":"MADHYA PRADESH","district":"AGAR MALWA","block":"SUSNER","indicator":"girls_toilet_nonfunctional"}},{"type":"Feature","geometry":{"type":"Point","coordinates":[76.04766,24.04659]},"properties":{"udise":"23510303002","name":"MS SALRIYA","state":"MADHYA PRADESH","district":"AGAR MALWA","block":"SUSNER","indicator":"girls_toilet_nonfunctional"}},{"type":"Feature","geometry":{"type":"Point","coordinates":[76.16632,23.7422]},"properties":{"udise":"23510203503","name":"DEVKRAPA VIDHYA MANDIR PANKHEDI","state":"MADHYA PRADESH","district":"AGAR MALWA","block":"NALKHEDA","indicator":"girls_toilet_nonfunctional"}},{"type":"Feature","geometry":{"type":"Point","coordinates":[76.16395,24.1483]},"properties":{"udise":"23510312601","name":"PS KANTHALIYA","state":"MADHYA PRADESH","district":"AGAR MALWA","block":"SUSNER","indicator":"girls_toilet_nonfunctional"}},{"type":"Feature","geometry":{"type":"Point","coordinates":[75.85247,23.64368]},"properties":{"udise":"23510107001","name":"PS KALAYA KHEDI","state":"MADHYA PRADESH","district":"AGAR MALWA","block":"BAROD","indicator":"girls_toilet_nonfunctional"}},{"type":"Feature","geometry":{"type":"Point","coordinates":[76.1,24.05]},"properties":{"udise":"23510307301","name":"PS LODHAKHEDI","state":"MADHYA PRADESH","district":"AGAR MALWA","block":"SUSNER","indicator":"girls_toilet_nonfunctional"}},{"type":"Feature","geometry":{"type":"Point","coordinates":[76.01619,23.61667]},"properties":{"udise":"23510817601","name":"PS KISHANPURA","state":"MADHYA PRADESH","district":"AGAR MALWA","block":"AGAR","indicator":"girls_toilet_nonfunctional"}},{"type":"Feature","geometry":{"type":"Point","coordinates":[76.0622,23.5044]},"properties":{"udise":"23510812403","name":"PS MANAKHORI FATEHPUR MENDAKI","state":"MADHYA PRADESH","district":"AGAR MALWA","block":"AGAR","indicator":"girls_toilet_nonfunctional"}},{"type":"Feature","geometry":{"type":"Point","coordinates":[76.174,23.58874]},"properties":{"udise":"23510803902","name":"PS MAJARA SANAVADA","state":"MADHYA PRADESH","district":"AGAR MALWA","block":"AGAR","indicator":"girls_toilet_nonfunctional"}},{"type":"Feature","geometry":{"type":"Point","coordinates":[76.08622,23.71114]},"properties":{"udise":"23510809501","name":"PS JHIKRIYA","state":"MADHYA PRADESH","district":"AGAR MALWA","block":"AGAR","indicator":"girls_toilet_nonfunctional"}},{"type":"Feature","geometry":{"type":"Point","coordinates":[76.04028,23.79508]},"properties":{"udise":"23510809701","name":"PS BAPCHA","state":"MADHYA PRADESH","district":"AGAR MALWA","block":"AGAR","indicator":"girls_toilet_nonfunctional"}},{"type":"Feature","geometry":{"type":"Point","coordinates":[75.85981,23.67303]},"properties":{"udise":"23510108302","name":"MS DHABLA PIPLON","state":"MADHYA PRADESH","district":"AGAR MALWA","block":"BAROD","indicator":"girls_toilet_nonfunctional"}},{"type":"Feature","geometry":{"type":"Point","coordinates":[76.2925,23.42632]},"properties":{"udise":"23510803903","name":"MS SANAWADA","state":"MADHYA PRADESH","district":"AGAR MALWA","block":"AGAR","indicator":"girls_toilet_nonfunctional"}},{"type":"Feature","geometry":{"type":"Point","coordinates":[76.09356,23.99953]},"properties":{"udise":"23510305003","name":"PRENA ACADEMY SARSI SUSNER","state":"MADHYA PRADESH","district":"AGAR MALWA","block":"SUSNER","indicator":"girls_toilet_nonfunctional"}},{"type":"Feature","geometry":{"type":"Point","coordinates":[76.15923,23.62045]},"properties":{"udise":"23510816201","name":"PS GUJARKHEDI","state":"MADHYA PRADESH","district":"AGAR MALWA","block":"AGAR","indicator":"girls_toilet_nonfunctional"}},{"type":"Feature","geometry":{"type":"Point","coordinates":[76.0874,23.94747]},"properties":{"udise":"23510300105","name":"PS ITWARIYA SUSNER","state":"MADHYA PRADESH","district":"AGAR MALWA","block":"SUSNER","indicator":"girls_toilet_nonfunctional"}},{"type":"Feature","geometry":{"type":"Point","coordinates":[76.0847,23.97615]},"properties":{"udise":"23510301303","name":"MAA SHARDA VIDHYA MANDIR BORKHEDI","state":"MADHYA PRADESH","district":"AGAR MALWA","block":"SUSNER","indicator":"girls_toilet_nonfunctional"}},{"type":"Feature","geometry":{"type":"Point","coordinates":[75.73873,23.81071]},"properties":{"udise":"23510102001","name":"PS RAMAKHEDI","state":"MADHYA PRADESH","district":"AGAR MALWA","block":"BAROD","indicator":"girls_toilet_nonfunctional"}},{"type":"Feature","geometry":{"type":"Point","coordinates":[76.01803,23.90198]},"properties":{"udise":"23510112601","name":"PS FARASPURI","state":"MADHYA PRADESH","district":"AGAR MALWA","block":"BAROD","indicator":"girls_toilet_nonfunctional"}},{"type":"Feature","geometry":{"type":"Point","coordinates":[75.98671,23.61532]},"properties":{"udise":"23510805002","name":"MS JHALARA","state":"MADHYA PRADESH","district":"AGAR MALWA","block":"AGAR","indicator":"girls_toilet_nonfunctional"}},{"type":"Feature","geometry":{"type":"Point","coordinates":[75.85326,23.64278]},"properties":{"udise":"23510107002","name":"MS KALAYA KHEDI","state":"MADHYA PRADESH","district":"AGAR MALWA","block":"BAROD","indicator":"girls_toilet_nonfunctional"}},{"type":"Feature","geometry":{"type":"Point","coordinates":[76.12333,23.58805]},"properties":{"udise":"23510812801","name":"PS PIPLIYA SHAH","state":"MADHYA PRADESH","district":"AGAR MALWA","block":"AGAR","indicator":"girls_toilet_nonfunctional"}},{"type":"Feature","geometry":{"type":"Point","coordinates":[76.10173,23.92676]},"properties":{"udise":"23510300131","name":"SHRI AKSHPAD VIDHYA MANDIR SUSNER","state":"MADHYA PRADESH","district":"AGAR MALWA","block":"SUSNER","indicator":"girls_toilet_nonfunctional"}},{"type":"Feature","geometry":{"type":"Point","coordinates":[76.01554,23.55933]},"properties":{"udise":"23510807401","name":"PS KUMHARIYA AGAR","state":"MADHYA PRADESH","district":"AGAR MALWA","block":"AGAR","indicator":"girls_toilet_nonfunctional"}},{"type":"Feature","geometry":{"type":"Point","coordinates":[76.15,24.06]},"properties":{"udise":"23510307801","name":"PS LALAKHEDI","state":"MADHYA PRADESH","district":"AGAR MALWA","block":"SUSNER","indicator":"girls_toilet_nonfunctional"}},{"type":"Feature","geometry":{"type":"Point","coordinates":[75.89111,23.84718]},"properties":{"udise":"23510103501","name":"PS JOGI BARDIYA","state":"MADHYA PRADESH","district":"AGAR MALWA","block":"BAROD","indicator":"girls_toilet_nonfunctional"}},{"type":"Feature","geometry":{"type":"Point","coordinates":[76.02831,23.89492]},"properties":{"udise":"23510112401","name":"PS SHAMGARD","state":"MADHYA PRADESH","district":"AGAR MALWA","block":"BAROD","indicator":"girls_toilet_nonfunctional"}},{"type":"Feature","geometry":{"type":"Point","coordinates":[76.1868,23.599]},"properties":{"udise":"23510808902","name":"PS CHANDAN GAON","state":"MADHYA PRADESH","district":"AGAR MALWA","block":"AGAR","indicator":"girls_toilet_nonfunctional"}},{"type":"Feature","geometry":{"type":"Point","coordinates":[76.12907,23.72108]},"properties":{"udise":"23510808702","name":"MS LADWAN","state":"MADHYA PRADESH","district":"AGAR MALWA","block":"AGAR","indicator":"girls_toilet_nonfunctional"}},{"type":"Feature","geometry":{"type":"Point","coordinates":[76.30214,23.45876]},"properties":{"udise":"23510202135","name":"NEW NALKHEDA PUBLIC SCHOOL","state":"MADHYA PRADESH","district":"AGAR MALWA","block":"NALKHEDA","indicator":"girls_toilet_nonfunctional"}},{"type":"Feature","geometry":{"type":"Point","coordinates":[75.85718,23.78212]},"properties":{"udise":"23510104802","name":"MAA SHARDA PUBLIC SCHOOL SANGAKHEDI","state":"MADHYA PRADESH","district":"AGAR MALWA","block":"BAROD","indicator":"girls_toilet_nonfunctional"}},{"type":"Feature","geometry":{"type":"Point","coordinates":[76.10086,23.90489]},"properties":{"udise":"23510305802","name":"MS AANKLI","state":"MADHYA PRADESH","district":"AGAR MALWA","block":"SUSNER","indicator":"girls_toilet_nonfunctional"}},{"type":"Feature","geometry":{"type":"Point","coordinates":[75.93787,23.70647]},"properties":{"udise":"23510100504","name":"MAA SHARDA PUBLIC SCHOOL ROJHANI","state":"MADHYA PRADESH","district":"AGAR MALWA","block":"BAROD","indicator":"girls_toilet_nonfunctional"}},{"type":"Feature","geometry":{"type":"Point","coordinates":[76.03315,23.63215]},"properties":{"udise":"23510813603","name":"PS BHANWAR KUND BHADWA","state":"MADHYA PRADESH","district":"AGAR MALWA","block":"AGAR","indicator":"girls_toilet_nonfunctional"}},{"type":"Feature","geometry":{"type":"Point","coordinates":[78.58062,22.75668]},"properties":{"udise":"23510301701","name":"PS DHABLA KELWA","state":"MADHYA PRADESH","district":"AGAR MALWA","block":"SUSNER","indicator":"girls_toilet_nonfunctional"}},{"type":"Feature","geometry":{"type":"Point","coordinates":[76.05132,23.85111]},"properties":{"udise":"23510101604","name":"MS BARKHEDA","state":"MADHYA PRADESH","district":"AGAR MALWA","block":"BAROD","indicator":"girls_toilet_nonfunctional"}},{"type":"Feature","geometry":{"type":"Point","coordinates":[75.95467,23.89005]},"properties":{"udise":"23510106102","name":"MS NEW RANAYARA (KELWA)","state":"MADHYA PRADESH","district":"AGAR MALWA","block":"BAROD","indicator":"girls_toilet_nonfunctional"}},{"type":"Feature","geometry":{"type":"Point","coordinates":[76.01222,23.65451]},"properties":{"udise":"23510802403","name":"PS BHADWA KA KHEDA","state":"MADHYA PRADESH","district":"AGAR MALWA","block":"AGAR","indicator":"girls_toilet_nonfunctional"}},{"type":"Feature","geometry":{"type":"Point","coordinates":[75.85851,23.72576]},"properties":{"udise":"23510109001","name":"PS AAMLIYA","state":"MADHYA PRADESH","district":"AGAR MALWA","block":"BAROD","indicator":"girls_toilet_nonfunctional"}},{"type":"Feature","geometry":{"type":"Point","coordinates":[74.27079,22.46667]},"properties":{"udise":"23490306107","name":"PS SINDI F. PUNIYAWAT","state":"MADHYA PRADESH","district":"ALIRAJPUR","block":"KATTHIWARA","indicator":"no_girls_toilet"}},{"type":"Feature","geometry":{"type":"Point","coordinates":[74.37785,22.34133]},"properties":{"udise":"23490212602","name":"MS BADA DANDWA","state":"MADHYA PRADESH","district":"ALIRAJPUR","block":"ALIRAJPUR","indicator":"no_girls_toilet"}},{"type":"Feature","geometry":{"type":"Point","coordinates":[74.48063,22.47668]},"properties":{"udise":"23490103605","name":"SPS WASKALA F. UBGARI","state":"MADHYA PRADESH","district":"ALIRAJPUR","block":"JOBAT","indicator":"no_girls_toilet"}},{"type":"Feature","geometry":{"type":"Point","coordinates":[74.35109,22.42472]},"properties":{"udise":"23490305305","name":"PS UJHADIYA FALIYA AAMBI","state":"MADHYA PRADESH","district":"ALIRAJPUR","block":"KATTHIWARA","indicator":"no_girls_toilet"}},{"type":"Feature","geometry":{"type":"Point","coordinates":[74.30383,22.17546]},"properties":{"udise":"23490605804","name":"PS GHARI F CHHOTI V GAON","state":"MADHYA PRADESH","district":"ALIRAJPUR","block":"SONDWA","indicator":"no_girls_toilet"}},{"type":"Feature","geometry":{"type":"Point","coordinates":[74.44001,22.16307]},"properties":{"udise":"23490608804","name":"PS MOHADI FFADTALA","state":"MADHYA PRADESH","district":"ALIRAJPUR","block":"SONDWA","indicator":"no_girls_toilet"}},{"type":"Feature","geometry":{"type":"Point","coordinates":[74.4345,22.37052]},"properties":{"udise":"23490205107","name":"PS BAYADI F. KAVATHU","state":"MADHYA PRADESH","district":"ALIRAJPUR","block":"ALIRAJPUR","indicator":"no_girls_toilet"}},{"type":"Feature","geometry":{"type":"Point","coordinates":[74.35757,22.09774]},"properties":{"udise":"23490601304","name":"PS PALASPANI F.BEJARI","state":"MADHYA PRADESH","district":"ALIRAJPUR","block":"SONDWA","indicator":"no_girls_toilet"}},{"type":"Feature","geometry":{"type":"Point","coordinates":[74.64114,22.56139]},"properties":{"udise":"23490507502","name":"PS FUT TALAB CHHOTA","state":"MADHYA PRADESH","district":"ALIRAJPUR","block":"UDAYGARH","indicator":"no_girls_toilet"}},{"type":"Feature","geometry":{"type":"Point","coordinates":[74.32903,21.99336]},"properties":{"udise":"23490611102","name":"PS ANJANBARA","state":"MADHYA PRADESH","district":"ALIRAJPUR","block":"SONDWA","indicator":"no_girls_toilet"}},{"type":"Feature","geometry":{"type":"Point","coordinates":[74.30607,21.99652]},"properties":{"udise":"23490611107","name":"PS KHODRA F. SAKARJA","state":"MADHYA PRADESH","district":"ALIRAJPUR","block":"SONDWA","indicator":"no_girls_toilet"}},{"type":"Feature","geometry":{"type":"Point","coordinates":[74.28621,21.95066]},"properties":{"udise":"23490611103","name":"PS DUBKHADDA","state":"MADHYA PRADESH","district":"ALIRAJPUR","block":"SONDWA","indicator":"no_girls_toilet"}},{"type":"Feature","geometry":{"type":"Point","coordinates":[74.33463,22.57728]},"properties":{"udise":"23490705805","name":"PS CHHOTIMALPUR","state":"MADHYA PRADESH","district":"ALIRAJPUR","block":"BHABARA","indicator":"no_girls_toilet"}},{"type":"Feature","geometry":{"type":"Point","coordinates":[74.6015,22.48296]},"properties":{"udise":"23490500402","name":"PS KHODRA F. RAAT MALIYA","state":"MADHYA PRADESH","district":"ALIRAJPUR","block":"UDAYGARH","indicator":"no_girls_toilet"}},{"type":"Feature","geometry":{"type":"Point","coordinates":[74.54541,22.12515]},"properties":{"udise":"23490601409","name":"PS BAIR F. UMARATH","state":"MADHYA PRADESH","district":"ALIRAJPUR","block":"SONDWA","indicator":"no_girls_toilet"}},{"type":"Feature","geometry":{"type":"Point","coordinates":[74.38624,22.43779]},"properties":{"udise":"23490508002","name":"PS SEVGI F. HARDASPUR","state":"MADHYA PRADESH","district":"ALIRAJPUR","block":"UDAYGARH","indicator":"no_girls_toilet"}},{"type":"Feature","geometry":{"type":"Point","coordinates":[74.35622,22.05097]},"properties":{"udise":"23490614002","name":"PS UNDABARIA F BORWALA","state":"MADHYA PRADESH","district":"ALIRAJPUR","block":"SONDWA","indicator":"no_girls_toilet"}},{"type":"Feature","geometry":{"type":"Point","coordinates":[74.46249,22.41072]},"properties":{"udise":"23490208705","name":"PS DANDALA F. ADWARA","state":"MADHYA PRADESH","district":"ALIRAJPUR","block":"ALIRAJPUR","indicator":"no_girls_toilet"}},{"type":"Feature","geometry":{"type":"Point","coordinates":[74.16428,22.12313]},"properties":{"udise":"23490603503","name":"MS F DHORAT","state":"MADHYA PRADESH","district":"ALIRAJPUR","block":"SONDWA","indicator":"no_girls_toilet"}},{"type":"Feature","geometry":{"type":"Point","coordinates":[74.34113,22.55713]},"properties":{"udise":"23490706106","name":"PS TADVI F KALIYAWAV","state":"MADHYA PRADESH","district":"ALIRAJPUR","block":"BHABARA","indicator":"no_girls_toilet"}},{"type":"Feature","geometry":{"type":"Point","coordinates":[74.49527,22.56589]},"properties":{"udise":"23490501804","name":"PS PUJARA F MANNAKUA","state":"MADHYA PRADESH","district":"ALIRAJPUR","block":"UDAYGARH","indicator":"no_girls_toilet"}},{"type":"Feature","geometry":{"type":"Point","coordinates":[74.46835,22.44957]},"properties":{"udise":"23490508604","name":"MS MOTA UMAR","state":"MADHYA PRADESH","district":"ALIRAJPUR","block":"UDAYGARH","indicator":"no_girls_toilet"}},{"type":"Feature","geometry":{"type":"Point","coordinates":[74.23154,22.18983]},"properties":{"udise":"23490300401","name":"PS JAMALA","state":"MADHYA PRADESH","district":"ALIRAJPUR","block":"KATTHIWARA","indicator":"no_girls_toilet"}},{"type":"Feature","geometry":{"type":"Point","coordinates":[74.42049,22.07757]},"properties":{"udise":"23490600504","name":"PS MANKAR F.TEMLA","state":"MADHYA PRADESH","district":"ALIRAJPUR","block":"SONDWA","indicator":"no_girls_toilet"}},{"type":"Feature","geometry":{"type":"Point","coordinates":[74.28996,22.04041]},"properties":{"udise":"23490602805","name":"PS KAMAT F CHHOTIGENDRA","state":"MADHYA PRADESH","district":"ALIRAJPUR","block":"SONDWA","indicator":"no_girls_toilet"}},{"type":"Feature","geometry":{"type":"Point","coordinates":[74.38928,22.12139]},"properties":{"udise":"23490601005","name":"PS KHARRATI F BORGAO","state":"MADHYA PRADESH","district":"ALIRAJPUR","block":"SONDWA","indicator":"no_girls_toilet"}},{"type":"Feature","geometry":{"type":"Point","coordinates":[74.44927,22.08835]},"properties":{"udise":"23490600502","name":"PS CHAMELI","state":"MADHYA PRADESH","district":"ALIRAJPUR","block":"SONDWA","indicator":"no_girls_toilet"}},{"type":"Feature","geometry":{"type":"Point","coordinates":[74.444,22.04002]},"properties":{"udise":"23490608703","name":"PS BEADADHAD F JHANDANI","state":"MADHYA PRADESH","district":"ALIRAJPUR","block":"SONDWA","indicator":"no_girls_toilet"}},{"type":"Feature","geometry":{"type":"Point","coordinates":[74.32162,22.16515]},"properties":{"udise":"23490605901","name":"PS SATI FALIYA UMRALI","state":"MADHYA PRADESH","district":"ALIRAJPUR","block":"SONDWA","indicator":"no_girls_toilet"}},{"type":"Feature","geometry":{"type":"Point","coordinates":[74.30773,22.15685]},"properties":{"udise":"23490606705","name":"PS BARI F LODHANI","state":"MADHYA PRADESH","district":"ALIRAJPUR","block":"SONDWA","indicator":"no_girls_toilet"}},{"type":"Feature","geometry":{"type":"Point","coordinates":[74.23164,22.01643]},"properties":{"udise":"23490611404","name":"PS MAALWOHRI MATHWAD","state":"MADHYA PRADESH","district":"ALIRAJPUR","block":"SONDWA","indicator":"no_girls_toilet"}},{"type":"Feature","geometry":{"type":"Point","coordinates":[74.27215,22.46049]},"properties":{"udise":"23490306109","name":"PS MORBAYADI F.PUNIYAWAT","state":"MADHYA PRADESH","district":"ALIRAJPUR","block":"KATTHIWARA","indicator":"no_girls_toilet"}},{"type":"Feature","geometry":{"type":"Point","coordinates":[74.31915,22.08719]},"properties":{"udise":"23490601305","name":"PS DABNKUA F.BEJARI","state":"MADHYA PRADESH","district":"ALIRAJPUR","block":"SONDWA","indicator":"no_girls_toilet"}},{"type":"Feature","geometry":{"type":"Point","coordinates":[74.17546,22.07949]},"properties":{"udise":"23490611901","name":"PS BURMA","state":"MADHYA PRADESH","district":"ALIRAJPUR","block":"SONDWA","indicator":"no_girls_toilet"}},{"type":"Feature","geometry":{"type":"Point","coordinates":[74.39394,22.5544]},"properties":{"udise":"23490701003","name":"MS MATHNA","state":"MADHYA PRADESH","district":"ALIRAJPUR","block":"BHABARA","indicator":"no_girls_toilet"}},{"type":"Feature","geometry":{"type":"Point","coordinates":[74.26982,22.17395]},"properties":{"udise":"23490606901","name":"PS KHORJAMALI","state":"MADHYA PRADESH","district":"ALIRAJPUR","block":"SONDWA","indicator":"no_girls_toilet"}},{"type":"Feature","geometry":{"type":"Point","coordinates":[74.52404,22.45804]},"properties":{"udise":"23490100201","name":"PS CHOHALI (M F)","state":"MADHYA PRADESH","district":"ALIRAJPUR","block":"JOBAT","indicator":"no_girls_toilet"}},{"type":"Feature","geometry":{"type":"Point","coordinates":[74.56683,22.5423]},"properties":{"udise":"23490502406","name":"PS PANDI. F. KHANDALA RAP","state":"MADHYA PRADESH","district":"ALIRAJPUR","block":"UDAYGARH","indicator":"no_girls_toilet"}},{"type":"Feature","geometry":{"type":"Point","coordinates":[74.17179,22.04754]},"properties":{"udise":"23490612502","name":"PS BARI F THARWATA","state":"MADHYA PRADESH","district":"ALIRAJPUR","block":"SONDWA","indicator":"no_girls_toilet"}},{"type":"Feature","geometry":{"type":"Point","coordinates":[74.65771,22.45253]},"properties":{"udise":"23490101306","name":"PS BHUJANI F BALERI","state":"MADHYA PRADESH","district":"ALIRAJPUR","block":"JOBAT","indicator":"no_girls_toilet"}},{"type":"Feature","geometry":{"type":"Point","coordinates":[74.171,22.1444]},"properties":{"udise":"23490604203","name":"PS SAGIDI F. DETKUNDA","state":"MADHYA PRADESH","district":"ALIRAJPUR","block":"SONDWA","indicator":"no_girls_toilet"}},{"type":"Feature","geometry":{"type":"Point","coordinates":[74.53385,22.35873]},"properties":{"udise":"23490104103","name":"PS PUJARA F. CHHOTI KHATA","state":"MADHYA PRADESH","district":"ALIRAJPUR","block":"JOBAT","indicator":"no_girls_toilet"}},{"type":"Feature","geometry":{"type":"Point","coordinates":[74.47771,22.30286]},"properties":{"udise":"23490208905","name":"PS AWASIYA F. KODLA","state":"MADHYA PRADESH","district":"ALIRAJPUR","block":"ALIRAJPUR","indicator":"no_girls_toilet"}},{"type":"Feature","geometry":{"type":"Point","coordinates":[74.29759,22.30946]},"properties":{"udise":"23490202503","name":"PS SEKADA BHADIYA KI CHOKI","state":"MADHYA PRADESH","district":"ALIRAJPUR","block":"ALIRAJPUR","indicator":"no_girls_toilet"}},{"type":"Feature","geometry":{"type":"Point","coordinates":[74.16978,22.18132]},"properties":{"udise":"23490300204","name":"PS INDRA AWAS F. JHARKALI","state":"MADHYA PRADESH","district":"ALIRAJPUR","block":"KATTHIWARA","indicator":"no_girls_toilet"}},{"type":"Feature","geometry":{"type":"Point","coordinates":[74.70156,22.47607]},"properties":{"udise":"23490100703","name":"PS BHIL F BAHEDIAY","state":"MADHYA PRADESH","district":"ALIRAJPUR","block":"JOBAT","indicator":"no_girls_toilet"}},{"type":"Feature","geometry":{"type":"Point","coordinates":[74.39569,22.12005]},"properties":{"udise":"23490601004","name":"MS BORGAON","state":"MADHYA PRADESH","district":"ALIRAJPUR","block":"SONDWA","indicator":"no_girls_toilet"}},{"type":"Feature","geometry":{"type":"Point","coordinates":[74.35484,22.37499]},"properties":{"udise":"23490207307","name":"PS BAYADI FALIA BAND","state":"MADHYA PRADESH","district":"ALIRAJPUR","block":"ALIRAJPUR","indicator":"no_girls_toilet"}},{"type":"Feature","geometry":{"type":"Point","coordinates":[74.1692,22.16386]},"properties":{"udise":"23490605105","name":"PS KUNDVAT","state":"MADHYA PRADESH","district":"ALIRAJPUR","block":"SONDWA","indicator":"no_girls_toilet"}},{"type":"Feature","geometry":{"type":"Point","coordinates":[74.28572,22.48394]},"properties":{"udise":"23490305603","name":"PS BHAWNAR PIPAL F BINAT","state":"MADHYA PRADESH","district":"ALIRAJPUR","block":"KATTHIWARA","indicator":"no_girls_toilet"}},{"type":"Feature","geometry":{"type":"Point","coordinates":[74.56727,22.54648]},"properties":{"udise":"23490502201","name":"PS KHANDALA KHUSHAL","state":"MADHYA PRADESH","district":"ALIRAJPUR","block":"UDAYGARH","indicator":"no_girls_toilet"}},{"type":"Feature","geometry":{"type":"Point","coordinates":[74.31886,22.32631]},"properties":{"udise":"23490214908","name":"PS LANGI MAVADI F. INDERSINGH KI CHOUKI","state":"MADHYA PRADESH","district":"ALIRAJPUR","block":"ALIRAJPUR","indicator":"no_girls_toilet"}},{"type":"Feature","geometry":{"type":"Point","coordinates":[74.71595,22.44888]},"properties":{"udise":"23490106905","name":"PS MEMBAR F. RANJITGARH","state":"MADHYA PRADESH","district":"ALIRAJPUR","block":"JOBAT","indicator":"no_girls_toilet"}},{"type":"Feature","geometry":{"type":"Point","coordinates":[74.39654,22.0541]},"properties":{"udise":"23490601903","name":"PS SHALIMAL F.CHAMELI","state":"MADHYA PRADESH","district":"ALIRAJPUR","block":"SONDWA","indicator":"no_girls_toilet"}},{"type":"Feature","geometry":{"type":"Point","coordinates":[74.69027,22.51307]},"properties":{"udise":"23490504614","name":"H.S.S. BORI","state":"MADHYA PRADESH","district":"ALIRAJPUR","block":"UDAYGARH","indicator":"no_girls_toilet"}},{"type":"Feature","geometry":{"type":"Point","coordinates":[74.33181,22.43596]},"properties":{"udise":"23490305703","name":"PS TADVI F CHHOTI SARDI","state":"MADHYA PRADESH","district":"ALIRAJPUR","block":"KATTHIWARA","indicator":"no_girls_toilet"}},{"type":"Feature","geometry":{"type":"Point","coordinates":[74.71821,22.5014]},"properties":{"udise":"23490506805","name":"PS MAHUDI F. KADWAL BADI","state":"MADHYA PRADESH","district":"ALIRAJPUR","block":"UDAYGARH","indicator":"no_girls_toilet"}},{"type":"Feature","geometry":{"type":"Point","coordinates":[74.29709,22.18314]},"properties":{"udise":"23490607006","name":"JHARI F. BADI VAGALGAON","state":"MADHYA PRADESH","district":"ALIRAJPUR","block":"SONDWA","indicator":"no_girls_toilet"}},{"type":"Feature","geometry":{"type":"Point","coordinates":[74.1258,22.01634]},"properties":{"udise":"23490610205","name":"PS BAJAR F. UMARKHAD","state":"MADHYA PRADESH","district":"ALIRAJPUR","block":"SONDWA","indicator":"no_girls_toilet"}},{"type":"Feature","geometry":{"type":"Point","coordinates":[74.61876,22.49625]},"properties":{"udise":"23490500302","name":"PS TADVI FALIYA BARADA","state":"MADHYA PRADESH","district":"ALIRAJPUR","block":"UDAYGARH","indicator":"no_girls_toilet"}},{"type":"Feature","geometry":{"type":"Point","coordinates":[74.47507,22.37271]},"properties":{"udise":"23490103706","name":"H.S. BARI HIRAPUR","state":"MADHYA PRADESH","district":"ALIRAJPUR","block":"JOBAT","indicator":"no_girls_toilet"}},{"type":"Feature","geometry":{"type":"Point","coordinates":[74.22873,21.9705]},"properties":{"udise":"23490611104","name":"PS BADA AMBA","state":"MADHYA PRADESH","district":"ALIRAJPUR","block":"SONDWA","indicator":"no_girls_toilet"}},{"type":"Feature","geometry":{"type":"Point","coordinates":[74.17114,22.16681]},"properties":{"udise":"23490605107","name":"H. S. KUNDWAT","state":"MADHYA PRADESH","district":"ALIRAJPUR","block":"SONDWA","indicator":"no_girls_toilet"}},{"type":"Feature","geometry":{"type":"Point","coordinates":[74.22029,22.19117]},"properties":{"udise":"23490300304","name":"PS KOLARI F. KUMBHI","state":"MADHYA PRADESH","district":"ALIRAJPUR","block":"KATTHIWARA","indicator":"no_girls_toilet"}},{"type":"Feature","geometry":{"type":"Point","coordinates":[74.3207,22.40221]},"properties":{"udise":"23490303605","name":"PS GOYANDI F. KANERA","state":"MADHYA PRADESH","district":"ALIRAJPUR","block":"KATTHIWARA","indicator":"no_girls_toilet"}},{"type":"Feature","geometry":{"type":"Point","coordinates":[74.34524,22.09985]},"properties":{"udise":"23490606306","name":"PS UBLADAGD F BEJDA","state":"MADHYA PRADESH","district":"ALIRAJPUR","block":"SONDWA","indicator":"no_girls_toilet"}},{"type":"Feature","geometry":{"type":"Point","coordinates":[74.32182,22.09967]},"properties":{"udise":"23490601306","name":"PS TAPARBARA F.BEJARI","state":"MADHYA PRADESH","district":"ALIRAJPUR","block":"SONDWA","indicator":"no_girls_toilet"}},{"type":"Feature","geometry":{"type":"Point","coordinates":[74.22838,22.07243]},"properties":{"udise":"23490602901","name":"PS AKALGHARA","state":"MADHYA PRADESH","district":"ALIRAJPUR","block":"SONDWA","indicator":"no_girls_toilet"}},{"type":"Feature","geometry":{"type":"Point","coordinates":[74.26754,22.48131]},"properties":{"udise":"23490306106","name":"PS BHILALA F. PUNIYAWAT","state":"MADHYA PRADESH","district":"ALIRAJPUR","block":"KATTHIWARA","indicator":"no_girls_toilet"}},{"type":"Feature","geometry":{"type":"Point","coordinates":[74.33878,22.63485]},"properties":{"udise":"23490703703","name":"PS BAMANIY F KAKADBARI","state":"MADHYA PRADESH","district":"ALIRAJPUR","block":"BHABARA","indicator":"no_girls_toilet"}},{"type":"Feature","geometry":{"type":"Point","coordinates":[74.26891,22.48537]},"properties":{"udise":"23490306101","name":"PS PUNIYAWAT NO. 02","state":"MADHYA PRADESH","district":"ALIRAJPUR","block":"KATTHIWARA","indicator":"no_girls_toilet"}},{"type":"Feature","geometry":{"type":"Point","coordinates":[74.30146,22.00635]},"properties":{"udise":"23490610902","name":"PS KHODAR F RUNDMAL","state":"MADHYA PRADESH","district":"ALIRAJPUR","block":"SONDWA","indicator":"no_girls_toilet"}},{"type":"Feature","geometry":{"type":"Point","coordinates":[74.5616,22.53558]},"properties":{"udise":"23490502409","name":"PS KHANDALA RAO","state":"MADHYA PRADESH","district":"ALIRAJPUR","block":"UDAYGARH","indicator":"no_girls_toilet"}},{"type":"Feature","geometry":{"type":"Point","coordinates":[74.59731,22.43446]},"properties":{"udise":"23490100504","name":"PS AKALI F BHILKHEDI","state":"MADHYA PRADESH","district":"ALIRAJPUR","block":"JOBAT","indicator":"no_girls_toilet"}},{"type":"Feature","geometry":{"type":"Point","coordinates":[74.15601,22.05611]},"properties":{"udise":"23490610103","name":"PS KOSTA F BAKHATGARH","state":"MADHYA PRADESH","district":"ALIRAJPUR","block":"SONDWA","indicator":"no_girls_toilet"}},{"type":"Feature","geometry":{"type":"Point","coordinates":[74.24077,22.60537]},"properties":{"udise":"23490705101","name":"PS TORNIYA FALIYA","state":"MADHYA PRADESH","district":"ALIRAJPUR","block":"BHABARA","indicator":"no_girls_toilet"}},{"type":"Feature","geometry":{"type":"Point","coordinates":[74.41223,22.48034]},"properties":{"udise":"23490508401","name":"PS BADA ITARA","state":"MADHYA PRADESH","district":"ALIRAJPUR","block":"UDAYGARH","indicator":"no_girls_toilet"}},{"type":"Feature","geometry":{"type":"Point","coordinates":[74.38161,22.35556]},"properties":{"udise":"23490205709","name":"PS BHIL F. BADA UNDAWA","state":"MADHYA PRADESH","district":"ALIRAJPUR","block":"ALIRAJPUR","indicator":"no_girls_toilet"}},{"type":"Feature","geometry":{"type":"Point","coordinates":[74.20358,22.00949]},"properties":{"udise":"23490611201","name":"PS JALSINDHI","state":"MADHYA PRADESH","district":"ALIRAJPUR","block":"SONDWA","indicator":"no_girls_toilet"}},{"type":"Feature","geometry":{"type":"Point","coordinates":[74.38428,22.03835]},"properties":{"udise":"23490601702","name":"PS KHAMBA","state":"MADHYA PRADESH","district":"ALIRAJPUR","block":"SONDWA","indicator":"no_girls_toilet"}},{"type":"Feature","geometry":{"type":"Point","coordinates":[74.25191,22.37936]},"properties":{"udise":"23490308505","name":"PS KOTA F BIJORIYA","state":"MADHYA PRADESH","district":"ALIRAJPUR","block":"KATTHIWARA","indicator":"no_girls_toilet"}},{"type":"Feature","geometry":{"type":"Point","coordinates":[74.23374,22.37263]},"properties":{"udise":"23490308901","name":"PS AGALGOTA S-2","state":"MADHYA PRADESH","district":"ALIRAJPUR","block":"KATTHIWARA","indicator":"no_girls_toilet"}},{"type":"Feature","geometry":{"type":"Point","coordinates":[74.37929,22.07574]},"properties":{"udise":"23490601203","name":"PS EAMLI KUA F. SAKARI","state":"MADHYA PRADESH","district":"ALIRAJPUR","block":"SONDWA","indicator":"no_girls_toilet"}},{"type":"Feature","geometry":{"type":"Point","coordinates":[74.44708,22.50806]},"properties":{"udise":"23490702407","name":"PS TALAB FALIYA KILANA","state":"MADHYA PRADESH","district":"ALIRAJPUR","block":"BHABARA","indicator":"no_girls_toilet"}},{"type":"Feature","geometry":{"type":"Point","coordinates":[74.1823,22.51608]},"properties":{"udise":"23490301901","name":"PS MORGHA","state":"MADHYA PRADESH","district":"ALIRAJPUR","block":"KATTHIWARA","indicator":"no_girls_toilet"}},{"type":"Feature","geometry":{"type":"Point","coordinates":[74.53832,22.31256]},"properties":{"udise":"23490209804","name":"PS RINJI FA. MACHHALIYA","state":"MADHYA PRADESH","district":"ALIRAJPUR","block":"ALIRAJPUR","indicator":"no_girls_toilet"}},{"type":"Feature","geometry":{"type":"Point","coordinates":[74.58287,22.48784]},"properties":{"udise":"23490503501","name":"PS ARANDI FALIYA","state":"MADHYA PRADESH","district":"ALIRAJPUR","block":"UDAYGARH","indicator":"no_girls_toilet"}},{"type":"Feature","geometry":{"type":"Point","coordinates":[74.31329,22.12834]},"properties":{"udise":"23490609702","name":"PS PATEL F MORAJI","state":"MADHYA PRADESH","district":"ALIRAJPUR","block":"SONDWA","indicator":"girls_toilet_nonfunctional"}},{"type":"Feature","geometry":{"type":"Point","coordinates":[74.23142,22.09168]},"properties":{"udise":"23490602505","name":"PS SAKADI F. MUNDLA","state":"MADHYA PRADESH","district":"ALIRAJPUR","block":"SONDWA","indicator":"girls_toilet_nonfunctional"}},{"type":"Feature","geometry":{"type":"Point","coordinates":[74.58339,22.50957]},"properties":{"udise":"23490503503","name":"PS KALTA F. ARANDI FALIYA","state":"MADHYA PRADESH","district":"ALIRAJPUR","block":"UDAYGARH","indicator":"girls_toilet_nonfunctional"}},{"type":"Feature","geometry":{"type":"Point","coordinates":[74.14392,22.26012]},"properties":{"udise":"23490303104","name":"PS KUA F KHUNDAR","state":"MADHYA PRADESH","district":"ALIRAJPUR","block":"KATTHIWARA","indicator":"girls_toilet_nonfunctional"}},{"type":"Feature","geometry":{"type":"Point","coordinates":[74.6097,22.54224]},"properties":{"udise":"23490504006","name":"MS SIYALI","state":"MADHYA PRADESH","district":"ALIRAJPUR","block":"UDAYGARH","indicator":"girls_toilet_nonfunctional"}},{"type":"Feature","geometry":{"type":"Point","coordinates":[74.32939,22.46637]},"properties":{"udise":"23490303303","name":"PS MORMAWDI PASTAR","state":"MADHYA PRADESH","district":"ALIRAJPUR","block":"KATTHIWARA","indicator":"girls_toilet_nonfunctional"}},{"type":"Feature","geometry":{"type":"Point","coordinates":[74.1377,22.13186]},"properties":{"udise":"23490605604","name":"PS GHODU F KHATHARI","state":"MADHYA PRADESH","district":"ALIRAJPUR","block":"SONDWA","indicator":"girls_toilet_nonfunctional"}},{"type":"Feature","geometry":{"type":"Point","coordinates":[74.63959,22.29013]},"properties":{"udise":"23490104310","name":"MS SALKHEDA","state":"MADHYA PRADESH","district":"ALIRAJPUR","block":"JOBAT","indicator":"girls_toilet_nonfunctional"}},{"type":"Feature","geometry":{"type":"Point","coordinates":[74.61206,22.48271]},"properties":{"udise":"23490500303","name":"MS BARDA","state":"MADHYA PRADESH","district":"ALIRAJPUR","block":"UDAYGARH","indicator":"girls_toilet_nonfunctional"}},{"type":"Feature","geometry":{"type":"Point","coordinates":[74.24252,22.25405]},"properties":{"udise":"23490302215","name":"PS CHITAVAHI F. SORVA","state":"MADHYA PRADESH","district":"ALIRAJPUR","block":"KATTHIWARA","indicator":"girls_toilet_nonfunctional"}},{"type":"Feature","geometry":{"type":"Point","coordinates":[74.269,22.41864]},"properties":{"udise":"23490305401","name":"PS PRATAPPURA","state":"MADHYA PRADESH","district":"ALIRAJPUR","block":"KATTHIWARA","indicator":"girls_toilet_nonfunctional"}},{"type":"Feature","geometry":{"type":"Point","coordinates":[74.26644,22.16595]},"properties":{"udise":"23490605705","name":"MS SAGBARA","state":"MADHYA PRADESH","district":"ALIRAJPUR","block":"SONDWA","indicator":"girls_toilet_nonfunctional"}},{"type":"Feature","geometry":{"type":"Point","coordinates":[74.30324,22.18713]},"properties":{"udise":"23490607004","name":"PS CHONGADI F. BADI VAGALGAON","state":"MADHYA PRADESH","district":"ALIRAJPUR","block":"SONDWA","indicator":"girls_toilet_nonfunctional"}},{"type":"Feature","geometry":{"type":"Point","coordinates":[74.49862,22.56477]},"properties":{"udise":"23490501801","name":"PS MANNAKUAN","state":"MADHYA PRADESH","district":"ALIRAJPUR","block":"UDAYGARH","indicator":"girls_toilet_nonfunctional"}},{"type":"Feature","geometry":{"type":"Point","coordinates":[74.30469,22.08058]},"properties":{"udise":"23490601101","name":"PS GATA","state":"MADHYA PRADESH","district":"ALIRAJPUR","block":"SONDWA","indicator":"girls_toilet_nonfunctional"}},{"type":"Feature","geometry":{"type":"Point","coordinates":[74.63487,22.3045]},"properties":{"udise":"23490104308","name":"PS DUDAVA F. SALKHERA","state":"MADHYA PRADESH","district":"ALIRAJPUR","block":"JOBAT","indicator":"girls_toilet_nonfunctional"}},{"type":"Feature","geometry":{"type":"Point","coordinates":[74.64587,22.40378]},"properties":{"udise":"23490101002","name":"PS SEVERIYA (B.F)","state":"MADHYA PRADESH","district":"ALIRAJPUR","block":"JOBAT","indicator":"girls_toilet_nonfunctional"}},{"type":"Feature","geometry":{"type":"Point","coordinates":[74.49281,22.57138]},"properties":{"udise":"23490501802","name":"PS DUNGER F. MANNAKUAN","state":"MADHYA PRADESH","district":"ALIRAJPUR","block":"UDAYGARH","indicator":"girls_toilet_nonfunctional"}},{"type":"Feature","geometry":{"type":"Point","coordinates":[74.67781,22.40553]},"properties":{"udise":"23490106504","name":"PS KANWADA ( JETDA F.)","state":"MADHYA PRADESH","district":"ALIRAJPUR","block":"JOBAT","indicator":"girls_toilet_nonfunctional"}},{"type":"Feature","geometry":{"type":"Point","coordinates":[74.55603,22.45471]},"properties":{"udise":"23490102603","name":"PS SAKSHARA F. KALIKETAR","state":"MADHYA PRADESH","district":"ALIRAJPUR","block":"JOBAT","indicator":"girls_toilet_nonfunctional"}},{"type":"Feature","geometry":{"type":"Point","coordinates":[74.2206,22.02296]},"properties":{"udise":"23490611402","name":"PS MAKADAMBA MATHWAD","state":"MADHYA PRADESH","district":"ALIRAJPUR","block":"SONDWA","indicator":"girls_toilet_nonfunctional"}},{"type":"Feature","geometry":{"type":"Point","coordinates":[74.69813,22.44318]},"properties":{"udise":"23490105501","name":"PS GUNJERI","state":"MADHYA PRADESH","district":"ALIRAJPUR","block":"JOBAT","indicator":"girls_toilet_nonfunctional"}},{"type":"Feature","geometry":{"type":"Point","coordinates":[74.47731,22.08261]},"properties":{"udise":"23490607302","name":"PS BEHADIYA F SEMLANI","state":"MADHYA PRADESH","district":"ALIRAJPUR","block":"SONDWA","indicator":"girls_toilet_nonfunctional"}},{"type":"Feature","geometry":{"type":"Point","coordinates":[74.60918,22.48101]},"properties":{"udise":"23490500301","name":"PS BARADA","state":"MADHYA PRADESH","district":"ALIRAJPUR","block":"UDAYGARH","indicator":"girls_toilet_nonfunctional"}},{"type":"Feature","geometry":{"type":"Point","coordinates":[74.19111,22.10641]},"properties":{"udise":"23490604304","name":"PS NICHAL F.BHOPALIA","state":"MADHYA PRADESH","district":"ALIRAJPUR","block":"SONDWA","indicator":"girls_toilet_nonfunctional"}},{"type":"Feature","geometry":{"type":"Point","coordinates":[74.15794,22.47993]},"properties":{"udise":"23490304901","name":"PS INDLAWAT","state":"MADHYA PRADESH","district":"ALIRAJPUR","block":"KATTHIWARA","indicator":"girls_toilet_nonfunctional"}},{"type":"Feature","geometry":{"type":"Point","coordinates":[74.29736,22.19092]},"properties":{"udise":"23490606402","name":"PS NANDIDHAD RAKSALA","state":"MADHYA PRADESH","district":"ALIRAJPUR","block":"SONDWA","indicator":"girls_toilet_nonfunctional"}},{"type":"Feature","geometry":{"type":"Point","coordinates":[74.31216,22.02531]},"properties":{"udise":"23490612704","name":"PS UNDIBARI F BADI FADTALA","state":"MADHYA PRADESH","district":"ALIRAJPUR","block":"SONDWA","indicator":"girls_toilet_nonfunctional"}},{"type":"Feature","geometry":{"type":"Point","coordinates":[74.54312,22.40421]},"properties":{"udise":"23490101409","name":"PS KOKADMAL FALIYA","state":"MADHYA PRADESH","district":"ALIRAJPUR","block":"JOBAT","indicator":"girls_toilet_nonfunctional"}},{"type":"Feature","geometry":{"type":"Point","coordinates":[74.58562,22.39454]},"properties":{"udise":"23490100401","name":"PS DEHDALA (M F)","state":"MADHYA PRADESH","district":"ALIRAJPUR","block":"JOBAT","indicator":"girls_toilet_nonfunctional"}},{"type":"Feature","geometry":{"type":"Point","coordinates":[74.54991,22.52769]},"properties":{"udise":"23490503003","name":"PS BAYDA F. PRATAP FALIYA","state":"MADHYA PRADESH","district":"ALIRAJPUR","block":"UDAYGARH","indicator":"girls_toilet_nonfunctional"}},{"type":"Feature","geometry":{"type":"Point","coordinates":[74.22403,22.07297]},"properties":{"udise":"23490611803","name":"PS SAKRI F AMLA","state":"MADHYA PRADESH","district":"ALIRAJPUR","block":"SONDWA","indicator":"girls_toilet_nonfunctional"}},{"type":"Feature","geometry":{"type":"Point","coordinates":[74.1975,22.03026]},"properties":{"udise":"23490610802","name":"PS BAIDA F KARAJWANI","state":"MADHYA PRADESH","district":"ALIRAJPUR","block":"SONDWA","indicator":"girls_toilet_nonfunctional"}},{"type":"Feature","geometry":{"type":"Point","coordinates":[74.16905,22.10836]},"properties":{"udise":"23490604602","name":"PS PATEL F.BAYARIA","state":"MADHYA PRADESH","district":"ALIRAJPUR","block":"SONDWA","indicator":"girls_toilet_nonfunctional"}},{"type":"Feature","geometry":{"type":"Point","coordinates":[74.18609,22.09014]},"properties":{"udise":"23490604115","name":"KANYA ASHRAM SHALA CHHAKTALA ( PS)","state":"MADHYA PRADESH","district":"ALIRAJPUR","block":"SONDWA","indicator":"girls_toilet_nonfunctional"}},{"type":"Feature","geometry":{"type":"Point","coordinates":[74.40101,22.47263]},"properties":{"udise":"23490501202","name":"PS PATEL FALIA TEMACHI","state":"MADHYA PRADESH","district":"ALIRAJPUR","block":"UDAYGARH","indicator":"girls_toilet_nonfunctional"}},{"type":"Feature","geometry":{"type":"Point","coordinates":[74.63799,22.27402]},"properties":{"udise":"23490104302","name":"PS SALKHEDA","state":"MADHYA PRADESH","district":"ALIRAJPUR","block":"JOBAT","indicator":"girls_toilet_nonfunctional"}},{"type":"Feature","geometry":{"type":"Point","coordinates":[74.33168,22.16857]},"properties":{"udise":"23490606002","name":"PS PATEL F UMRALI","state":"MADHYA PRADESH","district":"ALIRAJPUR","block":"SONDWA","indicator":"girls_toilet_nonfunctional"}},{"type":"Feature","geometry":{"type":"Point","coordinates":[74.2598,22.16625]},"properties":{"udise":"23490605704","name":"PS GURFALA F SAGBARA","state":"MADHYA PRADESH","district":"ALIRAJPUR","block":"SONDWA","indicator":"girls_toilet_nonfunctional"}},{"type":"Feature","geometry":{"type":"Point","coordinates":[74.61999,22.27196]},"properties":{"udise":"23490104803","name":"MS KADWAL","state":"MADHYA PRADESH","district":"ALIRAJPUR","block":"JOBAT","indicator":"girls_toilet_nonfunctional"}},{"type":"Feature","geometry":{"type":"Point","coordinates":[74.25133,22.02144]},"properties":{"udise":"23490610701","name":"PS KALIBEL","state":"MADHYA PRADESH","district":"ALIRAJPUR","block":"SONDWA","indicator":"girls_toilet_nonfunctional"}},{"type":"Feature","geometry":{"type":"Point","coordinates":[74.39295,22.48961]},"properties":{"udise":"23490506207","name":"H.S. KALUWAT","state":"MADHYA PRADESH","district":"ALIRAJPUR","block":"UDAYGARH","indicator":"girls_toilet_nonfunctional"}},{"type":"Feature","geometry":{"type":"Point","coordinates":[74.38069,22.4314]},"properties":{"udise":"23490503806","name":"PS DPEP CHOKIDAR F.SAGOTA","state":"MADHYA PRADESH","district":"ALIRAJPUR","block":"UDAYGARH","indicator":"girls_toilet_nonfunctional"}},{"type":"Feature","geometry":{"type":"Point","coordinates":[74.17592,22.32067]},"properties":{"udise":"23490308002","name":"PS HOLI F. NICHAVAS","state":"MADHYA PRADESH","district":"ALIRAJPUR","block":"KATTHIWARA","indicator":"girls_toilet_nonfunctional"}},{"type":"Feature","geometry":{"type":"Point","coordinates":[74.21374,22.15095]},"properties":{"udise":"23490603302","name":"PS CHIKHORA","state":"MADHYA PRADESH","district":"ALIRAJPUR","block":"SONDWA","indicator":"girls_toilet_nonfunctional"}},{"type":"Feature","geometry":{"type":"Point","coordinates":[74.42285,22.08895]},"properties":{"udise":"23490600506","name":"PS PATEL F TEMLA","state":"MADHYA PRADESH","district":"ALIRAJPUR","block":"SONDWA","indicator":"girls_toilet_nonfunctional"}},{"type":"Feature","geometry":{"type":"Point","coordinates":[74.39612,22.46006]},"properties":{"udise":"23490501203","name":"PS TEMACHI II","state":"MADHYA PRADESH","district":"ALIRAJPUR","block":"UDAYGARH","indicator":"girls_toilet_nonfunctional"}},{"type":"Feature","geometry":{"type":"Point","coordinates":[74.61646,22.38574]},"properties":{"udise":"23490105205","name":"PS TALAB F. UMARI","state":"MADHYA PRADESH","district":"ALIRAJPUR","block":"JOBAT","indicator":"girls_toilet_nonfunctional"}},{"type":"Feature","geometry":{"type":"Point","coordinates":[74.56807,22.34323]},"properties":{"udise":"23490102404","name":"H.S. BHANPUR","state":"MADHYA PRADESH","district":"ALIRAJPUR","block":"JOBAT","indicator":"girls_toilet_nonfunctional"}},{"type":"Feature","geometry":{"type":"Point","coordinates":[74.47847,22.37306]},"properties":{"udise":"23490103704","name":"PS JHIRI F. BADI HIRAPUR","state":"MADHYA PRADESH","district":"ALIRAJPUR","block":"JOBAT","indicator":"girls_toilet_nonfunctional"}},{"type":"Feature","geometry":{"type":"Point","coordinates":[74.6648,22.53112]},"properties":{"udise":"23490501001","name":"PS GABHANI SALAR","state":"MADHYA PRADESH","district":"ALIRAJPUR","block":"UDAYGARH","indicator":"girls_toilet_nonfunctional"}},{"type":"Feature","geometry":{"type":"Point","coordinates":[74.13252,22.18208]},"properties":{"udise":"23490605003","name":"PS RATAD","state":"MADHYA PRADESH","district":"ALIRAJPUR","block":"SONDWA","indicator":"girls_toilet_nonfunctional"}},{"type":"Feature","geometry":{"type":"Point","coordinates":[74.22668,22.09272]},"properties":{"udise":"23490602501","name":"PS MUNDLA","state":"MADHYA PRADESH","district":"ALIRAJPUR","block":"SONDWA","indicator":"girls_toilet_nonfunctional"}},{"type":"Feature","geometry":{"type":"Point","coordinates":[74.38728,22.47866]},"properties":{"udise":"23490506204","name":"PS KHUTPIPARI F KALUWAT","state":"MADHYA PRADESH","district":"ALIRAJPUR","block":"UDAYGARH","indicator":"girls_toilet_nonfunctional"}},{"type":"Feature","geometry":{"type":"Point","coordinates":[74.48495,22.48759]},"properties":{"udise":"23490508501","name":"PS BADI JUWARI (T F)","state":"MADHYA PRADESH","district":"ALIRAJPUR","block":"UDAYGARH","indicator":"girls_toilet_nonfunctional"}},{"type":"Feature","geometry":{"type":"Point","coordinates":[74.36742,22.44853]},"properties":{"udise":"23490506105","name":"PS KUSUMDF TOKARIYA JHIRAN","state":"MADHYA PRADESH","district":"ALIRAJPUR","block":"UDAYGARH","indicator":"girls_toilet_nonfunctional"}},{"type":"Feature","geometry":{"type":"Point","coordinates":[74.24032,22.25918]},"properties":{"udise":"23490302103","name":"PS TALAB F. DARKHARD","state":"MADHYA PRADESH","district":"ALIRAJPUR","block":"KATTHIWARA","indicator":"girls_toilet_nonfunctional"}},{"type":"Feature","geometry":{"type":"Point","coordinates":[74.35079,22.5206]},"properties":{"udise":"23490706406","name":"PS TADAVI F BADABHAVATA","state":"MADHYA PRADESH","district":"ALIRAJPUR","block":"BHABARA","indicator":"girls_toilet_nonfunctional"}},{"type":"Feature","geometry":{"type":"Point","coordinates":[74.1446,22.19776]},"properties":{"udise":"23490605404","name":"PS HOLI F.DARJA","state":"MADHYA PRADESH","district":"ALIRAJPUR","block":"SONDWA","indicator":"girls_toilet_nonfunctional"}},{"type":"Feature","geometry":{"type":"Point","coordinates":[74.33495,22.45139]},"properties":{"udise":"23490305702","name":"PS MUJALDA F. CHHOTI SARDI","state":"MADHYA PRADESH","district":"ALIRAJPUR","block":"KATTHIWARA","indicator":"girls_toilet_nonfunctional"}},{"type":"Feature","geometry":{"type":"Point","coordinates":[74.25603,22.04517]},"properties":{"udise":"23490602502","name":"PS MANKHADA","state":"MADHYA PRADESH","district":"ALIRAJPUR","block":"SONDWA","indicator":"girls_toilet_nonfunctional"}},{"type":"Feature","geometry":{"type":"Point","coordinates":[74.65874,22.48273]},"properties":{"udise":"23490507906","name":"PS BHANWRA FALIA","state":"MADHYA PRADESH","district":"ALIRAJPUR","block":"UDAYGARH","indicator":"girls_toilet_nonfunctional"}},{"type":"Feature","geometry":{"type":"Point","coordinates":[74.14879,22.14572]},"properties":{"udise":"23490605502","name":"PS POLCHAPRI F PIPLAWAT","state":"MADHYA PRADESH","district":"ALIRAJPUR","block":"SONDWA","indicator":"girls_toilet_nonfunctional"}},{"type":"Feature","geometry":{"type":"Point","coordinates":[74.57314,22.39302]},"properties":{"udise":"23490100412","name":"PS BAYDIYA F DEHDALA","state":"MADHYA PRADESH","district":"ALIRAJPUR","block":"JOBAT","indicator":"girls_toilet_nonfunctional"}},{"type":"Feature","geometry":{"type":"Point","coordinates":[74.30081,22.12]},"properties":{"udise":"23490601803","name":"PS VASNIYAPANI F.KAKARWA","state":"MADHYA PRADESH","district":"ALIRAJPUR","block":"SONDWA","indicator":"girls_toilet_nonfunctional"}},{"type":"Feature","geometry":{"type":"Point","coordinates":[74.34411,22.4846]},"properties":{"udise":"23490508306","name":"PS TARVI F KATKUA","state":"MADHYA PRADESH","district":"ALIRAJPUR","block":"UDAYGARH","indicator":"girls_toilet_nonfunctional"}},{"type":"Feature","geometry":{"type":"Point","coordinates":[74.40425,22.539]},"properties":{"udise":"23490701703","name":"PS SINDI PANI F GIRDHA","state":"MADHYA PRADESH","district":"ALIRAJPUR","block":"BHABARA","indicator":"girls_toilet_nonfunctional"}},{"type":"Feature","geometry":{"type":"Point","coordinates":[74.38626,22.46078]},"properties":{"udise":"23490501204","name":"PS RAVALKUVA TEMACHI","state":"MADHYA PRADESH","district":"ALIRAJPUR","block":"UDAYGARH","indicator":"girls_toilet_nonfunctional"}},{"type":"Feature","geometry":{"type":"Point","coordinates":[74.16974,22.16656]},"properties":{"udise":"23490605106","name":"PS BHAYDI F. KUNDWAT","state":"MADHYA PRADESH","district":"ALIRAJPUR","block":"SONDWA","indicator":"girls_toilet_nonfunctional"}},{"type":"Feature","geometry":{"type":"Point","coordinates":[74.14245,21.99135]},"properties":{"udise":"23490610605","name":"PS WAKVI KELDI KI MAL","state":"MADHYA PRADESH","district":"ALIRAJPUR","block":"SONDWA","indicator":"girls_toilet_nonfunctional"}},{"type":"Feature","geometry":{"type":"Point","coordinates":[74.29168,22.04914]},"properties":{"udise":"23490602803","name":"PS MATARBARA F CHHOTIGENDRA","state":"MADHYA PRADESH","district":"ALIRAJPUR","block":"SONDWA","indicator":"girls_toilet_nonfunctional"}},{"type":"Feature","geometry":{"type":"Point","coordinates":[74.25201,22.16689]},"properties":{"udise":"23490606802","name":"PS DAATKHODRA BADI UTAVALI","state":"MADHYA PRADESH","district":"ALIRAJPUR","block":"SONDWA","indicator":"girls_toilet_nonfunctional"}},{"type":"Feature","geometry":{"type":"Point","coordinates":[74.45719,22.42338]},"properties":{"udise":"23490503809","name":"PS NADIDHAF. SEVAD","state":"MADHYA PRADESH","district":"ALIRAJPUR","block":"UDAYGARH","indicator":"girls_toilet_nonfunctional"}},{"type":"Feature","geometry":{"type":"Point","coordinates":[74.28805,22.10357]},"properties":{"udise":"23490609503","name":"PS JAMRA F BICHHOULI","state":"MADHYA PRADESH","district":"ALIRAJPUR","block":"SONDWA","indicator":"girls_toilet_nonfunctional"}},{"type":"Feature","geometry":{"type":"Point","coordinates":[74.5216,22.52457]},"properties":{"udise":"23490501404","name":"PS JAMBU F. BAWARI KHURD","state":"MADHYA PRADESH","district":"ALIRAJPUR","block":"UDAYGARH","indicator":"girls_toilet_nonfunctional"}},{"type":"Feature","geometry":{"type":"Point","coordinates":[74.41756,22.04186]},"properties":{"udise":"23490607502","name":"PS MAL F SUGAT","state":"MADHYA PRADESH","district":"ALIRAJPUR","block":"SONDWA","indicator":"girls_toilet_nonfunctional"}},{"type":"Feature","geometry":{"type":"Point","coordinates":[74.21497,22.15858]},"properties":{"udise":"23490603304","name":"PATALI MAHUDI F. CHIKHORA","state":"MADHYA PRADESH","district":"ALIRAJPUR","block":"SONDWA","indicator":"girls_toilet_nonfunctional"}},{"type":"Feature","geometry":{"type":"Point","coordinates":[74.54726,22.49106]},"properties":{"udise":"23490500106","name":"PS TERKA","state":"MADHYA PRADESH","district":"ALIRAJPUR","block":"UDAYGARH","indicator":"girls_toilet_nonfunctional"}},{"type":"Feature","geometry":{"type":"Point","coordinates":[74.44833,22.11258]},"properties":{"udise":"23490607705","name":"PS BHURKAPY F . BEHARWA","state":"MADHYA PRADESH","district":"ALIRAJPUR","block":"SONDWA","indicator":"girls_toilet_nonfunctional"}},{"type":"Feature","geometry":{"type":"Point","coordinates":[74.50739,22.43893]},"properties":{"udise":"23490107106","name":"SPS MOHNIYA F. CHAGDI","state":"MADHYA PRADESH","district":"ALIRAJPUR","block":"JOBAT","indicator":"girls_toilet_nonfunctional"}},{"type":"Feature","geometry":{"type":"Point","coordinates":[74.495,22.1176]},"properties":{"udise":"23490609002","name":"PS NICHLA F UNHALA","state":"MADHYA PRADESH","district":"ALIRAJPUR","block":"SONDWA","indicator":"girls_toilet_nonfunctional"}},{"type":"Feature","geometry":{"type":"Point","coordinates":[74.28581,22.16032]},"properties":{"udise":"23490606605","name":"PS LAKADPANI F SISWALIYA","state":"MADHYA PRADESH","district":"ALIRAJPUR","block":"SONDWA","indicator":"girls_toilet_nonfunctional"}},{"type":"Feature","geometry":{"type":"Point","coordinates":[74.51742,22.51874]},"properties":{"udise":"23490503401","name":"PS BHORKUAN","state":"MADHYA PRADESH","district":"ALIRAJPUR","block":"UDAYGARH","indicator":"girls_toilet_nonfunctional"}},{"type":"Feature","geometry":{"type":"Point","coordinates":[74.28959,22.19078]},"properties":{"udise":"23490607102","name":"PS UKLA F GHOGHALPUR","state":"MADHYA PRADESH","district":"ALIRAJPUR","block":"SONDWA","indicator":"girls_toilet_nonfunctional"}},{"type":"Feature","geometry":{"type":"Point","coordinates":[74.3675,22.00904]},"properties":{"udise":"23490601602","name":"PS BERKHADI F.BHITARA","state":"MADHYA PRADESH","district":"ALIRAJPUR","block":"SONDWA","indicator":"girls_toilet_nonfunctional"}},{"type":"Feature","geometry":{"type":"Point","coordinates":[74.51126,22.56277]},"properties":{"udise":"23490505305","name":"PS CHOKIDAR F BHANDAKHAPAR","state":"MADHYA PRADESH","district":"ALIRAJPUR","block":"UDAYGARH","indicator":"girls_toilet_nonfunctional"}},{"type":"Feature","geometry":{"type":"Point","coordinates":[74.21693,22.12658]},"properties":{"udise":"23490603402","name":"PS UACHLA F. ROSHIYA","state":"MADHYA PRADESH","district":"ALIRAJPUR","block":"SONDWA","indicator":"girls_toilet_nonfunctional"}},{"type":"Feature","geometry":{"type":"Point","coordinates":[74.28075,22.18111]},"properties":{"udise":"23490606504","name":"PS VALAJA F ATHAWA","state":"MADHYA PRADESH","district":"ALIRAJPUR","block":"SONDWA","indicator":"girls_toilet_nonfunctional"}},{"type":"Feature","geometry":{"type":"Point","coordinates":[74.49201,22.12937]},"properties":{"udise":"23490607409","name":"PS NICHALA F CHHOTIHATHVI","state":"MADHYA PRADESH","district":"ALIRAJPUR","block":"SONDWA","indicator":"girls_toilet_nonfunctional"}},{"type":"Feature","geometry":{"type":"Point","coordinates":[74.58824,22.31754]},"properties":{"udise":"23490102704","name":"PS BHURIYA F. UMDA","state":"MADHYA PRADESH","district":"ALIRAJPUR","block":"JOBAT","indicator":"girls_toilet_nonfunctional"}},{"type":"Feature","geometry":{"type":"Point","coordinates":[74.7018,22.43278]},"properties":{"udise":"23490106701","name":"PS NIMTHAL","state":"MADHYA PRADESH","district":"ALIRAJPUR","block":"JOBAT","indicator":"girls_toilet_nonfunctional"}},{"type":"Feature","geometry":{"type":"Point","coordinates":[74.5415,22.35439]},"properties":{"udise":"23490139606","name":"MS MAYARA F KHATTALI","state":"MADHYA PRADESH","district":"ALIRAJPUR","block":"JOBAT","indicator":"girls_toilet_nonfunctional"}},{"type":"Feature","geometry":{"type":"Point","coordinates":[74.64809,22.4269]},"properties":{"udise":"23490102201","name":"PS JAMERI (M F)","state":"MADHYA PRADESH","district":"ALIRAJPUR","block":"JOBAT","indicator":"girls_toilet_nonfunctional"}},{"type":"Feature","geometry":{"type":"Point","coordinates":[74.39998,22.4901]},"properties":{"udise":"23490506206","name":"PS CHOKIDAR F KALUWAT","state":"MADHYA PRADESH","district":"ALIRAJPUR","block":"UDAYGARH","indicator":"girls_toilet_nonfunctional"}},{"type":"Feature","geometry":{"type":"Point","coordinates":[74.69393,22.52353]},"properties":{"udise":"23490505601","name":"PS KELJHAR","state":"MADHYA PRADESH","district":"ALIRAJPUR","block":"UDAYGARH","indicator":"girls_toilet_nonfunctional"}},{"type":"Feature","geometry":{"type":"Point","coordinates":[74.26966,22.1676]},"properties":{"udise":"23490605703","name":"PS KHADA F SAGBARA","state":"MADHYA PRADESH","district":"ALIRAJPUR","block":"SONDWA","indicator":"girls_toilet_nonfunctional"}},{"type":"Feature","geometry":{"type":"Point","coordinates":[74.23452,22.00158]},"properties":{"udise":"23490608102","name":"PS DHANBAYDI MATHWAD","state":"MADHYA PRADESH","district":"ALIRAJPUR","block":"SONDWA","indicator":"girls_toilet_nonfunctional"}},{"type":"Feature","geometry":{"type":"Point","coordinates":[74.51384,22.39297]},"properties":{"udise":"23490102501","name":"PS KHERWA","state":"MADHYA PRADESH","district":"ALIRAJPUR","block":"JOBAT","indicator":"girls_toilet_nonfunctional"}},{"type":"Feature","geometry":{"type":"Point","coordinates":[74.14155,22.02625]},"properties":{"udise":"23490610201","name":"MS UMARKHAD","state":"MADHYA PRADESH","district":"ALIRAJPUR","block":"SONDWA","indicator":"girls_toilet_nonfunctional"}},{"type":"Feature","geometry":{"type":"Point","coordinates":[74.21036,22.1495]},"properties":{"udise":"23490603303","name":"PS KAVLI F. CHIKHORA","state":"MADHYA PRADESH","district":"ALIRAJPUR","block":"SONDWA","indicator":"girls_toilet_nonfunctional"}},{"type":"Feature","geometry":{"type":"Point","coordinates":[74.53595,22.56232]},"properties":{"udise":"23490502103","name":"PS VAKI F. DHAMANDA","state":"MADHYA PRADESH","district":"ALIRAJPUR","block":"UDAYGARH","indicator":"girls_toilet_nonfunctional"}},{"type":"Feature","geometry":{"type":"Point","coordinates":[74.24398,22.04912]},"properties":{"udise":"23490612602","name":"PS BHUMATI F MANKHEDA","state":"MADHYA PRADESH","district":"ALIRAJPUR","block":"SONDWA","indicator":"girls_toilet_nonfunctional"}},{"type":"Feature","geometry":{"type":"Point","coordinates":[74.25862,22.57742]},"properties":{"udise":"23490704005","name":"MS BADGAON","state":"MADHYA PRADESH","district":"ALIRAJPUR","block":"BHABARA","indicator":"girls_toilet_nonfunctional"}},{"type":"Feature","geometry":{"type":"Point","coordinates":[74.11406,22.28658]},"properties":{"udise":"23490310502","name":"PS DAMARI F. KALARI","state":"MADHYA PRADESH","district":"ALIRAJPUR","block":"KATTHIWARA","indicator":"girls_toilet_nonfunctional"}},{"type":"Feature","geometry":{"type":"Point","coordinates":[74.69011,22.42552]},"properties":{"udise":"23490106806","name":"PS WASKALA FALIYA PAHADWA","state":"MADHYA PRADESH","district":"ALIRAJPUR","block":"JOBAT","indicator":"girls_toilet_nonfunctional"}},{"type":"Feature","geometry":{"type":"Point","coordinates":[74.7025,22.51137]},"properties":{"udise":"23490504609","name":"PS SAWAI PURA F BORI","state":"MADHYA PRADESH","district":"ALIRAJPUR","block":"UDAYGARH","indicator":"girls_toilet_nonfunctional"}},{"type":"Feature","geometry":{"type":"Point","coordinates":[74.27591,22.54012]},"properties":{"udise":"23490706206","name":"MS CHHOTI POLE","state":"MADHYA PRADESH","district":"ALIRAJPUR","block":"BHABARA","indicator":"girls_toilet_nonfunctional"}},{"type":"Feature","geometry":{"type":"Point","coordinates":[74.33752,22.00201]},"properties":{"udise":"23490611105","name":"PS NADISHIRKHARI","state":"MADHYA PRADESH","district":"ALIRAJPUR","block":"SONDWA","indicator":"girls_toilet_nonfunctional"}},{"type":"Feature","geometry":{"type":"Point","coordinates":[74.25617,22.37317]},"properties":{"udise":"23490308502","name":"MS BIJORIYA","state":"MADHYA PRADESH","district":"ALIRAJPUR","block":"KATTHIWARA","indicator":"girls_toilet_nonfunctional"}},{"type":"Feature","geometry":{"type":"Point","coordinates":[74.335,22.17335]},"properties":{"udise":"23490606001","name":"PS PATEL FALIYA UMRALI","state":"MADHYA PRADESH","district":"ALIRAJPUR","block":"SONDWA","indicator":"girls_toilet_nonfunctional"}},{"type":"Feature","geometry":{"type":"Point","coordinates":[74.64058,22.50599]},"properties":{"udise":"23490502003","name":"PS PATEL F. KOTADA","state":"MADHYA PRADESH","district":"ALIRAJPUR","block":"UDAYGARH","indicator":"girls_toilet_nonfunctional"}},{"type":"Feature","geometry":{"type":"Point","coordinates":[74.14767,22.13448]},"properties":{"udise":"23490605605","name":"PS JHIRI F.KANDHARI","state":"MADHYA PRADESH","district":"ALIRAJPUR","block":"SONDWA","indicator":"girls_toilet_nonfunctional"}},{"type":"Feature","geometry":{"type":"Point","coordinates":[74.33311,22.53675]},"properties":{"udise":"23490705323","name":"MS MAHA VIDHYA ACADEMY BHABHAR","state":"MADHYA PRADESH","district":"ALIRAJPUR","block":"BHABARA","indicator":"girls_toilet_nonfunctional"}},{"type":"Feature","geometry":{"type":"Point","coordinates":[74.5143,22.49637]},"properties":{"udise":"23490501904","name":"PS TADVI FALIYA AAMBI","state":"MADHYA PRADESH","district":"ALIRAJPUR","block":"UDAYGARH","indicator":"girls_toilet_nonfunctional"}},{"type":"Feature","geometry":{"type":"Point","coordinates":[74.44271,22.06798]},"properties":{"udise":"23490608702","name":"PS UPARLA F JHANDANA","state":"MADHYA PRADESH","district":"ALIRAJPUR","block":"SONDWA","indicator":"girls_toilet_nonfunctional"}},{"type":"Feature","geometry":{"type":"Point","coordinates":[74.36953,22.02002]},"properties":{"udise":"23490601603","name":"PS RANJARI F BHITARA","state":"MADHYA PRADESH","district":"ALIRAJPUR","block":"SONDWA","indicator":"girls_toilet_nonfunctional"}},{"type":"Feature","geometry":{"type":"Point","coordinates":[74.18005,22.07652]},"properties":{"udise":"23490604002","name":"PS ACHAPAI","state":"MADHYA PRADESH","district":"ALIRAJPUR","block":"SONDWA","indicator":"girls_toilet_nonfunctional"}},{"type":"Feature","geometry":{"type":"Point","coordinates":[74.29245,22.16241]},"properties":{"udise":"23490606603","name":"PS MEMBER F SISWALIYA","state":"MADHYA PRADESH","district":"ALIRAJPUR","block":"SONDWA","indicator":"girls_toilet_nonfunctional"}},{"type":"Feature","geometry":{"type":"Point","coordinates":[74.50173,22.11821]},"properties":{"udise":"23490609003","name":"PS TAAD F UNHALA","state":"MADHYA PRADESH","district":"ALIRAJPUR","block":"SONDWA","indicator":"girls_toilet_nonfunctional"}},{"type":"Feature","geometry":{"type":"Point","coordinates":[74.60841,22.51759]},"properties":{"udise":"23490500607","name":"PS MOHANIYA FALIYA KUNDALWA","state":"MADHYA PRADESH","district":"ALIRAJPUR","block":"UDAYGARH","indicator":"girls_toilet_nonfunctional"}},{"type":"Feature","geometry":{"type":"Point","coordinates":[74.4019,22.11478]},"properties":{"udise":"23490601003","name":"PS SOLIYA F. BORGAON","state":"MADHYA PRADESH","district":"ALIRAJPUR","block":"SONDWA","indicator":"girls_toilet_nonfunctional"}},{"type":"Feature","geometry":{"type":"Point","coordinates":[74.57874,22.31999]},"properties":{"udise":"23490104207","name":"PS JALDHARI F. SINDHI","state":"MADHYA PRADESH","district":"ALIRAJPUR","block":"JOBAT","indicator":"girls_toilet_nonfunctional"}},{"type":"Feature","geometry":{"type":"Point","coordinates":[74.42742,22.21994]},"properties":{"udise":"23490200705","name":"PS KHEDA F. CHIKALKUI","state":"MADHYA PRADESH","district":"ALIRAJPUR","block":"ALIRAJPUR","indicator":"girls_toilet_nonfunctional"}},{"type":"Feature","geometry":{"type":"Point","coordinates":[74.35396,22.48118]},"properties":{"udise":"23490508302","name":"PS KATKUA","state":"MADHYA PRADESH","district":"ALIRAJPUR","block":"UDAYGARH","indicator":"girls_toilet_nonfunctional"}},{"type":"Feature","geometry":{"type":"Point","coordinates":[74.49986,22.55841]},"properties":{"udise":"23490501803","name":"PS TADVI F. MANNAKUAN","state":"MADHYA PRADESH","district":"ALIRAJPUR","block":"UDAYGARH","indicator":"girls_toilet_nonfunctional"}},{"type":"Feature","geometry":{"type":"Point","coordinates":[74.22778,22.0832]},"properties":{"udise":"23490602902","name":"PS HOLI F. AKALGHARAA","state":"MADHYA PRADESH","district":"ALIRAJPUR","block":"SONDWA","indicator":"girls_toilet_nonfunctional"}},{"type":"Feature","geometry":{"type":"Point","coordinates":[74.12734,22.44141]},"properties":{"udise":"23490304301","name":"MS MOTIBADOI","state":"MADHYA PRADESH","district":"ALIRAJPUR","block":"KATTHIWARA","indicator":"girls_toilet_nonfunctional"}},{"type":"Feature","geometry":{"type":"Point","coordinates":[74.22314,22.09568]},"properties":{"udise":"23490602503","name":"PS INDIRA AWAS F MUNDLA","state":"MADHYA PRADESH","district":"ALIRAJPUR","block":"SONDWA","indicator":"girls_toilet_nonfunctional"}},{"type":"Feature","geometry":{"type":"Point","coordinates":[74.18416,22.09833]},"properties":{"udise":"23490604105","name":"PS JHIRI F.CHHAKTALA","state":"MADHYA PRADESH","district":"ALIRAJPUR","block":"SONDWA","indicator":"girls_toilet_nonfunctional"}},{"type":"Feature","geometry":{"type":"Point","coordinates":[74.4939,22.33608]},"properties":{"udise":"23490209304","name":"MS GHATWANI","state":"MADHYA PRADESH","district":"ALIRAJPUR","block":"ALIRAJPUR","indicator":"girls_toilet_nonfunctional"}},{"type":"Feature","geometry":{"type":"Point","coordinates":[74.23131,22.09384]},"properties":{"udise":"23490602504","name":"PS SAKAD F. MUNDLA","state":"MADHYA PRADESH","district":"ALIRAJPUR","block":"SONDWA","indicator":"girls_toilet_nonfunctional"}},{"type":"Feature","geometry":{"type":"Point","coordinates":[74.3549,22.48296]},"properties":{"udise":"23490508304","name":"MS KATKUA","state":"MADHYA PRADESH","district":"ALIRAJPUR","block":"UDAYGARH","indicator":"girls_toilet_nonfunctional"}},{"type":"Feature","geometry":{"type":"Point","coordinates":[74.65666,22.53143]},"properties":{"udise":"23490507703","name":"PS GADARIYA F. DEDARWASA","state":"MADHYA PRADESH","district":"ALIRAJPUR","block":"UDAYGARH","indicator":"girls_toilet_nonfunctional"}},{"type":"Feature","geometry":{"type":"Point","coordinates":[74.59424,22.48886]},"properties":{"udise":"23490500403","name":"PS RAT MALIYA","state":"MADHYA PRADESH","district":"ALIRAJPUR","block":"UDAYGARH","indicator":"girls_toilet_nonfunctional"}},{"type":"Feature","geometry":{"type":"Point","coordinates":[74.68546,22.51476]},"properties":{"udise":"23490504610","name":"PS HARIJAN F/ BORI","state":"MADHYA PRADESH","district":"ALIRAJPUR","block":"UDAYGARH","indicator":"girls_toilet_nonfunctional"}},{"type":"Feature","geometry":{"type":"Point","coordinates":[74.67557,22.51979]},"properties":{"udise":"23490505504","name":"PS DAWARIYA F. RATANPURA","state":"MADHYA PRADESH","district":"ALIRAJPUR","block":"UDAYGARH","indicator":"girls_toilet_nonfunctional"}},{"type":"Feature","geometry":{"type":"Point","coordinates":[74.28934,22.13919]},"properties":{"udise":"23490609802","name":"PS SEMLI F CHANOTA","state":"MADHYA PRADESH","district":"ALIRAJPUR","block":"SONDWA","indicator":"girls_toilet_nonfunctional"}},{"type":"Feature","geometry":{"type":"Point","coordinates":[74.51665,22.5308]},"properties":{"udise":"23490501405","name":"PS BHURIYA F. BAWARI KHURD","state":"MADHYA PRADESH","district":"ALIRAJPUR","block":"UDAYGARH","indicator":"girls_toilet_nonfunctional"}},{"type":"Feature","geometry":{"type":"Point","coordinates":[74.32531,22.14812]},"properties":{"udise":"23490605903","name":"PS NACHANKHALI UMRALI","state":"MADHYA PRADESH","district":"ALIRAJPUR","block":"SONDWA","indicator":"girls_toilet_nonfunctional"}},{"type":"Feature","geometry":{"type":"Point","coordinates":[74.37985,22.47379]},"properties":{"udise":"23490506109","name":"PS LUHAR FALIYA TOKRIYA JHIRAN","state":"MADHYA PRADESH","district":"ALIRAJPUR","block":"UDAYGARH","indicator":"girls_toilet_nonfunctional"}},{"type":"Feature","geometry":{"type":"Point","coordinates":[74.46643,22.46824]},"properties":{"udise":"23490508602","name":"PS MOTAUMAR -2","state":"MADHYA PRADESH","district":"ALIRAJPUR","block":"UDAYGARH","indicator":"girls_toilet_nonfunctional"}},{"type":"Feature","geometry":{"type":"Point","coordinates":[74.23374,22.0575]},"properties":{"udise":"23490602003","name":"PS KHATAMBA KOSARIYA","state":"MADHYA PRADESH","district":"ALIRAJPUR","block":"SONDWA","indicator":"girls_toilet_nonfunctional"}},{"type":"Feature","geometry":{"type":"Point","coordinates":[74.27239,22.04923]},"properties":{"udise":"23490602804","name":"PS GULIAYA MANDAVA F CHHTIGENDRA","state":"MADHYA PRADESH","district":"ALIRAJPUR","block":"SONDWA","indicator":"girls_toilet_nonfunctional"}},{"type":"Feature","geometry":{"type":"Point","coordinates":[74.3899,22.42693]},"properties":{"udise":"23490509701","name":"PS HARDASPUR - 1","state":"MADHYA PRADESH","district":"ALIRAJPUR","block":"UDAYGARH","indicator":"girls_toilet_nonfunctional"}},{"type":"Feature","geometry":{"type":"Point","coordinates":[74.28421,22.14435]},"properties":{"udise":"23490609803","name":"PS PATEL F CHANOTA","state":"MADHYA PRADESH","district":"ALIRAJPUR","block":"SONDWA","indicator":"girls_toilet_nonfunctional"}},{"type":"Feature","geometry":{"type":"Point","coordinates":[74.1974,22.08464]},"properties":{"udise":"23490603801","name":"MS GENDA","state":"MADHYA PRADESH","district":"ALIRAJPUR","block":"SONDWA","indicator":"girls_toilet_nonfunctional"}},{"type":"Feature","geometry":{"type":"Point","coordinates":[74.55584,22.48278]},"properties":{"udise":"23490502303","name":"PS BHERAM F. TERKA","state":"MADHYA PRADESH","district":"ALIRAJPUR","block":"UDAYGARH","indicator":"girls_toilet_nonfunctional"}},{"type":"Feature","geometry":{"type":"Point","coordinates":[74.13284,22.1372]},"properties":{"udise":"23490605603","name":"PS KAHKUA F KHANTHARI","state":"MADHYA PRADESH","district":"ALIRAJPUR","block":"SONDWA","indicator":"girls_toilet_nonfunctional"}},{"type":"Feature","geometry":{"type":"Point","coordinates":[74.64704,22.29181]},"properties":{"udise":"23490104309","name":"PS RAWAT FALIYA SALKHEDA","state":"MADHYA PRADESH","district":"ALIRAJPUR","block":"JOBAT","indicator":"girls_toilet_nonfunctional"}},{"type":"Feature","geometry":{"type":"Point","coordinates":[74.18851,22.51333]},"properties":{"udise":"23490301902","name":"PS GOSATI F. MORGHA","state":"MADHYA PRADESH","district":"ALIRAJPUR","block":"KATTHIWARA","indicator":"girls_toilet_nonfunctional"}},{"type":"Feature","geometry":{"type":"Point","coordinates":[74.17951,21.96723]},"properties":{"udise":"23490613301","name":"PS NAL AMBA F CHILKADA","state":"MADHYA PRADESH","district":"ALIRAJPUR","block":"SONDWA","indicator":"girls_toilet_nonfunctional"}},{"type":"Feature","geometry":{"type":"Point","coordinates":[74.42105,22.49024]},"properties":{"udise":"23490702005","name":"UG PS EGS BHURI F JHIRAN","state":"MADHYA PRADESH","district":"ALIRAJPUR","block":"BHABARA","indicator":"girls_toilet_nonfunctional"}},{"type":"Feature","geometry":{"type":"Point","coordinates":[74.43181,22.14578]},"properties":{"udise":"23490607607","name":"PS MALI F WALPUR","state":"MADHYA PRADESH","district":"ALIRAJPUR","block":"SONDWA","indicator":"girls_toilet_nonfunctional"}},{"type":"Feature","geometry":{"type":"Point","coordinates":[74.11679,22.33085]},"properties":{"udise":"23490307904","name":"PS AMBADABERI","state":"MADHYA PRADESH","district":"ALIRAJPUR","block":"KATTHIWARA","indicator":"girls_toilet_nonfunctional"}},{"type":"Feature","geometry":{"type":"Point","coordinates":[74.63209,22.28626]},"properties":{"udise":"23490104306","name":"PS BAMANIYA F. SALKHERA","state":"MADHYA PRADESH","district":"ALIRAJPUR","block":"JOBAT","indicator":"girls_toilet_nonfunctional"}},{"type":"Feature","geometry":{"type":"Point","coordinates":[74.66491,22.47539]},"properties":{"udise":"23490501602","name":"PS MUNDI F. KOLIYABAYDA","state":"MADHYA PRADESH","district":"ALIRAJPUR","block":"UDAYGARH","indicator":"girls_toilet_nonfunctional"}},{"type":"Feature","geometry":{"type":"Point","coordinates":[74.17065,22.13763]},"properties":{"udise":"23490604202","name":"PS PATEAL F.DETKUNDA","state":"MADHYA PRADESH","district":"ALIRAJPUR","block":"SONDWA","indicator":"girls_toilet_nonfunctional"}},{"type":"Feature","geometry":{"type":"Point","coordinates":[74.59137,22.51775]},"properties":{"udise":"23490500803","name":"PS BILVAL F UTTI","state":"MADHYA PRADESH","district":"ALIRAJPUR","block":"UDAYGARH","indicator":"girls_toilet_nonfunctional"}},{"type":"Feature","geometry":{"type":"Point","coordinates":[74.18864,22.16315]},"properties":{"udise":"23490603602","name":"PS NICHLA F. BARDA","state":"MADHYA PRADESH","district":"ALIRAJPUR","block":"SONDWA","indicator":"girls_toilet_nonfunctional"}},{"type":"Feature","geometry":{"type":"Point","coordinates":[74.61129,22.46087]},"properties":{"udise":"23490509001","name":"PS BHAYDI VAKAL GAON BADI","state":"MADHYA PRADESH","district":"ALIRAJPUR","block":"UDAYGARH","indicator":"girls_toilet_nonfunctional"}},{"type":"Feature","geometry":{"type":"Point","coordinates":[74.32653,22.22104]},"properties":{"udise":"23490606302","name":"PS DABDI","state":"MADHYA PRADESH","district":"ALIRAJPUR","block":"SONDWA","indicator":"girls_toilet_nonfunctional"}},{"type":"Feature","geometry":{"type":"Point","coordinates":[74.42725,22.05563]},"properties":{"udise":"23490601901","name":"PS CHAMELI","state":"MADHYA PRADESH","district":"ALIRAJPUR","block":"SONDWA","indicator":"girls_toilet_nonfunctional"}},{"type":"Feature","geometry":{"type":"Point","coordinates":[74.16559,22.27715]},"properties":{"udise":"23490303004","name":"MS KEL","state":"MADHYA PRADESH","district":"ALIRAJPUR","block":"KATTHIWARA","indicator":"girls_toilet_nonfunctional"}},{"type":"Feature","geometry":{"type":"Point","coordinates":[74.46976,22.45642]},"properties":{"udise":"23490508609","name":"PS BUHAR IMALI F MOTA-UMAR1","state":"MADHYA PRADESH","district":"ALIRAJPUR","block":"UDAYGARH","indicator":"girls_toilet_nonfunctional"}},{"type":"Feature","geometry":{"type":"Point","coordinates":[74.59237,22.47803]},"properties":{"udise":"23490500401","name":"PS RAAT MALIYA","state":"MADHYA PRADESH","district":"ALIRAJPUR","block":"UDAYGARH","indicator":"girls_toilet_nonfunctional"}},{"type":"Feature","geometry":{"type":"Point","coordinates":[74.58691,22.44222]},"properties":{"udise":"23490101705","name":"PS KHEDA UNDARI","state":"MADHYA PRADESH","district":"ALIRAJPUR","block":"JOBAT","indicator":"girls_toilet_nonfunctional"}},{"type":"Feature","geometry":{"type":"Point","coordinates":[74.48118,22.14309]},"properties":{"udise":"23490608402","name":"PS PATEL F BADI HATHEVI","state":"MADHYA PRADESH","district":"ALIRAJPUR","block":"SONDWA","indicator":"girls_toilet_nonfunctional"}},{"type":"Feature","geometry":{"type":"Point","coordinates":[74.2876,22.02445]},"properties":{"udise":"23490610901","name":"PS RUNDMAL","state":"MADHYA PRADESH","district":"ALIRAJPUR","block":"SONDWA","indicator":"girls_toilet_nonfunctional"}},{"type":"Feature","geometry":{"type":"Point","coordinates":[74.51334,22.40751]},"properties":{"udise":"23490103409","name":"PS KHODARA F UBALAD","state":"MADHYA PRADESH","district":"ALIRAJPUR","block":"JOBAT","indicator":"girls_toilet_nonfunctional"}},{"type":"Feature","geometry":{"type":"Point","coordinates":[74.72131,22.50357]},"properties":{"udise":"23490506806","name":"PS RATVAN F. KADWAL BADI","state":"MADHYA PRADESH","district":"ALIRAJPUR","block":"UDAYGARH","indicator":"girls_toilet_nonfunctional"}},{"type":"Feature","geometry":{"type":"Point","coordinates":[74.31196,22.43162]},"properties":{"udise":"23490305904","name":"PS MANDARA BADISARDI","state":"MADHYA PRADESH","district":"ALIRAJPUR","block":"KATTHIWARA","indicator":"girls_toilet_nonfunctional"}},{"type":"Feature","geometry":{"type":"Point","coordinates":[74.68764,22.42382]},"properties":{"udise":"23490106804","name":"MS PAHARWA","state":"MADHYA PRADESH","district":"ALIRAJPUR","block":"JOBAT","indicator":"girls_toilet_nonfunctional"}},{"type":"Feature","geometry":{"type":"Point","coordinates":[74.21773,22.10538]},"properties":{"udise":"23490612303","name":"MS KATWAR","state":"MADHYA PRADESH","district":"ALIRAJPUR","block":"SONDWA","indicator":"girls_toilet_nonfunctional"}},{"type":"Feature","geometry":{"type":"Point","coordinates":[74.2442,22.05993]},"properties":{"udise":"23490602002","name":"PS BARI F. KOSARIYA","state":"MADHYA PRADESH","district":"ALIRAJPUR","block":"SONDWA","indicator":"girls_toilet_nonfunctional"}},{"type":"Feature","geometry":{"type":"Point","coordinates":[74.50336,22.38996]},"properties":{"udise":"23490104008","name":"MS BALADMUNG","state":"MADHYA PRADESH","district":"ALIRAJPUR","block":"JOBAT","indicator":"girls_toilet_nonfunctional"}},{"type":"Feature","geometry":{"type":"Point","coordinates":[74.49571,22.52685]},"properties":{"udise":"23490501302","name":"PS TALAVAD S-2","state":"MADHYA PRADESH","district":"ALIRAJPUR","block":"UDAYGARH","indicator":"girls_toilet_nonfunctional"}},{"type":"Feature","geometry":{"type":"Point","coordinates":[74.64888,22.46614]},"properties":{"udise":"23490102303","name":"PS DEAKUND TALAB F.","state":"MADHYA PRADESH","district":"ALIRAJPUR","block":"JOBAT","indicator":"girls_toilet_nonfunctional"}},{"type":"Feature","geometry":{"type":"Point","coordinates":[74.18295,22.10479]},"properties":{"udise":"23490604107","name":"PS KATHORI F CHHAKTALA","state":"MADHYA PRADESH","district":"ALIRAJPUR","block":"SONDWA","indicator":"girls_toilet_nonfunctional"}},{"type":"Feature","geometry":{"type":"Point","coordinates":[74.32314,22.15397]},"properties":{"udise":"23490606109","name":"PS PUJARI F. UMRALI","state":"MADHYA PRADESH","district":"ALIRAJPUR","block":"SONDWA","indicator":"girls_toilet_nonfunctional"}},{"type":"Feature","geometry":{"type":"Point","coordinates":[74.23141,22.25921]},"properties":{"udise":"23490302213","name":"PS AKALI F. SORVA","state":"MADHYA PRADESH","district":"ALIRAJPUR","block":"KATTHIWARA","indicator":"girls_toilet_nonfunctional"}},{"type":"Feature","geometry":{"type":"Point","coordinates":[74.29824,22.18809]},"properties":{"udise":"23490607005","name":"MS BADI VAIGALGAON","state":"MADHYA PRADESH","district":"ALIRAJPUR","block":"SONDWA","indicator":"girls_toilet_nonfunctional"}},{"type":"Feature","geometry":{"type":"Point","coordinates":[74.31632,22.15566]},"properties":{"udise":"23490605904","name":"PS PADLA F UMRALI","state":"MADHYA PRADESH","district":"ALIRAJPUR","block":"SONDWA","indicator":"girls_toilet_nonfunctional"}},{"type":"Feature","geometry":{"type":"Point","coordinates":[74.61245,22.41181]},"properties":{"udise":"23490102002","name":"PS KUSHADUNA (RANI KAJL F.)","state":"MADHYA PRADESH","district":"ALIRAJPUR","block":"JOBAT","indicator":"girls_toilet_nonfunctional"}},{"type":"Feature","geometry":{"type":"Point","coordinates":[74.37479,22.48267]},"properties":{"udise":"23490506205","name":"PS SUKHAAMBA F KALUWAT","state":"MADHYA PRADESH","district":"ALIRAJPUR","block":"UDAYGARH","indicator":"girls_toilet_nonfunctional"}},{"type":"Feature","geometry":{"type":"Point","coordinates":[74.13821,22.18224]},"properties":{"udise":"23490605004","name":"PS DAMRI F RATAR","state":"MADHYA PRADESH","district":"ALIRAJPUR","block":"SONDWA","indicator":"girls_toilet_nonfunctional"}},{"type":"Feature","geometry":{"type":"Point","coordinates":[74.50505,22.42454]},"properties":{"udise":"23490107219","name":"PS GATA F. BADAGUDA","state":"MADHYA PRADESH","district":"ALIRAJPUR","block":"JOBAT","indicator":"girls_toilet_nonfunctional"}},{"type":"Feature","geometry":{"type":"Point","coordinates":[74.51791,22.53461]},"properties":{"udise":"23490501401","name":"PS BAWARI KHURD","state":"MADHYA PRADESH","district":"ALIRAJPUR","block":"UDAYGARH","indicator":"girls_toilet_nonfunctional"}},{"type":"Feature","geometry":{"type":"Point","coordinates":[74.28172,22.1111]},"properties":{"udise":"23490609506","name":"PS PATEL F GONDWANI","state":"MADHYA PRADESH","district":"ALIRAJPUR","block":"SONDWA","indicator":"girls_toilet_nonfunctional"}},{"type":"Feature","geometry":{"type":"Point","coordinates":[74.36079,22.47708]},"properties":{"udise":"23490506103","name":"PS MEDA F TOKARIYA JHIRAN","state":"MADHYA PRADESH","district":"ALIRAJPUR","block":"UDAYGARH","indicator":"girls_toilet_nonfunctional"}},{"type":"Feature","geometry":{"type":"Point","coordinates":[74.13542,22.15684]},"properties":{"udise":"23490605503","name":"PS SEMALPANI F PIPLAWAT","state":"MADHYA PRADESH","district":"ALIRAJPUR","block":"SONDWA","indicator":"girls_toilet_nonfunctional"}},{"type":"Feature","geometry":{"type":"Point","coordinates":[74.65207,22.29783]},"properties":{"udise":"23490104305","name":"PS JHAYA F. SALKHERA","state":"MADHYA PRADESH","district":"ALIRAJPUR","block":"JOBAT","indicator":"girls_toilet_nonfunctional"}},{"type":"Feature","geometry":{"type":"Point","coordinates":[74.59012,22.50645]},"properties":{"udise":"23490503601","name":"PS BAWARI FALIYA","state":"MADHYA PRADESH","district":"ALIRAJPUR","block":"UDAYGARH","indicator":"girls_toilet_nonfunctional"}},{"type":"Feature","geometry":{"type":"Point","coordinates":[74.50884,22.51604]},"properties":{"udise":"23490501305","name":"PS AAMBI","state":"MADHYA PRADESH","district":"ALIRAJPUR","block":"UDAYGARH","indicator":"girls_toilet_nonfunctional"}},{"type":"Feature","geometry":{"type":"Point","coordinates":[74.17603,22.11834]},"properties":{"udise":"23490603502","name":"PS JAVARI F. DHORAT","state":"MADHYA PRADESH","district":"ALIRAJPUR","block":"SONDWA","indicator":"girls_toilet_nonfunctional"}},{"type":"Feature","geometry":{"type":"Point","coordinates":[74.49088,22.54343]},"properties":{"udise":"23490501304","name":"PS TALAWAD","state":"MADHYA PRADESH","district":"ALIRAJPUR","block":"UDAYGARH","indicator":"girls_toilet_nonfunctional"}},{"type":"Feature","geometry":{"type":"Point","coordinates":[74.35637,22.05097]},"properties":{"udise":"23490614001","name":"PS PATEL F BORWALA","state":"MADHYA PRADESH","district":"ALIRAJPUR","block":"SONDWA","indicator":"girls_toilet_nonfunctional"}},{"type":"Feature","geometry":{"type":"Point","coordinates":[74.07315,22.29216]},"properties":{"udise":"23490309502","name":"PS SAMARI FALIYA SAMARA","state":"MADHYA PRADESH","district":"ALIRAJPUR","block":"KATTHIWARA","indicator":"girls_toilet_nonfunctional"}},{"type":"Feature","geometry":{"type":"Point","coordinates":[74.60684,22.33479]},"properties":{"udise":"23490104704","name":"PS KHADA F. KHARI","state":"MADHYA PRADESH","district":"ALIRAJPUR","block":"JOBAT","indicator":"girls_toilet_nonfunctional"}},{"type":"Feature","geometry":{"type":"Point","coordinates":[74.63293,22.48539]},"properties":{"udise":"23490504403","name":"PS TARVI FALIYA SOLIYA","state":"MADHYA PRADESH","district":"ALIRAJPUR","block":"UDAYGARH","indicator":"girls_toilet_nonfunctional"}},{"type":"Feature","geometry":{"type":"Point","coordinates":[74.40027,22.09445]},"properties":{"udise":"23490600503","name":"PS TEMLA","state":"MADHYA PRADESH","district":"ALIRAJPUR","block":"SONDWA","indicator":"girls_toilet_nonfunctional"}},{"type":"Feature","geometry":{"type":"Point","coordinates":[74.37165,22.5727]},"properties":{"udise":"23490701109","name":"PS HANUMAN F AMANKUAN","state":"MADHYA PRADESH","district":"ALIRAJPUR","block":"BHABARA","indicator":"girls_toilet_nonfunctional"}},{"type":"Feature","geometry":{"type":"Point","coordinates":[74.19581,21.95194]},"properties":{"udise":"23490611202","name":"PS UMARLA F. JALSINDHI","state":"MADHYA PRADESH","district":"ALIRAJPUR","block":"SONDWA","indicator":"girls_toilet_nonfunctional"}},{"type":"Feature","geometry":{"type":"Point","coordinates":[74.41063,22.471]},"properties":{"udise":"23490501208","name":"MS TEMACHI","state":"MADHYA PRADESH","district":"ALIRAJPUR","block":"UDAYGARH","indicator":"girls_toilet_nonfunctional"}},{"type":"Feature","geometry":{"type":"Point","coordinates":[74.35688,22.05385]},"properties":{"udise":"23490614003","name":"PS SEMLIKHODAR F BORWALA","state":"MADHYA PRADESH","district":"ALIRAJPUR","block":"SONDWA","indicator":"girls_toilet_nonfunctional"}},{"type":"Feature","geometry":{"type":"Point","coordinates":[74.4701,22.12689]},"properties":{"udise":"23490607804","name":"PS SOLIYA F TIKHOLA","state":"MADHYA PRADESH","district":"ALIRAJPUR","block":"SONDWA","indicator":"girls_toilet_nonfunctional"}},{"type":"Feature","geometry":{"type":"Point","coordinates":[74.66175,22.55516]},"properties":{"udise":"23490507603","name":"PS BHABARIYA FALIYA FUTTALAB","state":"MADHYA PRADESH","district":"ALIRAJPUR","block":"UDAYGARH","indicator":"girls_toilet_nonfunctional"}},{"type":"Feature","geometry":{"type":"Point","coordinates":[74.27334,22.0323]},"properties":{"udise":"23490602802","name":"PS DATNIYA F.CHHOTIGEND","state":"MADHYA PRADESH","district":"ALIRAJPUR","block":"SONDWA","indicator":"girls_toilet_nonfunctional"}},{"type":"Feature","geometry":{"type":"Point","coordinates":[74.1477,22.00186]},"properties":{"udise":"23490610604","name":"PS BADIMAL F KELDIKIMAL","state":"MADHYA PRADESH","district":"ALIRAJPUR","block":"SONDWA","indicator":"girls_toilet_nonfunctional"}},{"type":"Feature","geometry":{"type":"Point","coordinates":[74.60977,22.30096]},"properties":{"udise":"23490103207","name":"PS DIMCHA F DABARI","state":"MADHYA PRADESH","district":"ALIRAJPUR","block":"JOBAT","indicator":"girls_toilet_nonfunctional"}},{"type":"Feature","geometry":{"type":"Point","coordinates":[74.39583,22.11725]},"properties":{"udise":"23490601001","name":"PS BORGAON","state":"MADHYA PRADESH","district":"ALIRAJPUR","block":"SONDWA","indicator":"girls_toilet_nonfunctional"}},{"type":"Feature","geometry":{"type":"Point","coordinates":[74.30254,22.16602]},"properties":{"udise":"23490606707","name":"PS ZARI F LODHANI","state":"MADHYA PRADESH","district":"ALIRAJPUR","block":"SONDWA","indicator":"girls_toilet_nonfunctional"}},{"type":"Feature","geometry":{"type":"Point","coordinates":[74.2788,22.16579]},"properties":{"udise":"23490605702","name":"PS VASALI F SAGBARA","state":"MADHYA PRADESH","district":"ALIRAJPUR","block":"SONDWA","indicator":"girls_toilet_nonfunctional"}},{"type":"Feature","geometry":{"type":"Point","coordinates":[74.14602,22.16818]},"properties":{"udise":"23490604901","name":"PS PANMAHUDI","state":"MADHYA PRADESH","district":"ALIRAJPUR","block":"SONDWA","indicator":"girls_toilet_nonfunctional"}},{"type":"Feature","geometry":{"type":"Point","coordinates":[74.28693,22.22141]},"properties":{"udise":"23490302001","name":"PS RODDHU","state":"MADHYA PRADESH","district":"ALIRAJPUR","block":"KATTHIWARA","indicator":"girls_toilet_nonfunctional"}},{"type":"Feature","geometry":{"type":"Point","coordinates":[74.14812,22.14229]},"properties":{"udise":"23490605602","name":"PS DAMRI F KANTHARI","state":"MADHYA PRADESH","district":"ALIRAJPUR","block":"SONDWA","indicator":"girls_toilet_nonfunctional"}},{"type":"Feature","geometry":{"type":"Point","coordinates":[74.24846,22.03189]},"properties":{"udise":"23490611403","name":"PS BAMANSERI MATHWAD","state":"MADHYA PRADESH","district":"ALIRAJPUR","block":"SONDWA","indicator":"girls_toilet_nonfunctional"}},{"type":"Feature","geometry":{"type":"Point","coordinates":[74.53989,22.49373]},"properties":{"udise":"23490500114","name":"PS(NEW) CHUNAPUNA F THANDLA","state":"MADHYA PRADESH","district":"ALIRAJPUR","block":"UDAYGARH","indicator":"girls_toilet_nonfunctional"}},{"type":"Feature","geometry":{"type":"Point","coordinates":[74.29003,22.02305]},"properties":{"udise":"23490610903","name":"PS BAYADA F RUNDMAL","state":"MADHYA PRADESH","district":"ALIRAJPUR","block":"SONDWA","indicator":"girls_toilet_nonfunctional"}},{"type":"Feature","geometry":{"type":"Point","coordinates":[74.71774,22.5132]},"properties":{"udise":"23490504605","name":"PS KADWAL BADI","state":"MADHYA PRADESH","district":"ALIRAJPUR","block":"UDAYGARH","indicator":"girls_toilet_nonfunctional"}},{"type":"Feature","geometry":{"type":"Point","coordinates":[74.54524,22.54603]},"properties":{"udise":"23490506705","name":"PS PIPRI F. PIPLIYA","state":"MADHYA PRADESH","district":"ALIRAJPUR","block":"UDAYGARH","indicator":"girls_toilet_nonfunctional"}},{"type":"Feature","geometry":{"type":"Point","coordinates":[74.1747,22.09475]},"properties":{"udise":"23490604117","name":"GIRLS HS CHHAKTALA","state":"MADHYA PRADESH","district":"ALIRAJPUR","block":"SONDWA","indicator":"girls_toilet_nonfunctional"}},{"type":"Feature","geometry":{"type":"Point","coordinates":[74.11159,22.01473]},"properties":{"udise":"23490610401","name":"PS CHHAKNA KI MAL","state":"MADHYA PRADESH","district":"ALIRAJPUR","block":"SONDWA","indicator":"girls_toilet_nonfunctional"}},{"type":"Feature","geometry":{"type":"Point","coordinates":[74.16674,22.3097]},"properties":{"udise":"23490303003","name":"PS GWALA FALIYA KEL","state":"MADHYA PRADESH","district":"ALIRAJPUR","block":"KATTHIWARA","indicator":"girls_toilet_nonfunctional"}},{"type":"Feature","geometry":{"type":"Point","coordinates":[74.62465,22.49793]},"properties":{"udise":"23490501603","name":"PS PATEL F. MAHURI","state":"MADHYA PRADESH","district":"ALIRAJPUR","block":"UDAYGARH","indicator":"girls_toilet_nonfunctional"}},{"type":"Feature","geometry":{"type":"Point","coordinates":[74.13014,22.18863]},"properties":{"udise":"23490605301","name":"PS AMBA","state":"MADHYA PRADESH","district":"ALIRAJPUR","block":"SONDWA","indicator":"girls_toilet_nonfunctional"}},{"type":"Feature","geometry":{"type":"Point","coordinates":[74.19225,22.07205]},"properties":{"udise":"23490604001","name":"PS ACHPAI","state":"MADHYA PRADESH","district":"ALIRAJPUR","block":"SONDWA","indicator":"girls_toilet_nonfunctional"}},{"type":"Feature","geometry":{"type":"Point","coordinates":[74.57974,22.3429]},"properties":{"udise":"23490104205","name":"PS PATEL F. SINDHI","state":"MADHYA PRADESH","district":"ALIRAJPUR","block":"JOBAT","indicator":"girls_toilet_nonfunctional"}},{"type":"Feature","geometry":{"type":"Point","coordinates":[74.16472,22.17281]},"properties":{"udise":"23490605104","name":"PS DAMRI F KUNDWAT","state":"MADHYA PRADESH","district":"ALIRAJPUR","block":"SONDWA","indicator":"girls_toilet_nonfunctional"}},{"type":"Feature","geometry":{"type":"Point","coordinates":[74.67235,22.39741]},"properties":{"udise":"23490106805","name":"PS BHILALA FALIYA KOTHADI","state":"MADHYA PRADESH","district":"ALIRAJPUR","block":"JOBAT","indicator":"girls_toilet_nonfunctional"}},{"type":"Feature","geometry":{"type":"Point","coordinates":[74.20061,22.07141]},"properties":{"udise":"23490604004","name":"PS UACHAL F.ACHPAI","state":"MADHYA PRADESH","district":"ALIRAJPUR","block":"SONDWA","indicator":"girls_toilet_nonfunctional"}},{"type":"Feature","geometry":{"type":"Point","coordinates":[74.16127,22.17818]},"properties":{"udise":"23490604903","name":"PS BAJAR F PANMAHUDI","state":"MADHYA PRADESH","district":"ALIRAJPUR","block":"SONDWA","indicator":"girls_toilet_nonfunctional"}},{"type":"Feature","geometry":{"type":"Point","coordinates":[74.25692,22.53829]},"properties":{"udise":"23490706505","name":"MS BADI POL","state":"MADHYA PRADESH","district":"ALIRAJPUR","block":"BHABARA","indicator":"girls_toilet_nonfunctional"}},{"type":"Feature","geometry":{"type":"Point","coordinates":[74.24281,22.09838]},"properties":{"udise":"23490602603","name":"PS NAKTI F. AMBAJA","state":"MADHYA PRADESH","district":"ALIRAJPUR","block":"SONDWA","indicator":"girls_toilet_nonfunctional"}},{"type":"Feature","geometry":{"type":"Point","coordinates":[74.60005,22.28078]},"properties":{"udise":"23490105005","name":"SPS GORIYA FALIA INDAWAN","state":"MADHYA PRADESH","district":"ALIRAJPUR","block":"JOBAT","indicator":"girls_toilet_nonfunctional"}},{"type":"Feature","geometry":{"type":"Point","coordinates":[74.48109,22.52953]},"properties":{"udise":"23490501303","name":"PS TALAVAD S-1","state":"MADHYA PRADESH","district":"ALIRAJPUR","block":"UDAYGARH","indicator":"girls_toilet_nonfunctional"}},{"type":"Feature","geometry":{"type":"Point","coordinates":[74.65475,22.42623]},"properties":{"udise":"23490102203","name":"PS BHIL F. JAMERI","state":"MADHYA PRADESH","district":"ALIRAJPUR","block":"JOBAT","indicator":"girls_toilet_nonfunctional"}},{"type":"Feature","geometry":{"type":"Point","coordinates":[74.6114,22.51129]},"properties":{"udise":"23490500605","name":"PS KUNDALWAS","state":"MADHYA PRADESH","district":"ALIRAJPUR","block":"UDAYGARH","indicator":"girls_toilet_nonfunctional"}},{"type":"Feature","geometry":{"type":"Point","coordinates":[74.34194,22.17333]},"properties":{"udise":"23490606004","name":"PS PIPALGHATI UMARALI","state":"MADHYA PRADESH","district":"ALIRAJPUR","block":"SONDWA","indicator":"girls_toilet_nonfunctional"}},{"type":"Feature","geometry":{"type":"Point","coordinates":[74.46022,22.13195]},"properties":{"udise":"23490608108","name":"MANKAR F KUKLAT","state":"MADHYA PRADESH","district":"ALIRAJPUR","block":"SONDWA","indicator":"girls_toilet_nonfunctional"}},{"type":"Feature","geometry":{"type":"Point","coordinates":[74.64905,22.43433]},"properties":{"udise":"23490102204","name":"PS KHADA F. JAMERI","state":"MADHYA PRADESH","district":"ALIRAJPUR","block":"JOBAT","indicator":"girls_toilet_nonfunctional"}},{"type":"Feature","geometry":{"type":"Point","coordinates":[74.44295,22.04829]},"properties":{"udise":"23490608701","name":"PS JHANDANA","state":"MADHYA PRADESH","district":"ALIRAJPUR","block":"SONDWA","indicator":"girls_toilet_nonfunctional"}},{"type":"Feature","geometry":{"type":"Point","coordinates":[74.35101,22.08657]},"properties":{"udise":"23490601303","name":"PS LOHAKUA F.BEJARA","state":"MADHYA PRADESH","district":"ALIRAJPUR","block":"SONDWA","indicator":"girls_toilet_nonfunctional"}},{"type":"Feature","geometry":{"type":"Point","coordinates":[74.68483,22.51105]},"properties":{"udise":"23490504801","name":"PS TADAVI F.BEER BADI","state":"MADHYA PRADESH","district":"ALIRAJPUR","block":"UDAYGARH","indicator":"girls_toilet_nonfunctional"}},{"type":"Feature","geometry":{"type":"Point","coordinates":[74.15576,22.1408]},"properties":{"udise":"23490604201","name":"PS DETKUNDA","state":"MADHYA PRADESH","district":"ALIRAJPUR","block":"SONDWA","indicator":"girls_toilet_nonfunctional"}},{"type":"Feature","geometry":{"type":"Point","coordinates":[74.6732,22.40944]},"properties":{"udise":"23490106508","name":"PS MORI F. KANWADA","state":"MADHYA PRADESH","district":"ALIRAJPUR","block":"JOBAT","indicator":"girls_toilet_nonfunctional"}},{"type":"Feature","geometry":{"type":"Point","coordinates":[74.55056,22.4508]},"properties":{"udise":"23490102602","name":"PS BHAGADI K F. KALIKETAR","state":"MADHYA PRADESH","district":"ALIRAJPUR","block":"JOBAT","indicator":"girls_toilet_nonfunctional"}},{"type":"Feature","geometry":{"type":"Point","coordinates":[74.58413,22.33218]},"properties":{"udise":"23490104208","name":"MS SINDHI","state":"MADHYA PRADESH","district":"ALIRAJPUR","block":"JOBAT","indicator":"girls_toilet_nonfunctional"}},{"type":"Feature","geometry":{"type":"Point","coordinates":[74.50897,22.50381]},"properties":{"udise":"23490506401","name":"PS CHHARVI","state":"MADHYA PRADESH","district":"ALIRAJPUR","block":"UDAYGARH","indicator":"girls_toilet_nonfunctional"}},{"type":"Feature","geometry":{"type":"Point","coordinates":[74.22903,22.27772]},"properties":{"udise":"23490302211","name":"PS PUJARA F. SORVA","state":"MADHYA PRADESH","district":"ALIRAJPUR","block":"KATTHIWARA","indicator":"girls_toilet_nonfunctional"}},{"type":"Feature","geometry":{"type":"Point","coordinates":[74.31787,22.0736]},"properties":{"udise":"23490601405","name":"PS BEHADI F.UMARATH","state":"MADHYA PRADESH","district":"ALIRAJPUR","block":"SONDWA","indicator":"girls_toilet_nonfunctional"}},{"type":"Feature","geometry":{"type":"Point","coordinates":[74.5081,22.50386]},"properties":{"udise":"23490506402","name":"MS CHHARVI","state":"MADHYA PRADESH","district":"ALIRAJPUR","block":"UDAYGARH","indicator":"girls_toilet_nonfunctional"}},{"type":"Feature","geometry":{"type":"Point","coordinates":[74.44725,22.33551]},"properties":{"udise":"23490104412","name":"PS DHAVLANI HAVELI FALIYA JAMNI","state":"MADHYA PRADESH","district":"ALIRAJPUR","block":"JOBAT","indicator":"girls_toilet_nonfunctional"}},{"type":"Feature","geometry":{"type":"Point","coordinates":[74.37444,22.44141]},"properties":{"udise":"23490505801","name":"PS SAGOTA","state":"MADHYA PRADESH","district":"ALIRAJPUR","block":"UDAYGARH","indicator":"girls_toilet_nonfunctional"}},{"type":"Feature","geometry":{"type":"Point","coordinates":[74.53922,22.53031]},"properties":{"udise":"23490505002","name":"G.VAN ASHRAM UDAYGARH","state":"MADHYA PRADESH","district":"ALIRAJPUR","block":"UDAYGARH","indicator":"girls_toilet_nonfunctional"}},{"type":"Feature","geometry":{"type":"Point","coordinates":[74.26641,22.09772]},"properties":{"udise":"23490602702","name":"PS UCHALA FALIYA GOLAPALAVI","state":"MADHYA PRADESH","district":"ALIRAJPUR","block":"SONDWA","indicator":"girls_toilet_nonfunctional"}},{"type":"Feature","geometry":{"type":"Point","coordinates":[74.61497,22.33196]},"properties":{"udise":"23490104708","name":"SARSWATI GYAN MANDIR ACADEMY KHARI","state":"MADHYA PRADESH","district":"ALIRAJPUR","block":"JOBAT","indicator":"girls_toilet_nonfunctional"}},{"type":"Feature","geometry":{"type":"Point","coordinates":[74.65279,22.55634]},"properties":{"udise":"23490507601","name":"PS FUT TALAB BADA","state":"MADHYA PRADESH","district":"ALIRAJPUR","block":"UDAYGARH","indicator":"girls_toilet_nonfunctional"}},{"type":"Feature","geometry":{"type":"Point","coordinates":[74.39087,22.47221]},"properties":{"udise":"23490501205","name":"PS BUDVANIYA F. TEMACHI","state":"MADHYA PRADESH","district":"ALIRAJPUR","block":"UDAYGARH","indicator":"girls_toilet_nonfunctional"}},{"type":"Feature","geometry":{"type":"Point","coordinates":[74.35568,22.47581]},"properties":{"udise":"23490508305","name":"PS CHOUKIDAR F KATKUA","state":"MADHYA PRADESH","district":"ALIRAJPUR","block":"UDAYGARH","indicator":"girls_toilet_nonfunctional"}},{"type":"Feature","geometry":{"type":"Point","coordinates":[74.52041,22.34791]},"properties":{"udise":"23490104908","name":"PS SARSWATI GYAN BADI KHATTALI","state":"MADHYA PRADESH","district":"ALIRAJPUR","block":"JOBAT","indicator":"girls_toilet_nonfunctional"}},{"type":"Feature","geometry":{"type":"Point","coordinates":[74.20283,22.1584]},"properties":{"udise":"23490603603","name":"PS UCHALA F. BARDA","state":"MADHYA PRADESH","district":"ALIRAJPUR","block":"SONDWA","indicator":"girls_toilet_nonfunctional"}},{"type":"Feature","geometry":{"type":"Point","coordinates":[74.49602,22.5376]},"properties":{"udise":"23490501307","name":"PS BABADEV F.TALAVAD","state":"MADHYA PRADESH","district":"ALIRAJPUR","block":"UDAYGARH","indicator":"girls_toilet_nonfunctional"}},{"type":"Feature","geometry":{"type":"Point","coordinates":[74.6353,22.53058]},"properties":{"udise":"23490507704","name":"PS CHOGAD F. DEDARWASA","state":"MADHYA PRADESH","district":"ALIRAJPUR","block":"UDAYGARH","indicator":"girls_toilet_nonfunctional"}},{"type":"Feature","geometry":{"type":"Point","coordinates":[74.16149,22.15147]},"properties":{"udise":"23490605103","name":"PS BARI F KUNDWAT","state":"MADHYA PRADESH","district":"ALIRAJPUR","block":"SONDWA","indicator":"girls_toilet_nonfunctional"}},{"type":"Feature","geometry":{"type":"Point","coordinates":[74.59264,22.49359]},"properties":{"udise":"23490500304","name":"PS HOLI F. BARADA","state":"MADHYA PRADESH","district":"ALIRAJPUR","block":"UDAYGARH","indicator":"girls_toilet_nonfunctional"}},{"type":"Feature","geometry":{"type":"Point","coordinates":[74.50925,22.56605]},"properties":{"udise":"23490506605","name":"PS TADVI F. JAMBUKHERA","state":"MADHYA PRADESH","district":"ALIRAJPUR","block":"UDAYGARH","indicator":"girls_toilet_nonfunctional"}},{"type":"Feature","geometry":{"type":"Point","coordinates":[74.52491,22.13946]},"properties":{"udise":"23490607403","name":"PS TARVI F CHHOTIHATHAVI","state":"MADHYA PRADESH","district":"ALIRAJPUR","block":"SONDWA","indicator":"girls_toilet_nonfunctional"}},{"type":"Feature","geometry":{"type":"Point","coordinates":[74.13791,22.18853]},"properties":{"udise":"23490605002","name":"PS RATAD","state":"MADHYA PRADESH","district":"ALIRAJPUR","block":"SONDWA","indicator":"girls_toilet_nonfunctional"}},{"type":"Feature","geometry":{"type":"Point","coordinates":[74.68418,22.54926]},"properties":{"udise":"23490505101","name":"PS BHAINSAVADA","state":"MADHYA PRADESH","district":"ALIRAJPUR","block":"UDAYGARH","indicator":"girls_toilet_nonfunctional"}},{"type":"Feature","geometry":{"type":"Point","coordinates":[74.18692,22.08522]},"properties":{"udise":"23490603803","name":"PS PATEL F GENDA","state":"MADHYA PRADESH","district":"ALIRAJPUR","block":"SONDWA","indicator":"girls_toilet_nonfunctional"}},{"type":"Feature","geometry":{"type":"Point","coordinates":[74.17741,22.07471]},"properties":{"udise":"23490604003","name":"PS MEHATA F.ACHPAI","state":"MADHYA PRADESH","district":"ALIRAJPUR","block":"SONDWA","indicator":"girls_toilet_nonfunctional"}},{"type":"Feature","geometry":{"type":"Point","coordinates":[74.26228,22.49715]},"properties":{"udise":"23490706004","name":"MS AREN","state":"MADHYA PRADESH","district":"ALIRAJPUR","block":"BHABARA","indicator":"girls_toilet_nonfunctional"}},{"type":"Feature","geometry":{"type":"Point","coordinates":[74.16425,22.12313]},"properties":{"udise":"23490603501","name":"PS DHORAT","state":"MADHYA PRADESH","district":"ALIRAJPUR","block":"SONDWA","indicator":"girls_toilet_nonfunctional"}},{"type":"Feature","geometry":{"type":"Point","coordinates":[74.46218,22.43637]},"properties":{"udise":"23490103805","name":"PS DABARIYA F. SIDDHGAON","state":"MADHYA PRADESH","district":"ALIRAJPUR","block":"JOBAT","indicator":"girls_toilet_nonfunctional"}},{"type":"Feature","geometry":{"type":"Point","coordinates":[74.56927,22.37537]},"properties":{"udise":"23490103302","name":"PS BAZAR F BANJHA BAYARA","state":"MADHYA PRADESH","district":"ALIRAJPUR","block":"JOBAT","indicator":"girls_toilet_nonfunctional"}},{"type":"Feature","geometry":{"type":"Point","coordinates":[74.61967,22.28149]},"properties":{"udise":"23490104804","name":"PS BHIL F. KADWAL","state":"MADHYA PRADESH","district":"ALIRAJPUR","block":"JOBAT","indicator":"girls_toilet_nonfunctional"}},{"type":"Feature","geometry":{"type":"Point","coordinates":[74.27984,22.41511]},"properties":{"udise":"23490303406","name":"PS LOHAR F DUNGARGAON","state":"MADHYA PRADESH","district":"ALIRAJPUR","block":"KATTHIWARA","indicator":"girls_toilet_nonfunctional"}},{"type":"Feature","geometry":{"type":"Point","coordinates":[74.45779,22.49698]},"properties":{"udise":"23490505901","name":"PS JAWAS","state":"MADHYA PRADESH","district":"ALIRAJPUR","block":"UDAYGARH","indicator":"girls_toilet_nonfunctional"}},{"type":"Feature","geometry":{"type":"Point","coordinates":[74.66337,22.46758]},"properties":{"udise":"23490106605","name":"PS TEMARI F. THAPALI","state":"MADHYA PRADESH","district":"ALIRAJPUR","block":"JOBAT","indicator":"girls_toilet_nonfunctional"}},{"type":"Feature","geometry":{"type":"Point","coordinates":[74.52681,22.38184]},"properties":{"udise":"23490105112","name":"PS BAMANIA F CHAMARBEGADA","state":"MADHYA PRADESH","district":"ALIRAJPUR","block":"JOBAT","indicator":"girls_toilet_nonfunctional"}},{"type":"Feature","geometry":{"type":"Point","coordinates":[74.13744,22.14076]},"properties":{"udise":"23490605601","name":"PS KANTHARI","state":"MADHYA PRADESH","district":"ALIRAJPUR","block":"SONDWA","indicator":"girls_toilet_nonfunctional"}},{"type":"Feature","geometry":{"type":"Point","coordinates":[74.27202,22.23821]},"properties":{"udise":"23490302106","name":"PS SINDHI F. DARKHARD","state":"MADHYA PRADESH","district":"ALIRAJPUR","block":"KATTHIWARA","indicator":"girls_toilet_nonfunctional"}},{"type":"Feature","geometry":{"type":"Point","coordinates":[74.64841,22.4721]},"properties":{"udise":"23490102306","name":"PS NEEM F. DEKAKUND","state":"MADHYA PRADESH","district":"ALIRAJPUR","block":"JOBAT","indicator":"girls_toilet_nonfunctional"}},{"type":"Feature","geometry":{"type":"Point","coordinates":[74.43099,22.04317]},"properties":{"udise":"23490607501","name":"PS SUGAT","state":"MADHYA PRADESH","district":"ALIRAJPUR","block":"SONDWA","indicator":"girls_toilet_nonfunctional"}},{"type":"Feature","geometry":{"type":"Point","coordinates":[74.3308,22.45168]},"properties":{"udise":"23490303305","name":"PS PATEL FALIYA PASTAR","state":"MADHYA PRADESH","district":"ALIRAJPUR","block":"KATTHIWARA","indicator":"girls_toilet_nonfunctional"}},{"type":"Feature","geometry":{"type":"Point","coordinates":[74.46455,22.45799]},"properties":{"udise":"23490508606","name":"PS GALI MAHURI MOTA UMAR","state":"MADHYA PRADESH","district":"ALIRAJPUR","block":"UDAYGARH","indicator":"girls_toilet_nonfunctional"}},{"type":"Feature","geometry":{"type":"Point","coordinates":[74.48985,22.53027]},"properties":{"udise":"23490501306","name":"PS KALCHIYA F.TALAVAD","state":"MADHYA PRADESH","district":"ALIRAJPUR","block":"UDAYGARH","indicator":"girls_toilet_nonfunctional"}},{"type":"Feature","geometry":{"type":"Point","coordinates":[74.33028,22.08216]},"properties":{"udise":"23490601302","name":"PS UAKLA FBEJARA","state":"MADHYA PRADESH","district":"ALIRAJPUR","block":"SONDWA","indicator":"girls_toilet_nonfunctional"}},{"type":"Feature","geometry":{"type":"Point","coordinates":[74.20848,22.4555]},"properties":{"udise":"23490307401","name":"MS WAV","state":"MADHYA PRADESH","district":"ALIRAJPUR","block":"KATTHIWARA","indicator":"girls_toilet_nonfunctional"}},{"type":"Feature","geometry":{"type":"Point","coordinates":[74.31234,22.22279]},"properties":{"udise":"23490606204","name":"PS VASKALA F VALVAI","state":"MADHYA PRADESH","district":"ALIRAJPUR","block":"SONDWA","indicator":"girls_toilet_nonfunctional"}},{"type":"Feature","geometry":{"type":"Point","coordinates":[74.52221,22.56183]},"properties":{"udise":"23490508703","name":"PS DHAWADIYA FALIYA KHUSAL BA","state":"MADHYA PRADESH","district":"ALIRAJPUR","block":"UDAYGARH","indicator":"girls_toilet_nonfunctional"}},{"type":"Feature","geometry":{"type":"Point","coordinates":[74.58827,22.53297]},"properties":{"udise":"23490506503","name":"PS RATMALIYA LAKSHAMAN F.","state":"MADHYA PRADESH","district":"ALIRAJPUR","block":"UDAYGARH","indicator":"girls_toilet_nonfunctional"}},{"type":"Feature","geometry":{"type":"Point","coordinates":[74.65787,22.52011]},"properties":{"udise":"23490507803","name":"PS ADWANA F. SUDI CHHOTI","state":"MADHYA PRADESH","district":"ALIRAJPUR","block":"UDAYGARH","indicator":"girls_toilet_nonfunctional"}},{"type":"Feature","geometry":{"type":"Point","coordinates":[74.25025,22.04141]},"properties":{"udise":"23490612601","name":"PS DABALIYA F MANKHEDA","state":"MADHYA PRADESH","district":"ALIRAJPUR","block":"SONDWA","indicator":"girls_toilet_nonfunctional"}},{"type":"Feature","geometry":{"type":"Point","coordinates":[74.62785,22.27322]},"properties":{"udise":"23490104805","name":"PS UGANLA F KADWAL","state":"MADHYA PRADESH","district":"ALIRAJPUR","block":"JOBAT","indicator":"girls_toilet_nonfunctional"}},{"type":"Feature","geometry":{"type":"Point","coordinates":[74.56372,22.35937]},"properties":{"udise":"23490103304","name":"PS BHILWAT F BANJHA BAYARA","state":"MADHYA PRADESH","district":"ALIRAJPUR","block":"JOBAT","indicator":"girls_toilet_nonfunctional"}},{"type":"Feature","geometry":{"type":"Point","coordinates":[74.20964,22.15593]},"properties":{"udise":"23490603301","name":"PS CHIKHORA","state":"MADHYA PRADESH","district":"ALIRAJPUR","block":"SONDWA","indicator":"girls_toilet_nonfunctional"}},{"type":"Feature","geometry":{"type":"Point","coordinates":[74.62812,22.29861]},"properties":{"udise":"23490103204","name":"PS WASKALA F DABARI","state":"MADHYA PRADESH","district":"ALIRAJPUR","block":"JOBAT","indicator":"girls_toilet_nonfunctional"}},{"type":"Feature","geometry":{"type":"Point","coordinates":[74.56243,22.33481]},"properties":{"udise":"23490102706","name":"PS DOLANI KARI F. UMDA","state":"MADHYA PRADESH","district":"ALIRAJPUR","block":"JOBAT","indicator":"girls_toilet_nonfunctional"}},{"type":"Feature","geometry":{"type":"Point","coordinates":[74.26467,22.1738]},"properties":{"udise":"23490606902","name":"PS KHODJAMLI","state":"MADHYA PRADESH","district":"ALIRAJPUR","block":"SONDWA","indicator":"girls_toilet_nonfunctional"}},{"type":"Feature","geometry":{"type":"Point","coordinates":[74.16382,22.10911]},"properties":{"udise":"23490604601","name":"PS BAYARIA","state":"MADHYA PRADESH","district":"ALIRAJPUR","block":"SONDWA","indicator":"girls_toilet_nonfunctional"}},{"type":"Feature","geometry":{"type":"Point","coordinates":[74.62033,22.28546]},"properties":{"udise":"23490105002","name":"PS WASKALA F. INDAWAN","state":"MADHYA PRADESH","district":"ALIRAJPUR","block":"JOBAT","indicator":"girls_toilet_nonfunctional"}},{"type":"Feature","geometry":{"type":"Point","coordinates":[74.07848,22.23425]},"properties":{"udise":"23490301207","name":"H.S. ANDHARKANCH","state":"MADHYA PRADESH","district":"ALIRAJPUR","block":"KATTHIWARA","indicator":"girls_toilet_nonfunctional"}},{"type":"Feature","geometry":{"type":"Point","coordinates":[74.28455,22.45921]},"properties":{"udise":"23490303204","name":"PS AAMKHUT","state":"MADHYA PRADESH","district":"ALIRAJPUR","block":"KATTHIWARA","indicator":"girls_toilet_nonfunctional"}},{"type":"Feature","geometry":{"type":"Point","coordinates":[74.67013,22.45477]},"properties":{"udise":"23490107603","name":"PS THAPALI (ZENDA F.)","state":"MADHYA PRADESH","district":"ALIRAJPUR","block":"JOBAT","indicator":"girls_toilet_nonfunctional"}},{"type":"Feature","geometry":{"type":"Point","coordinates":[74.3374,22.47108]},"properties":{"udise":"23490508303","name":"PS UZAD FALIA KATKUNWA","state":"MADHYA PRADESH","district":"ALIRAJPUR","block":"UDAYGARH","indicator":"girls_toilet_nonfunctional"}},{"type":"Feature","geometry":{"type":"Point","coordinates":[81.5091,22.76971]},"properties":{"udise":"23471106213","name":"PS BAIJU TOLA","state":"MADHYA PRADESH","district":"ANUPPUR","block":"PUSHPRAJ GARH","indicator":"no_girls_toilet"}},{"type":"Feature","geometry":{"type":"Point","coordinates":[82.0472,23.2237]},"properties":{"udise":"23470802302","name":"PS GODHA TOLA","state":"MADHYA PRADESH","district":"ANUPPUR","block":"KOTMA","indicator":"no_girls_toilet"}},{"type":"Feature","geometry":{"type":"Point","coordinates":[81.28963,22.90781]},"properties":{"udise":"23471117406","name":"PS MUSAR TOLA","state":"MADHYA PRADESH","district":"ANUPPUR","block":"PUSHPRAJ GARH","indicator":"no_girls_toilet"}},{"type":"Feature","geometry":{"type":"Point","coordinates":[81.55931,22.82929]},"properties":{"udise":"23471106502","name":"PS CHATA TOLA","state":"MADHYA PRADESH","district":"ANUPPUR","block":"PUSHPRAJ GARH","indicator":"no_girls_toilet"}},{"type":"Feature","geometry":{"type":"Point","coordinates":[81.696,23.11997]},"properties":{"udise":"23470611119","name":"HS DURGESHWARI ANUPPUR","state":"MADHYA PRADESH","district":"ANUPPUR","block":"JAITHARI","indicator":"no_girls_toilet"}},{"type":"Feature","geometry":{"type":"Point","coordinates":[81.47278,22.93695]},"properties":{"udise":"23471112901","name":"PS JATANGA","state":"MADHYA PRADESH","district":"ANUPPUR","block":"PUSHPRAJ GARH","indicator":"no_girls_toilet"}},{"type":"Feature","geometry":{"type":"Point","coordinates":[81.5931,23.17546]},"properties":{"udise":"23470615512","name":"SARASWATI SHISHU MANDIR AMLAI","state":"MADHYA PRADESH","district":"ANUPPUR","block":"JAITHARI","indicator":"no_girls_toilet"}},{"type":"Feature","geometry":{"type":"Point","coordinates":[81.41657,22.93794]},"properties":{"udise":"23471119102","name":"PS DHOLIYAN TOLA","state":"MADHYA PRADESH","district":"ANUPPUR","block":"PUSHPRAJ GARH","indicator":"no_girls_toilet"}},{"type":"Feature","geometry":{"type":"Point","coordinates":[81.59207,22.77228]},"properties":{"udise":"23471107202","name":"PS LOTIA TOLA","state":"MADHYA PRADESH","district":"ANUPPUR","block":"PUSHPRAJ GARH","indicator":"no_girls_toilet"}},{"type":"Feature","geometry":{"type":"Point","coordinates":[81.53072,22.85381]},"properties":{"udise":"23471124802","name":"PS BAIGAN TOLA","state":"MADHYA PRADESH","district":"ANUPPUR","block":"PUSHPRAJ GARH","indicator":"no_girls_toilet"}},{"type":"Feature","geometry":{"type":"Point","coordinates":[81.94731,23.30826]},"properties":{"udise":"23470109503","name":"PS LAMANA TOLA","state":"MADHYA PRADESH","district":"ANUPPUR","block":"ANUPPUR","indicator":"no_girls_toilet"}},{"type":"Feature","geometry":{"type":"Point","coordinates":[81.60255,22.86465]},"properties":{"udise":"23471108205","name":"PS FANKIBEEJA","state":"MADHYA PRADESH","district":"ANUPPUR","block":"PUSHPRAJ GARH","indicator":"no_girls_toilet"}},{"type":"Feature","geometry":{"type":"Point","coordinates":[81.38531,23.05125]},"properties":{"udise":"23471122901","name":"PS GHATHA","state":"MADHYA PRADESH","district":"ANUPPUR","block":"PUSHPRAJ GARH","indicator":"no_girls_toilet"}},{"type":"Feature","geometry":{"type":"Point","coordinates":[81.88835,23.22963]},"properties":{"udise":"23470108201","name":"PS GIRLS SARIAHA TOLA","state":"MADHYA PRADESH","district":"ANUPPUR","block":"ANUPPUR","indicator":"no_girls_toilet"}},{"type":"Feature","geometry":{"type":"Point","coordinates":[81.87175,23.2138]},"properties":{"udise":"23470111605","name":"KAMAL SHIKSHA NIKETAN AMLAI","state":"MADHYA PRADESH","district":"ANUPPUR","block":"ANUPPUR","indicator":"no_girls_toilet"}},{"type":"Feature","geometry":{"type":"Point","coordinates":[81.45511,22.87964]},"properties":{"udise":"23471114203","name":"PS KAROUDA TOLA","state":"MADHYA PRADESH","district":"ANUPPUR","block":"PUSHPRAJ GARH","indicator":"no_girls_toilet"}},{"type":"Feature","geometry":{"type":"Point","coordinates":[82.04669,23.21569]},"properties":{"udise":"23470802305","name":"MS KATKONA","state":"MADHYA PRADESH","district":"ANUPPUR","block":"KOTMA","indicator":"no_girls_toilet"}},{"type":"Feature","geometry":{"type":"Point","coordinates":[81.44597,22.96851]},"properties":{"udise":"23471127801","name":"PS BHURA TOLA","state":"MADHYA PRADESH","district":"ANUPPUR","block":"PUSHPRAJ GARH","indicator":"girls_toilet_nonfunctional"}},{"type":"Feature","geometry":{"type":"Point","coordinates":[81.78371,23.23359]},"properties":{"udise":"23470110807","name":"PS A.J. BASAHAT BAMHANI","state":"MADHYA PRADESH","district":"ANUPPUR","block":"ANUPPUR","indicator":"girls_toilet_nonfunctional"}},{"type":"Feature","geometry":{"type":"Point","coordinates":[81.98524,23.09295]},"properties":{"udise":"23470106702","name":"PS TILAWAN TOLA","state":"MADHYA PRADESH","district":"ANUPPUR","block":"ANUPPUR","indicator":"girls_toilet_nonfunctional"}},{"type":"Feature","geometry":{"type":"Point","coordinates":[81.62099,23.05688]},"properties":{"udise":"23470612604","name":"PS CHHIRAPATPAR","state":"MADHYA PRADESH","district":"ANUPPUR","block":"JAITHARI","indicator":"girls_toilet_nonfunctional"}},{"type":"Feature","geometry":{"type":"Point","coordinates":[81.53946,22.7836]},"properties":{"udise":"23471106206","name":"MS KHAJURWAR","state":"MADHYA PRADESH","district":"ANUPPUR","block":"PUSHPRAJ GARH","indicator":"girls_toilet_nonfunctional"}},{"type":"Feature","geometry":{"type":"Point","coordinates":[81.85609,23.3126]},"properties":{"udise":"23470106205","name":"MS CHULAHA","state":"MADHYA PRADESH","district":"ANUPPUR","block":"ANUPPUR","indicator":"girls_toilet_nonfunctional"}},{"type":"Feature","geometry":{"type":"Point","coordinates":[82.02243,23.37619]},"properties":{"udise":"23470109303","name":"PS KEWAI TOLA","state":"MADHYA PRADESH","district":"ANUPPUR","block":"ANUPPUR","indicator":"girls_toilet_nonfunctional"}},{"type":"Feature","geometry":{"type":"Point","coordinates":[81.21671,22.99295]},"properties":{"udise":"23471126003","name":"MS MAJHOULI","state":"MADHYA PRADESH","district":"ANUPPUR","block":"PUSHPRAJ GARH","indicator":"girls_toilet_nonfunctional"}},{"type":"Feature","geometry":{"type":"Point","coordinates":[81.60501,22.93569]},"properties":{"udise":"23471119808","name":"CENTRAL PUBLIC SCHOOL ENGLISH MEDIUM","state":"MADHYA PRADESH","district":"ANUPPUR","block":"PUSHPRAJ GARH","indicator":"girls_toilet_nonfunctional"}},{"type":"Feature","geometry":{"type":"Point","coordinates":[82.12357,23.28594]},"properties":{"udise":"23470800801","name":"PS KUDARI","state":"MADHYA PRADESH","district":"ANUPPUR","block":"KOTMA","indicator":"girls_toilet_nonfunctional"}},{"type":"Feature","geometry":{"type":"Point","coordinates":[82.1411,23.1575]},"properties":{"udise":"23470108607","name":"PS INDRA NAGAR, WARD NO. 9/10, NEW JHIMAR","state":"MADHYA PRADESH","district":"ANUPPUR","block":"ANUPPUR","indicator":"girls_toilet_nonfunctional"}},{"type":"Feature","geometry":{"type":"Point","coordinates":[81.94607,23.29663]},"properties":{"udise":"23470109505","name":"MS CHAPANI","state":"MADHYA PRADESH","district":"ANUPPUR","block":"ANUPPUR","indicator":"girls_toilet_nonfunctional"}},{"type":"Feature","geometry":{"type":"Point","coordinates":[81.19629,22.93278]},"properties":{"udise":"23471130202","name":"PS CHONGI TOLA","state":"MADHYA PRADESH","district":"ANUPPUR","block":"PUSHPRAJ GARH","indicator":"girls_toilet_nonfunctional"}},{"type":"Feature","geometry":{"type":"Point","coordinates":[81.78093,23.2381]},"properties":{"udise":"23470110814","name":"HSS BAMHANI","state":"MADHYA PRADESH","district":"ANUPPUR","block":"ANUPPUR","indicator":"girls_toilet_nonfunctional"}},{"type":"Feature","geometry":{"type":"Point","coordinates":[81.95099,23.30403]},"properties":{"udise":"23470109502","name":"PS NIM TOLA","state":"MADHYA PRADESH","district":"ANUPPUR","block":"ANUPPUR","indicator":"girls_toilet_nonfunctional"}},{"type":"Feature","geometry":{"type":"Point","coordinates":[82.07432,23.3151]},"properties":{"udise":"23470807502","name":"PS KYOTAR","state":"MADHYA PRADESH","district":"ANUPPUR","block":"KOTMA","indicator":"girls_toilet_nonfunctional"}},{"type":"Feature","geometry":{"type":"Point","coordinates":[81.40131,22.88379]},"properties":{"udise":"23471114602","name":"PS BAHERA TOLA","state":"MADHYA PRADESH","district":"ANUPPUR","block":"PUSHPRAJ GARH","indicator":"girls_toilet_nonfunctional"}},{"type":"Feature","geometry":{"type":"Point","coordinates":[81.24839,23.1295]},"properties":{"udise":"23471124205","name":"MS KUMHANI","state":"MADHYA PRADESH","district":"ANUPPUR","block":"PUSHPRAJ GARH","indicator":"girls_toilet_nonfunctional"}},{"type":"Feature","geometry":{"type":"Point","coordinates":[81.60694,22.91636]},"properties":{"udise":"23471120813","name":"PS SHANDHA TOLA","state":"MADHYA PRADESH","district":"ANUPPUR","block":"PUSHPRAJ GARH","indicator":"girls_toilet_nonfunctional"}},{"type":"Feature","geometry":{"type":"Point","coordinates":[81.4057,22.89938]},"properties":{"udise":"23471118403","name":"PS NAVA TOLA","state":"MADHYA PRADESH","district":"ANUPPUR","block":"PUSHPRAJ GARH","indicator":"girls_toilet_nonfunctional"}},{"type":"Feature","geometry":{"type":"Point","coordinates":[81.76008,22.82032]},"properties":{"udise":"23471110501","name":"PS BHARNI","state":"MADHYA PRADESH","district":"ANUPPUR","block":"PUSHPRAJ GARH","indicator":"girls_toilet_nonfunctional"}},{"type":"Feature","geometry":{"type":"Point","coordinates":[82.0821,23.26277]},"properties":{"udise":"23470801102","name":"PS DOGARIYA BADI","state":"MADHYA PRADESH","district":"ANUPPUR","block":"KOTMA","indicator":"girls_toilet_nonfunctional"}},{"type":"Feature","geometry":{"type":"Point","coordinates":[81.85659,23.10021]},"properties":{"udise":"23470603901","name":"PS ROHILA KACHHAR","state":"MADHYA PRADESH","district":"ANUPPUR","block":"JAITHARI","indicator":"girls_toilet_nonfunctional"}},{"type":"Feature","geometry":{"type":"Point","coordinates":[82.04884,23.12107]},"properties":{"udise":"23470104803","name":"MS CHUKAN","state":"MADHYA PRADESH","district":"ANUPPUR","block":"ANUPPUR","indicator":"girls_toilet_nonfunctional"}},{"type":"Feature","geometry":{"type":"Point","coordinates":[81.39775,22.94017]},"properties":{"udise":"23471118904","name":"PS BHITHI TOLA","state":"MADHYA PRADESH","district":"ANUPPUR","block":"PUSHPRAJ GARH","indicator":"girls_toilet_nonfunctional"}},{"type":"Feature","geometry":{"type":"Point","coordinates":[81.6081,22.93589]},"properties":{"udise":"23471119906","name":"MS RAJENDRAGRAM","state":"MADHYA PRADESH","district":"ANUPPUR","block":"PUSHPRAJ GARH","indicator":"girls_toilet_nonfunctional"}},{"type":"Feature","geometry":{"type":"Point","coordinates":[81.45581,22.97648]},"properties":{"udise":"23471127704","name":"PS BAHARA TOLA","state":"MADHYA PRADESH","district":"ANUPPUR","block":"PUSHPRAJ GARH","indicator":"girls_toilet_nonfunctional"}},{"type":"Feature","geometry":{"type":"Point","coordinates":[81.50507,22.91453]},"properties":{"udise":"23471112401","name":"PS BAMHANI","state":"MADHYA PRADESH","district":"ANUPPUR","block":"PUSHPRAJ GARH","indicator":"girls_toilet_nonfunctional"}},{"type":"Feature","geometry":{"type":"Point","coordinates":[81.64165,23.074]},"properties":{"udise":"23470612803","name":"MS JAMUDI","state":"MADHYA PRADESH","district":"ANUPPUR","block":"JAITHARI","indicator":"girls_toilet_nonfunctional"}},{"type":"Feature","geometry":{"type":"Point","coordinates":[81.8277,22.92789]},"properties":{"udise":"23470601702","name":"PS DONGARI TOLA","state":"MADHYA PRADESH","district":"ANUPPUR","block":"JAITHARI","indicator":"girls_toilet_nonfunctional"}},{"type":"Feature","geometry":{"type":"Point","coordinates":[81.99735,23.26883]},"properties":{"udise":"23470804401","name":"PS BASKHALA","state":"MADHYA PRADESH","district":"ANUPPUR","block":"KOTMA","indicator":"girls_toilet_nonfunctional"}},{"type":"Feature","geometry":{"type":"Point","coordinates":[81.30924,22.95644]},"properties":{"udise":"23471115801","name":"PS BAGHADI","state":"MADHYA PRADESH","district":"ANUPPUR","block":"PUSHPRAJ GARH","indicator":"girls_toilet_nonfunctional"}},{"type":"Feature","geometry":{"type":"Point","coordinates":[81.62683,23.13632]},"properties":{"udise":"23470614905","name":"HS CHAKETHI","state":"MADHYA PRADESH","district":"ANUPPUR","block":"JAITHARI","indicator":"girls_toilet_nonfunctional"}},{"type":"Feature","geometry":{"type":"Point","coordinates":[81.47237,23.0501]},"properties":{"udise":"23471104502","name":"HS GONDI","state":"MADHYA PRADESH","district":"ANUPPUR","block":"PUSHPRAJ GARH","indicator":"girls_toilet_nonfunctional"}},{"type":"Feature","geometry":{"type":"Point","coordinates":[81.42494,22.96188]},"properties":{"udise":"23471103501","name":"PS UPHARI KHURD","state":"MADHYA PRADESH","district":"ANUPPUR","block":"PUSHPRAJ GARH","indicator":"girls_toilet_nonfunctional"}},{"type":"Feature","geometry":{"type":"Point","coordinates":[81.19408,22.95732]},"properties":{"udise":"23471122204","name":"PS KALGHIYAN TOLA","state":"MADHYA PRADESH","district":"ANUPPUR","block":"PUSHPRAJ GARH","indicator":"girls_toilet_nonfunctional"}},{"type":"Feature","geometry":{"type":"Point","coordinates":[81.58442,22.96682]},"properties":{"udise":"23471102402","name":"PS MAJITHA","state":"MADHYA PRADESH","district":"ANUPPUR","block":"PUSHPRAJ GARH","indicator":"girls_toilet_nonfunctional"}},{"type":"Feature","geometry":{"type":"Point","coordinates":[81.92854,23.22223]},"properties":{"udise":"23470805704","name":"HS PIPARIYA (1-10","state":"MADHYA PRADESH","district":"ANUPPUR","block":"KOTMA","indicator":"girls_toilet_nonfunctional"}},{"type":"Feature","geometry":{"type":"Point","coordinates":[81.93611,23.36682]},"properties":{"udise":"23470807004","name":"PS SEMARPAR","state":"MADHYA PRADESH","district":"ANUPPUR","block":"KOTMA","indicator":"girls_toilet_nonfunctional"}},{"type":"Feature","geometry":{"type":"Point","coordinates":[81.93967,23.12835]},"properties":{"udise":"23470104920","name":"PS KUSHALA BAHARA","state":"MADHYA PRADESH","district":"ANUPPUR","block":"ANUPPUR","indicator":"girls_toilet_nonfunctional"}},{"type":"Feature","geometry":{"type":"Point","coordinates":[81.54595,22.97088]},"properties":{"udise":"23471112701","name":"PS MALAIKI","state":"MADHYA PRADESH","district":"ANUPPUR","block":"PUSHPRAJ GARH","indicator":"girls_toilet_nonfunctional"}},{"type":"Feature","geometry":{"type":"Point","coordinates":[81.27133,23.17064]},"properties":{"udise":"23471123806","name":"HS TITATHI JAITHARI","state":"MADHYA PRADESH","district":"ANUPPUR","block":"PUSHPRAJ GARH","indicator":"girls_toilet_nonfunctional"}},{"type":"Feature","geometry":{"type":"Point","coordinates":[81.55702,22.99839]},"properties":{"udise":"23471102102","name":"PS CHINWAN TOLA","state":"MADHYA PRADESH","district":"ANUPPUR","block":"PUSHPRAJ GARH","indicator":"girls_toilet_nonfunctional"}},{"type":"Feature","geometry":{"type":"Point","coordinates":[82.04916,23.35064]},"properties":{"udise":"23470804201","name":"PS TARSHILI","state":"MADHYA PRADESH","district":"ANUPPUR","block":"KOTMA","indicator":"girls_toilet_nonfunctional"}},{"type":"Feature","geometry":{"type":"Point","coordinates":[81.62525,22.97448]},"properties":{"udise":"23471102801","name":"PS HARSHWAH","state":"MADHYA PRADESH","district":"ANUPPUR","block":"PUSHPRAJ GARH","indicator":"girls_toilet_nonfunctional"}},{"type":"Feature","geometry":{"type":"Point","coordinates":[81.95624,23.2113]},"properties":{"udise":"23470801803","name":"PS GIRLS BUDHANPUR","state":"MADHYA PRADESH","district":"ANUPPUR","block":"KOTMA","indicator":"girls_toilet_nonfunctional"}},{"type":"Feature","geometry":{"type":"Point","coordinates":[81.95953,23.25452]},"properties":{"udise":"23470102305","name":"MS REULA","state":"MADHYA PRADESH","district":"ANUPPUR","block":"ANUPPUR","indicator":"girls_toilet_nonfunctional"}},{"type":"Feature","geometry":{"type":"Point","coordinates":[81.50004,23.04491]},"properties":{"udise":"23471104201","name":"PS BELAPANI","state":"MADHYA PRADESH","district":"ANUPPUR","block":"PUSHPRAJ GARH","indicator":"girls_toilet_nonfunctional"}},{"type":"Feature","geometry":{"type":"Point","coordinates":[81.53804,22.87748]},"properties":{"udise":"23471112002","name":"PS BAIGAN TOLA","state":"MADHYA PRADESH","district":"ANUPPUR","block":"PUSHPRAJ GARH","indicator":"girls_toilet_nonfunctional"}},{"type":"Feature","geometry":{"type":"Point","coordinates":[81.75457,22.86369]},"properties":{"udise":"23471103601","name":"PS BHARRA TOLA","state":"MADHYA PRADESH","district":"ANUPPUR","block":"PUSHPRAJ GARH","indicator":"girls_toilet_nonfunctional"}},{"type":"Feature","geometry":{"type":"Point","coordinates":[81.79972,23.06045]},"properties":{"udise":"23470609602","name":"PS MURRA","state":"MADHYA PRADESH","district":"ANUPPUR","block":"JAITHARI","indicator":"girls_toilet_nonfunctional"}},{"type":"Feature","geometry":{"type":"Point","coordinates":[81.99153,23.25182]},"properties":{"udise":"23470801201","name":"PS THODAHA","state":"MADHYA PRADESH","district":"ANUPPUR","block":"KOTMA","indicator":"girls_toilet_nonfunctional"}},{"type":"Feature","geometry":{"type":"Point","coordinates":[82.10201,23.33107]},"properties":{"udise":"23470806101","name":"PS BHUIYILA","state":"MADHYA PRADESH","district":"ANUPPUR","block":"KOTMA","indicator":"girls_toilet_nonfunctional"}},{"type":"Feature","geometry":{"type":"Point","coordinates":[82.13383,23.18936]},"properties":{"udise":"23470111910","name":"PRIVT. LITTLE ANGELS CONVENT RAJNAGAR","state":"MADHYA PRADESH","district":"ANUPPUR","block":"ANUPPUR","indicator":"girls_toilet_nonfunctional"}},{"type":"Feature","geometry":{"type":"Point","coordinates":[81.97886,23.23998]},"properties":{"udise":"23470802002","name":"PS KUDARA TOLA","state":"MADHYA PRADESH","district":"ANUPPUR","block":"KOTMA","indicator":"girls_toilet_nonfunctional"}},{"type":"Feature","geometry":{"type":"Point","coordinates":[81.54296,22.89518]},"properties":{"udise":"23471112101","name":"PS THAMARDAR","state":"MADHYA PRADESH","district":"ANUPPUR","block":"PUSHPRAJ GARH","indicator":"girls_toilet_nonfunctional"}},{"type":"Feature","geometry":{"type":"Point","coordinates":[81.61129,22.99009]},"properties":{"udise":"23471102602","name":"PS CHIRAIPANI","state":"MADHYA PRADESH","district":"ANUPPUR","block":"PUSHPRAJ GARH","indicator":"girls_toilet_nonfunctional"}},{"type":"Feature","geometry":{"type":"Point","coordinates":[81.26803,22.91089]},"properties":{"udise":"23471117502","name":"PS TIKARA TOLA","state":"MADHYA PRADESH","district":"ANUPPUR","block":"PUSHPRAJ GARH","indicator":"girls_toilet_nonfunctional"}},{"type":"Feature","geometry":{"type":"Point","coordinates":[81.8513,23.30839]},"properties":{"udise":"23470106203","name":"PS CHHULHA TOLA","state":"MADHYA PRADESH","district":"ANUPPUR","block":"ANUPPUR","indicator":"girls_toilet_nonfunctional"}},{"type":"Feature","geometry":{"type":"Point","coordinates":[81.35873,22.89812]},"properties":{"udise":"23471116802","name":"PS CHHIDAHANI TOLA","state":"MADHYA PRADESH","district":"ANUPPUR","block":"PUSHPRAJ GARH","indicator":"girls_toilet_nonfunctional"}},{"type":"Feature","geometry":{"type":"Point","coordinates":[81.24409,23.00291]},"properties":{"udise":"23471126303","name":"PS CHOURA TOLA","state":"MADHYA PRADESH","district":"ANUPPUR","block":"PUSHPRAJ GARH","indicator":"girls_toilet_nonfunctional"}},{"type":"Feature","geometry":{"type":"Point","coordinates":[82.13857,23.16567]},"properties":{"udise":"23470110206","name":"PS JHIMAR","state":"MADHYA PRADESH","district":"ANUPPUR","block":"ANUPPUR","indicator":"girls_toilet_nonfunctional"}},{"type":"Feature","geometry":{"type":"Point","coordinates":[82.1165,23.18487]},"properties":{"udise":"23470108606","name":"MS BANGAVA","state":"MADHYA PRADESH","district":"ANUPPUR","block":"ANUPPUR","indicator":"girls_toilet_nonfunctional"}},{"type":"Feature","geometry":{"type":"Point","coordinates":[81.90287,23.26944]},"properties":{"udise":"23470103502","name":"PS SARAI TOLA","state":"MADHYA PRADESH","district":"ANUPPUR","block":"ANUPPUR","indicator":"girls_toilet_nonfunctional"}},{"type":"Feature","geometry":{"type":"Point","coordinates":[81.99606,23.36864]},"properties":{"udise":"23470112001","name":"PS DALDAL","state":"MADHYA PRADESH","district":"ANUPPUR","block":"ANUPPUR","indicator":"girls_toilet_nonfunctional"}},{"type":"Feature","geometry":{"type":"Point","coordinates":[81.52693,23.01606]},"properties":{"udise":"23471128105","name":"HS DUDHAMANIYA","state":"MADHYA PRADESH","district":"ANUPPUR","block":"PUSHPRAJ GARH","indicator":"girls_toilet_nonfunctional"}},{"type":"Feature","geometry":{"type":"Point","coordinates":[81.75655,22.66561]},"properties":{"udise":"23471129801","name":"PS JAMUNADADAR","state":"MADHYA PRADESH","district":"ANUPPUR","block":"PUSHPRAJ GARH","indicator":"girls_toilet_nonfunctional"}},{"type":"Feature","geometry":{"type":"Point","coordinates":[81.81218,22.91639]},"properties":{"udise":"23470602002","name":"MS PONDI","state":"MADHYA PRADESH","district":"ANUPPUR","block":"JAITHARI","indicator":"girls_toilet_nonfunctional"}},{"type":"Feature","geometry":{"type":"Point","coordinates":[81.37691,22.90519]},"properties":{"udise":"23471129701","name":"PS LAHRAN TOLA","state":"MADHYA PRADESH","district":"ANUPPUR","block":"PUSHPRAJ GARH","indicator":"girls_toilet_nonfunctional"}},{"type":"Feature","geometry":{"type":"Point","coordinates":[81.97368,23.27632]},"properties":{"udise":"23470100904","name":"PS MUDDHOVA TOLA","state":"MADHYA PRADESH","district":"ANUPPUR","block":"ANUPPUR","indicator":"girls_toilet_nonfunctional"}},{"type":"Feature","geometry":{"type":"Point","coordinates":[82.09213,23.30804]},"properties":{"udise":"23470800101","name":"PS BOYS BAHERA BANDH","state":"MADHYA PRADESH","district":"ANUPPUR","block":"KOTMA","indicator":"girls_toilet_nonfunctional"}},{"type":"Feature","geometry":{"type":"Point","coordinates":[81.49747,22.90706]},"properties":{"udise":"23471112501","name":"PS GHOPA TOLA","state":"MADHYA PRADESH","district":"ANUPPUR","block":"PUSHPRAJ GARH","indicator":"girls_toilet_nonfunctional"}},{"type":"Feature","geometry":{"type":"Point","coordinates":[81.8401,23.07856]},"properties":{"udise":"23470603501","name":"PS PATOURA","state":"MADHYA PRADESH","district":"ANUPPUR","block":"JAITHARI","indicator":"girls_toilet_nonfunctional"}},{"type":"Feature","geometry":{"type":"Point","coordinates":[82.02369,23.12763]},"properties":{"udise":"23470104405","name":"HSS BHAD","state":"MADHYA PRADESH","district":"ANUPPUR","block":"ANUPPUR","indicator":"girls_toilet_nonfunctional"}},{"type":"Feature","geometry":{"type":"Point","coordinates":[82.12556,23.31714]},"properties":{"udise":"23470801002","name":"MS JALSAR","state":"MADHYA PRADESH","district":"ANUPPUR","block":"KOTMA","indicator":"girls_toilet_nonfunctional"}},{"type":"Feature","geometry":{"type":"Point","coordinates":[82.00195,23.3191]},"properties":{"udise":"23470807201","name":"PS SARANG GARH","state":"MADHYA PRADESH","district":"ANUPPUR","block":"KOTMA","indicator":"girls_toilet_nonfunctional"}},{"type":"Feature","geometry":{"type":"Point","coordinates":[81.84301,23.0351]},"properties":{"udise":"23470608201","name":"PS PIPRAHA TOLA","state":"MADHYA PRADESH","district":"ANUPPUR","block":"JAITHARI","indicator":"girls_toilet_nonfunctional"}},{"type":"Feature","geometry":{"type":"Point","coordinates":[81.87412,23.18792]},"properties":{"udise":"23470110904","name":"MS PAYARI NO1 (1-8)","state":"MADHYA PRADESH","district":"ANUPPUR","block":"ANUPPUR","indicator":"girls_toilet_nonfunctional"}},{"type":"Feature","geometry":{"type":"Point","coordinates":[82.09603,23.38609]},"properties":{"udise":"23470803301","name":"PS SARISHTAL","state":"MADHYA PRADESH","district":"ANUPPUR","block":"KOTMA","indicator":"girls_toilet_nonfunctional"}},{"type":"Feature","geometry":{"type":"Point","coordinates":[81.37538,22.86133]},"properties":{"udise":"23471116403","name":"PS GAGRATOLA","state":"MADHYA PRADESH","district":"ANUPPUR","block":"PUSHPRAJ GARH","indicator":"girls_toilet_nonfunctional"}},{"type":"Feature","geometry":{"type":"Point","coordinates":[82.01724,23.41133]},"properties":{"udise":"23470110601","name":"PS KANWAHI","state":"MADHYA PRADESH","district":"ANUPPUR","block":"ANUPPUR","indicator":"girls_toilet_nonfunctional"}},{"type":"Feature","geometry":{"type":"Point","coordinates":[81.2405,22.94261]},"properties":{"udise":"23471122101","name":"PS BAHERA TOLA","state":"MADHYA PRADESH","district":"ANUPPUR","block":"PUSHPRAJ GARH","indicator":"girls_toilet_nonfunctional"}},{"type":"Feature","geometry":{"type":"Point","coordinates":[82.12155,23.18391]},"properties":{"udise":"23470112116","name":"GYANODAYA MS KAMALNAGAR","state":"MADHYA PRADESH","district":"ANUPPUR","block":"ANUPPUR","indicator":"girls_toilet_nonfunctional"}},{"type":"Feature","geometry":{"type":"Point","coordinates":[81.71557,23.12862]},"properties":{"udise":"23470611501","name":"PS HARRI","state":"MADHYA PRADESH","district":"ANUPPUR","block":"JAITHARI","indicator":"girls_toilet_nonfunctional"}},{"type":"Feature","geometry":{"type":"Point","coordinates":[81.68706,22.97706]},"properties":{"udise":"23470602703","name":"MS BAIHAR","state":"MADHYA PRADESH","district":"ANUPPUR","block":"JAITHARI","indicator":"girls_toilet_nonfunctional"}},{"type":"Feature","geometry":{"type":"Point","coordinates":[81.2877,22.92123]},"properties":{"udise":"23471116202","name":"PS KANU TOLA","state":"MADHYA PRADESH","district":"ANUPPUR","block":"PUSHPRAJ GARH","indicator":"girls_toilet_nonfunctional"}},{"type":"Feature","geometry":{"type":"Point","coordinates":[81.58462,22.89243]},"properties":{"udise":"23471120003","name":"PS CHHIRPANI","state":"MADHYA PRADESH","district":"ANUPPUR","block":"PUSHPRAJ GARH","indicator":"girls_toilet_nonfunctional"}},{"type":"Feature","geometry":{"type":"Point","coordinates":[81.75727,22.98643]},"properties":{"udise":"23470613608","name":"PS SHIKTATOLA","state":"MADHYA PRADESH","district":"ANUPPUR","block":"JAITHARI","indicator":"girls_toilet_nonfunctional"}},{"type":"Feature","geometry":{"type":"Point","coordinates":[81.45989,22.91753]},"properties":{"udise":"23471113402","name":"PS AMARPUR","state":"MADHYA PRADESH","district":"ANUPPUR","block":"PUSHPRAJ GARH","indicator":"girls_toilet_nonfunctional"}},{"type":"Feature","geometry":{"type":"Point","coordinates":[81.45088,22.94091]},"properties":{"udise":"23471112802","name":"PS CHICHRIMATTA","state":"MADHYA PRADESH","district":"ANUPPUR","block":"PUSHPRAJ GARH","indicator":"girls_toilet_nonfunctional"}},{"type":"Feature","geometry":{"type":"Point","coordinates":[81.22653,22.98607]},"properties":{"udise":"23471126002","name":"PS AAMA TOLA","state":"MADHYA PRADESH","district":"ANUPPUR","block":"PUSHPRAJ GARH","indicator":"girls_toilet_nonfunctional"}},{"type":"Feature","geometry":{"type":"Point","coordinates":[81.59415,22.99352]},"properties":{"udise":"23471102502","name":"PS PAKARI TOLA","state":"MADHYA PRADESH","district":"ANUPPUR","block":"PUSHPRAJ GARH","indicator":"girls_toilet_nonfunctional"}},{"type":"Feature","geometry":{"type":"Point","coordinates":[81.59068,23.13083]},"properties":{"udise":"23470609904","name":"MS PATNAKHURD","state":"MADHYA PRADESH","district":"ANUPPUR","block":"JAITHARI","indicator":"girls_toilet_nonfunctional"}},{"type":"Feature","geometry":{"type":"Point","coordinates":[81.56731,23.02908]},"properties":{"udise":"23470613503","name":"PS BARGI DAND","state":"MADHYA PRADESH","district":"ANUPPUR","block":"JAITHARI","indicator":"girls_toilet_nonfunctional"}},{"type":"Feature","geometry":{"type":"Point","coordinates":[82.13324,23.28833]},"properties":{"udise":"23470806402","name":"PS JUNAHA TOLA","state":"MADHYA PRADESH","district":"ANUPPUR","block":"KOTMA","indicator":"girls_toilet_nonfunctional"}},{"type":"Feature","geometry":{"type":"Point","coordinates":[81.53843,22.93408]},"properties":{"udise":"23471107501","name":"PS SARAYI TOLA","state":"MADHYA PRADESH","district":"ANUPPUR","block":"PUSHPRAJ GARH","indicator":"girls_toilet_nonfunctional"}},{"type":"Feature","geometry":{"type":"Point","coordinates":[81.83825,23.11756]},"properties":{"udise":"23470105808","name":"PS BAIGAN TOLA","state":"MADHYA PRADESH","district":"ANUPPUR","block":"ANUPPUR","indicator":"girls_toilet_nonfunctional"}},{"type":"Feature","geometry":{"type":"Point","coordinates":[81.62558,22.79298]},"properties":{"udise":"23471107901","name":"PS RUDI TOLA","state":"MADHYA PRADESH","district":"ANUPPUR","block":"PUSHPRAJ GARH","indicator":"girls_toilet_nonfunctional"}},{"type":"Feature","geometry":{"type":"Point","coordinates":[82.04228,23.14512]},"properties":{"udise":"23470101801","name":"PS NIMAHA","state":"MADHYA PRADESH","district":"ANUPPUR","block":"ANUPPUR","indicator":"girls_toilet_nonfunctional"}},{"type":"Feature","geometry":{"type":"Point","coordinates":[81.97678,23.20416]},"properties":{"udise":"23470806333","name":"ADARSH SHIKSHA NIKETAN MS SCHOOL (PS-23173)","state":"MADHYA PRADESH","district":"ANUPPUR","block":"KOTMA","indicator":"girls_toilet_nonfunctional"}},{"type":"Feature","geometry":{"type":"Point","coordinates":[81.43893,22.85821]},"properties":{"udise":"23471114302","name":"NAVODAY VIDYADEEP DHOBGARH","state":"MADHYA PRADESH","district":"ANUPPUR","block":"PUSHPRAJ GARH","indicator":"girls_toilet_nonfunctional"}},{"type":"Feature","geometry":{"type":"Point","coordinates":[81.90098,23.29049]},"properties":{"udise":"23470107105","name":"PS BHARIYAN TOLA","state":"MADHYA PRADESH","district":"ANUPPUR","block":"ANUPPUR","indicator":"girls_toilet_nonfunctional"}},{"type":"Feature","geometry":{"type":"Point","coordinates":[82.06355,23.36805]},"properties":{"udise":"23470803802","name":"MS MAJHOLI","state":"MADHYA PRADESH","district":"ANUPPUR","block":"KOTMA","indicator":"girls_toilet_nonfunctional"}},{"type":"Feature","geometry":{"type":"Point","coordinates":[82.05337,23.30587]},"properties":{"udise":"23470804001","name":"PS JAMUNIHA TOLA","state":"MADHYA PRADESH","district":"ANUPPUR","block":"KOTMA","indicator":"girls_toilet_nonfunctional"}},{"type":"Feature","geometry":{"type":"Point","coordinates":[82.05525,23.33497]},"properties":{"udise":"23470802604","name":"PS SANTI NAGAR","state":"MADHYA PRADESH","district":"ANUPPUR","block":"KOTMA","indicator":"girls_toilet_nonfunctional"}},{"type":"Feature","geometry":{"type":"Point","coordinates":[81.89111,22.97861]},"properties":{"udise":"23470602807","name":"PS BANDHVATOLA","state":"MADHYA PRADESH","district":"ANUPPUR","block":"JAITHARI","indicator":"girls_toilet_nonfunctional"}},{"type":"Feature","geometry":{"type":"Point","coordinates":[81.40631,22.93246]},"properties":{"udise":"23471118903","name":"PS BHOE TOLA","state":"MADHYA PRADESH","district":"ANUPPUR","block":"PUSHPRAJ GARH","indicator":"girls_toilet_nonfunctional"}},{"type":"Feature","geometry":{"type":"Point","coordinates":[81.71569,22.89732]},"properties":{"udise":"23471100303","name":"MS BARBASHPUR","state":"MADHYA PRADESH","district":"ANUPPUR","block":"PUSHPRAJ GARH","indicator":"girls_toilet_nonfunctional"}},{"type":"Feature","geometry":{"type":"Point","coordinates":[81.42892,22.86589]},"properties":{"udise":"23471114402","name":"NARMADA SHISHU THADPATHAR","state":"MADHYA PRADESH","district":"ANUPPUR","block":"PUSHPRAJ GARH","indicator":"girls_toilet_nonfunctional"}},{"type":"Feature","geometry":{"type":"Point","coordinates":[81.71164,22.99257]},"properties":{"udise":"23470614101","name":"PS THEHI","state":"MADHYA PRADESH","district":"ANUPPUR","block":"JAITHARI","indicator":"girls_toilet_nonfunctional"}},{"type":"Feature","geometry":{"type":"Point","coordinates":[82.1403,23.35244]},"properties":{"udise":"23470800503","name":"PS NIMHI TOLA","state":"MADHYA PRADESH","district":"ANUPPUR","block":"KOTMA","indicator":"girls_toilet_nonfunctional"}},{"type":"Feature","geometry":{"type":"Point","coordinates":[82.05854,23.2956]},"properties":{"udise":"23470800201","name":"PS BHATHADAND","state":"MADHYA PRADESH","district":"ANUPPUR","block":"KOTMA","indicator":"girls_toilet_nonfunctional"}},{"type":"Feature","geometry":{"type":"Point","coordinates":[81.88712,23.18514]},"properties":{"udise":"23470110906","name":"PS TEDAKI TOLA","state":"MADHYA PRADESH","district":"ANUPPUR","block":"ANUPPUR","indicator":"girls_toilet_nonfunctional"}},{"type":"Feature","geometry":{"type":"Point","coordinates":[81.37041,23.04716]},"properties":{"udise":"23471123001","name":"PS BAIRAGI","state":"MADHYA PRADESH","district":"ANUPPUR","block":"PUSHPRAJ GARH","indicator":"girls_toilet_nonfunctional"}},{"type":"Feature","geometry":{"type":"Point","coordinates":[81.46815,22.87327]},"properties":{"udise":"23471113904","name":"GYANODAY MIDDLE SCHOOL LAMSARI","state":"MADHYA PRADESH","district":"ANUPPUR","block":"PUSHPRAJ GARH","indicator":"girls_toilet_nonfunctional"}},{"type":"Feature","geometry":{"type":"Point","coordinates":[81.82324,23.07021]},"properties":{"udise":"23470603802","name":"PS GARJAN TOLA","state":"MADHYA PRADESH","district":"ANUPPUR","block":"JAITHARI","indicator":"girls_toilet_nonfunctional"}},{"type":"Feature","geometry":{"type":"Point","coordinates":[81.98935,23.25659]},"properties":{"udise":"23470801202","name":"PS PURANTOLA","state":"MADHYA PRADESH","district":"ANUPPUR","block":"KOTMA","indicator":"girls_toilet_nonfunctional"}},{"type":"Feature","geometry":{"type":"Point","coordinates":[81.77695,23.20644]},"properties":{"udise":"23470606710","name":"PS MANTOLIYA","state":"MADHYA PRADESH","district":"ANUPPUR","block":"JAITHARI","indicator":"girls_toilet_nonfunctional"}},{"type":"Feature","geometry":{"type":"Point","coordinates":[82.00856,23.38817]},"properties":{"udise":"23470109307","name":"PS AGARIYANTOLA","state":"MADHYA PRADESH","district":"ANUPPUR","block":"ANUPPUR","indicator":"girls_toilet_nonfunctional"}},{"type":"Feature","geometry":{"type":"Point","coordinates":[81.95844,23.24464]},"properties":{"udise":"23470102303","name":"PS KYOTA BANDH","state":"MADHYA PRADESH","district":"ANUPPUR","block":"ANUPPUR","indicator":"girls_toilet_nonfunctional"}},{"type":"Feature","geometry":{"type":"Point","coordinates":[81.77865,22.78598]},"properties":{"udise":"23471110001","name":"PS SARAHA KONA","state":"MADHYA PRADESH","district":"ANUPPUR","block":"PUSHPRAJ GARH","indicator":"girls_toilet_nonfunctional"}},{"type":"Feature","geometry":{"type":"Point","coordinates":[82.0545,23.12682]},"properties":{"udise":"23470104601","name":"PS BHALWAHI","state":"MADHYA PRADESH","district":"ANUPPUR","block":"ANUPPUR","indicator":"girls_toilet_nonfunctional"}},{"type":"Feature","geometry":{"type":"Point","coordinates":[81.3282,22.94534]},"properties":{"udise":"23471115802","name":"PS BHATTHI TOLA","state":"MADHYA PRADESH","district":"ANUPPUR","block":"PUSHPRAJ GARH","indicator":"girls_toilet_nonfunctional"}},{"type":"Feature","geometry":{"type":"Point","coordinates":[81.7948,23.0423]},"properties":{"udise":"23470609424","name":"SARASWATI GYAN MANDIR MIDDLE SCHOOL JAITHARI","state":"MADHYA PRADESH","district":"ANUPPUR","block":"JAITHARI","indicator":"girls_toilet_nonfunctional"}},{"type":"Feature","geometry":{"type":"Point","coordinates":[81.82169,23.25467]},"properties":{"udise":"23470106902","name":"PS SANJAYNAGAR","state":"MADHYA PRADESH","district":"ANUPPUR","block":"ANUPPUR","indicator":"girls_toilet_nonfunctional"}},{"type":"Feature","geometry":{"type":"Point","coordinates":[81.74092,22.87725]},"properties":{"udise":"23471100702","name":"PS NAVA TOLA","state":"MADHYA PRADESH","district":"ANUPPUR","block":"PUSHPRAJ GARH","indicator":"girls_toilet_nonfunctional"}},{"type":"Feature","geometry":{"type":"Point","coordinates":[82.00521,23.30749]},"properties":{"udise":"23470806605","name":"PS NIGWANI","state":"MADHYA PRADESH","district":"ANUPPUR","block":"KOTMA","indicator":"girls_toilet_nonfunctional"}},{"type":"Feature","geometry":{"type":"Point","coordinates":[81.58787,22.93703]},"properties":{"udise":"23471120701","name":"PS PAKARI TOLA","state":"MADHYA PRADESH","district":"ANUPPUR","block":"PUSHPRAJ GARH","indicator":"girls_toilet_nonfunctional"}},{"type":"Feature","geometry":{"type":"Point","coordinates":[81.70602,22.73429]},"properties":{"udise":"23471109401","name":"PS DAMGARH","state":"MADHYA PRADESH","district":"ANUPPUR","block":"PUSHPRAJ GARH","indicator":"girls_toilet_nonfunctional"}},{"type":"Feature","geometry":{"type":"Point","coordinates":[81.68314,23.00479]},"properties":{"udise":"23470614404","name":"PS DALADIHA","state":"MADHYA PRADESH","district":"ANUPPUR","block":"JAITHARI","indicator":"girls_toilet_nonfunctional"}},{"type":"Feature","geometry":{"type":"Point","coordinates":[82.0178,23.38959]},"properties":{"udise":"23470109312","name":"HS KHODARI-1","state":"MADHYA PRADESH","district":"ANUPPUR","block":"ANUPPUR","indicator":"girls_toilet_nonfunctional"}},{"type":"Feature","geometry":{"type":"Point","coordinates":[81.60633,23.10023]},"properties":{"udise":"23470610504","name":"MS KHAMARIYA","state":"MADHYA PRADESH","district":"ANUPPUR","block":"JAITHARI","indicator":"girls_toilet_nonfunctional"}},{"type":"Feature","geometry":{"type":"Point","coordinates":[82.04675,23.1206]},"properties":{"udise":"23470104801","name":"PS CHUKAN","state":"MADHYA PRADESH","district":"ANUPPUR","block":"ANUPPUR","indicator":"girls_toilet_nonfunctional"}},{"type":"Feature","geometry":{"type":"Point","coordinates":[81.65822,22.78858]},"properties":{"udise":"23471108001","name":"PS GUGUAKAPA","state":"MADHYA PRADESH","district":"ANUPPUR","block":"PUSHPRAJ GARH","indicator":"girls_toilet_nonfunctional"}},{"type":"Feature","geometry":{"type":"Point","coordinates":[82.12731,23.17409]},"properties":{"udise":"23470108602","name":"PS SARGUJIHA DAFAI","state":"MADHYA PRADESH","district":"ANUPPUR","block":"ANUPPUR","indicator":"girls_toilet_nonfunctional"}},{"type":"Feature","geometry":{"type":"Point","coordinates":[82.00298,23.39173]},"properties":{"udise":"23470110701","name":"PS JARRA TOLA","state":"MADHYA PRADESH","district":"ANUPPUR","block":"ANUPPUR","indicator":"girls_toilet_nonfunctional"}},{"type":"Feature","geometry":{"type":"Point","coordinates":[81.93126,23.30729]},"properties":{"udise":"23470102201","name":"PS BAHERAHA","state":"MADHYA PRADESH","district":"ANUPPUR","block":"ANUPPUR","indicator":"girls_toilet_nonfunctional"}},{"type":"Feature","geometry":{"type":"Point","coordinates":[81.55575,22.90566]},"properties":{"udise":"23471111903","name":"PS BAIGAN TOLA","state":"MADHYA PRADESH","district":"ANUPPUR","block":"PUSHPRAJ GARH","indicator":"girls_toilet_nonfunctional"}},{"type":"Feature","geometry":{"type":"Point","coordinates":[81.72955,22.96004]},"properties":{"udise":"23470602007","name":"PS CHHIRPANI","state":"MADHYA PRADESH","district":"ANUPPUR","block":"JAITHARI","indicator":"girls_toilet_nonfunctional"}},{"type":"Feature","geometry":{"type":"Point","coordinates":[81.37376,23.01976]},"properties":{"udise":"23471123202","name":"MS JARAHI","state":"MADHYA PRADESH","district":"ANUPPUR","block":"PUSHPRAJ GARH","indicator":"girls_toilet_nonfunctional"}},{"type":"Feature","geometry":{"type":"Point","coordinates":[81.68532,23.13485]},"properties":{"udise":"23470612306","name":"PS KARAHIWAH","state":"MADHYA PRADESH","district":"ANUPPUR","block":"JAITHARI","indicator":"girls_toilet_nonfunctional"}},{"type":"Feature","geometry":{"type":"Point","coordinates":[81.95354,23.195]},"properties":{"udise":"23470805101","name":"PS PATERA TOLA","state":"MADHYA PRADESH","district":"ANUPPUR","block":"KOTMA","indicator":"girls_toilet_nonfunctional"}},{"type":"Feature","geometry":{"type":"Point","coordinates":[82.09517,23.18382]},"properties":{"udise":"23470108705","name":"MS BHALMUDI","state":"MADHYA PRADESH","district":"ANUPPUR","block":"ANUPPUR","indicator":"girls_toilet_nonfunctional"}},{"type":"Feature","geometry":{"type":"Point","coordinates":[81.65043,22.86552]},"properties":{"udise":"23471108701","name":"PS PADDI","state":"MADHYA PRADESH","district":"ANUPPUR","block":"PUSHPRAJ GARH","indicator":"girls_toilet_nonfunctional"}},{"type":"Feature","geometry":{"type":"Point","coordinates":[81.61545,22.7989]},"properties":{"udise":"23471106803","name":"PS SEMARHA TOLA","state":"MADHYA PRADESH","district":"ANUPPUR","block":"PUSHPRAJ GARH","indicator":"girls_toilet_nonfunctional"}},{"type":"Feature","geometry":{"type":"Point","coordinates":[81.92284,23.16452]},"properties":{"udise":"23470102103","name":"PS MUDDHOVA, PASAN, WARD NO. 8","state":"MADHYA PRADESH","district":"ANUPPUR","block":"ANUPPUR","indicator":"girls_toilet_nonfunctional"}},{"type":"Feature","geometry":{"type":"Point","coordinates":[81.31387,23.14547]},"properties":{"udise":"23471129206","name":"PS PIPRAHA","state":"MADHYA PRADESH","district":"ANUPPUR","block":"PUSHPRAJ GARH","indicator":"girls_toilet_nonfunctional"}},{"type":"Feature","geometry":{"type":"Point","coordinates":[81.33843,22.86338]},"properties":{"udise":"23471116605","name":"MS BASANTPUR","state":"MADHYA PRADESH","district":"ANUPPUR","block":"PUSHPRAJ GARH","indicator":"girls_toilet_nonfunctional"}},{"type":"Feature","geometry":{"type":"Point","coordinates":[81.70148,22.82652]},"properties":{"udise":"23471111104","name":"PS DONGARI TOLA","state":"MADHYA PRADESH","district":"ANUPPUR","block":"PUSHPRAJ GARH","indicator":"girls_toilet_nonfunctional"}},{"type":"Feature","geometry":{"type":"Point","coordinates":[81.95454,23.28927]},"properties":{"udise":"23470109504","name":"PS KUDARA TOLA","state":"MADHYA PRADESH","district":"ANUPPUR","block":"ANUPPUR","indicator":"girls_toilet_nonfunctional"}},{"type":"Feature","geometry":{"type":"Point","coordinates":[81.86084,23.28161]},"properties":{"udise":"23470107103","name":"PS A.J. BASAHAT SADDI","state":"MADHYA PRADESH","district":"ANUPPUR","block":"ANUPPUR","indicator":"girls_toilet_nonfunctional"}},{"type":"Feature","geometry":{"type":"Point","coordinates":[81.60415,22.92322]},"properties":{"udise":"23471119905","name":"HS NAVCHETNA RAJENDRAGRAM","state":"MADHYA PRADESH","district":"ANUPPUR","block":"PUSHPRAJ GARH","indicator":"girls_toilet_nonfunctional"}},{"type":"Feature","geometry":{"type":"Point","coordinates":[81.2981,23.05468]},"properties":{"udise":"23471129001","name":"PS KATURDONA","state":"MADHYA PRADESH","district":"ANUPPUR","block":"PUSHPRAJ GARH","indicator":"girls_toilet_nonfunctional"}},{"type":"Feature","geometry":{"type":"Point","coordinates":[81.49821,22.94695]},"properties":{"udise":"23471113001","name":"PS MOUHARI","state":"MADHYA PRADESH","district":"ANUPPUR","block":"PUSHPRAJ GARH","indicator":"girls_toilet_nonfunctional"}},{"type":"Feature","geometry":{"type":"Point","coordinates":[81.60835,23.07401]},"properties":{"udise":"23470612702","name":"PS KHAIR KHUNDI","state":"MADHYA PRADESH","district":"ANUPPUR","block":"JAITHARI","indicator":"girls_toilet_nonfunctional"}},{"type":"Feature","geometry":{"type":"Point","coordinates":[82.03281,23.14728]},"properties":{"udise":"23470102702","name":"MS MAJHAOLI","state":"MADHYA PRADESH","district":"ANUPPUR","block":"ANUPPUR","indicator":"girls_toilet_nonfunctional"}},{"type":"Feature","geometry":{"type":"Point","coordinates":[81.7802,23.24594]},"properties":{"udise":"23470110806","name":"PS DINDOURI TOLA","state":"MADHYA PRADESH","district":"ANUPPUR","block":"ANUPPUR","indicator":"girls_toilet_nonfunctional"}},{"type":"Feature","geometry":{"type":"Point","coordinates":[82.07657,23.23314]},"properties":{"udise":"23470803904","name":"MS BELIYA CHOT","state":"MADHYA PRADESH","district":"ANUPPUR","block":"KOTMA","indicator":"girls_toilet_nonfunctional"}},{"type":"Feature","geometry":{"type":"Point","coordinates":[82.1381,23.27915]},"properties":{"udise":"23470806403","name":"PS SIGUDI","state":"MADHYA PRADESH","district":"ANUPPUR","block":"KOTMA","indicator":"girls_toilet_nonfunctional"}},{"type":"Feature","geometry":{"type":"Point","coordinates":[82.10769,23.31186]},"properties":{"udise":"23470806002","name":"PS KERAHA TOLA","state":"MADHYA PRADESH","district":"ANUPPUR","block":"KOTMA","indicator":"girls_toilet_nonfunctional"}},{"type":"Feature","geometry":{"type":"Point","coordinates":[81.38059,22.96771]},"properties":{"udise":"23471129901","name":"PS BHAISAN","state":"MADHYA PRADESH","district":"ANUPPUR","block":"PUSHPRAJ GARH","indicator":"girls_toilet_nonfunctional"}},{"type":"Feature","geometry":{"type":"Point","coordinates":[82.05663,23.34502]},"properties":{"udise":"23470802609","name":"HSS KOTHI","state":"MADHYA PRADESH","district":"ANUPPUR","block":"KOTMA","indicator":"girls_toilet_nonfunctional"}},{"type":"Feature","geometry":{"type":"Point","coordinates":[81.76663,22.80889]},"properties":{"udise":"23471109512","name":"PS PAMRA","state":"MADHYA PRADESH","district":"ANUPPUR","block":"PUSHPRAJ GARH","indicator":"girls_toilet_nonfunctional"}},{"type":"Feature","geometry":{"type":"Point","coordinates":[81.34702,22.93501]},"properties":{"udise":"23471115702","name":"PS BAHARA TOLA","state":"MADHYA PRADESH","district":"ANUPPUR","block":"PUSHPRAJ GARH","indicator":"girls_toilet_nonfunctional"}},{"type":"Feature","geometry":{"type":"Point","coordinates":[81.79319,23.11275]},"properties":{"udise":"23470604003","name":"PS CHHAKADIYA TOLA","state":"MADHYA PRADESH","district":"ANUPPUR","block":"JAITHARI","indicator":"girls_toilet_nonfunctional"}},{"type":"Feature","geometry":{"type":"Point","coordinates":[81.57412,22.95624]},"properties":{"udise":"23471119803","name":"PS KHALHETOLA","state":"MADHYA PRADESH","district":"ANUPPUR","block":"PUSHPRAJ GARH","indicator":"girls_toilet_nonfunctional"}},{"type":"Feature","geometry":{"type":"Point","coordinates":[81.57353,23.02642]},"properties":{"udise":"23470613504","name":"MS BADHAR","state":"MADHYA PRADESH","district":"ANUPPUR","block":"JAITHARI","indicator":"girls_toilet_nonfunctional"}},{"type":"Feature","geometry":{"type":"Point","coordinates":[81.80926,23.05189]},"properties":{"udise":"23470609603","name":"PS GODAN TOLA","state":"MADHYA PRADESH","district":"ANUPPUR","block":"JAITHARI","indicator":"girls_toilet_nonfunctional"}},{"type":"Feature","geometry":{"type":"Point","coordinates":[81.68743,22.84422]},"properties":{"udise":"23471111303","name":"MS DADRA TOLA","state":"MADHYA PRADESH","district":"ANUPPUR","block":"PUSHPRAJ GARH","indicator":"girls_toilet_nonfunctional"}},{"type":"Feature","geometry":{"type":"Point","coordinates":[81.44737,23.02924]},"properties":{"udise":"23471103803","name":"PS DUMAR TOLA","state":"MADHYA PRADESH","district":"ANUPPUR","block":"PUSHPRAJ GARH","indicator":"girls_toilet_nonfunctional"}},{"type":"Feature","geometry":{"type":"Point","coordinates":[81.24774,22.90886]},"properties":{"udise":"23471117602","name":"PS NARMADA TOLA","state":"MADHYA PRADESH","district":"ANUPPUR","block":"PUSHPRAJ GARH","indicator":"girls_toilet_nonfunctional"}},{"type":"Feature","geometry":{"type":"Point","coordinates":[81.79357,23.08053]},"properties":{"udise":"23470603002","name":"SARSWATI SHISHU MANDIR AMGAWAN","state":"MADHYA PRADESH","district":"ANUPPUR","block":"JAITHARI","indicator":"girls_toilet_nonfunctional"}},{"type":"Feature","geometry":{"type":"Point","coordinates":[82.17785,23.27247]},"properties":{"udise":"23470806411","name":"PS BAIGA DABRA","state":"MADHYA PRADESH","district":"ANUPPUR","block":"KOTMA","indicator":"girls_toilet_nonfunctional"}},{"type":"Feature","geometry":{"type":"Point","coordinates":[82.08998,23.30469]},"properties":{"udise":"23470800103","name":"PS URETI TOLA","state":"MADHYA PRADESH","district":"ANUPPUR","block":"KOTMA","indicator":"girls_toilet_nonfunctional"}},{"type":"Feature","geometry":{"type":"Point","coordinates":[81.98467,23.38702]},"properties":{"udise":"23470109308","name":"PS JAITABAHRA","state":"MADHYA PRADESH","district":"ANUPPUR","block":"ANUPPUR","indicator":"girls_toilet_nonfunctional"}},{"type":"Feature","geometry":{"type":"Point","coordinates":[82.10423,23.32346]},"properties":{"udise":"23470806102","name":"PS HARIJAN MOHALLA","state":"MADHYA PRADESH","district":"ANUPPUR","block":"KOTMA","indicator":"girls_toilet_nonfunctional"}},{"type":"Feature","geometry":{"type":"Point","coordinates":[82.17117,23.3274]},"properties":{"udise":"23470805603","name":"PS SARAINAKA","state":"MADHYA PRADESH","district":"ANUPPUR","block":"KOTMA","indicator":"girls_toilet_nonfunctional"}},{"type":"Feature","geometry":{"type":"Point","coordinates":[81.21046,23.21788]},"properties":{"udise":"23471124904","name":"HSS PADAMANIYA","state":"MADHYA PRADESH","district":"ANUPPUR","block":"PUSHPRAJ GARH","indicator":"girls_toilet_nonfunctional"}},{"type":"Feature","geometry":{"type":"Point","coordinates":[81.81457,23.30739]},"properties":{"udise":"23470103205","name":"PS PAKARIHA","state":"MADHYA PRADESH","district":"ANUPPUR","block":"ANUPPUR","indicator":"girls_toilet_nonfunctional"}},{"type":"Feature","geometry":{"type":"Point","coordinates":[81.71995,22.78782]},"properties":{"udise":"23471109101","name":"PS HARRA TOLA","state":"MADHYA PRADESH","district":"ANUPPUR","block":"PUSHPRAJ GARH","indicator":"girls_toilet_nonfunctional"}},{"type":"Feature","geometry":{"type":"Point","coordinates":[81.64251,23.0905]},"properties":{"udise":"23470612602","name":"PS BARTOLA","state":"MADHYA PRADESH","district":"ANUPPUR","block":"JAITHARI","indicator":"girls_toilet_nonfunctional"}},{"type":"Feature","geometry":{"type":"Point","coordinates":[77.51134,24.45479]},"properties":{"udise":"23460234701","name":"PS HINGONIYA","state":"MADHYA PRADESH","district":"ASHOKNAGAR","block":"ASHOKNAGAR","indicator":"no_girls_toilet"}},{"type":"Feature","geometry":{"type":"Point","coordinates":[77.74092,24.55916]},"properties":{"udise":"23460207236","name":"SHREE GANESH PATSHALA ASHOKN.","state":"MADHYA PRADESH","district":"ASHOKNAGAR","block":"ASHOKNAGAR","indicator":"no_girls_toilet"}},{"type":"Feature","geometry":{"type":"Point","coordinates":[77.69609,24.52703]},"properties":{"udise":"23460202801","name":"PS AMAHI PACHHAR","state":"MADHYA PRADESH","district":"ASHOKNAGAR","block":"ASHOKNAGAR","indicator":"no_girls_toilet"}},{"type":"Feature","geometry":{"type":"Point","coordinates":[77.50366,24.46236]},"properties":{"udise":"23460219401","name":"PS SEPRA","state":"MADHYA PRADESH","district":"ASHOKNAGAR","block":"ASHOKNAGAR","indicator":"no_girls_toilet"}},{"type":"Feature","geometry":{"type":"Point","coordinates":[77.5664,24.51384]},"properties":{"udise":"23460238501","name":"PS BARKHEDA FATEHPUR","state":"MADHYA PRADESH","district":"ASHOKNAGAR","block":"ASHOKNAGAR","indicator":"no_girls_toilet"}},{"type":"Feature","geometry":{"type":"Point","coordinates":[77.74916,24.41073]},"properties":{"udise":"23460203801","name":"PS KUDAI","state":"MADHYA PRADESH","district":"ASHOKNAGAR","block":"ASHOKNAGAR","indicator":"no_girls_toilet"}},{"type":"Feature","geometry":{"type":"Point","coordinates":[77.70976,24.37074]},"properties":{"udise":"23460230801","name":"PS BIJLAI","state":"MADHYA PRADESH","district":"ASHOKNAGAR","block":"ASHOKNAGAR","indicator":"no_girls_toilet"}},{"type":"Feature","geometry":{"type":"Point","coordinates":[78.12026,24.82531]},"properties":{"udise":"23460509202","name":"MS MOHANPUR","state":"MADHYA PRADESH","district":"ASHOKNAGAR","block":"CHANDERI","indicator":"no_girls_toilet"}},{"type":"Feature","geometry":{"type":"Point","coordinates":[77.54932,24.52758]},"properties":{"udise":"23460208601","name":"PS HINOTIYA BAGHEL","state":"MADHYA PRADESH","district":"ASHOKNAGAR","block":"ASHOKNAGAR","indicator":"no_girls_toilet"}},{"type":"Feature","geometry":{"type":"Point","coordinates":[77.77496,24.32981]},"properties":{"udise":"23460801802","name":"PS HARIPUR CHAK PIPALKHEDA","state":"MADHYA PRADESH","district":"ASHOKNAGAR","block":"MUNGAOLI","indicator":"no_girls_toilet"}},{"type":"Feature","geometry":{"type":"Point","coordinates":[77.99504,24.39775]},"properties":{"udise":"23460810802","name":"PS AKSI CHAK","state":"MADHYA PRADESH","district":"ASHOKNAGAR","block":"MUNGAOLI","indicator":"no_girls_toilet"}},{"type":"Feature","geometry":{"type":"Point","coordinates":[77.82343,24.79686]},"properties":{"udise":"23460706401","name":"PS BAMNAVAR","state":"MADHYA PRADESH","district":"ASHOKNAGAR","block":"ISAGARH","indicator":"no_girls_toilet"}},{"type":"Feature","geometry":{"type":"Point","coordinates":[77.82392,24.46916]},"properties":{"udise":"23460815801","name":"PS BAMURIYA","state":"MADHYA PRADESH","district":"ASHOKNAGAR","block":"MUNGAOLI","indicator":"no_girls_toilet"}},{"type":"Feature","geometry":{"type":"Point","coordinates":[78.00987,24.5599]},"properties":{"udise":"23460817602","name":"MS N KENBAYA","state":"MADHYA PRADESH","district":"ASHOKNAGAR","block":"MUNGAOLI","indicator":"no_girls_toilet"}},{"type":"Feature","geometry":{"type":"Point","coordinates":[77.82105,24.7991]},"properties":{"udise":"23460706404","name":"PS ADIVASI BAMNAVAR","state":"MADHYA PRADESH","district":"ASHOKNAGAR","block":"ISAGARH","indicator":"no_girls_toilet"}},{"type":"Feature","geometry":{"type":"Point","coordinates":[77.56193,24.45357]},"properties":{"udise":"23460215301","name":"PS KHAIJRAKHURD","state":"MADHYA PRADESH","district":"ASHOKNAGAR","block":"ASHOKNAGAR","indicator":"no_girls_toilet"}},{"type":"Feature","geometry":{"type":"Point","coordinates":[77.69832,24.59541]},"properties":{"udise":"23460223701","name":"PS MARUP","state":"MADHYA PRADESH","district":"ASHOKNAGAR","block":"ASHOKNAGAR","indicator":"no_girls_toilet"}},{"type":"Feature","geometry":{"type":"Point","coordinates":[77.82215,24.54405]},"properties":{"udise":"23460228101","name":"PS SIMARIYA BARSAT","state":"MADHYA PRADESH","district":"ASHOKNAGAR","block":"ASHOKNAGAR","indicator":"no_girls_toilet"}},{"type":"Feature","geometry":{"type":"Point","coordinates":[77.65659,24.45045]},"properties":{"udise":"23460234801","name":"PS MAHUA KHEDA KACHNAR","state":"MADHYA PRADESH","district":"ASHOKNAGAR","block":"ASHOKNAGAR","indicator":"no_girls_toilet"}},{"type":"Feature","geometry":{"type":"Point","coordinates":[78.07393,24.62405]},"properties":{"udise":"23460505101","name":"PS CHAK CHHAPRA","state":"MADHYA PRADESH","district":"ASHOKNAGAR","block":"CHANDERI","indicator":"no_girls_toilet"}},{"type":"Feature","geometry":{"type":"Point","coordinates":[77.522,24.43334]},"properties":{"udise":"23460216401","name":"PS CHAK-HARIPUR","state":"MADHYA PRADESH","district":"ASHOKNAGAR","block":"ASHOKNAGAR","indicator":"no_girls_toilet"}},{"type":"Feature","geometry":{"type":"Point","coordinates":[77.74982,24.5039]},"properties":{"udise":"23460213801","name":"PS DEHARDA","state":"MADHYA PRADESH","district":"ASHOKNAGAR","block":"ASHOKNAGAR","indicator":"no_girls_toilet"}},{"type":"Feature","geometry":{"type":"Point","coordinates":[77.53479,24.42924]},"properties":{"udise":"23460216102","name":"MS N SONERA","state":"MADHYA PRADESH","district":"ASHOKNAGAR","block":"ASHOKNAGAR","indicator":"no_girls_toilet"}},{"type":"Feature","geometry":{"type":"Point","coordinates":[77.59085,24.50095]},"properties":{"udise":"23460233801","name":"PS BHURAKHEDI","state":"MADHYA PRADESH","district":"ASHOKNAGAR","block":"ASHOKNAGAR","indicator":"no_girls_toilet"}},{"type":"Feature","geometry":{"type":"Point","coordinates":[77.73582,24.49038]},"properties":{"udise":"23460238301","name":"PS SAGAR CHAK","state":"MADHYA PRADESH","district":"ASHOKNAGAR","block":"ASHOKNAGAR","indicator":"no_girls_toilet"}},{"type":"Feature","geometry":{"type":"Point","coordinates":[78.24867,24.58129]},"properties":{"udise":"23460507502","name":"MS N KANAVTA","state":"MADHYA PRADESH","district":"ASHOKNAGAR","block":"CHANDERI","indicator":"no_girls_toilet"}},{"type":"Feature","geometry":{"type":"Point","coordinates":[77.67928,24.65884]},"properties":{"udise":"23460713001","name":"PS KARMAI","state":"MADHYA PRADESH","district":"ASHOKNAGAR","block":"ISAGARH","indicator":"no_girls_toilet"}},{"type":"Feature","geometry":{"type":"Point","coordinates":[77.58919,24.55767]},"properties":{"udise":"23460229501","name":"PS KUDAI PACHHAR","state":"MADHYA PRADESH","district":"ASHOKNAGAR","block":"ASHOKNAGAR","indicator":"no_girls_toilet"}},{"type":"Feature","geometry":{"type":"Point","coordinates":[77.55864,24.66146]},"properties":{"udise":"23460221001","name":"PS MADINAMDAR","state":"MADHYA PRADESH","district":"ASHOKNAGAR","block":"ASHOKNAGAR","indicator":"no_girls_toilet"}},{"type":"Feature","geometry":{"type":"Point","coordinates":[77.81844,24.6842]},"properties":{"udise":"23460716301","name":"PS BAHERIYA","state":"MADHYA PRADESH","district":"ASHOKNAGAR","block":"ISAGARH","indicator":"no_girls_toilet"}},{"type":"Feature","geometry":{"type":"Point","coordinates":[77.93293,24.6677]},"properties":{"udise":"23460505702","name":"MS N KHIRKATANKA","state":"MADHYA PRADESH","district":"ASHOKNAGAR","block":"CHANDERI","indicator":"no_girls_toilet"}},{"type":"Feature","geometry":{"type":"Point","coordinates":[77.83321,24.65193]},"properties":{"udise":"23460234401","name":"PS CHAPRAI KHALSA","state":"MADHYA PRADESH","district":"ASHOKNAGAR","block":"ASHOKNAGAR","indicator":"no_girls_toilet"}},{"type":"Feature","geometry":{"type":"Point","coordinates":[77.50898,24.41206]},"properties":{"udise":"23460216301","name":"PS BERKHEDI SONERA","state":"MADHYA PRADESH","district":"ASHOKNAGAR","block":"ASHOKNAGAR","indicator":"no_girls_toilet"}},{"type":"Feature","geometry":{"type":"Point","coordinates":[77.93515,24.92521]},"properties":{"udise":"23460713501","name":"PS MADHOPUR","state":"MADHYA PRADESH","district":"ASHOKNAGAR","block":"ISAGARH","indicator":"no_girls_toilet"}},{"type":"Feature","geometry":{"type":"Point","coordinates":[77.66332,24.5295]},"properties":{"udise":"23460203303","name":"MS N DONGAR PACHAR","state":"MADHYA PRADESH","district":"ASHOKNAGAR","block":"ASHOKNAGAR","indicator":"no_girls_toilet"}},{"type":"Feature","geometry":{"type":"Point","coordinates":[77.58796,24.59279]},"properties":{"udise":"23460231901","name":"PS SEMRI LOHABAD","state":"MADHYA PRADESH","district":"ASHOKNAGAR","block":"ASHOKNAGAR","indicator":"no_girls_toilet"}},{"type":"Feature","geometry":{"type":"Point","coordinates":[77.85297,24.93658]},"properties":{"udise":"23460708602","name":"MS N KESHOPUR","state":"MADHYA PRADESH","district":"ASHOKNAGAR","block":"ISAGARH","indicator":"no_girls_toilet"}},{"type":"Feature","geometry":{"type":"Point","coordinates":[77.95618,24.9079]},"properties":{"udise":"23460703502","name":"PS SEMRA DHONGA","state":"MADHYA PRADESH","district":"ASHOKNAGAR","block":"ISAGARH","indicator":"no_girls_toilet"}},{"type":"Feature","geometry":{"type":"Point","coordinates":[77.79838,24.68807]},"properties":{"udise":"23460707702","name":"MS SEMARKHEDI","state":"MADHYA PRADESH","district":"ASHOKNAGAR","block":"ISAGARH","indicator":"no_girls_toilet"}},{"type":"Feature","geometry":{"type":"Point","coordinates":[78.16601,24.74359]},"properties":{"udise":"23460508202","name":"MS NANAKPUR","state":"MADHYA PRADESH","district":"ASHOKNAGAR","block":"CHANDERI","indicator":"no_girls_toilet"}},{"type":"Feature","geometry":{"type":"Point","coordinates":[77.69001,24.37659]},"properties":{"udise":"23460209303","name":"MS RAJPUR","state":"MADHYA PRADESH","district":"ASHOKNAGAR","block":"ASHOKNAGAR","indicator":"no_girls_toilet"}},{"type":"Feature","geometry":{"type":"Point","coordinates":[77.58055,24.51193]},"properties":{"udise":"23460215103","name":"PS SEMRI AHIR","state":"MADHYA PRADESH","district":"ASHOKNAGAR","block":"ASHOKNAGAR","indicator":"no_girls_toilet"}},{"type":"Feature","geometry":{"type":"Point","coordinates":[77.77733,24.45332]},"properties":{"udise":"23460204201","name":"PS KHAJURIYAKHURD","state":"MADHYA PRADESH","district":"ASHOKNAGAR","block":"ASHOKNAGAR","indicator":"no_girls_toilet"}},{"type":"Feature","geometry":{"type":"Point","coordinates":[77.58689,24.39903]},"properties":{"udise":"23460207602","name":"PS GORA","state":"MADHYA PRADESH","district":"ASHOKNAGAR","block":"ASHOKNAGAR","indicator":"no_girls_toilet"}},{"type":"Feature","geometry":{"type":"Point","coordinates":[77.76051,24.64821]},"properties":{"udise":"23460202001","name":"PS KHAIRA LALOI","state":"MADHYA PRADESH","district":"ASHOKNAGAR","block":"ASHOKNAGAR","indicator":"no_girls_toilet"}},{"type":"Feature","geometry":{"type":"Point","coordinates":[78.17246,24.78525]},"properties":{"udise":"23460508003","name":"PS TALPUR","state":"MADHYA PRADESH","district":"ASHOKNAGAR","block":"CHANDERI","indicator":"no_girls_toilet"}},{"type":"Feature","geometry":{"type":"Point","coordinates":[77.65924,24.31915]},"properties":{"udise":"23460211201","name":"PS RATIKHEDA(RAJPUR)","state":"MADHYA PRADESH","district":"ASHOKNAGAR","block":"ASHOKNAGAR","indicator":"no_girls_toilet"}},{"type":"Feature","geometry":{"type":"Point","coordinates":[77.57521,24.44427]},"properties":{"udise":"23460216501","name":"PS BAMNAI(SONERA)","state":"MADHYA PRADESH","district":"ASHOKNAGAR","block":"ASHOKNAGAR","indicator":"no_girls_toilet"}},{"type":"Feature","geometry":{"type":"Point","coordinates":[77.51844,24.67508]},"properties":{"udise":"23460211002","name":"MS N CHARODA","state":"MADHYA PRADESH","district":"ASHOKNAGAR","block":"ASHOKNAGAR","indicator":"no_girls_toilet"}},{"type":"Feature","geometry":{"type":"Point","coordinates":[77.8022,24.51006]},"properties":{"udise":"23460224402","name":"MS N MULLAKHEDI","state":"MADHYA PRADESH","district":"ASHOKNAGAR","block":"ASHOKNAGAR","indicator":"no_girls_toilet"}},{"type":"Feature","geometry":{"type":"Point","coordinates":[77.83195,24.61822]},"properties":{"udise":"23460218304","name":"PS HARIJAN DANGORA FOOT","state":"MADHYA PRADESH","district":"ASHOKNAGAR","block":"ASHOKNAGAR","indicator":"no_girls_toilet"}},{"type":"Feature","geometry":{"type":"Point","coordinates":[77.71387,24.37733]},"properties":{"udise":"23460205503","name":"PS ALAMPUR","state":"MADHYA PRADESH","district":"ASHOKNAGAR","block":"ASHOKNAGAR","indicator":"no_girls_toilet"}},{"type":"Feature","geometry":{"type":"Point","coordinates":[77.88516,24.62384]},"properties":{"udise":"23460506603","name":"PS PRAJAPATI MOHALLA BHARIYA","state":"MADHYA PRADESH","district":"ASHOKNAGAR","block":"CHANDERI","indicator":"no_girls_toilet"}},{"type":"Feature","geometry":{"type":"Point","coordinates":[78.11153,24.57969]},"properties":{"udise":"23460502902","name":"MS MITHAKHEDA","state":"MADHYA PRADESH","district":"ASHOKNAGAR","block":"CHANDERI","indicator":"no_girls_toilet"}},{"type":"Feature","geometry":{"type":"Point","coordinates":[77.85781,24.97283]},"properties":{"udise":"23460708503","name":"MS ENDOUR","state":"MADHYA PRADESH","district":"ASHOKNAGAR","block":"ISAGARH","indicator":"no_girls_toilet"}},{"type":"Feature","geometry":{"type":"Point","coordinates":[77.5718,24.69502]},"properties":{"udise":"23460210601","name":"PS KHAIKHEDA","state":"MADHYA PRADESH","district":"ASHOKNAGAR","block":"ASHOKNAGAR","indicator":"no_girls_toilet"}},{"type":"Feature","geometry":{"type":"Point","coordinates":[77.72536,24.62246]},"properties":{"udise":"23460227901","name":"PS SINGHVASA","state":"MADHYA PRADESH","district":"ASHOKNAGAR","block":"ASHOKNAGAR","indicator":"no_girls_toilet"}},{"type":"Feature","geometry":{"type":"Point","coordinates":[77.79014,24.55594]},"properties":{"udise":"23460233301","name":"PS BAMORI BHEEMA","state":"MADHYA PRADESH","district":"ASHOKNAGAR","block":"ASHOKNAGAR","indicator":"no_girls_toilet"}},{"type":"Feature","geometry":{"type":"Point","coordinates":[77.76386,24.50919]},"properties":{"udise":"23460213901","name":"PS DEVKHEDI","state":"MADHYA PRADESH","district":"ASHOKNAGAR","block":"ASHOKNAGAR","indicator":"no_girls_toilet"}},{"type":"Feature","geometry":{"type":"Point","coordinates":[78.09234,24.61017]},"properties":{"udise":"23460504402","name":"PS CHAKERI PATHAR TAPRA","state":"MADHYA PRADESH","district":"ASHOKNAGAR","block":"CHANDERI","indicator":"no_girls_toilet"}},{"type":"Feature","geometry":{"type":"Point","coordinates":[78.07093,24.66069]},"properties":{"udise":"23460504504","name":"PS PIPROD","state":"MADHYA PRADESH","district":"ASHOKNAGAR","block":"CHANDERI","indicator":"no_girls_toilet"}},{"type":"Feature","geometry":{"type":"Point","coordinates":[77.83136,24.62346]},"properties":{"udise":"23460218302","name":"MS N DANGORA FOOT","state":"MADHYA PRADESH","district":"ASHOKNAGAR","block":"ASHOKNAGAR","indicator":"no_girls_toilet"}},{"type":"Feature","geometry":{"type":"Point","coordinates":[77.5208,24.63867]},"properties":{"udise":"23460220701","name":"PS DEHAR","state":"MADHYA PRADESH","district":"ASHOKNAGAR","block":"ASHOKNAGAR","indicator":"no_girls_toilet"}},{"type":"Feature","geometry":{"type":"Point","coordinates":[78.12943,24.41435]},"properties":{"udise":"23460827101","name":"PS SINDHIYA GARD","state":"MADHYA PRADESH","district":"ASHOKNAGAR","block":"MUNGAOLI","indicator":"no_girls_toilet"}},{"type":"Feature","geometry":{"type":"Point","coordinates":[77.83338,24.6231]},"properties":{"udise":"23460218301","name":"PS DANGORA FOOT","state":"MADHYA PRADESH","district":"ASHOKNAGAR","block":"ASHOKNAGAR","indicator":"no_girls_toilet"}},{"type":"Feature","geometry":{"type":"Point","coordinates":[77.72916,24.67139]},"properties":{"udise":"23460712903","name":"MADARSHA KARIMIYA","state":"MADHYA PRADESH","district":"ASHOKNAGAR","block":"ISAGARH","indicator":"no_girls_toilet"}},{"type":"Feature","geometry":{"type":"Point","coordinates":[77.74251,24.35949]},"properties":{"udise":"23460205401","name":"PS TIGHARI","state":"MADHYA PRADESH","district":"ASHOKNAGAR","block":"ASHOKNAGAR","indicator":"no_girls_toilet"}},{"type":"Feature","geometry":{"type":"Point","coordinates":[77.61698,24.89265]},"properties":{"udise":"23460710104","name":"PS PORUKHEDI","state":"MADHYA PRADESH","district":"ASHOKNAGAR","block":"ISAGARH","indicator":"no_girls_toilet"}},{"type":"Feature","geometry":{"type":"Point","coordinates":[77.58861,24.70496]},"properties":{"udise":"23460206302","name":"MS N MYAPUR","state":"MADHYA PRADESH","district":"ASHOKNAGAR","block":"ASHOKNAGAR","indicator":"no_girls_toilet"}},{"type":"Feature","geometry":{"type":"Point","coordinates":[77.55355,24.46996]},"properties":{"udise":"23460209101","name":"PS SEMRAHAT","state":"MADHYA PRADESH","district":"ASHOKNAGAR","block":"ASHOKNAGAR","indicator":"no_girls_toilet"}},{"type":"Feature","geometry":{"type":"Point","coordinates":[78.09014,24.83421]},"properties":{"udise":"23460509601","name":"PS KIRRAYA","state":"MADHYA PRADESH","district":"ASHOKNAGAR","block":"CHANDERI","indicator":"no_girls_toilet"}},{"type":"Feature","geometry":{"type":"Point","coordinates":[77.54178,24.4656]},"properties":{"udise":"23460200901","name":"PS KHAIJRA-HAT","state":"MADHYA PRADESH","district":"ASHOKNAGAR","block":"ASHOKNAGAR","indicator":"no_girls_toilet"}},{"type":"Feature","geometry":{"type":"Point","coordinates":[77.6103,24.57708]},"properties":{"udise":"23460214602","name":"MS N BAMORI TAL","state":"MADHYA PRADESH","district":"ASHOKNAGAR","block":"ASHOKNAGAR","indicator":"no_girls_toilet"}},{"type":"Feature","geometry":{"type":"Point","coordinates":[77.75234,24.54771]},"properties":{"udise":"23460233501","name":"PS PATHARIYA","state":"MADHYA PRADESH","district":"ASHOKNAGAR","block":"ASHOKNAGAR","indicator":"no_girls_toilet"}},{"type":"Feature","geometry":{"type":"Point","coordinates":[78.15767,24.79836]},"properties":{"udise":"23460510103","name":"PS HARI BAS BAMOR HURRA","state":"MADHYA PRADESH","district":"ASHOKNAGAR","block":"CHANDERI","indicator":"no_girls_toilet"}},{"type":"Feature","geometry":{"type":"Point","coordinates":[78.02545,24.79295]},"properties":{"udise":"23460510801","name":"PS BIDLA","state":"MADHYA PRADESH","district":"ASHOKNAGAR","block":"CHANDERI","indicator":"no_girls_toilet"}},{"type":"Feature","geometry":{"type":"Point","coordinates":[77.58436,24.40496]},"properties":{"udise":"23460207601","name":"PS GORA","state":"MADHYA PRADESH","district":"ASHOKNAGAR","block":"ASHOKNAGAR","indicator":"no_girls_toilet"}},{"type":"Feature","geometry":{"type":"Point","coordinates":[77.73196,24.33796]},"properties":{"udise":"23460217504","name":"PS PANYA BANJARA","state":"MADHYA PRADESH","district":"ASHOKNAGAR","block":"ASHOKNAGAR","indicator":"no_girls_toilet"}},{"type":"Feature","geometry":{"type":"Point","coordinates":[77.73998,24.46374]},"properties":{"udise":"23460203701","name":"PS BABDIKHEDA","state":"MADHYA PRADESH","district":"ASHOKNAGAR","block":"ASHOKNAGAR","indicator":"no_girls_toilet"}},{"type":"Feature","geometry":{"type":"Point","coordinates":[77.52457,24.5501]},"properties":{"udise":"23460208201","name":"PS SATAUKHEDI","state":"MADHYA PRADESH","district":"ASHOKNAGAR","block":"ASHOKNAGAR","indicator":"no_girls_toilet"}},{"type":"Feature","geometry":{"type":"Point","coordinates":[78.19135,24.61338]},"properties":{"udise":"23460506102","name":"PS BEHTI","state":"MADHYA PRADESH","district":"ASHOKNAGAR","block":"CHANDERI","indicator":"no_girls_toilet"}},{"type":"Feature","geometry":{"type":"Point","coordinates":[78.15111,24.78125]},"properties":{"udise":"23460509802","name":"MS N PADRI","state":"MADHYA PRADESH","district":"ASHOKNAGAR","block":"CHANDERI","indicator":"no_girls_toilet"}},{"type":"Feature","geometry":{"type":"Point","coordinates":[77.60978,24.53744]},"properties":{"udise":"23460211901","name":"MS KAKRUA -RAY","state":"MADHYA PRADESH","district":"ASHOKNAGAR","block":"ASHOKNAGAR","indicator":"no_girls_toilet"}},{"type":"Feature","geometry":{"type":"Point","coordinates":[77.8305,24.63913]},"properties":{"udise":"23460218201","name":"PS BIJORI","state":"MADHYA PRADESH","district":"ASHOKNAGAR","block":"ASHOKNAGAR","indicator":"no_girls_toilet"}},{"type":"Feature","geometry":{"type":"Point","coordinates":[77.57582,24.53917]},"properties":{"udise":"23460214802","name":"MS N MATHNER","state":"MADHYA PRADESH","district":"ASHOKNAGAR","block":"ASHOKNAGAR","indicator":"no_girls_toilet"}},{"type":"Feature","geometry":{"type":"Point","coordinates":[77.78575,24.53238]},"properties":{"udise":"23460214203","name":"PS HINOTIYA PACHAR","state":"MADHYA PRADESH","district":"ASHOKNAGAR","block":"ASHOKNAGAR","indicator":"no_girls_toilet"}},{"type":"Feature","geometry":{"type":"Point","coordinates":[77.49505,24.65098]},"properties":{"udise":"23460229901","name":"PS KANCHANPURA","state":"MADHYA PRADESH","district":"ASHOKNAGAR","block":"ASHOKNAGAR","indicator":"no_girls_toilet"}},{"type":"Feature","geometry":{"type":"Point","coordinates":[78.1654,24.74298]},"properties":{"udise":"23460508201","name":"PS NANAKPUR","state":"MADHYA PRADESH","district":"ASHOKNAGAR","block":"CHANDERI","indicator":"no_girls_toilet"}},{"type":"Feature","geometry":{"type":"Point","coordinates":[77.80195,24.51201]},"properties":{"udise":"23460224401","name":"PS MULLA KHEDI","state":"MADHYA PRADESH","district":"ASHOKNAGAR","block":"ASHOKNAGAR","indicator":"no_girls_toilet"}},{"type":"Feature","geometry":{"type":"Point","coordinates":[78.14521,24.65167]},"properties":{"udise":"23460507602","name":"MS VIKRAMPUR","state":"MADHYA PRADESH","district":"ASHOKNAGAR","block":"CHANDERI","indicator":"no_girls_toilet"}},{"type":"Feature","geometry":{"type":"Point","coordinates":[77.74248,24.31441]},"properties":{"udise":"23460205101","name":"PS SEMRA BAMORA","state":"MADHYA PRADESH","district":"ASHOKNAGAR","block":"ASHOKNAGAR","indicator":"no_girls_toilet"}},{"type":"Feature","geometry":{"type":"Point","coordinates":[77.55461,24.40746]},"properties":{"udise":"23460212002","name":"MS N MASIDPUR","state":"MADHYA PRADESH","district":"ASHOKNAGAR","block":"ASHOKNAGAR","indicator":"no_girls_toilet"}},{"type":"Feature","geometry":{"type":"Point","coordinates":[77.75093,24.39615]},"properties":{"udise":"23460229502","name":"PS MAHUAKHEDA TUMEN","state":"MADHYA PRADESH","district":"ASHOKNAGAR","block":"ASHOKNAGAR","indicator":"no_girls_toilet"}},{"type":"Feature","geometry":{"type":"Point","coordinates":[77.71047,24.74346]},"properties":{"udise":"23460703002","name":"PS DHEEMARPUA KURAYLA","state":"MADHYA PRADESH","district":"ASHOKNAGAR","block":"ISAGARH","indicator":"no_girls_toilet"}},{"type":"Feature","geometry":{"type":"Point","coordinates":[77.88602,24.57772]},"properties":{"udise":"23460212601","name":"PS KARIYAKHEDI","state":"MADHYA PRADESH","district":"ASHOKNAGAR","block":"ASHOKNAGAR","indicator":"no_girls_toilet"}},{"type":"Feature","geometry":{"type":"Point","coordinates":[78.1864,24.74405]},"properties":{"udise":"23460507902","name":"MS N KUNARPUR","state":"MADHYA PRADESH","district":"ASHOKNAGAR","block":"CHANDERI","indicator":"no_girls_toilet"}},{"type":"Feature","geometry":{"type":"Point","coordinates":[78.05325,24.58067]},"properties":{"udise":"23460502802","name":"MS N PADRI SEHRAI","state":"MADHYA PRADESH","district":"ASHOKNAGAR","block":"CHANDERI","indicator":"no_girls_toilet"}},{"type":"Feature","geometry":{"type":"Point","coordinates":[77.62273,24.68998]},"properties":{"udise":"23460217002","name":"PS PARVAI","state":"MADHYA PRADESH","district":"ASHOKNAGAR","block":"ASHOKNAGAR","indicator":"no_girls_toilet"}},{"type":"Feature","geometry":{"type":"Point","coordinates":[77.89341,24.556]},"properties":{"udise":"23460500802","name":"MS N KHERAI","state":"MADHYA PRADESH","district":"ASHOKNAGAR","block":"CHANDERI","indicator":"no_girls_toilet"}},{"type":"Feature","geometry":{"type":"Point","coordinates":[77.74748,24.31968]},"properties":{"udise":"23460205202","name":"MS N DONGRA SEMRA","state":"MADHYA PRADESH","district":"ASHOKNAGAR","block":"ASHOKNAGAR","indicator":"girls_toilet_nonfunctional"}},{"type":"Feature","geometry":{"type":"Point","coordinates":[78.07409,24.82916]},"properties":{"udise":"23460509302","name":"MS N LIDHORA","state":"MADHYA PRADESH","district":"ASHOKNAGAR","block":"CHANDERI","indicator":"girls_toilet_nonfunctional"}},{"type":"Feature","geometry":{"type":"Point","coordinates":[77.5273,24.81023]},"properties":{"udise":"23460230201","name":"PS KHANPUR","state":"MADHYA PRADESH","district":"ASHOKNAGAR","block":"ASHOKNAGAR","indicator":"girls_toilet_nonfunctional"}},{"type":"Feature","geometry":{"type":"Point","coordinates":[78.09947,24.62616]},"properties":{"udise":"23460504201","name":"PS DUNGSRA","state":"MADHYA PRADESH","district":"ASHOKNAGAR","block":"CHANDERI","indicator":"girls_toilet_nonfunctional"}},{"type":"Feature","geometry":{"type":"Point","coordinates":[77.85556,24.7628]},"properties":{"udise":"23460704802","name":"MS DHAKONI","state":"MADHYA PRADESH","district":"ASHOKNAGAR","block":"ISAGARH","indicator":"girls_toilet_nonfunctional"}},{"type":"Feature","geometry":{"type":"Point","coordinates":[78.26852,24.47238]},"properties":{"udise":"23460832401","name":"PS KATA KHEDA","state":"MADHYA PRADESH","district":"ASHOKNAGAR","block":"MUNGAOLI","indicator":"girls_toilet_nonfunctional"}},{"type":"Feature","geometry":{"type":"Point","coordinates":[78.19862,24.67392]},"properties":{"udise":"23460511404","name":"PS GORITALAI","state":"MADHYA PRADESH","district":"ASHOKNAGAR","block":"CHANDERI","indicator":"girls_toilet_nonfunctional"}},{"type":"Feature","geometry":{"type":"Point","coordinates":[77.80451,24.83383]},"properties":{"udise":"23460714402","name":"MS BHARROLI","state":"MADHYA PRADESH","district":"ASHOKNAGAR","block":"ISAGARH","indicator":"girls_toilet_nonfunctional"}},{"type":"Feature","geometry":{"type":"Point","coordinates":[78.00492,24.58742]},"properties":{"udise":"23460503202","name":"PS CHAK MADI","state":"MADHYA PRADESH","district":"ASHOKNAGAR","block":"CHANDERI","indicator":"girls_toilet_nonfunctional"}},{"type":"Feature","geometry":{"type":"Point","coordinates":[77.71196,24.64658]},"properties":{"udise":"23460216901","name":"PS DHATURIYA","state":"MADHYA PRADESH","district":"ASHOKNAGAR","block":"ASHOKNAGAR","indicator":"girls_toilet_nonfunctional"}},{"type":"Feature","geometry":{"type":"Point","coordinates":[77.95618,24.43803]},"properties":{"udise":"23460804203","name":"PS CHAK TAMASHA","state":"MADHYA PRADESH","district":"ASHOKNAGAR","block":"MUNGAOLI","indicator":"girls_toilet_nonfunctional"}},{"type":"Feature","geometry":{"type":"Point","coordinates":[78.13981,24.46371]},"properties":{"udise":"23460806401","name":"PS BIJORI","state":"MADHYA PRADESH","district":"ASHOKNAGAR","block":"MUNGAOLI","indicator":"girls_toilet_nonfunctional"}},{"type":"Feature","geometry":{"type":"Point","coordinates":[77.55079,24.40525]},"properties":{"udise":"23460212003","name":"PS ADIVASI MASIDPUR","state":"MADHYA PRADESH","district":"ASHOKNAGAR","block":"ASHOKNAGAR","indicator":"girls_toilet_nonfunctional"}},{"type":"Feature","geometry":{"type":"Point","coordinates":[77.86073,24.44756]},"properties":{"udise":"23460812202","name":"PS CHAK PIPARIYA","state":"MADHYA PRADESH","district":"ASHOKNAGAR","block":"MUNGAOLI","indicator":"girls_toilet_nonfunctional"}},{"type":"Feature","geometry":{"type":"Point","coordinates":[77.97426,24.3571]},"properties":{"udise":"23460803301","name":"PS JHAGAR BAMURIYA","state":"MADHYA PRADESH","district":"ASHOKNAGAR","block":"MUNGAOLI","indicator":"girls_toilet_nonfunctional"}},{"type":"Feature","geometry":{"type":"Point","coordinates":[78.14223,24.52743]},"properties":{"udise":"23460809004","name":"PS CHACK PATHARI","state":"MADHYA PRADESH","district":"ASHOKNAGAR","block":"MUNGAOLI","indicator":"girls_toilet_nonfunctional"}},{"type":"Feature","geometry":{"type":"Point","coordinates":[77.8226,24.93566]},"properties":{"udise":"23460709001","name":"PS OKHARIKHEDA","state":"MADHYA PRADESH","district":"ASHOKNAGAR","block":"ISAGARH","indicator":"girls_toilet_nonfunctional"}},{"type":"Feature","geometry":{"type":"Point","coordinates":[77.86358,24.65432]},"properties":{"udise":"23460702001","name":"PS MADI LALOI","state":"MADHYA PRADESH","district":"ASHOKNAGAR","block":"ISAGARH","indicator":"girls_toilet_nonfunctional"}},{"type":"Feature","geometry":{"type":"Point","coordinates":[77.67439,24.5046]},"properties":{"udise":"23460228501","name":"PS BAGH BOLLI","state":"MADHYA PRADESH","district":"ASHOKNAGAR","block":"ASHOKNAGAR","indicator":"girls_toilet_nonfunctional"}},{"type":"Feature","geometry":{"type":"Point","coordinates":[77.70718,24.49093]},"properties":{"udise":"23460206101","name":"PS TUMEN","state":"MADHYA PRADESH","district":"ASHOKNAGAR","block":"ASHOKNAGAR","indicator":"girls_toilet_nonfunctional"}},{"type":"Feature","geometry":{"type":"Point","coordinates":[77.65673,24.6215]},"properties":{"udise":"23460207401","name":"PS KHIRIYA-TAIL","state":"MADHYA PRADESH","district":"ASHOKNAGAR","block":"ASHOKNAGAR","indicator":"girls_toilet_nonfunctional"}},{"type":"Feature","geometry":{"type":"Point","coordinates":[77.53179,24.80106]},"properties":{"udise":"23460233002","name":"PS BENHTA NAI","state":"MADHYA PRADESH","district":"ASHOKNAGAR","block":"ASHOKNAGAR","indicator":"girls_toilet_nonfunctional"}},{"type":"Feature","geometry":{"type":"Point","coordinates":[77.55341,24.82157]},"properties":{"udise":"23460217802","name":"MS N CHHAPAR","state":"MADHYA PRADESH","district":"ASHOKNAGAR","block":"ASHOKNAGAR","indicator":"girls_toilet_nonfunctional"}},{"type":"Feature","geometry":{"type":"Point","coordinates":[77.85765,24.97282]},"properties":{"udise":"23460704806","name":"PS BHAGVANPUR","state":"MADHYA PRADESH","district":"ASHOKNAGAR","block":"ISAGARH","indicator":"girls_toilet_nonfunctional"}},{"type":"Feature","geometry":{"type":"Point","coordinates":[77.92767,24.43503]},"properties":{"udise":"23460826701","name":"MS DHONDHIYA","state":"MADHYA PRADESH","district":"ASHOKNAGAR","block":"MUNGAOLI","indicator":"girls_toilet_nonfunctional"}},{"type":"Feature","geometry":{"type":"Point","coordinates":[77.84014,24.5419]},"properties":{"udise":"23460213402","name":"PS SALMAHI CHAK","state":"MADHYA PRADESH","district":"ASHOKNAGAR","block":"ASHOKNAGAR","indicator":"girls_toilet_nonfunctional"}},{"type":"Feature","geometry":{"type":"Point","coordinates":[77.7503,24.80888]},"properties":{"udise":"23460720802","name":"MS N RUSALLI","state":"MADHYA PRADESH","district":"ASHOKNAGAR","block":"ISAGARH","indicator":"girls_toilet_nonfunctional"}},{"type":"Feature","geometry":{"type":"Point","coordinates":[78.09766,24.43291]},"properties":{"udise":"23460826301","name":"PS BHARATPURA","state":"MADHYA PRADESH","district":"ASHOKNAGAR","block":"MUNGAOLI","indicator":"girls_toilet_nonfunctional"}},{"type":"Feature","geometry":{"type":"Point","coordinates":[77.72898,24.52992]},"properties":{"udise":"23460204601","name":"PS INGLE-KHEDI","state":"MADHYA PRADESH","district":"ASHOKNAGAR","block":"ASHOKNAGAR","indicator":"girls_toilet_nonfunctional"}},{"type":"Feature","geometry":{"type":"Point","coordinates":[77.58986,24.57875]},"properties":{"udise":"23460214603","name":"PS MARDANPUR CHACK","state":"MADHYA PRADESH","district":"ASHOKNAGAR","block":"ASHOKNAGAR","indicator":"girls_toilet_nonfunctional"}},{"type":"Feature","geometry":{"type":"Point","coordinates":[77.95466,24.36905]},"properties":{"udise":"23460802901","name":"PS AMODA","state":"MADHYA PRADESH","district":"ASHOKNAGAR","block":"MUNGAOLI","indicator":"girls_toilet_nonfunctional"}},{"type":"Feature","geometry":{"type":"Point","coordinates":[77.73326,24.57305]},"properties":{"udise":"23460238914","name":"RAINBOW CONVENT SCHOOL ASHOKNAGAR","state":"MADHYA PRADESH","district":"ASHOKNAGAR","block":"ASHOKNAGAR","indicator":"girls_toilet_nonfunctional"}},{"type":"Feature","geometry":{"type":"Point","coordinates":[78.06306,24.8465]},"properties":{"udise":"23460509701","name":"PS PAGRA","state":"MADHYA PRADESH","district":"ASHOKNAGAR","block":"CHANDERI","indicator":"girls_toilet_nonfunctional"}},{"type":"Feature","geometry":{"type":"Point","coordinates":[77.71208,24.30593]},"properties":{"udise":"23460221201","name":"PS RAMPAHADI","state":"MADHYA PRADESH","district":"ASHOKNAGAR","block":"ASHOKNAGAR","indicator":"girls_toilet_nonfunctional"}},{"type":"Feature","geometry":{"type":"Point","coordinates":[77.91571,24.36837]},"properties":{"udise":"23460814702","name":"MS N MATHANA","state":"MADHYA PRADESH","district":"ASHOKNAGAR","block":"MUNGAOLI","indicator":"girls_toilet_nonfunctional"}},{"type":"Feature","geometry":{"type":"Point","coordinates":[78.17976,24.41845]},"properties":{"udise":"23460801305","name":"HS KIROLA","state":"MADHYA PRADESH","district":"ASHOKNAGAR","block":"MUNGAOLI","indicator":"girls_toilet_nonfunctional"}},{"type":"Feature","geometry":{"type":"Point","coordinates":[78.16468,24.44271]},"properties":{"udise":"23460826203","name":"PS CHAK JHAGAR","state":"MADHYA PRADESH","district":"ASHOKNAGAR","block":"MUNGAOLI","indicator":"girls_toilet_nonfunctional"}},{"type":"Feature","geometry":{"type":"Point","coordinates":[77.94821,24.5592]},"properties":{"udise":"23460502402","name":"PS ADIVASI CHACK AKET","state":"MADHYA PRADESH","district":"ASHOKNAGAR","block":"CHANDERI","indicator":"girls_toilet_nonfunctional"}},{"type":"Feature","geometry":{"type":"Point","coordinates":[77.54169,24.57577]},"properties":{"udise":"23460208502","name":"MS N VIJAYPURA","state":"MADHYA PRADESH","district":"ASHOKNAGAR","block":"ASHOKNAGAR","indicator":"girls_toilet_nonfunctional"}},{"type":"Feature","geometry":{"type":"Point","coordinates":[77.59529,24.61885]},"properties":{"udise":"23460209420","name":"CITY PUBLIC SCHOOL SHADORA","state":"MADHYA PRADESH","district":"ASHOKNAGAR","block":"ASHOKNAGAR","indicator":"girls_toilet_nonfunctional"}},{"type":"Feature","geometry":{"type":"Point","coordinates":[77.65708,24.50628]},"properties":{"udise":"23460219701","name":"PS DANGAI","state":"MADHYA PRADESH","district":"ASHOKNAGAR","block":"ASHOKNAGAR","indicator":"girls_toilet_nonfunctional"}},{"type":"Feature","geometry":{"type":"Point","coordinates":[77.57164,24.51126]},"properties":{"udise":"23460215001","name":"PS BARKHEDA FATEHPUR","state":"MADHYA PRADESH","district":"ASHOKNAGAR","block":"ASHOKNAGAR","indicator":"girls_toilet_nonfunctional"}},{"type":"Feature","geometry":{"type":"Point","coordinates":[78.14003,24.75811]},"properties":{"udise":"23460518402","name":"MS N SINGHPUR TAL","state":"MADHYA PRADESH","district":"ASHOKNAGAR","block":"CHANDERI","indicator":"girls_toilet_nonfunctional"}},{"type":"Feature","geometry":{"type":"Point","coordinates":[77.53768,24.6301]},"properties":{"udise":"23460208002","name":"MS SEJI","state":"MADHYA PRADESH","district":"ASHOKNAGAR","block":"ASHOKNAGAR","indicator":"girls_toilet_nonfunctional"}},{"type":"Feature","geometry":{"type":"Point","coordinates":[78.13865,24.71371]},"properties":{"udise":"23460510425","name":"MS CHANDERI","state":"MADHYA PRADESH","district":"ASHOKNAGAR","block":"CHANDERI","indicator":"girls_toilet_nonfunctional"}},{"type":"Feature","geometry":{"type":"Point","coordinates":[78.09792,24.53745]},"properties":{"udise":"23460804611","name":"UTKARSH ACADAMI SCHOOL SEHRAI","state":"MADHYA PRADESH","district":"ASHOKNAGAR","block":"MUNGAOLI","indicator":"girls_toilet_nonfunctional"}},{"type":"Feature","geometry":{"type":"Point","coordinates":[77.8057,24.44792]},"properties":{"udise":"23460815408","name":"PS BARVATPUR","state":"MADHYA PRADESH","district":"ASHOKNAGAR","block":"MUNGAOLI","indicator":"girls_toilet_nonfunctional"}},{"type":"Feature","geometry":{"type":"Point","coordinates":[77.79488,24.57341]},"properties":{"udise":"23460218701","name":"PS KHIRIYAMAHU","state":"MADHYA PRADESH","district":"ASHOKNAGAR","block":"ASHOKNAGAR","indicator":"girls_toilet_nonfunctional"}},{"type":"Feature","geometry":{"type":"Point","coordinates":[77.78127,24.53198]},"properties":{"udise":"23460214201","name":"PS HINOTIYA PACHHAR","state":"MADHYA PRADESH","district":"ASHOKNAGAR","block":"ASHOKNAGAR","indicator":"girls_toilet_nonfunctional"}},{"type":"Feature","geometry":{"type":"Point","coordinates":[77.98645,24.56587]},"properties":{"udise":"23460501202","name":"PS CHAK KETHAN","state":"MADHYA PRADESH","district":"ASHOKNAGAR","block":"CHANDERI","indicator":"girls_toilet_nonfunctional"}},{"type":"Feature","geometry":{"type":"Point","coordinates":[77.82966,24.75432]},"properties":{"udise":"23460710302","name":"MS N KUMHARIYA","state":"MADHYA PRADESH","district":"ASHOKNAGAR","block":"ISAGARH","indicator":"girls_toilet_nonfunctional"}},{"type":"Feature","geometry":{"type":"Point","coordinates":[77.5312,24.82097]},"properties":{"udise":"23460230301","name":"PS MEHMOODA","state":"MADHYA PRADESH","district":"ASHOKNAGAR","block":"ASHOKNAGAR","indicator":"girls_toilet_nonfunctional"}},{"type":"Feature","geometry":{"type":"Point","coordinates":[77.55522,24.52806]},"properties":{"udise":"23460232601","name":"PS PORKHI","state":"MADHYA PRADESH","district":"ASHOKNAGAR","block":"ASHOKNAGAR","indicator":"girls_toilet_nonfunctional"}},{"type":"Feature","geometry":{"type":"Point","coordinates":[77.62195,24.55597]},"properties":{"udise":"23460217301","name":"PS CHIROLA","state":"MADHYA PRADESH","district":"ASHOKNAGAR","block":"ASHOKNAGAR","indicator":"girls_toilet_nonfunctional"}},{"type":"Feature","geometry":{"type":"Point","coordinates":[77.89013,24.76542]},"properties":{"udise":"23460720201","name":"PS CHAK MULIYA","state":"MADHYA PRADESH","district":"ASHOKNAGAR","block":"ISAGARH","indicator":"girls_toilet_nonfunctional"}},{"type":"Feature","geometry":{"type":"Point","coordinates":[77.76525,24.45837]},"properties":{"udise":"23460204005","name":"PS SYAMATORA","state":"MADHYA PRADESH","district":"ASHOKNAGAR","block":"ASHOKNAGAR","indicator":"girls_toilet_nonfunctional"}},{"type":"Feature","geometry":{"type":"Point","coordinates":[77.90015,24.4484]},"properties":{"udise":"23460826801","name":"MS N SINGHARDA","state":"MADHYA PRADESH","district":"ASHOKNAGAR","block":"MUNGAOLI","indicator":"girls_toilet_nonfunctional"}},{"type":"Feature","geometry":{"type":"Point","coordinates":[77.57874,24.59292]},"properties":{"udise":"23460220801","name":"PS TAPRA AMODA","state":"MADHYA PRADESH","district":"ASHOKNAGAR","block":"ASHOKNAGAR","indicator":"girls_toilet_nonfunctional"}},{"type":"Feature","geometry":{"type":"Point","coordinates":[77.85673,24.80013]},"properties":{"udise":"23460704301","name":"PS NAITHAI","state":"MADHYA PRADESH","district":"ASHOKNAGAR","block":"ISAGARH","indicator":"girls_toilet_nonfunctional"}},{"type":"Feature","geometry":{"type":"Point","coordinates":[77.70721,24.49077]},"properties":{"udise":"23460206103","name":"MS TUMEN","state":"MADHYA PRADESH","district":"ASHOKNAGAR","block":"ASHOKNAGAR","indicator":"girls_toilet_nonfunctional"}},{"type":"Feature","geometry":{"type":"Point","coordinates":[78.00101,24.47836]},"properties":{"udise":"23460817304","name":"MS BANSKHEDI","state":"MADHYA PRADESH","district":"ASHOKNAGAR","block":"MUNGAOLI","indicator":"girls_toilet_nonfunctional"}},{"type":"Feature","geometry":{"type":"Point","coordinates":[77.8915,24.32833]},"properties":{"udise":"23460814004","name":"PS NEHKAI","state":"MADHYA PRADESH","district":"ASHOKNAGAR","block":"MUNGAOLI","indicator":"girls_toilet_nonfunctional"}},{"type":"Feature","geometry":{"type":"Point","coordinates":[77.95429,24.56198]},"properties":{"udise":"23460502401","name":"PS AKET","state":"MADHYA PRADESH","district":"ASHOKNAGAR","block":"CHANDERI","indicator":"girls_toilet_nonfunctional"}},{"type":"Feature","geometry":{"type":"Point","coordinates":[77.88975,24.83749]},"properties":{"udise":"23460714315","name":"MS B ESHAGARH","state":"MADHYA PRADESH","district":"ASHOKNAGAR","block":"ISAGARH","indicator":"girls_toilet_nonfunctional"}},{"type":"Feature","geometry":{"type":"Point","coordinates":[77.8864,24.90033]},"properties":{"udise":"23460720501","name":"PS BRAJPURI","state":"MADHYA PRADESH","district":"ASHOKNAGAR","block":"ISAGARH","indicator":"girls_toilet_nonfunctional"}},{"type":"Feature","geometry":{"type":"Point","coordinates":[77.81418,24.71977]},"properties":{"udise":"23460720301","name":"PS KHADELA","state":"MADHYA PRADESH","district":"ASHOKNAGAR","block":"ISAGARH","indicator":"girls_toilet_nonfunctional"}},{"type":"Feature","geometry":{"type":"Point","coordinates":[77.73447,24.40044]},"properties":{"udise":"23460204801","name":"PS KARAIYA-BANET","state":"MADHYA PRADESH","district":"ASHOKNAGAR","block":"ASHOKNAGAR","indicator":"girls_toilet_nonfunctional"}},{"type":"Feature","geometry":{"type":"Point","coordinates":[77.69441,24.6172]},"properties":{"udise":"23460200303","name":"MS DHORA NO. 1","state":"MADHYA PRADESH","district":"ASHOKNAGAR","block":"ASHOKNAGAR","indicator":"girls_toilet_nonfunctional"}},{"type":"Feature","geometry":{"type":"Point","coordinates":[77.78145,24.50652]},"properties":{"udise":"23460214402","name":"MS BAMNAI HAVELI","state":"MADHYA PRADESH","district":"ASHOKNAGAR","block":"ASHOKNAGAR","indicator":"girls_toilet_nonfunctional"}},{"type":"Feature","geometry":{"type":"Point","coordinates":[77.87132,24.44408]},"properties":{"udise":"23460812201","name":"PS PIPARIYA","state":"MADHYA PRADESH","district":"ASHOKNAGAR","block":"MUNGAOLI","indicator":"girls_toilet_nonfunctional"}},{"type":"Feature","geometry":{"type":"Point","coordinates":[77.71887,24.59637]},"properties":{"udise":"23460234901","name":"PS PADARIYA","state":"MADHYA PRADESH","district":"ASHOKNAGAR","block":"ASHOKNAGAR","indicator":"girls_toilet_nonfunctional"}},{"type":"Feature","geometry":{"type":"Point","coordinates":[77.87086,24.67611]},"properties":{"udise":"23460701203","name":"MS HEDAR","state":"MADHYA PRADESH","district":"ASHOKNAGAR","block":"ISAGARH","indicator":"girls_toilet_nonfunctional"}},{"type":"Feature","geometry":{"type":"Point","coordinates":[77.49938,24.53889]},"properties":{"udise":"23460212803","name":"PS PEERONTH CHACK","state":"MADHYA PRADESH","district":"ASHOKNAGAR","block":"ASHOKNAGAR","indicator":"girls_toilet_nonfunctional"}},{"type":"Feature","geometry":{"type":"Point","coordinates":[77.63525,24.6508]},"properties":{"udise":"23460207701","name":"PS GUNDAR","state":"MADHYA PRADESH","district":"ASHOKNAGAR","block":"ASHOKNAGAR","indicator":"girls_toilet_nonfunctional"}},{"type":"Feature","geometry":{"type":"Point","coordinates":[77.61539,24.73351]},"properties":{"udise":"23460230101","name":"PS PORU KHEDI","state":"MADHYA PRADESH","district":"ASHOKNAGAR","block":"ASHOKNAGAR","indicator":"girls_toilet_nonfunctional"}},{"type":"Feature","geometry":{"type":"Point","coordinates":[77.62404,24.60901]},"properties":{"udise":"23460229401","name":"PS NAGAU KHEDI","state":"MADHYA PRADESH","district":"ASHOKNAGAR","block":"ASHOKNAGAR","indicator":"girls_toilet_nonfunctional"}},{"type":"Feature","geometry":{"type":"Point","coordinates":[77.94888,24.89988]},"properties":{"udise":"23460700803","name":"PS IMLIPURA","state":"MADHYA PRADESH","district":"ASHOKNAGAR","block":"ISAGARH","indicator":"girls_toilet_nonfunctional"}},{"type":"Feature","geometry":{"type":"Point","coordinates":[77.65889,24.51595]},"properties":{"udise":"23460203302","name":"PS PYAU CHACK DONGRA PACHAR","state":"MADHYA PRADESH","district":"ASHOKNAGAR","block":"ASHOKNAGAR","indicator":"girls_toilet_nonfunctional"}},{"type":"Feature","geometry":{"type":"Point","coordinates":[77.8433,24.56717]},"properties":{"udise":"23460232501","name":"PS CHAPRAI MAFI","state":"MADHYA PRADESH","district":"ASHOKNAGAR","block":"ASHOKNAGAR","indicator":"girls_toilet_nonfunctional"}},{"type":"Feature","geometry":{"type":"Point","coordinates":[77.49993,24.48571]},"properties":{"udise":"23460216201","name":"PS BARMAHU","state":"MADHYA PRADESH","district":"ASHOKNAGAR","block":"ASHOKNAGAR","indicator":"girls_toilet_nonfunctional"}},{"type":"Feature","geometry":{"type":"Point","coordinates":[77.93786,24.60242]},"properties":{"udise":"23460506502","name":"MS N MOHARI","state":"MADHYA PRADESH","district":"ASHOKNAGAR","block":"CHANDERI","indicator":"girls_toilet_nonfunctional"}},{"type":"Feature","geometry":{"type":"Point","coordinates":[77.65169,24.46641]},"properties":{"udise":"23460233901","name":"PS PARSOLIYA","state":"MADHYA PRADESH","district":"ASHOKNAGAR","block":"ASHOKNAGAR","indicator":"girls_toilet_nonfunctional"}},{"type":"Feature","geometry":{"type":"Point","coordinates":[78.21386,24.41984]},"properties":{"udise":"23460828201","name":"PS JHAKHORA","state":"MADHYA PRADESH","district":"ASHOKNAGAR","block":"MUNGAOLI","indicator":"girls_toilet_nonfunctional"}},{"type":"Feature","geometry":{"type":"Point","coordinates":[77.57612,24.60588]},"properties":{"udise":"23460231501","name":"PS PIPROL","state":"MADHYA PRADESH","district":"ASHOKNAGAR","block":"ASHOKNAGAR","indicator":"girls_toilet_nonfunctional"}},{"type":"Feature","geometry":{"type":"Point","coordinates":[78.08814,24.46653]},"properties":{"udise":"23460805702","name":"PS SAJANMAHU KHURD","state":"MADHYA PRADESH","district":"ASHOKNAGAR","block":"MUNGAOLI","indicator":"girls_toilet_nonfunctional"}},{"type":"Feature","geometry":{"type":"Point","coordinates":[78.00343,24.71817]},"properties":{"udise":"23460503801","name":"PS PIPROD","state":"MADHYA PRADESH","district":"ASHOKNAGAR","block":"CHANDERI","indicator":"girls_toilet_nonfunctional"}},{"type":"Feature","geometry":{"type":"Point","coordinates":[77.61365,24.45363]},"properties":{"udise":"23460212101","name":"PS MUDRA","state":"MADHYA PRADESH","district":"ASHOKNAGAR","block":"ASHOKNAGAR","indicator":"girls_toilet_nonfunctional"}},{"type":"Feature","geometry":{"type":"Point","coordinates":[77.90127,24.27578]},"properties":{"udise":"23460818001","name":"PS PYASI","state":"MADHYA PRADESH","district":"ASHOKNAGAR","block":"MUNGAOLI","indicator":"girls_toilet_nonfunctional"}},{"type":"Feature","geometry":{"type":"Point","coordinates":[77.68449,24.46972]},"properties":{"udise":"23460205901","name":"PS ANANDPUR TUMEN","state":"MADHYA PRADESH","district":"ASHOKNAGAR","block":"ASHOKNAGAR","indicator":"girls_toilet_nonfunctional"}},{"type":"Feature","geometry":{"type":"Point","coordinates":[77.89924,24.48605]},"properties":{"udise":"23460803902","name":"MS N SILABAN","state":"MADHYA PRADESH","district":"ASHOKNAGAR","block":"MUNGAOLI","indicator":"girls_toilet_nonfunctional"}},{"type":"Feature","geometry":{"type":"Point","coordinates":[77.68697,24.47978]},"properties":{"udise":"23460206201","name":"PS JUGYA","state":"MADHYA PRADESH","district":"ASHOKNAGAR","block":"ASHOKNAGAR","indicator":"girls_toilet_nonfunctional"}},{"type":"Feature","geometry":{"type":"Point","coordinates":[77.49052,24.60356]},"properties":{"udise":"23460229701","name":"PS DEPRAI","state":"MADHYA PRADESH","district":"ASHOKNAGAR","block":"ASHOKNAGAR","indicator":"girls_toilet_nonfunctional"}},{"type":"Feature","geometry":{"type":"Point","coordinates":[77.59426,24.65413]},"properties":{"udise":"23460239801","name":"GOLDAN CONVENT SCHOOL SANKAR COLONY ASHOKNAGAR","state":"MADHYA PRADESH","district":"ASHOKNAGAR","block":"ASHOKNAGAR","indicator":"girls_toilet_nonfunctional"}},{"type":"Feature","geometry":{"type":"Point","coordinates":[77.57911,24.912]},"properties":{"udise":"23460702203","name":"PS HARIJAN AVSAR JAGEER","state":"MADHYA PRADESH","district":"ASHOKNAGAR","block":"ISAGARH","indicator":"girls_toilet_nonfunctional"}},{"type":"Feature","geometry":{"type":"Point","coordinates":[77.55423,24.47135]},"properties":{"udise":"23460209102","name":"MS SEMRAHAT","state":"MADHYA PRADESH","district":"ASHOKNAGAR","block":"ASHOKNAGAR","indicator":"girls_toilet_nonfunctional"}},{"type":"Feature","geometry":{"type":"Point","coordinates":[77.85786,24.78407]},"properties":{"udise":"23460704902","name":"MS N KULVAR","state":"MADHYA PRADESH","district":"ASHOKNAGAR","block":"ISAGARH","indicator":"girls_toilet_nonfunctional"}},{"type":"Feature","geometry":{"type":"Point","coordinates":[77.88803,24.36018]},"properties":{"udise":"23460813604","name":"PS DAMDAMA CHACK","state":"MADHYA PRADESH","district":"ASHOKNAGAR","block":"MUNGAOLI","indicator":"girls_toilet_nonfunctional"}},{"type":"Feature","geometry":{"type":"Point","coordinates":[77.76219,24.62259]},"properties":{"udise":"23460201903","name":"PS HARIJAN KALONY RANVSAR","state":"MADHYA PRADESH","district":"ASHOKNAGAR","block":"ASHOKNAGAR","indicator":"girls_toilet_nonfunctional"}},{"type":"Feature","geometry":{"type":"Point","coordinates":[77.72339,24.58113]},"properties":{"udise":"23460239307","name":"LORD KRISHNA BENI TALENT SCHOOL ASHOKNAGAR","state":"MADHYA PRADESH","district":"ASHOKNAGAR","block":"ASHOKNAGAR","indicator":"girls_toilet_nonfunctional"}},{"type":"Feature","geometry":{"type":"Point","coordinates":[77.55505,24.65304]},"properties":{"udise":"23460210801","name":"PS MADI-NAMDAR","state":"MADHYA PRADESH","district":"ASHOKNAGAR","block":"ASHOKNAGAR","indicator":"girls_toilet_nonfunctional"}},{"type":"Feature","geometry":{"type":"Point","coordinates":[77.91196,24.3543]},"properties":{"udise":"23460814601","name":"PS BANHAI","state":"MADHYA PRADESH","district":"ASHOKNAGAR","block":"MUNGAOLI","indicator":"girls_toilet_nonfunctional"}},{"type":"Feature","geometry":{"type":"Point","coordinates":[77.94299,24.37921]},"properties":{"udise":"23460821001","name":"PS BARKHUA","state":"MADHYA PRADESH","district":"ASHOKNAGAR","block":"MUNGAOLI","indicator":"girls_toilet_nonfunctional"}},{"type":"Feature","geometry":{"type":"Point","coordinates":[78.1723,24.62062]},"properties":{"udise":"23460507003","name":"PS DHONGA","state":"MADHYA PRADESH","district":"ASHOKNAGAR","block":"CHANDERI","indicator":"girls_toilet_nonfunctional"}},{"type":"Feature","geometry":{"type":"Point","coordinates":[77.60098,24.62112]},"properties":{"udise":"23460209418","name":"HS SHADHORA","state":"MADHYA PRADESH","district":"ASHOKNAGAR","block":"ASHOKNAGAR","indicator":"girls_toilet_nonfunctional"}},{"type":"Feature","geometry":{"type":"Point","coordinates":[78.03733,24.55836]},"properties":{"udise":"23460804902","name":"PS SILVARA KHURD","state":"MADHYA PRADESH","district":"ASHOKNAGAR","block":"MUNGAOLI","indicator":"girls_toilet_nonfunctional"}},{"type":"Feature","geometry":{"type":"Point","coordinates":[77.75696,24.35575]},"properties":{"udise":"23460217502","name":"PS SHERAPURA","state":"MADHYA PRADESH","district":"ASHOKNAGAR","block":"ASHOKNAGAR","indicator":"girls_toilet_nonfunctional"}},{"type":"Feature","geometry":{"type":"Point","coordinates":[78.09064,24.83893]},"properties":{"udise":"23460514401","name":"PS PAHADPUR","state":"MADHYA PRADESH","district":"ASHOKNAGAR","block":"CHANDERI","indicator":"girls_toilet_nonfunctional"}},{"type":"Feature","geometry":{"type":"Point","coordinates":[77.80321,24.43922]},"properties":{"udise":"23460815404","name":"PS SHYAMPUR","state":"MADHYA PRADESH","district":"ASHOKNAGAR","block":"MUNGAOLI","indicator":"girls_toilet_nonfunctional"}},{"type":"Feature","geometry":{"type":"Point","coordinates":[78.16211,24.41502]},"properties":{"udise":"23460801303","name":"PS FAJALPUR","state":"MADHYA PRADESH","district":"ASHOKNAGAR","block":"MUNGAOLI","indicator":"girls_toilet_nonfunctional"}},{"type":"Feature","geometry":{"type":"Point","coordinates":[77.97117,24.46112]},"properties":{"udise":"23460803801","name":"PS KARR","state":"MADHYA PRADESH","district":"ASHOKNAGAR","block":"MUNGAOLI","indicator":"girls_toilet_nonfunctional"}},{"type":"Feature","geometry":{"type":"Point","coordinates":[77.59756,24.46728]},"properties":{"udise":"23460233701","name":"PS SIRSODA","state":"MADHYA PRADESH","district":"ASHOKNAGAR","block":"ASHOKNAGAR","indicator":"girls_toilet_nonfunctional"}},{"type":"Feature","geometry":{"type":"Point","coordinates":[77.81088,24.87324]},"properties":{"udise":"23460711702","name":"MS JANGHAR","state":"MADHYA PRADESH","district":"ASHOKNAGAR","block":"ISAGARH","indicator":"girls_toilet_nonfunctional"}},{"type":"Feature","geometry":{"type":"Point","coordinates":[77.71886,24.59636]},"properties":{"udise":"23460234903","name":"LIONS ENGLISH SCHOOL PADARIYA GORA SINGWASA","state":"MADHYA PRADESH","district":"ASHOKNAGAR","block":"ASHOKNAGAR","indicator":"girls_toilet_nonfunctional"}},{"type":"Feature","geometry":{"type":"Point","coordinates":[77.65254,24.34627]},"properties":{"udise":"23460238101","name":"PS PURA CHHIPON","state":"MADHYA PRADESH","district":"ASHOKNAGAR","block":"ASHOKNAGAR","indicator":"girls_toilet_nonfunctional"}},{"type":"Feature","geometry":{"type":"Point","coordinates":[78.13416,24.52963]},"properties":{"udise":"23460809002","name":"MS PATHARI","state":"MADHYA PRADESH","district":"ASHOKNAGAR","block":"MUNGAOLI","indicator":"girls_toilet_nonfunctional"}},{"type":"Feature","geometry":{"type":"Point","coordinates":[77.80461,24.50835]},"properties":{"udise":"23460214302","name":"MS N BERKHEDI - TUMEN","state":"MADHYA PRADESH","district":"ASHOKNAGAR","block":"ASHOKNAGAR","indicator":"girls_toilet_nonfunctional"}},{"type":"Feature","geometry":{"type":"Point","coordinates":[78.03514,24.43989]},"properties":{"udise":"23460811401","name":"PS TINSI","state":"MADHYA PRADESH","district":"ASHOKNAGAR","block":"MUNGAOLI","indicator":"girls_toilet_nonfunctional"}},{"type":"Feature","geometry":{"type":"Point","coordinates":[78.13902,24.40796]},"properties":{"udise":"23460808102","name":"MS BHOPAL","state":"MADHYA PRADESH","district":"ASHOKNAGAR","block":"MUNGAOLI","indicator":"girls_toilet_nonfunctional"}},{"type":"Feature","geometry":{"type":"Point","coordinates":[77.90726,24.53303]},"properties":{"udise":"23460500901","name":"PS GAJRA TANDA","state":"MADHYA PRADESH","district":"ASHOKNAGAR","block":"CHANDERI","indicator":"girls_toilet_nonfunctional"}},{"type":"Feature","geometry":{"type":"Point","coordinates":[77.58603,24.52454]},"properties":{"udise":"23460200501","name":"PS MADAGAN","state":"MADHYA PRADESH","district":"ASHOKNAGAR","block":"ASHOKNAGAR","indicator":"girls_toilet_nonfunctional"}},{"type":"Feature","geometry":{"type":"Point","coordinates":[77.98168,24.34163]},"properties":{"udise":"23460807101","name":"PS TAPRA SOPRA","state":"MADHYA PRADESH","district":"ASHOKNAGAR","block":"MUNGAOLI","indicator":"girls_toilet_nonfunctional"}},{"type":"Feature","geometry":{"type":"Point","coordinates":[77.92108,24.61759]},"properties":{"udise":"23460506701","name":"PS LUHARI","state":"MADHYA PRADESH","district":"ASHOKNAGAR","block":"CHANDERI","indicator":"girls_toilet_nonfunctional"}},{"type":"Feature","geometry":{"type":"Point","coordinates":[77.83675,24.8807]},"properties":{"udise":"23460705801","name":"PS THEKA","state":"MADHYA PRADESH","district":"ASHOKNAGAR","block":"ISAGARH","indicator":"girls_toilet_nonfunctional"}},{"type":"Feature","geometry":{"type":"Point","coordinates":[77.63813,24.8886]},"properties":{"udise":"23460718701","name":"PS AMROD BADDU","state":"MADHYA PRADESH","district":"ASHOKNAGAR","block":"ISAGARH","indicator":"girls_toilet_nonfunctional"}},{"type":"Feature","geometry":{"type":"Point","coordinates":[77.84146,24.5963]},"properties":{"udise":"23460200101","name":"PS LAKHERI BASATI","state":"MADHYA PRADESH","district":"ASHOKNAGAR","block":"ASHOKNAGAR","indicator":"girls_toilet_nonfunctional"}},{"type":"Feature","geometry":{"type":"Point","coordinates":[78.10087,24.51708]},"properties":{"udise":"23460826101","name":"MS N JANAKPUR KHIRIYA","state":"MADHYA PRADESH","district":"ASHOKNAGAR","block":"MUNGAOLI","indicator":"girls_toilet_nonfunctional"}},{"type":"Feature","geometry":{"type":"Point","coordinates":[77.87908,24.74645]},"properties":{"udise":"23460710504","name":"PS ADIVASI SYAMTORI","state":"MADHYA PRADESH","district":"ASHOKNAGAR","block":"ISAGARH","indicator":"girls_toilet_nonfunctional"}},{"type":"Feature","geometry":{"type":"Point","coordinates":[77.86143,24.34289]},"properties":{"udise":"23460813903","name":"PS BANSKHEDI","state":"MADHYA PRADESH","district":"ASHOKNAGAR","block":"MUNGAOLI","indicator":"girls_toilet_nonfunctional"}},{"type":"Feature","geometry":{"type":"Point","coordinates":[78.1211,24.42998]},"properties":{"udise":"23460800701","name":"PS MADHOPUR","state":"MADHYA PRADESH","district":"ASHOKNAGAR","block":"MUNGAOLI","indicator":"girls_toilet_nonfunctional"}},{"type":"Feature","geometry":{"type":"Point","coordinates":[77.89524,24.91942]},"properties":{"udise":"23460704803","name":"PS SHITALPUR","state":"MADHYA PRADESH","district":"ASHOKNAGAR","block":"ISAGARH","indicator":"girls_toilet_nonfunctional"}},{"type":"Feature","geometry":{"type":"Point","coordinates":[77.93359,24.52151]},"properties":{"udise":"23460500102","name":"MS SIGON","state":"MADHYA PRADESH","district":"ASHOKNAGAR","block":"CHANDERI","indicator":"girls_toilet_nonfunctional"}},{"type":"Feature","geometry":{"type":"Point","coordinates":[77.63733,24.33181]},"properties":{"udise":"23460211303","name":"PS CHHIPON","state":"MADHYA PRADESH","district":"ASHOKNAGAR","block":"ASHOKNAGAR","indicator":"girls_toilet_nonfunctional"}},{"type":"Feature","geometry":{"type":"Point","coordinates":[78.12244,24.36734]},"properties":{"udise":"23460818702","name":"MS N BADOLI","state":"MADHYA PRADESH","district":"ASHOKNAGAR","block":"MUNGAOLI","indicator":"girls_toilet_nonfunctional"}},{"type":"Feature","geometry":{"type":"Point","coordinates":[77.59567,24.53586]},"properties":{"udise":"23460214804","name":"PS BANJARIYA CHACK","state":"MADHYA PRADESH","district":"ASHOKNAGAR","block":"ASHOKNAGAR","indicator":"girls_toilet_nonfunctional"}},{"type":"Feature","geometry":{"type":"Point","coordinates":[77.67671,24.75092]},"properties":{"udise":"23460703203","name":"PS SANDOH","state":"MADHYA PRADESH","district":"ASHOKNAGAR","block":"ISAGARH","indicator":"girls_toilet_nonfunctional"}},{"type":"Feature","geometry":{"type":"Point","coordinates":[77.57545,24.6478]},"properties":{"udise":"23460232701","name":"PS GNADHI NAGAR SHADORA","state":"MADHYA PRADESH","district":"ASHOKNAGAR","block":"ASHOKNAGAR","indicator":"girls_toilet_nonfunctional"}},{"type":"Feature","geometry":{"type":"Point","coordinates":[77.8565,24.64524]},"properties":{"udise":"23460202402","name":"MS N GARROLI","state":"MADHYA PRADESH","district":"ASHOKNAGAR","block":"ASHOKNAGAR","indicator":"girls_toilet_nonfunctional"}},{"type":"Feature","geometry":{"type":"Point","coordinates":[77.6506,24.60922]},"properties":{"udise":"23460207902","name":"MS N MADI GUGOR","state":"MADHYA PRADESH","district":"ASHOKNAGAR","block":"ASHOKNAGAR","indicator":"girls_toilet_nonfunctional"}},{"type":"Feature","geometry":{"type":"Point","coordinates":[78.2226,24.52737]},"properties":{"udise":"23460808501","name":"PS PARASRI","state":"MADHYA PRADESH","district":"ASHOKNAGAR","block":"MUNGAOLI","indicator":"girls_toilet_nonfunctional"}},{"type":"Feature","geometry":{"type":"Point","coordinates":[77.79968,24.85643]},"properties":{"udise":"23460711801","name":"PS JANGHAR SHARANA","state":"MADHYA PRADESH","district":"ASHOKNAGAR","block":"ISAGARH","indicator":"girls_toilet_nonfunctional"}},{"type":"Feature","geometry":{"type":"Point","coordinates":[77.58355,24.49122]},"properties":{"udise":"23460224201","name":"PS ISHWARKHEDI","state":"MADHYA PRADESH","district":"ASHOKNAGAR","block":"ASHOKNAGAR","indicator":"girls_toilet_nonfunctional"}},{"type":"Feature","geometry":{"type":"Point","coordinates":[77.59761,24.77982]},"properties":{"udise":"23460709302","name":"MS N SINGAKHEDI","state":"MADHYA PRADESH","district":"ASHOKNAGAR","block":"ISAGARH","indicator":"girls_toilet_nonfunctional"}},{"type":"Feature","geometry":{"type":"Point","coordinates":[77.78109,24.507]},"properties":{"udise":"23460214401","name":"PS BAMNAI HAVELI","state":"MADHYA PRADESH","district":"ASHOKNAGAR","block":"ASHOKNAGAR","indicator":"girls_toilet_nonfunctional"}},{"type":"Feature","geometry":{"type":"Point","coordinates":[77.8575,24.71863]},"properties":{"udise":"23460704403","name":"PS SHAHPUR","state":"MADHYA PRADESH","district":"ASHOKNAGAR","block":"ISAGARH","indicator":"girls_toilet_nonfunctional"}},{"type":"Feature","geometry":{"type":"Point","coordinates":[78.25453,23.45871]},"properties":{"udise":"23460805205","name":"HS PARKANA","state":"MADHYA PRADESH","district":"ASHOKNAGAR","block":"MUNGAOLI","indicator":"girls_toilet_nonfunctional"}},{"type":"Feature","geometry":{"type":"Point","coordinates":[78.4556,24.1166]},"properties":{"udise":"23460501602","name":"MS LIDHORAKALA","state":"MADHYA PRADESH","district":"ASHOKNAGAR","block":"CHANDERI","indicator":"girls_toilet_nonfunctional"}},{"type":"Feature","geometry":{"type":"Point","coordinates":[77.60566,24.65332]},"properties":{"udise":"23460212301","name":"PS FARDAI","state":"MADHYA PRADESH","district":"ASHOKNAGAR","block":"ASHOKNAGAR","indicator":"girls_toilet_nonfunctional"}},{"type":"Feature","geometry":{"type":"Point","coordinates":[77.87264,24.36426]},"properties":{"udise":"23460813704","name":"PS TEETOR CHAK","state":"MADHYA PRADESH","district":"ASHOKNAGAR","block":"MUNGAOLI","indicator":"girls_toilet_nonfunctional"}},{"type":"Feature","geometry":{"type":"Point","coordinates":[77.5042,24.56092]},"properties":{"udise":"23460208405","name":"PS HARIJAN KALONY JHILA","state":"MADHYA PRADESH","district":"ASHOKNAGAR","block":"ASHOKNAGAR","indicator":"girls_toilet_nonfunctional"}},{"type":"Feature","geometry":{"type":"Point","coordinates":[77.88088,24.74135]},"properties":{"udise":"23460710203","name":"PS ADIVASI KALITOR","state":"MADHYA PRADESH","district":"ASHOKNAGAR","block":"ISAGARH","indicator":"girls_toilet_nonfunctional"}},{"type":"Feature","geometry":{"type":"Point","coordinates":[77.98873,24.58914]},"properties":{"udise":"23460502702","name":"MS N JAMAKHEDI","state":"MADHYA PRADESH","district":"ASHOKNAGAR","block":"CHANDERI","indicator":"girls_toilet_nonfunctional"}},{"type":"Feature","geometry":{"type":"Point","coordinates":[77.86759,24.95297]},"properties":{"udise":"23460708701","name":"PS GOVIND NAGAR","state":"MADHYA PRADESH","district":"ASHOKNAGAR","block":"ISAGARH","indicator":"girls_toilet_nonfunctional"}},{"type":"Feature","geometry":{"type":"Point","coordinates":[78.00838,24.45926]},"properties":{"udise":"23460806204","name":"PS MAHKUA","state":"MADHYA PRADESH","district":"ASHOKNAGAR","block":"MUNGAOLI","indicator":"girls_toilet_nonfunctional"}},{"type":"Feature","geometry":{"type":"Point","coordinates":[77.48406,24.44582]},"properties":{"udise":"23460216003","name":"PS SOVAT","state":"MADHYA PRADESH","district":"ASHOKNAGAR","block":"ASHOKNAGAR","indicator":"girls_toilet_nonfunctional"}},{"type":"Feature","geometry":{"type":"Point","coordinates":[77.55303,24.55106]},"properties":{"udise":"23460208901","name":"PS SEMRI JUMMAN","state":"MADHYA PRADESH","district":"ASHOKNAGAR","block":"ASHOKNAGAR","indicator":"girls_toilet_nonfunctional"}},{"type":"Feature","geometry":{"type":"Point","coordinates":[77.5762,24.58458]},"properties":{"udise":"23460207802","name":"MS N AMODA","state":"MADHYA PRADESH","district":"ASHOKNAGAR","block":"ASHOKNAGAR","indicator":"girls_toilet_nonfunctional"}},{"type":"Feature","geometry":{"type":"Point","coordinates":[78.12,24.59485]},"properties":{"udise":"23460503001","name":"PS SARSELA","state":"MADHYA PRADESH","district":"ASHOKNAGAR","block":"CHANDERI","indicator":"girls_toilet_nonfunctional"}},{"type":"Feature","geometry":{"type":"Point","coordinates":[77.77926,24.55823]},"properties":{"udise":"23460201001","name":"PS KABIRA","state":"MADHYA PRADESH","district":"ASHOKNAGAR","block":"ASHOKNAGAR","indicator":"girls_toilet_nonfunctional"}},{"type":"Feature","geometry":{"type":"Point","coordinates":[77.62358,24.7477]},"properties":{"udise":"23460208503","name":"PS VIJAYPURA","state":"MADHYA PRADESH","district":"ASHOKNAGAR","block":"ASHOKNAGAR","indicator":"girls_toilet_nonfunctional"}},{"type":"Feature","geometry":{"type":"Point","coordinates":[77.89818,24.68354]},"properties":{"udise":"23460702102","name":"PS ADIVASI SAHSUDI","state":"MADHYA PRADESH","district":"ASHOKNAGAR","block":"ISAGARH","indicator":"girls_toilet_nonfunctional"}},{"type":"Feature","geometry":{"type":"Point","coordinates":[77.90015,24.4559]},"properties":{"udise":"23460826803","name":"PS CHAK SINGHARA","state":"MADHYA PRADESH","district":"ASHOKNAGAR","block":"MUNGAOLI","indicator":"girls_toilet_nonfunctional"}},{"type":"Feature","geometry":{"type":"Point","coordinates":[77.8725,24.86713]},"properties":{"udise":"23460712405","name":"HS GAHORA","state":"MADHYA PRADESH","district":"ASHOKNAGAR","block":"ISAGARH","indicator":"girls_toilet_nonfunctional"}},{"type":"Feature","geometry":{"type":"Point","coordinates":[77.71659,24.48887]},"properties":{"udise":"23460206107","name":"SANSKAR VIDYA NIKETAN MIDDLE SCHOOL TUMEN","state":"MADHYA PRADESH","district":"ASHOKNAGAR","block":"ASHOKNAGAR","indicator":"girls_toilet_nonfunctional"}},{"type":"Feature","geometry":{"type":"Point","coordinates":[77.76387,24.31742]},"properties":{"udise":"23460204901","name":"PS BANSKHEDI","state":"MADHYA PRADESH","district":"ASHOKNAGAR","block":"ASHOKNAGAR","indicator":"girls_toilet_nonfunctional"}},{"type":"Feature","geometry":{"type":"Point","coordinates":[77.89714,24.485]},"properties":{"udise":"23460803901","name":"PS SILABAN","state":"MADHYA PRADESH","district":"ASHOKNAGAR","block":"MUNGAOLI","indicator":"girls_toilet_nonfunctional"}},{"type":"Feature","geometry":{"type":"Point","coordinates":[78.00316,24.72077]},"properties":{"udise":"23460503802","name":"MS N PIPROD","state":"MADHYA PRADESH","district":"ASHOKNAGAR","block":"CHANDERI","indicator":"girls_toilet_nonfunctional"}},{"type":"Feature","geometry":{"type":"Point","coordinates":[78.147,24.532]},"properties":{"udise":"23460809005","name":"GANES VIDHYA MANDIR PATHARI","state":"MADHYA PRADESH","district":"ASHOKNAGAR","block":"MUNGAOLI","indicator":"girls_toilet_nonfunctional"}},{"type":"Feature","geometry":{"type":"Point","coordinates":[78.10166,24.47978]},"properties":{"udise":"23460806301","name":"PS CHINKUPUR","state":"MADHYA PRADESH","district":"ASHOKNAGAR","block":"MUNGAOLI","indicator":"girls_toilet_nonfunctional"}},{"type":"Feature","geometry":{"type":"Point","coordinates":[77.59335,24.95518]},"properties":{"udise":"23460702301","name":"PS KANCHANPURA","state":"MADHYA PRADESH","district":"ASHOKNAGAR","block":"ISAGARH","indicator":"girls_toilet_nonfunctional"}},{"type":"Feature","geometry":{"type":"Point","coordinates":[77.86199,24.58939]},"properties":{"udise":"23460231001","name":"PS NANDNAI","state":"MADHYA PRADESH","district":"ASHOKNAGAR","block":"ASHOKNAGAR","indicator":"girls_toilet_nonfunctional"}},{"type":"Feature","geometry":{"type":"Point","coordinates":[78.04502,24.37055]},"properties":{"udise":"23460816802","name":"MS BARDHUVAYA","state":"MADHYA PRADESH","district":"ASHOKNAGAR","block":"MUNGAOLI","indicator":"girls_toilet_nonfunctional"}},{"type":"Feature","geometry":{"type":"Point","coordinates":[78.10206,24.41247]},"properties":{"udise":"23460815414","name":"MA GAYATRI VIDHYA MANDIR ATHAEEKHEDA","state":"MADHYA PRADESH","district":"ASHOKNAGAR","block":"MUNGAOLI","indicator":"girls_toilet_nonfunctional"}},{"type":"Feature","geometry":{"type":"Point","coordinates":[78.0968,24.62243]},"properties":{"udise":"23460504202","name":"MS DUNGSRA","state":"MADHYA PRADESH","district":"ASHOKNAGAR","block":"CHANDERI","indicator":"girls_toilet_nonfunctional"}},{"type":"Feature","geometry":{"type":"Point","coordinates":[77.75912,24.34294]},"properties":{"udise":"23460217505","name":"PS KHIRIYA","state":"MADHYA PRADESH","district":"ASHOKNAGAR","block":"ASHOKNAGAR","indicator":"girls_toilet_nonfunctional"}},{"type":"Feature","geometry":{"type":"Point","coordinates":[77.73866,24.55241]},"properties":{"udise":"23460211801","name":"PS TAKNERI","state":"MADHYA PRADESH","district":"ASHOKNAGAR","block":"ASHOKNAGAR","indicator":"girls_toilet_nonfunctional"}},{"type":"Feature","geometry":{"type":"Point","coordinates":[77.58992,24.74844]},"properties":{"udise":"23460206501","name":"PS BARKHEDA GAUD","state":"MADHYA PRADESH","district":"ASHOKNAGAR","block":"ASHOKNAGAR","indicator":"girls_toilet_nonfunctional"}},{"type":"Feature","geometry":{"type":"Point","coordinates":[77.63505,24.6239]},"properties":{"udise":"23460228001","name":"PS BALNAI","state":"MADHYA PRADESH","district":"ASHOKNAGAR","block":"ASHOKNAGAR","indicator":"girls_toilet_nonfunctional"}},{"type":"Feature","geometry":{"type":"Point","coordinates":[77.564,24.62759]},"properties":{"udise":"23460210502","name":"MS N SEMRI SAHVAD","state":"MADHYA PRADESH","district":"ASHOKNAGAR","block":"ASHOKNAGAR","indicator":"girls_toilet_nonfunctional"}},{"type":"Feature","geometry":{"type":"Point","coordinates":[77.99457,24.38899]},"properties":{"udise":"23460803401","name":"PS JAROLI BURURG","state":"MADHYA PRADESH","district":"ASHOKNAGAR","block":"MUNGAOLI","indicator":"girls_toilet_nonfunctional"}},{"type":"Feature","geometry":{"type":"Point","coordinates":[77.96719,24.53735]},"properties":{"udise":"23460501001","name":"PS DOLATKHEDI","state":"MADHYA PRADESH","district":"ASHOKNAGAR","block":"CHANDERI","indicator":"girls_toilet_nonfunctional"}},{"type":"Feature","geometry":{"type":"Point","coordinates":[77.9845,24.2508]},"properties":{"udise":"23460813103","name":"PS BANJARA CHAK","state":"MADHYA PRADESH","district":"ASHOKNAGAR","block":"MUNGAOLI","indicator":"girls_toilet_nonfunctional"}},{"type":"Feature","geometry":{"type":"Point","coordinates":[77.89258,24.3432]},"properties":{"udise":"23460813801","name":"PS JAROLI DHUBYAI","state":"MADHYA PRADESH","district":"ASHOKNAGAR","block":"MUNGAOLI","indicator":"girls_toilet_nonfunctional"}},{"type":"Feature","geometry":{"type":"Point","coordinates":[77.6655,24.57122]},"properties":{"udise":"23460201601","name":"PS KHAIRABHAN","state":"MADHYA PRADESH","district":"ASHOKNAGAR","block":"ASHOKNAGAR","indicator":"girls_toilet_nonfunctional"}},{"type":"Feature","geometry":{"type":"Point","coordinates":[77.93596,24.94154]},"properties":{"udise":"23460700706","name":"PS BARVATPURA","state":"MADHYA PRADESH","district":"ASHOKNAGAR","block":"ISAGARH","indicator":"girls_toilet_nonfunctional"}},{"type":"Feature","geometry":{"type":"Point","coordinates":[78.07286,24.8259]},"properties":{"udise":"23460509303","name":"PS ADIVASI LIDHRA","state":"MADHYA PRADESH","district":"ASHOKNAGAR","block":"CHANDERI","indicator":"girls_toilet_nonfunctional"}},{"type":"Feature","geometry":{"type":"Point","coordinates":[77.84673,24.77862]},"properties":{"udise":"23460706501","name":"PS DELKEVAR","state":"MADHYA PRADESH","district":"ASHOKNAGAR","block":"ISAGARH","indicator":"girls_toilet_nonfunctional"}},{"type":"Feature","geometry":{"type":"Point","coordinates":[77.85194,24.98147]},"properties":{"udise":"23460708504","name":"PS DHARMPURA","state":"MADHYA PRADESH","district":"ASHOKNAGAR","block":"ISAGARH","indicator":"girls_toilet_nonfunctional"}},{"type":"Feature","geometry":{"type":"Point","coordinates":[78.11609,24.58019]},"properties":{"udise":"23460502901","name":"PS MITHAKHEDA","state":"MADHYA PRADESH","district":"ASHOKNAGAR","block":"CHANDERI","indicator":"girls_toilet_nonfunctional"}},{"type":"Feature","geometry":{"type":"Point","coordinates":[77.74919,24.62353]},"properties":{"udise":"23460201905","name":"HSS RAONSAR","state":"MADHYA PRADESH","district":"ASHOKNAGAR","block":"ASHOKNAGAR","indicator":"girls_toilet_nonfunctional"}},{"type":"Feature","geometry":{"type":"Point","coordinates":[77.63794,24.54353]},"properties":{"udise":"23460229001","name":"PS KHEJARA NAI","state":"MADHYA PRADESH","district":"ASHOKNAGAR","block":"ASHOKNAGAR","indicator":"girls_toilet_nonfunctional"}},{"type":"Feature","geometry":{"type":"Point","coordinates":[77.90386,24.42149]},"properties":{"udise":"23460826502","name":"PS BEGAMPUR","state":"MADHYA PRADESH","district":"ASHOKNAGAR","block":"MUNGAOLI","indicator":"girls_toilet_nonfunctional"}},{"type":"Feature","geometry":{"type":"Point","coordinates":[77.87114,24.80968]},"properties":{"udise":"23460712203","name":"PS VIVEK COLONY AKLON","state":"MADHYA PRADESH","district":"ASHOKNAGAR","block":"ISAGARH","indicator":"girls_toilet_nonfunctional"}},{"type":"Feature","geometry":{"type":"Point","coordinates":[77.82208,24.91314]},"properties":{"udise":"23460715202","name":"MS N BUDERA","state":"MADHYA PRADESH","district":"ASHOKNAGAR","block":"ISAGARH","indicator":"girls_toilet_nonfunctional"}},{"type":"Feature","geometry":{"type":"Point","coordinates":[77.70102,24.31201]},"properties":{"udise":"23460228901","name":"PS LAKHA KHEDI","state":"MADHYA PRADESH","district":"ASHOKNAGAR","block":"ASHOKNAGAR","indicator":"girls_toilet_nonfunctional"}},{"type":"Feature","geometry":{"type":"Point","coordinates":[77.9301,24.27292]},"properties":{"udise":"23460814202","name":"MS N ATREJI","state":"MADHYA PRADESH","district":"ASHOKNAGAR","block":"MUNGAOLI","indicator":"girls_toilet_nonfunctional"}},{"type":"Feature","geometry":{"type":"Point","coordinates":[77.76443,24.7275]},"properties":{"udise":"23460704601","name":"PS PARASRI","state":"MADHYA PRADESH","district":"ASHOKNAGAR","block":"ISAGARH","indicator":"girls_toilet_nonfunctional"}},{"type":"Feature","geometry":{"type":"Point","coordinates":[77.66532,24.63737]},"properties":{"udise":"23460210202","name":"MS DIYADHARI","state":"MADHYA PRADESH","district":"ASHOKNAGAR","block":"ASHOKNAGAR","indicator":"girls_toilet_nonfunctional"}},{"type":"Feature","geometry":{"type":"Point","coordinates":[78.11577,24.43894]},"properties":{"udise":"23460819203","name":"PS KAMALPUR","state":"MADHYA PRADESH","district":"ASHOKNAGAR","block":"MUNGAOLI","indicator":"girls_toilet_nonfunctional"}},{"type":"Feature","geometry":{"type":"Point","coordinates":[77.91959,24.37004]},"properties":{"udise":"23460814701","name":"PS MATHANA","state":"MADHYA PRADESH","district":"ASHOKNAGAR","block":"MUNGAOLI","indicator":"girls_toilet_nonfunctional"}},{"type":"Feature","geometry":{"type":"Point","coordinates":[77.62503,24.59194]},"properties":{"udise":"23460229601","name":"PS KACHHI BAMORA","state":"MADHYA PRADESH","district":"ASHOKNAGAR","block":"ASHOKNAGAR","indicator":"girls_toilet_nonfunctional"}},{"type":"Feature","geometry":{"type":"Point","coordinates":[77.82352,24.54737]},"properties":{"udise":"23460213401","name":"PS SALMAHI","state":"MADHYA PRADESH","district":"ASHOKNAGAR","block":"ASHOKNAGAR","indicator":"girls_toilet_nonfunctional"}},{"type":"Feature","geometry":{"type":"Point","coordinates":[77.57727,24.86002]},"properties":{"udise":"23460701803","name":"PS ADIVASI BHENSA","state":"MADHYA PRADESH","district":"ASHOKNAGAR","block":"ISAGARH","indicator":"girls_toilet_nonfunctional"}},{"type":"Feature","geometry":{"type":"Point","coordinates":[77.75474,24.52122]},"properties":{"udise":"23460238910","name":"ROYAL CONVENT SCHOOL ASHOKNAGAR","state":"MADHYA PRADESH","district":"ASHOKNAGAR","block":"ASHOKNAGAR","indicator":"girls_toilet_nonfunctional"}},{"type":"Feature","geometry":{"type":"Point","coordinates":[77.74154,24.38322]},"properties":{"udise":"23460217506","name":"PS CHAKARA PURA","state":"MADHYA PRADESH","district":"ASHOKNAGAR","block":"ASHOKNAGAR","indicator":"girls_toilet_nonfunctional"}},{"type":"Feature","geometry":{"type":"Point","coordinates":[78.00255,24.26343]},"properties":{"udise":"23460829001","name":"PS BHYANA CHAK","state":"MADHYA PRADESH","district":"ASHOKNAGAR","block":"MUNGAOLI","indicator":"girls_toilet_nonfunctional"}},{"type":"Feature","geometry":{"type":"Point","coordinates":[77.59845,24.47676]},"properties":{"udise":"23460211905","name":"LITTLE SHAINA KIDS CONVENT SCHOOL KARAIYA RAI","state":"MADHYA PRADESH","district":"ASHOKNAGAR","block":"ASHOKNAGAR","indicator":"girls_toilet_nonfunctional"}},{"type":"Feature","geometry":{"type":"Point","coordinates":[78.16867,24.64016]},"properties":{"udise":"23460507401","name":"PS SATPAIYA","state":"MADHYA PRADESH","district":"ASHOKNAGAR","block":"CHANDERI","indicator":"girls_toilet_nonfunctional"}},{"type":"Feature","geometry":{"type":"Point","coordinates":[78.03125,24.28563]},"properties":{"udise":"23460828801","name":"PS HARIPUR","state":"MADHYA PRADESH","district":"ASHOKNAGAR","block":"MUNGAOLI","indicator":"girls_toilet_nonfunctional"}},{"type":"Feature","geometry":{"type":"Point","coordinates":[77.79868,24.55347]},"properties":{"udise":"23460212701","name":"PS SIRSI PACHHAR","state":"MADHYA PRADESH","district":"ASHOKNAGAR","block":"ASHOKNAGAR","indicator":"girls_toilet_nonfunctional"}},{"type":"Feature","geometry":{"type":"Point","coordinates":[77.7365,24.43293]},"properties":{"udise":"23460204004","name":"PS RENTAI CHACK","state":"MADHYA PRADESH","district":"ASHOKNAGAR","block":"ASHOKNAGAR","indicator":"girls_toilet_nonfunctional"}},{"type":"Feature","geometry":{"type":"Point","coordinates":[77.792,24.50582]},"properties":{"udise":"23460232901","name":"PS HINNODA","state":"MADHYA PRADESH","district":"ASHOKNAGAR","block":"ASHOKNAGAR","indicator":"girls_toilet_nonfunctional"}},{"type":"Feature","geometry":{"type":"Point","coordinates":[77.78107,24.53045]},"properties":{"udise":"23460214202","name":"MS N HINOTIYA PACHHAR","state":"MADHYA PRADESH","district":"ASHOKNAGAR","block":"ASHOKNAGAR","indicator":"girls_toilet_nonfunctional"}},{"type":"Feature","geometry":{"type":"Point","coordinates":[78.00859,24.49745]},"properties":{"udise":"23460807202","name":"MS N BARKHEDA PIPRAI","state":"MADHYA PRADESH","district":"ASHOKNAGAR","block":"MUNGAOLI","indicator":"girls_toilet_nonfunctional"}},{"type":"Feature","geometry":{"type":"Point","coordinates":[78.23932,24.43781]},"properties":{"udise":"23460828301","name":"PS JARKHAR","state":"MADHYA PRADESH","district":"ASHOKNAGAR","block":"MUNGAOLI","indicator":"girls_toilet_nonfunctional"}},{"type":"Feature","geometry":{"type":"Point","coordinates":[77.80223,24.70665]},"properties":{"udise":"23460704202","name":"MS N PAKROD","state":"MADHYA PRADESH","district":"ASHOKNAGAR","block":"ISAGARH","indicator":"girls_toilet_nonfunctional"}},{"type":"Feature","geometry":{"type":"Point","coordinates":[77.5057,24.60145]},"properties":{"udise":"23460209602","name":"MS KUNDORA","state":"MADHYA PRADESH","district":"ASHOKNAGAR","block":"ASHOKNAGAR","indicator":"girls_toilet_nonfunctional"}},{"type":"Feature","geometry":{"type":"Point","coordinates":[77.78958,24.63019]},"properties":{"udise":"23460708102","name":"MS N HINOTIYA","state":"MADHYA PRADESH","district":"ASHOKNAGAR","block":"ISAGARH","indicator":"girls_toilet_nonfunctional"}},{"type":"Feature","geometry":{"type":"Point","coordinates":[77.96845,24.57936]},"properties":{"udise":"23460501403","name":"HS GARENTHI","state":"MADHYA PRADESH","district":"ASHOKNAGAR","block":"CHANDERI","indicator":"girls_toilet_nonfunctional"}},{"type":"Feature","geometry":{"type":"Point","coordinates":[77.56105,24.56927]},"properties":{"udise":"23460229201","name":"PS DAMOH","state":"MADHYA PRADESH","district":"ASHOKNAGAR","block":"ASHOKNAGAR","indicator":"girls_toilet_nonfunctional"}},{"type":"Feature","geometry":{"type":"Point","coordinates":[77.5886,24.45278]},"properties":{"udise":"23460209801","name":"PS LIDHORA","state":"MADHYA PRADESH","district":"ASHOKNAGAR","block":"ASHOKNAGAR","indicator":"girls_toilet_nonfunctional"}},{"type":"Feature","geometry":{"type":"Point","coordinates":[77.58958,24.56898]},"properties":{"udise":"23460238601","name":"PS DARVESHI","state":"MADHYA PRADESH","district":"ASHOKNAGAR","block":"ASHOKNAGAR","indicator":"girls_toilet_nonfunctional"}},{"type":"Feature","geometry":{"type":"Point","coordinates":[77.9372,24.41481]},"properties":{"udise":"23460818602","name":"MS N SEMRI","state":"MADHYA PRADESH","district":"ASHOKNAGAR","block":"MUNGAOLI","indicator":"girls_toilet_nonfunctional"}},{"type":"Feature","geometry":{"type":"Point","coordinates":[77.75851,24.59005]},"properties":{"udise":"23460216703","name":"ACADEMIC HEIGHTS PUBLIC SCHOOL (PS-71174)","state":"MADHYA PRADESH","district":"ASHOKNAGAR","block":"ASHOKNAGAR","indicator":"girls_toilet_nonfunctional"}},{"type":"Feature","geometry":{"type":"Point","coordinates":[77.53263,24.46551]},"properties":{"udise":"23460231301","name":"PS BAJITPUR","state":"MADHYA PRADESH","district":"ASHOKNAGAR","block":"ASHOKNAGAR","indicator":"girls_toilet_nonfunctional"}},{"type":"Feature","geometry":{"type":"Point","coordinates":[77.60138,24.66321]},"properties":{"udise":"23460212402","name":"MS N KARAKHYA","state":"MADHYA PRADESH","district":"ASHOKNAGAR","block":"ASHOKNAGAR","indicator":"girls_toilet_nonfunctional"}},{"type":"Feature","geometry":{"type":"Point","coordinates":[77.68604,24.64051]},"properties":{"udise":"23460201501","name":"PS KHAJURIYA PACHHAR","state":"MADHYA PRADESH","district":"ASHOKNAGAR","block":"ASHOKNAGAR","indicator":"girls_toilet_nonfunctional"}},{"type":"Feature","geometry":{"type":"Point","coordinates":[77.68777,24.5865]},"properties":{"udise":"23460201301","name":"PS RUSALLA BUJURG","state":"MADHYA PRADESH","district":"ASHOKNAGAR","block":"ASHOKNAGAR","indicator":"girls_toilet_nonfunctional"}},{"type":"Feature","geometry":{"type":"Point","coordinates":[77.63876,24.4858]},"properties":{"udise":"23460215202","name":"MS N JATOLI","state":"MADHYA PRADESH","district":"ASHOKNAGAR","block":"ASHOKNAGAR","indicator":"girls_toilet_nonfunctional"}},{"type":"Feature","geometry":{"type":"Point","coordinates":[77.80511,24.64419]},"properties":{"udise":"23460708103","name":"PS GANESH PURA CHACK","state":"MADHYA PRADESH","district":"ASHOKNAGAR","block":"ISAGARH","indicator":"girls_toilet_nonfunctional"}},{"type":"Feature","geometry":{"type":"Point","coordinates":[77.82384,24.46911]},"properties":{"udise":"23460815803","name":"MS N BAMURIYA","state":"MADHYA PRADESH","district":"ASHOKNAGAR","block":"MUNGAOLI","indicator":"girls_toilet_nonfunctional"}},{"type":"Feature","geometry":{"type":"Point","coordinates":[77.52023,24.60529]},"properties":{"udise":"23460209603","name":"PS HARIJAN COL KUNDORA","state":"MADHYA PRADESH","district":"ASHOKNAGAR","block":"ASHOKNAGAR","indicator":"girls_toilet_nonfunctional"}},{"type":"Feature","geometry":{"type":"Point","coordinates":[78.15264,24.53874]},"properties":{"udise":"23460809101","name":"PS BAJAVAN","state":"MADHYA PRADESH","district":"ASHOKNAGAR","block":"MUNGAOLI","indicator":"girls_toilet_nonfunctional"}},{"type":"Feature","geometry":{"type":"Point","coordinates":[77.74316,24.53093]},"properties":{"udise":"23460214501","name":"PS BAMURIYA DANGI","state":"MADHYA PRADESH","district":"ASHOKNAGAR","block":"ASHOKNAGAR","indicator":"girls_toilet_nonfunctional"}},{"type":"Feature","geometry":{"type":"Point","coordinates":[77.81602,24.51915]},"properties":{"udise":"23460228601","name":"PS UMRIYA MAFI","state":"MADHYA PRADESH","district":"ASHOKNAGAR","block":"ASHOKNAGAR","indicator":"girls_toilet_nonfunctional"}},{"type":"Feature","geometry":{"type":"Point","coordinates":[77.54694,24.68066]},"properties":{"udise":"23460211101","name":"PS GATA","state":"MADHYA PRADESH","district":"ASHOKNAGAR","block":"ASHOKNAGAR","indicator":"girls_toilet_nonfunctional"}},{"type":"Feature","geometry":{"type":"Point","coordinates":[77.60816,24.90559]},"properties":{"udise":"23460702601","name":"PS SHAJAPUR","state":"MADHYA PRADESH","district":"ASHOKNAGAR","block":"ISAGARH","indicator":"girls_toilet_nonfunctional"}},{"type":"Feature","geometry":{"type":"Point","coordinates":[77.60032,24.9078]},"properties":{"udise":"23460700902","name":"MS N AKHAI GHAT","state":"MADHYA PRADESH","district":"ASHOKNAGAR","block":"ISAGARH","indicator":"girls_toilet_nonfunctional"}},{"type":"Feature","geometry":{"type":"Point","coordinates":[77.70706,24.76479]},"properties":{"udise":"23460703104","name":"PS KUSHVAH MAHIDPUR","state":"MADHYA PRADESH","district":"ASHOKNAGAR","block":"ISAGARH","indicator":"girls_toilet_nonfunctional"}},{"type":"Feature","geometry":{"type":"Point","coordinates":[78.001,24.52053]},"properties":{"udise":"23460817803","name":"PS MOJADI","state":"MADHYA PRADESH","district":"ASHOKNAGAR","block":"MUNGAOLI","indicator":"girls_toilet_nonfunctional"}},{"type":"Feature","geometry":{"type":"Point","coordinates":[77.88648,24.90038]},"properties":{"udise":"23460721201","name":"PS TILARI","state":"MADHYA PRADESH","district":"ASHOKNAGAR","block":"ISAGARH","indicator":"girls_toilet_nonfunctional"}},{"type":"Feature","geometry":{"type":"Point","coordinates":[77.57226,24.75096]},"properties":{"udise":"23460223801","name":"PS KALUA KHEDI","state":"MADHYA PRADESH","district":"ASHOKNAGAR","block":"ASHOKNAGAR","indicator":"girls_toilet_nonfunctional"}},{"type":"Feature","geometry":{"type":"Point","coordinates":[77.57617,24.65795]},"properties":{"udise":"23460210101","name":"PS JHAGAR","state":"MADHYA PRADESH","district":"ASHOKNAGAR","block":"ASHOKNAGAR","indicator":"girls_toilet_nonfunctional"}},{"type":"Feature","geometry":{"type":"Point","coordinates":[77.99176,24.4612]},"properties":{"udise":"23460828501","name":"PS GOPIPUR","state":"MADHYA PRADESH","district":"ASHOKNAGAR","block":"MUNGAOLI","indicator":"girls_toilet_nonfunctional"}},{"type":"Feature","geometry":{"type":"Point","coordinates":[77.55406,24.85503]},"properties":{"udise":"23460218101","name":"PS MADNA-KHIRIYA","state":"MADHYA PRADESH","district":"ASHOKNAGAR","block":"ASHOKNAGAR","indicator":"girls_toilet_nonfunctional"}},{"type":"Feature","geometry":{"type":"Point","coordinates":[77.7578,24.88194]},"properties":{"udise":"23460714902","name":"MS N BHELVASA","state":"MADHYA PRADESH","district":"ASHOKNAGAR","block":"ISAGARH","indicator":"girls_toilet_nonfunctional"}},{"type":"Feature","geometry":{"type":"Point","coordinates":[77.94158,24.36029]},"properties":{"udise":"23460815201","name":"PS NAHARGARH","state":"MADHYA PRADESH","district":"ASHOKNAGAR","block":"MUNGAOLI","indicator":"girls_toilet_nonfunctional"}},{"type":"Feature","geometry":{"type":"Point","coordinates":[77.81497,24.34108]},"properties":{"udise":"23460825601","name":"PS FUTERA","state":"MADHYA PRADESH","district":"ASHOKNAGAR","block":"MUNGAOLI","indicator":"girls_toilet_nonfunctional"}},{"type":"Feature","geometry":{"type":"Point","coordinates":[78.05797,24.73196]},"properties":{"udise":"23460513501","name":"PS DABIYA","state":"MADHYA PRADESH","district":"ASHOKNAGAR","block":"CHANDERI","indicator":"girls_toilet_nonfunctional"}},{"type":"Feature","geometry":{"type":"Point","coordinates":[78.01599,24.5704]},"properties":{"udise":"23460503102","name":"MS N BAMORI","state":"MADHYA PRADESH","district":"ASHOKNAGAR","block":"CHANDERI","indicator":"girls_toilet_nonfunctional"}},{"type":"Feature","geometry":{"type":"Point","coordinates":[78.1127,24.66551]},"properties":{"udise":"23460509102","name":"MS N IMALIYA","state":"MADHYA PRADESH","district":"ASHOKNAGAR","block":"CHANDERI","indicator":"girls_toilet_nonfunctional"}},{"type":"Feature","geometry":{"type":"Point","coordinates":[77.58203,24.67025]},"properties":{"udise":"23460200803","name":"PS HINOTIYA","state":"MADHYA PRADESH","district":"ASHOKNAGAR","block":"ASHOKNAGAR","indicator":"girls_toilet_nonfunctional"}},{"type":"Feature","geometry":{"type":"Point","coordinates":[77.78702,24.39118]},"properties":{"udise":"23460802302","name":"MS N CHAMRAI","state":"MADHYA PRADESH","district":"ASHOKNAGAR","block":"MUNGAOLI","indicator":"girls_toilet_nonfunctional"}},{"type":"Feature","geometry":{"type":"Point","coordinates":[77.70085,24.35491]},"properties":{"udise":"23460223601","name":"PS KARAMSI","state":"MADHYA PRADESH","district":"ASHOKNAGAR","block":"ASHOKNAGAR","indicator":"girls_toilet_nonfunctional"}},{"type":"Feature","geometry":{"type":"Point","coordinates":[77.51768,24.51244]},"properties":{"udise":"23460208701","name":"PS BHARKA","state":"MADHYA PRADESH","district":"ASHOKNAGAR","block":"ASHOKNAGAR","indicator":"girls_toilet_nonfunctional"}},{"type":"Feature","geometry":{"type":"Point","coordinates":[78.08053,24.41291]},"properties":{"udise":"23460818435","name":"PS DIPO","state":"MADHYA PRADESH","district":"ASHOKNAGAR","block":"MUNGAOLI","indicator":"girls_toilet_nonfunctional"}},{"type":"Feature","geometry":{"type":"Point","coordinates":[78.09693,24.54013]},"properties":{"udise":"23460804606","name":"SARASWATI GYAN MANDIR HIGH SCHOOL SEHRAI","state":"MADHYA PRADESH","district":"ASHOKNAGAR","block":"MUNGAOLI","indicator":"girls_toilet_nonfunctional"}},{"type":"Feature","geometry":{"type":"Point","coordinates":[77.61096,24.60018]},"properties":{"udise":"23460207301","name":"PS MUSYAVDA","state":"MADHYA PRADESH","district":"ASHOKNAGAR","block":"ASHOKNAGAR","indicator":"girls_toilet_nonfunctional"}},{"type":"Feature","geometry":{"type":"Point","coordinates":[77.97712,24.57814]},"properties":{"udise":"23460516101","name":"PS MAHIDPUR","state":"MADHYA PRADESH","district":"ASHOKNAGAR","block":"CHANDERI","indicator":"girls_toilet_nonfunctional"}},{"type":"Feature","geometry":{"type":"Point","coordinates":[77.82646,24.47729]},"properties":{"udise":"23460816201","name":"PS KARILA MUHAL","state":"MADHYA PRADESH","district":"ASHOKNAGAR","block":"MUNGAOLI","indicator":"girls_toilet_nonfunctional"}},{"type":"Feature","geometry":{"type":"Point","coordinates":[78.01419,24.53989]},"properties":{"udise":"23460829601","name":"PS MUDRI","state":"MADHYA PRADESH","district":"ASHOKNAGAR","block":"MUNGAOLI","indicator":"girls_toilet_nonfunctional"}},{"type":"Feature","geometry":{"type":"Point","coordinates":[77.75446,24.86255]},"properties":{"udise":"23460715801","name":"PS CHAK BHELVASA","state":"MADHYA PRADESH","district":"ASHOKNAGAR","block":"ISAGARH","indicator":"girls_toilet_nonfunctional"}},{"type":"Feature","geometry":{"type":"Point","coordinates":[77.63079,24.63831]},"properties":{"udise":"23460213601","name":"PS KHAIRAI","state":"MADHYA PRADESH","district":"ASHOKNAGAR","block":"ASHOKNAGAR","indicator":"girls_toilet_nonfunctional"}},{"type":"Feature","geometry":{"type":"Point","coordinates":[77.6571,24.49105]},"properties":{"udise":"23460206002","name":"MS N KAKRUA TUMEN","state":"MADHYA PRADESH","district":"ASHOKNAGAR","block":"ASHOKNAGAR","indicator":"girls_toilet_nonfunctional"}},{"type":"Feature","geometry":{"type":"Point","coordinates":[78.19748,24.80031]},"properties":{"udise":"23460510203","name":"MS N CHURARI","state":"MADHYA PRADESH","district":"ASHOKNAGAR","block":"CHANDERI","indicator":"girls_toilet_nonfunctional"}},{"type":"Feature","geometry":{"type":"Point","coordinates":[78.07689,24.33514]},"properties":{"udise":"23460810002","name":"MS BILHERU","state":"MADHYA PRADESH","district":"ASHOKNAGAR","block":"MUNGAOLI","indicator":"girls_toilet_nonfunctional"}},{"type":"Feature","geometry":{"type":"Point","coordinates":[77.94168,24.5373]},"properties":{"udise":"23460500401","name":"PS BELAI","state":"MADHYA PRADESH","district":"ASHOKNAGAR","block":"CHANDERI","indicator":"girls_toilet_nonfunctional"}},{"type":"Feature","geometry":{"type":"Point","coordinates":[77.86829,24.57011]},"properties":{"udise":"23460200404","name":"NEW LIFE ACADEMY PUBLIC SCHOOL RIJODA","state":"MADHYA PRADESH","district":"ASHOKNAGAR","block":"ASHOKNAGAR","indicator":"girls_toilet_nonfunctional"}},{"type":"Feature","geometry":{"type":"Point","coordinates":[77.90074,24.94436]},"properties":{"udise":"23460703401","name":"PS BUDIYA","state":"MADHYA PRADESH","district":"ASHOKNAGAR","block":"ISAGARH","indicator":"girls_toilet_nonfunctional"}},{"type":"Feature","geometry":{"type":"Point","coordinates":[77.8058,24.32003]},"properties":{"udise":"23460801902","name":"MS N JAMUNIYA","state":"MADHYA PRADESH","district":"ASHOKNAGAR","block":"MUNGAOLI","indicator":"girls_toilet_nonfunctional"}},{"type":"Feature","geometry":{"type":"Point","coordinates":[77.73061,24.32034]},"properties":{"udise":"23460238201","name":"PS PADULI","state":"MADHYA PRADESH","district":"ASHOKNAGAR","block":"ASHOKNAGAR","indicator":"girls_toilet_nonfunctional"}},{"type":"Feature","geometry":{"type":"Point","coordinates":[77.64085,24.78511]},"properties":{"udise":"23460702905","name":"PS HARIJAN COLO AMROD SING","state":"MADHYA PRADESH","district":"ASHOKNAGAR","block":"ISAGARH","indicator":"girls_toilet_nonfunctional"}},{"type":"Feature","geometry":{"type":"Point","coordinates":[77.96598,24.50873]},"properties":{"udise":"23460814303","name":"GURUKUL VIDHYA MANDIR","state":"MADHYA PRADESH","district":"ASHOKNAGAR","block":"MUNGAOLI","indicator":"girls_toilet_nonfunctional"}},{"type":"Feature","geometry":{"type":"Point","coordinates":[77.79028,24.75667]},"properties":{"udise":"23460719501","name":"PS SHYAMGARH","state":"MADHYA PRADESH","district":"ASHOKNAGAR","block":"ISAGARH","indicator":"girls_toilet_nonfunctional"}},{"type":"Feature","geometry":{"type":"Point","coordinates":[77.81142,24.67757]},"properties":{"udise":"23460226201","name":"PS KHIRIYA GUM","state":"MADHYA PRADESH","district":"ASHOKNAGAR","block":"ASHOKNAGAR","indicator":"girls_toilet_nonfunctional"}},{"type":"Feature","geometry":{"type":"Point","coordinates":[77.74745,24.34419]},"properties":{"udise":"23460205301","name":"PS FATEHPUR","state":"MADHYA PRADESH","district":"ASHOKNAGAR","block":"ASHOKNAGAR","indicator":"girls_toilet_nonfunctional"}},{"type":"Feature","geometry":{"type":"Point","coordinates":[77.59522,24.74098]},"properties":{"udise":"23460206503","name":"PS HARIJAN KAY BARKHEDA GOD","state":"MADHYA PRADESH","district":"ASHOKNAGAR","block":"ASHOKNAGAR","indicator":"girls_toilet_nonfunctional"}},{"type":"Feature","geometry":{"type":"Point","coordinates":[77.55501,24.58244]},"properties":{"udise":"23460229301","name":"PS KAMALPUR","state":"MADHYA PRADESH","district":"ASHOKNAGAR","block":"ASHOKNAGAR","indicator":"girls_toilet_nonfunctional"}},{"type":"Feature","geometry":{"type":"Point","coordinates":[78.1356,24.37695]},"properties":{"udise":"23460807802","name":"MS N HURERI","state":"MADHYA PRADESH","district":"ASHOKNAGAR","block":"MUNGAOLI","indicator":"girls_toilet_nonfunctional"}},{"type":"Feature","geometry":{"type":"Point","coordinates":[77.61202,24.56406]},"properties":{"udise":"23460217302","name":"PS CHIROLA CHACK","state":"MADHYA PRADESH","district":"ASHOKNAGAR","block":"ASHOKNAGAR","indicator":"girls_toilet_nonfunctional"}},{"type":"Feature","geometry":{"type":"Point","coordinates":[77.87402,24.78842]},"properties":{"udise":"23460716102","name":"PS TINSAN","state":"MADHYA PRADESH","district":"ASHOKNAGAR","block":"ISAGARH","indicator":"girls_toilet_nonfunctional"}},{"type":"Feature","geometry":{"type":"Point","coordinates":[78.04215,24.31303]},"properties":{"udise":"23460810401","name":"PS MADHAVAN","state":"MADHYA PRADESH","district":"ASHOKNAGAR","block":"MUNGAOLI","indicator":"girls_toilet_nonfunctional"}},{"type":"Feature","geometry":{"type":"Point","coordinates":[78.14097,24.71858]},"properties":{"udise":"23460510405","name":"PS PANCHAMNAGAR COLONY","state":"MADHYA PRADESH","district":"ASHOKNAGAR","block":"CHANDERI","indicator":"girls_toilet_nonfunctional"}},{"type":"Feature","geometry":{"type":"Point","coordinates":[77.58761,24.78383]},"properties":{"udise":"23460207002","name":"PS SAPERA DERA BISOR","state":"MADHYA PRADESH","district":"ASHOKNAGAR","block":"ASHOKNAGAR","indicator":"girls_toilet_nonfunctional"}},{"type":"Feature","geometry":{"type":"Point","coordinates":[77.84708,24.68827]},"properties":{"udise":"23460717201","name":"PS JAGATPUR","state":"MADHYA PRADESH","district":"ASHOKNAGAR","block":"ISAGARH","indicator":"girls_toilet_nonfunctional"}},{"type":"Feature","geometry":{"type":"Point","coordinates":[78.18448,24.76888]},"properties":{"udise":"23460508102","name":"PS RICHAR","state":"MADHYA PRADESH","district":"ASHOKNAGAR","block":"CHANDERI","indicator":"girls_toilet_nonfunctional"}},{"type":"Feature","geometry":{"type":"Point","coordinates":[78.15777,24.43101]},"properties":{"udise":"23460826202","name":"MS N JHAGAR","state":"MADHYA PRADESH","district":"ASHOKNAGAR","block":"MUNGAOLI","indicator":"girls_toilet_nonfunctional"}},{"type":"Feature","geometry":{"type":"Point","coordinates":[77.86075,24.44753]},"properties":{"udise":"23460829701","name":"PS SUDAMAPURI","state":"MADHYA PRADESH","district":"ASHOKNAGAR","block":"MUNGAOLI","indicator":"girls_toilet_nonfunctional"}},{"type":"Feature","geometry":{"type":"Point","coordinates":[78.11966,24.43448]},"properties":{"udise":"23460819202","name":"MS BARVAH","state":"MADHYA PRADESH","district":"ASHOKNAGAR","block":"MUNGAOLI","indicator":"girls_toilet_nonfunctional"}},{"type":"Feature","geometry":{"type":"Point","coordinates":[77.89889,24.6858]},"properties":{"udise":"23460702101","name":"PS SAHSUDI","state":"MADHYA PRADESH","district":"ASHOKNAGAR","block":"ISAGARH","indicator":"girls_toilet_nonfunctional"}},{"type":"Feature","geometry":{"type":"Point","coordinates":[77.5848,24.68376]},"properties":{"udise":"23460200802","name":"MS N CHIROLI","state":"MADHYA PRADESH","district":"ASHOKNAGAR","block":"ASHOKNAGAR","indicator":"girls_toilet_nonfunctional"}},{"type":"Feature","geometry":{"type":"Point","coordinates":[78.05902,24.6539]},"properties":{"udise":"23460504502","name":"MS NAVNI","state":"MADHYA PRADESH","district":"ASHOKNAGAR","block":"CHANDERI","indicator":"girls_toilet_nonfunctional"}},{"type":"Feature","geometry":{"type":"Point","coordinates":[78.1898,24.68951]},"properties":{"udise":"23460515603","name":"PS HARIPURA","state":"MADHYA PRADESH","district":"ASHOKNAGAR","block":"CHANDERI","indicator":"girls_toilet_nonfunctional"}},{"type":"Feature","geometry":{"type":"Point","coordinates":[78.07149,24.49288]},"properties":{"udise":"23460805204","name":"PS PANCHAMPUR","state":"MADHYA PRADESH","district":"ASHOKNAGAR","block":"MUNGAOLI","indicator":"girls_toilet_nonfunctional"}},{"type":"Feature","geometry":{"type":"Point","coordinates":[78.20161,24.4875]},"properties":{"udise":"23460828401","name":"PS DOLATPUR","state":"MADHYA PRADESH","district":"ASHOKNAGAR","block":"MUNGAOLI","indicator":"girls_toilet_nonfunctional"}},{"type":"Feature","geometry":{"type":"Point","coordinates":[77.61131,24.69598]},"properties":{"udise":"23460207504","name":"PS MADHOPUR","state":"MADHYA PRADESH","district":"ASHOKNAGAR","block":"ASHOKNAGAR","indicator":"girls_toilet_nonfunctional"}},{"type":"Feature","geometry":{"type":"Point","coordinates":[78.18787,24.80156]},"properties":{"udise":"23460510201","name":"PS CHURARI","state":"MADHYA PRADESH","district":"ASHOKNAGAR","block":"CHANDERI","indicator":"girls_toilet_nonfunctional"}},{"type":"Feature","geometry":{"type":"Point","coordinates":[77.63713,24.6186]},"properties":{"udise":"23460214502","name":"PS BAMURIYA ( SHADORA)","state":"MADHYA PRADESH","district":"ASHOKNAGAR","block":"ASHOKNAGAR","indicator":"girls_toilet_nonfunctional"}},{"type":"Feature","geometry":{"type":"Point","coordinates":[80.10381,22.00423]},"properties":{"udise":"23450604101","name":"PS PATELTOLA","state":"MADHYA PRADESH","district":"BALAGHAT","block":"LAL BURRA","indicator":"no_girls_toilet"}},{"type":"Feature","geometry":{"type":"Point","coordinates":[79.70217,21.605]},"properties":{"udise":"23450310302","name":"MS DIGDHA","state":"MADHYA PRADESH","district":"BALAGHAT","block":"KATANGI","indicator":"no_girls_toilet"}},{"type":"Feature","geometry":{"type":"Point","coordinates":[80.01595,22.00716]},"properties":{"udise":"23450606002","name":"PS NEWAR GAON (LA)","state":"MADHYA PRADESH","district":"BALAGHAT","block":"LAL BURRA","indicator":"no_girls_toilet"}},{"type":"Feature","geometry":{"type":"Point","coordinates":[80.47449,22.17174]},"properties":{"udise":"23450519504","name":"PS DHOLIYATOLA","state":"MADHYA PRADESH","district":"BALAGHAT","block":"PARASWADA","indicator":"no_girls_toilet"}},{"type":"Feature","geometry":{"type":"Point","coordinates":[80.58959,21.46206]},"properties":{"udise":"23450808201","name":"PS BAGDI","state":"MADHYA PRADESH","district":"BALAGHAT","block":"LANJI","indicator":"no_girls_toilet"}},{"type":"Feature","geometry":{"type":"Point","coordinates":[80.82866,21.93947]},"properties":{"udise":"23451016901","name":"PS LATKANTOLA","state":"MADHYA PRADESH","district":"BALAGHAT","block":"BIRSA","indicator":"no_girls_toilet"}},{"type":"Feature","geometry":{"type":"Point","coordinates":[80.07712,21.81631]},"properties":{"udise":"23450601702","name":"MS KOPE","state":"MADHYA PRADESH","district":"BALAGHAT","block":"LAL BURRA","indicator":"no_girls_toilet"}},{"type":"Feature","geometry":{"type":"Point","coordinates":[80.00482,21.85502]},"properties":{"udise":"23450603001","name":"MS NAITRA","state":"MADHYA PRADESH","district":"BALAGHAT","block":"LAL BURRA","indicator":"no_girls_toilet"}},{"type":"Feature","geometry":{"type":"Point","coordinates":[80.1649,22.09796]},"properties":{"udise":"23450122101","name":"PS KANARI","state":"MADHYA PRADESH","district":"BALAGHAT","block":"BALAGHAT","indicator":"no_girls_toilet"}},{"type":"Feature","geometry":{"type":"Point","coordinates":[80.53379,21.74828]},"properties":{"udise":"23451017702","name":"MS DHUNDHUNWARDHA","state":"MADHYA PRADESH","district":"BALAGHAT","block":"BIRSA","indicator":"no_girls_toilet"}},{"type":"Feature","geometry":{"type":"Point","coordinates":[80.46562,21.49666]},"properties":{"udise":"23450802002","name":"MS DIGHORI","state":"MADHYA PRADESH","district":"BALAGHAT","block":"LANJI","indicator":"no_girls_toilet"}},{"type":"Feature","geometry":{"type":"Point","coordinates":[80.55229,22.10328]},"properties":{"udise":"23450917406","name":"EXCLLENCE HSS BAIHAR","state":"MADHYA PRADESH","district":"BALAGHAT","block":"BAIHAR","indicator":"no_girls_toilet"}},{"type":"Feature","geometry":{"type":"Point","coordinates":[80.06252,21.60905]},"properties":{"udise":"23450406207","name":"VIDHYA ENGLISH MIDIUM SCHOOL AARAMBHA","state":"MADHYA PRADESH","district":"BALAGHAT","block":"KHAIRLANJI","indicator":"no_girls_toilet"}},{"type":"Feature","geometry":{"type":"Point","coordinates":[80.54551,21.66144]},"properties":{"udise":"23451025301","name":"PS SODHANDONGARI","state":"MADHYA PRADESH","district":"BALAGHAT","block":"BIRSA","indicator":"no_girls_toilet"}},{"type":"Feature","geometry":{"type":"Point","coordinates":[80.42654,21.55951]},"properties":{"udise":"23450809901","name":"PS MOHARA","state":"MADHYA PRADESH","district":"BALAGHAT","block":"LANJI","indicator":"no_girls_toilet"}},{"type":"Feature","geometry":{"type":"Point","coordinates":[80.84234,21.99148]},"properties":{"udise":"23451004701","name":"PS TINGATOLA","state":"MADHYA PRADESH","district":"BALAGHAT","block":"BIRSA","indicator":"no_girls_toilet"}},{"type":"Feature","geometry":{"type":"Point","coordinates":[80.49509,21.56701]},"properties":{"udise":"23450213502","name":"PS PIPAL GAON KALA","state":"MADHYA PRADESH","district":"BALAGHAT","block":"KIRNAPUR","indicator":"no_girls_toilet"}},{"type":"Feature","geometry":{"type":"Point","coordinates":[80.14418,22.13353]},"properties":{"udise":"23450115002","name":"MS BHOINDVA","state":"MADHYA PRADESH","district":"BALAGHAT","block":"BALAGHAT","indicator":"no_girls_toilet"}},{"type":"Feature","geometry":{"type":"Point","coordinates":[80.32384,21.614]},"properties":{"udise":"23450122070","name":"DREAM INDIA PUBLIC BALAGHAT-15","state":"MADHYA PRADESH","district":"BALAGHAT","block":"BALAGHAT","indicator":"no_girls_toilet"}},{"type":"Feature","geometry":{"type":"Point","coordinates":[79.57989,21.63837]},"properties":{"udise":"23450319201","name":"PS PATHRAPETH","state":"MADHYA PRADESH","district":"BALAGHAT","block":"KATANGI","indicator":"no_girls_toilet"}},{"type":"Feature","geometry":{"type":"Point","coordinates":[80.30566,21.74747]},"properties":{"udise":"23450111901","name":"PS NAHARWANI","state":"MADHYA PRADESH","district":"BALAGHAT","block":"BALAGHAT","indicator":"no_girls_toilet"}},{"type":"Feature","geometry":{"type":"Point","coordinates":[80.6857,22.13351]},"properties":{"udise":"23451023201","name":"PS CHICHRANGPUR","state":"MADHYA PRADESH","district":"BALAGHAT","block":"BIRSA","indicator":"no_girls_toilet"}},{"type":"Feature","geometry":{"type":"Point","coordinates":[80.78215,22.19344]},"properties":{"udise":"23450900201","name":"PRIMARY SCHOOL NAVALPUR","state":"MADHYA PRADESH","district":"BALAGHAT","block":"BAIHAR","indicator":"no_girls_toilet"}},{"type":"Feature","geometry":{"type":"Point","coordinates":[80.06464,21.97546]},"properties":{"udise":"23450614003","name":"PS AAWASTOLA TENGNIKALA","state":"MADHYA PRADESH","district":"BALAGHAT","block":"LAL BURRA","indicator":"no_girls_toilet"}},{"type":"Feature","geometry":{"type":"Point","coordinates":[80.03004,22.00997]},"properties":{"udise":"23450606501","name":"PS GHATOL GAON","state":"MADHYA PRADESH","district":"BALAGHAT","block":"LAL BURRA","indicator":"no_girls_toilet"}},{"type":"Feature","geometry":{"type":"Point","coordinates":[80.07619,22.0268]},"properties":{"udise":"23450603703","name":"MS KHAIRGAON","state":"MADHYA PRADESH","district":"BALAGHAT","block":"LAL BURRA","indicator":"no_girls_toilet"}},{"type":"Feature","geometry":{"type":"Point","coordinates":[80.2327,21.84264]},"properties":{"udise":"23450101423","name":"GENIUS ENGLISH SCHOOL BHARWELI","state":"MADHYA PRADESH","district":"BALAGHAT","block":"BALAGHAT","indicator":"no_girls_toilet"}},{"type":"Feature","geometry":{"type":"Point","coordinates":[80.20524,21.6676]},"properties":{"udise":"23450217405","name":"PS KHARA ENGLISH MEDIUM","state":"MADHYA PRADESH","district":"BALAGHAT","block":"KIRNAPUR","indicator":"no_girls_toilet"}},{"type":"Feature","geometry":{"type":"Point","coordinates":[80.53001,21.66101]},"properties":{"udise":"23451000301","name":"PS MUNDA","state":"MADHYA PRADESH","district":"BALAGHAT","block":"BIRSA","indicator":"no_girls_toilet"}},{"type":"Feature","geometry":{"type":"Point","coordinates":[80.88357,22.08006]},"properties":{"udise":"23451007201","name":"PS HATBAN","state":"MADHYA PRADESH","district":"BALAGHAT","block":"BIRSA","indicator":"no_girls_toilet"}},{"type":"Feature","geometry":{"type":"Point","coordinates":[80.08193,21.89122]},"properties":{"udise":"23450612201","name":"PS GONDITOLA (DOKARBAANDI)","state":"MADHYA PRADESH","district":"BALAGHAT","block":"LAL BURRA","indicator":"no_girls_toilet"}},{"type":"Feature","geometry":{"type":"Point","coordinates":[80.45936,21.58232]},"properties":{"udise":"23450218201","name":"PS PANDATOLA","state":"MADHYA PRADESH","district":"BALAGHAT","block":"KIRNAPUR","indicator":"no_girls_toilet"}},{"type":"Feature","geometry":{"type":"Point","coordinates":[80.85767,22.02928]},"properties":{"udise":"23451006001","name":"PS KANTABAHRA","state":"MADHYA PRADESH","district":"BALAGHAT","block":"BIRSA","indicator":"no_girls_toilet"}},{"type":"Feature","geometry":{"type":"Point","coordinates":[80.07526,22.02576]},"properties":{"udise":"23450603701","name":"PS KHAIRGAON","state":"MADHYA PRADESH","district":"BALAGHAT","block":"LAL BURRA","indicator":"no_girls_toilet"}},{"type":"Feature","geometry":{"type":"Point","coordinates":[79.99945,22.01205]},"properties":{"udise":"23450606605","name":"PS KEWATOLA","state":"MADHYA PRADESH","district":"BALAGHAT","block":"LAL BURRA","indicator":"no_girls_toilet"}},{"type":"Feature","geometry":{"type":"Point","coordinates":[80.85407,21.99516]},"properties":{"udise":"23451004801","name":"PS BAKHARI KONA M.","state":"MADHYA PRADESH","district":"BALAGHAT","block":"BIRSA","indicator":"girls_toilet_nonfunctional"}},{"type":"Feature","geometry":{"type":"Point","coordinates":[80.84145,22.23408]},"properties":{"udise":"23450905001","name":"PS BILAIKHAR","state":"MADHYA PRADESH","district":"BALAGHAT","block":"BAIHAR","indicator":"girls_toilet_nonfunctional"}},{"type":"Feature","geometry":{"type":"Point","coordinates":[80.28812,21.87796]},"properties":{"udise":"23450104101","name":"PS PIPAR TOLA","state":"MADHYA PRADESH","district":"BALAGHAT","block":"BALAGHAT","indicator":"girls_toilet_nonfunctional"}},{"type":"Feature","geometry":{"type":"Point","coordinates":[79.93253,21.86515]},"properties":{"udise":"23450703301","name":"PS PENDI TOLA (RAMRAMA)","state":"MADHYA PRADESH","district":"BALAGHAT","block":"WARA SEONI","indicator":"girls_toilet_nonfunctional"}},{"type":"Feature","geometry":{"type":"Point","coordinates":[80.31874,21.95321]},"properties":{"udise":"23450522501","name":"PS TALABODI","state":"MADHYA PRADESH","district":"BALAGHAT","block":"PARASWADA","indicator":"girls_toilet_nonfunctional"}},{"type":"Feature","geometry":{"type":"Point","coordinates":[80.35246,21.66623]},"properties":{"udise":"23450207901","name":"PS MORWAHI","state":"MADHYA PRADESH","district":"BALAGHAT","block":"KIRNAPUR","indicator":"girls_toilet_nonfunctional"}},{"type":"Feature","geometry":{"type":"Point","coordinates":[80.59651,21.65365]},"properties":{"udise":"23451001005","name":"PS CHITALKHOLI","state":"MADHYA PRADESH","district":"BALAGHAT","block":"BIRSA","indicator":"girls_toilet_nonfunctional"}},{"type":"Feature","geometry":{"type":"Point","coordinates":[80.79369,22.09132]},"properties":{"udise":"23451018504","name":"PS BAIGATOLA(PANDRAPANI)","state":"MADHYA PRADESH","district":"BALAGHAT","block":"BIRSA","indicator":"girls_toilet_nonfunctional"}},{"type":"Feature","geometry":{"type":"Point","coordinates":[79.94914,21.58513]},"properties":{"udise":"23450411002","name":"PS MANDIR TOLA","state":"MADHYA PRADESH","district":"BALAGHAT","block":"KHAIRLANJI","indicator":"girls_toilet_nonfunctional"}},{"type":"Feature","geometry":{"type":"Point","coordinates":[80.05223,21.71357]},"properties":{"udise":"23450710502","name":"PS KODYATOLA","state":"MADHYA PRADESH","district":"BALAGHAT","block":"WARA SEONI","indicator":"girls_toilet_nonfunctional"}},{"type":"Feature","geometry":{"type":"Point","coordinates":[79.92741,21.63229]},"properties":{"udise":"23450401402","name":"PS MURJHAD TOLA","state":"MADHYA PRADESH","district":"BALAGHAT","block":"KHAIRLANJI","indicator":"girls_toilet_nonfunctional"}},{"type":"Feature","geometry":{"type":"Point","coordinates":[79.96935,21.73808]},"properties":{"udise":"23450712301","name":"PS BASI","state":"MADHYA PRADESH","district":"BALAGHAT","block":"WARA SEONI","indicator":"girls_toilet_nonfunctional"}},{"type":"Feature","geometry":{"type":"Point","coordinates":[80.48309,21.54948]},"properties":{"udise":"23450807903","name":"PS AWASTOLA KOCHEWAHI","state":"MADHYA PRADESH","district":"BALAGHAT","block":"LANJI","indicator":"girls_toilet_nonfunctional"}},{"type":"Feature","geometry":{"type":"Point","coordinates":[80.84352,22.03889]},"properties":{"udise":"23451005901","name":"MS JAGLA","state":"MADHYA PRADESH","district":"BALAGHAT","block":"BIRSA","indicator":"girls_toilet_nonfunctional"}},{"type":"Feature","geometry":{"type":"Point","coordinates":[80.3737,21.54021]},"properties":{"udise":"23450215901","name":"PS DUDVA","state":"MADHYA PRADESH","district":"BALAGHAT","block":"KIRNAPUR","indicator":"girls_toilet_nonfunctional"}},{"type":"Feature","geometry":{"type":"Point","coordinates":[80.49345,21.54173]},"properties":{"udise":"23450808001","name":"PS RAMUTOLA KOCHEWAHI","state":"MADHYA PRADESH","district":"BALAGHAT","block":"LANJI","indicator":"girls_toilet_nonfunctional"}},{"type":"Feature","geometry":{"type":"Point","coordinates":[80.8337,22.32571]},"properties":{"udise":"23450913603","name":"PS TIKRATOLA","state":"MADHYA PRADESH","district":"BALAGHAT","block":"BAIHAR","indicator":"girls_toilet_nonfunctional"}},{"type":"Feature","geometry":{"type":"Point","coordinates":[80.29611,21.68875]},"properties":{"udise":"23450213303","name":"MS SAARAD","state":"MADHYA PRADESH","district":"BALAGHAT","block":"KIRNAPUR","indicator":"girls_toilet_nonfunctional"}},{"type":"Feature","geometry":{"type":"Point","coordinates":[80.15,21.61943]},"properties":{"udise":"23450407201","name":"PS PAACHO TOLA","state":"MADHYA PRADESH","district":"BALAGHAT","block":"KHAIRLANJI","indicator":"girls_toilet_nonfunctional"}},{"type":"Feature","geometry":{"type":"Point","coordinates":[80.31222,21.68094]},"properties":{"udise":"23450208301","name":"PS BADA TOLA MURRI","state":"MADHYA PRADESH","district":"BALAGHAT","block":"KIRNAPUR","indicator":"girls_toilet_nonfunctional"}},{"type":"Feature","geometry":{"type":"Point","coordinates":[80.38811,22.04085]},"properties":{"udise":"23450516503","name":"PS MALOMMETA","state":"MADHYA PRADESH","district":"BALAGHAT","block":"PARASWADA","indicator":"girls_toilet_nonfunctional"}},{"type":"Feature","geometry":{"type":"Point","coordinates":[80.70578,21.90506]},"properties":{"udise":"23451004402","name":"PS KUDAN","state":"MADHYA PRADESH","district":"BALAGHAT","block":"BIRSA","indicator":"girls_toilet_nonfunctional"}},{"type":"Feature","geometry":{"type":"Point","coordinates":[80.36233,21.62317]},"properties":{"udise":"23450209901","name":"PS DHOLIYA TOLA","state":"MADHYA PRADESH","district":"BALAGHAT","block":"KIRNAPUR","indicator":"girls_toilet_nonfunctional"}},{"type":"Feature","geometry":{"type":"Point","coordinates":[80.17444,22.06246]},"properties":{"udise":"23450106003","name":"PS SHERBITOLA","state":"MADHYA PRADESH","district":"BALAGHAT","block":"BALAGHAT","indicator":"girls_toilet_nonfunctional"}},{"type":"Feature","geometry":{"type":"Point","coordinates":[80.80131,21.91702]},"properties":{"udise":"23451012602","name":"PS CHHAPARTOLA","state":"MADHYA PRADESH","district":"BALAGHAT","block":"BIRSA","indicator":"girls_toilet_nonfunctional"}},{"type":"Feature","geometry":{"type":"Point","coordinates":[80.72399,22.13437]},"properties":{"udise":"23451014404","name":"PS BANDHATOLA","state":"MADHYA PRADESH","district":"BALAGHAT","block":"BIRSA","indicator":"girls_toilet_nonfunctional"}},{"type":"Feature","geometry":{"type":"Point","coordinates":[80.29017,22.31903]},"properties":{"udise":"23450507102","name":"MS BARIYA","state":"MADHYA PRADESH","district":"BALAGHAT","block":"PARASWADA","indicator":"girls_toilet_nonfunctional"}},{"type":"Feature","geometry":{"type":"Point","coordinates":[79.89695,21.66281]},"properties":{"udise":"23450401801","name":"PS GARRABORI","state":"MADHYA PRADESH","district":"BALAGHAT","block":"KHAIRLANJI","indicator":"girls_toilet_nonfunctional"}},{"type":"Feature","geometry":{"type":"Point","coordinates":[80.35827,22.08213]},"properties":{"udise":"23450517601","name":"PS KURVAAHI","state":"MADHYA PRADESH","district":"BALAGHAT","block":"PARASWADA","indicator":"girls_toilet_nonfunctional"}},{"type":"Feature","geometry":{"type":"Point","coordinates":[80.07985,21.84894]},"properties":{"udise":"23450612901","name":"PS KOSAMTOLA","state":"MADHYA PRADESH","district":"BALAGHAT","block":"LAL BURRA","indicator":"girls_toilet_nonfunctional"}},{"type":"Feature","geometry":{"type":"Point","coordinates":[80.64542,21.60011]},"properties":{"udise":"23450814101","name":"PS WARDHA","state":"MADHYA PRADESH","district":"BALAGHAT","block":"LANJI","indicator":"girls_toilet_nonfunctional"}},{"type":"Feature","geometry":{"type":"Point","coordinates":[80.25757,21.74391]},"properties":{"udise":"23450109801","name":"PS HARDOLI TOLA","state":"MADHYA PRADESH","district":"BALAGHAT","block":"BALAGHAT","indicator":"girls_toilet_nonfunctional"}},{"type":"Feature","geometry":{"type":"Point","coordinates":[80.88155,22.22906]},"properties":{"udise":"23450905101","name":"PS TOPLA","state":"MADHYA PRADESH","district":"BALAGHAT","block":"BAIHAR","indicator":"girls_toilet_nonfunctional"}},{"type":"Feature","geometry":{"type":"Point","coordinates":[80.86251,22.06167]},"properties":{"udise":"23451023701","name":"PS KHEROTOLA","state":"MADHYA PRADESH","district":"BALAGHAT","block":"BIRSA","indicator":"girls_toilet_nonfunctional"}},{"type":"Feature","geometry":{"type":"Point","coordinates":[80.61139,21.53784]},"properties":{"udise":"23450804401","name":"PS KHANDWA","state":"MADHYA PRADESH","district":"BALAGHAT","block":"LANJI","indicator":"girls_toilet_nonfunctional"}},{"type":"Feature","geometry":{"type":"Point","coordinates":[80.19809,21.65677]},"properties":{"udise":"23450217701","name":"PS BODUNDAKALA","state":"MADHYA PRADESH","district":"BALAGHAT","block":"KIRNAPUR","indicator":"girls_toilet_nonfunctional"}},{"type":"Feature","geometry":{"type":"Point","coordinates":[80.13173,22.06301]},"properties":{"udise":"23450105201","name":"PS MOHGAON","state":"MADHYA PRADESH","district":"BALAGHAT","block":"BALAGHAT","indicator":"girls_toilet_nonfunctional"}},{"type":"Feature","geometry":{"type":"Point","coordinates":[80.16043,21.78735]},"properties":{"udise":"23450708001","name":"PS RENGA TOLA","state":"MADHYA PRADESH","district":"BALAGHAT","block":"WARA SEONI","indicator":"girls_toilet_nonfunctional"}},{"type":"Feature","geometry":{"type":"Point","coordinates":[79.94658,21.60965]},"properties":{"udise":"23450409906","name":"HSS GHOOBARGONDI","state":"MADHYA PRADESH","district":"BALAGHAT","block":"KHAIRLANJI","indicator":"girls_toilet_nonfunctional"}},{"type":"Feature","geometry":{"type":"Point","coordinates":[80.40491,22.05041]},"properties":{"udise":"23450517301","name":"PS KESHA","state":"MADHYA PRADESH","district":"BALAGHAT","block":"PARASWADA","indicator":"girls_toilet_nonfunctional"}},{"type":"Feature","geometry":{"type":"Point","coordinates":[80.13287,22.11681]},"properties":{"udise":"23450115901","name":"PS MOTEGAON","state":"MADHYA PRADESH","district":"BALAGHAT","block":"BALAGHAT","indicator":"girls_toilet_nonfunctional"}},{"type":"Feature","geometry":{"type":"Point","coordinates":[80.52141,22.13]},"properties":{"udise":"23450919001","name":"PS CHHINDITOLA","state":"MADHYA PRADESH","district":"BALAGHAT","block":"BAIHAR","indicator":"girls_toilet_nonfunctional"}},{"type":"Feature","geometry":{"type":"Point","coordinates":[80.29247,21.68381]},"properties":{"udise":"23450207101","name":"PS SAARAD","state":"MADHYA PRADESH","district":"BALAGHAT","block":"KIRNAPUR","indicator":"girls_toilet_nonfunctional"}},{"type":"Feature","geometry":{"type":"Point","coordinates":[80.8113,21.77429]},"properties":{"udise":"23451007807","name":"PS AWASTOLA","state":"MADHYA PRADESH","district":"BALAGHAT","block":"BIRSA","indicator":"girls_toilet_nonfunctional"}},{"type":"Feature","geometry":{"type":"Point","coordinates":[80.04532,21.81171]},"properties":{"udise":"23450601102","name":"MS NEVARGAON (VA)","state":"MADHYA PRADESH","district":"BALAGHAT","block":"LAL BURRA","indicator":"girls_toilet_nonfunctional"}},{"type":"Feature","geometry":{"type":"Point","coordinates":[80.20361,21.80716]},"properties":{"udise":"23450121806","name":"MS SAREKHA 13-14","state":"MADHYA PRADESH","district":"BALAGHAT","block":"BALAGHAT","indicator":"girls_toilet_nonfunctional"}},{"type":"Feature","geometry":{"type":"Point","coordinates":[79.96697,21.80301]},"properties":{"udise":"23450709601","name":"PS NADITOLA ( BUD BUDA)","state":"MADHYA PRADESH","district":"BALAGHAT","block":"WARA SEONI","indicator":"girls_toilet_nonfunctional"}},{"type":"Feature","geometry":{"type":"Point","coordinates":[80.40732,21.9615]},"properties":{"udise":"23450515501","name":"PS CHHAPAR WAAHI","state":"MADHYA PRADESH","district":"BALAGHAT","block":"PARASWADA","indicator":"girls_toilet_nonfunctional"}},{"type":"Feature","geometry":{"type":"Point","coordinates":[80.14376,21.89687]},"properties":{"udise":"23450615804","name":"PS MOHGAON (DH)","state":"MADHYA PRADESH","district":"BALAGHAT","block":"LAL BURRA","indicator":"girls_toilet_nonfunctional"}},{"type":"Feature","geometry":{"type":"Point","coordinates":[80.68951,21.53268]},"properties":{"udise":"23450707104","name":"KRISHNA PLAY ACADMY ENGLISH SCHOOL SIKANDAR","state":"MADHYA PRADESH","district":"BALAGHAT","block":"WARA SEONI","indicator":"girls_toilet_nonfunctional"}},{"type":"Feature","geometry":{"type":"Point","coordinates":[80.11433,21.6304]},"properties":{"udise":"23450405002","name":"PS DHEEMARTOLABHENDARA","state":"MADHYA PRADESH","district":"BALAGHAT","block":"KHAIRLANJI","indicator":"girls_toilet_nonfunctional"}},{"type":"Feature","geometry":{"type":"Point","coordinates":[80.03268,21.97058]},"properties":{"udise":"23450610702","name":"PS GONDI TOLA BUTTA H","state":"MADHYA PRADESH","district":"BALAGHAT","block":"LAL BURRA","indicator":"girls_toilet_nonfunctional"}},{"type":"Feature","geometry":{"type":"Point","coordinates":[80.31173,22.1889]},"properties":{"udise":"23450502701","name":"PS SHER PAAR","state":"MADHYA PRADESH","district":"BALAGHAT","block":"PARASWADA","indicator":"girls_toilet_nonfunctional"}},{"type":"Feature","geometry":{"type":"Point","coordinates":[79.96198,21.79422]},"properties":{"udise":"23450709502","name":"JBPS BUD BUDA","state":"MADHYA PRADESH","district":"BALAGHAT","block":"WARA SEONI","indicator":"girls_toilet_nonfunctional"}},{"type":"Feature","geometry":{"type":"Point","coordinates":[80.79378,21.85692]},"properties":{"udise":"23451010801","name":"PS BORI","state":"MADHYA PRADESH","district":"BALAGHAT","block":"BIRSA","indicator":"girls_toilet_nonfunctional"}},{"type":"Feature","geometry":{"type":"Point","coordinates":[79.81574,21.78489]},"properties":{"udise":"23450314002","name":"PS MANGOTOLA","state":"MADHYA PRADESH","district":"BALAGHAT","block":"KATANGI","indicator":"girls_toilet_nonfunctional"}},{"type":"Feature","geometry":{"type":"Point","coordinates":[80.12122,21.9309]},"properties":{"udise":"23450608601","name":"PS GANGATOLA","state":"MADHYA PRADESH","district":"BALAGHAT","block":"LAL BURRA","indicator":"girls_toilet_nonfunctional"}},{"type":"Feature","geometry":{"type":"Point","coordinates":[80.54392,22.00869]},"properties":{"udise":"23450920703","name":"MS PARSATOLA","state":"MADHYA PRADESH","district":"BALAGHAT","block":"BAIHAR","indicator":"girls_toilet_nonfunctional"}},{"type":"Feature","geometry":{"type":"Point","coordinates":[80.54597,21.50033]},"properties":{"udise":"23450801128","name":"UDAN 7 HABBITS SCHOOL LANJI","state":"MADHYA PRADESH","district":"BALAGHAT","block":"LANJI","indicator":"girls_toilet_nonfunctional"}},{"type":"Feature","geometry":{"type":"Point","coordinates":[79.81922,21.75183]},"properties":{"udise":"23450313603","name":"MS SELWA","state":"MADHYA PRADESH","district":"BALAGHAT","block":"KATANGI","indicator":"girls_toilet_nonfunctional"}},{"type":"Feature","geometry":{"type":"Point","coordinates":[80.61895,22.13735]},"properties":{"udise":"23450906401","name":"PS MOHGAON","state":"MADHYA PRADESH","district":"BALAGHAT","block":"BAIHAR","indicator":"girls_toilet_nonfunctional"}},{"type":"Feature","geometry":{"type":"Point","coordinates":[80.81256,22.02945]},"properties":{"udise":"23451005702","name":"PS MAHAJANTOLA","state":"MADHYA PRADESH","district":"BALAGHAT","block":"BIRSA","indicator":"girls_toilet_nonfunctional"}},{"type":"Feature","geometry":{"type":"Point","coordinates":[80.3532,21.83434]},"properties":{"udise":"23450128702","name":"PS SARRA","state":"MADHYA PRADESH","district":"BALAGHAT","block":"BALAGHAT","indicator":"girls_toilet_nonfunctional"}},{"type":"Feature","geometry":{"type":"Point","coordinates":[80.15578,21.81111]},"properties":{"udise":"23450616802","name":"PS GARRA DIPO","state":"MADHYA PRADESH","district":"BALAGHAT","block":"LAL BURRA","indicator":"girls_toilet_nonfunctional"}},{"type":"Feature","geometry":{"type":"Point","coordinates":[80.30018,21.85277]},"properties":{"udise":"23450104805","name":"PS SOMJITOLA","state":"MADHYA PRADESH","district":"BALAGHAT","block":"BALAGHAT","indicator":"girls_toilet_nonfunctional"}},{"type":"Feature","geometry":{"type":"Point","coordinates":[80.45534,21.43143]},"properties":{"udise":"23450806003","name":"PS BASTITOLA SINGOLA","state":"MADHYA PRADESH","district":"BALAGHAT","block":"LANJI","indicator":"girls_toilet_nonfunctional"}},{"type":"Feature","geometry":{"type":"Point","coordinates":[80.28758,21.74233]},"properties":{"udise":"23450111301","name":"PS TILPEWADA","state":"MADHYA PRADESH","district":"BALAGHAT","block":"BALAGHAT","indicator":"girls_toilet_nonfunctional"}},{"type":"Feature","geometry":{"type":"Point","coordinates":[80.57451,21.68449]},"properties":{"udise":"23451000403","name":"PS SARAD DADEKASA","state":"MADHYA PRADESH","district":"BALAGHAT","block":"BIRSA","indicator":"girls_toilet_nonfunctional"}},{"type":"Feature","geometry":{"type":"Point","coordinates":[80.75146,22.20439]},"properties":{"udise":"23450907103","name":"PS KOMO","state":"MADHYA PRADESH","district":"BALAGHAT","block":"BAIHAR","indicator":"girls_toilet_nonfunctional"}},{"type":"Feature","geometry":{"type":"Point","coordinates":[79.8539,21.82254]},"properties":{"udise":"23450315802","name":"MS BHAJIYAPAAR","state":"MADHYA PRADESH","district":"BALAGHAT","block":"KATANGI","indicator":"girls_toilet_nonfunctional"}},{"type":"Feature","geometry":{"type":"Point","coordinates":[80.05234,21.76601]},"properties":{"udise":"23450706715","name":"MS WARASIVNI W-5","state":"MADHYA PRADESH","district":"BALAGHAT","block":"WARA SEONI","indicator":"girls_toilet_nonfunctional"}},{"type":"Feature","geometry":{"type":"Point","coordinates":[80.45679,22.10993]},"properties":{"udise":"23450519401","name":"PS DADUTOLA","state":"MADHYA PRADESH","district":"BALAGHAT","block":"PARASWADA","indicator":"girls_toilet_nonfunctional"}},{"type":"Feature","geometry":{"type":"Point","coordinates":[80.13058,22.26175]},"properties":{"udise":"23450117903","name":"PS THAKURTOLA","state":"MADHYA PRADESH","district":"BALAGHAT","block":"BALAGHAT","indicator":"girls_toilet_nonfunctional"}},{"type":"Feature","geometry":{"type":"Point","coordinates":[80.1139,21.63492]},"properties":{"udise":"23450704909","name":"RIDDLE’S PUBLIC SCHOOL DONGARMALI","state":"MADHYA PRADESH","district":"BALAGHAT","block":"WARA SEONI","indicator":"girls_toilet_nonfunctional"}},{"type":"Feature","geometry":{"type":"Point","coordinates":[80.72582,22.10579]},"properties":{"udise":"23451014702","name":"PS BAIGATOLA","state":"MADHYA PRADESH","district":"BALAGHAT","block":"BIRSA","indicator":"girls_toilet_nonfunctional"}},{"type":"Feature","geometry":{"type":"Point","coordinates":[80.77548,21.86531]},"properties":{"udise":"23451011501","name":"PS DORLI","state":"MADHYA PRADESH","district":"BALAGHAT","block":"BIRSA","indicator":"girls_toilet_nonfunctional"}},{"type":"Feature","geometry":{"type":"Point","coordinates":[80.45069,21.63757]},"properties":{"udise":"23450211202","name":"MS KANDRAKALA","state":"MADHYA PRADESH","district":"BALAGHAT","block":"KIRNAPUR","indicator":"girls_toilet_nonfunctional"}},{"type":"Feature","geometry":{"type":"Point","coordinates":[80.86929,22.09254]},"properties":{"udise":"23451007102","name":"MS DEVGAON","state":"MADHYA PRADESH","district":"BALAGHAT","block":"BIRSA","indicator":"girls_toilet_nonfunctional"}},{"type":"Feature","geometry":{"type":"Point","coordinates":[80.45308,21.62849]},"properties":{"udise":"23450211502","name":"PS KODOBARRA","state":"MADHYA PRADESH","district":"BALAGHAT","block":"KIRNAPUR","indicator":"girls_toilet_nonfunctional"}},{"type":"Feature","geometry":{"type":"Point","coordinates":[80.46583,21.96745]},"properties":{"udise":"23450512102","name":"PS PANITOLA","state":"MADHYA PRADESH","district":"BALAGHAT","block":"PARASWADA","indicator":"girls_toilet_nonfunctional"}},{"type":"Feature","geometry":{"type":"Point","coordinates":[80.28731,21.7654]},"properties":{"udise":"23450112501","name":"PS GONDI TOLA","state":"MADHYA PRADESH","district":"BALAGHAT","block":"BALAGHAT","indicator":"girls_toilet_nonfunctional"}},{"type":"Feature","geometry":{"type":"Point","coordinates":[80.72426,21.81523]},"properties":{"udise":"23451020601","name":"PS DHANGATOLA","state":"MADHYA PRADESH","district":"BALAGHAT","block":"BIRSA","indicator":"girls_toilet_nonfunctional"}},{"type":"Feature","geometry":{"type":"Point","coordinates":[79.71367,21.69882]},"properties":{"udise":"23450301401","name":"PS HIRAPUR","state":"MADHYA PRADESH","district":"BALAGHAT","block":"KATANGI","indicator":"girls_toilet_nonfunctional"}},{"type":"Feature","geometry":{"type":"Point","coordinates":[80.84363,22.27768]},"properties":{"udise":"23450903902","name":"GM SSEMARKHERO","state":"MADHYA PRADESH","district":"BALAGHAT","block":"BAIHAR","indicator":"girls_toilet_nonfunctional"}},{"type":"Feature","geometry":{"type":"Point","coordinates":[79.55728,21.63239]},"properties":{"udise":"23450305801","name":"MS AGRI (PATHRAPETH)","state":"MADHYA PRADESH","district":"BALAGHAT","block":"KATANGI","indicator":"girls_toilet_nonfunctional"}},{"type":"Feature","geometry":{"type":"Point","coordinates":[80.39233,21.64689]},"properties":{"udise":"23450209802","name":"PS GONDITOLA RAMGADI","state":"MADHYA PRADESH","district":"BALAGHAT","block":"KIRNAPUR","indicator":"girls_toilet_nonfunctional"}},{"type":"Feature","geometry":{"type":"Point","coordinates":[80.38916,21.81608]},"properties":{"udise":"23450201502","name":"PS KOKRATOLA","state":"MADHYA PRADESH","district":"BALAGHAT","block":"KIRNAPUR","indicator":"girls_toilet_nonfunctional"}},{"type":"Feature","geometry":{"type":"Point","coordinates":[80.5842,21.45682]},"properties":{"udise":"23450122026","name":"ROYAL HARITAGE ENG SCH BALAGHAT","state":"MADHYA PRADESH","district":"BALAGHAT","block":"BALAGHAT","indicator":"girls_toilet_nonfunctional"}},{"type":"Feature","geometry":{"type":"Point","coordinates":[80.60579,22.05716]},"properties":{"udise":"23450902706","name":"HSS AAMGAON","state":"MADHYA PRADESH","district":"BALAGHAT","block":"BAIHAR","indicator":"girls_toilet_nonfunctional"}},{"type":"Feature","geometry":{"type":"Point","coordinates":[80.40203,21.82176]},"properties":{"udise":"23450201408","name":"PS IMLITOLA","state":"MADHYA PRADESH","district":"BALAGHAT","block":"KIRNAPUR","indicator":"girls_toilet_nonfunctional"}},{"type":"Feature","geometry":{"type":"Point","coordinates":[80.82907,22.33591]},"properties":{"udise":"23450913602","name":"MS DUDVA","state":"MADHYA PRADESH","district":"BALAGHAT","block":"BAIHAR","indicator":"girls_toilet_nonfunctional"}},{"type":"Feature","geometry":{"type":"Point","coordinates":[80.00765,21.73585]},"properties":{"udise":"23450713501","name":"PS MIRCHITOLA","state":"MADHYA PRADESH","district":"BALAGHAT","block":"WARA SEONI","indicator":"girls_toilet_nonfunctional"}},{"type":"Feature","geometry":{"type":"Point","coordinates":[80.657,21.877]},"properties":{"udise":"23450915401","name":"PS KUMRITOLA","state":"MADHYA PRADESH","district":"BALAGHAT","block":"BAIHAR","indicator":"girls_toilet_nonfunctional"}},{"type":"Feature","geometry":{"type":"Point","coordinates":[80.84082,22.34346]},"properties":{"udise":"23450913902","name":"PS DAHIYANTOLA","state":"MADHYA PRADESH","district":"BALAGHAT","block":"BAIHAR","indicator":"girls_toilet_nonfunctional"}},{"type":"Feature","geometry":{"type":"Point","coordinates":[80.14349,21.76847]},"properties":{"udise":"23450700703","name":"PS DADDUTOLA","state":"MADHYA PRADESH","district":"BALAGHAT","block":"WARA SEONI","indicator":"girls_toilet_nonfunctional"}},{"type":"Feature","geometry":{"type":"Point","coordinates":[79.92587,21.58779]},"properties":{"udise":"23450410002","name":"MS MOH GAON BEJU","state":"MADHYA PRADESH","district":"BALAGHAT","block":"KHAIRLANJI","indicator":"girls_toilet_nonfunctional"}},{"type":"Feature","geometry":{"type":"Point","coordinates":[80.31098,22.23562]},"properties":{"udise":"23450510502","name":"PS KANAI","state":"MADHYA PRADESH","district":"BALAGHAT","block":"PARASWADA","indicator":"girls_toilet_nonfunctional"}},{"type":"Feature","geometry":{"type":"Point","coordinates":[80.72116,21.83198]},"properties":{"udise":"23451013601","name":"PS BENDRAPANI","state":"MADHYA PRADESH","district":"BALAGHAT","block":"BIRSA","indicator":"girls_toilet_nonfunctional"}},{"type":"Feature","geometry":{"type":"Point","coordinates":[80.45781,21.58794]},"properties":{"udise":"23450216603","name":"MS DEVGAON","state":"MADHYA PRADESH","district":"BALAGHAT","block":"KIRNAPUR","indicator":"girls_toilet_nonfunctional"}},{"type":"Feature","geometry":{"type":"Point","coordinates":[80.32858,21.59319]},"properties":{"udise":"23450203401","name":"PS MURKUDA","state":"MADHYA PRADESH","district":"BALAGHAT","block":"KIRNAPUR","indicator":"girls_toilet_nonfunctional"}},{"type":"Feature","geometry":{"type":"Point","coordinates":[79.80078,21.77042]},"properties":{"udise":"23450312918","name":"HSS SHAKTI V.M. KATANGI","state":"MADHYA PRADESH","district":"BALAGHAT","block":"KATANGI","indicator":"girls_toilet_nonfunctional"}},{"type":"Feature","geometry":{"type":"Point","coordinates":[80.50495,21.47831]},"properties":{"udise":"23450812802","name":"PS DERAHTOLA KATANGI","state":"MADHYA PRADESH","district":"BALAGHAT","block":"LANJI","indicator":"girls_toilet_nonfunctional"}},{"type":"Feature","geometry":{"type":"Point","coordinates":[80.03399,21.67655]},"properties":{"udise":"23450711002","name":"PS CHHATARPUR TOLA","state":"MADHYA PRADESH","district":"BALAGHAT","block":"WARA SEONI","indicator":"girls_toilet_nonfunctional"}},{"type":"Feature","geometry":{"type":"Point","coordinates":[80.80316,21.9658]},"properties":{"udise":"23451015801","name":"PS MUNDATOLA","state":"MADHYA PRADESH","district":"BALAGHAT","block":"BIRSA","indicator":"girls_toilet_nonfunctional"}},{"type":"Feature","geometry":{"type":"Point","coordinates":[79.65644,21.59809]},"properties":{"udise":"23450302902","name":"PS MAHKEPAR","state":"MADHYA PRADESH","district":"BALAGHAT","block":"KATANGI","indicator":"girls_toilet_nonfunctional"}},{"type":"Feature","geometry":{"type":"Point","coordinates":[79.89894,21.60154]},"properties":{"udise":"23450408001","name":"PS YENA GONDI","state":"MADHYA PRADESH","district":"BALAGHAT","block":"KHAIRLANJI","indicator":"girls_toilet_nonfunctional"}},{"type":"Feature","geometry":{"type":"Point","coordinates":[79.92267,21.94264]},"properties":{"udise":"23450609701","name":"PS CHIKHLA BADDI","state":"MADHYA PRADESH","district":"BALAGHAT","block":"LAL BURRA","indicator":"girls_toilet_nonfunctional"}},{"type":"Feature","geometry":{"type":"Point","coordinates":[79.95976,21.79506]},"properties":{"udise":"23450709501","name":"MS BUD BUDA","state":"MADHYA PRADESH","district":"BALAGHAT","block":"WARA SEONI","indicator":"girls_toilet_nonfunctional"}},{"type":"Feature","geometry":{"type":"Point","coordinates":[80.76287,22.08308]},"properties":{"udise":"23451018901","name":"PS JAISINGHTOLA","state":"MADHYA PRADESH","district":"BALAGHAT","block":"BIRSA","indicator":"girls_toilet_nonfunctional"}},{"type":"Feature","geometry":{"type":"Point","coordinates":[80.38774,21.60455]},"properties":{"udise":"23450205902","name":"PS KUMHARTOLA","state":"MADHYA PRADESH","district":"BALAGHAT","block":"KIRNAPUR","indicator":"girls_toilet_nonfunctional"}},{"type":"Feature","geometry":{"type":"Point","coordinates":[80.34243,21.54515]},"properties":{"udise":"23450215601","name":"PS NEELAGONDI","state":"MADHYA PRADESH","district":"BALAGHAT","block":"KIRNAPUR","indicator":"girls_toilet_nonfunctional"}},{"type":"Feature","geometry":{"type":"Point","coordinates":[79.77698,21.69207]},"properties":{"udise":"23450310801","name":"PS SONEGAON","state":"MADHYA PRADESH","district":"BALAGHAT","block":"KATANGI","indicator":"girls_toilet_nonfunctional"}},{"type":"Feature","geometry":{"type":"Point","coordinates":[80.28195,21.69149]},"properties":{"udise":"23450207201","name":"PS PATEL TOLA","state":"MADHYA PRADESH","district":"BALAGHAT","block":"KIRNAPUR","indicator":"girls_toilet_nonfunctional"}},{"type":"Feature","geometry":{"type":"Point","coordinates":[80.18642,21.80823]},"properties":{"udise":"23450403803","name":"MS PULPUTTA","state":"MADHYA PRADESH","district":"BALAGHAT","block":"KHAIRLANJI","indicator":"girls_toilet_nonfunctional"}},{"type":"Feature","geometry":{"type":"Point","coordinates":[79.62021,21.66618]},"properties":{"udise":"23450301803","name":"HS KOYLARI","state":"MADHYA PRADESH","district":"BALAGHAT","block":"KATANGI","indicator":"girls_toilet_nonfunctional"}},{"type":"Feature","geometry":{"type":"Point","coordinates":[80.51455,21.48785]},"properties":{"udise":"23450812803","name":"PS SADAKTOLA KATANGI","state":"MADHYA PRADESH","district":"BALAGHAT","block":"LANJI","indicator":"girls_toilet_nonfunctional"}},{"type":"Feature","geometry":{"type":"Point","coordinates":[80.00692,22.04636]},"properties":{"udise":"23450605703","name":"HS TENGNIKHURD","state":"MADHYA PRADESH","district":"BALAGHAT","block":"LAL BURRA","indicator":"girls_toilet_nonfunctional"}},{"type":"Feature","geometry":{"type":"Point","coordinates":[79.60764,21.62371]},"properties":{"udise":"23450303702","name":"PS KANHARGAON","state":"MADHYA PRADESH","district":"BALAGHAT","block":"KATANGI","indicator":"girls_toilet_nonfunctional"}},{"type":"Feature","geometry":{"type":"Point","coordinates":[80.28644,21.70544]},"properties":{"udise":"23450207001","name":"PS GUNAI","state":"MADHYA PRADESH","district":"BALAGHAT","block":"KIRNAPUR","indicator":"girls_toilet_nonfunctional"}},{"type":"Feature","geometry":{"type":"Point","coordinates":[80.0628,21.63773]},"properties":{"udise":"23450405701","name":"PS KATANGI","state":"MADHYA PRADESH","district":"BALAGHAT","block":"KHAIRLANJI","indicator":"girls_toilet_nonfunctional"}},{"type":"Feature","geometry":{"type":"Point","coordinates":[80.7916,21.9412]},"properties":{"udise":"23451016103","name":"MS AJGARA","state":"MADHYA PRADESH","district":"BALAGHAT","block":"BIRSA","indicator":"girls_toilet_nonfunctional"}},{"type":"Feature","geometry":{"type":"Point","coordinates":[79.8039,21.7725]},"properties":{"udise":"23450312915","name":"JAGRTI SHISHU SADAN KATANGI","state":"MADHYA PRADESH","district":"BALAGHAT","block":"KATANGI","indicator":"girls_toilet_nonfunctional"}},{"type":"Feature","geometry":{"type":"Point","coordinates":[80.8156,22.03283]},"properties":{"udise":"23451006301","name":"PS SUKTRA","state":"MADHYA PRADESH","district":"BALAGHAT","block":"BIRSA","indicator":"girls_toilet_nonfunctional"}},{"type":"Feature","geometry":{"type":"Point","coordinates":[80.07531,21.87292]},"properties":{"udise":"23450600702","name":"PS MARARITOLA NILJI","state":"MADHYA PRADESH","district":"BALAGHAT","block":"LAL BURRA","indicator":"girls_toilet_nonfunctional"}},{"type":"Feature","geometry":{"type":"Point","coordinates":[80.09582,21.59178]},"properties":{"udise":"23450405401","name":"PS FUTARA","state":"MADHYA PRADESH","district":"BALAGHAT","block":"KHAIRLANJI","indicator":"girls_toilet_nonfunctional"}},{"type":"Feature","geometry":{"type":"Point","coordinates":[80.7999,22.30758]},"properties":{"udise":"23450903602","name":"PS ALANA","state":"MADHYA PRADESH","district":"BALAGHAT","block":"BAIHAR","indicator":"girls_toilet_nonfunctional"}},{"type":"Feature","geometry":{"type":"Point","coordinates":[80.78115,21.82359]},"properties":{"udise":"23451008805","name":"PS BANIYATOLA","state":"MADHYA PRADESH","district":"BALAGHAT","block":"BIRSA","indicator":"girls_toilet_nonfunctional"}},{"type":"Feature","geometry":{"type":"Point","coordinates":[80.06014,22.0059]},"properties":{"udise":"23450617903","name":"CROWN INTERNATIONAL ACADEMY JAAM","state":"MADHYA PRADESH","district":"BALAGHAT","block":"LAL BURRA","indicator":"girls_toilet_nonfunctional"}},{"type":"Feature","geometry":{"type":"Point","coordinates":[80.55297,22.0371]},"properties":{"udise":"23450916001","name":"PS GOHARA","state":"MADHYA PRADESH","district":"BALAGHAT","block":"BAIHAR","indicator":"girls_toilet_nonfunctional"}},{"type":"Feature","geometry":{"type":"Point","coordinates":[80.83138,21.83024]},"properties":{"udise":"23451008501","name":"PS BHIMDONGARI","state":"MADHYA PRADESH","district":"BALAGHAT","block":"BIRSA","indicator":"girls_toilet_nonfunctional"}},{"type":"Feature","geometry":{"type":"Point","coordinates":[80.0381,21.94831]},"properties":{"udise":"23450614401","name":"PS OLIYA KANHAAR","state":"MADHYA PRADESH","district":"BALAGHAT","block":"LAL BURRA","indicator":"girls_toilet_nonfunctional"}},{"type":"Feature","geometry":{"type":"Point","coordinates":[79.91056,21.77167]},"properties":{"udise":"23450702201","name":"PS JADKHAREED","state":"MADHYA PRADESH","district":"BALAGHAT","block":"WARA SEONI","indicator":"girls_toilet_nonfunctional"}},{"type":"Feature","geometry":{"type":"Point","coordinates":[80.81828,22.02145]},"properties":{"udise":"23451005802","name":"MS DEVRIMETA","state":"MADHYA PRADESH","district":"BALAGHAT","block":"BIRSA","indicator":"girls_toilet_nonfunctional"}},{"type":"Feature","geometry":{"type":"Point","coordinates":[80.139,21.98392]},"properties":{"udise":"23450106501","name":"PS HIRMU TOLA","state":"MADHYA PRADESH","district":"BALAGHAT","block":"BALAGHAT","indicator":"girls_toilet_nonfunctional"}},{"type":"Feature","geometry":{"type":"Point","coordinates":[80.71592,22.06009]},"properties":{"udise":"23451012203","name":"PS CHARTOLA","state":"MADHYA PRADESH","district":"BALAGHAT","block":"BIRSA","indicator":"girls_toilet_nonfunctional"}},{"type":"Feature","geometry":{"type":"Point","coordinates":[80.33316,22.29012]},"properties":{"udise":"23450507001","name":"PS DANDAI JHOLA","state":"MADHYA PRADESH","district":"BALAGHAT","block":"PARASWADA","indicator":"girls_toilet_nonfunctional"}},{"type":"Feature","geometry":{"type":"Point","coordinates":[80.52241,21.54142]},"properties":{"udise":"23450214201","name":"PS KHOL MARA","state":"MADHYA PRADESH","district":"BALAGHAT","block":"KIRNAPUR","indicator":"girls_toilet_nonfunctional"}},{"type":"Feature","geometry":{"type":"Point","coordinates":[80.81648,21.78467]},"properties":{"udise":"23451007601","name":"PS MAJGAON","state":"MADHYA PRADESH","district":"BALAGHAT","block":"BIRSA","indicator":"girls_toilet_nonfunctional"}},{"type":"Feature","geometry":{"type":"Point","coordinates":[80.49292,21.4177]},"properties":{"udise":"23450805601","name":"PS BOTHALI","state":"MADHYA PRADESH","district":"BALAGHAT","block":"LANJI","indicator":"girls_toilet_nonfunctional"}},{"type":"Feature","geometry":{"type":"Point","coordinates":[79.92816,21.78662]},"properties":{"udise":"23450701301","name":"GKPS NATTHA TOLA","state":"MADHYA PRADESH","district":"BALAGHAT","block":"WARA SEONI","indicator":"girls_toilet_nonfunctional"}},{"type":"Feature","geometry":{"type":"Point","coordinates":[80.63897,21.54021]},"properties":{"udise":"23450810007","name":"PS BANJARTOLA","state":"MADHYA PRADESH","district":"BALAGHAT","block":"LANJI","indicator":"girls_toilet_nonfunctional"}},{"type":"Feature","geometry":{"type":"Point","coordinates":[80.09331,22.01769]},"properties":{"udise":"23450603603","name":"PS CHHINDLAITOLA","state":"MADHYA PRADESH","district":"BALAGHAT","block":"LAL BURRA","indicator":"girls_toilet_nonfunctional"}},{"type":"Feature","geometry":{"type":"Point","coordinates":[80.31162,21.58733]},"properties":{"udise":"23450203502","name":"PS PANGAON","state":"MADHYA PRADESH","district":"BALAGHAT","block":"KIRNAPUR","indicator":"girls_toilet_nonfunctional"}},{"type":"Feature","geometry":{"type":"Point","coordinates":[80.788,21.9317]},"properties":{"udise":"23451003001","name":"PS SUDINTOLA","state":"MADHYA PRADESH","district":"BALAGHAT","block":"BIRSA","indicator":"girls_toilet_nonfunctional"}},{"type":"Feature","geometry":{"type":"Point","coordinates":[80.39647,21.53518]},"properties":{"udise":"23450218101","name":"MS KANDRIKHURD","state":"MADHYA PRADESH","district":"BALAGHAT","block":"KIRNAPUR","indicator":"girls_toilet_nonfunctional"}},{"type":"Feature","geometry":{"type":"Point","coordinates":[80.40394,22.01352]},"properties":{"udise":"23450521402","name":"PS KAKAI TOLA","state":"MADHYA PRADESH","district":"BALAGHAT","block":"PARASWADA","indicator":"girls_toilet_nonfunctional"}},{"type":"Feature","geometry":{"type":"Point","coordinates":[79.92524,21.59095]},"properties":{"udise":"23450407701","name":"GPA SHRAVAN TOLA","state":"MADHYA PRADESH","district":"BALAGHAT","block":"KHAIRLANJI","indicator":"girls_toilet_nonfunctional"}},{"type":"Feature","geometry":{"type":"Point","coordinates":[80.48487,21.82423]},"properties":{"udise":"23450907502","name":"MS AMANALA","state":"MADHYA PRADESH","district":"BALAGHAT","block":"BAIHAR","indicator":"girls_toilet_nonfunctional"}},{"type":"Feature","geometry":{"type":"Point","coordinates":[80.77691,21.93504]},"properties":{"udise":"23451002702","name":"MS DOSHITOLA","state":"MADHYA PRADESH","district":"BALAGHAT","block":"BIRSA","indicator":"girls_toilet_nonfunctional"}},{"type":"Feature","geometry":{"type":"Point","coordinates":[79.59019,21.61414]},"properties":{"udise":"23450302501","name":"PS AMBEJHARI","state":"MADHYA PRADESH","district":"BALAGHAT","block":"KATANGI","indicator":"girls_toilet_nonfunctional"}},{"type":"Feature","geometry":{"type":"Point","coordinates":[79.92714,21.75169]},"properties":{"udise":"23450702301","name":"MS GATAPAYALI","state":"MADHYA PRADESH","district":"BALAGHAT","block":"WARA SEONI","indicator":"girls_toilet_nonfunctional"}},{"type":"Feature","geometry":{"type":"Point","coordinates":[80.82612,22.36946]},"properties":{"udise":"23450914402","name":"MS PANDUTLA","state":"MADHYA PRADESH","district":"BALAGHAT","block":"BAIHAR","indicator":"girls_toilet_nonfunctional"}},{"type":"Feature","geometry":{"type":"Point","coordinates":[80.43474,21.98653]},"properties":{"udise":"23450514701","name":"PS PINDE PAAR","state":"MADHYA PRADESH","district":"BALAGHAT","block":"PARASWADA","indicator":"girls_toilet_nonfunctional"}},{"type":"Feature","geometry":{"type":"Point","coordinates":[79.95391,21.668]},"properties":{"udise":"23450409802","name":"MS BHAJIYA DAND","state":"MADHYA PRADESH","district":"BALAGHAT","block":"KHAIRLANJI","indicator":"girls_toilet_nonfunctional"}},{"type":"Feature","geometry":{"type":"Point","coordinates":[80.52391,21.73883]},"properties":{"udise":"23451017102","name":"PS DODRATOLA","state":"MADHYA PRADESH","district":"BALAGHAT","block":"BIRSA","indicator":"girls_toilet_nonfunctional"}},{"type":"Feature","geometry":{"type":"Point","coordinates":[80.75457,21.98586]},"properties":{"udise":"23451003501","name":"PS KAINDATOLA","state":"MADHYA PRADESH","district":"BALAGHAT","block":"BIRSA","indicator":"girls_toilet_nonfunctional"}},{"type":"Feature","geometry":{"type":"Point","coordinates":[80.5772,21.81145]},"properties":{"udise":"23451021001","name":"PS GADHITOLA","state":"MADHYA PRADESH","district":"BALAGHAT","block":"BIRSA","indicator":"girls_toilet_nonfunctional"}},{"type":"Feature","geometry":{"type":"Point","coordinates":[80.47649,22.11701]},"properties":{"udise":"23450518301","name":"PS PATELTOLA","state":"MADHYA PRADESH","district":"BALAGHAT","block":"PARASWADA","indicator":"girls_toilet_nonfunctional"}},{"type":"Feature","geometry":{"type":"Point","coordinates":[80.31351,21.58775]},"properties":{"udise":"23450203501","name":"MS PANGAON","state":"MADHYA PRADESH","district":"BALAGHAT","block":"KIRNAPUR","indicator":"girls_toilet_nonfunctional"}},{"type":"Feature","geometry":{"type":"Point","coordinates":[79.62349,21.65503]},"properties":{"udise":"23450318802","name":"MS BANDAREV","state":"MADHYA PRADESH","district":"BALAGHAT","block":"KATANGI","indicator":"girls_toilet_nonfunctional"}},{"type":"Feature","geometry":{"type":"Point","coordinates":[80.58824,22.00965]},"properties":{"udise":"23450911101","name":"PS CHARTOLA","state":"MADHYA PRADESH","district":"BALAGHAT","block":"BAIHAR","indicator":"girls_toilet_nonfunctional"}},{"type":"Feature","geometry":{"type":"Point","coordinates":[80.45156,22.18898]},"properties":{"udise":"23450534001","name":"PS GOLARTOLA","state":"MADHYA PRADESH","district":"BALAGHAT","block":"PARASWADA","indicator":"girls_toilet_nonfunctional"}},{"type":"Feature","geometry":{"type":"Point","coordinates":[80.42995,22.03718]},"properties":{"udise":"23450517001","name":"PS NAAG JHOLA","state":"MADHYA PRADESH","district":"BALAGHAT","block":"PARASWADA","indicator":"girls_toilet_nonfunctional"}},{"type":"Feature","geometry":{"type":"Point","coordinates":[79.96247,21.57822]},"properties":{"udise":"23450404801","name":"PS JAGAN TOLA TEMNI","state":"MADHYA PRADESH","district":"BALAGHAT","block":"KHAIRLANJI","indicator":"girls_toilet_nonfunctional"}},{"type":"Feature","geometry":{"type":"Point","coordinates":[80.44228,21.62971]},"properties":{"udise":"23450211301","name":"PS CHATRU TOLA","state":"MADHYA PRADESH","district":"BALAGHAT","block":"KIRNAPUR","indicator":"girls_toilet_nonfunctional"}},{"type":"Feature","geometry":{"type":"Point","coordinates":[80.69169,22.04859]},"properties":{"udise":"23451022202","name":"MS POUNI","state":"MADHYA PRADESH","district":"BALAGHAT","block":"BIRSA","indicator":"girls_toilet_nonfunctional"}},{"type":"Feature","geometry":{"type":"Point","coordinates":[80.07119,21.84087]},"properties":{"udise":"23450601501","name":"PS PUJAARITOLA","state":"MADHYA PRADESH","district":"BALAGHAT","block":"LAL BURRA","indicator":"girls_toilet_nonfunctional"}},{"type":"Feature","geometry":{"type":"Point","coordinates":[80.8156,22.32108]},"properties":{"udise":"23450920702","name":"PS PARSATOLA","state":"MADHYA PRADESH","district":"BALAGHAT","block":"BAIHAR","indicator":"girls_toilet_nonfunctional"}},{"type":"Feature","geometry":{"type":"Point","coordinates":[80.11588,22.11198]},"properties":{"udise":"23450114602","name":"MS ATRI","state":"MADHYA PRADESH","district":"BALAGHAT","block":"BALAGHAT","indicator":"girls_toilet_nonfunctional"}},{"type":"Feature","geometry":{"type":"Point","coordinates":[80.93986,22.26538]},"properties":{"udise":"23450909605","name":"PS KATANGI","state":"MADHYA PRADESH","district":"BALAGHAT","block":"BAIHAR","indicator":"girls_toilet_nonfunctional"}},{"type":"Feature","geometry":{"type":"Point","coordinates":[80.12718,22.30807]},"properties":{"udise":"23450118501","name":"PS GWARI TOLA","state":"MADHYA PRADESH","district":"BALAGHAT","block":"BALAGHAT","indicator":"girls_toilet_nonfunctional"}},{"type":"Feature","geometry":{"type":"Point","coordinates":[80.23549,21.69852]},"properties":{"udise":"23450701107","name":"HSS KOCHEWAHI-16","state":"MADHYA PRADESH","district":"BALAGHAT","block":"WARA SEONI","indicator":"girls_toilet_nonfunctional"}},{"type":"Feature","geometry":{"type":"Point","coordinates":[80.14237,21.79313]},"properties":{"udise":"23450700701","name":"MS EKODI","state":"MADHYA PRADESH","district":"BALAGHAT","block":"WARA SEONI","indicator":"girls_toilet_nonfunctional"}},{"type":"Feature","geometry":{"type":"Point","coordinates":[80.54593,21.50044]},"properties":{"udise":"23450801125","name":"HS GIRLS LANJI 13-14","state":"MADHYA PRADESH","district":"BALAGHAT","block":"LANJI","indicator":"girls_toilet_nonfunctional"}},{"type":"Feature","geometry":{"type":"Point","coordinates":[80.45724,22.25515]},"properties":{"udise":"23450520902","name":"PS PATEL TOLA","state":"MADHYA PRADESH","district":"BALAGHAT","block":"PARASWADA","indicator":"girls_toilet_nonfunctional"}},{"type":"Feature","geometry":{"type":"Point","coordinates":[80.4854,21.49781]},"properties":{"udise":"23450803003","name":"PS BAJARTOLA KALPATHRI","state":"MADHYA PRADESH","district":"BALAGHAT","block":"LANJI","indicator":"girls_toilet_nonfunctional"}},{"type":"Feature","geometry":{"type":"Point","coordinates":[80.57985,21.53729]},"properties":{"udise":"23451000803","name":"MS LAFRA","state":"MADHYA PRADESH","district":"BALAGHAT","block":"BIRSA","indicator":"girls_toilet_nonfunctional"}},{"type":"Feature","geometry":{"type":"Point","coordinates":[80.22444,21.74508]},"properties":{"udise":"23450102601","name":"PS PENDRI","state":"MADHYA PRADESH","district":"BALAGHAT","block":"BALAGHAT","indicator":"girls_toilet_nonfunctional"}},{"type":"Feature","geometry":{"type":"Point","coordinates":[79.90156,21.69632]},"properties":{"udise":"23450402201","name":"PS JAAM KHARI","state":"MADHYA PRADESH","district":"BALAGHAT","block":"KHAIRLANJI","indicator":"girls_toilet_nonfunctional"}},{"type":"Feature","geometry":{"type":"Point","coordinates":[80.56673,21.99764]},"properties":{"udise":"23450901201","name":"PS KARWAAHI","state":"MADHYA PRADESH","district":"BALAGHAT","block":"BAIHAR","indicator":"girls_toilet_nonfunctional"}},{"type":"Feature","geometry":{"type":"Point","coordinates":[79.89185,21.71614]},"properties":{"udise":"23450402501","name":"PS CHICHTOLA","state":"MADHYA PRADESH","district":"BALAGHAT","block":"KHAIRLANJI","indicator":"girls_toilet_nonfunctional"}},{"type":"Feature","geometry":{"type":"Point","coordinates":[80.11063,22.03838]},"properties":{"udise":"23450105501","name":"PS CHACHRI","state":"MADHYA PRADESH","district":"BALAGHAT","block":"BALAGHAT","indicator":"girls_toilet_nonfunctional"}},{"type":"Feature","geometry":{"type":"Point","coordinates":[80.59031,21.52748]},"properties":{"udise":"23450804202","name":"MS POUSERA","state":"MADHYA PRADESH","district":"BALAGHAT","block":"LANJI","indicator":"girls_toilet_nonfunctional"}},{"type":"Feature","geometry":{"type":"Point","coordinates":[80.85282,22.36915]},"properties":{"udise":"23450913901","name":"PS HATTA","state":"MADHYA PRADESH","district":"BALAGHAT","block":"BAIHAR","indicator":"girls_toilet_nonfunctional"}},{"type":"Feature","geometry":{"type":"Point","coordinates":[80.0325,21.9166]},"properties":{"udise":"23450615107","name":"GYAN JYOTI BORI","state":"MADHYA PRADESH","district":"BALAGHAT","block":"LAL BURRA","indicator":"girls_toilet_nonfunctional"}},{"type":"Feature","geometry":{"type":"Point","coordinates":[80.59997,21.53867]},"properties":{"udise":"23450804204","name":"PS DALKHAPOUSERA","state":"MADHYA PRADESH","district":"BALAGHAT","block":"LANJI","indicator":"girls_toilet_nonfunctional"}},{"type":"Feature","geometry":{"type":"Point","coordinates":[80.26666,21.74686]},"properties":{"udise":"23450111102","name":"MS KHAIRGAON","state":"MADHYA PRADESH","district":"BALAGHAT","block":"BALAGHAT","indicator":"girls_toilet_nonfunctional"}},{"type":"Feature","geometry":{"type":"Point","coordinates":[80.81507,21.83232]},"properties":{"udise":"23451024701","name":"PS DONGARIYA","state":"MADHYA PRADESH","district":"BALAGHAT","block":"BIRSA","indicator":"girls_toilet_nonfunctional"}},{"type":"Feature","geometry":{"type":"Point","coordinates":[80.04197,21.66584]},"properties":{"udise":"23450405802","name":"MS PIPARIYA","state":"MADHYA PRADESH","district":"BALAGHAT","block":"KHAIRLANJI","indicator":"girls_toilet_nonfunctional"}},{"type":"Feature","geometry":{"type":"Point","coordinates":[80.49661,21.53931]},"properties":{"udise":"23450807801","name":"PS CHHERKA TOLA","state":"MADHYA PRADESH","district":"BALAGHAT","block":"LANJI","indicator":"girls_toilet_nonfunctional"}},{"type":"Feature","geometry":{"type":"Point","coordinates":[80.42684,21.70916]},"properties":{"udise":"23450220801","name":"PS NANDORA JSK MATE","state":"MADHYA PRADESH","district":"BALAGHAT","block":"KIRNAPUR","indicator":"girls_toilet_nonfunctional"}},{"type":"Feature","geometry":{"type":"Point","coordinates":[80.02578,21.90268]},"properties":{"udise":"23450607502","name":"HSS DIVYA SHANTINIKETAN BALHARPUR","state":"MADHYA PRADESH","district":"BALAGHAT","block":"LAL BURRA","indicator":"girls_toilet_nonfunctional"}},{"type":"Feature","geometry":{"type":"Point","coordinates":[79.90253,21.60086]},"properties":{"udise":"23450410701","name":"MS BHANDAAR BODI","state":"MADHYA PRADESH","district":"BALAGHAT","block":"KHAIRLANJI","indicator":"girls_toilet_nonfunctional"}},{"type":"Feature","geometry":{"type":"Point","coordinates":[80.18455,21.81578]},"properties":{"udise":"23450401107","name":"HSS AMAI 13-14","state":"MADHYA PRADESH","district":"BALAGHAT","block":"KHAIRLANJI","indicator":"girls_toilet_nonfunctional"}},{"type":"Feature","geometry":{"type":"Point","coordinates":[80.1357,22.1134]},"properties":{"udise":"23450115203","name":"SARSWATI SHISHU MANDIR MOURIYA","state":"MADHYA PRADESH","district":"BALAGHAT","block":"BALAGHAT","indicator":"girls_toilet_nonfunctional"}},{"type":"Feature","geometry":{"type":"Point","coordinates":[80.40476,21.72601]},"properties":{"udise":"23450203903","name":"PS HUDDUTOLA","state":"MADHYA PRADESH","district":"BALAGHAT","block":"KIRNAPUR","indicator":"girls_toilet_nonfunctional"}},{"type":"Feature","geometry":{"type":"Point","coordinates":[80.82957,21.92945]},"properties":{"udise":"23451016401","name":"PS BEEJATOLA RELWAHI","state":"MADHYA PRADESH","district":"BALAGHAT","block":"BIRSA","indicator":"girls_toilet_nonfunctional"}},{"type":"Feature","geometry":{"type":"Point","coordinates":[79.66998,21.74284]},"properties":{"udise":"23450315101","name":"PS JOGA TOLA","state":"MADHYA PRADESH","district":"BALAGHAT","block":"KATANGI","indicator":"girls_toilet_nonfunctional"}},{"type":"Feature","geometry":{"type":"Point","coordinates":[79.82131,21.79741]},"properties":{"udise":"23450312501","name":"PS SINGODI","state":"MADHYA PRADESH","district":"BALAGHAT","block":"KATANGI","indicator":"girls_toilet_nonfunctional"}},{"type":"Feature","geometry":{"type":"Point","coordinates":[80.77403,22.26369]},"properties":{"udise":"23450903804","name":"PS SANTANTOLA","state":"MADHYA PRADESH","district":"BALAGHAT","block":"BAIHAR","indicator":"girls_toilet_nonfunctional"}},{"type":"Feature","geometry":{"type":"Point","coordinates":[80.57426,22.10097]},"properties":{"udise":"23450909902","name":"MS KOHKA","state":"MADHYA PRADESH","district":"BALAGHAT","block":"BAIHAR","indicator":"girls_toilet_nonfunctional"}},{"type":"Feature","geometry":{"type":"Point","coordinates":[80.4739,21.8414]},"properties":{"udise":"23450907701","name":"PS BODKHI","state":"MADHYA PRADESH","district":"BALAGHAT","block":"BAIHAR","indicator":"girls_toilet_nonfunctional"}},{"type":"Feature","geometry":{"type":"Point","coordinates":[80.49804,21.46812]},"properties":{"udise":"23450812501","name":"PS BHAWANITOLA","state":"MADHYA PRADESH","district":"BALAGHAT","block":"LANJI","indicator":"girls_toilet_nonfunctional"}},{"type":"Feature","geometry":{"type":"Point","coordinates":[80.08648,21.99456]},"properties":{"udise":"23450603801","name":"PS BABARIYATOLA","state":"MADHYA PRADESH","district":"BALAGHAT","block":"LAL BURRA","indicator":"girls_toilet_nonfunctional"}},{"type":"Feature","geometry":{"type":"Point","coordinates":[80.78728,22.28889]},"properties":{"udise":"23450903805","name":"PS CHUCHURANGPUR","state":"MADHYA PRADESH","district":"BALAGHAT","block":"BAIHAR","indicator":"girls_toilet_nonfunctional"}},{"type":"Feature","geometry":{"type":"Point","coordinates":[80.55258,21.98652]},"properties":{"udise":"23450900505","name":"PS MARARITOLA","state":"MADHYA PRADESH","district":"BALAGHAT","block":"BAIHAR","indicator":"girls_toilet_nonfunctional"}},{"type":"Feature","geometry":{"type":"Point","coordinates":[80.39812,21.54853]},"properties":{"udise":"23450220702","name":"PS GONDITOLA PARDI","state":"MADHYA PRADESH","district":"BALAGHAT","block":"KIRNAPUR","indicator":"girls_toilet_nonfunctional"}},{"type":"Feature","geometry":{"type":"Point","coordinates":[80.6968,21.79473]},"properties":{"udise":"23451020201","name":"PS KOMO","state":"MADHYA PRADESH","district":"BALAGHAT","block":"BIRSA","indicator":"girls_toilet_nonfunctional"}},{"type":"Feature","geometry":{"type":"Point","coordinates":[80.36527,21.58245]},"properties":{"udise":"23450205901","name":"PS KANHARTOLA (BINORA)","state":"MADHYA PRADESH","district":"BALAGHAT","block":"KIRNAPUR","indicator":"girls_toilet_nonfunctional"}},{"type":"Feature","geometry":{"type":"Point","coordinates":[80.5851,21.87994]},"properties":{"udise":"23450909002","name":"MS NAVHAI","state":"MADHYA PRADESH","district":"BALAGHAT","block":"BAIHAR","indicator":"girls_toilet_nonfunctional"}},{"type":"Feature","geometry":{"type":"Point","coordinates":[79.66905,21.58761]},"properties":{"udise":"23450304102","name":"MS MASULKHAPA 13-14","state":"MADHYA PRADESH","district":"BALAGHAT","block":"KATANGI","indicator":"girls_toilet_nonfunctional"}},{"type":"Feature","geometry":{"type":"Point","coordinates":[80.00303,21.55818]},"properties":{"udise":"23450400101","name":"MS SAVRI","state":"MADHYA PRADESH","district":"BALAGHAT","block":"KHAIRLANJI","indicator":"girls_toilet_nonfunctional"}},{"type":"Feature","geometry":{"type":"Point","coordinates":[80.5307,21.46778]},"properties":{"udise":"23450800104","name":"MS KALIMATI","state":"MADHYA PRADESH","district":"BALAGHAT","block":"LANJI","indicator":"girls_toilet_nonfunctional"}},{"type":"Feature","geometry":{"type":"Point","coordinates":[80.54726,21.42766]},"properties":{"udise":"23450808301","name":"PS BIRANPUR","state":"MADHYA PRADESH","district":"BALAGHAT","block":"LANJI","indicator":"girls_toilet_nonfunctional"}},{"type":"Feature","geometry":{"type":"Point","coordinates":[80.27122,21.80307]},"properties":{"udise":"23450123104","name":"PS AWAS TOLA","state":"MADHYA PRADESH","district":"BALAGHAT","block":"BALAGHAT","indicator":"girls_toilet_nonfunctional"}},{"type":"Feature","geometry":{"type":"Point","coordinates":[80.69876,22.11326]},"properties":{"udise":"23451013904","name":"PS TIMKITOLA","state":"MADHYA PRADESH","district":"BALAGHAT","block":"BIRSA","indicator":"girls_toilet_nonfunctional"}},{"type":"Feature","geometry":{"type":"Point","coordinates":[80.08779,21.70443]},"properties":{"udise":"23450711301","name":"PS SAIJATOLA","state":"MADHYA PRADESH","district":"BALAGHAT","block":"WARA SEONI","indicator":"girls_toilet_nonfunctional"}},{"type":"Feature","geometry":{"type":"Point","coordinates":[80.43547,21.60206]},"properties":{"udise":"23450212203","name":"PS MADGHOTOLA","state":"MADHYA PRADESH","district":"BALAGHAT","block":"KIRNAPUR","indicator":"girls_toilet_nonfunctional"}},{"type":"Feature","geometry":{"type":"Point","coordinates":[80.59781,21.88843]},"properties":{"udise":"23450909101","name":"PS TABLUTOLA","state":"MADHYA PRADESH","district":"BALAGHAT","block":"BAIHAR","indicator":"girls_toilet_nonfunctional"}},{"type":"Feature","geometry":{"type":"Point","coordinates":[80.13472,22.21008]},"properties":{"udise":"23450118701","name":"PS BAIGATOLA JSK CHANOTOLA","state":"MADHYA PRADESH","district":"BALAGHAT","block":"BALAGHAT","indicator":"girls_toilet_nonfunctional"}},{"type":"Feature","geometry":{"type":"Point","coordinates":[80.23397,21.82478]},"properties":{"udise":"23450101901","name":"PS GONDITOLA (BHARWELI)","state":"MADHYA PRADESH","district":"BALAGHAT","block":"BALAGHAT","indicator":"girls_toilet_nonfunctional"}},{"type":"Feature","geometry":{"type":"Point","coordinates":[80.81396,21.9094]},"properties":{"udise":"23451012403","name":"PS CHOTE PARSAHI","state":"MADHYA PRADESH","district":"BALAGHAT","block":"BIRSA","indicator":"girls_toilet_nonfunctional"}},{"type":"Feature","geometry":{"type":"Point","coordinates":[79.59129,21.61507]},"properties":{"udise":"23450302502","name":"MS AMBEJHARI","state":"MADHYA PRADESH","district":"BALAGHAT","block":"KATANGI","indicator":"girls_toilet_nonfunctional"}},{"type":"Feature","geometry":{"type":"Point","coordinates":[80.46776,21.85784]},"properties":{"udise":"23450908202","name":"PS DHIYANTOLA","state":"MADHYA PRADESH","district":"BALAGHAT","block":"BAIHAR","indicator":"girls_toilet_nonfunctional"}},{"type":"Feature","geometry":{"type":"Point","coordinates":[80.14115,21.9464]},"properties":{"udise":"23450106201","name":"PS THAKURTOLA","state":"MADHYA PRADESH","district":"BALAGHAT","block":"BALAGHAT","indicator":"girls_toilet_nonfunctional"}},{"type":"Feature","geometry":{"type":"Point","coordinates":[80.36548,21.59391]},"properties":{"udise":"23450205802","name":"MS BINORA","state":"MADHYA PRADESH","district":"BALAGHAT","block":"KIRNAPUR","indicator":"girls_toilet_nonfunctional"}},{"type":"Feature","geometry":{"type":"Point","coordinates":[80.64346,21.90584]},"properties":{"udise":"23450918201","name":"PS DEVDONGRI KANDAI","state":"MADHYA PRADESH","district":"BALAGHAT","block":"BAIHAR","indicator":"girls_toilet_nonfunctional"}},{"type":"Feature","geometry":{"type":"Point","coordinates":[80.84423,21.97698]},"properties":{"udise":"23451004901","name":"PS MUNDGHUSRI","state":"MADHYA PRADESH","district":"BALAGHAT","block":"BIRSA","indicator":"girls_toilet_nonfunctional"}},{"type":"Feature","geometry":{"type":"Point","coordinates":[80.8367,22.05373]},"properties":{"udise":"23451023401","name":"PS KABRATOLA","state":"MADHYA PRADESH","district":"BALAGHAT","block":"BIRSA","indicator":"girls_toilet_nonfunctional"}},{"type":"Feature","geometry":{"type":"Point","coordinates":[80.24136,21.65314]},"properties":{"udise":"23450217002","name":"PS MANGOLIKALA","state":"MADHYA PRADESH","district":"BALAGHAT","block":"KIRNAPUR","indicator":"girls_toilet_nonfunctional"}},{"type":"Feature","geometry":{"type":"Point","coordinates":[80.24398,21.8099]},"properties":{"udise":"23450102201","name":"PS MARAAR TOLA(BAGDAR)","state":"MADHYA PRADESH","district":"BALAGHAT","block":"BALAGHAT","indicator":"girls_toilet_nonfunctional"}},{"type":"Feature","geometry":{"type":"Point","coordinates":[80.45418,22.21075]},"properties":{"udise":"23450510506","name":"PS BAJRUTOLA","state":"MADHYA PRADESH","district":"BALAGHAT","block":"PARASWADA","indicator":"girls_toilet_nonfunctional"}},{"type":"Feature","geometry":{"type":"Point","coordinates":[80.4514,21.6063]},"properties":{"udise":"23450211802","name":"MS JAMDIMETA","state":"MADHYA PRADESH","district":"BALAGHAT","block":"KIRNAPUR","indicator":"girls_toilet_nonfunctional"}},{"type":"Feature","geometry":{"type":"Point","coordinates":[80.82188,22.31963]},"properties":{"udise":"23450913501","name":"PS PARSAMU","state":"MADHYA PRADESH","district":"BALAGHAT","block":"BAIHAR","indicator":"girls_toilet_nonfunctional"}},{"type":"Feature","geometry":{"type":"Point","coordinates":[80.58627,21.60584]},"properties":{"udise":"23451000101","name":"PS CHOURIYA","state":"MADHYA PRADESH","district":"BALAGHAT","block":"BIRSA","indicator":"girls_toilet_nonfunctional"}},{"type":"Feature","geometry":{"type":"Point","coordinates":[80.12732,22.26918]},"properties":{"udise":"23450118903","name":"PS HIRMANTOLA","state":"MADHYA PRADESH","district":"BALAGHAT","block":"BALAGHAT","indicator":"girls_toilet_nonfunctional"}},{"type":"Feature","geometry":{"type":"Point","coordinates":[80.12539,22.06285]},"properties":{"udise":"23450105103","name":"PS SEETADONGRI","state":"MADHYA PRADESH","district":"BALAGHAT","block":"BALAGHAT","indicator":"girls_toilet_nonfunctional"}},{"type":"Feature","geometry":{"type":"Point","coordinates":[80.8294,21.92966]},"properties":{"udise":"23451016404","name":"MS BEEJA TOLA RELWAHI","state":"MADHYA PRADESH","district":"BALAGHAT","block":"BIRSA","indicator":"girls_toilet_nonfunctional"}},{"type":"Feature","geometry":{"type":"Point","coordinates":[80.16462,21.9417]},"properties":{"udise":"23450107901","name":"PS DUGLAI","state":"MADHYA PRADESH","district":"BALAGHAT","block":"BALAGHAT","indicator":"girls_toilet_nonfunctional"}},{"type":"Feature","geometry":{"type":"Point","coordinates":[79.94034,21.7331]},"properties":{"udise":"23450711901","name":"PS ANSERA","state":"MADHYA PRADESH","district":"BALAGHAT","block":"WARA SEONI","indicator":"girls_toilet_nonfunctional"}},{"type":"Feature","geometry":{"type":"Point","coordinates":[79.74311,21.7882]},"properties":{"udise":"23450305601","name":"PS NAHAR TOLA KAMTHHI","state":"MADHYA PRADESH","district":"BALAGHAT","block":"KATANGI","indicator":"girls_toilet_nonfunctional"}},{"type":"Feature","geometry":{"type":"Point","coordinates":[80.44238,21.51274]},"properties":{"udise":"23450812301","name":"PS CHURLI","state":"MADHYA PRADESH","district":"BALAGHAT","block":"LANJI","indicator":"girls_toilet_nonfunctional"}},{"type":"Feature","geometry":{"type":"Point","coordinates":[80.80385,22.25237]},"properties":{"udise":"23450910601","name":"PS NIVAS","state":"MADHYA PRADESH","district":"BALAGHAT","block":"BAIHAR","indicator":"girls_toilet_nonfunctional"}},{"type":"Feature","geometry":{"type":"Point","coordinates":[80.45677,21.64536]},"properties":{"udise":"23450211602","name":"PS AALITOLA","state":"MADHYA PRADESH","district":"BALAGHAT","block":"KIRNAPUR","indicator":"girls_toilet_nonfunctional"}},{"type":"Feature","geometry":{"type":"Point","coordinates":[80.12397,22.20041]},"properties":{"udise":"23450112401","name":"PS MAHKAPATA","state":"MADHYA PRADESH","district":"BALAGHAT","block":"BALAGHAT","indicator":"girls_toilet_nonfunctional"}},{"type":"Feature","geometry":{"type":"Point","coordinates":[80.5324,21.86981]},"properties":{"udise":"23450908901","name":"PS HARRATOLA","state":"MADHYA PRADESH","district":"BALAGHAT","block":"BAIHAR","indicator":"girls_toilet_nonfunctional"}},{"type":"Feature","geometry":{"type":"Point","coordinates":[80.87024,22.07823]},"properties":{"udise":"23451023801","name":"PS BANDHANKHERO","state":"MADHYA PRADESH","district":"BALAGHAT","block":"BIRSA","indicator":"girls_toilet_nonfunctional"}},{"type":"Feature","geometry":{"type":"Point","coordinates":[80.32606,21.76358]},"properties":{"udise":"23450112001","name":"PS TIVDI KHURD","state":"MADHYA PRADESH","district":"BALAGHAT","block":"BALAGHAT","indicator":"girls_toilet_nonfunctional"}},{"type":"Feature","geometry":{"type":"Point","coordinates":[80.06286,21.71986]},"properties":{"udise":"23450711501","name":"PS THAANE GAON","state":"MADHYA PRADESH","district":"BALAGHAT","block":"WARA SEONI","indicator":"girls_toilet_nonfunctional"}},{"type":"Feature","geometry":{"type":"Point","coordinates":[80.71925,21.77258]},"properties":{"udise":"23451019404","name":"MS MACHHURDA","state":"MADHYA PRADESH","district":"BALAGHAT","block":"BIRSA","indicator":"girls_toilet_nonfunctional"}},{"type":"Feature","geometry":{"type":"Point","coordinates":[79.7472,21.75974]},"properties":{"udise":"23450304801","name":"PS CHAMBOTOLA","state":"MADHYA PRADESH","district":"BALAGHAT","block":"KATANGI","indicator":"girls_toilet_nonfunctional"}},{"type":"Feature","geometry":{"type":"Point","coordinates":[80.42487,21.96774]},"properties":{"udise":"23450511401","name":"PS GODRI TOLA","state":"MADHYA PRADESH","district":"BALAGHAT","block":"PARASWADA","indicator":"girls_toilet_nonfunctional"}},{"type":"Feature","geometry":{"type":"Point","coordinates":[80.84911,21.98071]},"properties":{"udise":"23451026901","name":"PS BANDHATOLA","state":"MADHYA PRADESH","district":"BALAGHAT","block":"BIRSA","indicator":"girls_toilet_nonfunctional"}},{"type":"Feature","geometry":{"type":"Point","coordinates":[80.66629,22.02715]},"properties":{"udise":"23451021901","name":"PS KOHKATOLA","state":"MADHYA PRADESH","district":"BALAGHAT","block":"BIRSA","indicator":"girls_toilet_nonfunctional"}},{"type":"Feature","geometry":{"type":"Point","coordinates":[80.37216,21.7205]},"properties":{"udise":"23450205001","name":"PS PARTI TOLA","state":"MADHYA PRADESH","district":"BALAGHAT","block":"KIRNAPUR","indicator":"girls_toilet_nonfunctional"}},{"type":"Feature","geometry":{"type":"Point","coordinates":[80.32837,21.68845]},"properties":{"udise":"23450205401","name":"PS RATTA PAYALI","state":"MADHYA PRADESH","district":"BALAGHAT","block":"KIRNAPUR","indicator":"girls_toilet_nonfunctional"}},{"type":"Feature","geometry":{"type":"Point","coordinates":[80.32698,21.69332]},"properties":{"udise":"23450205403","name":"MS RATTAPAYLI","state":"MADHYA PRADESH","district":"BALAGHAT","block":"KIRNAPUR","indicator":"girls_toilet_nonfunctional"}},{"type":"Feature","geometry":{"type":"Point","coordinates":[80.48178,21.58688]},"properties":{"udise":"23450212402","name":"PS SIRKA","state":"MADHYA PRADESH","district":"BALAGHAT","block":"KIRNAPUR","indicator":"girls_toilet_nonfunctional"}},{"type":"Feature","geometry":{"type":"Point","coordinates":[80.35674,22.16293]},"properties":{"udise":"23450503201","name":"PS PATORA","state":"MADHYA PRADESH","district":"BALAGHAT","block":"PARASWADA","indicator":"girls_toilet_nonfunctional"}},{"type":"Feature","geometry":{"type":"Point","coordinates":[80.12706,21.89967]},"properties":{"udise":"23450611201","name":"PS KHONGA TOLA","state":"MADHYA PRADESH","district":"BALAGHAT","block":"LAL BURRA","indicator":"girls_toilet_nonfunctional"}},{"type":"Feature","geometry":{"type":"Point","coordinates":[80.20977,21.6723]},"properties":{"udise":"23450217404","name":"PS KHARA HINDI MEDIUM","state":"MADHYA PRADESH","district":"BALAGHAT","block":"KIRNAPUR","indicator":"girls_toilet_nonfunctional"}},{"type":"Feature","geometry":{"type":"Point","coordinates":[79.87667,21.69637]},"properties":{"udise":"23450408401","name":"MS MANGLE GAON","state":"MADHYA PRADESH","district":"BALAGHAT","block":"KHAIRLANJI","indicator":"girls_toilet_nonfunctional"}},{"type":"Feature","geometry":{"type":"Point","coordinates":[80.58994,21.63566]},"properties":{"udise":"23451000601","name":"PS JAITPURI","state":"MADHYA PRADESH","district":"BALAGHAT","block":"BIRSA","indicator":"girls_toilet_nonfunctional"}},{"type":"Feature","geometry":{"type":"Point","coordinates":[80.75409,22.23331]},"properties":{"udise":"23450906502","name":"PS KHAJRA","state":"MADHYA PRADESH","district":"BALAGHAT","block":"BAIHAR","indicator":"girls_toilet_nonfunctional"}},{"type":"Feature","geometry":{"type":"Point","coordinates":[80.26694,21.73612]},"properties":{"udise":"23450111501","name":"PS HATTA TOLA","state":"MADHYA PRADESH","district":"BALAGHAT","block":"BALAGHAT","indicator":"girls_toilet_nonfunctional"}},{"type":"Feature","geometry":{"type":"Point","coordinates":[80.57426,21.43129]},"properties":{"udise":"23450808103","name":"MS WARI","state":"MADHYA PRADESH","district":"BALAGHAT","block":"LANJI","indicator":"girls_toilet_nonfunctional"}},{"type":"Feature","geometry":{"type":"Point","coordinates":[79.90263,21.59935]},"properties":{"udise":"23450411204","name":"PS GONDI MOHALLA","state":"MADHYA PRADESH","district":"BALAGHAT","block":"KHAIRLANJI","indicator":"girls_toilet_nonfunctional"}},{"type":"Feature","geometry":{"type":"Point","coordinates":[80.64981,21.85814]},"properties":{"udise":"23450915602","name":"MS GANJESARRA","state":"MADHYA PRADESH","district":"BALAGHAT","block":"BAIHAR","indicator":"girls_toilet_nonfunctional"}},{"type":"Feature","geometry":{"type":"Point","coordinates":[80.15381,22.33815]},"properties":{"udise":"23450124703","name":"PS KOTA","state":"MADHYA PRADESH","district":"BALAGHAT","block":"BALAGHAT","indicator":"girls_toilet_nonfunctional"}},{"type":"Feature","geometry":{"type":"Point","coordinates":[80.22324,21.63475]},"properties":{"udise":"23450217101","name":"MS BAGADMARA","state":"MADHYA PRADESH","district":"BALAGHAT","block":"KIRNAPUR","indicator":"girls_toilet_nonfunctional"}},{"type":"Feature","geometry":{"type":"Point","coordinates":[80.43235,22.04396]},"properties":{"udise":"23450512901","name":"PS BAIGATOLA DORA","state":"MADHYA PRADESH","district":"BALAGHAT","block":"PARASWADA","indicator":"girls_toilet_nonfunctional"}},{"type":"Feature","geometry":{"type":"Point","coordinates":[79.90691,21.81985]},"properties":{"udise":"23450701901","name":"PS DHOBI TOLA","state":"MADHYA PRADESH","district":"BALAGHAT","block":"WARA SEONI","indicator":"girls_toilet_nonfunctional"}},{"type":"Feature","geometry":{"type":"Point","coordinates":[80.73884,21.99303]},"properties":{"udise":"23451010401","name":"PS BORKHEDA","state":"MADHYA PRADESH","district":"BALAGHAT","block":"BIRSA","indicator":"girls_toilet_nonfunctional"}},{"type":"Feature","geometry":{"type":"Point","coordinates":[79.69713,21.6428]},"properties":{"udise":"23450309803","name":"MS JAMUNTOLA","state":"MADHYA PRADESH","district":"BALAGHAT","block":"KATANGI","indicator":"girls_toilet_nonfunctional"}},{"type":"Feature","geometry":{"type":"Point","coordinates":[80.76778,21.89497]},"properties":{"udise":"23451024102","name":"PS DEVGOAN","state":"MADHYA PRADESH","district":"BALAGHAT","block":"BIRSA","indicator":"girls_toilet_nonfunctional"}},{"type":"Feature","geometry":{"type":"Point","coordinates":[80.76683,22.05394]},"properties":{"udise":"23451017905","name":"MS BAKAL","state":"MADHYA PRADESH","district":"BALAGHAT","block":"BIRSA","indicator":"girls_toilet_nonfunctional"}},{"type":"Feature","geometry":{"type":"Point","coordinates":[80.51433,21.5416]},"properties":{"udise":"23450213902","name":"PS PUNABHARRI","state":"MADHYA PRADESH","district":"BALAGHAT","block":"KIRNAPUR","indicator":"girls_toilet_nonfunctional"}},{"type":"Feature","geometry":{"type":"Point","coordinates":[80.28677,21.64207]},"properties":{"udise":"23450216901","name":"MS KOSTE","state":"MADHYA PRADESH","district":"BALAGHAT","block":"KIRNAPUR","indicator":"girls_toilet_nonfunctional"}},{"type":"Feature","geometry":{"type":"Point","coordinates":[80.52896,21.56886]},"properties":{"udise":"23450214801","name":"PS GONDITOLA (KOSMARA)","state":"MADHYA PRADESH","district":"BALAGHAT","block":"KIRNAPUR","indicator":"girls_toilet_nonfunctional"}},{"type":"Feature","geometry":{"type":"Point","coordinates":[80.452,21.65585]},"properties":{"udise":"23450211401","name":"PS KALKATTA","state":"MADHYA PRADESH","district":"BALAGHAT","block":"KIRNAPUR","indicator":"girls_toilet_nonfunctional"}},{"type":"Feature","geometry":{"type":"Point","coordinates":[80.20334,21.82602]},"properties":{"udise":"23450120615","name":"GURUKUL P S DEVTOLA","state":"MADHYA PRADESH","district":"BALAGHAT","block":"BALAGHAT","indicator":"girls_toilet_nonfunctional"}},{"type":"Feature","geometry":{"type":"Point","coordinates":[79.90383,21.59275]},"properties":{"udise":"23450410704","name":"PS BHANDAAR BODI","state":"MADHYA PRADESH","district":"BALAGHAT","block":"KHAIRLANJI","indicator":"girls_toilet_nonfunctional"}},{"type":"Feature","geometry":{"type":"Point","coordinates":[80.73183,21.822]},"properties":{"udise":"23451020701","name":"PS NAKATOLA","state":"MADHYA PRADESH","district":"BALAGHAT","block":"BIRSA","indicator":"girls_toilet_nonfunctional"}},{"type":"Feature","geometry":{"type":"Point","coordinates":[80.57072,22.07419]},"properties":{"udise":"23450909701","name":"PS PATAL TOLA","state":"MADHYA PRADESH","district":"BALAGHAT","block":"BAIHAR","indicator":"girls_toilet_nonfunctional"}},{"type":"Feature","geometry":{"type":"Point","coordinates":[80.05347,21.94326]},"properties":{"udise":"23450613501","name":"GYANSANCHAY PMS AMOLI LALBARRA","state":"MADHYA PRADESH","district":"BALAGHAT","block":"LAL BURRA","indicator":"girls_toilet_nonfunctional"}},{"type":"Feature","geometry":{"type":"Point","coordinates":[80.07665,21.71957]},"properties":{"udise":"23450711601","name":"PS SIHRATOLA","state":"MADHYA PRADESH","district":"BALAGHAT","block":"WARA SEONI","indicator":"girls_toilet_nonfunctional"}},{"type":"Feature","geometry":{"type":"Point","coordinates":[80.76151,21.9289]},"properties":{"udise":"23451003101","name":"PS SHERPAR","state":"MADHYA PRADESH","district":"BALAGHAT","block":"BIRSA","indicator":"girls_toilet_nonfunctional"}},{"type":"Feature","geometry":{"type":"Point","coordinates":[79.65764,21.60201]},"properties":{"udise":"23450302903","name":"MS MEHKEPAR","state":"MADHYA PRADESH","district":"BALAGHAT","block":"KATANGI","indicator":"girls_toilet_nonfunctional"}},{"type":"Feature","geometry":{"type":"Point","coordinates":[80.5788,22.09082]},"properties":{"udise":"23450909401","name":"PS BAHITOLA","state":"MADHYA PRADESH","district":"BALAGHAT","block":"BAIHAR","indicator":"girls_toilet_nonfunctional"}},{"type":"Feature","geometry":{"type":"Point","coordinates":[80.56909,21.47594]},"properties":{"udise":"23450801501","name":"PS SALANGTOLA","state":"MADHYA PRADESH","district":"BALAGHAT","block":"LANJI","indicator":"girls_toilet_nonfunctional"}},{"type":"Feature","geometry":{"type":"Point","coordinates":[80.37523,21.86051]},"properties":{"udise":"23450534101","name":"PS USALCHAKRA","state":"MADHYA PRADESH","district":"BALAGHAT","block":"PARASWADA","indicator":"girls_toilet_nonfunctional"}},{"type":"Feature","geometry":{"type":"Point","coordinates":[80.35964,22.01615]},"properties":{"udise":"23450516101","name":"PS JIT PURI","state":"MADHYA PRADESH","district":"BALAGHAT","block":"PARASWADA","indicator":"girls_toilet_nonfunctional"}},{"type":"Feature","geometry":{"type":"Point","coordinates":[80.37268,22.0854]},"properties":{"udise":"23450512702","name":"PS PATELTOLA","state":"MADHYA PRADESH","district":"BALAGHAT","block":"PARASWADA","indicator":"girls_toilet_nonfunctional"}},{"type":"Feature","geometry":{"type":"Point","coordinates":[80.42488,21.58245]},"properties":{"udise":"23450216001","name":"MS BORGAON","state":"MADHYA PRADESH","district":"BALAGHAT","block":"KIRNAPUR","indicator":"girls_toilet_nonfunctional"}},{"type":"Feature","geometry":{"type":"Point","coordinates":[79.91301,21.78875]},"properties":{"udise":"23450701505","name":"PS SERPAR BASTI","state":"MADHYA PRADESH","district":"BALAGHAT","block":"WARA SEONI","indicator":"girls_toilet_nonfunctional"}},{"type":"Feature","geometry":{"type":"Point","coordinates":[80.09568,21.71683]},"properties":{"udise":"23450704102","name":"MS DONGAR GAON","state":"MADHYA PRADESH","district":"BALAGHAT","block":"WARA SEONI","indicator":"girls_toilet_nonfunctional"}},{"type":"Feature","geometry":{"type":"Point","coordinates":[80.31021,21.72393]},"properties":{"udise":"23450111003","name":"PS KHODI SIVNI TOLA","state":"MADHYA PRADESH","district":"BALAGHAT","block":"BALAGHAT","indicator":"girls_toilet_nonfunctional"}},{"type":"Feature","geometry":{"type":"Point","coordinates":[80.11101,22.09959]},"properties":{"udise":"23450114603","name":"PS MARARITOLA","state":"MADHYA PRADESH","district":"BALAGHAT","block":"BALAGHAT","indicator":"girls_toilet_nonfunctional"}},{"type":"Feature","geometry":{"type":"Point","coordinates":[80.45089,21.66552]},"properties":{"udise":"23450211701","name":"PS DEOTOLA","state":"MADHYA PRADESH","district":"BALAGHAT","block":"KIRNAPUR","indicator":"girls_toilet_nonfunctional"}},{"type":"Feature","geometry":{"type":"Point","coordinates":[80.48934,21.56686]},"properties":{"udise":"23450807211","name":"FETURE ENGLISH PUBLIC SCHOOL LANJI","state":"MADHYA PRADESH","district":"BALAGHAT","block":"LANJI","indicator":"girls_toilet_nonfunctional"}},{"type":"Feature","geometry":{"type":"Point","coordinates":[80.37422,22.19737]},"properties":{"udise":"23450508505","name":"HS THEMA","state":"MADHYA PRADESH","district":"BALAGHAT","block":"PARASWADA","indicator":"girls_toilet_nonfunctional"}},{"type":"Feature","geometry":{"type":"Point","coordinates":[80.86758,22.21992]},"properties":{"udise":"23450908602","name":"PS DONGARIYA","state":"MADHYA PRADESH","district":"BALAGHAT","block":"BAIHAR","indicator":"girls_toilet_nonfunctional"}},{"type":"Feature","geometry":{"type":"Point","coordinates":[79.88414,21.70213]},"properties":{"udise":"23450408601","name":"MS DUDHARA","state":"MADHYA PRADESH","district":"BALAGHAT","block":"KHAIRLANJI","indicator":"girls_toilet_nonfunctional"}},{"type":"Feature","geometry":{"type":"Point","coordinates":[80.39649,21.79082]},"properties":{"udise":"23450201301","name":"PS KODHIYA TOLA","state":"MADHYA PRADESH","district":"BALAGHAT","block":"KIRNAPUR","indicator":"girls_toilet_nonfunctional"}},{"type":"Feature","geometry":{"type":"Point","coordinates":[80.71905,21.99351]},"properties":{"udise":"23451010402","name":"PS BAIGATOLA","state":"MADHYA PRADESH","district":"BALAGHAT","block":"BIRSA","indicator":"girls_toilet_nonfunctional"}},{"type":"Feature","geometry":{"type":"Point","coordinates":[80.80795,22.08615]},"properties":{"udise":"23451006603","name":"MS JAIRASI","state":"MADHYA PRADESH","district":"BALAGHAT","block":"BIRSA","indicator":"girls_toilet_nonfunctional"}},{"type":"Feature","geometry":{"type":"Point","coordinates":[80.47395,21.94125]},"properties":{"udise":"23450911801","name":"PS KANCHANTOLA","state":"MADHYA PRADESH","district":"BALAGHAT","block":"BAIHAR","indicator":"girls_toilet_nonfunctional"}},{"type":"Feature","geometry":{"type":"Point","coordinates":[80.82924,22.27855]},"properties":{"udise":"23450904101","name":"PS GHUTSI BHRA","state":"MADHYA PRADESH","district":"BALAGHAT","block":"BAIHAR","indicator":"girls_toilet_nonfunctional"}},{"type":"Feature","geometry":{"type":"Point","coordinates":[80.15967,21.99636]},"properties":{"udise":"23450106601","name":"PS KACHHURANA","state":"MADHYA PRADESH","district":"BALAGHAT","block":"BALAGHAT","indicator":"girls_toilet_nonfunctional"}},{"type":"Feature","geometry":{"type":"Point","coordinates":[80.45521,21.61538]},"properties":{"udise":"23450212302","name":"PS CHHINDIKOOAN","state":"MADHYA PRADESH","district":"BALAGHAT","block":"KIRNAPUR","indicator":"girls_toilet_nonfunctional"}},{"type":"Feature","geometry":{"type":"Point","coordinates":[80.26726,21.75463]},"properties":{"udise":"23450111701","name":"PS PARAS WADA","state":"MADHYA PRADESH","district":"BALAGHAT","block":"BALAGHAT","indicator":"girls_toilet_nonfunctional"}},{"type":"Feature","geometry":{"type":"Point","coordinates":[80.56724,21.50771]},"properties":{"udise":"23450801201","name":"PS BAKRA MUNDI","state":"MADHYA PRADESH","district":"BALAGHAT","block":"LANJI","indicator":"girls_toilet_nonfunctional"}},{"type":"Feature","geometry":{"type":"Point","coordinates":[79.99437,21.97848]},"properties":{"udise":"23450609402","name":"MS RANI KUTHAR (LA)","state":"MADHYA PRADESH","district":"BALAGHAT","block":"LAL BURRA","indicator":"girls_toilet_nonfunctional"}},{"type":"Feature","geometry":{"type":"Point","coordinates":[80.18774,21.9245]},"properties":{"udise":"23450107802","name":"PS KODIYATOLA","state":"MADHYA PRADESH","district":"BALAGHAT","block":"BALAGHAT","indicator":"girls_toilet_nonfunctional"}},{"type":"Feature","geometry":{"type":"Point","coordinates":[80.57057,21.69161]},"properties":{"udise":"23451017602","name":"PS GOURJHOLA","state":"MADHYA PRADESH","district":"BALAGHAT","block":"BIRSA","indicator":"girls_toilet_nonfunctional"}},{"type":"Feature","geometry":{"type":"Point","coordinates":[80.24025,21.84605]},"properties":{"udise":"23450101701","name":"PS IMLI TEKRA","state":"MADHYA PRADESH","district":"BALAGHAT","block":"BALAGHAT","indicator":"girls_toilet_nonfunctional"}},{"type":"Feature","geometry":{"type":"Point","coordinates":[80.08724,21.91679]},"properties":{"udise":"23450607002","name":"NAVIN BHARTIY VIDHY KHARI","state":"MADHYA PRADESH","district":"BALAGHAT","block":"LAL BURRA","indicator":"girls_toilet_nonfunctional"}},{"type":"Feature","geometry":{"type":"Point","coordinates":[80.33248,21.69469]},"properties":{"udise":"23450205402","name":"PS CHMHARTOLA","state":"MADHYA PRADESH","district":"BALAGHAT","block":"KIRNAPUR","indicator":"girls_toilet_nonfunctional"}},{"type":"Feature","geometry":{"type":"Point","coordinates":[79.98457,21.63311]},"properties":{"udise":"23450410904","name":"HS KHADKHADI","state":"MADHYA PRADESH","district":"BALAGHAT","block":"KHAIRLANJI","indicator":"girls_toilet_nonfunctional"}},{"type":"Feature","geometry":{"type":"Point","coordinates":[80.38827,22.21273]},"properties":{"udise":"23450508901","name":"MARARI TOLA JSK THHEMA","state":"MADHYA PRADESH","district":"BALAGHAT","block":"PARASWADA","indicator":"girls_toilet_nonfunctional"}},{"type":"Feature","geometry":{"type":"Point","coordinates":[79.80209,21.78827]},"properties":{"udise":"23450312601","name":"PS RAMNAGAR","state":"MADHYA PRADESH","district":"BALAGHAT","block":"KATANGI","indicator":"girls_toilet_nonfunctional"}},{"type":"Feature","geometry":{"type":"Point","coordinates":[79.96502,21.83783]},"properties":{"udise":"23450600701","name":"PS KATANG JHARI","state":"MADHYA PRADESH","district":"BALAGHAT","block":"LAL BURRA","indicator":"girls_toilet_nonfunctional"}},{"type":"Feature","geometry":{"type":"Point","coordinates":[80.10114,21.698]},"properties":{"udise":"23450703702","name":"PS MENDAKI","state":"MADHYA PRADESH","district":"BALAGHAT","block":"WARA SEONI","indicator":"girls_toilet_nonfunctional"}},{"type":"Feature","geometry":{"type":"Point","coordinates":[80.29894,22.22351]},"properties":{"udise":"23450505802","name":"PS MUKUNDI TOLA","state":"MADHYA PRADESH","district":"BALAGHAT","block":"PARASWADA","indicator":"girls_toilet_nonfunctional"}},{"type":"Feature","geometry":{"type":"Point","coordinates":[80.45351,21.94834]},"properties":{"udise":"23450911401","name":"PS DALDALA","state":"MADHYA PRADESH","district":"BALAGHAT","block":"BAIHAR","indicator":"girls_toilet_nonfunctional"}},{"type":"Feature","geometry":{"type":"Point","coordinates":[80.80565,22.33553]},"properties":{"udise":"23450913801","name":"PS SANJARI","state":"MADHYA PRADESH","district":"BALAGHAT","block":"BAIHAR","indicator":"girls_toilet_nonfunctional"}},{"type":"Feature","geometry":{"type":"Point","coordinates":[80.79438,21.81941]},"properties":{"udise":"23451008703","name":"MS JHAMUL","state":"MADHYA PRADESH","district":"BALAGHAT","block":"BIRSA","indicator":"girls_toilet_nonfunctional"}},{"type":"Feature","geometry":{"type":"Point","coordinates":[80.17156,22.2709]},"properties":{"udise":"23450100201","name":"PS BAKWADA","state":"MADHYA PRADESH","district":"BALAGHAT","block":"BALAGHAT","indicator":"girls_toilet_nonfunctional"}},{"type":"Feature","geometry":{"type":"Point","coordinates":[80.44734,21.53824]},"properties":{"udise":"23450810101","name":"PS BENEGAON","state":"MADHYA PRADESH","district":"BALAGHAT","block":"LANJI","indicator":"girls_toilet_nonfunctional"}},{"type":"Feature","geometry":{"type":"Point","coordinates":[80.19384,21.74158]},"properties":{"udise":"23450102902","name":"MS CHICH GAON","state":"MADHYA PRADESH","district":"BALAGHAT","block":"BALAGHAT","indicator":"girls_toilet_nonfunctional"}},{"type":"Feature","geometry":{"type":"Point","coordinates":[80.35397,21.70105]},"properties":{"udise":"23450205201","name":"MS KESHA","state":"MADHYA PRADESH","district":"BALAGHAT","block":"KIRNAPUR","indicator":"girls_toilet_nonfunctional"}},{"type":"Feature","geometry":{"type":"Point","coordinates":[80.34923,21.56581]},"properties":{"udise":"23450206101","name":"PS KADAKNA","state":"MADHYA PRADESH","district":"BALAGHAT","block":"KIRNAPUR","indicator":"girls_toilet_nonfunctional"}},{"type":"Feature","geometry":{"type":"Point","coordinates":[80.01144,21.56173]},"properties":{"udise":"23450400103","name":"PS SAVRI","state":"MADHYA PRADESH","district":"BALAGHAT","block":"KHAIRLANJI","indicator":"girls_toilet_nonfunctional"}},{"type":"Feature","geometry":{"type":"Point","coordinates":[79.82976,21.57857]},"properties":{"udise":"23450403602","name":"PS GHANOD","state":"MADHYA PRADESH","district":"BALAGHAT","block":"KHAIRLANJI","indicator":"girls_toilet_nonfunctional"}},{"type":"Feature","geometry":{"type":"Point","coordinates":[79.93141,21.79559]},"properties":{"udise":"23450701104","name":"GURUKUL VIDHAYLAY KOCHEWAAHI","state":"MADHYA PRADESH","district":"BALAGHAT","block":"WARA SEONI","indicator":"girls_toilet_nonfunctional"}},{"type":"Feature","geometry":{"type":"Point","coordinates":[80.82801,22.05188]},"properties":{"udise":"23451006101","name":"PS MANDAI","state":"MADHYA PRADESH","district":"BALAGHAT","block":"BIRSA","indicator":"girls_toilet_nonfunctional"}},{"type":"Feature","geometry":{"type":"Point","coordinates":[80.52974,21.7118]},"properties":{"udise":"23451001707","name":"PS DHIYANTOLA","state":"MADHYA PRADESH","district":"BALAGHAT","block":"BIRSA","indicator":"girls_toilet_nonfunctional"}},{"type":"Feature","geometry":{"type":"Point","coordinates":[80.07296,22.13862]},"properties":{"udise":"23450116101","name":"PS TAKA BARRA","state":"MADHYA PRADESH","district":"BALAGHAT","block":"BALAGHAT","indicator":"girls_toilet_nonfunctional"}},{"type":"Feature","geometry":{"type":"Point","coordinates":[80.0922,22.11727]},"properties":{"udise":"23450116602","name":"MS KOCHHE WADA","state":"MADHYA PRADESH","district":"BALAGHAT","block":"BALAGHAT","indicator":"girls_toilet_nonfunctional"}},{"type":"Feature","geometry":{"type":"Point","coordinates":[80.30304,21.6871]},"properties":{"udise":"23450213201","name":"PS SAHARE BUDHI","state":"MADHYA PRADESH","district":"BALAGHAT","block":"KIRNAPUR","indicator":"girls_toilet_nonfunctional"}},{"type":"Feature","geometry":{"type":"Point","coordinates":[80.36566,21.59328]},"properties":{"udise":"23450205803","name":"PS BINORA","state":"MADHYA PRADESH","district":"BALAGHAT","block":"KIRNAPUR","indicator":"girls_toilet_nonfunctional"}},{"type":"Feature","geometry":{"type":"Point","coordinates":[80.13601,21.99912]},"properties":{"udise":"23450115802","name":"PS TITWA","state":"MADHYA PRADESH","district":"BALAGHAT","block":"BALAGHAT","indicator":"girls_toilet_nonfunctional"}},{"type":"Feature","geometry":{"type":"Point","coordinates":[80.15775,21.62599]},"properties":{"udise":"23450407001","name":"PS BENI TOALA","state":"MADHYA PRADESH","district":"BALAGHAT","block":"KHAIRLANJI","indicator":"girls_toilet_nonfunctional"}},{"type":"Feature","geometry":{"type":"Point","coordinates":[80.354,21.6847]},"properties":{"udise":"23450202103","name":"VIKRAMADITYA VIDYAPRRTH MS SIHORA","state":"MADHYA PRADESH","district":"BALAGHAT","block":"KIRNAPUR","indicator":"girls_toilet_nonfunctional"}},{"type":"Feature","geometry":{"type":"Point","coordinates":[80.7221,21.48086]},"properties":{"udise":"23450803508","name":"PS DHIRI","state":"MADHYA PRADESH","district":"BALAGHAT","block":"LANJI","indicator":"girls_toilet_nonfunctional"}},{"type":"Feature","geometry":{"type":"Point","coordinates":[80.1268,22.05034]},"properties":{"udise":"23450105004","name":"PS GONDITOLA","state":"MADHYA PRADESH","district":"BALAGHAT","block":"BALAGHAT","indicator":"girls_toilet_nonfunctional"}},{"type":"Feature","geometry":{"type":"Point","coordinates":[79.81464,21.79854]},"properties":{"udise":"23450309704","name":"PS RAMJI TOLA SI","state":"MADHYA PRADESH","district":"BALAGHAT","block":"KATANGI","indicator":"girls_toilet_nonfunctional"}},{"type":"Feature","geometry":{"type":"Point","coordinates":[80.3503,21.87404]},"properties":{"udise":"23450504002","name":"PS KANHATOLA","state":"MADHYA PRADESH","district":"BALAGHAT","block":"PARASWADA","indicator":"girls_toilet_nonfunctional"}},{"type":"Feature","geometry":{"type":"Point","coordinates":[80.0477,21.94809]},"properties":{"udise":"23450615512","name":"INDIRA VIDHYAMANDIR MS LALBARR","state":"MADHYA PRADESH","district":"BALAGHAT","block":"LAL BURRA","indicator":"girls_toilet_nonfunctional"}},{"type":"Feature","geometry":{"type":"Point","coordinates":[80.47169,21.45014]},"properties":{"udise":"23450802503","name":"PS LALTOLI SADRA","state":"MADHYA PRADESH","district":"BALAGHAT","block":"LANJI","indicator":"girls_toilet_nonfunctional"}},{"type":"Feature","geometry":{"type":"Point","coordinates":[80.68166,22.01137]},"properties":{"udise":"23451010201","name":"PS SUJI","state":"MADHYA PRADESH","district":"BALAGHAT","block":"BIRSA","indicator":"girls_toilet_nonfunctional"}},{"type":"Feature","geometry":{"type":"Point","coordinates":[80.6382,21.73843]},"properties":{"udise":"23451019802","name":"PS KOHNIMORE BONDARI","state":"MADHYA PRADESH","district":"BALAGHAT","block":"BIRSA","indicator":"girls_toilet_nonfunctional"}},{"type":"Feature","geometry":{"type":"Point","coordinates":[80.52049,21.52397]},"properties":{"udise":"23450806701","name":"PS PARSATOLA","state":"MADHYA PRADESH","district":"BALAGHAT","block":"LANJI","indicator":"girls_toilet_nonfunctional"}},{"type":"Feature","geometry":{"type":"Point","coordinates":[79.92212,21.81434]},"properties":{"udise":"23450701602","name":"PS NAAND GAON","state":"MADHYA PRADESH","district":"BALAGHAT","block":"WARA SEONI","indicator":"girls_toilet_nonfunctional"}},{"type":"Feature","geometry":{"type":"Point","coordinates":[80.61614,21.78838]},"properties":{"udise":"23451002001","name":"PS MURUM","state":"MADHYA PRADESH","district":"BALAGHAT","block":"BIRSA","indicator":"girls_toilet_nonfunctional"}},{"type":"Feature","geometry":{"type":"Point","coordinates":[79.89045,21.77858]},"properties":{"udise":"23450302602","name":"MS AAGRI","state":"MADHYA PRADESH","district":"BALAGHAT","block":"KATANGI","indicator":"girls_toilet_nonfunctional"}},{"type":"Feature","geometry":{"type":"Point","coordinates":[80.06035,21.75751]},"properties":{"udise":"23450707101","name":"PS SIKANDRA","state":"MADHYA PRADESH","district":"BALAGHAT","block":"WARA SEONI","indicator":"girls_toilet_nonfunctional"}},{"type":"Feature","geometry":{"type":"Point","coordinates":[80.01335,21.93856]},"properties":{"udise":"23450608005","name":"VAINGANGA DADIYA","state":"MADHYA PRADESH","district":"BALAGHAT","block":"LAL BURRA","indicator":"girls_toilet_nonfunctional"}},{"type":"Feature","geometry":{"type":"Point","coordinates":[80.78046,21.87984]},"properties":{"udise":"23451011401","name":"PS SINGHANPURI","state":"MADHYA PRADESH","district":"BALAGHAT","block":"BIRSA","indicator":"girls_toilet_nonfunctional"}},{"type":"Feature","geometry":{"type":"Point","coordinates":[80.90301,22.25001]},"properties":{"udise":"23450921101","name":"PS ARMI","state":"MADHYA PRADESH","district":"BALAGHAT","block":"BAIHAR","indicator":"girls_toilet_nonfunctional"}},{"type":"Feature","geometry":{"type":"Point","coordinates":[80.55644,22.09677]},"properties":{"udise":"23450919802","name":"PS ABKARITOLA","state":"MADHYA PRADESH","district":"BALAGHAT","block":"BAIHAR","indicator":"girls_toilet_nonfunctional"}},{"type":"Feature","geometry":{"type":"Point","coordinates":[79.76248,21.73921]},"properties":{"udise":"23450304601","name":"PS NANDUTOLA","state":"MADHYA PRADESH","district":"BALAGHAT","block":"KATANGI","indicator":"girls_toilet_nonfunctional"}},{"type":"Feature","geometry":{"type":"Point","coordinates":[80.71737,21.87972]},"properties":{"udise":"23451011701","name":"ASHRAM SHALA GIDORI","state":"MADHYA PRADESH","district":"BALAGHAT","block":"BIRSA","indicator":"girls_toilet_nonfunctional"}},{"type":"Feature","geometry":{"type":"Point","coordinates":[80.26431,21.96885]},"properties":{"udise":"23450108401","name":"PS KHARA VAN GRAM","state":"MADHYA PRADESH","district":"BALAGHAT","block":"BALAGHAT","indicator":"girls_toilet_nonfunctional"}},{"type":"Feature","geometry":{"type":"Point","coordinates":[80.79526,21.8468]},"properties":{"udise":"23451027301","name":"PS MADANTOLA","state":"MADHYA PRADESH","district":"BALAGHAT","block":"BIRSA","indicator":"girls_toilet_nonfunctional"}},{"type":"Feature","geometry":{"type":"Point","coordinates":[80.77941,21.84691]},"properties":{"udise":"23451011603","name":"PS JAMUNIYATOLA","state":"MADHYA PRADESH","district":"BALAGHAT","block":"BIRSA","indicator":"girls_toilet_nonfunctional"}},{"type":"Feature","geometry":{"type":"Point","coordinates":[80.79111,21.92319]},"properties":{"udise":"23451002801","name":"PS SUNDARWAHI","state":"MADHYA PRADESH","district":"BALAGHAT","block":"BIRSA","indicator":"girls_toilet_nonfunctional"}},{"type":"Feature","geometry":{"type":"Point","coordinates":[79.98654,21.72773]},"properties":{"udise":"23450712502","name":"MS BAGHOLI 10-11","state":"MADHYA PRADESH","district":"BALAGHAT","block":"WARA SEONI","indicator":"girls_toilet_nonfunctional"}},{"type":"Feature","geometry":{"type":"Point","coordinates":[80.77069,21.98785]},"properties":{"udise":"23451003701","name":"PS KRAONDABAHERA","state":"MADHYA PRADESH","district":"BALAGHAT","block":"BIRSA","indicator":"girls_toilet_nonfunctional"}},{"type":"Feature","geometry":{"type":"Point","coordinates":[79.99774,21.78647]},"properties":{"udise":"23450709001","name":"PS TUMDI TOLA","state":"MADHYA PRADESH","district":"BALAGHAT","block":"WARA SEONI","indicator":"girls_toilet_nonfunctional"}},{"type":"Feature","geometry":{"type":"Point","coordinates":[80.107,21.874]},"properties":{"udise":"23450611007","name":"PURVA GYAN PITHH LENDEJHARI","state":"MADHYA PRADESH","district":"BALAGHAT","block":"LAL BURRA","indicator":"girls_toilet_nonfunctional"}},{"type":"Feature","geometry":{"type":"Point","coordinates":[79.8082,21.77057]},"properties":{"udise":"23450312903","name":"MS KATANGI","state":"MADHYA PRADESH","district":"BALAGHAT","block":"KATANGI","indicator":"girls_toilet_nonfunctional"}},{"type":"Feature","geometry":{"type":"Point","coordinates":[80.87212,22.23629]},"properties":{"udise":"23450905204","name":"PS JUWARITOLA","state":"MADHYA PRADESH","district":"BALAGHAT","block":"BAIHAR","indicator":"girls_toilet_nonfunctional"}},{"type":"Feature","geometry":{"type":"Point","coordinates":[79.89879,21.83749]},"properties":{"udise":"23450702702","name":"MS NAGJHAR 12-13","state":"MADHYA PRADESH","district":"BALAGHAT","block":"WARA SEONI","indicator":"girls_toilet_nonfunctional"}},{"type":"Feature","geometry":{"type":"Point","coordinates":[80.49902,21.48232]},"properties":{"udise":"23450812602","name":"PS BADALTOLA RAMPURA","state":"MADHYA PRADESH","district":"BALAGHAT","block":"LANJI","indicator":"girls_toilet_nonfunctional"}},{"type":"Feature","geometry":{"type":"Point","coordinates":[80.28891,21.71276]},"properties":{"udise":"23450206902","name":"MS SINGODI","state":"MADHYA PRADESH","district":"BALAGHAT","block":"KIRNAPUR","indicator":"girls_toilet_nonfunctional"}},{"type":"Feature","geometry":{"type":"Point","coordinates":[80.41002,21.58335]},"properties":{"udise":"23450218702","name":"PS BORGAON TOLA","state":"MADHYA PRADESH","district":"BALAGHAT","block":"KIRNAPUR","indicator":"girls_toilet_nonfunctional"}},{"type":"Feature","geometry":{"type":"Point","coordinates":[80.6379,21.84262]},"properties":{"udise":"23450915702","name":"PS BHOOTDOBRA","state":"MADHYA PRADESH","district":"BALAGHAT","block":"BAIHAR","indicator":"girls_toilet_nonfunctional"}},{"type":"Feature","geometry":{"type":"Point","coordinates":[80.37775,21.72911]},"properties":{"udise":"23450203901","name":"MS SUSWA","state":"MADHYA PRADESH","district":"BALAGHAT","block":"KIRNAPUR","indicator":"girls_toilet_nonfunctional"}},{"type":"Feature","geometry":{"type":"Point","coordinates":[80.1718,21.82716]},"properties":{"udise":"23450119802","name":"G. N. M. S BUDI BALAGHAT","state":"MADHYA PRADESH","district":"BALAGHAT","block":"BALAGHAT","indicator":"girls_toilet_nonfunctional"}},{"type":"Feature","geometry":{"type":"Point","coordinates":[80.25816,21.77033]},"properties":{"udise":"23450110001","name":"PS LOHARA","state":"MADHYA PRADESH","district":"BALAGHAT","block":"BALAGHAT","indicator":"girls_toilet_nonfunctional"}},{"type":"Feature","geometry":{"type":"Point","coordinates":[80.53833,21.42457]},"properties":{"udise":"23450808302","name":"PS KURAHTOLA","state":"MADHYA PRADESH","district":"BALAGHAT","block":"LANJI","indicator":"girls_toilet_nonfunctional"}},{"type":"Feature","geometry":{"type":"Point","coordinates":[80.8735,22.29632]},"properties":{"udise":"23450904001","name":"PS MURENDA","state":"MADHYA PRADESH","district":"BALAGHAT","block":"BAIHAR","indicator":"girls_toilet_nonfunctional"}},{"type":"Feature","geometry":{"type":"Point","coordinates":[80.48844,21.57908]},"properties":{"udise":"23450213601","name":"PS JODHI TOLA","state":"MADHYA PRADESH","district":"BALAGHAT","block":"KIRNAPUR","indicator":"girls_toilet_nonfunctional"}},{"type":"Feature","geometry":{"type":"Point","coordinates":[80.58712,21.55156]},"properties":{"udise":"23451000902","name":"PS MOGADAND","state":"MADHYA PRADESH","district":"BALAGHAT","block":"BIRSA","indicator":"girls_toilet_nonfunctional"}},{"type":"Feature","geometry":{"type":"Point","coordinates":[80.72244,21.82044]},"properties":{"udise":"23451013701","name":"PS BHITRIPANI","state":"MADHYA PRADESH","district":"BALAGHAT","block":"BIRSA","indicator":"girls_toilet_nonfunctional"}},{"type":"Feature","geometry":{"type":"Point","coordinates":[79.64906,21.5963]},"properties":{"udise":"23450303402","name":"PS GANESHPUR","state":"MADHYA PRADESH","district":"BALAGHAT","block":"KATANGI","indicator":"girls_toilet_nonfunctional"}},{"type":"Feature","geometry":{"type":"Point","coordinates":[79.82101,21.78271]},"properties":{"udise":"23450313901","name":"PS GOPALPUR","state":"MADHYA PRADESH","district":"BALAGHAT","block":"KATANGI","indicator":"girls_toilet_nonfunctional"}},{"type":"Feature","geometry":{"type":"Point","coordinates":[80.04465,21.712]},"properties":{"udise":"23450710803","name":"PS SUNDER TOLI","state":"MADHYA PRADESH","district":"BALAGHAT","block":"WARA SEONI","indicator":"girls_toilet_nonfunctional"}},{"type":"Feature","geometry":{"type":"Point","coordinates":[80.76223,22.19504]},"properties":{"udise":"23450907001","name":"PS BAIJALPUR","state":"MADHYA PRADESH","district":"BALAGHAT","block":"BAIHAR","indicator":"girls_toilet_nonfunctional"}},{"type":"Feature","geometry":{"type":"Point","coordinates":[80.3641,21.58005]},"properties":{"udise":"23450101401","name":"PS BHARWELI","state":"MADHYA PRADESH","district":"BALAGHAT","block":"BALAGHAT","indicator":"girls_toilet_nonfunctional"}},{"type":"Feature","geometry":{"type":"Point","coordinates":[80.50589,22.1891]},"properties":{"udise":"23450520201","name":"PS TTI GHAT","state":"MADHYA PRADESH","district":"BALAGHAT","block":"PARASWADA","indicator":"girls_toilet_nonfunctional"}},{"type":"Feature","geometry":{"type":"Point","coordinates":[79.86738,21.67752]},"properties":{"udise":"23450402001","name":"PS YERWATOLA","state":"MADHYA PRADESH","district":"BALAGHAT","block":"KHAIRLANJI","indicator":"girls_toilet_nonfunctional"}},{"type":"Feature","geometry":{"type":"Point","coordinates":[80.39573,21.97371]},"properties":{"udise":"23450515401","name":"PS DINA TOLA","state":"MADHYA PRADESH","district":"BALAGHAT","block":"PARASWADA","indicator":"girls_toilet_nonfunctional"}},{"type":"Feature","geometry":{"type":"Point","coordinates":[79.62269,21.65226]},"properties":{"udise":"23450318801","name":"PS BANDAREV","state":"MADHYA PRADESH","district":"BALAGHAT","block":"KATANGI","indicator":"girls_toilet_nonfunctional"}},{"type":"Feature","geometry":{"type":"Point","coordinates":[79.86412,21.69735]},"properties":{"udise":"23450408301","name":"PS MAHAJAN TOLA","state":"MADHYA PRADESH","district":"BALAGHAT","block":"KHAIRLANJI","indicator":"girls_toilet_nonfunctional"}},{"type":"Feature","geometry":{"type":"Point","coordinates":[80.07842,22.02855]},"properties":{"udise":"23450603702","name":"PS DEVITOLA","state":"MADHYA PRADESH","district":"BALAGHAT","block":"LAL BURRA","indicator":"girls_toilet_nonfunctional"}},{"type":"Feature","geometry":{"type":"Point","coordinates":[80.20148,21.91813]},"properties":{"udise":"23450108501","name":"PS PANCHERA","state":"MADHYA PRADESH","district":"BALAGHAT","block":"BALAGHAT","indicator":"girls_toilet_nonfunctional"}},{"type":"Feature","geometry":{"type":"Point","coordinates":[80.74854,21.76022]},"properties":{"udise":"23451008102","name":"PS MATHARI","state":"MADHYA PRADESH","district":"BALAGHAT","block":"BIRSA","indicator":"girls_toilet_nonfunctional"}},{"type":"Feature","geometry":{"type":"Point","coordinates":[80.45833,21.55799]},"properties":{"udise":"23450807206","name":"PS MARARTOLA TEMNI","state":"MADHYA PRADESH","district":"BALAGHAT","block":"LANJI","indicator":"girls_toilet_nonfunctional"}},{"type":"Feature","geometry":{"type":"Point","coordinates":[80.12999,22.27758]},"properties":{"udise":"23450117801","name":"PS THEMA","state":"MADHYA PRADESH","district":"BALAGHAT","block":"BALAGHAT","indicator":"girls_toilet_nonfunctional"}},{"type":"Feature","geometry":{"type":"Point","coordinates":[80.18849,21.67853]},"properties":{"udise":"23450217601","name":"PS BATARMARA","state":"MADHYA PRADESH","district":"BALAGHAT","block":"KIRNAPUR","indicator":"girls_toilet_nonfunctional"}},{"type":"Feature","geometry":{"type":"Point","coordinates":[79.82515,21.56522]},"properties":{"udise":"23450403501","name":"PS CHANDRAKUWA","state":"MADHYA PRADESH","district":"BALAGHAT","block":"KHAIRLANJI","indicator":"girls_toilet_nonfunctional"}},{"type":"Feature","geometry":{"type":"Point","coordinates":[79.9168,21.81401]},"properties":{"udise":"23450701801","name":"PS BEECHTOLA( NAAND GAON)","state":"MADHYA PRADESH","district":"BALAGHAT","block":"WARA SEONI","indicator":"girls_toilet_nonfunctional"}},{"type":"Feature","geometry":{"type":"Point","coordinates":[80.86872,22.03317]},"properties":{"udise":"23451005501","name":"PS BODA","state":"MADHYA PRADESH","district":"BALAGHAT","block":"BIRSA","indicator":"girls_toilet_nonfunctional"}},{"type":"Feature","geometry":{"type":"Point","coordinates":[80.37946,21.744]},"properties":{"udise":"23450204301","name":"PS KHAPRA JHARI","state":"MADHYA PRADESH","district":"BALAGHAT","block":"KIRNAPUR","indicator":"girls_toilet_nonfunctional"}},{"type":"Feature","geometry":{"type":"Point","coordinates":[80.77659,22.17334]},"properties":{"udise":"23450917202","name":"MS MAANA","state":"MADHYA PRADESH","district":"BALAGHAT","block":"BAIHAR","indicator":"girls_toilet_nonfunctional"}},{"type":"Feature","geometry":{"type":"Point","coordinates":[80.16482,22.02938]},"properties":{"udise":"23450104904","name":"PS MANPUR TOLA","state":"MADHYA PRADESH","district":"BALAGHAT","block":"BALAGHAT","indicator":"girls_toilet_nonfunctional"}},{"type":"Feature","geometry":{"type":"Point","coordinates":[80.15319,21.9448]},"properties":{"udise":"23450108007","name":"HSS SAMNAPUR","state":"MADHYA PRADESH","district":"BALAGHAT","block":"BALAGHAT","indicator":"girls_toilet_nonfunctional"}},{"type":"Feature","geometry":{"type":"Point","coordinates":[80.22778,21.86709]},"properties":{"udise":"23450124602","name":"PS MANJHARATOLA","state":"MADHYA PRADESH","district":"BALAGHAT","block":"BALAGHAT","indicator":"girls_toilet_nonfunctional"}},{"type":"Feature","geometry":{"type":"Point","coordinates":[80.3515,21.9324]},"properties":{"udise":"23450511801","name":"PS LOGUR","state":"MADHYA PRADESH","district":"BALAGHAT","block":"PARASWADA","indicator":"girls_toilet_nonfunctional"}},{"type":"Feature","geometry":{"type":"Point","coordinates":[80.57005,22.00424]},"properties":{"udise":"23450901303","name":"PS BHANDERI","state":"MADHYA PRADESH","district":"BALAGHAT","block":"BAIHAR","indicator":"girls_toilet_nonfunctional"}},{"type":"Feature","geometry":{"type":"Point","coordinates":[80.66538,21.86171]},"properties":{"udise":"23451011902","name":"PS DUMRAHI MURKUTTA","state":"MADHYA PRADESH","district":"BALAGHAT","block":"BIRSA","indicator":"girls_toilet_nonfunctional"}},{"type":"Feature","geometry":{"type":"Point","coordinates":[80.226,21.70499]},"properties":{"udise":"23450201903","name":"MS SALETEKA","state":"MADHYA PRADESH","district":"BALAGHAT","block":"KIRNAPUR","indicator":"girls_toilet_nonfunctional"}},{"type":"Feature","geometry":{"type":"Point","coordinates":[80.58631,22.1587]},"properties":{"udise":"23450920701","name":"PS PARSATOLA","state":"MADHYA PRADESH","district":"BALAGHAT","block":"BAIHAR","indicator":"girls_toilet_nonfunctional"}},{"type":"Feature","geometry":{"type":"Point","coordinates":[80.19507,22.05042]},"properties":{"udise":"23450105901","name":"PS KHAMI","state":"MADHYA PRADESH","district":"BALAGHAT","block":"BALAGHAT","indicator":"girls_toilet_nonfunctional"}},{"type":"Feature","geometry":{"type":"Point","coordinates":[80.15342,21.96919]},"properties":{"udise":"23450107401","name":"PS DONGAR BODI","state":"MADHYA PRADESH","district":"BALAGHAT","block":"BALAGHAT","indicator":"girls_toilet_nonfunctional"}},{"type":"Feature","geometry":{"type":"Point","coordinates":[80.2757,21.71087]},"properties":{"udise":"23450206801","name":"PS DHARA PURI","state":"MADHYA PRADESH","district":"BALAGHAT","block":"KIRNAPUR","indicator":"girls_toilet_nonfunctional"}},{"type":"Feature","geometry":{"type":"Point","coordinates":[80.1014,22.21912]},"properties":{"udise":"23450104603","name":"PS BIJAPURI","state":"MADHYA PRADESH","district":"BALAGHAT","block":"BALAGHAT","indicator":"girls_toilet_nonfunctional"}},{"type":"Feature","geometry":{"type":"Point","coordinates":[80.35503,21.62593]},"properties":{"udise":"23450202701","name":"PS KANERI","state":"MADHYA PRADESH","district":"BALAGHAT","block":"KIRNAPUR","indicator":"girls_toilet_nonfunctional"}},{"type":"Feature","geometry":{"type":"Point","coordinates":[80.81419,22.22655]},"properties":{"udise":"23450910502","name":"MS BHALAPURI","state":"MADHYA PRADESH","district":"BALAGHAT","block":"BAIHAR","indicator":"girls_toilet_nonfunctional"}},{"type":"Feature","geometry":{"type":"Point","coordinates":[79.80613,21.58129]},"properties":{"udise":"23450408201","name":"PS HARITOLA","state":"MADHYA PRADESH","district":"BALAGHAT","block":"KHAIRLANJI","indicator":"girls_toilet_nonfunctional"}},{"type":"Feature","geometry":{"type":"Point","coordinates":[80.04142,21.56102]},"properties":{"udise":"23450411501","name":"PS PATHANTOLA","state":"MADHYA PRADESH","district":"BALAGHAT","block":"KHAIRLANJI","indicator":"girls_toilet_nonfunctional"}},{"type":"Feature","geometry":{"type":"Point","coordinates":[80.0899,21.6496]},"properties":{"udise":"23450405106","name":"PS DHEBITOLA (NAVE-3)","state":"MADHYA PRADESH","district":"BALAGHAT","block":"KHAIRLANJI","indicator":"girls_toilet_nonfunctional"}},{"type":"Feature","geometry":{"type":"Point","coordinates":[79.62676,21.70477]},"properties":{"udise":"23450312101","name":"MS DULHAPUR","state":"MADHYA PRADESH","district":"BALAGHAT","block":"KATANGI","indicator":"girls_toilet_nonfunctional"}},{"type":"Feature","geometry":{"type":"Point","coordinates":[79.87377,21.56457]},"properties":{"udise":"23450407801","name":"MS FUL CHUR","state":"MADHYA PRADESH","district":"BALAGHAT","block":"KHAIRLANJI","indicator":"girls_toilet_nonfunctional"}},{"type":"Feature","geometry":{"type":"Point","coordinates":[79.75709,21.60881]},"properties":{"udise":"23450309206","name":"VIVEKANAND MIDDLE SCHOOL","state":"MADHYA PRADESH","district":"BALAGHAT","block":"KATANGI","indicator":"girls_toilet_nonfunctional"}},{"type":"Feature","geometry":{"type":"Point","coordinates":[80.74559,21.9384]},"properties":{"udise":"23451003301","name":"PS PANDRIPATHRA","state":"MADHYA PRADESH","district":"BALAGHAT","block":"BIRSA","indicator":"girls_toilet_nonfunctional"}},{"type":"Feature","geometry":{"type":"Point","coordinates":[80.51667,21.41692]},"properties":{"udise":"23450810701","name":"PS CHIKHLI","state":"MADHYA PRADESH","district":"BALAGHAT","block":"LANJI","indicator":"girls_toilet_nonfunctional"}},{"type":"Feature","geometry":{"type":"Point","coordinates":[80.50161,21.79175]},"properties":{"udise":"23450907801","name":"PS DUGLAI","state":"MADHYA PRADESH","district":"BALAGHAT","block":"BAIHAR","indicator":"girls_toilet_nonfunctional"}},{"type":"Feature","geometry":{"type":"Point","coordinates":[80.52502,21.75974]},"properties":{"udise":"23451017001","name":"PS IKKO","state":"MADHYA PRADESH","district":"BALAGHAT","block":"BIRSA","indicator":"girls_toilet_nonfunctional"}},{"type":"Feature","geometry":{"type":"Point","coordinates":[79.91895,21.81206]},"properties":{"udise":"23450701601","name":"MS NAAND GAON","state":"MADHYA PRADESH","district":"BALAGHAT","block":"WARA SEONI","indicator":"girls_toilet_nonfunctional"}},{"type":"Feature","geometry":{"type":"Point","coordinates":[80.44271,21.45931]},"properties":{"udise":"23450806205","name":"MS KEREGAON","state":"MADHYA PRADESH","district":"BALAGHAT","block":"LANJI","indicator":"girls_toilet_nonfunctional"}},{"type":"Feature","geometry":{"type":"Point","coordinates":[80.26563,21.85726]},"properties":{"udise":"23450104804","name":"PS BHESDEVA TOLA","state":"MADHYA PRADESH","district":"BALAGHAT","block":"BALAGHAT","indicator":"girls_toilet_nonfunctional"}},{"type":"Feature","geometry":{"type":"Point","coordinates":[80.82585,22.28713]},"properties":{"udise":"23450903705","name":"PS NAYATOLA","state":"MADHYA PRADESH","district":"BALAGHAT","block":"BAIHAR","indicator":"girls_toilet_nonfunctional"}},{"type":"Feature","geometry":{"type":"Point","coordinates":[79.92059,21.76098]},"properties":{"udise":"23450702001","name":"PS DORLI (MAAL)","state":"MADHYA PRADESH","district":"BALAGHAT","block":"WARA SEONI","indicator":"girls_toilet_nonfunctional"}},{"type":"Feature","geometry":{"type":"Point","coordinates":[80.70228,22.06874]},"properties":{"udise":"23451010001","name":"PS DARJITOLA","state":"MADHYA PRADESH","district":"BALAGHAT","block":"BIRSA","indicator":"girls_toilet_nonfunctional"}},{"type":"Feature","geometry":{"type":"Point","coordinates":[80.42104,21.50272]},"properties":{"udise":"23450812202","name":"MS BINJHAL GAON","state":"MADHYA PRADESH","district":"BALAGHAT","block":"LANJI","indicator":"girls_toilet_nonfunctional"}},{"type":"Feature","geometry":{"type":"Point","coordinates":[80.18531,21.81213]},"properties":{"udise":"23450122047","name":"HSS EXCELLENCE, BALAGHAT","state":"MADHYA PRADESH","district":"BALAGHAT","block":"BALAGHAT","indicator":"girls_toilet_nonfunctional"}},{"type":"Feature","geometry":{"type":"Point","coordinates":[79.89959,21.79219]},"properties":{"udise":"23450701701","name":"PS MAIDATOLA","state":"MADHYA PRADESH","district":"BALAGHAT","block":"WARA SEONI","indicator":"girls_toilet_nonfunctional"}},{"type":"Feature","geometry":{"type":"Point","coordinates":[80.10809,22.06759]},"properties":{"udise":"23450105401","name":"PS CHICHOLI (JHIRIYA TOLA)","state":"MADHYA PRADESH","district":"BALAGHAT","block":"BALAGHAT","indicator":"girls_toilet_nonfunctional"}},{"type":"Feature","geometry":{"type":"Point","coordinates":[80.1095,22.04332]},"properties":{"udise":"23450105502","name":"PS CHACHERI TOLA","state":"MADHYA PRADESH","district":"BALAGHAT","block":"BALAGHAT","indicator":"girls_toilet_nonfunctional"}},{"type":"Feature","geometry":{"type":"Point","coordinates":[80.47865,21.47576]},"properties":{"udise":"23450801901","name":"MS AMEDA PA","state":"MADHYA PRADESH","district":"BALAGHAT","block":"LANJI","indicator":"girls_toilet_nonfunctional"}},{"type":"Feature","geometry":{"type":"Point","coordinates":[80.19466,21.80058]},"properties":{"udise":"23450122025","name":"PRIVT. HSS GYANDEEP, BALAGHAT","state":"MADHYA PRADESH","district":"BALAGHAT","block":"BALAGHAT","indicator":"girls_toilet_nonfunctional"}},{"type":"Feature","geometry":{"type":"Point","coordinates":[80.5045,21.96155]},"properties":{"udise":"23450512601","name":"PS KHAND PAAR","state":"MADHYA PRADESH","district":"BALAGHAT","block":"PARASWADA","indicator":"girls_toilet_nonfunctional"}},{"type":"Feature","geometry":{"type":"Point","coordinates":[80.64084,21.66707]},"properties":{"udise":"23450814301","name":"PS BARGUD SATONA","state":"MADHYA PRADESH","district":"BALAGHAT","block":"LANJI","indicator":"girls_toilet_nonfunctional"}},{"type":"Feature","geometry":{"type":"Point","coordinates":[80.29295,22.21542]},"properties":{"udise":"23450505601","name":"PS LOHARI TOLA","state":"MADHYA PRADESH","district":"BALAGHAT","block":"PARASWADA","indicator":"girls_toilet_nonfunctional"}},{"type":"Feature","geometry":{"type":"Point","coordinates":[80.15783,21.87472]},"properties":{"udise":"23450601303","name":"PS KATITOLA DH","state":"MADHYA PRADESH","district":"BALAGHAT","block":"LAL BURRA","indicator":"girls_toilet_nonfunctional"}},{"type":"Feature","geometry":{"type":"Point","coordinates":[80.4301,21.51378]},"properties":{"udise":"23450811602","name":"MS AAVA","state":"MADHYA PRADESH","district":"BALAGHAT","block":"LANJI","indicator":"girls_toilet_nonfunctional"}},{"type":"Feature","geometry":{"type":"Point","coordinates":[79.67626,21.71949]},"properties":{"udise":"23450315202","name":"PS BICHHVA","state":"MADHYA PRADESH","district":"BALAGHAT","block":"KATANGI","indicator":"girls_toilet_nonfunctional"}},{"type":"Feature","geometry":{"type":"Point","coordinates":[80.52893,21.5065]},"properties":{"udise":"23450801701","name":"PS DAKHNITOLA","state":"MADHYA PRADESH","district":"BALAGHAT","block":"LANJI","indicator":"girls_toilet_nonfunctional"}},{"type":"Feature","geometry":{"type":"Point","coordinates":[80.4871,21.92345]},"properties":{"udise":"23450911902","name":"MS DHANITOLA","state":"MADHYA PRADESH","district":"BALAGHAT","block":"BAIHAR","indicator":"girls_toilet_nonfunctional"}},{"type":"Feature","geometry":{"type":"Point","coordinates":[80.54919,21.47489]},"properties":{"udise":"23450800702","name":"MS THANEGAON","state":"MADHYA PRADESH","district":"BALAGHAT","block":"LANJI","indicator":"girls_toilet_nonfunctional"}},{"type":"Feature","geometry":{"type":"Point","coordinates":[74.89687,21.68582]},"properties":{"udise":"23281107805","name":"PS VARTI FALYA GUMDIYA BUJURG","state":"MADHYA PRADESH","district":"BARWANI","block":"NIWALI","indicator":"no_girls_toilet"}},{"type":"Feature","geometry":{"type":"Point","coordinates":[74.4513,21.97005]},"properties":{"udise":"23280409202","name":"PS MEMBAR FALYA SAG BARA","state":"MADHYA PRADESH","district":"BARWANI","block":"PATI","indicator":"no_girls_toilet"}},{"type":"Feature","geometry":{"type":"Point","coordinates":[74.57231,21.99021]},"properties":{"udise":"23280403002","name":"PS PATEL FALYA GHONGHASA","state":"MADHYA PRADESH","district":"BARWANI","block":"PATI","indicator":"no_girls_toilet"}},{"type":"Feature","geometry":{"type":"Point","coordinates":[75.09532,21.68314]},"properties":{"udise":"23280511108","name":"PS NAVNI FALYA, KHURMABAD","state":"MADHYA PRADESH","district":"BARWANI","block":"SENDHWA","indicator":"no_girls_toilet"}},{"type":"Feature","geometry":{"type":"Point","coordinates":[75.00963,21.72584]},"properties":{"udise":"23280112301","name":"PS BANDRIYA FALYA KUK.KHEDA","state":"MADHYA PRADESH","district":"BARWANI","block":"RAJPUR","indicator":"no_girls_toilet"}},{"type":"Feature","geometry":{"type":"Point","coordinates":[75.04772,21.90602]},"properties":{"udise":"23280116012","name":"PS DAIMATA FALYA MORANI","state":"MADHYA PRADESH","district":"BARWANI","block":"RAJPUR","indicator":"no_girls_toilet"}},{"type":"Feature","geometry":{"type":"Point","coordinates":[75.08776,21.68624]},"properties":{"udise":"23280502219","name":"PS KIRATA FALYA, DHANORA","state":"MADHYA PRADESH","district":"BARWANI","block":"SENDHWA","indicator":"no_girls_toilet"}},{"type":"Feature","geometry":{"type":"Point","coordinates":[74.95744,21.71754]},"properties":{"udise":"23281107903","name":"PS KANASYA FALYA MOHLIYA","state":"MADHYA PRADESH","district":"BARWANI","block":"NIWALI","indicator":"no_girls_toilet"}},{"type":"Feature","geometry":{"type":"Point","coordinates":[74.94675,22.06475]},"properties":{"udise":"23280301502","name":"PS SOSAD FALYA DEHDLA","state":"MADHYA PRADESH","district":"BARWANI","block":"BARWANI","indicator":"no_girls_toilet"}},{"type":"Feature","geometry":{"type":"Point","coordinates":[74.69272,22.00332]},"properties":{"udise":"23280400304","name":"PS MENAPANI FALYA NALTI","state":"MADHYA PRADESH","district":"BARWANI","block":"PATI","indicator":"no_girls_toilet"}},{"type":"Feature","geometry":{"type":"Point","coordinates":[75.12992,21.9452]},"properties":{"udise":"23280109006","name":"PS NESH FALYA, ROJHANI","state":"MADHYA PRADESH","district":"BARWANI","block":"RAJPUR","indicator":"no_girls_toilet"}},{"type":"Feature","geometry":{"type":"Point","coordinates":[75.03772,21.68118]},"properties":{"udise":"23281106403","name":"PS KOLIPURA","state":"MADHYA PRADESH","district":"BARWANI","block":"NIWALI","indicator":"no_girls_toilet"}},{"type":"Feature","geometry":{"type":"Point","coordinates":[74.88601,21.79177]},"properties":{"udise":"23280302205","name":"PS KHUTIYA FALYA SUKHPURI","state":"MADHYA PRADESH","district":"BARWANI","block":"BARWANI","indicator":"no_girls_toilet"}},{"type":"Feature","geometry":{"type":"Point","coordinates":[74.87981,22.0286]},"properties":{"udise":"23280305715","name":"PS SARPANCH FALYA BARWANI KHURD","state":"MADHYA PRADESH","district":"BARWANI","block":"BARWANI","indicator":"no_girls_toilet"}},{"type":"Feature","geometry":{"type":"Point","coordinates":[74.95881,21.73902]},"properties":{"udise":"23281106903","name":"PS PIPAL PANI FALYA FULJWARI","state":"MADHYA PRADESH","district":"BARWANI","block":"NIWALI","indicator":"no_girls_toilet"}},{"type":"Feature","geometry":{"type":"Point","coordinates":[74.82909,21.78547]},"properties":{"udise":"23280300103","name":"PS FAFRIYA FALYA MARDAI","state":"MADHYA PRADESH","district":"BARWANI","block":"BARWANI","indicator":"no_girls_toilet"}},{"type":"Feature","geometry":{"type":"Point","coordinates":[74.96373,21.61533]},"properties":{"udise":"23281101002","name":"PS IMLI FALYA RAJMALI","state":"MADHYA PRADESH","district":"BARWANI","block":"NIWALI","indicator":"no_girls_toilet"}},{"type":"Feature","geometry":{"type":"Point","coordinates":[75.39644,22.06714]},"properties":{"udise":"23281606607","name":"PS DHAKRIYA PURA SURANA","state":"MADHYA PRADESH","district":"BARWANI","block":"THIKRI","indicator":"no_girls_toilet"}},{"type":"Feature","geometry":{"type":"Point","coordinates":[75.29827,21.82779]},"properties":{"udise":"23280109606","name":"PS BHEDIYAPURA BOBAL WADI","state":"MADHYA PRADESH","district":"BARWANI","block":"RAJPUR","indicator":"no_girls_toilet"}},{"type":"Feature","geometry":{"type":"Point","coordinates":[75.17625,21.43237]},"properties":{"udise":"23280515903","name":"PS GIRLS VARLA","state":"MADHYA PRADESH","district":"BARWANI","block":"SENDHWA","indicator":"no_girls_toilet"}},{"type":"Feature","geometry":{"type":"Point","coordinates":[74.91218,21.78542]},"properties":{"udise":"23280300603","name":"PS NAWAD FALYA BHURA KUA","state":"MADHYA PRADESH","district":"BARWANI","block":"BARWANI","indicator":"no_girls_toilet"}},{"type":"Feature","geometry":{"type":"Point","coordinates":[74.93817,21.90818]},"properties":{"udise":"23280307008","name":"PS MAGARPATI PANCH PULLA UTTAR","state":"MADHYA PRADESH","district":"BARWANI","block":"BARWANI","indicator":"no_girls_toilet"}},{"type":"Feature","geometry":{"type":"Point","coordinates":[75.04409,21.78507]},"properties":{"udise":"23281102213","name":"PS KONDALYA FALYA DONDVADA","state":"MADHYA PRADESH","district":"BARWANI","block":"NIWALI","indicator":"no_girls_toilet"}},{"type":"Feature","geometry":{"type":"Point","coordinates":[75.12992,21.94521]},"properties":{"udise":"23280103907","name":"PS PALASPANI, NIHALI(MATLI)","state":"MADHYA PRADESH","district":"BARWANI","block":"RAJPUR","indicator":"no_girls_toilet"}},{"type":"Feature","geometry":{"type":"Point","coordinates":[75.38155,22.09798]},"properties":{"udise":"23281608801","name":"PS GIRLS JARWAH","state":"MADHYA PRADESH","district":"BARWANI","block":"THIKRI","indicator":"no_girls_toilet"}},{"type":"Feature","geometry":{"type":"Point","coordinates":[75.16921,21.45074]},"properties":{"udise":"23280516203","name":"PS VERSINGH FALYA KHUTWADI","state":"MADHYA PRADESH","district":"BARWANI","block":"SENDHWA","indicator":"no_girls_toilet"}},{"type":"Feature","geometry":{"type":"Point","coordinates":[75.12983,21.94521]},"properties":{"udise":"23280104310","name":"PS LOBHANYA FALYA, JALKHEDA","state":"MADHYA PRADESH","district":"BARWANI","block":"RAJPUR","indicator":"no_girls_toilet"}},{"type":"Feature","geometry":{"type":"Point","coordinates":[74.69675,21.88774]},"properties":{"udise":"23280407807","name":"PS KHERVA FALYA SAWARIYA PANI","state":"MADHYA PRADESH","district":"BARWANI","block":"PATI","indicator":"no_girls_toilet"}},{"type":"Feature","geometry":{"type":"Point","coordinates":[74.95007,21.89456]},"properties":{"udise":"23280307003","name":"MS PANCHPULA UTTAR","state":"MADHYA PRADESH","district":"BARWANI","block":"BARWANI","indicator":"no_girls_toilet"}},{"type":"Feature","geometry":{"type":"Point","coordinates":[74.90302,21.80994]},"properties":{"udise":"23280104305","name":"PS TADBARI FALYA JAL KHEDA","state":"MADHYA PRADESH","district":"BARWANI","block":"RAJPUR","indicator":"no_girls_toilet"}},{"type":"Feature","geometry":{"type":"Point","coordinates":[74.58281,21.79907]},"properties":{"udise":"23280703107","name":"PS AKAL AMBA MALGAON","state":"MADHYA PRADESH","district":"BARWANI","block":"PANSEMAL","indicator":"no_girls_toilet"}},{"type":"Feature","geometry":{"type":"Point","coordinates":[75.02677,21.77764]},"properties":{"udise":"23281102201","name":"PS NO.1 DONDWADA","state":"MADHYA PRADESH","district":"BARWANI","block":"NIWALI","indicator":"no_girls_toilet"}},{"type":"Feature","geometry":{"type":"Point","coordinates":[75.30225,22.12156]},"properties":{"udise":"23281608101","name":"PS NANDGAON","state":"MADHYA PRADESH","district":"BARWANI","block":"THIKRI","indicator":"no_girls_toilet"}},{"type":"Feature","geometry":{"type":"Point","coordinates":[75.10802,21.8919]},"properties":{"udise":"23280105914","name":"PS MORIYA FALYA DANOD","state":"MADHYA PRADESH","district":"BARWANI","block":"RAJPUR","indicator":"no_girls_toilet"}},{"type":"Feature","geometry":{"type":"Point","coordinates":[74.96907,21.84745]},"properties":{"udise":"23280302609","name":"PS GONDI FALYA CHIKLYA","state":"MADHYA PRADESH","district":"BARWANI","block":"BARWANI","indicator":"no_girls_toilet"}},{"type":"Feature","geometry":{"type":"Point","coordinates":[75.1831,21.46042]},"properties":{"udise":"23280516201","name":"PS KHUTWADI","state":"MADHYA PRADESH","district":"BARWANI","block":"SENDHWA","indicator":"no_girls_toilet"}},{"type":"Feature","geometry":{"type":"Point","coordinates":[75.13878,21.66406]},"properties":{"udise":"23280504906","name":"PS RAWAT FALYA NAWAL PURA","state":"MADHYA PRADESH","district":"BARWANI","block":"SENDHWA","indicator":"no_girls_toilet"}},{"type":"Feature","geometry":{"type":"Point","coordinates":[74.94904,21.90218]},"properties":{"udise":"23280307006","name":"PS BAMNIYA FALYA, PANCHPULA UTTAR","state":"MADHYA PRADESH","district":"BARWANI","block":"BARWANI","indicator":"no_girls_toilet"}},{"type":"Feature","geometry":{"type":"Point","coordinates":[74.63847,22.00999]},"properties":{"udise":"23280401106","name":"PS ROHAJYA FALYA BORKHEDI","state":"MADHYA PRADESH","district":"BARWANI","block":"PATI","indicator":"no_girls_toilet"}},{"type":"Feature","geometry":{"type":"Point","coordinates":[74.63601,22.02167]},"properties":{"udise":"23280401108","name":"PS CHHOTA RAHANYA FALYA BORKHEDI","state":"MADHYA PRADESH","district":"BARWANI","block":"PATI","indicator":"no_girls_toilet"}},{"type":"Feature","geometry":{"type":"Point","coordinates":[74.54894,21.83992]},"properties":{"udise":"23280410303","name":"PS NAVADIYA FALYA JHARAR","state":"MADHYA PRADESH","district":"BARWANI","block":"PATI","indicator":"no_girls_toilet"}},{"type":"Feature","geometry":{"type":"Point","coordinates":[75.08778,21.6862]},"properties":{"udise":"23280508707","name":"PS DEDA FALYA, MUHALA","state":"MADHYA PRADESH","district":"BARWANI","block":"SENDHWA","indicator":"no_girls_toilet"}},{"type":"Feature","geometry":{"type":"Point","coordinates":[74.5329,21.90533]},"properties":{"udise":"23280403503","name":"PS GAYGHAT FALYA VANGRAM","state":"MADHYA PRADESH","district":"BARWANI","block":"PATI","indicator":"no_girls_toilet"}},{"type":"Feature","geometry":{"type":"Point","coordinates":[74.62906,21.73576]},"properties":{"udise":"23280703603","name":"MS AAMJHIRI (1 TO 8)","state":"MADHYA PRADESH","district":"BARWANI","block":"PANSEMAL","indicator":"no_girls_toilet"}},{"type":"Feature","geometry":{"type":"Point","coordinates":[74.98288,21.67809]},"properties":{"udise":"23281106004","name":"PS KHARTYA FALYA MOGARI KHEDA","state":"MADHYA PRADESH","district":"BARWANI","block":"NIWALI","indicator":"no_girls_toilet"}},{"type":"Feature","geometry":{"type":"Point","coordinates":[74.96009,21.64033]},"properties":{"udise":"23281100903","name":"PS VAN FALYA JHARI MATA","state":"MADHYA PRADESH","district":"BARWANI","block":"NIWALI","indicator":"no_girls_toilet"}},{"type":"Feature","geometry":{"type":"Point","coordinates":[74.95994,21.85412]},"properties":{"udise":"23280302608","name":"PS IMLI FALYA CHIKLYA","state":"MADHYA PRADESH","district":"BARWANI","block":"BARWANI","indicator":"no_girls_toilet"}},{"type":"Feature","geometry":{"type":"Point","coordinates":[74.9863,21.68497]},"properties":{"udise":"23281106003","name":"PS VECHAN FALYA MOGARI KHEDA","state":"MADHYA PRADESH","district":"BARWANI","block":"NIWALI","indicator":"no_girls_toilet"}},{"type":"Feature","geometry":{"type":"Point","coordinates":[75.4002,22.06566]},"properties":{"udise":"23281605803","name":"MS THIKRI (1 TO 8)","state":"MADHYA PRADESH","district":"BARWANI","block":"THIKRI","indicator":"no_girls_toilet"}},{"type":"Feature","geometry":{"type":"Point","coordinates":[75.1873,21.75516]},"properties":{"udise":"23280107906","name":"PS PARMALYAPURA BAGHAD","state":"MADHYA PRADESH","district":"BARWANI","block":"RAJPUR","indicator":"no_girls_toilet"}},{"type":"Feature","geometry":{"type":"Point","coordinates":[75.31911,21.60429]},"properties":{"udise":"23280512004","name":"PS LOHANGA FALYA CHITHRAI","state":"MADHYA PRADESH","district":"BARWANI","block":"SENDHWA","indicator":"girls_toilet_nonfunctional"}},{"type":"Feature","geometry":{"type":"Point","coordinates":[75.32154,22.07813]},"properties":{"udise":"23281600301","name":"PS ASHRAM KERVA","state":"MADHYA PRADESH","district":"BARWANI","block":"THIKRI","indicator":"girls_toilet_nonfunctional"}},{"type":"Feature","geometry":{"type":"Point","coordinates":[75.34067,21.95616]},"properties":{"udise":"23280107807","name":"BIORE ANIMATION SCHOOL TALABPURA (PS-58821)","state":"MADHYA PRADESH","district":"BARWANI","block":"RAJPUR","indicator":"girls_toilet_nonfunctional"}},{"type":"Feature","geometry":{"type":"Point","coordinates":[75.26986,21.79279]},"properties":{"udise":"23280108901","name":"PS NAGAL WADI KHURD","state":"MADHYA PRADESH","district":"BARWANI","block":"RAJPUR","indicator":"girls_toilet_nonfunctional"}},{"type":"Feature","geometry":{"type":"Point","coordinates":[75.32011,21.53612]},"properties":{"udise":"23280507708","name":"PS CHAMAR KUNDIYA","state":"MADHYA PRADESH","district":"BARWANI","block":"SENDHWA","indicator":"girls_toilet_nonfunctional"}},{"type":"Feature","geometry":{"type":"Point","coordinates":[74.54361,21.75137]},"properties":{"udise":"23280702708","name":"PS TAROLE FALYA KARAN PURA","state":"MADHYA PRADESH","district":"BARWANI","block":"PANSEMAL","indicator":"girls_toilet_nonfunctional"}},{"type":"Feature","geometry":{"type":"Point","coordinates":[74.78447,21.6806]},"properties":{"udise":"23280701502","name":"MS SHIVNI PADAWA (1 TO 8)","state":"MADHYA PRADESH","district":"BARWANI","block":"PANSEMAL","indicator":"girls_toilet_nonfunctional"}},{"type":"Feature","geometry":{"type":"Point","coordinates":[75.13459,21.79828]},"properties":{"udise":"23280114403","name":"PS ANJANIYA PURA TEMLA","state":"MADHYA PRADESH","district":"BARWANI","block":"RAJPUR","indicator":"girls_toilet_nonfunctional"}},{"type":"Feature","geometry":{"type":"Point","coordinates":[74.75998,21.68358]},"properties":{"udise":"23280700904","name":"PS INDIRA AAWAS BANDAHARA KHURD","state":"MADHYA PRADESH","district":"BARWANI","block":"PANSEMAL","indicator":"girls_toilet_nonfunctional"}},{"type":"Feature","geometry":{"type":"Point","coordinates":[74.654,21.71412]},"properties":{"udise":"23280703204","name":"PS INDIRA PLOT TEMLA","state":"MADHYA PRADESH","district":"BARWANI","block":"PANSEMAL","indicator":"girls_toilet_nonfunctional"}},{"type":"Feature","geometry":{"type":"Point","coordinates":[75.04309,21.97376]},"properties":{"udise":"23280106304","name":"MS SALI (1 TO 8)","state":"MADHYA PRADESH","district":"BARWANI","block":"RAJPUR","indicator":"girls_toilet_nonfunctional"}},{"type":"Feature","geometry":{"type":"Point","coordinates":[74.7499,21.84991]},"properties":{"udise":"23280404802","name":"MS BERDA (1 TO 8)","state":"MADHYA PRADESH","district":"BARWANI","block":"PATI","indicator":"girls_toilet_nonfunctional"}},{"type":"Feature","geometry":{"type":"Point","coordinates":[75.28319,21.81435]},"properties":{"udise":"23280108202","name":"MS NILKANTH","state":"MADHYA PRADESH","district":"BARWANI","block":"RAJPUR","indicator":"girls_toilet_nonfunctional"}},{"type":"Feature","geometry":{"type":"Point","coordinates":[74.65323,21.7104]},"properties":{"udise":"23280703205","name":"HS TEMLA (1 TO 10)","state":"MADHYA PRADESH","district":"BARWANI","block":"PANSEMAL","indicator":"girls_toilet_nonfunctional"}},{"type":"Feature","geometry":{"type":"Point","coordinates":[74.90055,22.00446]},"properties":{"udise":"23280306807","name":"PS MOHANSINGH FALYA, BADGAON","state":"MADHYA PRADESH","district":"BARWANI","block":"BARWANI","indicator":"girls_toilet_nonfunctional"}},{"type":"Feature","geometry":{"type":"Point","coordinates":[75.19208,21.79805]},"properties":{"udise":"23280108003","name":"PS PATELPURA MATMUR","state":"MADHYA PRADESH","district":"BARWANI","block":"RAJPUR","indicator":"girls_toilet_nonfunctional"}},{"type":"Feature","geometry":{"type":"Point","coordinates":[75.12773,21.94225]},"properties":{"udise":"23280104137","name":"CREATIVE ACADEMY RAJPUR","state":"MADHYA PRADESH","district":"BARWANI","block":"RAJPUR","indicator":"girls_toilet_nonfunctional"}},{"type":"Feature","geometry":{"type":"Point","coordinates":[74.76714,21.63098]},"properties":{"udise":"23280702103","name":"PS RAYDA FALYA PADLIYA","state":"MADHYA PRADESH","district":"BARWANI","block":"PANSEMAL","indicator":"girls_toilet_nonfunctional"}},{"type":"Feature","geometry":{"type":"Point","coordinates":[74.71891,21.65458]},"properties":{"udise":"23280705301","name":"PS CHIKHALDA","state":"MADHYA PRADESH","district":"BARWANI","block":"PANSEMAL","indicator":"girls_toilet_nonfunctional"}},{"type":"Feature","geometry":{"type":"Point","coordinates":[74.89339,21.84519]},"properties":{"udise":"23280306202","name":"MS RASGAON (1 TO 8)","state":"MADHYA PRADESH","district":"BARWANI","block":"BARWANI","indicator":"girls_toilet_nonfunctional"}},{"type":"Feature","geometry":{"type":"Point","coordinates":[74.97387,21.96903]},"properties":{"udise":"23280303502","name":"PS SARPANCH FALYA DHABA BAWADI","state":"MADHYA PRADESH","district":"BARWANI","block":"BARWANI","indicator":"girls_toilet_nonfunctional"}},{"type":"Feature","geometry":{"type":"Point","coordinates":[75.23812,21.76486]},"properties":{"udise":"23280101423","name":"IPS ACADEMY NAGALWADI","state":"MADHYA PRADESH","district":"BARWANI","block":"RAJPUR","indicator":"girls_toilet_nonfunctional"}},{"type":"Feature","geometry":{"type":"Point","coordinates":[74.94493,21.74381]},"properties":{"udise":"23281106909","name":"PS DEHRI FALYA FULJWARI","state":"MADHYA PRADESH","district":"BARWANI","block":"NIWALI","indicator":"girls_toilet_nonfunctional"}},{"type":"Feature","geometry":{"type":"Point","coordinates":[75.13618,21.69572]},"properties":{"udise":"23280512602","name":"MS BANIHAR","state":"MADHYA PRADESH","district":"BARWANI","block":"SENDHWA","indicator":"girls_toilet_nonfunctional"}},{"type":"Feature","geometry":{"type":"Point","coordinates":[74.6746,21.73457]},"properties":{"udise":"23280707105","name":"PS KHAMGHAT, KHODAMUHALI","state":"MADHYA PRADESH","district":"BARWANI","block":"PANSEMAL","indicator":"girls_toilet_nonfunctional"}},{"type":"Feature","geometry":{"type":"Point","coordinates":[75.26962,22.02546]},"properties":{"udise":"23281604410","name":"PS NAVALPURA BAGHADI","state":"MADHYA PRADESH","district":"BARWANI","block":"THIKRI","indicator":"girls_toilet_nonfunctional"}},{"type":"Feature","geometry":{"type":"Point","coordinates":[74.69388,21.64086]},"properties":{"udise":"23280704001","name":"PS BALJHIRI NO.1","state":"MADHYA PRADESH","district":"BARWANI","block":"PANSEMAL","indicator":"girls_toilet_nonfunctional"}},{"type":"Feature","geometry":{"type":"Point","coordinates":[74.66842,22.02466]},"properties":{"udise":"23280401107","name":"PS PATEL KHEDA BORKHEDI","state":"MADHYA PRADESH","district":"BARWANI","block":"PATI","indicator":"girls_toilet_nonfunctional"}},{"type":"Feature","geometry":{"type":"Point","coordinates":[74.69767,21.72143]},"properties":{"udise":"23280706902","name":"PS CHUNA BHATTI NO.2","state":"MADHYA PRADESH","district":"BARWANI","block":"PANSEMAL","indicator":"girls_toilet_nonfunctional"}},{"type":"Feature","geometry":{"type":"Point","coordinates":[75.1464,21.84627]},"properties":{"udise":"23280114307","name":"MS TALAB FALYA INDRAPUR","state":"MADHYA PRADESH","district":"BARWANI","block":"RAJPUR","indicator":"girls_toilet_nonfunctional"}},{"type":"Feature","geometry":{"type":"Point","coordinates":[74.58136,21.73077]},"properties":{"udise":"23280703110","name":"PS DONGRIYA FALYA MALGAON","state":"MADHYA PRADESH","district":"BARWANI","block":"PANSEMAL","indicator":"girls_toilet_nonfunctional"}},{"type":"Feature","geometry":{"type":"Point","coordinates":[74.75884,21.76954]},"properties":{"udise":"23280705701","name":"PS UMAR BEDA","state":"MADHYA PRADESH","district":"BARWANI","block":"PANSEMAL","indicator":"girls_toilet_nonfunctional"}},{"type":"Feature","geometry":{"type":"Point","coordinates":[74.56267,21.81535]},"properties":{"udise":"23280703105","name":"PS MANJNI FALYA MALGAON","state":"MADHYA PRADESH","district":"BARWANI","block":"PANSEMAL","indicator":"girls_toilet_nonfunctional"}},{"type":"Feature","geometry":{"type":"Point","coordinates":[75.37343,21.64975]},"properties":{"udise":"23280512402","name":"PS SULYA FALYA AAMJHIRI","state":"MADHYA PRADESH","district":"BARWANI","block":"SENDHWA","indicator":"girls_toilet_nonfunctional"}},{"type":"Feature","geometry":{"type":"Point","coordinates":[75.09981,21.89471]},"properties":{"udise":"23280105909","name":"PS SASTIYA FALYA DANOD","state":"MADHYA PRADESH","district":"BARWANI","block":"RAJPUR","indicator":"girls_toilet_nonfunctional"}},{"type":"Feature","geometry":{"type":"Point","coordinates":[75.29925,21.83782]},"properties":{"udise":"23280109701","name":"PS DEV JHIRI","state":"MADHYA PRADESH","district":"BARWANI","block":"RAJPUR","indicator":"girls_toilet_nonfunctional"}},{"type":"Feature","geometry":{"type":"Point","coordinates":[75.30869,22.0125]},"properties":{"udise":"23281601801","name":"PS TEMLA","state":"MADHYA PRADESH","district":"BARWANI","block":"THIKRI","indicator":"girls_toilet_nonfunctional"}},{"type":"Feature","geometry":{"type":"Point","coordinates":[74.74691,21.73882]},"properties":{"udise":"23280705102","name":"PS BHANGYA FALYA GANDRI","state":"MADHYA PRADESH","district":"BARWANI","block":"PANSEMAL","indicator":"girls_toilet_nonfunctional"}},{"type":"Feature","geometry":{"type":"Point","coordinates":[74.52387,21.81887]},"properties":{"udise":"23280701801","name":"PS MOGARA PANI","state":"MADHYA PRADESH","district":"BARWANI","block":"PANSEMAL","indicator":"girls_toilet_nonfunctional"}},{"type":"Feature","geometry":{"type":"Point","coordinates":[74.90706,22.03371]},"properties":{"udise":"23280311401","name":"PS TIL GOLA, BARWANI","state":"MADHYA PRADESH","district":"BARWANI","block":"BARWANI","indicator":"girls_toilet_nonfunctional"}},{"type":"Feature","geometry":{"type":"Point","coordinates":[74.56182,21.72605]},"properties":{"udise":"23280701610","name":"PS KATHADIYA FALYA BHATKI","state":"MADHYA PRADESH","district":"BARWANI","block":"PANSEMAL","indicator":"girls_toilet_nonfunctional"}},{"type":"Feature","geometry":{"type":"Point","coordinates":[74.8075,21.67742]},"properties":{"udise":"23280701306","name":"PS SAKDIYAMAL FALYA MANDAVI","state":"MADHYA PRADESH","district":"BARWANI","block":"PANSEMAL","indicator":"girls_toilet_nonfunctional"}},{"type":"Feature","geometry":{"type":"Point","coordinates":[75.1253,21.81768]},"properties":{"udise":"23280106903","name":"PS BOR KACHHLI FALYA MANDWADI","state":"MADHYA PRADESH","district":"BARWANI","block":"RAJPUR","indicator":"girls_toilet_nonfunctional"}},{"type":"Feature","geometry":{"type":"Point","coordinates":[74.62116,21.72736]},"properties":{"udise":"23280703604","name":"PS PATEL FALYA AAMJHIRI","state":"MADHYA PRADESH","district":"BARWANI","block":"PANSEMAL","indicator":"girls_toilet_nonfunctional"}},{"type":"Feature","geometry":{"type":"Point","coordinates":[74.74669,21.94076]},"properties":{"udise":"23280405313","name":"PERSONEZ VALUES SCHOOL PATI","state":"MADHYA PRADESH","district":"BARWANI","block":"PATI","indicator":"girls_toilet_nonfunctional"}},{"type":"Feature","geometry":{"type":"Point","coordinates":[74.97261,21.86438]},"properties":{"udise":"23280302902","name":"MS JADA KHAU","state":"MADHYA PRADESH","district":"BARWANI","block":"BARWANI","indicator":"girls_toilet_nonfunctional"}},{"type":"Feature","geometry":{"type":"Point","coordinates":[74.69899,21.71677]},"properties":{"udise":"23280706703","name":"PS TEMRIYA FALYA PIPRANI","state":"MADHYA PRADESH","district":"BARWANI","block":"PANSEMAL","indicator":"girls_toilet_nonfunctional"}},{"type":"Feature","geometry":{"type":"Point","coordinates":[74.9225,21.76043]},"properties":{"udise":"23280300702","name":"MS UMEDRA (1 TO 8)","state":"MADHYA PRADESH","district":"BARWANI","block":"BARWANI","indicator":"girls_toilet_nonfunctional"}},{"type":"Feature","geometry":{"type":"Point","coordinates":[74.86397,21.7422]},"properties":{"udise":"23280300506","name":"PS VANGYADEV FALYA KAJAL MATA","state":"MADHYA PRADESH","district":"BARWANI","block":"BARWANI","indicator":"girls_toilet_nonfunctional"}},{"type":"Feature","geometry":{"type":"Point","coordinates":[74.64606,21.76035]},"properties":{"udise":"23280703605","name":"PS BANDASEMAL FALYA AAMJHIRI","state":"MADHYA PRADESH","district":"BARWANI","block":"PANSEMAL","indicator":"girls_toilet_nonfunctional"}},{"type":"Feature","geometry":{"type":"Point","coordinates":[74.75831,21.69071]},"properties":{"udise":"23280704601","name":"PS VASALYA PANI","state":"MADHYA PRADESH","district":"BARWANI","block":"PANSEMAL","indicator":"girls_toilet_nonfunctional"}},{"type":"Feature","geometry":{"type":"Point","coordinates":[74.79525,21.85822]},"properties":{"udise":"23280404408","name":"PS MALI FALYA DONGAR GAON","state":"MADHYA PRADESH","district":"BARWANI","block":"PATI","indicator":"girls_toilet_nonfunctional"}},{"type":"Feature","geometry":{"type":"Point","coordinates":[74.5371,21.7748]},"properties":{"udise":"23280702706","name":"PS MUVKHASAD FALYA KARAN PURA","state":"MADHYA PRADESH","district":"BARWANI","block":"PANSEMAL","indicator":"girls_toilet_nonfunctional"}},{"type":"Feature","geometry":{"type":"Point","coordinates":[75.20137,21.80863]},"properties":{"udise":"23280101111","name":"PS KAWCHHAPURA OJHAR","state":"MADHYA PRADESH","district":"BARWANI","block":"RAJPUR","indicator":"girls_toilet_nonfunctional"}},{"type":"Feature","geometry":{"type":"Point","coordinates":[74.80651,21.7073]},"properties":{"udise":"23280709404","name":"MS MOHLYAPANI","state":"MADHYA PRADESH","district":"BARWANI","block":"PANSEMAL","indicator":"girls_toilet_nonfunctional"}},{"type":"Feature","geometry":{"type":"Point","coordinates":[74.68799,21.78678]},"properties":{"udise":"23280409603","name":"PS JHIRPANIYA","state":"MADHYA PRADESH","district":"BARWANI","block":"PATI","indicator":"girls_toilet_nonfunctional"}},{"type":"Feature","geometry":{"type":"Point","coordinates":[75.32157,21.59515]},"properties":{"udise":"23280509303","name":"PS RAJARAM FALYA KOTKIRADI","state":"MADHYA PRADESH","district":"BARWANI","block":"SENDHWA","indicator":"girls_toilet_nonfunctional"}},{"type":"Feature","geometry":{"type":"Point","coordinates":[75.18465,21.90806]},"properties":{"udise":"23280108801","name":"PS MOYDA","state":"MADHYA PRADESH","district":"BARWANI","block":"RAJPUR","indicator":"girls_toilet_nonfunctional"}},{"type":"Feature","geometry":{"type":"Point","coordinates":[74.71761,21.70569]},"properties":{"udise":"23280706802","name":"PS DEMASYA FALYA GORI KHEDA","state":"MADHYA PRADESH","district":"BARWANI","block":"PANSEMAL","indicator":"girls_toilet_nonfunctional"}},{"type":"Feature","geometry":{"type":"Point","coordinates":[75.37169,22.00863]},"properties":{"udise":"23281611301","name":"PS DEWADA","state":"MADHYA PRADESH","district":"BARWANI","block":"THIKRI","indicator":"girls_toilet_nonfunctional"}},{"type":"Feature","geometry":{"type":"Point","coordinates":[74.67195,21.80909]},"properties":{"udise":"23280406502","name":"PS KUTBA FALYA MORANI","state":"MADHYA PRADESH","district":"BARWANI","block":"PATI","indicator":"girls_toilet_nonfunctional"}},{"type":"Feature","geometry":{"type":"Point","coordinates":[74.92508,21.78172]},"properties":{"udise":"23280300602","name":"MS BHURAKUA (1 TO 8)","state":"MADHYA PRADESH","district":"BARWANI","block":"BARWANI","indicator":"girls_toilet_nonfunctional"}},{"type":"Feature","geometry":{"type":"Point","coordinates":[74.67404,21.72626]},"properties":{"udise":"23280708603","name":"PS MALPURA","state":"MADHYA PRADESH","district":"BARWANI","block":"PANSEMAL","indicator":"girls_toilet_nonfunctional"}},{"type":"Feature","geometry":{"type":"Point","coordinates":[75.19811,21.86401]},"properties":{"udise":"23280103804","name":"LITTLE ROSE MIDDLE JULWANIYA","state":"MADHYA PRADESH","district":"BARWANI","block":"RAJPUR","indicator":"girls_toilet_nonfunctional"}},{"type":"Feature","geometry":{"type":"Point","coordinates":[75.12994,21.94518]},"properties":{"udise":"23280114314","name":"MS LOTANDEV FALYA, INDRAPUR","state":"MADHYA PRADESH","district":"BARWANI","block":"RAJPUR","indicator":"girls_toilet_nonfunctional"}},{"type":"Feature","geometry":{"type":"Point","coordinates":[74.70249,21.85579]},"properties":{"udise":"23280406003","name":"PS PUJARIYA FALYA BHESARI","state":"MADHYA PRADESH","district":"BARWANI","block":"PATI","indicator":"girls_toilet_nonfunctional"}},{"type":"Feature","geometry":{"type":"Point","coordinates":[75.04021,21.66347]},"properties":{"udise":"23281106405","name":"PS AGLA FALYA CHATALI","state":"MADHYA PRADESH","district":"BARWANI","block":"NIWALI","indicator":"girls_toilet_nonfunctional"}},{"type":"Feature","geometry":{"type":"Point","coordinates":[74.72971,21.67181]},"properties":{"udise":"23280705001","name":"PS DIVADIYA","state":"MADHYA PRADESH","district":"BARWANI","block":"PANSEMAL","indicator":"girls_toilet_nonfunctional"}},{"type":"Feature","geometry":{"type":"Point","coordinates":[74.92562,21.78375]},"properties":{"udise":"23280300604","name":"HS BHURA KUA","state":"MADHYA PRADESH","district":"BARWANI","block":"BARWANI","indicator":"girls_toilet_nonfunctional"}},{"type":"Feature","geometry":{"type":"Point","coordinates":[74.56196,21.70963]},"properties":{"udise":"23280701601","name":"PS GIRLS BHATKI","state":"MADHYA PRADESH","district":"BARWANI","block":"PANSEMAL","indicator":"girls_toilet_nonfunctional"}},{"type":"Feature","geometry":{"type":"Point","coordinates":[74.57938,21.73858]},"properties":{"udise":"23280703102","name":"PS BADA FALYA(MALGAON)","state":"MADHYA PRADESH","district":"BARWANI","block":"PANSEMAL","indicator":"girls_toilet_nonfunctional"}},{"type":"Feature","geometry":{"type":"Point","coordinates":[75.21575,21.94634]},"properties":{"udise":"23280115403","name":"PS BHILU FALYA KHARKAL","state":"MADHYA PRADESH","district":"BARWANI","block":"RAJPUR","indicator":"girls_toilet_nonfunctional"}},{"type":"Feature","geometry":{"type":"Point","coordinates":[74.90834,21.77695]},"properties":{"udise":"23280300301","name":"PS RATARIYA MAL","state":"MADHYA PRADESH","district":"BARWANI","block":"BARWANI","indicator":"girls_toilet_nonfunctional"}},{"type":"Feature","geometry":{"type":"Point","coordinates":[74.60397,21.73996]},"properties":{"udise":"23280703302","name":"MS CHICHWANIYA (1 TO 8)","state":"MADHYA PRADESH","district":"BARWANI","block":"PANSEMAL","indicator":"girls_toilet_nonfunctional"}},{"type":"Feature","geometry":{"type":"Point","coordinates":[74.77457,21.616]},"properties":{"udise":"23280706201","name":"PS MALKATRA","state":"MADHYA PRADESH","district":"BARWANI","block":"PANSEMAL","indicator":"girls_toilet_nonfunctional"}},{"type":"Feature","geometry":{"type":"Point","coordinates":[74.69998,21.86838]},"properties":{"udise":"23280406806","name":"MS PATEL FALYA KUMBHKHET","state":"MADHYA PRADESH","district":"BARWANI","block":"PATI","indicator":"girls_toilet_nonfunctional"}},{"type":"Feature","geometry":{"type":"Point","coordinates":[74.79979,21.77376]},"properties":{"udise":"23280300403","name":"PS PATLANMATA GOL BAWDI","state":"MADHYA PRADESH","district":"BARWANI","block":"BARWANI","indicator":"girls_toilet_nonfunctional"}},{"type":"Feature","geometry":{"type":"Point","coordinates":[74.79473,21.69125]},"properties":{"udise":"23280701503","name":"PS JULA FALYA SHIVNI PADAVA","state":"MADHYA PRADESH","district":"BARWANI","block":"PANSEMAL","indicator":"girls_toilet_nonfunctional"}},{"type":"Feature","geometry":{"type":"Point","coordinates":[75.20898,21.77017]},"properties":{"udise":"23280101702","name":"PS BORKHODRI","state":"MADHYA PRADESH","district":"BARWANI","block":"RAJPUR","indicator":"girls_toilet_nonfunctional"}},{"type":"Feature","geometry":{"type":"Point","coordinates":[74.68397,21.72971]},"properties":{"udise":"23280706903","name":"PS CHITAWAL FALYA CHUNA BHATTI","state":"MADHYA PRADESH","district":"BARWANI","block":"PANSEMAL","indicator":"girls_toilet_nonfunctional"}},{"type":"Feature","geometry":{"type":"Point","coordinates":[75.20699,21.86421]},"properties":{"udise":"23280103822","name":"SAI SHREE ACADEMY JULWANIYA","state":"MADHYA PRADESH","district":"BARWANI","block":"RAJPUR","indicator":"girls_toilet_nonfunctional"}},{"type":"Feature","geometry":{"type":"Point","coordinates":[75.17061,21.74896]},"properties":{"udise":"23280107907","name":"PS MICHRIYAPURA BAGHAD","state":"MADHYA PRADESH","district":"BARWANI","block":"RAJPUR","indicator":"girls_toilet_nonfunctional"}},{"type":"Feature","geometry":{"type":"Point","coordinates":[74.51145,21.80829]},"properties":{"udise":"23280702601","name":"PS TILLIKHET","state":"MADHYA PRADESH","district":"BARWANI","block":"PANSEMAL","indicator":"girls_toilet_nonfunctional"}},{"type":"Feature","geometry":{"type":"Point","coordinates":[74.96413,22.0516]},"properties":{"udise":"23280309204","name":"PS HARNIYA BEDA BAGUD","state":"MADHYA PRADESH","district":"BARWANI","block":"BARWANI","indicator":"girls_toilet_nonfunctional"}},{"type":"Feature","geometry":{"type":"Point","coordinates":[75.36742,22.00068]},"properties":{"udise":"23281611302","name":"PS CHOGDIYAPURA DEVADA","state":"MADHYA PRADESH","district":"BARWANI","block":"THIKRI","indicator":"girls_toilet_nonfunctional"}},{"type":"Feature","geometry":{"type":"Point","coordinates":[75.26804,21.89307]},"properties":{"udise":"23280106703","name":"MS PADLA (1 TO 8)","state":"MADHYA PRADESH","district":"BARWANI","block":"RAJPUR","indicator":"girls_toilet_nonfunctional"}},{"type":"Feature","geometry":{"type":"Point","coordinates":[75.28508,21.56391]},"properties":{"udise":"23280508303","name":"PS PALASIYA, KIRCHALI","state":"MADHYA PRADESH","district":"BARWANI","block":"SENDHWA","indicator":"girls_toilet_nonfunctional"}},{"type":"Feature","geometry":{"type":"Point","coordinates":[74.85167,21.77389]},"properties":{"udise":"23280309801","name":"PS BORCHAPDA","state":"MADHYA PRADESH","district":"BARWANI","block":"BARWANI","indicator":"girls_toilet_nonfunctional"}},{"type":"Feature","geometry":{"type":"Point","coordinates":[74.78975,21.94192]},"properties":{"udise":"23280405502","name":"MS MEGHA","state":"MADHYA PRADESH","district":"BARWANI","block":"PATI","indicator":"girls_toilet_nonfunctional"}},{"type":"Feature","geometry":{"type":"Point","coordinates":[74.90147,21.66409]},"properties":{"udise":"23281100503","name":"PS MOHTYA FALYA TALAV","state":"MADHYA PRADESH","district":"BARWANI","block":"NIWALI","indicator":"girls_toilet_nonfunctional"}},{"type":"Feature","geometry":{"type":"Point","coordinates":[74.90136,21.87362]},"properties":{"udise":"23280302502","name":"HS CHIKLIYA MALAN","state":"MADHYA PRADESH","district":"BARWANI","block":"BARWANI","indicator":"girls_toilet_nonfunctional"}},{"type":"Feature","geometry":{"type":"Point","coordinates":[75.05622,22.01539]},"properties":{"udise":"23281603003","name":"MS SAJVAY","state":"MADHYA PRADESH","district":"BARWANI","block":"THIKRI","indicator":"girls_toilet_nonfunctional"}},{"type":"Feature","geometry":{"type":"Point","coordinates":[75.28248,21.57617]},"properties":{"udise":"23280508301","name":"PS KIRCHALI","state":"MADHYA PRADESH","district":"BARWANI","block":"SENDHWA","indicator":"girls_toilet_nonfunctional"}},{"type":"Feature","geometry":{"type":"Point","coordinates":[74.76431,21.78074]},"properties":{"udise":"23280705702","name":"PS INDA FALYA UMAR BEDA","state":"MADHYA PRADESH","district":"BARWANI","block":"PANSEMAL","indicator":"girls_toilet_nonfunctional"}},{"type":"Feature","geometry":{"type":"Point","coordinates":[74.71984,21.72527]},"properties":{"udise":"23280706804","name":"PS OSIYA FALYA GORI KHEDA","state":"MADHYA PRADESH","district":"BARWANI","block":"PANSEMAL","indicator":"girls_toilet_nonfunctional"}},{"type":"Feature","geometry":{"type":"Point","coordinates":[74.75016,21.72743]},"properties":{"udise":"23280708203","name":"PS GARAMSINGH FALYA RAI CHUL","state":"MADHYA PRADESH","district":"BARWANI","block":"PANSEMAL","indicator":"girls_toilet_nonfunctional"}},{"type":"Feature","geometry":{"type":"Point","coordinates":[74.69396,21.68902]},"properties":{"udise":"23280706602","name":"MS JUNAPANI (1 TO 8)","state":"MADHYA PRADESH","district":"BARWANI","block":"PANSEMAL","indicator":"girls_toilet_nonfunctional"}},{"type":"Feature","geometry":{"type":"Point","coordinates":[75.25384,21.84021]},"properties":{"udise":"23280100203","name":"PS MALPURA BHORWADA","state":"MADHYA PRADESH","district":"BARWANI","block":"RAJPUR","indicator":"girls_toilet_nonfunctional"}},{"type":"Feature","geometry":{"type":"Point","coordinates":[74.51957,21.82862]},"properties":{"udise":"23280702007","name":"PS OKTAPANI FALYA BAYGOR","state":"MADHYA PRADESH","district":"BARWANI","block":"PANSEMAL","indicator":"girls_toilet_nonfunctional"}},{"type":"Feature","geometry":{"type":"Point","coordinates":[75.19811,21.86401]},"properties":{"udise":"23280103823","name":"MOUNT VALLY CONVENT SCHOOL JULWANIYA","state":"MADHYA PRADESH","district":"BARWANI","block":"RAJPUR","indicator":"girls_toilet_nonfunctional"}},{"type":"Feature","geometry":{"type":"Point","coordinates":[74.70778,21.83423]},"properties":{"udise":"23280409702","name":"PS PATEL FALYA KALMI JHAVAR","state":"MADHYA PRADESH","district":"BARWANI","block":"PATI","indicator":"girls_toilet_nonfunctional"}},{"type":"Feature","geometry":{"type":"Point","coordinates":[75.06403,21.91901]},"properties":{"udise":"23280116010","name":"PS BORKHODRI FALYA MORANI","state":"MADHYA PRADESH","district":"BARWANI","block":"RAJPUR","indicator":"girls_toilet_nonfunctional"}},{"type":"Feature","geometry":{"type":"Point","coordinates":[74.71023,21.71994]},"properties":{"udise":"23280706904","name":"PS REHJIYA FALYA CHUNA BHATTI","state":"MADHYA PRADESH","district":"BARWANI","block":"PANSEMAL","indicator":"girls_toilet_nonfunctional"}},{"type":"Feature","geometry":{"type":"Point","coordinates":[75.05708,21.82432]},"properties":{"udise":"23280103706","name":"PS KHADKYA FALYA JODAI","state":"MADHYA PRADESH","district":"BARWANI","block":"RAJPUR","indicator":"girls_toilet_nonfunctional"}},{"type":"Feature","geometry":{"type":"Point","coordinates":[75.33813,21.96608]},"properties":{"udise":"23280107801","name":"PS JAHUR","state":"MADHYA PRADESH","district":"BARWANI","block":"RAJPUR","indicator":"girls_toilet_nonfunctional"}},{"type":"Feature","geometry":{"type":"Point","coordinates":[74.57676,21.74494]},"properties":{"udise":"23280703112","name":"PS BIRDA FALYA MALGAON","state":"MADHYA PRADESH","district":"BARWANI","block":"PANSEMAL","indicator":"girls_toilet_nonfunctional"}},{"type":"Feature","geometry":{"type":"Point","coordinates":[75.25052,21.89084]},"properties":{"udise":"23280106702","name":"PS DABARPURA PADLA","state":"MADHYA PRADESH","district":"BARWANI","block":"RAJPUR","indicator":"girls_toilet_nonfunctional"}},{"type":"Feature","geometry":{"type":"Point","coordinates":[74.56678,21.72608]},"properties":{"udise":"23280701609","name":"PS KALJI FALYA BHATKI","state":"MADHYA PRADESH","district":"BARWANI","block":"PANSEMAL","indicator":"girls_toilet_nonfunctional"}},{"type":"Feature","geometry":{"type":"Point","coordinates":[75.18717,21.75076]},"properties":{"udise":"23280107901","name":"PS BAGHAD","state":"MADHYA PRADESH","district":"BARWANI","block":"RAJPUR","indicator":"girls_toilet_nonfunctional"}},{"type":"Feature","geometry":{"type":"Point","coordinates":[74.66259,21.68847]},"properties":{"udise":"23280704203","name":"MS GONGWADA","state":"MADHYA PRADESH","district":"BARWANI","block":"PANSEMAL","indicator":"girls_toilet_nonfunctional"}},{"type":"Feature","geometry":{"type":"Point","coordinates":[74.7663,21.67549]},"properties":{"udise":"23280705801","name":"PS PIPLOD","state":"MADHYA PRADESH","district":"BARWANI","block":"PANSEMAL","indicator":"girls_toilet_nonfunctional"}},{"type":"Feature","geometry":{"type":"Point","coordinates":[75.2883,21.86132]},"properties":{"udise":"23280109602","name":"PS MALBEDI","state":"MADHYA PRADESH","district":"BARWANI","block":"RAJPUR","indicator":"girls_toilet_nonfunctional"}},{"type":"Feature","geometry":{"type":"Point","coordinates":[74.7144,21.76066]},"properties":{"udise":"23280705504","name":"PS RICHHBARI FALYA SANPKHADKI","state":"MADHYA PRADESH","district":"BARWANI","block":"PANSEMAL","indicator":"girls_toilet_nonfunctional"}},{"type":"Feature","geometry":{"type":"Point","coordinates":[74.69554,21.63519]},"properties":{"udise":"23280704006","name":"PS GYANSINGH FALYA BALJHIRI","state":"MADHYA PRADESH","district":"BARWANI","block":"PANSEMAL","indicator":"girls_toilet_nonfunctional"}},{"type":"Feature","geometry":{"type":"Point","coordinates":[74.59458,21.84816]},"properties":{"udise":"23280409111","name":"PS BARI FALYA BOKRATA","state":"MADHYA PRADESH","district":"BARWANI","block":"PATI","indicator":"girls_toilet_nonfunctional"}},{"type":"Feature","geometry":{"type":"Point","coordinates":[74.80599,21.7076]},"properties":{"udise":"23280709401","name":"PS MOHALYA PANI","state":"MADHYA PRADESH","district":"BARWANI","block":"PANSEMAL","indicator":"girls_toilet_nonfunctional"}},{"type":"Feature","geometry":{"type":"Point","coordinates":[74.5502,21.78802]},"properties":{"udise":"23280702705","name":"PS DOLJHAR AMBA KARAN PURA","state":"MADHYA PRADESH","district":"BARWANI","block":"PANSEMAL","indicator":"girls_toilet_nonfunctional"}},{"type":"Feature","geometry":{"type":"Point","coordinates":[74.67631,21.71111]},"properties":{"udise":"23280708303","name":"MS PANNALI (1 TO 8)","state":"MADHYA PRADESH","district":"BARWANI","block":"PANSEMAL","indicator":"girls_toilet_nonfunctional"}},{"type":"Feature","geometry":{"type":"Point","coordinates":[74.79467,21.72385]},"properties":{"udise":"23280704511","name":"PS VALPANI FALYA MANKUI","state":"MADHYA PRADESH","district":"BARWANI","block":"PANSEMAL","indicator":"girls_toilet_nonfunctional"}},{"type":"Feature","geometry":{"type":"Point","coordinates":[74.51698,21.7645]},"properties":{"udise":"23280702305","name":"PS INDRA FALYA DHAWADI","state":"MADHYA PRADESH","district":"BARWANI","block":"PANSEMAL","indicator":"girls_toilet_nonfunctional"}},{"type":"Feature","geometry":{"type":"Point","coordinates":[75.26675,21.779]},"properties":{"udise":"23280108905","name":"PS ACHHALIYAPURA, NAGALWADI KHURD","state":"MADHYA PRADESH","district":"BARWANI","block":"RAJPUR","indicator":"girls_toilet_nonfunctional"}},{"type":"Feature","geometry":{"type":"Point","coordinates":[75.33838,21.99358]},"properties":{"udise":"23281612202","name":"PS BEDI PURA JULWANIYA","state":"MADHYA PRADESH","district":"BARWANI","block":"THIKRI","indicator":"girls_toilet_nonfunctional"}},{"type":"Feature","geometry":{"type":"Point","coordinates":[74.55124,21.71831]},"properties":{"udise":"23280701611","name":"PS ARJUN FALYA BHATKI","state":"MADHYA PRADESH","district":"BARWANI","block":"PANSEMAL","indicator":"girls_toilet_nonfunctional"}},{"type":"Feature","geometry":{"type":"Point","coordinates":[75.02905,21.95892]},"properties":{"udise":"23280107301","name":"PS BHAMI","state":"MADHYA PRADESH","district":"BARWANI","block":"RAJPUR","indicator":"girls_toilet_nonfunctional"}},{"type":"Feature","geometry":{"type":"Point","coordinates":[74.90367,21.70494]},"properties":{"udise":"23281107302","name":"PS NANI JHARI","state":"MADHYA PRADESH","district":"BARWANI","block":"NIWALI","indicator":"girls_toilet_nonfunctional"}},{"type":"Feature","geometry":{"type":"Point","coordinates":[74.62395,21.73518]},"properties":{"udise":"23280703608","name":"PS BANSINGH FALYA AAMJHIRI","state":"MADHYA PRADESH","district":"BARWANI","block":"PANSEMAL","indicator":"girls_toilet_nonfunctional"}},{"type":"Feature","geometry":{"type":"Point","coordinates":[74.74047,21.67732]},"properties":{"udise":"23280705405","name":"PS OVALYA FALYA JETPURA","state":"MADHYA PRADESH","district":"BARWANI","block":"PANSEMAL","indicator":"girls_toilet_nonfunctional"}},{"type":"Feature","geometry":{"type":"Point","coordinates":[75.10493,21.85857]},"properties":{"udise":"23280110005","name":"PS TALAV FALYA CHOTARIYA","state":"MADHYA PRADESH","district":"BARWANI","block":"RAJPUR","indicator":"girls_toilet_nonfunctional"}},{"type":"Feature","geometry":{"type":"Point","coordinates":[75.3956,22.02737]},"properties":{"udise":"23281605811","name":"PS AAWLIDAR THIKRI","state":"MADHYA PRADESH","district":"BARWANI","block":"THIKRI","indicator":"girls_toilet_nonfunctional"}},{"type":"Feature","geometry":{"type":"Point","coordinates":[75.16617,21.77823]},"properties":{"udise":"23280112002","name":"MS SALIKALA (1 TO 8)","state":"MADHYA PRADESH","district":"BARWANI","block":"RAJPUR","indicator":"girls_toilet_nonfunctional"}},{"type":"Feature","geometry":{"type":"Point","coordinates":[74.8304,21.6875]},"properties":{"udise":"23280707502","name":"PS AAMU FALYA, JAMANYAPANI","state":"MADHYA PRADESH","district":"BARWANI","block":"PANSEMAL","indicator":"girls_toilet_nonfunctional"}},{"type":"Feature","geometry":{"type":"Point","coordinates":[74.70322,21.7222]},"properties":{"udise":"23280706905","name":"PS GULSING FALYA CHUNA BHATTI","state":"MADHYA PRADESH","district":"BARWANI","block":"PANSEMAL","indicator":"girls_toilet_nonfunctional"}},{"type":"Feature","geometry":{"type":"Point","coordinates":[74.80631,21.93287]},"properties":{"udise":"23280405602","name":"PS NADI FALYA MUVASWADA","state":"MADHYA PRADESH","district":"BARWANI","block":"PATI","indicator":"girls_toilet_nonfunctional"}},{"type":"Feature","geometry":{"type":"Point","coordinates":[74.77968,21.64848]},"properties":{"udise":"23280700602","name":"PS GIRLS MOYDA","state":"MADHYA PRADESH","district":"BARWANI","block":"PANSEMAL","indicator":"girls_toilet_nonfunctional"}},{"type":"Feature","geometry":{"type":"Point","coordinates":[75.25153,21.80322]},"properties":{"udise":"23280109105","name":"PS DHOKBEDA GHUSGAON","state":"MADHYA PRADESH","district":"BARWANI","block":"RAJPUR","indicator":"girls_toilet_nonfunctional"}},{"type":"Feature","geometry":{"type":"Point","coordinates":[75.20825,21.75438]},"properties":{"udise":"23280101704","name":"PS SAYDAPURA LAFUNGAON","state":"MADHYA PRADESH","district":"BARWANI","block":"RAJPUR","indicator":"girls_toilet_nonfunctional"}},{"type":"Feature","geometry":{"type":"Point","coordinates":[75.23429,21.88124]},"properties":{"udise":"23280107004","name":"PS THAVRIYAPURA AGAL GAON","state":"MADHYA PRADESH","district":"BARWANI","block":"RAJPUR","indicator":"girls_toilet_nonfunctional"}},{"type":"Feature","geometry":{"type":"Point","coordinates":[74.76111,21.71821]},"properties":{"udise":"23280704504","name":"PS SARDAR FALYA MANKUI","state":"MADHYA PRADESH","district":"BARWANI","block":"PANSEMAL","indicator":"girls_toilet_nonfunctional"}},{"type":"Feature","geometry":{"type":"Point","coordinates":[74.9663,22.03763]},"properties":{"udise":"23280302105","name":"PS TADVI FALYA, TALUN KHURD","state":"MADHYA PRADESH","district":"BARWANI","block":"BARWANI","indicator":"girls_toilet_nonfunctional"}},{"type":"Feature","geometry":{"type":"Point","coordinates":[75.42325,21.53788]},"properties":{"udise":"23280510702","name":"PS NATHU FALYA KIDI AMBA","state":"MADHYA PRADESH","district":"BARWANI","block":"SENDHWA","indicator":"girls_toilet_nonfunctional"}},{"type":"Feature","geometry":{"type":"Point","coordinates":[75.18947,21.82673]},"properties":{"udise":"23280105708","name":"PS NARGAV FALYA PANWA","state":"MADHYA PRADESH","district":"BARWANI","block":"RAJPUR","indicator":"girls_toilet_nonfunctional"}},{"type":"Feature","geometry":{"type":"Point","coordinates":[74.66416,21.86]},"properties":{"udise":"23280408802","name":"PS KALAKHET(GOLPATI)","state":"MADHYA PRADESH","district":"BARWANI","block":"PATI","indicator":"girls_toilet_nonfunctional"}},{"type":"Feature","geometry":{"type":"Point","coordinates":[74.55894,21.73216]},"properties":{"udise":"23280702703","name":"PS DHANKA FALYA KARAN PURA","state":"MADHYA PRADESH","district":"BARWANI","block":"PANSEMAL","indicator":"girls_toilet_nonfunctional"}},{"type":"Feature","geometry":{"type":"Point","coordinates":[75.15731,21.86332]},"properties":{"udise":"23280114310","name":"PS MOHANPURA INDRAPUR","state":"MADHYA PRADESH","district":"BARWANI","block":"RAJPUR","indicator":"girls_toilet_nonfunctional"}},{"type":"Feature","geometry":{"type":"Point","coordinates":[75.47355,21.62279]},"properties":{"udise":"23280505306","name":"PS MUVASYA FALYA SIRVEL","state":"MADHYA PRADESH","district":"BARWANI","block":"SENDHWA","indicator":"girls_toilet_nonfunctional"}},{"type":"Feature","geometry":{"type":"Point","coordinates":[74.71779,21.67176]},"properties":{"udise":"23280708832","name":"LITTLE ARMY ENGLISH MEDIUM SCHOOL PANSEMAL","state":"MADHYA PRADESH","district":"BARWANI","block":"PANSEMAL","indicator":"girls_toilet_nonfunctional"}},{"type":"Feature","geometry":{"type":"Point","coordinates":[75.19729,21.78062]},"properties":{"udise":"23280110803","name":"MS NANDER","state":"MADHYA PRADESH","district":"BARWANI","block":"RAJPUR","indicator":"girls_toilet_nonfunctional"}},{"type":"Feature","geometry":{"type":"Point","coordinates":[74.61354,21.78311]},"properties":{"udise":"23280703404","name":"PS GANGARAM FALYA JALIYA PANI","state":"MADHYA PRADESH","district":"BARWANI","block":"PANSEMAL","indicator":"girls_toilet_nonfunctional"}},{"type":"Feature","geometry":{"type":"Point","coordinates":[75.03687,21.94848]},"properties":{"udise":"23280102804","name":"PS BAMNIYA FALYA BHAG SUR","state":"MADHYA PRADESH","district":"BARWANI","block":"RAJPUR","indicator":"girls_toilet_nonfunctional"}},{"type":"Feature","geometry":{"type":"Point","coordinates":[74.75635,21.78647]},"properties":{"udise":"23280705703","name":"PS JAMLYA FALYA UMAR BEDA","state":"MADHYA PRADESH","district":"BARWANI","block":"PANSEMAL","indicator":"girls_toilet_nonfunctional"}},{"type":"Feature","geometry":{"type":"Point","coordinates":[74.7962,21.66213]},"properties":{"udise":"23280701102","name":"PS BHIMSINGH FALYA, JHENDIYA KUNDIA","state":"MADHYA PRADESH","district":"BARWANI","block":"PANSEMAL","indicator":"girls_toilet_nonfunctional"}}]}