{"type":"FeatureCollection","features":[{"type":"Feature","geometry":{"type":"Point","coordinates":[76.1854,21.86264]},"properties":{"udise":"23290301903","name":"SARASWATI SHISHU MANDIR BHOJAK","state":"MADHYA PRADESH","district":"KHANDWA","block":"CHHAIGAONMAKHAN","indicator":"no_girls_toilet"}},{"type":"Feature","geometry":{"type":"Point","coordinates":[76.54188,21.63648]},"properties":{"udise":"23290811702","name":"MS TAKALKHEDA","state":"MADHYA PRADESH","district":"KHANDWA","block":"PANDHANA","indicator":"girls_toilet_nonfunctional"}},{"type":"Feature","geometry":{"type":"Point","coordinates":[76.58454,21.68954]},"properties":{"udise":"23290806104","name":"HS JIRVAN","state":"MADHYA PRADESH","district":"KHANDWA","block":"PANDHANA","indicator":"girls_toilet_nonfunctional"}},{"type":"Feature","geometry":{"type":"Point","coordinates":[76.25,22.07]},"properties":{"udise":"23290704609","name":"INVENTION PUBLIC SCHOOL KALMUKHI","state":"MADHYA PRADESH","district":"KHANDWA","block":"KHANDWA","indicator":"girls_toilet_nonfunctional"}},{"type":"Feature","geometry":{"type":"Point","coordinates":[76.61416,22.33863]},"properties":{"udise":"23290102701","name":"PS DANG","state":"MADHYA PRADESH","district":"KHANDWA","block":"BALADI","indicator":"girls_toilet_nonfunctional"}},{"type":"Feature","geometry":{"type":"Point","coordinates":[76.35298,21.57026]},"properties":{"udise":"23290803302","name":"PS CHICHKHEDA (BORGAON BUJURG)","state":"MADHYA PRADESH","district":"KHANDWA","block":"PANDHANA","indicator":"girls_toilet_nonfunctional"}},{"type":"Feature","geometry":{"type":"Point","coordinates":[76.97465,21.68473]},"properties":{"udise":"23290605001","name":"PS GULAIMAL","state":"MADHYA PRADESH","district":"KHANDWA","block":"KHALWA","indicator":"girls_toilet_nonfunctional"}},{"type":"Feature","geometry":{"type":"Point","coordinates":[76.35099,21.61515]},"properties":{"udise":"23290810201","name":"PS RAJORA","state":"MADHYA PRADESH","district":"KHANDWA","block":"PANDHANA","indicator":"girls_toilet_nonfunctional"}},{"type":"Feature","geometry":{"type":"Point","coordinates":[76.81036,22.18066]},"properties":{"udise":"23290103301","name":"PS GAMBHIR SARCULAR","state":"MADHYA PRADESH","district":"KHANDWA","block":"BALADI","indicator":"girls_toilet_nonfunctional"}},{"type":"Feature","geometry":{"type":"Point","coordinates":[76.54262,21.78292]},"properties":{"udise":"23290808801","name":"PS PHULGAON","state":"MADHYA PRADESH","district":"KHANDWA","block":"PANDHANA","indicator":"girls_toilet_nonfunctional"}},{"type":"Feature","geometry":{"type":"Point","coordinates":[76.59559,22.05353]},"properties":{"udise":"23290405802","name":"PS SALIKHEDA","state":"MADHYA PRADESH","district":"KHANDWA","block":"HARSUD","indicator":"girls_toilet_nonfunctional"}},{"type":"Feature","geometry":{"type":"Point","coordinates":[76.30103,21.604]},"properties":{"udise":"23290806711","name":"PS DOBALA MAHU","state":"MADHYA PRADESH","district":"KHANDWA","block":"PANDHANA","indicator":"girls_toilet_nonfunctional"}},{"type":"Feature","geometry":{"type":"Point","coordinates":[76.38,21.81]},"properties":{"udise":"23290706805","name":"SANT. LAXMAN CHAITANYA ACADEMY NAHALDA","state":"MADHYA PRADESH","district":"KHANDWA","block":"KHANDWA","indicator":"girls_toilet_nonfunctional"}},{"type":"Feature","geometry":{"type":"Point","coordinates":[77.04879,21.75006]},"properties":{"udise":"23290601101","name":"PS BAKARJUN","state":"MADHYA PRADESH","district":"KHANDWA","block":"KHALWA","indicator":"girls_toilet_nonfunctional"}},{"type":"Feature","geometry":{"type":"Point","coordinates":[76.44662,21.93351]},"properties":{"udise":"23290704402","name":"PS JAWAR","state":"MADHYA PRADESH","district":"KHANDWA","block":"KHANDWA","indicator":"girls_toilet_nonfunctional"}},{"type":"Feature","geometry":{"type":"Point","coordinates":[76.3197,21.85815]},"properties":{"udise":"23290706702","name":"MS NAGCHUN","state":"MADHYA PRADESH","district":"KHANDWA","block":"KHANDWA","indicator":"girls_toilet_nonfunctional"}},{"type":"Feature","geometry":{"type":"Point","coordinates":[76.19753,21.58957]},"properties":{"udise":"23290804103","name":"PS UDAYPUR","state":"MADHYA PRADESH","district":"KHANDWA","block":"PANDHANA","indicator":"girls_toilet_nonfunctional"}},{"type":"Feature","geometry":{"type":"Point","coordinates":[76.32795,21.98782]},"properties":{"udise":"23290304703","name":"PS DEBRIPURA KESUN","state":"MADHYA PRADESH","district":"KHANDWA","block":"CHHAIGAONMAKHAN","indicator":"girls_toilet_nonfunctional"}},{"type":"Feature","geometry":{"type":"Point","coordinates":[76.47627,22.02816]},"properties":{"udise":"23290906902","name":"PS GUYADA","state":"MADHYA PRADESH","district":"KHANDWA","block":"PUNASA","indicator":"girls_toilet_nonfunctional"}},{"type":"Feature","geometry":{"type":"Point","coordinates":[76.3944,22.23334]},"properties":{"udise":"23290914112","name":"RADHESHYAM VIDHYAKUNJ SULGAON","state":"MADHYA PRADESH","district":"KHANDWA","block":"PUNASA","indicator":"girls_toilet_nonfunctional"}},{"type":"Feature","geometry":{"type":"Point","coordinates":[76.69391,21.97269]},"properties":{"udise":"23290410702","name":"MIDILE SCHOOL","state":"MADHYA PRADESH","district":"KHANDWA","block":"HARSUD","indicator":"girls_toilet_nonfunctional"}},{"type":"Feature","geometry":{"type":"Point","coordinates":[76.8381,22.1048]},"properties":{"udise":"23290303106","name":"PRIVT HS T.R. PATEL PUBLIC SCHOOL DHANGAON","state":"MADHYA PRADESH","district":"KHANDWA","block":"CHHAIGAONMAKHAN","indicator":"girls_toilet_nonfunctional"}},{"type":"Feature","geometry":{"type":"Point","coordinates":[76.8225,21.77891]},"properties":{"udise":"23290602901","name":"PS CHUNAKHAL","state":"MADHYA PRADESH","district":"KHANDWA","block":"KHALWA","indicator":"girls_toilet_nonfunctional"}},{"type":"Feature","geometry":{"type":"Point","coordinates":[76.4802,22.01283]},"properties":{"udise":"23290909201","name":"PS KHAIGAON","state":"MADHYA PRADESH","district":"KHANDWA","block":"PUNASA","indicator":"girls_toilet_nonfunctional"}},{"type":"Feature","geometry":{"type":"Point","coordinates":[76.33,21.78]},"properties":{"udise":"23290702504","name":"SHRI GDML PUBLIC SCHOOL","state":"MADHYA PRADESH","district":"KHANDWA","block":"KHANDWA","indicator":"girls_toilet_nonfunctional"}},{"type":"Feature","geometry":{"type":"Point","coordinates":[76.4355,22.2431]},"properties":{"udise":"23290910107","name":"SAMVID GURUKULAM AVASIY KANYA VIDHYALAY","state":"MADHYA PRADESH","district":"KHANDWA","block":"PUNASA","indicator":"girls_toilet_nonfunctional"}},{"type":"Feature","geometry":{"type":"Point","coordinates":[76.27027,21.702]},"properties":{"udise":"23290809101","name":"PS PIPLOD KHURD","state":"MADHYA PRADESH","district":"KHANDWA","block":"PANDHANA","indicator":"girls_toilet_nonfunctional"}},{"type":"Feature","geometry":{"type":"Point","coordinates":[76.07947,21.6213]},"properties":{"udise":"23290810004","name":"PS KHARKHEDI","state":"MADHYA PRADESH","district":"KHANDWA","block":"PANDHANA","indicator":"girls_toilet_nonfunctional"}},{"type":"Feature","geometry":{"type":"Point","coordinates":[76.34414,21.64983]},"properties":{"udise":"23290808902","name":"MS PIPARHATTI","state":"MADHYA PRADESH","district":"KHANDWA","block":"PANDHANA","indicator":"girls_toilet_nonfunctional"}},{"type":"Feature","geometry":{"type":"Point","coordinates":[77.06453,21.92798]},"properties":{"udise":"23290610302","name":"MS MEHLU","state":"MADHYA PRADESH","district":"KHANDWA","block":"KHALWA","indicator":"girls_toilet_nonfunctional"}},{"type":"Feature","geometry":{"type":"Point","coordinates":[76.8096,22.05168]},"properties":{"udise":"23290406801","name":"PS PALANIMAL","state":"MADHYA PRADESH","district":"KHANDWA","block":"HARSUD","indicator":"girls_toilet_nonfunctional"}},{"type":"Feature","geometry":{"type":"Point","coordinates":[76.33629,21.59557]},"properties":{"udise":"23290802623","name":"MS GUMGAWALA","state":"MADHYA PRADESH","district":"KHANDWA","block":"PANDHANA","indicator":"girls_toilet_nonfunctional"}},{"type":"Feature","geometry":{"type":"Point","coordinates":[76.79311,22.17184]},"properties":{"udise":"23290108401","name":"PS ROSAD","state":"MADHYA PRADESH","district":"KHANDWA","block":"BALADI","indicator":"girls_toilet_nonfunctional"}},{"type":"Feature","geometry":{"type":"Point","coordinates":[76.23717,22.05541]},"properties":{"udise":"23290304101","name":"PS HIRAPUR","state":"MADHYA PRADESH","district":"KHANDWA","block":"CHHAIGAONMAKHAN","indicator":"girls_toilet_nonfunctional"}},{"type":"Feature","geometry":{"type":"Point","coordinates":[76.41468,21.91739]},"properties":{"udise":"23290705801","name":"PS LALWADA","state":"MADHYA PRADESH","district":"KHANDWA","block":"KHANDWA","indicator":"girls_toilet_nonfunctional"}},{"type":"Feature","geometry":{"type":"Point","coordinates":[76.16597,21.68125]},"properties":{"udise":"23290802901","name":"PS BULYAKHEDI","state":"MADHYA PRADESH","district":"KHANDWA","block":"PANDHANA","indicator":"girls_toilet_nonfunctional"}},{"type":"Feature","geometry":{"type":"Point","coordinates":[76.22881,22.08743]},"properties":{"udise":"23290903002","name":"MS BORADI MAL","state":"MADHYA PRADESH","district":"KHANDWA","block":"PUNASA","indicator":"girls_toilet_nonfunctional"}},{"type":"Feature","geometry":{"type":"Point","coordinates":[76.10736,21.60588]},"properties":{"udise":"23290803705","name":"PS KAKARIA","state":"MADHYA PRADESH","district":"KHANDWA","block":"PANDHANA","indicator":"girls_toilet_nonfunctional"}},{"type":"Feature","geometry":{"type":"Point","coordinates":[76.30326,22.06003]},"properties":{"udise":"23290706504","name":"SHRI SAI DRASHTI PUBLIC SCHOOL MATPUR","state":"MADHYA PRADESH","district":"KHANDWA","block":"KHANDWA","indicator":"girls_toilet_nonfunctional"}},{"type":"Feature","geometry":{"type":"Point","coordinates":[76.10581,21.62368]},"properties":{"udise":"23290809905","name":"PS FULSINGH FALYA","state":"MADHYA PRADESH","district":"KHANDWA","block":"PANDHANA","indicator":"girls_toilet_nonfunctional"}},{"type":"Feature","geometry":{"type":"Point","coordinates":[76.57743,21.65503]},"properties":{"udise":"23290807401","name":"PS LUNHAR","state":"MADHYA PRADESH","district":"KHANDWA","block":"PANDHANA","indicator":"girls_toilet_nonfunctional"}},{"type":"Feature","geometry":{"type":"Point","coordinates":[76.29597,21.94243]},"properties":{"udise":"23290304202","name":"PS PATAKHALI","state":"MADHYA PRADESH","district":"KHANDWA","block":"CHHAIGAONMAKHAN","indicator":"girls_toilet_nonfunctional"}},{"type":"Feature","geometry":{"type":"Point","coordinates":[76.42917,21.64537]},"properties":{"udise":"23290808502","name":"PS PADLYA","state":"MADHYA PRADESH","district":"KHANDWA","block":"PANDHANA","indicator":"girls_toilet_nonfunctional"}},{"type":"Feature","geometry":{"type":"Point","coordinates":[76.96688,21.69306]},"properties":{"udise":"23290605004","name":"PS FATTU DHANA","state":"MADHYA PRADESH","district":"KHANDWA","block":"KHALWA","indicator":"girls_toilet_nonfunctional"}},{"type":"Feature","geometry":{"type":"Point","coordinates":[76.52318,22.05452]},"properties":{"udise":"23290911002","name":"MS MOHAD","state":"MADHYA PRADESH","district":"KHANDWA","block":"PUNASA","indicator":"girls_toilet_nonfunctional"}},{"type":"Feature","geometry":{"type":"Point","coordinates":[76.08365,21.6397]},"properties":{"udise":"23290806003","name":"PS AMBAKHEDA","state":"MADHYA PRADESH","district":"KHANDWA","block":"PANDHANA","indicator":"girls_toilet_nonfunctional"}},{"type":"Feature","geometry":{"type":"Point","coordinates":[76.22926,21.70234]},"properties":{"udise":"23290812402","name":"ST. M. TERESA PUBLIC SCHOOL","state":"MADHYA PRADESH","district":"KHANDWA","block":"PANDHANA","indicator":"girls_toilet_nonfunctional"}},{"type":"Feature","geometry":{"type":"Point","coordinates":[76.1479,21.62613]},"properties":{"udise":"23290804105","name":"PS DENDUFALYA","state":"MADHYA PRADESH","district":"KHANDWA","block":"PANDHANA","indicator":"girls_toilet_nonfunctional"}},{"type":"Feature","geometry":{"type":"Point","coordinates":[76.21867,21.59482]},"properties":{"udise":"23290800507","name":"PS SATIHATA","state":"MADHYA PRADESH","district":"KHANDWA","block":"PANDHANA","indicator":"girls_toilet_nonfunctional"}},{"type":"Feature","geometry":{"type":"Point","coordinates":[76.53279,22.0886]},"properties":{"udise":"23290905201","name":"PS DONGALIA","state":"MADHYA PRADESH","district":"KHANDWA","block":"PUNASA","indicator":"girls_toilet_nonfunctional"}},{"type":"Feature","geometry":{"type":"Point","coordinates":[76.52941,21.66369]},"properties":{"udise":"23290809003","name":"MS PIPLOD","state":"MADHYA PRADESH","district":"KHANDWA","block":"PANDHANA","indicator":"girls_toilet_nonfunctional"}},{"type":"Feature","geometry":{"type":"Point","coordinates":[76.33576,21.62893]},"properties":{"udise":"23290802611","name":"PS ANAJYA FUTIA","state":"MADHYA PRADESH","district":"KHANDWA","block":"PANDHANA","indicator":"girls_toilet_nonfunctional"}},{"type":"Feature","geometry":{"type":"Point","coordinates":[76.27765,22.10529]},"properties":{"udise":"23290900604","name":"PS ATOOT TANDA","state":"MADHYA PRADESH","district":"KHANDWA","block":"PUNASA","indicator":"girls_toilet_nonfunctional"}},{"type":"Feature","geometry":{"type":"Point","coordinates":[76.41837,22.15394]},"properties":{"udise":"23290912301","name":"PS PALSUD RAIYAT","state":"MADHYA PRADESH","district":"KHANDWA","block":"PUNASA","indicator":"girls_toilet_nonfunctional"}},{"type":"Feature","geometry":{"type":"Point","coordinates":[76.35638,21.60444]},"properties":{"udise":"23290810202","name":"PS RAJORA PANCHAYATI","state":"MADHYA PRADESH","district":"KHANDWA","block":"PANDHANA","indicator":"girls_toilet_nonfunctional"}},{"type":"Feature","geometry":{"type":"Point","coordinates":[76.97984,21.6991]},"properties":{"udise":"23290604905","name":"MS GULAI FV","state":"MADHYA PRADESH","district":"KHANDWA","block":"KHALWA","indicator":"girls_toilet_nonfunctional"}},{"type":"Feature","geometry":{"type":"Point","coordinates":[76.02311,21.5676]},"properties":{"udise":"23270902708","name":"PS JAMSINGH FALYA","state":"MADHYA PRADESH","district":"KHARGONE","block":"JHIRNIYA","indicator":"no_girls_toilet"}},{"type":"Feature","geometry":{"type":"Point","coordinates":[76.01236,21.91412]},"properties":{"udise":"23270810733","name":"MADARSA DARUL ULUM USMINIYA AHLE","state":"MADHYA PRADESH","district":"KHARGONE","block":"BHIKANGAON","indicator":"no_girls_toilet"}},{"type":"Feature","geometry":{"type":"Point","coordinates":[75.81657,21.86475]},"properties":{"udise":"23270812801","name":"PS BHAGUR","state":"MADHYA PRADESH","district":"KHARGONE","block":"BHIKANGAON","indicator":"no_girls_toilet"}},{"type":"Feature","geometry":{"type":"Point","coordinates":[76.0372,22.25775]},"properties":{"udise":"23271308670","name":"GRAND GURUNANAK ACADEMY BARWAHA","state":"MADHYA PRADESH","district":"KHARGONE","block":"BADWAHA","indicator":"no_girls_toilet"}},{"type":"Feature","geometry":{"type":"Point","coordinates":[76.0287,22.2634]},"properties":{"udise":"23271320304","name":"SMT. SONABAI M.S. SIRLAY","state":"MADHYA PRADESH","district":"KHARGONE","block":"BADWAHA","indicator":"no_girls_toilet"}},{"type":"Feature","geometry":{"type":"Point","coordinates":[75.94103,21.61038]},"properties":{"udise":"23270902305","name":"PS NAGU FALYA (2013-14)","state":"MADHYA PRADESH","district":"KHARGONE","block":"JHIRNIYA","indicator":"no_girls_toilet"}},{"type":"Feature","geometry":{"type":"Point","coordinates":[75.96106,21.81269]},"properties":{"udise":"23270812101","name":"PS HURMAL FALYA","state":"MADHYA PRADESH","district":"KHARGONE","block":"BHIKANGAON","indicator":"no_girls_toilet"}},{"type":"Feature","geometry":{"type":"Point","coordinates":[75.75067,22.24204]},"properties":{"udise":"23271404701","name":"MS DEVPIPLIA","state":"MADHYA PRADESH","district":"KHARGONE","block":"MAHESHWAR","indicator":"no_girls_toilet"}},{"type":"Feature","geometry":{"type":"Point","coordinates":[75.86771,21.77633]},"properties":{"udise":"23270806201","name":"PS GAVATKHEDI","state":"MADHYA PRADESH","district":"KHARGONE","block":"BHIKANGAON","indicator":"no_girls_toilet"}},{"type":"Feature","geometry":{"type":"Point","coordinates":[75.9989,21.96406]},"properties":{"udise":"23270801805","name":"PS MANOHARPURA","state":"MADHYA PRADESH","district":"KHARGONE","block":"BHIKANGAON","indicator":"no_girls_toilet"}},{"type":"Feature","geometry":{"type":"Point","coordinates":[75.63215,21.77166]},"properties":{"udise":"23271512204","name":"NIRMAL SAI VIDHYA MANDIR SHASTRI.N.","state":"MADHYA PRADESH","district":"KHARGONE","block":"KHARGONE","indicator":"no_girls_toilet"}},{"type":"Feature","geometry":{"type":"Point","coordinates":[75.55662,21.68766]},"properties":{"udise":"23270606702","name":"PS BADI","state":"MADHYA PRADESH","district":"KHARGONE","block":"BHAGWANPURA","indicator":"no_girls_toilet"}},{"type":"Feature","geometry":{"type":"Point","coordinates":[75.80138,22.0078]},"properties":{"udise":"23271210003","name":"PS BAAG FALYA","state":"MADHYA PRADESH","district":"KHARGONE","block":"KASRAWAD","indicator":"no_girls_toilet"}},{"type":"Feature","geometry":{"type":"Point","coordinates":[76.72,22.34]},"properties":{"udise":"23271309504","name":"MADARSA GOSIYA SAGDIYAV","state":"MADHYA PRADESH","district":"KHARGONE","block":"BADWAHA","indicator":"no_girls_toilet"}},{"type":"Feature","geometry":{"type":"Point","coordinates":[75.70711,21.61147]},"properties":{"udise":"23270607401","name":"MS PIPRIPALA","state":"MADHYA PRADESH","district":"KHARGONE","block":"BHAGWANPURA","indicator":"no_girls_toilet"}},{"type":"Feature","geometry":{"type":"Point","coordinates":[75.81265,22.04106]},"properties":{"udise":"23271212101","name":"PS BHOPADA","state":"MADHYA PRADESH","district":"KHARGONE","block":"KASRAWAD","indicator":"no_girls_toilet"}},{"type":"Feature","geometry":{"type":"Point","coordinates":[76.11252,22.41679]},"properties":{"udise":"23271302102","name":"PS KATKUT","state":"MADHYA PRADESH","district":"KHARGONE","block":"BADWAHA","indicator":"no_girls_toilet"}},{"type":"Feature","geometry":{"type":"Point","coordinates":[75.98272,22.34815]},"properties":{"udise":"23271324201","name":"PS PADALI BUJURG","state":"MADHYA PRADESH","district":"KHARGONE","block":"BADWAHA","indicator":"no_girls_toilet"}},{"type":"Feature","geometry":{"type":"Point","coordinates":[75.96144,22.18448]},"properties":{"udise":"23271314303","name":"PS PITNAGAR","state":"MADHYA PRADESH","district":"KHARGONE","block":"BADWAHA","indicator":"no_girls_toilet"}},{"type":"Feature","geometry":{"type":"Point","coordinates":[75.98597,22.06368]},"properties":{"udise":"23271319601","name":"HS ATAR SUMBA MS TO HS","state":"MADHYA PRADESH","district":"KHARGONE","block":"BADWAHA","indicator":"no_girls_toilet"}},{"type":"Feature","geometry":{"type":"Point","coordinates":[75.67079,22.13231]},"properties":{"udise":"23271206501","name":"PS TIGRIYAV","state":"MADHYA PRADESH","district":"KHARGONE","block":"KASRAWAD","indicator":"no_girls_toilet"}},{"type":"Feature","geometry":{"type":"Point","coordinates":[75.92299,22.19734]},"properties":{"udise":"23271412401","name":"PS KHEGOAN","state":"MADHYA PRADESH","district":"KHARGONE","block":"MAHESHWAR","indicator":"no_girls_toilet"}},{"type":"Feature","geometry":{"type":"Point","coordinates":[75.69032,21.8085]},"properties":{"udise":"23271006608","name":"PS KOLI MOHALLA","state":"MADHYA PRADESH","district":"KHARGONE","block":"GOGAWAN","indicator":"no_girls_toilet"}},{"type":"Feature","geometry":{"type":"Point","coordinates":[75.56819,22.21628]},"properties":{"udise":"23271408603","name":"PS CHAKMATMUR","state":"MADHYA PRADESH","district":"KHARGONE","block":"MAHESHWAR","indicator":"no_girls_toilet"}},{"type":"Feature","geometry":{"type":"Point","coordinates":[76.07118,22.40264]},"properties":{"udise":"23271322803","name":"MS LIMBI B. 2012","state":"MADHYA PRADESH","district":"KHARGONE","block":"BADWAHA","indicator":"no_girls_toilet"}},{"type":"Feature","geometry":{"type":"Point","coordinates":[75.62679,22.29639]},"properties":{"udise":"23271407101","name":"PS URVAY","state":"MADHYA PRADESH","district":"KHARGONE","block":"MAHESHWAR","indicator":"no_girls_toilet"}},{"type":"Feature","geometry":{"type":"Point","coordinates":[75.66359,21.43935]},"properties":{"udise":"23270605813","name":"PS GAON DHALA FALYA","state":"MADHYA PRADESH","district":"KHARGONE","block":"BHAGWANPURA","indicator":"no_girls_toilet"}},{"type":"Feature","geometry":{"type":"Point","coordinates":[75.61575,21.834]},"properties":{"udise":"23271514905","name":"HSS SHRI VESHNAW VIDHYA MANDIR","state":"MADHYA PRADESH","district":"KHARGONE","block":"KHARGONE","indicator":"no_girls_toilet"}},{"type":"Feature","geometry":{"type":"Point","coordinates":[75.52669,21.61305]},"properties":{"udise":"23270605602","name":"PS JUNABILWA","state":"MADHYA PRADESH","district":"KHARGONE","block":"BHAGWANPURA","indicator":"no_girls_toilet"}},{"type":"Feature","geometry":{"type":"Point","coordinates":[75.79862,21.80392]},"properties":{"udise":"23271001612","name":"PS AAMLI FALYA","state":"MADHYA PRADESH","district":"KHARGONE","block":"GOGAWAN","indicator":"no_girls_toilet"}},{"type":"Feature","geometry":{"type":"Point","coordinates":[75.72254,22.09241]},"properties":{"udise":"23271209401","name":"MS BADI","state":"MADHYA PRADESH","district":"KHARGONE","block":"KASRAWAD","indicator":"no_girls_toilet"}},{"type":"Feature","geometry":{"type":"Point","coordinates":[76.10817,22.41208]},"properties":{"udise":"23271302104","name":"PS PATEL FALYA KATKUT","state":"MADHYA PRADESH","district":"KHARGONE","block":"BADWAHA","indicator":"no_girls_toilet"}},{"type":"Feature","geometry":{"type":"Point","coordinates":[75.77952,21.40459]},"properties":{"udise":"23270901602","name":"PS BUDKIMAAL","state":"MADHYA PRADESH","district":"KHARGONE","block":"JHIRNIYA","indicator":"no_girls_toilet"}},{"type":"Feature","geometry":{"type":"Point","coordinates":[76.06058,21.83263]},"properties":{"udise":"23270808903","name":"PS JAMRA FALAYA","state":"MADHYA PRADESH","district":"KHARGONE","block":"BHIKANGAON","indicator":"no_girls_toilet"}},{"type":"Feature","geometry":{"type":"Point","coordinates":[75.55871,21.68541]},"properties":{"udise":"23270606703","name":"MS BADI","state":"MADHYA PRADESH","district":"KHARGONE","block":"BHAGWANPURA","indicator":"no_girls_toilet"}},{"type":"Feature","geometry":{"type":"Point","coordinates":[76.03747,22.25688]},"properties":{"udise":"23271308636","name":"BHARTI VIDHYA NIKETAN BARWAHA (PS-3569)","state":"MADHYA PRADESH","district":"KHARGONE","block":"BADWAHA","indicator":"no_girls_toilet"}},{"type":"Feature","geometry":{"type":"Point","coordinates":[76.06463,22.35378]},"properties":{"udise":"23271312001","name":"PS KADKIBARUL","state":"MADHYA PRADESH","district":"KHARGONE","block":"BADWAHA","indicator":"no_girls_toilet"}},{"type":"Feature","geometry":{"type":"Point","coordinates":[75.63474,21.81087]},"properties":{"udise":"23271009901","name":"PS DABRIYA","state":"MADHYA PRADESH","district":"KHARGONE","block":"GOGAWAN","indicator":"no_girls_toilet"}},{"type":"Feature","geometry":{"type":"Point","coordinates":[75.45454,22.00976]},"properties":{"udise":"23271207701","name":"PS RADHODAR","state":"MADHYA PRADESH","district":"KHARGONE","block":"KASRAWAD","indicator":"no_girls_toilet"}},{"type":"Feature","geometry":{"type":"Point","coordinates":[75.3356,21.67591]},"properties":{"udise":"23270609706","name":"PS GURADIYA FALYA","state":"MADHYA PRADESH","district":"KHARGONE","block":"BHAGWANPURA","indicator":"no_girls_toilet"}},{"type":"Feature","geometry":{"type":"Point","coordinates":[75.65004,21.82488]},"properties":{"udise":"23271005703","name":"MS GOPALPURA","state":"MADHYA PRADESH","district":"KHARGONE","block":"GOGAWAN","indicator":"no_girls_toilet"}},{"type":"Feature","geometry":{"type":"Point","coordinates":[76.08167,22.35394]},"properties":{"udise":"23271323102","name":"MS RAWAT PALASIYA (2013-14)","state":"MADHYA PRADESH","district":"KHARGONE","block":"BADWAHA","indicator":"no_girls_toilet"}},{"type":"Feature","geometry":{"type":"Point","coordinates":[75.60238,21.48675]},"properties":{"udise":"23270611108","name":"PS MUVASYAMAAL FALYA (2010-11)","state":"MADHYA PRADESH","district":"KHARGONE","block":"BHAGWANPURA","indicator":"no_girls_toilet"}},{"type":"Feature","geometry":{"type":"Point","coordinates":[75.88868,21.97601]},"properties":{"udise":"23270801706","name":"PS CHAMARIYA FALYA","state":"MADHYA PRADESH","district":"KHARGONE","block":"BHIKANGAON","indicator":"no_girls_toilet"}},{"type":"Feature","geometry":{"type":"Point","coordinates":[75.75482,21.48426]},"properties":{"udise":"23270914203","name":"PS GUMAN FALYA (2013-14)","state":"MADHYA PRADESH","district":"KHARGONE","block":"JHIRNIYA","indicator":"no_girls_toilet"}},{"type":"Feature","geometry":{"type":"Point","coordinates":[75.59,22.2134]},"properties":{"udise":"23271307805","name":"HS JHIGDI","state":"MADHYA PRADESH","district":"KHARGONE","block":"BADWAHA","indicator":"no_girls_toilet"}},{"type":"Feature","geometry":{"type":"Point","coordinates":[75.66631,21.69138]},"properties":{"udise":"23270602501","name":"MS ANAKWADI","state":"MADHYA PRADESH","district":"KHARGONE","block":"BHAGWANPURA","indicator":"no_girls_toilet"}},{"type":"Feature","geometry":{"type":"Point","coordinates":[75.66569,21.41076]},"properties":{"udise":"23270605903","name":"PS KACHALA FALYA","state":"MADHYA PRADESH","district":"KHARGONE","block":"BHAGWANPURA","indicator":"no_girls_toilet"}},{"type":"Feature","geometry":{"type":"Point","coordinates":[75.69152,21.59162]},"properties":{"udise":"23270607007","name":"PS KHADA FALYA 09-10","state":"MADHYA PRADESH","district":"KHARGONE","block":"BHAGWANPURA","indicator":"no_girls_toilet"}},{"type":"Feature","geometry":{"type":"Point","coordinates":[76.06794,21.88778]},"properties":{"udise":"23270808501","name":"PS BIRUL","state":"MADHYA PRADESH","district":"KHARGONE","block":"BHIKANGAON","indicator":"no_girls_toilet"}},{"type":"Feature","geometry":{"type":"Point","coordinates":[75.95644,21.8706]},"properties":{"udise":"23270811205","name":"Sanjeet Saraswati Gyan Mandir Devala","state":"MADHYA PRADESH","district":"KHARGONE","block":"BHIKANGAON","indicator":"no_girls_toilet"}},{"type":"Feature","geometry":{"type":"Point","coordinates":[75.54984,22.30145]},"properties":{"udise":"23271406701","name":"PS SEL","state":"MADHYA PRADESH","district":"KHARGONE","block":"MAHESHWAR","indicator":"no_girls_toilet"}},{"type":"Feature","geometry":{"type":"Point","coordinates":[75.70681,21.66298]},"properties":{"udise":"23270602603","name":"PS DAMKHEDA","state":"MADHYA PRADESH","district":"KHARGONE","block":"BHAGWANPURA","indicator":"no_girls_toilet"}},{"type":"Feature","geometry":{"type":"Point","coordinates":[75.66875,21.72621]},"properties":{"udise":"23271005102","name":"PS CHARANFALYA (GHATTI)","state":"MADHYA PRADESH","district":"KHARGONE","block":"GOGAWAN","indicator":"no_girls_toilet"}},{"type":"Feature","geometry":{"type":"Point","coordinates":[75.83206,21.81665]},"properties":{"udise":"23271007504","name":"PS DHANGAON","state":"MADHYA PRADESH","district":"KHARGONE","block":"GOGAWAN","indicator":"no_girls_toilet"}},{"type":"Feature","geometry":{"type":"Point","coordinates":[75.67285,22.25155]},"properties":{"udise":"23271408812","name":"PS LENDIPURA CHOLI","state":"MADHYA PRADESH","district":"KHARGONE","block":"MAHESHWAR","indicator":"no_girls_toilet"}},{"type":"Feature","geometry":{"type":"Point","coordinates":[76.07136,21.87266]},"properties":{"udise":"23270808503","name":"PS MADAN FALYA","state":"MADHYA PRADESH","district":"KHARGONE","block":"BHIKANGAON","indicator":"no_girls_toilet"}},{"type":"Feature","geometry":{"type":"Point","coordinates":[75.35613,21.69548]},"properties":{"udise":"23270605312","name":"PS DUKANIYA FLAYA JALALABAD","state":"MADHYA PRADESH","district":"KHARGONE","block":"BHAGWANPURA","indicator":"no_girls_toilet"}},{"type":"Feature","geometry":{"type":"Point","coordinates":[75.70003,21.73074]},"properties":{"udise":"23271006001","name":"PS AGARBAI","state":"MADHYA PRADESH","district":"KHARGONE","block":"GOGAWAN","indicator":"no_girls_toilet"}},{"type":"Feature","geometry":{"type":"Point","coordinates":[75.893,21.42046]},"properties":{"udise":"23270904903","name":"PS DAWAR FALYA (2016)","state":"MADHYA PRADESH","district":"KHARGONE","block":"JHIRNIYA","indicator":"no_girls_toilet"}},{"type":"Feature","geometry":{"type":"Point","coordinates":[75.76845,22.30072]},"properties":{"udise":"23271408103","name":"PS CHARANFALYA","state":"MADHYA PRADESH","district":"KHARGONE","block":"MAHESHWAR","indicator":"no_girls_toilet"}},{"type":"Feature","geometry":{"type":"Point","coordinates":[75.73216,21.70037]},"properties":{"udise":"23270603502","name":"MS YASHWANTGAD (2012)","state":"MADHYA PRADESH","district":"KHARGONE","block":"BHAGWANPURA","indicator":"no_girls_toilet"}},{"type":"Feature","geometry":{"type":"Point","coordinates":[75.52586,22.12478]},"properties":{"udise":"23271217504","name":"SARASWATI SHISHU MANDIR","state":"MADHYA PRADESH","district":"KHARGONE","block":"KASRAWAD","indicator":"no_girls_toilet"}},{"type":"Feature","geometry":{"type":"Point","coordinates":[75.65037,21.53198]},"properties":{"udise":"23270610206","name":"PS DANA KUNDI RAISAGAR","state":"MADHYA PRADESH","district":"KHARGONE","block":"BHAGWANPURA","indicator":"no_girls_toilet"}},{"type":"Feature","geometry":{"type":"Point","coordinates":[75.89875,22.19207]},"properties":{"udise":"23271413501","name":"PS NIMGUL","state":"MADHYA PRADESH","district":"KHARGONE","block":"MAHESHWAR","indicator":"no_girls_toilet"}},{"type":"Feature","geometry":{"type":"Point","coordinates":[75.72684,22.27289]},"properties":{"udise":"23271402201","name":"PS JHIRNIYA (GULAWAD)","state":"MADHYA PRADESH","district":"KHARGONE","block":"MAHESHWAR","indicator":"no_girls_toilet"}},{"type":"Feature","geometry":{"type":"Point","coordinates":[75.8318,21.91928]},"properties":{"udise":"23270807602","name":"PS BEDI FALYA","state":"MADHYA PRADESH","district":"KHARGONE","block":"BHIKANGAON","indicator":"no_girls_toilet"}},{"type":"Feature","geometry":{"type":"Point","coordinates":[76.06243,22.37432]},"properties":{"udise":"23271302204","name":"PS BHAGWANPURA","state":"MADHYA PRADESH","district":"KHARGONE","block":"BADWAHA","indicator":"no_girls_toilet"}},{"type":"Feature","geometry":{"type":"Point","coordinates":[75.93493,21.6796]},"properties":{"udise":"23270903204","name":"PS JUNAPANI","state":"MADHYA PRADESH","district":"KHARGONE","block":"JHIRNIYA","indicator":"no_girls_toilet"}},{"type":"Feature","geometry":{"type":"Point","coordinates":[75.90818,22.27771]},"properties":{"udise":"23271322102","name":"PS JUJAKHEDI","state":"MADHYA PRADESH","district":"KHARGONE","block":"BADWAHA","indicator":"no_girls_toilet"}},{"type":"Feature","geometry":{"type":"Point","coordinates":[75.30773,21.68184]},"properties":{"udise":"23270609707","name":"PS GUWADA FALYA","state":"MADHYA PRADESH","district":"KHARGONE","block":"BHAGWANPURA","indicator":"no_girls_toilet"}},{"type":"Feature","geometry":{"type":"Point","coordinates":[75.62726,21.56631]},"properties":{"udise":"23270610108","name":"PS SURMAL FALYA","state":"MADHYA PRADESH","district":"KHARGONE","block":"BHAGWANPURA","indicator":"no_girls_toilet"}},{"type":"Feature","geometry":{"type":"Point","coordinates":[75.59398,21.48336]},"properties":{"udise":"23270611105","name":"PS KASHIYA FALYA","state":"MADHYA PRADESH","district":"KHARGONE","block":"BHAGWANPURA","indicator":"no_girls_toilet"}},{"type":"Feature","geometry":{"type":"Point","coordinates":[76.0233,22.1437]},"properties":{"udise":"23271308669","name":"IDEAL PUBLIC SCHOOL","state":"MADHYA PRADESH","district":"KHARGONE","block":"BADWAHA","indicator":"no_girls_toilet"}},{"type":"Feature","geometry":{"type":"Point","coordinates":[75.90387,22.33559]},"properties":{"udise":"23271313504","name":"PS SURPALA","state":"MADHYA PRADESH","district":"KHARGONE","block":"BADWAHA","indicator":"no_girls_toilet"}},{"type":"Feature","geometry":{"type":"Point","coordinates":[75.63914,21.82119]},"properties":{"udise":"23271006101","name":"PS KAJALPURA","state":"MADHYA PRADESH","district":"KHARGONE","block":"GOGAWAN","indicator":"no_girls_toilet"}},{"type":"Feature","geometry":{"type":"Point","coordinates":[75.89665,21.96153]},"properties":{"udise":"23270800502","name":"PS RAMSINGH FALYA","state":"MADHYA PRADESH","district":"KHARGONE","block":"BHIKANGAON","indicator":"no_girls_toilet"}},{"type":"Feature","geometry":{"type":"Point","coordinates":[75.95585,21.86146]},"properties":{"udise":"23270810723","name":"PS REV.AREA W.NO.15","state":"MADHYA PRADESH","district":"KHARGONE","block":"BHIKANGAON","indicator":"no_girls_toilet"}},{"type":"Feature","geometry":{"type":"Point","coordinates":[75.96411,21.83034]},"properties":{"udise":"23270810728","name":"PS BISAN FALYA 09-10","state":"MADHYA PRADESH","district":"KHARGONE","block":"BHIKANGAON","indicator":"no_girls_toilet"}},{"type":"Feature","geometry":{"type":"Point","coordinates":[76.0062,22.19927]},"properties":{"udise":"23271311502","name":"MS ALI BUJURG 08-09","state":"MADHYA PRADESH","district":"KHARGONE","block":"BADWAHA","indicator":"no_girls_toilet"}},{"type":"Feature","geometry":{"type":"Point","coordinates":[76.0682,22.1764]},"properties":{"udise":"23271327648","name":"GRAND HYATT ACADEMY","state":"MADHYA PRADESH","district":"KHARGONE","block":"BADWAHA","indicator":"no_girls_toilet"}},{"type":"Feature","geometry":{"type":"Point","coordinates":[75.98273,22.18957]},"properties":{"udise":"23271315903","name":"PS TOKSAR","state":"MADHYA PRADESH","district":"KHARGONE","block":"BADWAHA","indicator":"no_girls_toilet"}},{"type":"Feature","geometry":{"type":"Point","coordinates":[76.03993,22.25964]},"properties":{"udise":"23271308665","name":"BAL VIDHYAPEETH ACADEMY (PS-67358)","state":"MADHYA PRADESH","district":"KHARGONE","block":"BADWAHA","indicator":"no_girls_toilet"}},{"type":"Feature","geometry":{"type":"Point","coordinates":[75.91143,22.26452]},"properties":{"udise":"23271315201","name":"MS BERFARD BUJURG","state":"MADHYA PRADESH","district":"KHARGONE","block":"BADWAHA","indicator":"no_girls_toilet"}},{"type":"Feature","geometry":{"type":"Point","coordinates":[76.06911,21.96242]},"properties":{"udise":"23270803702","name":"MS SIRALI","state":"MADHYA PRADESH","district":"KHARGONE","block":"BHIKANGAON","indicator":"no_girls_toilet"}},{"type":"Feature","geometry":{"type":"Point","coordinates":[75.7185,21.73147]},"properties":{"udise":"23271006003","name":"PS NAVLAPURA","state":"MADHYA PRADESH","district":"KHARGONE","block":"GOGAWAN","indicator":"no_girls_toilet"}},{"type":"Feature","geometry":{"type":"Point","coordinates":[75.42665,22.04633]},"properties":{"udise":"23271202407","name":"HS NAYDAD (9-10)","state":"MADHYA PRADESH","district":"KHARGONE","block":"KASRAWAD","indicator":"no_girls_toilet"}},{"type":"Feature","geometry":{"type":"Point","coordinates":[76.15063,22.38247]},"properties":{"udise":"23271312501","name":"PS GUJRATI PURA","state":"MADHYA PRADESH","district":"KHARGONE","block":"BADWAHA","indicator":"no_girls_toilet"}},{"type":"Feature","geometry":{"type":"Point","coordinates":[75.88648,22.15159]},"properties":{"udise":"23271306601","name":"MS RAVER KHEDI","state":"MADHYA PRADESH","district":"KHARGONE","block":"BADWAHA","indicator":"no_girls_toilet"}},{"type":"Feature","geometry":{"type":"Point","coordinates":[75.96233,21.85712]},"properties":{"udise":"23270813609","name":"PS BEDI FALYA","state":"MADHYA PRADESH","district":"KHARGONE","block":"BHIKANGAON","indicator":"no_girls_toilet"}},{"type":"Feature","geometry":{"type":"Point","coordinates":[75.66752,21.71825]},"properties":{"udise":"23271005101","name":"MS GHATTI","state":"MADHYA PRADESH","district":"KHARGONE","block":"GOGAWAN","indicator":"no_girls_toilet"}},{"type":"Feature","geometry":{"type":"Point","coordinates":[75.66205,21.8954]},"properties":{"udise":"23271000503","name":"HS KHEDI KHURD","state":"MADHYA PRADESH","district":"KHARGONE","block":"GOGAWAN","indicator":"no_girls_toilet"}},{"type":"Feature","geometry":{"type":"Point","coordinates":[75.81861,21.99212]},"properties":{"udise":"23270802605","name":"PS KUNDIYA FALYA","state":"MADHYA PRADESH","district":"KHARGONE","block":"BHIKANGAON","indicator":"no_girls_toilet"}},{"type":"Feature","geometry":{"type":"Point","coordinates":[75.84548,21.60841]},"properties":{"udise":"23270909412","name":"PS BAJAR KHODRA KHURD","state":"MADHYA PRADESH","district":"KHARGONE","block":"JHIRNIYA","indicator":"no_girls_toilet"}},{"type":"Feature","geometry":{"type":"Point","coordinates":[75.89941,22.28551]},"properties":{"udise":"23271322201","name":"PS BHOGASA","state":"MADHYA PRADESH","district":"KHARGONE","block":"BADWAHA","indicator":"no_girls_toilet"}},{"type":"Feature","geometry":{"type":"Point","coordinates":[75.96202,21.86416]},"properties":{"udise":"23270810705","name":"MS BHIKAN GOAN","state":"MADHYA PRADESH","district":"KHARGONE","block":"BHIKANGAON","indicator":"no_girls_toilet"}},{"type":"Feature","geometry":{"type":"Point","coordinates":[75.53826,22.09817]},"properties":{"udise":"23271212404","name":"MS SATKUR","state":"MADHYA PRADESH","district":"KHARGONE","block":"KASRAWAD","indicator":"no_girls_toilet"}},{"type":"Feature","geometry":{"type":"Point","coordinates":[75.98382,22.35079]},"properties":{"udise":"23271324001","name":"PS PADALI KHURD","state":"MADHYA PRADESH","district":"KHARGONE","block":"BADWAHA","indicator":"no_girls_toilet"}},{"type":"Feature","geometry":{"type":"Point","coordinates":[75.72517,21.96034]},"properties":{"udise":"23270809406","name":"PS RATANPURA 09-10","state":"MADHYA PRADESH","district":"KHARGONE","block":"BHIKANGAON","indicator":"no_girls_toilet"}},{"type":"Feature","geometry":{"type":"Point","coordinates":[75.5938,21.48321]},"properties":{"udise":"23270611103","name":"PS SINDIYA BARI","state":"MADHYA PRADESH","district":"KHARGONE","block":"BHAGWANPURA","indicator":"no_girls_toilet"}},{"type":"Feature","geometry":{"type":"Point","coordinates":[75.6358,21.77196]},"properties":{"udise":"23271509610","name":"SANJIT SARASWATI GHYAN MANDIR","state":"MADHYA PRADESH","district":"KHARGONE","block":"KHARGONE","indicator":"no_girls_toilet"}},{"type":"Feature","geometry":{"type":"Point","coordinates":[75.60188,21.94754]},"properties":{"udise":"23271205602","name":"MS GUJARI 07-08","state":"MADHYA PRADESH","district":"KHARGONE","block":"KASRAWAD","indicator":"no_girls_toilet"}},{"type":"Feature","geometry":{"type":"Point","coordinates":[75.7101,21.68623]},"properties":{"udise":"23270603903","name":"PS RAJPURA","state":"MADHYA PRADESH","district":"KHARGONE","block":"BHAGWANPURA","indicator":"no_girls_toilet"}},{"type":"Feature","geometry":{"type":"Point","coordinates":[75.56975,21.50524]},"properties":{"udise":"23270611109","name":"MS KHOKHRIYA AMBA","state":"MADHYA PRADESH","district":"KHARGONE","block":"BHAGWANPURA","indicator":"no_girls_toilet"}},{"type":"Feature","geometry":{"type":"Point","coordinates":[75.82968,21.89761]},"properties":{"udise":"23270808004","name":"H.S BALKHADIYA (2013)","state":"MADHYA PRADESH","district":"KHARGONE","block":"BHIKANGAON","indicator":"no_girls_toilet"}},{"type":"Feature","geometry":{"type":"Point","coordinates":[75.982,21.81982]},"properties":{"udise":"23270813611","name":"PS DONGAR FALYA 09-10","state":"MADHYA PRADESH","district":"KHARGONE","block":"BHIKANGAON","indicator":"no_girls_toilet"}},{"type":"Feature","geometry":{"type":"Point","coordinates":[75.34911,21.85339]},"properties":{"udise":"23270200131","name":"PS KANCHANPURA (2013-14)","state":"MADHYA PRADESH","district":"KHARGONE","block":"SEGAON","indicator":"no_girls_toilet"}},{"type":"Feature","geometry":{"type":"Point","coordinates":[75.97949,22.36146]},"properties":{"udise":"23271307902","name":"PS KURAWAD","state":"MADHYA PRADESH","district":"KHARGONE","block":"BADWAHA","indicator":"no_girls_toilet"}},{"type":"Feature","geometry":{"type":"Point","coordinates":[76.0257,22.25192]},"properties":{"udise":"23271308645","name":"NIRMAL CONVENT SCHOOL BADWAH","state":"MADHYA PRADESH","district":"KHARGONE","block":"BADWAHA","indicator":"no_girls_toilet"}},{"type":"Feature","geometry":{"type":"Point","coordinates":[75.60541,21.48986]},"properties":{"udise":"23270610807","name":"PS RAITEMRI","state":"MADHYA PRADESH","district":"KHARGONE","block":"BHAGWANPURA","indicator":"no_girls_toilet"}},{"type":"Feature","geometry":{"type":"Point","coordinates":[75.6699,21.73936]},"properties":{"udise":"23271005303","name":"PS SALI FALYA","state":"MADHYA PRADESH","district":"KHARGONE","block":"GOGAWAN","indicator":"no_girls_toilet"}},{"type":"Feature","geometry":{"type":"Point","coordinates":[75.81659,21.86372]},"properties":{"udise":"23270805303","name":"PS SAGUR BHAGUR","state":"MADHYA PRADESH","district":"KHARGONE","block":"BHIKANGAON","indicator":"no_girls_toilet"}},{"type":"Feature","geometry":{"type":"Point","coordinates":[76.02463,22.11666]},"properties":{"udise":"23271309602","name":"MS TOKLAY","state":"MADHYA PRADESH","district":"KHARGONE","block":"BADWAHA","indicator":"no_girls_toilet"}},{"type":"Feature","geometry":{"type":"Point","coordinates":[75.754,21.71174]},"properties":{"udise":"23270603301","name":"MS MANDAVKHEDA","state":"MADHYA PRADESH","district":"KHARGONE","block":"BHAGWANPURA","indicator":"no_girls_toilet"}},{"type":"Feature","geometry":{"type":"Point","coordinates":[75.8655,22.33111]},"properties":{"udise":"23271325401","name":"MS RAMTHAN","state":"MADHYA PRADESH","district":"KHARGONE","block":"BADWAHA","indicator":"no_girls_toilet"}},{"type":"Feature","geometry":{"type":"Point","coordinates":[76.06901,22.18164]},"properties":{"udise":"23271327611","name":"HS SARSAWATI VIDHYA MANDIR","state":"MADHYA PRADESH","district":"KHARGONE","block":"BADWAHA","indicator":"no_girls_toilet"}},{"type":"Feature","geometry":{"type":"Point","coordinates":[75.76331,22.15976]},"properties":{"udise":"23271208502","name":"MS BHATYABUJURG","state":"MADHYA PRADESH","district":"KHARGONE","block":"KASRAWAD","indicator":"no_girls_toilet"}},{"type":"Feature","geometry":{"type":"Point","coordinates":[75.60172,21.99134]},"properties":{"udise":"23271202606","name":"HSS AGHAWAN","state":"MADHYA PRADESH","district":"KHARGONE","block":"KASRAWAD","indicator":"no_girls_toilet"}},{"type":"Feature","geometry":{"type":"Point","coordinates":[75.55637,21.71667]},"properties":{"udise":"23271004906","name":"HS KOTHA KHURD","state":"MADHYA PRADESH","district":"KHARGONE","block":"GOGAWAN","indicator":"no_girls_toilet"}},{"type":"Feature","geometry":{"type":"Point","coordinates":[75.59408,21.48338]},"properties":{"udise":"23270611106","name":"PS GURU FALYA","state":"MADHYA PRADESH","district":"KHARGONE","block":"BHAGWANPURA","indicator":"no_girls_toilet"}},{"type":"Feature","geometry":{"type":"Point","coordinates":[75.49295,21.99202]},"properties":{"udise":"23271221003","name":"PS RASWA","state":"MADHYA PRADESH","district":"KHARGONE","block":"KASRAWAD","indicator":"no_girls_toilet"}},{"type":"Feature","geometry":{"type":"Point","coordinates":[75.73591,21.91516]},"properties":{"udise":"23271003003","name":"MS SHAHPURA","state":"MADHYA PRADESH","district":"KHARGONE","block":"GOGAWAN","indicator":"no_girls_toilet"}},{"type":"Feature","geometry":{"type":"Point","coordinates":[75.35529,21.73213]},"properties":{"udise":"23270204204","name":"PS KIRADIYA FALYA","state":"MADHYA PRADESH","district":"KHARGONE","block":"SEGAON","indicator":"no_girls_toilet"}},{"type":"Feature","geometry":{"type":"Point","coordinates":[75.44716,21.64854]},"properties":{"udise":"23270611401","name":"PS DONGLYAPANI","state":"MADHYA PRADESH","district":"KHARGONE","block":"BHAGWANPURA","indicator":"no_girls_toilet"}},{"type":"Feature","geometry":{"type":"Point","coordinates":[75.71946,22.13204]},"properties":{"udise":"23271206807","name":"HS AMLATHA (9-10)","state":"MADHYA PRADESH","district":"KHARGONE","block":"KASRAWAD","indicator":"no_girls_toilet"}},{"type":"Feature","geometry":{"type":"Point","coordinates":[76.09833,22.34099]},"properties":{"udise":"23271321602","name":"PS LODHRA FALYA","state":"MADHYA PRADESH","district":"KHARGONE","block":"BADWAHA","indicator":"no_girls_toilet"}},{"type":"Feature","geometry":{"type":"Point","coordinates":[76.03443,21.91194]},"properties":{"udise":"23270803204","name":"MS LACHORA (2010-11)","state":"MADHYA PRADESH","district":"KHARGONE","block":"BHIKANGAON","indicator":"no_girls_toilet"}},{"type":"Feature","geometry":{"type":"Point","coordinates":[76.1721,22.10378]},"properties":{"udise":"23271320015","name":"UTKRAST ACADEMY SCHOOL","state":"MADHYA PRADESH","district":"KHARGONE","block":"BADWAHA","indicator":"no_girls_toilet"}},{"type":"Feature","geometry":{"type":"Point","coordinates":[75.85926,21.41254]},"properties":{"udise":"23270905005","name":"PS FULSINGH FALYA (2013-14)","state":"MADHYA PRADESH","district":"KHARGONE","block":"JHIRNIYA","indicator":"no_girls_toilet"}},{"type":"Feature","geometry":{"type":"Point","coordinates":[75.6415,21.57112]},"properties":{"udise":"23270604908","name":"PS CHHATRIYA FALYA","state":"MADHYA PRADESH","district":"KHARGONE","block":"BHAGWANPURA","indicator":"no_girls_toilet"}},{"type":"Feature","geometry":{"type":"Point","coordinates":[75.71929,21.76213]},"properties":{"udise":"23271006401","name":"PS MAHARGHATTI","state":"MADHYA PRADESH","district":"KHARGONE","block":"GOGAWAN","indicator":"no_girls_toilet"}},{"type":"Feature","geometry":{"type":"Point","coordinates":[75.76857,22.32085]},"properties":{"udise":"23271407503","name":"PS BHIL MOHALLA","state":"MADHYA PRADESH","district":"KHARGONE","block":"MAHESHWAR","indicator":"no_girls_toilet"}},{"type":"Feature","geometry":{"type":"Point","coordinates":[75.65585,21.66411]},"properties":{"udise":"23270608901","name":"PS BALKHAD BUJURG","state":"MADHYA PRADESH","district":"KHARGONE","block":"BHAGWANPURA","indicator":"no_girls_toilet"}},{"type":"Feature","geometry":{"type":"Point","coordinates":[75.73557,21.90721]},"properties":{"udise":"23271003426","name":"HSS EXCELLENCE GOGAWA","state":"MADHYA PRADESH","district":"KHARGONE","block":"GOGAWAN","indicator":"no_girls_toilet"}},{"type":"Feature","geometry":{"type":"Point","coordinates":[76.01196,22.18521]},"properties":{"udise":"23271311301","name":"MS ALI KHURD","state":"MADHYA PRADESH","district":"KHARGONE","block":"BADWAHA","indicator":"no_girls_toilet"}},{"type":"Feature","geometry":{"type":"Point","coordinates":[75.64904,21.72371]},"properties":{"udise":"23271009801","name":"PS DOL","state":"MADHYA PRADESH","district":"KHARGONE","block":"GOGAWAN","indicator":"no_girls_toilet"}},{"type":"Feature","geometry":{"type":"Point","coordinates":[75.94597,21.42545]},"properties":{"udise":"23270904204","name":"PS MAAL FALYA (2013-14)","state":"MADHYA PRADESH","district":"KHARGONE","block":"JHIRNIYA","indicator":"no_girls_toilet"}},{"type":"Feature","geometry":{"type":"Point","coordinates":[75.83262,21.74829]},"properties":{"udise":"23270811401","name":"PS DAGADKHEDI","state":"MADHYA PRADESH","district":"KHARGONE","block":"BHIKANGAON","indicator":"no_girls_toilet"}},{"type":"Feature","geometry":{"type":"Point","coordinates":[75.70369,21.59252]},"properties":{"udise":"23270611702","name":"PS NAHARSINGH FALYA","state":"MADHYA PRADESH","district":"KHARGONE","block":"BHAGWANPURA","indicator":"no_girls_toilet"}},{"type":"Feature","geometry":{"type":"Point","coordinates":[75.47083,21.52009]},"properties":{"udise":"23270605110","name":"PS PATEL FALYA KELI AMBA","state":"MADHYA PRADESH","district":"KHARGONE","block":"BHAGWANPURA","indicator":"no_girls_toilet"}},{"type":"Feature","geometry":{"type":"Point","coordinates":[76.02099,21.55649]},"properties":{"udise":"23270900403","name":"PS DARIYAV FALYA","state":"MADHYA PRADESH","district":"KHARGONE","block":"JHIRNIYA","indicator":"no_girls_toilet"}},{"type":"Feature","geometry":{"type":"Point","coordinates":[75.79128,21.46958]},"properties":{"udise":"23270907302","name":"PS CHIP FALYA (2016)","state":"MADHYA PRADESH","district":"KHARGONE","block":"JHIRNIYA","indicator":"no_girls_toilet"}},{"type":"Feature","geometry":{"type":"Point","coordinates":[75.63577,21.69844]},"properties":{"udise":"23271004302","name":"MS AVLI","state":"MADHYA PRADESH","district":"KHARGONE","block":"GOGAWAN","indicator":"no_girls_toilet"}},{"type":"Feature","geometry":{"type":"Point","coordinates":[75.77247,21.80517]},"properties":{"udise":"23271003901","name":"PS JOJANKHADI","state":"MADHYA PRADESH","district":"KHARGONE","block":"GOGAWAN","indicator":"no_girls_toilet"}},{"type":"Feature","geometry":{"type":"Point","coordinates":[75.78223,22.07269]},"properties":{"udise":"23271212303","name":"MS JHIRNIYA 07-08","state":"MADHYA PRADESH","district":"KHARGONE","block":"KASRAWAD","indicator":"no_girls_toilet"}},{"type":"Feature","geometry":{"type":"Point","coordinates":[75.73468,21.92509]},"properties":{"udise":"23271002801","name":"PS BILKHED","state":"MADHYA PRADESH","district":"KHARGONE","block":"GOGAWAN","indicator":"no_girls_toilet"}},{"type":"Feature","geometry":{"type":"Point","coordinates":[75.60587,21.48952]},"properties":{"udise":"23270610809","name":"PS DEDAR KUNDIYA FALYA","state":"MADHYA PRADESH","district":"KHARGONE","block":"BHAGWANPURA","indicator":"no_girls_toilet"}},{"type":"Feature","geometry":{"type":"Point","coordinates":[75.732,21.77823]},"properties":{"udise":"23271006505","name":"PS DEVBAIDI","state":"MADHYA PRADESH","district":"KHARGONE","block":"GOGAWAN","indicator":"no_girls_toilet"}},{"type":"Feature","geometry":{"type":"Point","coordinates":[76.10567,22.17181]},"properties":{"udise":"23271328001","name":"PS JUNAPANI","state":"MADHYA PRADESH","district":"KHARGONE","block":"BADWAHA","indicator":"no_girls_toilet"}},{"type":"Feature","geometry":{"type":"Point","coordinates":[75.74292,21.74324]},"properties":{"udise":"23271006404","name":"PS DHOBRA FALYA","state":"MADHYA PRADESH","district":"KHARGONE","block":"GOGAWAN","indicator":"no_girls_toilet"}},{"type":"Feature","geometry":{"type":"Point","coordinates":[75.53261,22.15197]},"properties":{"udise":"23271217801","name":"MS DHALKHEDA","state":"MADHYA PRADESH","district":"KHARGONE","block":"KASRAWAD","indicator":"no_girls_toilet"}},{"type":"Feature","geometry":{"type":"Point","coordinates":[75.69343,21.44956]},"properties":{"udise":"23270610602","name":"PS CHATRIYA FALYA","state":"MADHYA PRADESH","district":"KHARGONE","block":"BHAGWANPURA","indicator":"no_girls_toilet"}},{"type":"Feature","geometry":{"type":"Point","coordinates":[75.62171,21.81699]},"properties":{"udise":"23271509608","name":"NIRMAL SAI VIDHYA VIHAR JAMLI","state":"MADHYA PRADESH","district":"KHARGONE","block":"KHARGONE","indicator":"no_girls_toilet"}},{"type":"Feature","geometry":{"type":"Point","coordinates":[75.74725,22.26913]},"properties":{"udise":"23271402501","name":"PS MANDORI","state":"MADHYA PRADESH","district":"KHARGONE","block":"MAHESHWAR","indicator":"no_girls_toilet"}},{"type":"Feature","geometry":{"type":"Point","coordinates":[76.00203,22.15461]},"properties":{"udise":"23271311602","name":"MS GALGAON","state":"MADHYA PRADESH","district":"KHARGONE","block":"BADWAHA","indicator":"no_girls_toilet"}},{"type":"Feature","geometry":{"type":"Point","coordinates":[75.73593,21.77029]},"properties":{"udise":"23271006501","name":"H.S. RUPKHEDA PS TO HS","state":"MADHYA PRADESH","district":"KHARGONE","block":"GOGAWAN","indicator":"no_girls_toilet"}},{"type":"Feature","geometry":{"type":"Point","coordinates":[75.72637,21.79121]},"properties":{"udise":"23271004005","name":"MS SOLNA","state":"MADHYA PRADESH","district":"KHARGONE","block":"GOGAWAN","indicator":"girls_toilet_nonfunctional"}},{"type":"Feature","geometry":{"type":"Point","coordinates":[75.48061,21.98638]},"properties":{"udise":"23271221001","name":"PS PATELFALYA RASWA","state":"MADHYA PRADESH","district":"KHARGONE","block":"KASRAWAD","indicator":"girls_toilet_nonfunctional"}},{"type":"Feature","geometry":{"type":"Point","coordinates":[75.90197,22.06762]},"properties":{"udise":"23271313301","name":"PS DABHAR","state":"MADHYA PRADESH","district":"KHARGONE","block":"BADWAHA","indicator":"girls_toilet_nonfunctional"}},{"type":"Feature","geometry":{"type":"Point","coordinates":[76.02034,22.24875]},"properties":{"udise":"23271320308","name":"LITTLE STARS ACADEMY SIRLAY","state":"MADHYA PRADESH","district":"KHARGONE","block":"BADWAHA","indicator":"girls_toilet_nonfunctional"}},{"type":"Feature","geometry":{"type":"Point","coordinates":[75.79307,21.55023]},"properties":{"udise":"23270914606","name":"PS AMBAPAT FALYA (2013-14)","state":"MADHYA PRADESH","district":"KHARGONE","block":"JHIRNIYA","indicator":"girls_toilet_nonfunctional"}},{"type":"Feature","geometry":{"type":"Point","coordinates":[75.99282,21.97997]},"properties":{"udise":"23270801601","name":"PS PIPLAYA KHURD (ANJANGAON)","state":"MADHYA PRADESH","district":"KHARGONE","block":"BHIKANGAON","indicator":"girls_toilet_nonfunctional"}},{"type":"Feature","geometry":{"type":"Point","coordinates":[75.78892,21.6961]},"properties":{"udise":"23270600809","name":"PS CHOUGDIYA FALYA","state":"MADHYA PRADESH","district":"KHARGONE","block":"BHAGWANPURA","indicator":"girls_toilet_nonfunctional"}},{"type":"Feature","geometry":{"type":"Point","coordinates":[76.005,22.30539]},"properties":{"udise":"23271314501","name":"PS MANIHAR","state":"MADHYA PRADESH","district":"KHARGONE","block":"BADWAHA","indicator":"girls_toilet_nonfunctional"}},{"type":"Feature","geometry":{"type":"Point","coordinates":[75.99112,21.89686]},"properties":{"udise":"23270803106","name":"PS BID FALYA(BHOPATPURA)","state":"MADHYA PRADESH","district":"KHARGONE","block":"BHIKANGAON","indicator":"girls_toilet_nonfunctional"}},{"type":"Feature","geometry":{"type":"Point","coordinates":[75.94223,22.10515]},"properties":{"udise":"23271319704","name":"MS DUDGAON","state":"MADHYA PRADESH","district":"KHARGONE","block":"BADWAHA","indicator":"girls_toilet_nonfunctional"}},{"type":"Feature","geometry":{"type":"Point","coordinates":[76.13414,22.20076]},"properties":{"udise":"23271327902","name":"MS ANJRUD","state":"MADHYA PRADESH","district":"KHARGONE","block":"BADWAHA","indicator":"girls_toilet_nonfunctional"}},{"type":"Feature","geometry":{"type":"Point","coordinates":[76.102,22.30975]},"properties":{"udise":"23271306303","name":"PS KANDI FALYA","state":"MADHYA PRADESH","district":"KHARGONE","block":"BADWAHA","indicator":"girls_toilet_nonfunctional"}},{"type":"Feature","geometry":{"type":"Point","coordinates":[75.9157,22.24793]},"properties":{"udise":"23271302501","name":"PS MACHALPUR KHURD","state":"MADHYA PRADESH","district":"KHARGONE","block":"BADWAHA","indicator":"girls_toilet_nonfunctional"}},{"type":"Feature","geometry":{"type":"Point","coordinates":[75.369,21.97012]},"properties":{"udise":"23271510601","name":"PS PANYADAR","state":"MADHYA PRADESH","district":"KHARGONE","block":"KHARGONE","indicator":"girls_toilet_nonfunctional"}},{"type":"Feature","geometry":{"type":"Point","coordinates":[75.8876,22.14929]},"properties":{"udise":"23271304902","name":"PS NARSINGHPURA","state":"MADHYA PRADESH","district":"KHARGONE","block":"BADWAHA","indicator":"girls_toilet_nonfunctional"}},{"type":"Feature","geometry":{"type":"Point","coordinates":[75.50783,21.58627]},"properties":{"udise":"23270608002","name":"PS CHOKHAND","state":"MADHYA PRADESH","district":"KHARGONE","block":"BHAGWANPURA","indicator":"girls_toilet_nonfunctional"}},{"type":"Feature","geometry":{"type":"Point","coordinates":[75.62175,21.4841]},"properties":{"udise":"23270610202","name":"PS VARATI FALYA","state":"MADHYA PRADESH","district":"KHARGONE","block":"BHAGWANPURA","indicator":"girls_toilet_nonfunctional"}},{"type":"Feature","geometry":{"type":"Point","coordinates":[75.88049,21.51908]},"properties":{"udise":"23270909607","name":"SARASWATI VIDHYA MANDIR HELAPADAWA","state":"MADHYA PRADESH","district":"KHARGONE","block":"JHIRNIYA","indicator":"girls_toilet_nonfunctional"}},{"type":"Feature","geometry":{"type":"Point","coordinates":[75.93749,21.8188]},"properties":{"udise":"23270813102","name":"MS JAMNIYA BUJURG 09-10","state":"MADHYA PRADESH","district":"KHARGONE","block":"BHIKANGAON","indicator":"girls_toilet_nonfunctional"}},{"type":"Feature","geometry":{"type":"Point","coordinates":[75.9724,21.81193]},"properties":{"udise":"23270807001","name":"PS UMARDAD","state":"MADHYA PRADESH","district":"KHARGONE","block":"BHIKANGAON","indicator":"girls_toilet_nonfunctional"}},{"type":"Feature","geometry":{"type":"Point","coordinates":[75.67607,21.95732]},"properties":{"udise":"23271206204","name":"ASMS ACADEMY (PS-81130)","state":"MADHYA PRADESH","district":"KHARGONE","block":"KASRAWAD","indicator":"girls_toilet_nonfunctional"}},{"type":"Feature","geometry":{"type":"Point","coordinates":[75.6749,22.03435]},"properties":{"udise":"23271219903","name":"MS BHANGAON","state":"MADHYA PRADESH","district":"KHARGONE","block":"KASRAWAD","indicator":"girls_toilet_nonfunctional"}},{"type":"Feature","geometry":{"type":"Point","coordinates":[75.5655,22.35815]},"properties":{"udise":"23271410501","name":"PS HINDOLAGAVADI","state":"MADHYA PRADESH","district":"KHARGONE","block":"MAHESHWAR","indicator":"girls_toilet_nonfunctional"}},{"type":"Feature","geometry":{"type":"Point","coordinates":[75.45714,22.01084]},"properties":{"udise":"23271207702","name":"MS RADHODAR (2010-11)","state":"MADHYA PRADESH","district":"KHARGONE","block":"KASRAWAD","indicator":"girls_toilet_nonfunctional"}},{"type":"Feature","geometry":{"type":"Point","coordinates":[75.94527,22.03249]},"properties":{"udise":"23271311304","name":"PS RAMPURA","state":"MADHYA PRADESH","district":"KHARGONE","block":"BADWAHA","indicator":"girls_toilet_nonfunctional"}},{"type":"Feature","geometry":{"type":"Point","coordinates":[76.07823,21.84818]},"properties":{"udise":"23270808303","name":"PS DERI","state":"MADHYA PRADESH","district":"KHARGONE","block":"BHIKANGAON","indicator":"girls_toilet_nonfunctional"}},{"type":"Feature","geometry":{"type":"Point","coordinates":[75.35797,21.87232]},"properties":{"udise":"23270201202","name":"PS BHAWARPURA","state":"MADHYA PRADESH","district":"KHARGONE","block":"SEGAON","indicator":"girls_toilet_nonfunctional"}},{"type":"Feature","geometry":{"type":"Point","coordinates":[75.83758,21.89594]},"properties":{"udise":"23270808002","name":"PS BALKHADIYA","state":"MADHYA PRADESH","district":"KHARGONE","block":"BHIKANGAON","indicator":"girls_toilet_nonfunctional"}},{"type":"Feature","geometry":{"type":"Point","coordinates":[75.88984,21.90695]},"properties":{"udise":"23270809901","name":"MS SANKARGOAN","state":"MADHYA PRADESH","district":"KHARGONE","block":"BHIKANGAON","indicator":"girls_toilet_nonfunctional"}},{"type":"Feature","geometry":{"type":"Point","coordinates":[75.2807,21.73496]},"properties":{"udise":"23270207402","name":"PS MORIPURA","state":"MADHYA PRADESH","district":"KHARGONE","block":"SEGAON","indicator":"girls_toilet_nonfunctional"}},{"type":"Feature","geometry":{"type":"Point","coordinates":[76.10452,22.1718]},"properties":{"udise":"23271328002","name":"MS JUNAPANI","state":"MADHYA PRADESH","district":"KHARGONE","block":"BADWAHA","indicator":"girls_toilet_nonfunctional"}},{"type":"Feature","geometry":{"type":"Point","coordinates":[76.05713,21.93107]},"properties":{"udise":"23270806504","name":"MS MACHHALGAON EKTASA 09-10","state":"MADHYA PRADESH","district":"KHARGONE","block":"BHIKANGAON","indicator":"girls_toilet_nonfunctional"}},{"type":"Feature","geometry":{"type":"Point","coordinates":[76.03991,22.50247]},"properties":{"udise":"23271322904","name":"PS RAGHUNATH FALYA","state":"MADHYA PRADESH","district":"KHARGONE","block":"BADWAHA","indicator":"girls_toilet_nonfunctional"}},{"type":"Feature","geometry":{"type":"Point","coordinates":[76.10102,22.61045]},"properties":{"udise":"23271320012","name":"SHREE DEEP ACADMY","state":"MADHYA PRADESH","district":"KHARGONE","block":"BADWAHA","indicator":"girls_toilet_nonfunctional"}},{"type":"Feature","geometry":{"type":"Point","coordinates":[75.63085,21.87074]},"properties":{"udise":"23271000401","name":"MS MANGRUL","state":"MADHYA PRADESH","district":"KHARGONE","block":"GOGAWAN","indicator":"girls_toilet_nonfunctional"}},{"type":"Feature","geometry":{"type":"Point","coordinates":[75.89483,22.12563]},"properties":{"udise":"23271324501","name":"PS BADGAON","state":"MADHYA PRADESH","district":"KHARGONE","block":"BADWAHA","indicator":"girls_toilet_nonfunctional"}},{"type":"Feature","geometry":{"type":"Point","coordinates":[75.93874,22.16371]},"properties":{"udise":"23271301101","name":"PS FAN GAON","state":"MADHYA PRADESH","district":"KHARGONE","block":"BADWAHA","indicator":"girls_toilet_nonfunctional"}},{"type":"Feature","geometry":{"type":"Point","coordinates":[75.65732,22.07184]},"properties":{"udise":"23271213501","name":"PS AHILYAPURA","state":"MADHYA PRADESH","district":"KHARGONE","block":"KASRAWAD","indicator":"girls_toilet_nonfunctional"}},{"type":"Feature","geometry":{"type":"Point","coordinates":[75.59447,21.96894]},"properties":{"udise":"23271203803","name":"MS KHEDI 08-09","state":"MADHYA PRADESH","district":"KHARGONE","block":"KASRAWAD","indicator":"girls_toilet_nonfunctional"}},{"type":"Feature","geometry":{"type":"Point","coordinates":[75.65717,21.7852]},"properties":{"udise":"23271005601","name":"PS CHHATALGOAN","state":"MADHYA PRADESH","district":"KHARGONE","block":"GOGAWAN","indicator":"girls_toilet_nonfunctional"}},{"type":"Feature","geometry":{"type":"Point","coordinates":[76.19534,22.06268]},"properties":{"udise":"23271315401","name":"MS KOTALIYA KHEDI","state":"MADHYA PRADESH","district":"KHARGONE","block":"BADWAHA","indicator":"girls_toilet_nonfunctional"}},{"type":"Feature","geometry":{"type":"Point","coordinates":[76.11618,21.99233]},"properties":{"udise":"23270804704","name":"PS JUNAPANI","state":"MADHYA PRADESH","district":"KHARGONE","block":"BHIKANGAON","indicator":"girls_toilet_nonfunctional"}},{"type":"Feature","geometry":{"type":"Point","coordinates":[75.8891,21.89279]},"properties":{"udise":"23270806402","name":"MS MALKHEDA","state":"MADHYA PRADESH","district":"KHARGONE","block":"BHIKANGAON","indicator":"girls_toilet_nonfunctional"}},{"type":"Feature","geometry":{"type":"Point","coordinates":[75.92033,21.61056]},"properties":{"udise":"23270906903","name":"PS BADIPURA FALYA","state":"MADHYA PRADESH","district":"KHARGONE","block":"JHIRNIYA","indicator":"girls_toilet_nonfunctional"}},{"type":"Feature","geometry":{"type":"Point","coordinates":[75.7689,21.77708]},"properties":{"udise":"23271001613","name":"PS EKLAGGI FALYA","state":"MADHYA PRADESH","district":"KHARGONE","block":"GOGAWAN","indicator":"girls_toilet_nonfunctional"}},{"type":"Feature","geometry":{"type":"Point","coordinates":[75.61356,21.81458]},"properties":{"udise":"23271513304","name":"THE OXFORD PUBLIC SCHOOL","state":"MADHYA PRADESH","district":"KHARGONE","block":"KHARGONE","indicator":"girls_toilet_nonfunctional"}},{"type":"Feature","geometry":{"type":"Point","coordinates":[75.96048,21.93612]},"properties":{"udise":"23270802302","name":"PS KHEDA FALYA","state":"MADHYA PRADESH","district":"KHARGONE","block":"BHIKANGAON","indicator":"girls_toilet_nonfunctional"}},{"type":"Feature","geometry":{"type":"Point","coordinates":[76.03007,21.95783]},"properties":{"udise":"23270801807","name":"PS PATEL FALYA(KANZER)","state":"MADHYA PRADESH","district":"KHARGONE","block":"BHIKANGAON","indicator":"girls_toilet_nonfunctional"}},{"type":"Feature","geometry":{"type":"Point","coordinates":[76.16728,22.05184]},"properties":{"udise":"23271300102","name":"MS LOHARI","state":"MADHYA PRADESH","district":"KHARGONE","block":"BADWAHA","indicator":"girls_toilet_nonfunctional"}},{"type":"Feature","geometry":{"type":"Point","coordinates":[75.76499,21.62334]},"properties":{"udise":"23270602305","name":"PS NANLA FALYA (MOHANPURA)","state":"MADHYA PRADESH","district":"KHARGONE","block":"BHAGWANPURA","indicator":"girls_toilet_nonfunctional"}},{"type":"Feature","geometry":{"type":"Point","coordinates":[75.98997,22.00701]},"properties":{"udise":"23270802502","name":"PS CHAKKI FALYA","state":"MADHYA PRADESH","district":"KHARGONE","block":"BHIKANGAON","indicator":"girls_toilet_nonfunctional"}},{"type":"Feature","geometry":{"type":"Point","coordinates":[76.0408,22.2532]},"properties":{"udise":"23271308651","name":"MAA OM NARMADA MUK BADHIR R.SCHOOL","state":"MADHYA PRADESH","district":"KHARGONE","block":"BADWAHA","indicator":"girls_toilet_nonfunctional"}},{"type":"Feature","geometry":{"type":"Point","coordinates":[75.96524,22.14153]},"properties":{"udise":"23271301001","name":"PS NILKUND","state":"MADHYA PRADESH","district":"KHARGONE","block":"BADWAHA","indicator":"girls_toilet_nonfunctional"}},{"type":"Feature","geometry":{"type":"Point","coordinates":[76.15282,22.35988]},"properties":{"udise":"23271309101","name":"PS KUNDI","state":"MADHYA PRADESH","district":"KHARGONE","block":"BADWAHA","indicator":"girls_toilet_nonfunctional"}},{"type":"Feature","geometry":{"type":"Point","coordinates":[75.98762,22.08288]},"properties":{"udise":"23271326103","name":"MS GORADIYA R","state":"MADHYA PRADESH","district":"KHARGONE","block":"BADWAHA","indicator":"girls_toilet_nonfunctional"}},{"type":"Feature","geometry":{"type":"Point","coordinates":[76.06372,21.98414]},"properties":{"udise":"23270804201","name":"MS KALDHA","state":"MADHYA PRADESH","district":"KHARGONE","block":"BHIKANGAON","indicator":"girls_toilet_nonfunctional"}},{"type":"Feature","geometry":{"type":"Point","coordinates":[75.78168,21.77009]},"properties":{"udise":"23271001614","name":"MS BORKHEDI (2010-11)","state":"MADHYA PRADESH","district":"KHARGONE","block":"GOGAWAN","indicator":"girls_toilet_nonfunctional"}},{"type":"Feature","geometry":{"type":"Point","coordinates":[75.68455,21.44915]},"properties":{"udise":"23270605804","name":"PS NAHLA FALYA","state":"MADHYA PRADESH","district":"KHARGONE","block":"BHAGWANPURA","indicator":"girls_toilet_nonfunctional"}},{"type":"Feature","geometry":{"type":"Point","coordinates":[76.07178,22.187]},"properties":{"udise":"23271327647","name":"TAIBA PUBLIC SCHOOL","state":"MADHYA PRADESH","district":"KHARGONE","block":"BADWAHA","indicator":"girls_toilet_nonfunctional"}},{"type":"Feature","geometry":{"type":"Point","coordinates":[76.06839,21.90736]},"properties":{"udise":"23270806501","name":"MS EKTASA","state":"MADHYA PRADESH","district":"KHARGONE","block":"BHIKANGAON","indicator":"girls_toilet_nonfunctional"}},{"type":"Feature","geometry":{"type":"Point","coordinates":[76.20891,22.07132]},"properties":{"udise":"23271317902","name":"MS DHULWADA","state":"MADHYA PRADESH","district":"KHARGONE","block":"BADWAHA","indicator":"girls_toilet_nonfunctional"}},{"type":"Feature","geometry":{"type":"Point","coordinates":[75.4564,21.9911]},"properties":{"udise":"23271220701","name":"PS BEGANDA","state":"MADHYA PRADESH","district":"KHARGONE","block":"KASRAWAD","indicator":"girls_toilet_nonfunctional"}},{"type":"Feature","geometry":{"type":"Point","coordinates":[75.54327,21.58684]},"properties":{"udise":"23270605515","name":"PS JADIYA FALYA","state":"MADHYA PRADESH","district":"KHARGONE","block":"BHAGWANPURA","indicator":"girls_toilet_nonfunctional"}},{"type":"Feature","geometry":{"type":"Point","coordinates":[76.14058,22.18935]},"properties":{"udise":"23271316708","name":"HS KHANGWADA","state":"MADHYA PRADESH","district":"KHARGONE","block":"BADWAHA","indicator":"girls_toilet_nonfunctional"}},{"type":"Feature","geometry":{"type":"Point","coordinates":[76.14672,21.71358]},"properties":{"udise":"23270912003","name":"MS MITAWAL","state":"MADHYA PRADESH","district":"KHARGONE","block":"JHIRNIYA","indicator":"girls_toilet_nonfunctional"}},{"type":"Feature","geometry":{"type":"Point","coordinates":[75.92664,21.97454]},"properties":{"udise":"23270800703","name":"PS CHIRWA","state":"MADHYA PRADESH","district":"KHARGONE","block":"BHIKANGAON","indicator":"girls_toilet_nonfunctional"}},{"type":"Feature","geometry":{"type":"Point","coordinates":[76.00563,21.96058]},"properties":{"udise":"23270803602","name":"MS RAMPURA (08-09)","state":"MADHYA PRADESH","district":"KHARGONE","block":"BHIKANGAON","indicator":"girls_toilet_nonfunctional"}},{"type":"Feature","geometry":{"type":"Point","coordinates":[75.96172,22.18511]},"properties":{"udise":"23271314301","name":"MS PITNAGAR","state":"MADHYA PRADESH","district":"KHARGONE","block":"BADWAHA","indicator":"girls_toilet_nonfunctional"}},{"type":"Feature","geometry":{"type":"Point","coordinates":[75.5287,21.70641]},"properties":{"udise":"23271503401","name":"PS JAMUNJHIRI","state":"MADHYA PRADESH","district":"KHARGONE","block":"KHARGONE","indicator":"girls_toilet_nonfunctional"}},{"type":"Feature","geometry":{"type":"Point","coordinates":[76.01968,21.84266]},"properties":{"udise":"23270807101","name":"HSS GOVINDPURA PS TO HSS","state":"MADHYA PRADESH","district":"KHARGONE","block":"BHIKANGAON","indicator":"girls_toilet_nonfunctional"}},{"type":"Feature","geometry":{"type":"Point","coordinates":[76.03989,21.96373]},"properties":{"udise":"23270804102","name":"MS NAGJHIRI (07-08)","state":"MADHYA PRADESH","district":"KHARGONE","block":"BHIKANGAON","indicator":"girls_toilet_nonfunctional"}},{"type":"Feature","geometry":{"type":"Point","coordinates":[75.61949,21.81102]},"properties":{"udise":"23271513108","name":"AL QALAM ANGLO ARABIC SCHOOL KHARGONE (PS-10519)","state":"MADHYA PRADESH","district":"KHARGONE","block":"KHARGONE","indicator":"girls_toilet_nonfunctional"}},{"type":"Feature","geometry":{"type":"Point","coordinates":[75.40183,22.06769]},"properties":{"udise":"23271202902","name":"PS PIPRI","state":"MADHYA PRADESH","district":"KHARGONE","block":"KASRAWAD","indicator":"girls_toilet_nonfunctional"}},{"type":"Feature","geometry":{"type":"Point","coordinates":[75.99246,22.05795]},"properties":{"udise":"23271319606","name":"PS PUJARA FALAYA","state":"MADHYA PRADESH","district":"KHARGONE","block":"BADWAHA","indicator":"girls_toilet_nonfunctional"}},{"type":"Feature","geometry":{"type":"Point","coordinates":[76.15094,22.09414]},"properties":{"udise":"23271327301","name":"MS MALGAON","state":"MADHYA PRADESH","district":"KHARGONE","block":"BADWAHA","indicator":"girls_toilet_nonfunctional"}},{"type":"Feature","geometry":{"type":"Point","coordinates":[76.02276,22.15907]},"properties":{"udise":"23271328614","name":"HS BADUD","state":"MADHYA PRADESH","district":"KHARGONE","block":"BADWAHA","indicator":"girls_toilet_nonfunctional"}},{"type":"Feature","geometry":{"type":"Point","coordinates":[75.62163,21.83147]},"properties":{"udise":"23271508905","name":"NAVRTANA PUBLIC SCHOOL","state":"MADHYA PRADESH","district":"KHARGONE","block":"KHARGONE","indicator":"girls_toilet_nonfunctional"}},{"type":"Feature","geometry":{"type":"Point","coordinates":[76.1058,21.88946]},"properties":{"udise":"23270808403","name":"PS CHIRAGPURA FATA","state":"MADHYA PRADESH","district":"KHARGONE","block":"BHIKANGAON","indicator":"girls_toilet_nonfunctional"}},{"type":"Feature","geometry":{"type":"Point","coordinates":[76.07481,21.85699]},"properties":{"udise":"23270808601","name":"PS CHAPAD","state":"MADHYA PRADESH","district":"KHARGONE","block":"BHIKANGAON","indicator":"girls_toilet_nonfunctional"}},{"type":"Feature","geometry":{"type":"Point","coordinates":[75.90761,21.94096]},"properties":{"udise":"23270801102","name":"PS JANGLIYA FALIYA","state":"MADHYA PRADESH","district":"KHARGONE","block":"BHIKANGAON","indicator":"girls_toilet_nonfunctional"}},{"type":"Feature","geometry":{"type":"Point","coordinates":[76.03569,22.38613]},"properties":{"udise":"23271321501","name":"PS BEKALIYA","state":"MADHYA PRADESH","district":"KHARGONE","block":"BADWAHA","indicator":"girls_toilet_nonfunctional"}},{"type":"Feature","geometry":{"type":"Point","coordinates":[75.91781,21.59436]},"properties":{"udise":"23270906904","name":"PS CHAKKI FALYA","state":"MADHYA PRADESH","district":"KHARGONE","block":"JHIRNIYA","indicator":"girls_toilet_nonfunctional"}},{"type":"Feature","geometry":{"type":"Point","coordinates":[76.17829,22.09553]},"properties":{"udise":"23271320008","name":"PS SUNDAR NAGAR","state":"MADHYA PRADESH","district":"KHARGONE","block":"BADWAHA","indicator":"girls_toilet_nonfunctional"}},{"type":"Feature","geometry":{"type":"Point","coordinates":[75.92633,21.89055]},"properties":{"udise":"23270810202","name":"MS KEDVA","state":"MADHYA PRADESH","district":"KHARGONE","block":"BHIKANGAON","indicator":"girls_toilet_nonfunctional"}},{"type":"Feature","geometry":{"type":"Point","coordinates":[76.11065,22.00556]},"properties":{"udise":"23270804601","name":"PS PACHAYA","state":"MADHYA PRADESH","district":"KHARGONE","block":"BHIKANGAON","indicator":"girls_toilet_nonfunctional"}},{"type":"Feature","geometry":{"type":"Point","coordinates":[75.99395,22.26457]},"properties":{"udise":"23271308001","name":"MS AGARWADA","state":"MADHYA PRADESH","district":"KHARGONE","block":"BADWAHA","indicator":"girls_toilet_nonfunctional"}},{"type":"Feature","geometry":{"type":"Point","coordinates":[75.85781,21.8662]},"properties":{"udise":"23270813303","name":"PS BHURALAL FALYA","state":"MADHYA PRADESH","district":"KHARGONE","block":"BHIKANGAON","indicator":"girls_toilet_nonfunctional"}},{"type":"Feature","geometry":{"type":"Point","coordinates":[76.07973,22.52633]},"properties":{"udise":"23271321203","name":"MS GAVLANPATI","state":"MADHYA PRADESH","district":"KHARGONE","block":"BADWAHA","indicator":"girls_toilet_nonfunctional"}},{"type":"Feature","geometry":{"type":"Point","coordinates":[75.53301,22.08463]},"properties":{"udise":"23271212603","name":"MS SALIMPURA","state":"MADHYA PRADESH","district":"KHARGONE","block":"KASRAWAD","indicator":"girls_toilet_nonfunctional"}},{"type":"Feature","geometry":{"type":"Point","coordinates":[75.89506,22.02792]},"properties":{"udise":"23270800808","name":"A I P S ACADEMY (PS-64819)","state":"MADHYA PRADESH","district":"KHARGONE","block":"BHIKANGAON","indicator":"girls_toilet_nonfunctional"}},{"type":"Feature","geometry":{"type":"Point","coordinates":[75.84233,22.08912]},"properties":{"udise":"23271303404","name":"PS MANJRIYAMAAL","state":"MADHYA PRADESH","district":"KHARGONE","block":"BADWAHA","indicator":"girls_toilet_nonfunctional"}},{"type":"Feature","geometry":{"type":"Point","coordinates":[75.73302,21.9789]},"properties":{"udise":"23270809403","name":"PS BAGRIYA FALYA","state":"MADHYA PRADESH","district":"KHARGONE","block":"BHIKANGAON","indicator":"girls_toilet_nonfunctional"}},{"type":"Feature","geometry":{"type":"Point","coordinates":[75.59351,21.82306]},"properties":{"udise":"23271501802","name":"EKTA SHIKSHA NIKETAN RAHIMPURA","state":"MADHYA PRADESH","district":"KHARGONE","block":"KHARGONE","indicator":"girls_toilet_nonfunctional"}},{"type":"Feature","geometry":{"type":"Point","coordinates":[75.58659,22.17156]},"properties":{"udise":"23271413107","name":"MS SANSKRIT SHALA MAHESHWAR","state":"MADHYA PRADESH","district":"KHARGONE","block":"MAHESHWAR","indicator":"girls_toilet_nonfunctional"}},{"type":"Feature","geometry":{"type":"Point","coordinates":[76.1197,22.11505]},"properties":{"udise":"23271310004","name":"PS NAI AABADI","state":"MADHYA PRADESH","district":"KHARGONE","block":"BADWAHA","indicator":"girls_toilet_nonfunctional"}},{"type":"Feature","geometry":{"type":"Point","coordinates":[75.3875,21.81784]},"properties":{"udise":"23270202402","name":"MS JALGAON","state":"MADHYA PRADESH","district":"KHARGONE","block":"SEGAON","indicator":"girls_toilet_nonfunctional"}},{"type":"Feature","geometry":{"type":"Point","coordinates":[75.60939,21.82397]},"properties":{"udise":"23271513110","name":"SIR SAIYED CONVENT SCHOOL","state":"MADHYA PRADESH","district":"KHARGONE","block":"KHARGONE","indicator":"girls_toilet_nonfunctional"}},{"type":"Feature","geometry":{"type":"Point","coordinates":[75.94533,21.93405]},"properties":{"udise":"23270811007","name":"PS MUVASYA FALYA 09-10","state":"MADHYA PRADESH","district":"KHARGONE","block":"BHIKANGAON","indicator":"girls_toilet_nonfunctional"}},{"type":"Feature","geometry":{"type":"Point","coordinates":[76.18898,22.08756]},"properties":{"udise":"23271318001","name":"PS LALIYA KHEDI","state":"MADHYA PRADESH","district":"KHARGONE","block":"BADWAHA","indicator":"girls_toilet_nonfunctional"}},{"type":"Feature","geometry":{"type":"Point","coordinates":[75.98209,21.46326]},"properties":{"udise":"23270903707","name":"SARAWATI VIDHYA MANDIR","state":"MADHYA PRADESH","district":"KHARGONE","block":"JHIRNIYA","indicator":"girls_toilet_nonfunctional"}},{"type":"Feature","geometry":{"type":"Point","coordinates":[75.92417,22.18944]},"properties":{"udise":"23271301602","name":"MS KAKRIYA","state":"MADHYA PRADESH","district":"KHARGONE","block":"BADWAHA","indicator":"girls_toilet_nonfunctional"}},{"type":"Feature","geometry":{"type":"Point","coordinates":[75.88861,21.83402]},"properties":{"udise":"23270809804","name":"MS SURVA","state":"MADHYA PRADESH","district":"KHARGONE","block":"BHIKANGAON","indicator":"girls_toilet_nonfunctional"}},{"type":"Feature","geometry":{"type":"Point","coordinates":[75.78425,21.67656]},"properties":{"udise":"23270600806","name":"PS RASGANGLI I","state":"MADHYA PRADESH","district":"KHARGONE","block":"BHAGWANPURA","indicator":"girls_toilet_nonfunctional"}},{"type":"Feature","geometry":{"type":"Point","coordinates":[75.68881,21.72121]},"properties":{"udise":"23270603602","name":"MS CHANDAWAD","state":"MADHYA PRADESH","district":"KHARGONE","block":"BHAGWANPURA","indicator":"girls_toilet_nonfunctional"}},{"type":"Feature","geometry":{"type":"Point","coordinates":[75.42165,21.96724]},"properties":{"udise":"23271205002","name":"PS HATOLA","state":"MADHYA PRADESH","district":"KHARGONE","block":"KASRAWAD","indicator":"girls_toilet_nonfunctional"}},{"type":"Feature","geometry":{"type":"Point","coordinates":[75.73571,21.71348]},"properties":{"udise":"23270603104","name":"PS DUDAVA FALYA (SEJLA)","state":"MADHYA PRADESH","district":"KHARGONE","block":"BHAGWANPURA","indicator":"girls_toilet_nonfunctional"}},{"type":"Feature","geometry":{"type":"Point","coordinates":[75.5291,21.75027]},"properties":{"udise":"23271504212","name":"VANDE MATRAM VIDHYA MANDIR","state":"MADHYA PRADESH","district":"KHARGONE","block":"KHARGONE","indicator":"girls_toilet_nonfunctional"}},{"type":"Feature","geometry":{"type":"Point","coordinates":[75.99544,22.34684]},"properties":{"udise":"23271300203","name":"PS LALPURA TANDA","state":"MADHYA PRADESH","district":"KHARGONE","block":"BADWAHA","indicator":"girls_toilet_nonfunctional"}},{"type":"Feature","geometry":{"type":"Point","coordinates":[75.99754,22.07367]},"properties":{"udise":"23271326102","name":"PS NANLA FALYA","state":"MADHYA PRADESH","district":"KHARGONE","block":"BADWAHA","indicator":"girls_toilet_nonfunctional"}},{"type":"Feature","geometry":{"type":"Point","coordinates":[75.95117,22.30486]},"properties":{"udise":"23271315801","name":"MS BAMANPURI","state":"MADHYA PRADESH","district":"KHARGONE","block":"BADWAHA","indicator":"girls_toilet_nonfunctional"}},{"type":"Feature","geometry":{"type":"Point","coordinates":[75.97895,21.94199]},"properties":{"udise":"23270802002","name":"MS KUNDIYA (KANZER) 2012","state":"MADHYA PRADESH","district":"KHARGONE","block":"BHIKANGAON","indicator":"girls_toilet_nonfunctional"}},{"type":"Feature","geometry":{"type":"Point","coordinates":[75.35216,22.11486]},"properties":{"udise":"23271215304","name":"HS BHOINDA","state":"MADHYA PRADESH","district":"KHARGONE","block":"KASRAWAD","indicator":"girls_toilet_nonfunctional"}},{"type":"Feature","geometry":{"type":"Point","coordinates":[75.61709,21.40976]},"properties":{"udise":"23270611002","name":"MS SATPATI","state":"MADHYA PRADESH","district":"KHARGONE","block":"BHAGWANPURA","indicator":"girls_toilet_nonfunctional"}},{"type":"Feature","geometry":{"type":"Point","coordinates":[75.69004,22.32737]},"properties":{"udise":"23271408102","name":"PS JAMNYA FALYA","state":"MADHYA PRADESH","district":"KHARGONE","block":"MAHESHWAR","indicator":"girls_toilet_nonfunctional"}},{"type":"Feature","geometry":{"type":"Point","coordinates":[75.8886,21.60551]},"properties":{"udise":"23270909419","name":"SARASWATI VIDHYA MANDIR","state":"MADHYA PRADESH","district":"KHARGONE","block":"JHIRNIYA","indicator":"girls_toilet_nonfunctional"}},{"type":"Feature","geometry":{"type":"Point","coordinates":[75.984,21.974]},"properties":{"udise":"23270802709","name":"EDUCATION WAY ACAD. ANJANGAON","state":"MADHYA PRADESH","district":"KHARGONE","block":"BHIKANGAON","indicator":"girls_toilet_nonfunctional"}},{"type":"Feature","geometry":{"type":"Point","coordinates":[75.97911,22.30938]},"properties":{"udise":"23271300602","name":"PS UMRIYA GRAM","state":"MADHYA PRADESH","district":"KHARGONE","block":"BADWAHA","indicator":"girls_toilet_nonfunctional"}},{"type":"Feature","geometry":{"type":"Point","coordinates":[75.73957,22.04441]},"properties":{"udise":"23271215210","name":"HSS KHAMKHEDA","state":"MADHYA PRADESH","district":"KHARGONE","block":"KASRAWAD","indicator":"girls_toilet_nonfunctional"}},{"type":"Feature","geometry":{"type":"Point","coordinates":[75.65597,21.46875]},"properties":{"udise":"23270605805","name":"PS PANALI FALYA","state":"MADHYA PRADESH","district":"KHARGONE","block":"BHAGWANPURA","indicator":"girls_toilet_nonfunctional"}},{"type":"Feature","geometry":{"type":"Point","coordinates":[76.14065,22.0912]},"properties":{"udise":"23271327304","name":"PS GANDHI NAGAR","state":"MADHYA PRADESH","district":"KHARGONE","block":"BADWAHA","indicator":"girls_toilet_nonfunctional"}},{"type":"Feature","geometry":{"type":"Point","coordinates":[75.87264,21.60719]},"properties":{"udise":"23270909402","name":"PS AMBAPAT FALYA","state":"MADHYA PRADESH","district":"KHARGONE","block":"JHIRNIYA","indicator":"girls_toilet_nonfunctional"}},{"type":"Feature","geometry":{"type":"Point","coordinates":[75.83683,21.8368]},"properties":{"udise":"23270805501","name":"PS LALNI","state":"MADHYA PRADESH","district":"KHARGONE","block":"BHIKANGAON","indicator":"girls_toilet_nonfunctional"}},{"type":"Feature","geometry":{"type":"Point","coordinates":[75.99305,21.65112]},"properties":{"udise":"23270901534","name":"I P S INTERNATIONAL JHIRANIYA","state":"MADHYA PRADESH","district":"KHARGONE","block":"JHIRNIYA","indicator":"girls_toilet_nonfunctional"}},{"type":"Feature","geometry":{"type":"Point","coordinates":[75.60629,21.81929]},"properties":{"udise":"23271507210","name":"RAGHUKUL PUBLIC SCHOOL","state":"MADHYA PRADESH","district":"KHARGONE","block":"KHARGONE","indicator":"girls_toilet_nonfunctional"}},{"type":"Feature","geometry":{"type":"Point","coordinates":[76.19186,22.06232]},"properties":{"udise":"23271315904","name":"PS CHAMPANAGAR","state":"MADHYA PRADESH","district":"KHARGONE","block":"BADWAHA","indicator":"girls_toilet_nonfunctional"}},{"type":"Feature","geometry":{"type":"Point","coordinates":[75.82442,21.69965]},"properties":{"udise":"23270601405","name":"MS MOGARGOAN","state":"MADHYA PRADESH","district":"KHARGONE","block":"BHAGWANPURA","indicator":"girls_toilet_nonfunctional"}},{"type":"Feature","geometry":{"type":"Point","coordinates":[75.86083,21.90589]},"properties":{"udise":"23270807901","name":"MS KHUDGOAN","state":"MADHYA PRADESH","district":"KHARGONE","block":"BHIKANGAON","indicator":"girls_toilet_nonfunctional"}},{"type":"Feature","geometry":{"type":"Point","coordinates":[75.68592,21.55321]},"properties":{"udise":"23270607509","name":"MS PIPALZOPA","state":"MADHYA PRADESH","district":"KHARGONE","block":"BHAGWANPURA","indicator":"girls_toilet_nonfunctional"}},{"type":"Feature","geometry":{"type":"Point","coordinates":[76.05585,22.37771]},"properties":{"udise":"23271302801","name":"PS SAPAT","state":"MADHYA PRADESH","district":"KHARGONE","block":"BADWAHA","indicator":"girls_toilet_nonfunctional"}},{"type":"Feature","geometry":{"type":"Point","coordinates":[76.16757,22.07668]},"properties":{"udise":"23271315501","name":"MS BHOMWADA","state":"MADHYA PRADESH","district":"KHARGONE","block":"BADWAHA","indicator":"girls_toilet_nonfunctional"}},{"type":"Feature","geometry":{"type":"Point","coordinates":[75.91897,21.69535]},"properties":{"udise":"23270907904","name":"PS NARGAON FALYA","state":"MADHYA PRADESH","district":"KHARGONE","block":"JHIRNIYA","indicator":"girls_toilet_nonfunctional"}},{"type":"Feature","geometry":{"type":"Point","coordinates":[76.14526,21.71172]},"properties":{"udise":"23270912008","name":"SANSKAR ACADEMY","state":"MADHYA PRADESH","district":"KHARGONE","block":"JHIRNIYA","indicator":"girls_toilet_nonfunctional"}},{"type":"Feature","geometry":{"type":"Point","coordinates":[75.96444,22.12733]},"properties":{"udise":"23271300902","name":"PS BHULGAON","state":"MADHYA PRADESH","district":"KHARGONE","block":"BADWAHA","indicator":"girls_toilet_nonfunctional"}},{"type":"Feature","geometry":{"type":"Point","coordinates":[75.4925,21.66315]},"properties":{"udise":"23270601619","name":"HIGH SCHOOL DEVNALYA (2016)","state":"MADHYA PRADESH","district":"KHARGONE","block":"BHAGWANPURA","indicator":"girls_toilet_nonfunctional"}},{"type":"Feature","geometry":{"type":"Point","coordinates":[75.90698,22.09471]},"properties":{"udise":"23271300506","name":"MS JULWANIYA","state":"MADHYA PRADESH","district":"KHARGONE","block":"BADWAHA","indicator":"girls_toilet_nonfunctional"}},{"type":"Feature","geometry":{"type":"Point","coordinates":[75.59079,21.77333]},"properties":{"udise":"23271510005","name":"MAA SHARDA VIDHYA MANDIR","state":"MADHYA PRADESH","district":"KHARGONE","block":"KHARGONE","indicator":"girls_toilet_nonfunctional"}},{"type":"Feature","geometry":{"type":"Point","coordinates":[75.68119,21.43267]},"properties":{"udise":"23270605810","name":"PS BHABHRIYA FALYA","state":"MADHYA PRADESH","district":"KHARGONE","block":"BHAGWANPURA","indicator":"girls_toilet_nonfunctional"}},{"type":"Feature","geometry":{"type":"Point","coordinates":[75.55462,21.58284]},"properties":{"udise":"23270607904","name":"PS GANDAS FALYA","state":"MADHYA PRADESH","district":"KHARGONE","block":"BHAGWANPURA","indicator":"girls_toilet_nonfunctional"}},{"type":"Feature","geometry":{"type":"Point","coordinates":[75.64954,21.59404]},"properties":{"udise":"23270611206","name":"PS SARPANCH FALYA","state":"MADHYA PRADESH","district":"KHARGONE","block":"BHAGWANPURA","indicator":"girls_toilet_nonfunctional"}},{"type":"Feature","geometry":{"type":"Point","coordinates":[75.52552,21.55372]},"properties":{"udise":"23270605315","name":"MS SAGMALI 07-08","state":"MADHYA PRADESH","district":"KHARGONE","block":"BHAGWANPURA","indicator":"girls_toilet_nonfunctional"}},{"type":"Feature","geometry":{"type":"Point","coordinates":[76.15331,22.35253]},"properties":{"udise":"23271309103","name":"PS BEDIPURA","state":"MADHYA PRADESH","district":"KHARGONE","block":"BADWAHA","indicator":"girls_toilet_nonfunctional"}},{"type":"Feature","geometry":{"type":"Point","coordinates":[75.94978,22.10102]},"properties":{"udise":"23271306507","name":"G.URDU.P.S. NO.2 BEDIYA","state":"MADHYA PRADESH","district":"KHARGONE","block":"BADWAHA","indicator":"girls_toilet_nonfunctional"}},{"type":"Feature","geometry":{"type":"Point","coordinates":[75.60038,21.63732]},"properties":{"udise":"23270609510","name":"PS SATI FALYA","state":"MADHYA PRADESH","district":"KHARGONE","block":"BHAGWANPURA","indicator":"girls_toilet_nonfunctional"}},{"type":"Feature","geometry":{"type":"Point","coordinates":[76.18917,22.06456]},"properties":{"udise":"23271315402","name":"PS KOTALIYA KHEDI","state":"MADHYA PRADESH","district":"KHARGONE","block":"BADWAHA","indicator":"girls_toilet_nonfunctional"}},{"type":"Feature","geometry":{"type":"Point","coordinates":[75.79297,22.00489]},"properties":{"udise":"23271210002","name":"MS KIRGAON","state":"MADHYA PRADESH","district":"KHARGONE","block":"KASRAWAD","indicator":"girls_toilet_nonfunctional"}},{"type":"Feature","geometry":{"type":"Point","coordinates":[75.97082,22.11838]},"properties":{"udise":"23271301403","name":"MS CHITAWAD","state":"MADHYA PRADESH","district":"KHARGONE","block":"BADWAHA","indicator":"girls_toilet_nonfunctional"}},{"type":"Feature","geometry":{"type":"Point","coordinates":[75.99506,22.1369]},"properties":{"udise":"23271311001","name":"MS SATAJANA","state":"MADHYA PRADESH","district":"KHARGONE","block":"BADWAHA","indicator":"girls_toilet_nonfunctional"}},{"type":"Feature","geometry":{"type":"Point","coordinates":[76.10105,21.89863]},"properties":{"udise":"23270808402","name":"MS CHIRAGPURA","state":"MADHYA PRADESH","district":"KHARGONE","block":"BHIKANGAON","indicator":"girls_toilet_nonfunctional"}},{"type":"Feature","geometry":{"type":"Point","coordinates":[75.60734,22.16248]},"properties":{"udise":"23271201701","name":"PS BADGAON","state":"MADHYA PRADESH","district":"KHARGONE","block":"KASRAWAD","indicator":"girls_toilet_nonfunctional"}},{"type":"Feature","geometry":{"type":"Point","coordinates":[75.60349,21.86192]},"properties":{"udise":"23271505206","name":"S.D.PATEL PUBLIC SCHOOL","state":"MADHYA PRADESH","district":"KHARGONE","block":"KHARGONE","indicator":"girls_toilet_nonfunctional"}},{"type":"Feature","geometry":{"type":"Point","coordinates":[75.99748,21.77299]},"properties":{"udise":"23270807206","name":"PS GOPALPURA","state":"MADHYA PRADESH","district":"KHARGONE","block":"BHIKANGAON","indicator":"girls_toilet_nonfunctional"}},{"type":"Feature","geometry":{"type":"Point","coordinates":[75.40698,22.0786]},"properties":{"udise":"23271207003","name":"MANAS ACADEMY","state":"MADHYA PRADESH","district":"KHARGONE","block":"KASRAWAD","indicator":"girls_toilet_nonfunctional"}},{"type":"Feature","geometry":{"type":"Point","coordinates":[75.93457,21.9675]},"properties":{"udise":"23270800712","name":"SANJIT SARASWATI GHYAN MANDIR","state":"MADHYA PRADESH","district":"KHARGONE","block":"BHIKANGAON","indicator":"girls_toilet_nonfunctional"}},{"type":"Feature","geometry":{"type":"Point","coordinates":[76.952,22.62]},"properties":{"udise":"23271320014","name":"PORSHIYA INTERNATIONAL JUNIOR SCHOOL","state":"MADHYA PRADESH","district":"KHARGONE","block":"BADWAHA","indicator":"girls_toilet_nonfunctional"}},{"type":"Feature","geometry":{"type":"Point","coordinates":[75.37172,22.10989]},"properties":{"udise":"23271215301","name":"PS NAIAABADI BHOINDA","state":"MADHYA PRADESH","district":"KHARGONE","block":"KASRAWAD","indicator":"girls_toilet_nonfunctional"}},{"type":"Feature","geometry":{"type":"Point","coordinates":[75.99513,22.12434]},"properties":{"udise":"23271317801","name":"PS KHAMLAY","state":"MADHYA PRADESH","district":"KHARGONE","block":"BADWAHA","indicator":"girls_toilet_nonfunctional"}},{"type":"Feature","geometry":{"type":"Point","coordinates":[76.03374,21.94867]},"properties":{"udise":"23270802101","name":"PS HANDIKUNDI (KANZER)","state":"MADHYA PRADESH","district":"KHARGONE","block":"BHIKANGAON","indicator":"girls_toilet_nonfunctional"}},{"type":"Feature","geometry":{"type":"Point","coordinates":[76.1714,22.07589]},"properties":{"udise":"23271315502","name":"PS BHOMWADA","state":"MADHYA PRADESH","district":"KHARGONE","block":"BADWAHA","indicator":"girls_toilet_nonfunctional"}},{"type":"Feature","geometry":{"type":"Point","coordinates":[76.02101,21.64777]},"properties":{"udise":"23270910901","name":"PS KATJHIRA","state":"MADHYA PRADESH","district":"KHARGONE","block":"JHIRNIYA","indicator":"girls_toilet_nonfunctional"}},{"type":"Feature","geometry":{"type":"Point","coordinates":[75.95021,22.0995]},"properties":{"udise":"23271306502","name":"PS BEDIYA","state":"MADHYA PRADESH","district":"KHARGONE","block":"BADWAHA","indicator":"girls_toilet_nonfunctional"}},{"type":"Feature","geometry":{"type":"Point","coordinates":[75.89306,21.90554]},"properties":{"udise":"23270809906","name":"G.I.P.S.ACADEMY","state":"MADHYA PRADESH","district":"KHARGONE","block":"BHIKANGAON","indicator":"girls_toilet_nonfunctional"}},{"type":"Feature","geometry":{"type":"Point","coordinates":[75.79205,22.10861]},"properties":{"udise":"23271303301","name":"PS BIJGONE","state":"MADHYA PRADESH","district":"KHARGONE","block":"BADWAHA","indicator":"girls_toilet_nonfunctional"}},{"type":"Feature","geometry":{"type":"Point","coordinates":[75.91873,22.04034]},"properties":{"udise":"23271311303","name":"PS GARBEDI","state":"MADHYA PRADESH","district":"KHARGONE","block":"BADWAHA","indicator":"girls_toilet_nonfunctional"}},{"type":"Feature","geometry":{"type":"Point","coordinates":[75.87734,21.62966]},"properties":{"udise":"23270914106","name":"PS TUFAN FALYA","state":"MADHYA PRADESH","district":"KHARGONE","block":"JHIRNIYA","indicator":"girls_toilet_nonfunctional"}},{"type":"Feature","geometry":{"type":"Point","coordinates":[76.08029,21.69349]},"properties":{"udise":"23270905106","name":"PS KHUSHYALA","state":"MADHYA PRADESH","district":"KHARGONE","block":"JHIRNIYA","indicator":"girls_toilet_nonfunctional"}},{"type":"Feature","geometry":{"type":"Point","coordinates":[75.55293,21.63322]},"properties":{"udise":"23270609507","name":"PS BALSAMUDYA FALYA","state":"MADHYA PRADESH","district":"KHARGONE","block":"BHAGWANPURA","indicator":"girls_toilet_nonfunctional"}},{"type":"Feature","geometry":{"type":"Point","coordinates":[75.97504,22.10475]},"properties":{"udise":"23271301501","name":"PS TAMOLIYA","state":"MADHYA PRADESH","district":"KHARGONE","block":"BADWAHA","indicator":"girls_toilet_nonfunctional"}},{"type":"Feature","geometry":{"type":"Point","coordinates":[81.18144,24.49651]},"properties":{"udise":"23130111803","name":"SARASWATI SHISHU M.","state":"MADHYA PRADESH","district":"MAIHAR","block":"AMARPATAN","indicator":"no_girls_toilet"}},{"type":"Feature","geometry":{"type":"Point","coordinates":[81.16848,24.40616]},"properties":{"udise":"23130106705","name":"PS SANNEHI BADA TOLA (R)","state":"MADHYA PRADESH","district":"MAIHAR","block":"AMARPATAN","indicator":"no_girls_toilet"}},{"type":"Feature","geometry":{"type":"Point","coordinates":[80.74085,24.28943]},"properties":{"udise":"23130207804","name":"PS DADIYAN TOLA MANPUR","state":"MADHYA PRADESH","district":"MAIHAR","block":"MAIHAR","indicator":"girls_toilet_nonfunctional"}},{"type":"Feature","geometry":{"type":"Point","coordinates":[81.13214,24.264]},"properties":{"udise":"23130506701","name":"PS SENDURA","state":"MADHYA PRADESH","district":"MAIHAR","block":"RAM NAGAR","indicator":"girls_toilet_nonfunctional"}},{"type":"Feature","geometry":{"type":"Point","coordinates":[80.89043,24.40967]},"properties":{"udise":"23130217503","name":"PS ADIWASI BASTI KANIYARI","state":"MADHYA PRADESH","district":"MAIHAR","block":"MAIHAR","indicator":"girls_toilet_nonfunctional"}},{"type":"Feature","geometry":{"type":"Point","coordinates":[81.05899,24.19836]},"properties":{"udise":"23130517201","name":"KATNI SCHOOL KATIN","state":"MADHYA PRADESH","district":"MAIHAR","block":"RAM NAGAR","indicator":"girls_toilet_nonfunctional"}},{"type":"Feature","geometry":{"type":"Point","coordinates":[81.07243,24.35554]},"properties":{"udise":"23130114801","name":"PS DHATEER MAUHAT","state":"MADHYA PRADESH","district":"MAIHAR","block":"AMARPATAN","indicator":"girls_toilet_nonfunctional"}},{"type":"Feature","geometry":{"type":"Point","coordinates":[81.15657,24.26784]},"properties":{"udise":"23130502202","name":"PS NAI BASTI KOLDIHA","state":"MADHYA PRADESH","district":"MAIHAR","block":"RAM NAGAR","indicator":"girls_toilet_nonfunctional"}},{"type":"Feature","geometry":{"type":"Point","coordinates":[80.90274,24.17056]},"properties":{"udise":"23130219903","name":"PS RAJEEV NAGAR","state":"MADHYA PRADESH","district":"MAIHAR","block":"MAIHAR","indicator":"girls_toilet_nonfunctional"}},{"type":"Feature","geometry":{"type":"Point","coordinates":[81.18948,24.24395]},"properties":{"udise":"23130510801","name":"PS MAJHGAON","state":"MADHYA PRADESH","district":"MAIHAR","block":"RAM NAGAR","indicator":"girls_toilet_nonfunctional"}},{"type":"Feature","geometry":{"type":"Point","coordinates":[80.89216,24.31884]},"properties":{"udise":"23130217401","name":"PS GOVARIYA","state":"MADHYA PRADESH","district":"MAIHAR","block":"MAIHAR","indicator":"girls_toilet_nonfunctional"}},{"type":"Feature","geometry":{"type":"Point","coordinates":[81.25819,24.25011]},"properties":{"udise":"23130519601","name":"PS JATTHAHA KOLAN","state":"MADHYA PRADESH","district":"MAIHAR","block":"RAM NAGAR","indicator":"girls_toilet_nonfunctional"}},{"type":"Feature","geometry":{"type":"Point","coordinates":[81.13697,24.23159]},"properties":{"udise":"23130514701","name":"PS GIDHAILA","state":"MADHYA PRADESH","district":"MAIHAR","block":"RAM NAGAR","indicator":"girls_toilet_nonfunctional"}},{"type":"Feature","geometry":{"type":"Point","coordinates":[81.11346,24.17457]},"properties":{"udise":"23130501201","name":"PS PURAINA","state":"MADHYA PRADESH","district":"MAIHAR","block":"RAM NAGAR","indicator":"girls_toilet_nonfunctional"}},{"type":"Feature","geometry":{"type":"Point","coordinates":[80.73814,24.24029]},"properties":{"udise":"23130203601","name":"PS DANDI","state":"MADHYA PRADESH","district":"MAIHAR","block":"MAIHAR","indicator":"girls_toilet_nonfunctional"}},{"type":"Feature","geometry":{"type":"Point","coordinates":[80.72393,24.23845]},"properties":{"udise":"23130203504","name":"MS NAKTARA","state":"MADHYA PRADESH","district":"MAIHAR","block":"MAIHAR","indicator":"girls_toilet_nonfunctional"}},{"type":"Feature","geometry":{"type":"Point","coordinates":[81.28245,24.2351]},"properties":{"udise":"23130500702","name":"MS SONWARSHA","state":"MADHYA PRADESH","district":"MAIHAR","block":"RAM NAGAR","indicator":"girls_toilet_nonfunctional"}},{"type":"Feature","geometry":{"type":"Point","coordinates":[80.97479,24.31356]},"properties":{"udise":"23130100247","name":"HS NEW AMARPATAN","state":"MADHYA PRADESH","district":"MAIHAR","block":"AMARPATAN","indicator":"girls_toilet_nonfunctional"}},{"type":"Feature","geometry":{"type":"Point","coordinates":[80.92341,24.31887]},"properties":{"udise":"23130216604","name":"PS JAHLA","state":"MADHYA PRADESH","district":"MAIHAR","block":"MAIHAR","indicator":"girls_toilet_nonfunctional"}},{"type":"Feature","geometry":{"type":"Point","coordinates":[81.00835,24.21115]},"properties":{"udise":"23130509105","name":"PS RAMCHAUA","state":"MADHYA PRADESH","district":"MAIHAR","block":"RAM NAGAR","indicator":"girls_toilet_nonfunctional"}},{"type":"Feature","geometry":{"type":"Point","coordinates":[81.06604,24.23587]},"properties":{"udise":"23130507501","name":"PS JHIRIYA","state":"MADHYA PRADESH","district":"MAIHAR","block":"RAM NAGAR","indicator":"girls_toilet_nonfunctional"}},{"type":"Feature","geometry":{"type":"Point","coordinates":[80.87342,24.34032]},"properties":{"udise":"23130207002","name":"PS AAMATOLA","state":"MADHYA PRADESH","district":"MAIHAR","block":"MAIHAR","indicator":"girls_toilet_nonfunctional"}},{"type":"Feature","geometry":{"type":"Point","coordinates":[81.33594,24.25867]},"properties":{"udise":"23130513901","name":"PS GONDAHA TOLA","state":"MADHYA PRADESH","district":"MAIHAR","block":"RAM NAGAR","indicator":"girls_toilet_nonfunctional"}},{"type":"Feature","geometry":{"type":"Point","coordinates":[81.08192,24.42252]},"properties":{"udise":"23130104701","name":"MS UMRI","state":"MADHYA PRADESH","district":"MAIHAR","block":"AMARPATAN","indicator":"girls_toilet_nonfunctional"}},{"type":"Feature","geometry":{"type":"Point","coordinates":[81.01109,24.15756]},"properties":{"udise":"23130504302","name":"MS DHANWAHI","state":"MADHYA PRADESH","district":"MAIHAR","block":"RAM NAGAR","indicator":"girls_toilet_nonfunctional"}},{"type":"Feature","geometry":{"type":"Point","coordinates":[80.88655,24.35651]},"properties":{"udise":"23130222301","name":"PS UFARI","state":"MADHYA PRADESH","district":"MAIHAR","block":"MAIHAR","indicator":"girls_toilet_nonfunctional"}},{"type":"Feature","geometry":{"type":"Point","coordinates":[81.20936,24.36574]},"properties":{"udise":"23130101918","name":"PS MEDHU TOLA NAI BASTI","state":"MADHYA PRADESH","district":"MAIHAR","block":"AMARPATAN","indicator":"girls_toilet_nonfunctional"}},{"type":"Feature","geometry":{"type":"Point","coordinates":[81.3515,24.23305]},"properties":{"udise":"23130519001","name":"PS KHAIRHANI","state":"MADHYA PRADESH","district":"MAIHAR","block":"RAM NAGAR","indicator":"girls_toilet_nonfunctional"}},{"type":"Feature","geometry":{"type":"Point","coordinates":[80.82552,24.25762]},"properties":{"udise":"23130208204","name":"PS SARHAJI MANTOLWA","state":"MADHYA PRADESH","district":"MAIHAR","block":"MAIHAR","indicator":"girls_toilet_nonfunctional"}},{"type":"Feature","geometry":{"type":"Point","coordinates":[81.25101,24.23912]},"properties":{"udise":"23130500401","name":"PS UCHEHRA","state":"MADHYA PRADESH","district":"MAIHAR","block":"RAM NAGAR","indicator":"girls_toilet_nonfunctional"}},{"type":"Feature","geometry":{"type":"Point","coordinates":[80.93378,24.12524]},"properties":{"udise":"23130211402","name":"MS BADARI","state":"MADHYA PRADESH","district":"MAIHAR","block":"MAIHAR","indicator":"girls_toilet_nonfunctional"}},{"type":"Feature","geometry":{"type":"Point","coordinates":[81.23812,24.37015]},"properties":{"udise":"23130109603","name":"PS LALITPUR NO.1","state":"MADHYA PRADESH","district":"MAIHAR","block":"AMARPATAN","indicator":"girls_toilet_nonfunctional"}},{"type":"Feature","geometry":{"type":"Point","coordinates":[81.26176,24.29136]},"properties":{"udise":"23130512202","name":"MS JUDWANI","state":"MADHYA PRADESH","district":"MAIHAR","block":"RAM NAGAR","indicator":"girls_toilet_nonfunctional"}},{"type":"Feature","geometry":{"type":"Point","coordinates":[81.32814,24.25968]},"properties":{"udise":"23130513702","name":"PS HARIJAN BASTI BARHAI","state":"MADHYA PRADESH","district":"MAIHAR","block":"RAM NAGAR","indicator":"girls_toilet_nonfunctional"}},{"type":"Feature","geometry":{"type":"Point","coordinates":[80.78393,24.07733]},"properties":{"udise":"23130211202","name":"MS BHAREWA","state":"MADHYA PRADESH","district":"MAIHAR","block":"MAIHAR","indicator":"girls_toilet_nonfunctional"}},{"type":"Feature","geometry":{"type":"Point","coordinates":[81.35311,24.22011]},"properties":{"udise":"23130513301","name":"PS KUNA","state":"MADHYA PRADESH","district":"MAIHAR","block":"RAM NAGAR","indicator":"girls_toilet_nonfunctional"}},{"type":"Feature","geometry":{"type":"Point","coordinates":[80.97631,24.1437]},"properties":{"udise":"23130514301","name":"PS DATAUR","state":"MADHYA PRADESH","district":"MAIHAR","block":"RAM NAGAR","indicator":"girls_toilet_nonfunctional"}},{"type":"Feature","geometry":{"type":"Point","coordinates":[80.73444,24.22786]},"properties":{"udise":"23130202406","name":"PS BADHAIYAN TOLA PONDI","state":"MADHYA PRADESH","district":"MAIHAR","block":"MAIHAR","indicator":"girls_toilet_nonfunctional"}},{"type":"Feature","geometry":{"type":"Point","coordinates":[80.43407,24.01697]},"properties":{"udise":"23130205002","name":"PS KHAMARIYA","state":"MADHYA PRADESH","district":"MAIHAR","block":"MAIHAR","indicator":"girls_toilet_nonfunctional"}},{"type":"Feature","geometry":{"type":"Point","coordinates":[81.12643,24.36927]},"properties":{"udise":"23130103105","name":"PS GHUISA","state":"MADHYA PRADESH","district":"MAIHAR","block":"AMARPATAN","indicator":"girls_toilet_nonfunctional"}},{"type":"Feature","geometry":{"type":"Point","coordinates":[80.8016,24.05278]},"properties":{"udise":"23130215103","name":"PS BHATHIYA","state":"MADHYA PRADESH","district":"MAIHAR","block":"MAIHAR","indicator":"girls_toilet_nonfunctional"}},{"type":"Feature","geometry":{"type":"Point","coordinates":[80.96892,24.1714]},"properties":{"udise":"23130504411","name":"PS BADA ITMA KOLAN","state":"MADHYA PRADESH","district":"MAIHAR","block":"RAM NAGAR","indicator":"girls_toilet_nonfunctional"}},{"type":"Feature","geometry":{"type":"Point","coordinates":[80.76059,24.21307]},"properties":{"udise":"23130204103","name":"PS KUTAI","state":"MADHYA PRADESH","district":"MAIHAR","block":"MAIHAR","indicator":"girls_toilet_nonfunctional"}},{"type":"Feature","geometry":{"type":"Point","coordinates":[80.77015,24.23536]},"properties":{"udise":"23130223401","name":"PS BUDA","state":"MADHYA PRADESH","district":"MAIHAR","block":"MAIHAR","indicator":"girls_toilet_nonfunctional"}},{"type":"Feature","geometry":{"type":"Point","coordinates":[80.83603,24.06175]},"properties":{"udise":"23130212401","name":"PS MAND","state":"MADHYA PRADESH","district":"MAIHAR","block":"MAIHAR","indicator":"girls_toilet_nonfunctional"}},{"type":"Feature","geometry":{"type":"Point","coordinates":[81.30824,24.20756]},"properties":{"udise":"23130512103","name":"PS KAITHHA KACHHI","state":"MADHYA PRADESH","district":"MAIHAR","block":"RAM NAGAR","indicator":"girls_toilet_nonfunctional"}},{"type":"Feature","geometry":{"type":"Point","coordinates":[80.83014,24.3508]},"properties":{"udise":"23130230204","name":"PS MALLAHANTOLA","state":"MADHYA PRADESH","district":"MAIHAR","block":"MAIHAR","indicator":"girls_toilet_nonfunctional"}},{"type":"Feature","geometry":{"type":"Point","coordinates":[81.11281,24.50343]},"properties":{"udise":"23130108402","name":"PS RIMAR MANDIR TOLA","state":"MADHYA PRADESH","district":"MAIHAR","block":"AMARPATAN","indicator":"girls_toilet_nonfunctional"}},{"type":"Feature","geometry":{"type":"Point","coordinates":[81.28711,24.24208]},"properties":{"udise":"23130508005","name":"PS NEW BELA","state":"MADHYA PRADESH","district":"MAIHAR","block":"RAM NAGAR","indicator":"girls_toilet_nonfunctional"}},{"type":"Feature","geometry":{"type":"Point","coordinates":[81.04079,24.1379]},"properties":{"udise":"23130505301","name":"PS DADHICH","state":"MADHYA PRADESH","district":"MAIHAR","block":"RAM NAGAR","indicator":"girls_toilet_nonfunctional"}},{"type":"Feature","geometry":{"type":"Point","coordinates":[81.09042,24.22076]},"properties":{"udise":"23130507802","name":"PS RAM NAGAR","state":"MADHYA PRADESH","district":"MAIHAR","block":"RAM NAGAR","indicator":"girls_toilet_nonfunctional"}},{"type":"Feature","geometry":{"type":"Point","coordinates":[80.97226,24.3541]},"properties":{"udise":"23130217004","name":"PS KORIYAN TOLA JAMTAL","state":"MADHYA PRADESH","district":"MAIHAR","block":"MAIHAR","indicator":"girls_toilet_nonfunctional"}},{"type":"Feature","geometry":{"type":"Point","coordinates":[81.06146,24.3978]},"properties":{"udise":"23130112202","name":"MS HARDI","state":"MADHYA PRADESH","district":"MAIHAR","block":"AMARPATAN","indicator":"girls_toilet_nonfunctional"}},{"type":"Feature","geometry":{"type":"Point","coordinates":[80.9952,24.18759]},"properties":{"udise":"23130504802","name":"PS NAI BASTI TEGNA","state":"MADHYA PRADESH","district":"MAIHAR","block":"RAM NAGAR","indicator":"girls_toilet_nonfunctional"}},{"type":"Feature","geometry":{"type":"Point","coordinates":[81.20496,24.37482]},"properties":{"udise":"23130101917","name":"MS MEDULIYA TOLA TALA","state":"MADHYA PRADESH","district":"MAIHAR","block":"AMARPATAN","indicator":"girls_toilet_nonfunctional"}},{"type":"Feature","geometry":{"type":"Point","coordinates":[80.96795,24.12555]},"properties":{"udise":"23130507304","name":"PS GADARIYAN TOLA","state":"MADHYA PRADESH","district":"MAIHAR","block":"RAM NAGAR","indicator":"girls_toilet_nonfunctional"}},{"type":"Feature","geometry":{"type":"Point","coordinates":[80.83888,24.15373]},"properties":{"udise":"23130210802","name":"PS UMDAUR","state":"MADHYA PRADESH","district":"MAIHAR","block":"MAIHAR","indicator":"girls_toilet_nonfunctional"}},{"type":"Feature","geometry":{"type":"Point","coordinates":[81.04969,24.21419]},"properties":{"udise":"23130518801","name":"PS GURJANHA","state":"MADHYA PRADESH","district":"MAIHAR","block":"RAM NAGAR","indicator":"girls_toilet_nonfunctional"}},{"type":"Feature","geometry":{"type":"Point","coordinates":[81.29629,24.29782]},"properties":{"udise":"23130511911","name":"PS JAKEERA TOLA","state":"MADHYA PRADESH","district":"MAIHAR","block":"RAM NAGAR","indicator":"girls_toilet_nonfunctional"}},{"type":"Feature","geometry":{"type":"Point","coordinates":[80.98155,24.16095]},"properties":{"udise":"23130504418","name":"PS KOLHA KOLAN (R)","state":"MADHYA PRADESH","district":"MAIHAR","block":"RAM NAGAR","indicator":"girls_toilet_nonfunctional"}},{"type":"Feature","geometry":{"type":"Point","coordinates":[80.94248,24.23202]},"properties":{"udise":"23130226701","name":"PS KOTHIYA","state":"MADHYA PRADESH","district":"MAIHAR","block":"MAIHAR","indicator":"girls_toilet_nonfunctional"}},{"type":"Feature","geometry":{"type":"Point","coordinates":[81.25607,24.2517]},"properties":{"udise":"23130519603","name":"PS A. NAGAR","state":"MADHYA PRADESH","district":"MAIHAR","block":"RAM NAGAR","indicator":"girls_toilet_nonfunctional"}},{"type":"Feature","geometry":{"type":"Point","coordinates":[80.83153,24.27808]},"properties":{"udise":"23130213902","name":"PS HANUMAN TOLA","state":"MADHYA PRADESH","district":"MAIHAR","block":"MAIHAR","indicator":"girls_toilet_nonfunctional"}},{"type":"Feature","geometry":{"type":"Point","coordinates":[81.00115,24.13463]},"properties":{"udise":"23130507405","name":"PS KUDRI KHURD (KOLGARH)","state":"MADHYA PRADESH","district":"MAIHAR","block":"RAM NAGAR","indicator":"girls_toilet_nonfunctional"}},{"type":"Feature","geometry":{"type":"Point","coordinates":[81.00051,24.12187]},"properties":{"udise":"23130507403","name":"PS KUDRI KALA","state":"MADHYA PRADESH","district":"MAIHAR","block":"RAM NAGAR","indicator":"girls_toilet_nonfunctional"}},{"type":"Feature","geometry":{"type":"Point","coordinates":[80.89203,24.1663]},"properties":{"udise":"23130223701","name":"PS KHIRHITI","state":"MADHYA PRADESH","district":"MAIHAR","block":"MAIHAR","indicator":"girls_toilet_nonfunctional"}},{"type":"Feature","geometry":{"type":"Point","coordinates":[81.0721,24.39885]},"properties":{"udise":"23130103403","name":"PS BACHRA HARIJAN BASTI","state":"MADHYA PRADESH","district":"MAIHAR","block":"AMARPATAN","indicator":"girls_toilet_nonfunctional"}},{"type":"Feature","geometry":{"type":"Point","coordinates":[80.87422,24.17034]},"properties":{"udise":"23130221001","name":"PS GODIN","state":"MADHYA PRADESH","district":"MAIHAR","block":"MAIHAR","indicator":"girls_toilet_nonfunctional"}},{"type":"Feature","geometry":{"type":"Point","coordinates":[80.88166,24.33762]},"properties":{"udise":"23130209303","name":"PS HARIJAN BASTI GOBRI","state":"MADHYA PRADESH","district":"MAIHAR","block":"MAIHAR","indicator":"girls_toilet_nonfunctional"}},{"type":"Feature","geometry":{"type":"Point","coordinates":[80.82308,24.23611]},"properties":{"udise":"23130213203","name":"PS AHRI TOLA HARDASPUR","state":"MADHYA PRADESH","district":"MAIHAR","block":"MAIHAR","indicator":"girls_toilet_nonfunctional"}},{"type":"Feature","geometry":{"type":"Point","coordinates":[81.18324,24.22951]},"properties":{"udise":"23130510606","name":"HS GOVINDPUR","state":"MADHYA PRADESH","district":"MAIHAR","block":"RAM NAGAR","indicator":"girls_toilet_nonfunctional"}},{"type":"Feature","geometry":{"type":"Point","coordinates":[80.69312,24.19091]},"properties":{"udise":"23130214803","name":"PS HARIJAN BASTI BERMA 1","state":"MADHYA PRADESH","district":"MAIHAR","block":"MAIHAR","indicator":"girls_toilet_nonfunctional"}},{"type":"Feature","geometry":{"type":"Point","coordinates":[81.08737,24.22104]},"properties":{"udise":"23130507834","name":"VIJAY CONVENT SCHOOL RAMNAGAR","state":"MADHYA PRADESH","district":"MAIHAR","block":"RAM NAGAR","indicator":"girls_toilet_nonfunctional"}},{"type":"Feature","geometry":{"type":"Point","coordinates":[81.12135,24.16467]},"properties":{"udise":"23130500901","name":"PS DIGHIYA KALA","state":"MADHYA PRADESH","district":"MAIHAR","block":"RAM NAGAR","indicator":"girls_toilet_nonfunctional"}},{"type":"Feature","geometry":{"type":"Point","coordinates":[81.33182,24.28761]},"properties":{"udise":"23130509802","name":"MS SUHILA","state":"MADHYA PRADESH","district":"MAIHAR","block":"RAM NAGAR","indicator":"girls_toilet_nonfunctional"}},{"type":"Feature","geometry":{"type":"Point","coordinates":[80.7489,24.17071]},"properties":{"udise":"23130203904","name":"MS HINAUTA KALA","state":"MADHYA PRADESH","district":"MAIHAR","block":"MAIHAR","indicator":"girls_toilet_nonfunctional"}},{"type":"Feature","geometry":{"type":"Point","coordinates":[81.1378,24.39853]},"properties":{"udise":"23130103001","name":"PS PODI KHURD","state":"MADHYA PRADESH","district":"MAIHAR","block":"AMARPATAN","indicator":"girls_toilet_nonfunctional"}},{"type":"Feature","geometry":{"type":"Point","coordinates":[80.77275,24.27793]},"properties":{"udise":"23130208402","name":"MS UMARI PAILA","state":"MADHYA PRADESH","district":"MAIHAR","block":"MAIHAR","indicator":"girls_toilet_nonfunctional"}},{"type":"Feature","geometry":{"type":"Point","coordinates":[80.82734,24.26654]},"properties":{"udise":"23130213901","name":"PS NARORA","state":"MADHYA PRADESH","district":"MAIHAR","block":"MAIHAR","indicator":"girls_toilet_nonfunctional"}},{"type":"Feature","geometry":{"type":"Point","coordinates":[81.08633,24.18602]},"properties":{"udise":"23130506201","name":"PS RASA DEURA","state":"MADHYA PRADESH","district":"MAIHAR","block":"RAM NAGAR","indicator":"girls_toilet_nonfunctional"}},{"type":"Feature","geometry":{"type":"Point","coordinates":[80.92634,24.15398]},"properties":{"udise":"23130219901","name":"MS JOVA","state":"MADHYA PRADESH","district":"MAIHAR","block":"MAIHAR","indicator":"girls_toilet_nonfunctional"}},{"type":"Feature","geometry":{"type":"Point","coordinates":[81.2485,24.28658]},"properties":{"udise":"23130511510","name":"SARASWATI SHISHU MANDIR","state":"MADHYA PRADESH","district":"MAIHAR","block":"RAM NAGAR","indicator":"girls_toilet_nonfunctional"}},{"type":"Feature","geometry":{"type":"Point","coordinates":[80.90741,24.22727]},"properties":{"udise":"23130213102","name":"PS SIDDHA NAGAR","state":"MADHYA PRADESH","district":"MAIHAR","block":"MAIHAR","indicator":"girls_toilet_nonfunctional"}},{"type":"Feature","geometry":{"type":"Point","coordinates":[80.81954,24.28042]},"properties":{"udise":"23130207402","name":"PS DADIYAN TOLA PAHADI","state":"MADHYA PRADESH","district":"MAIHAR","block":"MAIHAR","indicator":"girls_toilet_nonfunctional"}},{"type":"Feature","geometry":{"type":"Point","coordinates":[80.8424,24.33226]},"properties":{"udise":"23130207701","name":"PS DEVRA","state":"MADHYA PRADESH","district":"MAIHAR","block":"MAIHAR","indicator":"girls_toilet_nonfunctional"}},{"type":"Feature","geometry":{"type":"Point","coordinates":[81.21792,24.29713]},"properties":{"udise":"23130510501","name":"MS JIGNA","state":"MADHYA PRADESH","district":"MAIHAR","block":"RAM NAGAR","indicator":"girls_toilet_nonfunctional"}},{"type":"Feature","geometry":{"type":"Point","coordinates":[80.80945,24.29728]},"properties":{"udise":"23130220201","name":"PS MAU","state":"MADHYA PRADESH","district":"MAIHAR","block":"MAIHAR","indicator":"girls_toilet_nonfunctional"}},{"type":"Feature","geometry":{"type":"Point","coordinates":[81.0796,24.19001]},"properties":{"udise":"23130501703","name":"MS BIJAURA","state":"MADHYA PRADESH","district":"MAIHAR","block":"RAM NAGAR","indicator":"girls_toilet_nonfunctional"}},{"type":"Feature","geometry":{"type":"Point","coordinates":[81.13746,24.45379]},"properties":{"udise":"23130102310","name":"SARASWATI SHISHU MANDIR MAHUDAR","state":"MADHYA PRADESH","district":"MAIHAR","block":"AMARPATAN","indicator":"girls_toilet_nonfunctional"}},{"type":"Feature","geometry":{"type":"Point","coordinates":[80.96255,24.22976]},"properties":{"udise":"23130209009","name":"PS PAHARUAN TOLA","state":"MADHYA PRADESH","district":"MAIHAR","block":"MAIHAR","indicator":"girls_toilet_nonfunctional"}},{"type":"Feature","geometry":{"type":"Point","coordinates":[80.84854,24.04477]},"properties":{"udise":"23130223001","name":"PS PIPARIYA","state":"MADHYA PRADESH","district":"MAIHAR","block":"MAIHAR","indicator":"girls_toilet_nonfunctional"}},{"type":"Feature","geometry":{"type":"Point","coordinates":[81.0947,24.22738]},"properties":{"udise":"23130509202","name":"PS KOLAN BANDARKHA","state":"MADHYA PRADESH","district":"MAIHAR","block":"RAM NAGAR","indicator":"girls_toilet_nonfunctional"}},{"type":"Feature","geometry":{"type":"Point","coordinates":[81.33367,24.28257]},"properties":{"udise":"23130516901","name":"PS SUHILEE TOLA","state":"MADHYA PRADESH","district":"MAIHAR","block":"RAM NAGAR","indicator":"girls_toilet_nonfunctional"}},{"type":"Feature","geometry":{"type":"Point","coordinates":[81.07088,24.46083]},"properties":{"udise":"23130116101","name":"PS SEHERUAA N0-1","state":"MADHYA PRADESH","district":"MAIHAR","block":"AMARPATAN","indicator":"girls_toilet_nonfunctional"}},{"type":"Feature","geometry":{"type":"Point","coordinates":[80.78119,24.21747]},"properties":{"udise":"23130207611","name":"MS JHANDAHA TOLA SONWARI","state":"MADHYA PRADESH","district":"MAIHAR","block":"MAIHAR","indicator":"girls_toilet_nonfunctional"}},{"type":"Feature","geometry":{"type":"Point","coordinates":[80.94756,24.18388]},"properties":{"udise":"23130212503","name":"MS BIHRA KHURD","state":"MADHYA PRADESH","district":"MAIHAR","block":"MAIHAR","indicator":"girls_toilet_nonfunctional"}},{"type":"Feature","geometry":{"type":"Point","coordinates":[81.19602,24.28298]},"properties":{"udise":"23130503302","name":"PS JOWA KACHHIYAN","state":"MADHYA PRADESH","district":"MAIHAR","block":"RAM NAGAR","indicator":"girls_toilet_nonfunctional"}},{"type":"Feature","geometry":{"type":"Point","coordinates":[81.24724,24.22469]},"properties":{"udise":"23130521601","name":"PS DHABRAI NAI BASTI","state":"MADHYA PRADESH","district":"MAIHAR","block":"RAM NAGAR","indicator":"girls_toilet_nonfunctional"}},{"type":"Feature","geometry":{"type":"Point","coordinates":[80.8879,24.16612]},"properties":{"udise":"23130223502","name":"PS ADIWASI BASTI GHOTARI","state":"MADHYA PRADESH","district":"MAIHAR","block":"MAIHAR","indicator":"girls_toilet_nonfunctional"}},{"type":"Feature","geometry":{"type":"Point","coordinates":[80.9128,24.24106]},"properties":{"udise":"23130221501","name":"PS DEVARI KARIYA","state":"MADHYA PRADESH","district":"MAIHAR","block":"MAIHAR","indicator":"girls_toilet_nonfunctional"}},{"type":"Feature","geometry":{"type":"Point","coordinates":[80.81184,24.05654]},"properties":{"udise":"23130228901","name":"PS PAGRA","state":"MADHYA PRADESH","district":"MAIHAR","block":"MAIHAR","indicator":"girls_toilet_nonfunctional"}},{"type":"Feature","geometry":{"type":"Point","coordinates":[81.06467,24.5041]},"properties":{"udise":"23130114103","name":"DAFFODILES PUBLICESCHOOL E.M.","state":"MADHYA PRADESH","district":"MAIHAR","block":"AMARPATAN","indicator":"girls_toilet_nonfunctional"}},{"type":"Feature","geometry":{"type":"Point","coordinates":[80.73543,24.26446]},"properties":{"udise":"23130217803","name":"MS ARKANDI","state":"MADHYA PRADESH","district":"MAIHAR","block":"MAIHAR","indicator":"girls_toilet_nonfunctional"}},{"type":"Feature","geometry":{"type":"Point","coordinates":[80.45501,24.03235]},"properties":{"udise":"23130202004","name":"PS HARIJAN BASTI SABHAGANJ","state":"MADHYA PRADESH","district":"MAIHAR","block":"MAIHAR","indicator":"girls_toilet_nonfunctional"}},{"type":"Feature","geometry":{"type":"Point","coordinates":[80.75571,24.1176]},"properties":{"udise":"23130222401","name":"PS SANTIPUR","state":"MADHYA PRADESH","district":"MAIHAR","block":"MAIHAR","indicator":"girls_toilet_nonfunctional"}},{"type":"Feature","geometry":{"type":"Point","coordinates":[80.76081,24.13948]},"properties":{"udise":"23130221601","name":"PS SHRINAGAR","state":"MADHYA PRADESH","district":"MAIHAR","block":"MAIHAR","indicator":"girls_toilet_nonfunctional"}},{"type":"Feature","geometry":{"type":"Point","coordinates":[81.30564,24.31162]},"properties":{"udise":"23130511912","name":"PS BARGAHI TOLA HARIJAN BASTI HINAUTI","state":"MADHYA PRADESH","district":"MAIHAR","block":"RAM NAGAR","indicator":"girls_toilet_nonfunctional"}},{"type":"Feature","geometry":{"type":"Point","coordinates":[80.8185,24.05786]},"properties":{"udise":"23130215803","name":"MS DHAMPURA","state":"MADHYA PRADESH","district":"MAIHAR","block":"MAIHAR","indicator":"girls_toilet_nonfunctional"}},{"type":"Feature","geometry":{"type":"Point","coordinates":[81.14688,24.45058]},"properties":{"udise":"23130102307","name":"PS TIB.TOLA MAHUDAR","state":"MADHYA PRADESH","district":"MAIHAR","block":"AMARPATAN","indicator":"girls_toilet_nonfunctional"}},{"type":"Feature","geometry":{"type":"Point","coordinates":[80.41526,24.01602]},"properties":{"udise":"23130205608","name":"PS KUSMI TOLA","state":"MADHYA PRADESH","district":"MAIHAR","block":"MAIHAR","indicator":"girls_toilet_nonfunctional"}},{"type":"Feature","geometry":{"type":"Point","coordinates":[81.26174,24.22528]},"properties":{"udise":"23130500204","name":"MS JHINNA","state":"MADHYA PRADESH","district":"MAIHAR","block":"RAM NAGAR","indicator":"girls_toilet_nonfunctional"}},{"type":"Feature","geometry":{"type":"Point","coordinates":[81.52495,24.30152]},"properties":{"udise":"23130107804","name":"SWAMI VIVEKANAND NEW VISION PUBLIC SCHOOL LAMI KARAHI","state":"MADHYA PRADESH","district":"MAIHAR","block":"AMARPATAN","indicator":"girls_toilet_nonfunctional"}},{"type":"Feature","geometry":{"type":"Point","coordinates":[80.83595,24.04257]},"properties":{"udise":"23130215501","name":"PS CHHAPANSAGAR","state":"MADHYA PRADESH","district":"MAIHAR","block":"MAIHAR","indicator":"girls_toilet_nonfunctional"}},{"type":"Feature","geometry":{"type":"Point","coordinates":[80.98841,24.21969]},"properties":{"udise":"23130517901","name":"PS BANDRAUKH","state":"MADHYA PRADESH","district":"MAIHAR","block":"RAM NAGAR","indicator":"girls_toilet_nonfunctional"}},{"type":"Feature","geometry":{"type":"Point","coordinates":[80.8363,24.23644]},"properties":{"udise":"23130212804","name":"PS CHHOTA TOLA DHANWAHIKALA","state":"MADHYA PRADESH","district":"MAIHAR","block":"MAIHAR","indicator":"girls_toilet_nonfunctional"}},{"type":"Feature","geometry":{"type":"Point","coordinates":[81.07146,24.2185]},"properties":{"udise":"23130500803","name":"MS DIGHIYA KHURD","state":"MADHYA PRADESH","district":"MAIHAR","block":"RAM NAGAR","indicator":"girls_toilet_nonfunctional"}},{"type":"Feature","geometry":{"type":"Point","coordinates":[81.0961,24.50853]},"properties":{"udise":"23130114201","name":"PS BARDAHA","state":"MADHYA PRADESH","district":"MAIHAR","block":"AMARPATAN","indicator":"girls_toilet_nonfunctional"}},{"type":"Feature","geometry":{"type":"Point","coordinates":[81.28957,24.26765]},"properties":{"udise":"23130510103","name":"PS BARGAHI TOLA DEVDAHA","state":"MADHYA PRADESH","district":"MAIHAR","block":"RAM NAGAR","indicator":"girls_toilet_nonfunctional"}},{"type":"Feature","geometry":{"type":"Point","coordinates":[81.1664,24.4556]},"properties":{"udise":"23130102202","name":"PS PAGRA","state":"MADHYA PRADESH","district":"MAIHAR","block":"AMARPATAN","indicator":"girls_toilet_nonfunctional"}},{"type":"Feature","geometry":{"type":"Point","coordinates":[80.859,24.31262]},"properties":{"udise":"23130206702","name":"PS HARIJAN BASTI KARTAHA","state":"MADHYA PRADESH","district":"MAIHAR","block":"MAIHAR","indicator":"girls_toilet_nonfunctional"}},{"type":"Feature","geometry":{"type":"Point","coordinates":[80.87527,24.28047]},"properties":{"udise":"23130220901","name":"PS SIRMILI","state":"MADHYA PRADESH","district":"MAIHAR","block":"MAIHAR","indicator":"girls_toilet_nonfunctional"}},{"type":"Feature","geometry":{"type":"Point","coordinates":[80.9606,24.18791]},"properties":{"udise":"23130504503","name":"PS NAI BASTI KHARA","state":"MADHYA PRADESH","district":"MAIHAR","block":"RAM NAGAR","indicator":"girls_toilet_nonfunctional"}},{"type":"Feature","geometry":{"type":"Point","coordinates":[81.05029,24.24434]},"properties":{"udise":"23130506804","name":"PS NAI BASTI GAILAHARI","state":"MADHYA PRADESH","district":"MAIHAR","block":"RAM NAGAR","indicator":"girls_toilet_nonfunctional"}},{"type":"Feature","geometry":{"type":"Point","coordinates":[81.19578,24.38705]},"properties":{"udise":"23130101921","name":"GAYATRI VIDHYA PEETH MS CHATURHA TOLA TALA","state":"MADHYA PRADESH","district":"MAIHAR","block":"AMARPATAN","indicator":"girls_toilet_nonfunctional"}},{"type":"Feature","geometry":{"type":"Point","coordinates":[80.8769,24.42258]},"properties":{"udise":"23130217502","name":"PS HARIJAN BASTI KANIYARI","state":"MADHYA PRADESH","district":"MAIHAR","block":"MAIHAR","indicator":"girls_toilet_nonfunctional"}},{"type":"Feature","geometry":{"type":"Point","coordinates":[81.06195,24.44185]},"properties":{"udise":"23130103803","name":"PS TYONDHARI","state":"MADHYA PRADESH","district":"MAIHAR","block":"AMARPATAN","indicator":"girls_toilet_nonfunctional"}},{"type":"Feature","geometry":{"type":"Point","coordinates":[81.12956,24.23497]},"properties":{"udise":"23130514702","name":"PS GIDHAILA PURANI BASTI","state":"MADHYA PRADESH","district":"MAIHAR","block":"RAM NAGAR","indicator":"girls_toilet_nonfunctional"}},{"type":"Feature","geometry":{"type":"Point","coordinates":[81.32056,24.28515]},"properties":{"udise":"23130510203","name":"MS MANKESHAR","state":"MADHYA PRADESH","district":"MAIHAR","block":"RAM NAGAR","indicator":"girls_toilet_nonfunctional"}},{"type":"Feature","geometry":{"type":"Point","coordinates":[81.0553,24.23071]},"properties":{"udise":"23130502803","name":"MS GELIHARI","state":"MADHYA PRADESH","district":"MAIHAR","block":"RAM NAGAR","indicator":"girls_toilet_nonfunctional"}},{"type":"Feature","geometry":{"type":"Point","coordinates":[80.89862,24.26741]},"properties":{"udise":"23130216206","name":"MS JHAL JURA","state":"MADHYA PRADESH","district":"MAIHAR","block":"MAIHAR","indicator":"girls_toilet_nonfunctional"}},{"type":"Feature","geometry":{"type":"Point","coordinates":[80.4681,24.00495]},"properties":{"udise":"23130205102","name":"PS KARAUDIYA TOLA","state":"MADHYA PRADESH","district":"MAIHAR","block":"MAIHAR","indicator":"girls_toilet_nonfunctional"}},{"type":"Feature","geometry":{"type":"Point","coordinates":[80.85407,24.32227]},"properties":{"udise":"23130207105","name":"PS NAI BASTI KARUA (R)","state":"MADHYA PRADESH","district":"MAIHAR","block":"MAIHAR","indicator":"girls_toilet_nonfunctional"}},{"type":"Feature","geometry":{"type":"Point","coordinates":[80.75979,24.26593]},"properties":{"udise":"23130224101","name":"PS SANKUTA MAIHAR","state":"MADHYA PRADESH","district":"MAIHAR","block":"MAIHAR","indicator":"girls_toilet_nonfunctional"}},{"type":"Feature","geometry":{"type":"Point","coordinates":[81.08516,24.32743]},"properties":{"udise":"23130110903","name":"KAGYA PUBLIC SCHOOL LALITPUR NO TWO","state":"MADHYA PRADESH","district":"MAIHAR","block":"AMARPATAN","indicator":"girls_toilet_nonfunctional"}},{"type":"Feature","geometry":{"type":"Point","coordinates":[80.68995,24.19352]},"properties":{"udise":"23130214810","name":"TELENT RESEARCH DEV. SCH. BERMA","state":"MADHYA PRADESH","district":"MAIHAR","block":"MAIHAR","indicator":"girls_toilet_nonfunctional"}},{"type":"Feature","geometry":{"type":"Point","coordinates":[81.07998,24.17482]},"properties":{"udise":"23130504001","name":"PS RAJHODI","state":"MADHYA PRADESH","district":"MAIHAR","block":"RAM NAGAR","indicator":"girls_toilet_nonfunctional"}},{"type":"Feature","geometry":{"type":"Point","coordinates":[81.26617,24.22606]},"properties":{"udise":"23130500203","name":"PS CHUNA BHATTA","state":"MADHYA PRADESH","district":"MAIHAR","block":"RAM NAGAR","indicator":"girls_toilet_nonfunctional"}},{"type":"Feature","geometry":{"type":"Point","coordinates":[81.1297,24.39706]},"properties":{"udise":"23130103003","name":"S P CHILDREN ACADEMY PODI KHURD","state":"MADHYA PRADESH","district":"MAIHAR","block":"AMARPATAN","indicator":"girls_toilet_nonfunctional"}},{"type":"Feature","geometry":{"type":"Point","coordinates":[80.80352,24.2618]},"properties":{"udise":"23130219002","name":"MS LAKHWAR","state":"MADHYA PRADESH","district":"MAIHAR","block":"MAIHAR","indicator":"girls_toilet_nonfunctional"}},{"type":"Feature","geometry":{"type":"Point","coordinates":[80.84221,24.09205]},"properties":{"udise":"23130211605","name":"PS DOGRI TOLA","state":"MADHYA PRADESH","district":"MAIHAR","block":"MAIHAR","indicator":"girls_toilet_nonfunctional"}},{"type":"Feature","geometry":{"type":"Point","coordinates":[81.34258,24.22333]},"properties":{"udise":"23130513202","name":"U. ADIWASI GIRLS SCHOOL","state":"MADHYA PRADESH","district":"MAIHAR","block":"RAM NAGAR","indicator":"girls_toilet_nonfunctional"}},{"type":"Feature","geometry":{"type":"Point","coordinates":[81.26264,24.25388]},"properties":{"udise":"23130500504","name":"MS JATTHAHA","state":"MADHYA PRADESH","district":"MAIHAR","block":"RAM NAGAR","indicator":"girls_toilet_nonfunctional"}},{"type":"Feature","geometry":{"type":"Point","coordinates":[80.80141,24.10706]},"properties":{"udise":"23130211101","name":"PS BARAKALA","state":"MADHYA PRADESH","district":"MAIHAR","block":"MAIHAR","indicator":"girls_toilet_nonfunctional"}},{"type":"Feature","geometry":{"type":"Point","coordinates":[80.84271,24.08834]},"properties":{"udise":"23130211608","name":"PS GALJHAR TOLA","state":"MADHYA PRADESH","district":"MAIHAR","block":"MAIHAR","indicator":"girls_toilet_nonfunctional"}},{"type":"Feature","geometry":{"type":"Point","coordinates":[81.06196,24.19306]},"properties":{"udise":"23130501802","name":"MS BHARATPUR","state":"MADHYA PRADESH","district":"MAIHAR","block":"RAM NAGAR","indicator":"girls_toilet_nonfunctional"}},{"type":"Feature","geometry":{"type":"Point","coordinates":[81.22383,24.37397]},"properties":{"udise":"23130110902","name":"PS LALITPUR NO 2","state":"MADHYA PRADESH","district":"MAIHAR","block":"AMARPATAN","indicator":"girls_toilet_nonfunctional"}},{"type":"Feature","geometry":{"type":"Point","coordinates":[80.93074,24.17312]},"properties":{"udise":"23130224901","name":"PS TEEKAR KHURD","state":"MADHYA PRADESH","district":"MAIHAR","block":"MAIHAR","indicator":"girls_toilet_nonfunctional"}},{"type":"Feature","geometry":{"type":"Point","coordinates":[81.08625,24.36293]},"properties":{"udise":"23130107704","name":"PS DHERHARA NAYAKHER","state":"MADHYA PRADESH","district":"MAIHAR","block":"AMARPATAN","indicator":"girls_toilet_nonfunctional"}},{"type":"Feature","geometry":{"type":"Point","coordinates":[81.10414,24.33593]},"properties":{"udise":"23130106210","name":"BRITON CONVENT SCHOOL (PS-77044)","state":"MADHYA PRADESH","district":"MAIHAR","block":"AMARPATAN","indicator":"girls_toilet_nonfunctional"}},{"type":"Feature","geometry":{"type":"Point","coordinates":[80.96693,24.17408]},"properties":{"udise":"23130504408","name":"PS TRIBAL BADA ITMA","state":"MADHYA PRADESH","district":"MAIHAR","block":"RAM NAGAR","indicator":"girls_toilet_nonfunctional"}},{"type":"Feature","geometry":{"type":"Point","coordinates":[81.08443,24.21611]},"properties":{"udise":"23130507828","name":"HOLY CHILD PUBLIC SCHOOL","state":"MADHYA PRADESH","district":"MAIHAR","block":"RAM NAGAR","indicator":"girls_toilet_nonfunctional"}},{"type":"Feature","geometry":{"type":"Point","coordinates":[81.18732,24.27857]},"properties":{"udise":"23130512702","name":"PS BHITRI KACHHIYAN W. NO. 7","state":"MADHYA PRADESH","district":"MAIHAR","block":"RAM NAGAR","indicator":"girls_toilet_nonfunctional"}},{"type":"Feature","geometry":{"type":"Point","coordinates":[80.88337,24.17035]},"properties":{"udise":"23130223501","name":"PS DOGRI","state":"MADHYA PRADESH","district":"MAIHAR","block":"MAIHAR","indicator":"girls_toilet_nonfunctional"}},{"type":"Feature","geometry":{"type":"Point","coordinates":[81.00961,24.22968]},"properties":{"udise":"23130509002","name":"MS RATWAR","state":"MADHYA PRADESH","district":"MAIHAR","block":"RAM NAGAR","indicator":"girls_toilet_nonfunctional"}},{"type":"Feature","geometry":{"type":"Point","coordinates":[80.86148,24.16083]},"properties":{"udise":"23130225201","name":"PS MOHARWA","state":"MADHYA PRADESH","district":"MAIHAR","block":"MAIHAR","indicator":"girls_toilet_nonfunctional"}},{"type":"Feature","geometry":{"type":"Point","coordinates":[80.86155,24.26676]},"properties":{"udise":"23130218501","name":"PS JURWA","state":"MADHYA PRADESH","district":"MAIHAR","block":"MAIHAR","indicator":"girls_toilet_nonfunctional"}},{"type":"Feature","geometry":{"type":"Point","coordinates":[81.01229,24.22257]},"properties":{"udise":"23130509001","name":"PS RATWAR","state":"MADHYA PRADESH","district":"MAIHAR","block":"RAM NAGAR","indicator":"girls_toilet_nonfunctional"}},{"type":"Feature","geometry":{"type":"Point","coordinates":[81.09501,24.17741]},"properties":{"udise":"23130509402","name":"PS BELHAN TOLA MASMASI","state":"MADHYA PRADESH","district":"MAIHAR","block":"RAM NAGAR","indicator":"girls_toilet_nonfunctional"}},{"type":"Feature","geometry":{"type":"Point","coordinates":[81.16483,24.35128]},"properties":{"udise":"23130115704","name":"ADARSH HS BICHHIYA KHURD","state":"MADHYA PRADESH","district":"MAIHAR","block":"AMARPATAN","indicator":"girls_toilet_nonfunctional"}},{"type":"Feature","geometry":{"type":"Point","coordinates":[80.97201,24.35513]},"properties":{"udise":"23130217002","name":"PS KOLAN TOLA JAMTAL","state":"MADHYA PRADESH","district":"MAIHAR","block":"MAIHAR","indicator":"girls_toilet_nonfunctional"}},{"type":"Feature","geometry":{"type":"Point","coordinates":[80.66492,24.17512]},"properties":{"udise":"23130225801","name":"PS BELHA","state":"MADHYA PRADESH","district":"MAIHAR","block":"MAIHAR","indicator":"girls_toilet_nonfunctional"}},{"type":"Feature","geometry":{"type":"Point","coordinates":[80.83591,24.23228]},"properties":{"udise":"23130212808","name":"MS HARIJAN BASTI DHANWAHI KALA","state":"MADHYA PRADESH","district":"MAIHAR","block":"MAIHAR","indicator":"girls_toilet_nonfunctional"}},{"type":"Feature","geometry":{"type":"Point","coordinates":[81.24852,24.30485]},"properties":{"udise":"23130516101","name":"PS BIJURI WARD NO.10","state":"MADHYA PRADESH","district":"MAIHAR","block":"RAM NAGAR","indicator":"girls_toilet_nonfunctional"}},{"type":"Feature","geometry":{"type":"Point","coordinates":[80.21654,22.85559]},"properties":{"udise":"23421303202","name":"MS BORIYA (2012-13)","state":"MADHYA PRADESH","district":"MANDLA","block":"NARAYANGANJ","indicator":"no_girls_toilet"}},{"type":"Feature","geometry":{"type":"Point","coordinates":[80.45142,22.95356]},"properties":{"udise":"23421311901","name":"PS MALKHANPANI","state":"MADHYA PRADESH","district":"MANDLA","block":"NARAYANGANJ","indicator":"no_girls_toilet"}},{"type":"Feature","geometry":{"type":"Point","coordinates":[80.06098,22.98554]},"properties":{"udise":"23421402901","name":"PS BUDARA PIPARIYA","state":"MADHYA PRADESH","district":"MANDLA","block":"BEEJADANDI","indicator":"no_girls_toilet"}},{"type":"Feature","geometry":{"type":"Point","coordinates":[80.36889,22.60431]},"properties":{"udise":"23420601001","name":"PS BHANPUR","state":"MADHYA PRADESH","district":"MANDLA","block":"GHUGHRI","indicator":"no_girls_toilet"}},{"type":"Feature","geometry":{"type":"Point","coordinates":[80.19149,23.04903]},"properties":{"udise":"23421411101","name":"PS MOHDA","state":"MADHYA PRADESH","district":"MANDLA","block":"BEEJADANDI","indicator":"no_girls_toilet"}},{"type":"Feature","geometry":{"type":"Point","coordinates":[80.14658,22.79341]},"properties":{"udise":"23421301605","name":"HS MANEGAON EPES_1_10","state":"MADHYA PRADESH","district":"MANDLA","block":"NARAYANGANJ","indicator":"no_girls_toilet"}},{"type":"Feature","geometry":{"type":"Point","coordinates":[80.29604,22.76489]},"properties":{"udise":"23421307101","name":"PS SAHJANI","state":"MADHYA PRADESH","district":"MANDLA","block":"NARAYANGANJ","indicator":"no_girls_toilet"}},{"type":"Feature","geometry":{"type":"Point","coordinates":[80.41599,22.92629]},"properties":{"udise":"23421310701","name":"PS BHAINSWAHI","state":"MADHYA PRADESH","district":"MANDLA","block":"NARAYANGANJ","indicator":"no_girls_toilet"}},{"type":"Feature","geometry":{"type":"Point","coordinates":[80.43969,22.89798]},"properties":{"udise":"23421311301","name":"PS SIMARIA","state":"MADHYA PRADESH","district":"MANDLA","block":"NARAYANGANJ","indicator":"no_girls_toilet"}},{"type":"Feature","geometry":{"type":"Point","coordinates":[80.12198,22.7963]},"properties":{"udise":"23421301501","name":"PS DEHRA","state":"MADHYA PRADESH","district":"MANDLA","block":"NARAYANGANJ","indicator":"no_girls_toilet"}},{"type":"Feature","geometry":{"type":"Point","coordinates":[80.23291,22.48314]},"properties":{"udise":"23420207306","name":"PS BARGAON PALASUNDAR","state":"MADHYA PRADESH","district":"MANDLA","block":"NAINPUR","indicator":"no_girls_toilet"}},{"type":"Feature","geometry":{"type":"Point","coordinates":[80.24369,22.9562]},"properties":{"udise":"23421414001","name":"PS CHOURAI 1","state":"MADHYA PRADESH","district":"MANDLA","block":"BEEJADANDI","indicator":"no_girls_toilet"}},{"type":"Feature","geometry":{"type":"Point","coordinates":[80.79624,22.73902]},"properties":{"udise":"23420602503","name":"PS KENDO TOLA (CHURIYA)","state":"MADHYA PRADESH","district":"MANDLA","block":"GHUGHRI","indicator":"no_girls_toilet"}},{"type":"Feature","geometry":{"type":"Point","coordinates":[80.54438,22.77288]},"properties":{"udise":"23420402904","name":"PS MUHARI TOLA","state":"MADHYA PRADESH","district":"MANDLA","block":"MOHGAON","indicator":"no_girls_toilet"}},{"type":"Feature","geometry":{"type":"Point","coordinates":[80.69519,22.48204]},"properties":{"udise":"23420315105","name":"PS BAD TOLA (DEI)","state":"MADHYA PRADESH","district":"MANDLA","block":"BICHHIA","indicator":"no_girls_toilet"}},{"type":"Feature","geometry":{"type":"Point","coordinates":[80.14079,22.82255]},"properties":{"udise":"23421301102","name":"MS CHATI EPES_1_8","state":"MADHYA PRADESH","district":"MANDLA","block":"NARAYANGANJ","indicator":"no_girls_toilet"}},{"type":"Feature","geometry":{"type":"Point","coordinates":[80.26634,22.87404]},"properties":{"udise":"23421304402","name":"PS KISANTOLA","state":"MADHYA PRADESH","district":"MANDLA","block":"NARAYANGANJ","indicator":"no_girls_toilet"}},{"type":"Feature","geometry":{"type":"Point","coordinates":[80.21438,22.8694]},"properties":{"udise":"23421303305","name":"PS YADAV TOLA(2013-14)","state":"MADHYA PRADESH","district":"MANDLA","block":"NARAYANGANJ","indicator":"no_girls_toilet"}},{"type":"Feature","geometry":{"type":"Point","coordinates":[80.2467,23.11306]},"properties":{"udise":"23421200610","name":"PS MANERI TOLA (RATIONALISED 2014-15)","state":"MADHYA PRADESH","district":"MANDLA","block":"NIWAS","indicator":"no_girls_toilet"}},{"type":"Feature","geometry":{"type":"Point","coordinates":[80.71224,22.79142]},"properties":{"udise":"23420600203","name":"MS PIPARIYAKHURD (2012-13) EPES_1_8","state":"MADHYA PRADESH","district":"MANDLA","block":"GHUGHRI","indicator":"no_girls_toilet"}},{"type":"Feature","geometry":{"type":"Point","coordinates":[81.02365,22.53682]},"properties":{"udise":"23420506101","name":"PS MANIKPUR","state":"MADHYA PRADESH","district":"MANDLA","block":"MAWAI","indicator":"no_girls_toilet"}},{"type":"Feature","geometry":{"type":"Point","coordinates":[80.68017,22.42023]},"properties":{"udise":"23420311701","name":"PS BHANPUR KHERA","state":"MADHYA PRADESH","district":"MANDLA","block":"BICHHIA","indicator":"no_girls_toilet"}},{"type":"Feature","geometry":{"type":"Point","coordinates":[80.81345,22.69446]},"properties":{"udise":"23420603306","name":"PS KORNI TOLA","state":"MADHYA PRADESH","district":"MANDLA","block":"GHUGHRI","indicator":"no_girls_toilet"}},{"type":"Feature","geometry":{"type":"Point","coordinates":[80.66212,22.44329]},"properties":{"udise":"23420307601","name":"PS URDALI","state":"MADHYA PRADESH","district":"MANDLA","block":"BICHHIA","indicator":"no_girls_toilet"}},{"type":"Feature","geometry":{"type":"Point","coordinates":[80.6629,22.65901]},"properties":{"udise":"23420604602","name":"MS MANGA EPES_1_8","state":"MADHYA PRADESH","district":"MANDLA","block":"GHUGHRI","indicator":"no_girls_toilet"}},{"type":"Feature","geometry":{"type":"Point","coordinates":[80.43909,22.48852]},"properties":{"udise":"23420304502","name":"PS KACHHARI","state":"MADHYA PRADESH","district":"MANDLA","block":"BICHHIA","indicator":"no_girls_toilet"}},{"type":"Feature","geometry":{"type":"Point","coordinates":[80.41079,22.94368]},"properties":{"udise":"23421310802","name":"PS JAMUN TOLA","state":"MADHYA PRADESH","district":"MANDLA","block":"NARAYANGANJ","indicator":"no_girls_toilet"}},{"type":"Feature","geometry":{"type":"Point","coordinates":[80.87294,22.74255]},"properties":{"udise":"23420602804","name":"PS TIKRA TOLA","state":"MADHYA PRADESH","district":"MANDLA","block":"GHUGHRI","indicator":"no_girls_toilet"}},{"type":"Feature","geometry":{"type":"Point","coordinates":[80.59357,22.47457]},"properties":{"udise":"23420306201","name":"PS DUDHARI","state":"MADHYA PRADESH","district":"MANDLA","block":"BICHHIA","indicator":"no_girls_toilet"}},{"type":"Feature","geometry":{"type":"Point","coordinates":[80.25014,22.43432]},"properties":{"udise":"23420211503","name":"PS PATEL TOLA GHATERI","state":"MADHYA PRADESH","district":"MANDLA","block":"NAINPUR","indicator":"no_girls_toilet"}},{"type":"Feature","geometry":{"type":"Point","coordinates":[80.8199,22.67609]},"properties":{"udise":"23420603501","name":"PS RAHANGI","state":"MADHYA PRADESH","district":"MANDLA","block":"GHUGHRI","indicator":"no_girls_toilet"}},{"type":"Feature","geometry":{"type":"Point","coordinates":[80.248,23.3532]},"properties":{"udise":"23420109720","name":"PMS JUSTICE TANKHA MEMORIAL ROTARY SCHOOL FOR CWSN CLASS","state":"MADHYA PRADESH","district":"MANDLA","block":"MANDLA","indicator":"no_girls_toilet"}},{"type":"Feature","geometry":{"type":"Point","coordinates":[80.39901,23.12151]},"properties":{"udise":"23421202202","name":"PS SATPAHRI TOLA (RATIONALISED 2014-15)","state":"MADHYA PRADESH","district":"MANDLA","block":"NIWAS","indicator":"no_girls_toilet"}},{"type":"Feature","geometry":{"type":"Point","coordinates":[80.5648,22.5246]},"properties":{"udise":"23420601103","name":"PS DEEVAN TOLA, CHOBA (RATIONAL2018-19)","state":"MADHYA PRADESH","district":"MANDLA","block":"GHUGHRI","indicator":"no_girls_toilet"}},{"type":"Feature","geometry":{"type":"Point","coordinates":[80.52023,23.06784]},"properties":{"udise":"23421208701","name":"PS DADRA TOLA","state":"MADHYA PRADESH","district":"MANDLA","block":"NIWAS","indicator":"no_girls_toilet"}},{"type":"Feature","geometry":{"type":"Point","coordinates":[80.29003,22.98616]},"properties":{"udise":"23421413602","name":"MS SAMNAPUR 1","state":"MADHYA PRADESH","district":"MANDLA","block":"BEEJADANDI","indicator":"no_girls_toilet"}},{"type":"Feature","geometry":{"type":"Point","coordinates":[80.09758,23.02801]},"properties":{"udise":"23421400601","name":"PS SAMNAPUR","state":"MADHYA PRADESH","district":"MANDLA","block":"BEEJADANDI","indicator":"no_girls_toilet"}},{"type":"Feature","geometry":{"type":"Point","coordinates":[80.3766,23.11806]},"properties":{"udise":"23421201503","name":"PS BEEJATOLA (BHALWARA)","state":"MADHYA PRADESH","district":"MANDLA","block":"NIWAS","indicator":"girls_toilet_nonfunctional"}},{"type":"Feature","geometry":{"type":"Point","coordinates":[80.23384,22.51934]},"properties":{"udise":"23420206901","name":"PS DOONDA","state":"MADHYA PRADESH","district":"MANDLA","block":"NAINPUR","indicator":"girls_toilet_nonfunctional"}},{"type":"Feature","geometry":{"type":"Point","coordinates":[80.94064,22.37944]},"properties":{"udise":"23420512401","name":"PS BHAPSA","state":"MADHYA PRADESH","district":"MANDLA","block":"MAWAI","indicator":"girls_toilet_nonfunctional"}},{"type":"Feature","geometry":{"type":"Point","coordinates":[80.84033,22.61977]},"properties":{"udise":"23420606805","name":"MS DUNDADEI EPES_1_8","state":"MADHYA PRADESH","district":"MANDLA","block":"GHUGHRI","indicator":"girls_toilet_nonfunctional"}},{"type":"Feature","geometry":{"type":"Point","coordinates":[80.34854,22.3996]},"properties":{"udise":"23420214408","name":"PMS GAYATRI GYAN GANGA MANDIR INDRI CLASS","state":"MADHYA PRADESH","district":"MANDLA","block":"NAINPUR","indicator":"girls_toilet_nonfunctional"}},{"type":"Feature","geometry":{"type":"Point","coordinates":[80.25223,22.29324]},"properties":{"udise":"23420304513","name":"VIDYA NIKETAN SCHOOL KAKAIYA","state":"MADHYA PRADESH","district":"MANDLA","block":"BICHHIA","indicator":"girls_toilet_nonfunctional"}},{"type":"Feature","geometry":{"type":"Point","coordinates":[80.91137,22.54849]},"properties":{"udise":"23420502804","name":"PS KARONDWAHI","state":"MADHYA PRADESH","district":"MANDLA","block":"MAWAI","indicator":"girls_toilet_nonfunctional"}},{"type":"Feature","geometry":{"type":"Point","coordinates":[80.91307,22.31582]},"properties":{"udise":"23420512701","name":"PS SALIWARA (KHALOUDI)","state":"MADHYA PRADESH","district":"MANDLA","block":"MAWAI","indicator":"girls_toilet_nonfunctional"}},{"type":"Feature","geometry":{"type":"Point","coordinates":[80.47244,22.97466]},"properties":{"udise":"23421207201","name":"PS KOHRI","state":"MADHYA PRADESH","district":"MANDLA","block":"NIWAS","indicator":"girls_toilet_nonfunctional"}},{"type":"Feature","geometry":{"type":"Point","coordinates":[80.87465,22.51324]},"properties":{"udise":"23420503802","name":"PS DOOMARTOLA","state":"MADHYA PRADESH","district":"MANDLA","block":"MAWAI","indicator":"girls_toilet_nonfunctional"}},{"type":"Feature","geometry":{"type":"Point","coordinates":[80.67703,22.63815]},"properties":{"udise":"23420608304","name":"PS MOTO TOLA (BANEHARI)","state":"MADHYA PRADESH","district":"MANDLA","block":"GHUGHRI","indicator":"girls_toilet_nonfunctional"}},{"type":"Feature","geometry":{"type":"Point","coordinates":[80.9983,22.28832]},"properties":{"udise":"23420514101","name":"PS MANGLI","state":"MADHYA PRADESH","district":"MANDLA","block":"MAWAI","indicator":"girls_toilet_nonfunctional"}},{"type":"Feature","geometry":{"type":"Point","coordinates":[80.41561,22.3257]},"properties":{"udise":"23420313001","name":"PS BAGASPUR","state":"MADHYA PRADESH","district":"MANDLA","block":"BICHHIA","indicator":"girls_toilet_nonfunctional"}},{"type":"Feature","geometry":{"type":"Point","coordinates":[80.58508,22.6301]},"properties":{"udise":"23420608501","name":"PS GULLUKHOH","state":"MADHYA PRADESH","district":"MANDLA","block":"GHUGHRI","indicator":"girls_toilet_nonfunctional"}},{"type":"Feature","geometry":{"type":"Point","coordinates":[80.34173,22.40212]},"properties":{"udise":"23420214412","name":"HSS INDRI EPES_1_12","state":"MADHYA PRADESH","district":"MANDLA","block":"NAINPUR","indicator":"girls_toilet_nonfunctional"}},{"type":"Feature","geometry":{"type":"Point","coordinates":[80.50444,22.37708]},"properties":{"udise":"23420310802","name":"MS BATWAR","state":"MADHYA PRADESH","district":"MANDLA","block":"BICHHIA","indicator":"girls_toilet_nonfunctional"}},{"type":"Feature","geometry":{"type":"Point","coordinates":[80.3731,22.583]},"properties":{"udise":"23420111802","name":"PMS NAV JAGRATI POORVA SCHOOL PURWA CLASS","state":"MADHYA PRADESH","district":"MANDLA","block":"MANDLA","indicator":"girls_toilet_nonfunctional"}},{"type":"Feature","geometry":{"type":"Point","coordinates":[81.16268,22.51668]},"properties":{"udise":"23420507402","name":"MS MURTA EPES_1_8","state":"MADHYA PRADESH","district":"MANDLA","block":"MAWAI","indicator":"girls_toilet_nonfunctional"}},{"type":"Feature","geometry":{"type":"Point","coordinates":[80.69137,22.58347]},"properties":{"udise":"23420313901","name":"PS SURJATOLA","state":"MADHYA PRADESH","district":"MANDLA","block":"BICHHIA","indicator":"girls_toilet_nonfunctional"}},{"type":"Feature","geometry":{"type":"Point","coordinates":[80.7817,22.75544]},"properties":{"udise":"23420601102","name":"PS CHOBA TOLA","state":"MADHYA PRADESH","district":"MANDLA","block":"GHUGHRI","indicator":"girls_toilet_nonfunctional"}},{"type":"Feature","geometry":{"type":"Point","coordinates":[80.85655,22.44641]},"properties":{"udise":"23420509901","name":"PS KARIGAHAN","state":"MADHYA PRADESH","district":"MANDLA","block":"MAWAI","indicator":"girls_toilet_nonfunctional"}},{"type":"Feature","geometry":{"type":"Point","coordinates":[80.47006,22.3324]},"properties":{"udise":"23420312802","name":"PS BEEJA TOLA (BODACHHAPRI","state":"MADHYA PRADESH","district":"MANDLA","block":"BICHHIA","indicator":"girls_toilet_nonfunctional"}},{"type":"Feature","geometry":{"type":"Point","coordinates":[80.42554,22.91567]},"properties":{"udise":"23421310903","name":"PS MAHUA TOLA","state":"MADHYA PRADESH","district":"MANDLA","block":"NARAYANGANJ","indicator":"girls_toilet_nonfunctional"}},{"type":"Feature","geometry":{"type":"Point","coordinates":[80.91335,22.35317]},"properties":{"udise":"23420512001","name":"PS PANARI KHERA (MOTINALA)","state":"MADHYA PRADESH","district":"MANDLA","block":"MAWAI","indicator":"girls_toilet_nonfunctional"}},{"type":"Feature","geometry":{"type":"Point","coordinates":[80.63346,22.53624]},"properties":{"udise":"23420306902","name":"MS UMARIA EPES_1_8","state":"MADHYA PRADESH","district":"MANDLA","block":"BICHHIA","indicator":"girls_toilet_nonfunctional"}},{"type":"Feature","geometry":{"type":"Point","coordinates":[80.89398,22.57961]},"properties":{"udise":"23420502303","name":"PS DHOBA TOLA","state":"MADHYA PRADESH","district":"MANDLA","block":"MAWAI","indicator":"girls_toilet_nonfunctional"}},{"type":"Feature","geometry":{"type":"Point","coordinates":[80.34855,22.3996]},"properties":{"udise":"23420214407","name":"PS CHHINDI TOLA","state":"MADHYA PRADESH","district":"MANDLA","block":"NAINPUR","indicator":"girls_toilet_nonfunctional"}},{"type":"Feature","geometry":{"type":"Point","coordinates":[80.83233,22.55428]},"properties":{"udise":"23420502403","name":"PS PATEL TOLA (SAHAJPURI)","state":"MADHYA PRADESH","district":"MANDLA","block":"MAWAI","indicator":"girls_toilet_nonfunctional"}},{"type":"Feature","geometry":{"type":"Point","coordinates":[80.52082,22.73647]},"properties":{"udise":"23420403103","name":"PS SANGAM TOLA","state":"MADHYA PRADESH","district":"MANDLA","block":"MOHGAON","indicator":"girls_toilet_nonfunctional"}},{"type":"Feature","geometry":{"type":"Point","coordinates":[81.14509,22.46392]},"properties":{"udise":"23420511401","name":"PS PATPARA (AMWAR)","state":"MADHYA PRADESH","district":"MANDLA","block":"MAWAI","indicator":"girls_toilet_nonfunctional"}},{"type":"Feature","geometry":{"type":"Point","coordinates":[80.18362,22.82832]},"properties":{"udise":"23421302302","name":"MS DEOHAR","state":"MADHYA PRADESH","district":"MANDLA","block":"NARAYANGANJ","indicator":"girls_toilet_nonfunctional"}},{"type":"Feature","geometry":{"type":"Point","coordinates":[80.94072,22.32772]},"properties":{"udise":"23420513101","name":"PS BAIGATOLA (KHAKSATAND)","state":"MADHYA PRADESH","district":"MANDLA","block":"MAWAI","indicator":"girls_toilet_nonfunctional"}},{"type":"Feature","geometry":{"type":"Point","coordinates":[80.96554,22.28836]},"properties":{"udise":"23420513504","name":"PS BAHERA TOLA (INDRI)","state":"MADHYA PRADESH","district":"MANDLA","block":"MAWAI","indicator":"girls_toilet_nonfunctional"}},{"type":"Feature","geometry":{"type":"Point","coordinates":[80.51576,22.30173]},"properties":{"udise":"23420311903","name":"PS LASRE TOLA (KHATIYA)","state":"MADHYA PRADESH","district":"MANDLA","block":"BICHHIA","indicator":"girls_toilet_nonfunctional"}},{"type":"Feature","geometry":{"type":"Point","coordinates":[80.36471,22.66485]},"properties":{"udise":"23420105901","name":"PS LURHIYA","state":"MADHYA PRADESH","district":"MANDLA","block":"MANDLA","indicator":"girls_toilet_nonfunctional"}},{"type":"Feature","geometry":{"type":"Point","coordinates":[80.59924,22.73947]},"properties":{"udise":"23420405204","name":"PS TIKRA TOLA (BODASILLI)","state":"MADHYA PRADESH","district":"MANDLA","block":"MOHGAON","indicator":"girls_toilet_nonfunctional"}},{"type":"Feature","geometry":{"type":"Point","coordinates":[81.06411,22.28453]},"properties":{"udise":"23420514202","name":"PS LUTRA","state":"MADHYA PRADESH","district":"MANDLA","block":"MAWAI","indicator":"girls_toilet_nonfunctional"}},{"type":"Feature","geometry":{"type":"Point","coordinates":[81.02118,22.30647]},"properties":{"udise":"23420513908","name":"PS MAGARWARA (BANDARWADI)","state":"MADHYA PRADESH","district":"MANDLA","block":"MAWAI","indicator":"girls_toilet_nonfunctional"}},{"type":"Feature","geometry":{"type":"Point","coordinates":[80.50502,22.50027]},"properties":{"udise":"23420303007","name":"PS MAHAVEER TOLA","state":"MADHYA PRADESH","district":"MANDLA","block":"BICHHIA","indicator":"girls_toilet_nonfunctional"}},{"type":"Feature","geometry":{"type":"Point","coordinates":[80.436,22.38876]},"properties":{"udise":"23420310502","name":"PS KOHKA TOLA (AROULII)","state":"MADHYA PRADESH","district":"MANDLA","block":"BICHHIA","indicator":"girls_toilet_nonfunctional"}},{"type":"Feature","geometry":{"type":"Point","coordinates":[80.31413,22.3979]},"properties":{"udise":"23420214202","name":"PS PATEL TOLA CHANDIA","state":"MADHYA PRADESH","district":"MANDLA","block":"NAINPUR","indicator":"girls_toilet_nonfunctional"}},{"type":"Feature","geometry":{"type":"Point","coordinates":[80.18044,22.57739]},"properties":{"udise":"23420201901","name":"PS GAJNA","state":"MADHYA PRADESH","district":"MANDLA","block":"NAINPUR","indicator":"girls_toilet_nonfunctional"}},{"type":"Feature","geometry":{"type":"Point","coordinates":[80.94534,22.3317]},"properties":{"udise":"23420513102","name":"PS KHAKSA TAND","state":"MADHYA PRADESH","district":"MANDLA","block":"MAWAI","indicator":"girls_toilet_nonfunctional"}},{"type":"Feature","geometry":{"type":"Point","coordinates":[80.53803,22.76964]},"properties":{"udise":"23420402901","name":"PS SUDGAON","state":"MADHYA PRADESH","district":"MANDLA","block":"MOHGAON","indicator":"girls_toilet_nonfunctional"}},{"type":"Feature","geometry":{"type":"Point","coordinates":[80.7485,22.3845]},"properties":{"udise":"23420317904","name":"MS CHOURANGA EPES_1_8","state":"MADHYA PRADESH","district":"MANDLA","block":"BICHHIA","indicator":"girls_toilet_nonfunctional"}},{"type":"Feature","geometry":{"type":"Point","coordinates":[80.37724,23.00675]},"properties":{"udise":"23421203602","name":"PS DADRA TOLA (MOHPANI)","state":"MADHYA PRADESH","district":"MANDLA","block":"NIWAS","indicator":"girls_toilet_nonfunctional"}},{"type":"Feature","geometry":{"type":"Point","coordinates":[80.83286,22.7139]},"properties":{"udise":"23420602605","name":"PS CHHINDI TOLA (BHUDKUR)","state":"MADHYA PRADESH","district":"MANDLA","block":"GHUGHRI","indicator":"girls_toilet_nonfunctional"}},{"type":"Feature","geometry":{"type":"Point","coordinates":[80.2614,22.5934]},"properties":{"udise":"23421206803","name":"PMS JEEVAN JYOTI PUBLIC SCHOOL SINGPUR CLASS","state":"MADHYA PRADESH","district":"MANDLA","block":"NIWAS","indicator":"girls_toilet_nonfunctional"}},{"type":"Feature","geometry":{"type":"Point","coordinates":[80.5399,22.55134]},"properties":{"udise":"23420302103","name":"PS MATE TOLA (BHAVA JAR)","state":"MADHYA PRADESH","district":"MANDLA","block":"BICHHIA","indicator":"girls_toilet_nonfunctional"}},{"type":"Feature","geometry":{"type":"Point","coordinates":[80.68876,22.77338]},"properties":{"udise":"23420404905","name":"PS GANGO TOLA (THEBHA)","state":"MADHYA PRADESH","district":"MANDLA","block":"MOHGAON","indicator":"girls_toilet_nonfunctional"}},{"type":"Feature","geometry":{"type":"Point","coordinates":[81.05816,22.28268]},"properties":{"udise":"23420514205","name":"PS DAYAL TOLA (LUTRA)","state":"MADHYA PRADESH","district":"MANDLA","block":"MAWAI","indicator":"girls_toilet_nonfunctional"}},{"type":"Feature","geometry":{"type":"Point","coordinates":[80.41705,23.01959]},"properties":{"udise":"23421204205","name":"PS HARRA TOLA (BAHUR)","state":"MADHYA PRADESH","district":"MANDLA","block":"NIWAS","indicator":"girls_toilet_nonfunctional"}},{"type":"Feature","geometry":{"type":"Point","coordinates":[81.10292,22.31636]},"properties":{"udise":"23420514602","name":"PS BEECH TOLA (DEVGAON)","state":"MADHYA PRADESH","district":"MANDLA","block":"MAWAI","indicator":"girls_toilet_nonfunctional"}},{"type":"Feature","geometry":{"type":"Point","coordinates":[80.85247,22.69472]},"properties":{"udise":"23420603208","name":"MS PATNI PANI (10-11) EPES_1_8","state":"MADHYA PRADESH","district":"MANDLA","block":"GHUGHRI","indicator":"girls_toilet_nonfunctional"}},{"type":"Feature","geometry":{"type":"Point","coordinates":[80.32488,22.41856]},"properties":{"udise":"23420210702","name":"PS DHURVETOLA","state":"MADHYA PRADESH","district":"MANDLA","block":"NAINPUR","indicator":"girls_toilet_nonfunctional"}},{"type":"Feature","geometry":{"type":"Point","coordinates":[80.85938,22.42344]},"properties":{"udise":"23420509804","name":"PS MAHUA TOLA (GHONTA)","state":"MADHYA PRADESH","district":"MANDLA","block":"MAWAI","indicator":"girls_toilet_nonfunctional"}},{"type":"Feature","geometry":{"type":"Point","coordinates":[80.3155,23.03282]},"properties":{"udise":"23421412401","name":"PS DUNGARIA (CHHINDGAON)","state":"MADHYA PRADESH","district":"MANDLA","block":"BEEJADANDI","indicator":"girls_toilet_nonfunctional"}},{"type":"Feature","geometry":{"type":"Point","coordinates":[80.41833,22.36886]},"properties":{"udise":"23420310701","name":"PS SOUNF","state":"MADHYA PRADESH","district":"MANDLA","block":"BICHHIA","indicator":"girls_toilet_nonfunctional"}},{"type":"Feature","geometry":{"type":"Point","coordinates":[80.43836,22.2539]},"properties":{"udise":"23420313701","name":"PS UMARIA","state":"MADHYA PRADESH","district":"MANDLA","block":"BICHHIA","indicator":"girls_toilet_nonfunctional"}},{"type":"Feature","geometry":{"type":"Point","coordinates":[80.42033,23.06525]},"properties":{"udise":"23421210702","name":"MS KHAD DEORI EPES_1_8","state":"MADHYA PRADESH","district":"MANDLA","block":"NIWAS","indicator":"girls_toilet_nonfunctional"}},{"type":"Feature","geometry":{"type":"Point","coordinates":[80.20141,22.43579]},"properties":{"udise":"23420211703","name":"PS BHEEMKUND","state":"MADHYA PRADESH","district":"MANDLA","block":"NAINPUR","indicator":"girls_toilet_nonfunctional"}},{"type":"Feature","geometry":{"type":"Point","coordinates":[80.6757,22.76272]},"properties":{"udise":"23420404903","name":"PS TIKRATOLA, THEBHA","state":"MADHYA PRADESH","district":"MANDLA","block":"MOHGAON","indicator":"girls_toilet_nonfunctional"}},{"type":"Feature","geometry":{"type":"Point","coordinates":[80.95356,22.40119]},"properties":{"udise":"23420512501","name":"PS KHUDRAHI","state":"MADHYA PRADESH","district":"MANDLA","block":"MAWAI","indicator":"girls_toilet_nonfunctional"}},{"type":"Feature","geometry":{"type":"Point","coordinates":[80.75749,22.49958]},"properties":{"udise":"23420315502","name":"PS IMLI TOLA","state":"MADHYA PRADESH","district":"MANDLA","block":"BICHHIA","indicator":"girls_toilet_nonfunctional"}},{"type":"Feature","geometry":{"type":"Point","coordinates":[80.24095,23.12071]},"properties":{"udise":"23421200901","name":"PS CHARGAON KHURD","state":"MADHYA PRADESH","district":"MANDLA","block":"NIWAS","indicator":"girls_toilet_nonfunctional"}},{"type":"Feature","geometry":{"type":"Point","coordinates":[80.97165,22.30291]},"properties":{"udise":"23420513801","name":"PS BHEEM DONGRI","state":"MADHYA PRADESH","district":"MANDLA","block":"MAWAI","indicator":"girls_toilet_nonfunctional"}},{"type":"Feature","geometry":{"type":"Point","coordinates":[80.37062,22.61298]},"properties":{"udise":"23420500101","name":"PS BARRAI","state":"MADHYA PRADESH","district":"MANDLA","block":"MAWAI","indicator":"girls_toilet_nonfunctional"}},{"type":"Feature","geometry":{"type":"Point","coordinates":[80.41664,22.46381]},"properties":{"udise":"23420304203","name":"PS CHOUKI TOLA (KATAJAR)","state":"MADHYA PRADESH","district":"MANDLA","block":"BICHHIA","indicator":"girls_toilet_nonfunctional"}},{"type":"Feature","geometry":{"type":"Point","coordinates":[80.58586,22.69313]},"properties":{"udise":"23420406901","name":"MS MACHALA","state":"MADHYA PRADESH","district":"MANDLA","block":"MOHGAON","indicator":"girls_toilet_nonfunctional"}},{"type":"Feature","geometry":{"type":"Point","coordinates":[80.0463,22.50349]},"properties":{"udise":"23420207903","name":"PS FATAK TOLA","state":"MADHYA PRADESH","district":"MANDLA","block":"NAINPUR","indicator":"girls_toilet_nonfunctional"}},{"type":"Feature","geometry":{"type":"Point","coordinates":[80.84664,22.6499]},"properties":{"udise":"23420606105","name":"PS BAHERA TOLA (TABALPANI)","state":"MADHYA PRADESH","district":"MANDLA","block":"GHUGHRI","indicator":"girls_toilet_nonfunctional"}},{"type":"Feature","geometry":{"type":"Point","coordinates":[80.95352,22.54738]},"properties":{"udise":"23420505103","name":"MS DEVRIDADAR (10-11) EPES_1_8","state":"MADHYA PRADESH","district":"MANDLA","block":"MAWAI","indicator":"girls_toilet_nonfunctional"}},{"type":"Feature","geometry":{"type":"Point","coordinates":[80.52239,22.65451]},"properties":{"udise":"23420408101","name":"PS JHEENA","state":"MADHYA PRADESH","district":"MANDLA","block":"MOHGAON","indicator":"girls_toilet_nonfunctional"}},{"type":"Feature","geometry":{"type":"Point","coordinates":[80.83443,22.51486]},"properties":{"udise":"23420503902","name":"PS BHILWA TOLA (MANEGAON)","state":"MADHYA PRADESH","district":"MANDLA","block":"MAWAI","indicator":"girls_toilet_nonfunctional"}},{"type":"Feature","geometry":{"type":"Point","coordinates":[80.94719,22.41807]},"properties":{"udise":"23420510502","name":"PS CHHINDYANI TOLA (PARSEL)","state":"MADHYA PRADESH","district":"MANDLA","block":"MAWAI","indicator":"girls_toilet_nonfunctional"}},{"type":"Feature","geometry":{"type":"Point","coordinates":[80.4327,22.4945]},"properties":{"udise":"23420303805","name":"PS LALMATI","state":"MADHYA PRADESH","district":"MANDLA","block":"BICHHIA","indicator":"girls_toilet_nonfunctional"}},{"type":"Feature","geometry":{"type":"Point","coordinates":[80.59118,22.75514]},"properties":{"udise":"23420403702","name":"PS KHURRI TOLA","state":"MADHYA PRADESH","district":"MANDLA","block":"MOHGAON","indicator":"girls_toilet_nonfunctional"}},{"type":"Feature","geometry":{"type":"Point","coordinates":[80.2521,22.3256]},"properties":{"udise":"23420300703","name":"PS SARASWATI VIDHYAPITH NARA","state":"MADHYA PRADESH","district":"MANDLA","block":"BICHHIA","indicator":"girls_toilet_nonfunctional"}},{"type":"Feature","geometry":{"type":"Point","coordinates":[81.02118,22.30516]},"properties":{"udise":"23420513910","name":"PS BACH TOLA (RATIONALISED 2014-15)","state":"MADHYA PRADESH","district":"MANDLA","block":"MAWAI","indicator":"girls_toilet_nonfunctional"}},{"type":"Feature","geometry":{"type":"Point","coordinates":[80.80467,22.53945]},"properties":{"udise":"23420502101","name":"PS OURAI","state":"MADHYA PRADESH","district":"MANDLA","block":"MAWAI","indicator":"girls_toilet_nonfunctional"}},{"type":"Feature","geometry":{"type":"Point","coordinates":[80.11562,22.81659]},"properties":{"udise":"23421301201","name":"PS SAMNAPUR","state":"MADHYA PRADESH","district":"MANDLA","block":"NARAYANGANJ","indicator":"girls_toilet_nonfunctional"}},{"type":"Feature","geometry":{"type":"Point","coordinates":[80.32327,22.51469]},"properties":{"udise":"23420116401","name":"PS BORIYA","state":"MADHYA PRADESH","district":"MANDLA","block":"MANDLA","indicator":"girls_toilet_nonfunctional"}},{"type":"Feature","geometry":{"type":"Point","coordinates":[80.93265,22.38007]},"properties":{"udise":"23420512302","name":"PS NAYATOLA (NARHARGANJ)","state":"MADHYA PRADESH","district":"MANDLA","block":"MAWAI","indicator":"girls_toilet_nonfunctional"}},{"type":"Feature","geometry":{"type":"Point","coordinates":[80.79051,22.80345]},"properties":{"udise":"23420600302","name":"PS KACHHRATOLA","state":"MADHYA PRADESH","district":"MANDLA","block":"GHUGHRI","indicator":"girls_toilet_nonfunctional"}},{"type":"Feature","geometry":{"type":"Point","coordinates":[80.48708,22.53796]},"properties":{"udise":"23420301301","name":"PS CHHERPANI","state":"MADHYA PRADESH","district":"MANDLA","block":"BICHHIA","indicator":"girls_toilet_nonfunctional"}},{"type":"Feature","geometry":{"type":"Point","coordinates":[80.2445,22.301]},"properties":{"udise":"23420303812","name":"PS SARASWATI SHISHU MANDIR LAFRA","state":"MADHYA PRADESH","district":"MANDLA","block":"BICHHIA","indicator":"girls_toilet_nonfunctional"}},{"type":"Feature","geometry":{"type":"Point","coordinates":[80.86091,22.57399]},"properties":{"udise":"23420502203","name":"PS BHOI NAVA TOLA","state":"MADHYA PRADESH","district":"MANDLA","block":"MAWAI","indicator":"girls_toilet_nonfunctional"}},{"type":"Feature","geometry":{"type":"Point","coordinates":[80.93951,22.34822]},"properties":{"udise":"23420512903","name":"PS BAHERA TOLA (NEVSA)","state":"MADHYA PRADESH","district":"MANDLA","block":"MAWAI","indicator":"girls_toilet_nonfunctional"}},{"type":"Feature","geometry":{"type":"Point","coordinates":[80.87258,22.53048]},"properties":{"udise":"23420503104","name":"PS KHURRITOLA (PIPRI RYT)","state":"MADHYA PRADESH","district":"MANDLA","block":"MAWAI","indicator":"girls_toilet_nonfunctional"}},{"type":"Feature","geometry":{"type":"Point","coordinates":[81.01558,22.30984]},"properties":{"udise":"23420514002","name":"PS MALUMJHOLA","state":"MADHYA PRADESH","district":"MANDLA","block":"MAWAI","indicator":"girls_toilet_nonfunctional"}},{"type":"Feature","geometry":{"type":"Point","coordinates":[80.88732,22.62456]},"properties":{"udise":"23420500902","name":"PS NARVAR TOLA (KUMHALI)","state":"MADHYA PRADESH","district":"MANDLA","block":"MAWAI","indicator":"girls_toilet_nonfunctional"}},{"type":"Feature","geometry":{"type":"Point","coordinates":[80.73009,22.79579]},"properties":{"udise":"23420600103","name":"PS TIKRA TOLA (SAHJAR)","state":"MADHYA PRADESH","district":"MANDLA","block":"GHUGHRI","indicator":"girls_toilet_nonfunctional"}},{"type":"Feature","geometry":{"type":"Point","coordinates":[80.82784,22.43119]},"properties":{"udise":"23420510002","name":"PS BEEJATOLA","state":"MADHYA PRADESH","district":"MANDLA","block":"MAWAI","indicator":"girls_toilet_nonfunctional"}},{"type":"Feature","geometry":{"type":"Point","coordinates":[80.91897,22.47429]},"properties":{"udise":"23420509201","name":"PS SIMARIYA (JAMGAON)","state":"MADHYA PRADESH","district":"MANDLA","block":"MAWAI","indicator":"girls_toilet_nonfunctional"}},{"type":"Feature","geometry":{"type":"Point","coordinates":[80.92664,22.28185]},"properties":{"udise":"23420513204","name":"PS CHHINDPURI (CHANDGAON)","state":"MADHYA PRADESH","district":"MANDLA","block":"MAWAI","indicator":"girls_toilet_nonfunctional"}},{"type":"Feature","geometry":{"type":"Point","coordinates":[80.94973,22.38109]},"properties":{"udise":"23420512402","name":"PS KOT TOLA (BHAPSA)","state":"MADHYA PRADESH","district":"MANDLA","block":"MAWAI","indicator":"girls_toilet_nonfunctional"}},{"type":"Feature","geometry":{"type":"Point","coordinates":[80.95996,22.3237]},"properties":{"udise":"23420513505","name":"PS MARGAON","state":"MADHYA PRADESH","district":"MANDLA","block":"MAWAI","indicator":"girls_toilet_nonfunctional"}},{"type":"Feature","geometry":{"type":"Point","coordinates":[80.48998,23.03158]},"properties":{"udise":"23421209601","name":"PS BANDARIA","state":"MADHYA PRADESH","district":"MANDLA","block":"NIWAS","indicator":"girls_toilet_nonfunctional"}},{"type":"Feature","geometry":{"type":"Point","coordinates":[80.40849,22.99689]},"properties":{"udise":"23421204001","name":"PS ROSAR","state":"MADHYA PRADESH","district":"MANDLA","block":"NIWAS","indicator":"girls_toilet_nonfunctional"}},{"type":"Feature","geometry":{"type":"Point","coordinates":[80.93009,22.32772]},"properties":{"udise":"23420512202","name":"MS KIKRA","state":"MADHYA PRADESH","district":"MANDLA","block":"MAWAI","indicator":"girls_toilet_nonfunctional"}},{"type":"Feature","geometry":{"type":"Point","coordinates":[81.0208,22.31694]},"properties":{"udise":"23420513906","name":"PS BAIGA TOLA (TATMA)","state":"MADHYA PRADESH","district":"MANDLA","block":"MAWAI","indicator":"girls_toilet_nonfunctional"}},{"type":"Feature","geometry":{"type":"Point","coordinates":[80.48393,22.78048]},"properties":{"udise":"23420402502","name":"PS BHAGDITOLA","state":"MADHYA PRADESH","district":"MANDLA","block":"MOHGAON","indicator":"girls_toilet_nonfunctional"}},{"type":"Feature","geometry":{"type":"Point","coordinates":[80.26055,23.12532]},"properties":{"udise":"23421200701","name":"PS PONDI","state":"MADHYA PRADESH","district":"MANDLA","block":"NIWAS","indicator":"girls_toilet_nonfunctional"}},{"type":"Feature","geometry":{"type":"Point","coordinates":[80.46953,22.4106]},"properties":{"udise":"23420309301","name":"PS BANIA GAON (MANIKPUR)","state":"MADHYA PRADESH","district":"MANDLA","block":"BICHHIA","indicator":"girls_toilet_nonfunctional"}},{"type":"Feature","geometry":{"type":"Point","coordinates":[80.2938,22.306]},"properties":{"udise":"23420303604","name":"PS SARASWATI SHISHU MANDIR DIWARA","state":"MADHYA PRADESH","district":"MANDLA","block":"BICHHIA","indicator":"girls_toilet_nonfunctional"}},{"type":"Feature","geometry":{"type":"Point","coordinates":[80.37624,22.45684]},"properties":{"udise":"23420210004","name":"PS SARASWATI SHISHU MANDIR MUGDARA","state":"MADHYA PRADESH","district":"MANDLA","block":"NAINPUR","indicator":"girls_toilet_nonfunctional"}},{"type":"Feature","geometry":{"type":"Point","coordinates":[81.15598,22.53052]},"properties":{"udise":"23420507502","name":"PS HARRA TOLA (MASNA)","state":"MADHYA PRADESH","district":"MANDLA","block":"MAWAI","indicator":"girls_toilet_nonfunctional"}},{"type":"Feature","geometry":{"type":"Point","coordinates":[80.89454,22.54578]},"properties":{"udise":"23420503001","name":"PS MAINPURI","state":"MADHYA PRADESH","district":"MANDLA","block":"MAWAI","indicator":"girls_toilet_nonfunctional"}},{"type":"Feature","geometry":{"type":"Point","coordinates":[80.51871,22.81081]},"properties":{"udise":"23420401802","name":"MS SIMAIYA EPES_1_8","state":"MADHYA PRADESH","district":"MANDLA","block":"MOHGAON","indicator":"girls_toilet_nonfunctional"}},{"type":"Feature","geometry":{"type":"Point","coordinates":[80.79495,22.55054]},"properties":{"udise":"23420500102","name":"MS BARRAI","state":"MADHYA PRADESH","district":"MANDLA","block":"MAWAI","indicator":"girls_toilet_nonfunctional"}},{"type":"Feature","geometry":{"type":"Point","coordinates":[80.60083,22.59846]},"properties":{"udise":"23420608802","name":"PS JHIRIYA TOLA","state":"MADHYA PRADESH","district":"MANDLA","block":"GHUGHRI","indicator":"girls_toilet_nonfunctional"}},{"type":"Feature","geometry":{"type":"Point","coordinates":[80.73235,22.84366]},"properties":{"udise":"23420402402","name":"PS ANDIA RYT","state":"MADHYA PRADESH","district":"MANDLA","block":"MOHGAON","indicator":"girls_toilet_nonfunctional"}},{"type":"Feature","geometry":{"type":"Point","coordinates":[80.52748,22.55083]},"properties":{"udise":"23420301601","name":"PS IMALIYA RYT","state":"MADHYA PRADESH","district":"MANDLA","block":"BICHHIA","indicator":"girls_toilet_nonfunctional"}},{"type":"Feature","geometry":{"type":"Point","coordinates":[80.23178,22.99545]},"properties":{"udise":"23421412903","name":"PS PANDAR TOLA","state":"MADHYA PRADESH","district":"MANDLA","block":"BEEJADANDI","indicator":"girls_toilet_nonfunctional"}},{"type":"Feature","geometry":{"type":"Point","coordinates":[80.91293,22.29211]},"properties":{"udise":"23420513401","name":"PS AAMA TOLA (KHAMHARIA)","state":"MADHYA PRADESH","district":"MANDLA","block":"MAWAI","indicator":"girls_toilet_nonfunctional"}},{"type":"Feature","geometry":{"type":"Point","coordinates":[80.47642,22.33237]},"properties":{"udise":"23420312801","name":"PS BODA CHHAPRI","state":"MADHYA PRADESH","district":"MANDLA","block":"BICHHIA","indicator":"girls_toilet_nonfunctional"}},{"type":"Feature","geometry":{"type":"Point","coordinates":[80.73767,22.79978]},"properties":{"udise":"23420600102","name":"MS SAHJAR EPES_1_8","state":"MADHYA PRADESH","district":"MANDLA","block":"GHUGHRI","indicator":"girls_toilet_nonfunctional"}},{"type":"Feature","geometry":{"type":"Point","coordinates":[80.92801,22.35639]},"properties":{"udise":"23420513001","name":"PS NAV NADAR","state":"MADHYA PRADESH","district":"MANDLA","block":"MAWAI","indicator":"girls_toilet_nonfunctional"}},{"type":"Feature","geometry":{"type":"Point","coordinates":[80.43184,23.05434]},"properties":{"udise":"23421210705","name":"VEDANT CHILDREN ACADEMY NIWAS","state":"MADHYA PRADESH","district":"MANDLA","block":"NIWAS","indicator":"girls_toilet_nonfunctional"}},{"type":"Feature","geometry":{"type":"Point","coordinates":[75.81199,24.5169]},"properties":{"udise":"23190105305","name":"PS HARI PURA NEEMTHUR","state":"MADHYA PRADESH","district":"MANDSAUR","block":"BHANPURA","indicator":"no_girls_toilet"}},{"type":"Feature","geometry":{"type":"Point","coordinates":[75.64556,24.11698]},"properties":{"udise":"23190816103","name":"MS HANSPURA","state":"MADHYA PRADESH","district":"MANDSAUR","block":"SITAMAU","indicator":"no_girls_toilet"}},{"type":"Feature","geometry":{"type":"Point","coordinates":[75.61696,24.36245]},"properties":{"udise":"23190204401","name":"PS BASGON","state":"MADHYA PRADESH","district":"MANDSAUR","block":"GAROTH","indicator":"no_girls_toilet"}},{"type":"Feature","geometry":{"type":"Point","coordinates":[75.48726,24.3091]},"properties":{"udise":"23190216501","name":"PS KHERKHEDA","state":"MADHYA PRADESH","district":"MANDSAUR","block":"GAROTH","indicator":"no_girls_toilet"}},{"type":"Feature","geometry":{"type":"Point","coordinates":[75.51007,24.03012]},"properties":{"udise":"23190812202","name":"PS NAYAKHEDA KHATRUK (LARNI) (1 TO 5)","state":"MADHYA PRADESH","district":"MANDSAUR","block":"SITAMAU","indicator":"no_girls_toilet"}},{"type":"Feature","geometry":{"type":"Point","coordinates":[75.06898,24.07199]},"properties":{"udise":"23190601204","name":"MS GALIYA KHEDI","state":"MADHYA PRADESH","district":"MANDSAUR","block":"MANDSAUR","indicator":"no_girls_toilet"}},{"type":"Feature","geometry":{"type":"Point","coordinates":[75.26286,24.26252]},"properties":{"udise":"23190404103","name":"MS BANSKHEDI SANJIT","state":"MADHYA PRADESH","district":"MANDSAUR","block":"MALHARGARH","indicator":"no_girls_toilet"}},{"type":"Feature","geometry":{"type":"Point","coordinates":[75.59377,24.36823]},"properties":{"udise":"23190204006","name":"PS SANGALI","state":"MADHYA PRADESH","district":"MANDSAUR","block":"GAROTH","indicator":"no_girls_toilet"}},{"type":"Feature","geometry":{"type":"Point","coordinates":[75.37155,24.21066]},"properties":{"udise":"23190802503","name":"PS CHOTA GADARIYA (1 TO 5)","state":"MADHYA PRADESH","district":"MANDSAUR","block":"SITAMAU","indicator":"no_girls_toilet"}},{"type":"Feature","geometry":{"type":"Point","coordinates":[75.44663,24.07738]},"properties":{"udise":"23190804503","name":"PS RAYKHEDA (1 TO 5)","state":"MADHYA PRADESH","district":"MANDSAUR","block":"SITAMAU","indicator":"no_girls_toilet"}},{"type":"Feature","geometry":{"type":"Point","coordinates":[75.72407,24.62232]},"properties":{"udise":"23190103011","name":"HS NAVLI","state":"MADHYA PRADESH","district":"MANDSAUR","block":"BHANPURA","indicator":"no_girls_toilet"}},{"type":"Feature","geometry":{"type":"Point","coordinates":[75.5993,24.05032]},"properties":{"udise":"23190814003","name":"MS GOVARDHANPURA","state":"MADHYA PRADESH","district":"MANDSAUR","block":"SITAMAU","indicator":"no_girls_toilet"}},{"type":"Feature","geometry":{"type":"Point","coordinates":[75.45301,24.03423]},"properties":{"udise":"23190811604","name":"PS BELARI (BELARA)","state":"MADHYA PRADESH","district":"MANDSAUR","block":"SITAMAU","indicator":"no_girls_toilet"}},{"type":"Feature","geometry":{"type":"Point","coordinates":[75.76634,24.22975]},"properties":{"udise":"23190213902","name":"PS SURA KHEDI KA KHEDA (1TO 5 )","state":"MADHYA PRADESH","district":"MANDSAUR","block":"GAROTH","indicator":"no_girls_toilet"}},{"type":"Feature","geometry":{"type":"Point","coordinates":[75.7689,24.07414]},"properties":{"udise":"23190816909","name":"PS RUNDI KA KHEDA (RUNIJA)","state":"MADHYA PRADESH","district":"MANDSAUR","block":"SITAMAU","indicator":"no_girls_toilet"}},{"type":"Feature","geometry":{"type":"Point","coordinates":[75.68079,24.27571]},"properties":{"udise":"23190200602","name":"MS PIPLIYA MOHMAD","state":"MADHYA PRADESH","district":"MANDSAUR","block":"GAROTH","indicator":"no_girls_toilet"}},{"type":"Feature","geometry":{"type":"Point","coordinates":[74.97658,24.11419]},"properties":{"udise":"23190614202","name":"MS PITYA KHEDI","state":"MADHYA PRADESH","district":"MANDSAUR","block":"MANDSAUR","indicator":"no_girls_toilet"}},{"type":"Feature","geometry":{"type":"Point","coordinates":[75.37017,23.89115]},"properties":{"udise":"23190809001","name":"PS MANPURA","state":"MADHYA PRADESH","district":"MANDSAUR","block":"SITAMAU","indicator":"no_girls_toilet"}},{"type":"Feature","geometry":{"type":"Point","coordinates":[75.36607,24.24074]},"properties":{"udise":"23190802504","name":"MS AELVI (GARDIYA)","state":"MADHYA PRADESH","district":"MANDSAUR","block":"SITAMAU","indicator":"no_girls_toilet"}},{"type":"Feature","geometry":{"type":"Point","coordinates":[75.45954,24.17694]},"properties":{"udise":"23190210902","name":"MS BHATUNI","state":"MADHYA PRADESH","district":"MANDSAUR","block":"GAROTH","indicator":"no_girls_toilet"}},{"type":"Feature","geometry":{"type":"Point","coordinates":[75.55532,24.3724]},"properties":{"udise":"23190220301","name":"PS NARAYANI KHEDA (1 TO 5)","state":"MADHYA PRADESH","district":"MANDSAUR","block":"GAROTH","indicator":"no_girls_toilet"}},{"type":"Feature","geometry":{"type":"Point","coordinates":[75.09835,24.29212]},"properties":{"udise":"23190401601","name":"PS HARSOL","state":"MADHYA PRADESH","district":"MANDSAUR","block":"MALHARGARH","indicator":"no_girls_toilet"}},{"type":"Feature","geometry":{"type":"Point","coordinates":[75.58877,24.01949]},"properties":{"udise":"23190814501","name":"PS KANAHEDA","state":"MADHYA PRADESH","district":"MANDSAUR","block":"SITAMAU","indicator":"no_girls_toilet"}},{"type":"Feature","geometry":{"type":"Point","coordinates":[75.74876,24.1368]},"properties":{"udise":"23190816502","name":"MS DHANVADA","state":"MADHYA PRADESH","district":"MANDSAUR","block":"SITAMAU","indicator":"no_girls_toilet"}},{"type":"Feature","geometry":{"type":"Point","coordinates":[75.66297,24.45814]},"properties":{"udise":"23190102004","name":"PS KARADIYA PIPLIYA (KUKDES","state":"MADHYA PRADESH","district":"MANDSAUR","block":"BHANPURA","indicator":"no_girls_toilet"}},{"type":"Feature","geometry":{"type":"Point","coordinates":[75.50248,24.16973]},"properties":{"udise":"23190211406","name":"PS SHIVGARH (1TO 5 )","state":"MADHYA PRADESH","district":"MANDSAUR","block":"GAROTH","indicator":"no_girls_toilet"}},{"type":"Feature","geometry":{"type":"Point","coordinates":[75.41314,24.25306]},"properties":{"udise":"23190217002","name":"MS BAKANA","state":"MADHYA PRADESH","district":"MANDSAUR","block":"GAROTH","indicator":"no_girls_toilet"}},{"type":"Feature","geometry":{"type":"Point","coordinates":[75.48375,24.27986]},"properties":{"udise":"23190205804","name":"MS RALAYATI","state":"MADHYA PRADESH","district":"MANDSAUR","block":"GAROTH","indicator":"no_girls_toilet"}},{"type":"Feature","geometry":{"type":"Point","coordinates":[75.60803,23.99621]},"properties":{"udise":"23190814803","name":"PS GHANCHALI (JAGDI) (1 TO 5)","state":"MADHYA PRADESH","district":"MANDSAUR","block":"SITAMAU","indicator":"no_girls_toilet"}},{"type":"Feature","geometry":{"type":"Point","coordinates":[75.58701,24.17478]},"properties":{"udise":"23190214402","name":"MS TAKRAWAD","state":"MADHYA PRADESH","district":"MANDSAUR","block":"GAROTH","indicator":"no_girls_toilet"}},{"type":"Feature","geometry":{"type":"Point","coordinates":[75.06785,24.06726]},"properties":{"udise":"23190621734","name":"NAV PRABHAT BAL MAN. MAND.","state":"MADHYA PRADESH","district":"MANDSAUR","block":"MANDSAUR","indicator":"no_girls_toilet"}},{"type":"Feature","geometry":{"type":"Point","coordinates":[75.5399,24.25208]},"properties":{"udise":"23190209505","name":"PS KHICHI KA DERA (BAGHUNIY) (1TO 5 )","state":"MADHYA PRADESH","district":"MANDSAUR","block":"GAROTH","indicator":"no_girls_toilet"}},{"type":"Feature","geometry":{"type":"Point","coordinates":[75.50503,24.33971]},"properties":{"udise":"23190202604","name":"PS MAGRA DHALMU (DHALMU) ( 1TO5 )","state":"MADHYA PRADESH","district":"MANDSAUR","block":"GAROTH","indicator":"no_girls_toilet"}},{"type":"Feature","geometry":{"type":"Point","coordinates":[75.72775,24.16483]},"properties":{"udise":"23190207403","name":"PS KHERKHEDI (KHAI KHEDA) (1TO 5 )","state":"MADHYA PRADESH","district":"MANDSAUR","block":"GAROTH","indicator":"no_girls_toilet"}},{"type":"Feature","geometry":{"type":"Point","coordinates":[75.73031,23.98872]},"properties":{"udise":"23190818101","name":"PS DEVPURA BAMNI","state":"MADHYA PRADESH","district":"MANDSAUR","block":"SITAMAU","indicator":"no_girls_toilet"}},{"type":"Feature","geometry":{"type":"Point","coordinates":[75.47092,24.03923]},"properties":{"udise":"23190812303","name":"PS LOGNI (DHIKANIYA) (1 TO 5)","state":"MADHYA PRADESH","district":"MANDSAUR","block":"SITAMAU","indicator":"no_girls_toilet"}},{"type":"Feature","geometry":{"type":"Point","coordinates":[75.71027,24.38421]},"properties":{"udise":"23190219401","name":"PS CHUKNI","state":"MADHYA PRADESH","district":"MANDSAUR","block":"GAROTH","indicator":"no_girls_toilet"}},{"type":"Feature","geometry":{"type":"Point","coordinates":[75.75069,24.1892]},"properties":{"udise":"23190207404","name":"PS PARA (KHAI KHEDA) (1TO 5 )","state":"MADHYA PRADESH","district":"MANDSAUR","block":"GAROTH","indicator":"no_girls_toilet"}},{"type":"Feature","geometry":{"type":"Point","coordinates":[75.345,23.89734]},"properties":{"udise":"23190822301","name":"PS BADAVDI (1 TO 5)","state":"MADHYA PRADESH","district":"MANDSAUR","block":"SITAMAU","indicator":"no_girls_toilet"}},{"type":"Feature","geometry":{"type":"Point","coordinates":[75.22613,23.87353]},"properties":{"udise":"23190618403","name":"MS BHOLIYA","state":"MADHYA PRADESH","district":"MANDSAUR","block":"MANDSAUR","indicator":"no_girls_toilet"}},{"type":"Feature","geometry":{"type":"Point","coordinates":[75.72547,24.14246]},"properties":{"udise":"23190816305","name":"PS BADANJI KA KHEDA (DHABLAD)","state":"MADHYA PRADESH","district":"MANDSAUR","block":"SITAMAU","indicator":"no_girls_toilet"}},{"type":"Feature","geometry":{"type":"Point","coordinates":[75.08777,24.06152]},"properties":{"udise":"23190603301","name":"PS TODI","state":"MADHYA PRADESH","district":"MANDSAUR","block":"MANDSAUR","indicator":"no_girls_toilet"}},{"type":"Feature","geometry":{"type":"Point","coordinates":[75.65854,24.1884]},"properties":{"udise":"23190212701","name":"PS MAKDAVAN","state":"MADHYA PRADESH","district":"MANDSAUR","block":"GAROTH","indicator":"no_girls_toilet"}},{"type":"Feature","geometry":{"type":"Point","coordinates":[75.53993,24.20096]},"properties":{"udise":"23190214703","name":"PS KHARCHA KA DERA (PICHALA) (1TO 5 )","state":"MADHYA PRADESH","district":"MANDSAUR","block":"GAROTH","indicator":"no_girls_toilet"}},{"type":"Feature","geometry":{"type":"Point","coordinates":[75.74352,24.23967]},"properties":{"udise":"23190208103","name":"PS KOTDA KHURD (1 TO 5)","state":"MADHYA PRADESH","district":"MANDSAUR","block":"GAROTH","indicator":"no_girls_toilet"}},{"type":"Feature","geometry":{"type":"Point","coordinates":[75.06949,24.07172]},"properties":{"udise":"23190611702","name":"MS NIPANIYA AFJALPUR","state":"MADHYA PRADESH","district":"MANDSAUR","block":"MANDSAUR","indicator":"no_girls_toilet"}},{"type":"Feature","geometry":{"type":"Point","coordinates":[75.5352,24.19633]},"properties":{"udise":"23190214704","name":"PS TALAI KA DERA(PICHHALA)(1TO5)","state":"MADHYA PRADESH","district":"MANDSAUR","block":"GAROTH","indicator":"no_girls_toilet"}},{"type":"Feature","geometry":{"type":"Point","coordinates":[75.34925,23.93722]},"properties":{"udise":"23190809803","name":"MS ISHAKPURA","state":"MADHYA PRADESH","district":"MANDSAUR","block":"SITAMAU","indicator":"no_girls_toilet"}},{"type":"Feature","geometry":{"type":"Point","coordinates":[75.81121,24.5988]},"properties":{"udise":"23190104117","name":"MOTHER TERASA PUBLIC SCHOOL DHABLA MADHOSINGH","state":"MADHYA PRADESH","district":"MANDSAUR","block":"BHANPURA","indicator":"no_girls_toilet"}},{"type":"Feature","geometry":{"type":"Point","coordinates":[75.52286,24.17834]},"properties":{"udise":"23190214706","name":"PS CHAYAN (1TO 5 )","state":"MADHYA PRADESH","district":"MANDSAUR","block":"GAROTH","indicator":"no_girls_toilet"}},{"type":"Feature","geometry":{"type":"Point","coordinates":[75.63156,24.12821]},"properties":{"udise":"23190813401","name":"PS BARDIYA GUJAR","state":"MADHYA PRADESH","district":"MANDSAUR","block":"SITAMAU","indicator":"no_girls_toilet"}},{"type":"Feature","geometry":{"type":"Point","coordinates":[75.65407,24.22749]},"properties":{"udise":"23190214002","name":"MS GURADIYA MATA","state":"MADHYA PRADESH","district":"MANDSAUR","block":"GAROTH","indicator":"no_girls_toilet"}},{"type":"Feature","geometry":{"type":"Point","coordinates":[75.34695,23.86616]},"properties":{"udise":"23190808801","name":"PS SARAS PURA","state":"MADHYA PRADESH","district":"MANDSAUR","block":"SITAMAU","indicator":"no_girls_toilet"}},{"type":"Feature","geometry":{"type":"Point","coordinates":[75.57356,24.34506]},"properties":{"udise":"23190203502","name":"PS BARKHEDA GANGASA","state":"MADHYA PRADESH","district":"MANDSAUR","block":"GAROTH","indicator":"no_girls_toilet"}},{"type":"Feature","geometry":{"type":"Point","coordinates":[75.11283,24.35195]},"properties":{"udise":"23190401306","name":"PS MOTIPURA (JHARDA) (1 TO 5)","state":"MADHYA PRADESH","district":"MANDSAUR","block":"MALHARGARH","indicator":"no_girls_toilet"}},{"type":"Feature","geometry":{"type":"Point","coordinates":[75.63091,24.14637]},"properties":{"udise":"23190212903","name":"PS BALAI KA KHEDA","state":"MADHYA PRADESH","district":"MANDSAUR","block":"GAROTH","indicator":"no_girls_toilet"}},{"type":"Feature","geometry":{"type":"Point","coordinates":[75.58004,24.08968]},"properties":{"udise":"23190808303","name":"PS KUNDLA (DHALPAT) (1 TO 5)","state":"MADHYA PRADESH","district":"MANDSAUR","block":"SITAMAU","indicator":"no_girls_toilet"}},{"type":"Feature","geometry":{"type":"Point","coordinates":[75.3037,24.16734]},"properties":{"udise":"23190821201","name":"PS SULTANIYA","state":"MADHYA PRADESH","district":"MANDSAUR","block":"SITAMAU","indicator":"no_girls_toilet"}},{"type":"Feature","geometry":{"type":"Point","coordinates":[75.37663,23.96361]},"properties":{"udise":"23190820501","name":"PS SHARDUL GARH","state":"MADHYA PRADESH","district":"MANDSAUR","block":"SITAMAU","indicator":"no_girls_toilet"}},{"type":"Feature","geometry":{"type":"Point","coordinates":[75.38524,24.0054]},"properties":{"udise":"23190810902","name":"MS MAUKHEDA","state":"MADHYA PRADESH","district":"MANDSAUR","block":"SITAMAU","indicator":"no_girls_toilet"}},{"type":"Feature","geometry":{"type":"Point","coordinates":[75.29846,24.06877]},"properties":{"udise":"23190821101","name":"PS KHOTI","state":"MADHYA PRADESH","district":"MANDSAUR","block":"SITAMAU","indicator":"no_girls_toilet"}},{"type":"Feature","geometry":{"type":"Point","coordinates":[75.59204,24.19556]},"properties":{"udise":"23190209201","name":"PS BAHGORI","state":"MADHYA PRADESH","district":"MANDSAUR","block":"GAROTH","indicator":"no_girls_toilet"}},{"type":"Feature","geometry":{"type":"Point","coordinates":[75.4201,23.9601]},"properties":{"udise":"23190810609","name":"LAKSHAY ACEDAMY DEEPAKHEDA","state":"MADHYA PRADESH","district":"MANDSAUR","block":"SITAMAU","indicator":"no_girls_toilet"}},{"type":"Feature","geometry":{"type":"Point","coordinates":[75.60216,24.34801]},"properties":{"udise":"23190204303","name":"PS BANCHDON KA DERA (PIP. J","state":"MADHYA PRADESH","district":"MANDSAUR","block":"GAROTH","indicator":"no_girls_toilet"}},{"type":"Feature","geometry":{"type":"Point","coordinates":[75.75199,24.01835]},"properties":{"udise":"23190818402","name":"MS SEMLI","state":"MADHYA PRADESH","district":"MANDSAUR","block":"SITAMAU","indicator":"no_girls_toilet"}},{"type":"Feature","geometry":{"type":"Point","coordinates":[75.37241,24.29027]},"properties":{"udise":"23190215201","name":"PS MOLA KHEDI KHURD","state":"MADHYA PRADESH","district":"MANDSAUR","block":"GAROTH","indicator":"no_girls_toilet"}},{"type":"Feature","geometry":{"type":"Point","coordinates":[75.79988,24.4837]},"properties":{"udise":"23190106107","name":"PS MAJARA TOLA PANGA","state":"MADHYA PRADESH","district":"MANDSAUR","block":"BHANPURA","indicator":"no_girls_toilet"}},{"type":"Feature","geometry":{"type":"Point","coordinates":[75.43558,24.25631]},"properties":{"udise":"23190202302","name":"PS RUPAREL KA DERA (1 TO 5)","state":"MADHYA PRADESH","district":"MANDSAUR","block":"GAROTH","indicator":"no_girls_toilet"}},{"type":"Feature","geometry":{"type":"Point","coordinates":[75.36107,23.87672]},"properties":{"udise":"23190821901","name":"PS KALYANPURA","state":"MADHYA PRADESH","district":"MANDSAUR","block":"SITAMAU","indicator":"no_girls_toilet"}},{"type":"Feature","geometry":{"type":"Point","coordinates":[75.35548,23.91644]},"properties":{"udise":"23190807601","name":"PS BHUVAN GARH","state":"MADHYA PRADESH","district":"MANDSAUR","block":"SITAMAU","indicator":"no_girls_toilet"}},{"type":"Feature","geometry":{"type":"Point","coordinates":[75.72918,24.03662]},"properties":{"udise":"23190820701","name":"PS GARDAN KHEDI","state":"MADHYA PRADESH","district":"MANDSAUR","block":"SITAMAU","indicator":"no_girls_toilet"}},{"type":"Feature","geometry":{"type":"Point","coordinates":[75.59178,24.31417]},"properties":{"udise":"23190203603","name":"PS AKIYA BANJARON KA DERA","state":"MADHYA PRADESH","district":"MANDSAUR","block":"GAROTH","indicator":"no_girls_toilet"}},{"type":"Feature","geometry":{"type":"Point","coordinates":[75.13,23.94]},"properties":{"udise":"23190610909","name":"PS RAIL-MAGRA(DHUNDHADKA)","state":"MADHYA PRADESH","district":"MANDSAUR","block":"MANDSAUR","indicator":"no_girls_toilet"}},{"type":"Feature","geometry":{"type":"Point","coordinates":[75.52663,24.31867]},"properties":{"udise":"23190202802","name":"PS PIPLIYA RAJA KA DERA","state":"MADHYA PRADESH","district":"MANDSAUR","block":"GAROTH","indicator":"no_girls_toilet"}},{"type":"Feature","geometry":{"type":"Point","coordinates":[75.54721,24.0423]},"properties":{"udise":"23190814201","name":"PS DEVARIYA MOTI","state":"MADHYA PRADESH","district":"MANDSAUR","block":"SITAMAU","indicator":"no_girls_toilet"}},{"type":"Feature","geometry":{"type":"Point","coordinates":[75.49207,24.3204]},"properties":{"udise":"23190202603","name":"MS DHALMU","state":"MADHYA PRADESH","district":"MANDSAUR","block":"GAROTH","indicator":"no_girls_toilet"}},{"type":"Feature","geometry":{"type":"Point","coordinates":[74.99901,24.31427]},"properties":{"udise":"23190400501","name":"PS CHANDWASA","state":"MADHYA PRADESH","district":"MANDSAUR","block":"MALHARGARH","indicator":"no_girls_toilet"}},{"type":"Feature","geometry":{"type":"Point","coordinates":[75.57487,24.26346]},"properties":{"udise":"23190214201","name":"PS SEMLI RUPA","state":"MADHYA PRADESH","district":"MANDSAUR","block":"GAROTH","indicator":"no_girls_toilet"}},{"type":"Feature","geometry":{"type":"Point","coordinates":[75.00346,24.07797]},"properties":{"udise":"23190601601","name":"PS BUGLIYA","state":"MADHYA PRADESH","district":"MANDSAUR","block":"MANDSAUR","indicator":"no_girls_toilet"}},{"type":"Feature","geometry":{"type":"Point","coordinates":[75.19413,24.18219]},"properties":{"udise":"23190414101","name":"PS TAKHAT PUR","state":"MADHYA PRADESH","district":"MANDSAUR","block":"MALHARGARH","indicator":"no_girls_toilet"}},{"type":"Feature","geometry":{"type":"Point","coordinates":[75.41644,24.23165]},"properties":{"udise":"23190218501","name":"PS AKYA (1 TO 5)","state":"MADHYA PRADESH","district":"MANDSAUR","block":"GAROTH","indicator":"no_girls_toilet"}},{"type":"Feature","geometry":{"type":"Point","coordinates":[75.58774,24.39368]},"properties":{"udise":"23190207703","name":"PS RAMNIVAS KHEDI (1TO 5 )","state":"MADHYA PRADESH","district":"MANDSAUR","block":"GAROTH","indicator":"no_girls_toilet"}},{"type":"Feature","geometry":{"type":"Point","coordinates":[75.41413,23.92298]},"properties":{"udise":"23190809301","name":"PS CHAKTIYA","state":"MADHYA PRADESH","district":"MANDSAUR","block":"SITAMAU","indicator":"no_girls_toilet"}},{"type":"Feature","geometry":{"type":"Point","coordinates":[75.3524,23.9834]},"properties":{"udise":"23190806610","name":"LADUNA PUBLIC SCH. LADUNA","state":"MADHYA PRADESH","district":"MANDSAUR","block":"SITAMAU","indicator":"no_girls_toilet"}},{"type":"Feature","geometry":{"type":"Point","coordinates":[75.75208,24.09068]},"properties":{"udise":"23190816908","name":"PS RUPNAGAR (RUNIJA)","state":"MADHYA PRADESH","district":"MANDSAUR","block":"SITAMAU","indicator":"no_girls_toilet"}},{"type":"Feature","geometry":{"type":"Point","coordinates":[75.65203,24.04577]},"properties":{"udise":"23190815601","name":"PS KISHORPURA","state":"MADHYA PRADESH","district":"MANDSAUR","block":"SITAMAU","indicator":"no_girls_toilet"}},{"type":"Feature","geometry":{"type":"Point","coordinates":[75.7042,24.08118]},"properties":{"udise":"23190817202","name":"MS ANTRALIYA","state":"MADHYA PRADESH","district":"MANDSAUR","block":"SITAMAU","indicator":"no_girls_toilet"}},{"type":"Feature","geometry":{"type":"Point","coordinates":[75.22902,24.25324]},"properties":{"udise":"23190406101","name":"PS KALIYA KHEDI (HINGORIYA CHO","state":"MADHYA PRADESH","district":"MANDSAUR","block":"MALHARGARH","indicator":"girls_toilet_nonfunctional"}},{"type":"Feature","geometry":{"type":"Point","coordinates":[75.56278,24.0263]},"properties":{"udise":"23190814302","name":"SHREE SARSWATI SUMIRAN GYAN MANDIR GURADIYA VIJAY","state":"MADHYA PRADESH","district":"MANDSAUR","block":"SITAMAU","indicator":"girls_toilet_nonfunctional"}},{"type":"Feature","geometry":{"type":"Point","coordinates":[75.86756,24.58383]},"properties":{"udise":"23190110401","name":"PS BIDGAON","state":"MADHYA PRADESH","district":"MANDSAUR","block":"BHANPURA","indicator":"girls_toilet_nonfunctional"}},{"type":"Feature","geometry":{"type":"Point","coordinates":[75.21265,24.28348]},"properties":{"udise":"23190412402","name":"MS HINGORIYA CHOTA","state":"MADHYA PRADESH","district":"MANDSAUR","block":"MALHARGARH","indicator":"girls_toilet_nonfunctional"}},{"type":"Feature","geometry":{"type":"Point","coordinates":[75.10381,23.87835]},"properties":{"udise":"23190621001","name":"PS AKIYA","state":"MADHYA PRADESH","district":"MANDSAUR","block":"MANDSAUR","indicator":"girls_toilet_nonfunctional"}},{"type":"Feature","geometry":{"type":"Point","coordinates":[75.08216,24.13827]},"properties":{"udise":"23190408001","name":"PS PALEVAN","state":"MADHYA PRADESH","district":"MANDSAUR","block":"MALHARGARH","indicator":"girls_toilet_nonfunctional"}},{"type":"Feature","geometry":{"type":"Point","coordinates":[75.40189,23.93866]},"properties":{"udise":"23190809602","name":"PS POLTLIYA (1 TO 5)","state":"MADHYA PRADESH","district":"MANDSAUR","block":"SITAMAU","indicator":"girls_toilet_nonfunctional"}},{"type":"Feature","geometry":{"type":"Point","coordinates":[75.35385,24.01963]},"properties":{"udise":"23190818718","name":"SARASWATI GYAN MANDIR SITAMAU","state":"MADHYA PRADESH","district":"MANDSAUR","block":"SITAMAU","indicator":"girls_toilet_nonfunctional"}},{"type":"Feature","geometry":{"type":"Point","coordinates":[75.74013,24.3068]},"properties":{"udise":"23190201902","name":"MS CHIKNIYA","state":"MADHYA PRADESH","district":"MANDSAUR","block":"GAROTH","indicator":"girls_toilet_nonfunctional"}},{"type":"Feature","geometry":{"type":"Point","coordinates":[75.18194,24.1768]},"properties":{"udise":"23190606502","name":"MS LILADA","state":"MADHYA PRADESH","district":"MANDSAUR","block":"MANDSAUR","indicator":"girls_toilet_nonfunctional"}},{"type":"Feature","geometry":{"type":"Point","coordinates":[75.72563,23.98942]},"properties":{"udise":"23190818102","name":"MS DEVPURA BAMNI","state":"MADHYA PRADESH","district":"MANDSAUR","block":"SITAMAU","indicator":"girls_toilet_nonfunctional"}},{"type":"Feature","geometry":{"type":"Point","coordinates":[75.19458,23.9712]},"properties":{"udise":"23190619503","name":"MS BHATREVAS","state":"MADHYA PRADESH","district":"MANDSAUR","block":"MANDSAUR","indicator":"girls_toilet_nonfunctional"}},{"type":"Feature","geometry":{"type":"Point","coordinates":[75.227,24.07]},"properties":{"udise":"23190609005","name":"SARSVATI SHISHU MAND. PASHMI L","state":"MADHYA PRADESH","district":"MANDSAUR","block":"MANDSAUR","indicator":"girls_toilet_nonfunctional"}},{"type":"Feature","geometry":{"type":"Point","coordinates":[75.69173,24.34802]},"properties":{"udise":"23190201001","name":"PS PIPLIYA MITTHESHAH","state":"MADHYA PRADESH","district":"MANDSAUR","block":"GAROTH","indicator":"girls_toilet_nonfunctional"}},{"type":"Feature","geometry":{"type":"Point","coordinates":[74.98152,24.24451]},"properties":{"udise":"23190402901","name":"PS PIPLIYA SOLANKI","state":"MADHYA PRADESH","district":"MANDSAUR","block":"MALHARGARH","indicator":"girls_toilet_nonfunctional"}},{"type":"Feature","geometry":{"type":"Point","coordinates":[75.75142,24.08512]},"properties":{"udise":"23190816904","name":"SSM. RUNIJA","state":"MADHYA PRADESH","district":"MANDSAUR","block":"SITAMAU","indicator":"girls_toilet_nonfunctional"}},{"type":"Feature","geometry":{"type":"Point","coordinates":[75.30262,24.29666]},"properties":{"udise":"23190413201","name":"PS MAGRA SANJIT","state":"MADHYA PRADESH","district":"MANDSAUR","block":"MALHARGARH","indicator":"girls_toilet_nonfunctional"}},{"type":"Feature","geometry":{"type":"Point","coordinates":[75.18311,24.07697]},"properties":{"udise":"23190622001","name":"PS GANDHI GRAM","state":"MADHYA PRADESH","district":"MANDSAUR","block":"MANDSAUR","indicator":"girls_toilet_nonfunctional"}},{"type":"Feature","geometry":{"type":"Point","coordinates":[75.58932,24.08328]},"properties":{"udise":"23190813704","name":"MS DHAMANIYA","state":"MADHYA PRADESH","district":"MANDSAUR","block":"SITAMAU","indicator":"girls_toilet_nonfunctional"}},{"type":"Feature","geometry":{"type":"Point","coordinates":[75.33152,24.25052]},"properties":{"udise":"23190412301","name":"PS AKIYA MEDI","state":"MADHYA PRADESH","district":"MANDSAUR","block":"MALHARGARH","indicator":"girls_toilet_nonfunctional"}},{"type":"Feature","geometry":{"type":"Point","coordinates":[75.09349,24.0559]},"properties":{"udise":"23190623718","name":"MAA SANTOSHI GAN MAND. S. FATAK MDS","state":"MADHYA PRADESH","district":"MANDSAUR","block":"MANDSAUR","indicator":"girls_toilet_nonfunctional"}},{"type":"Feature","geometry":{"type":"Point","coordinates":[75.3712,23.8712]},"properties":{"udise":"23190808906","name":"SHREE GYAN VIDHYA MANDIR BHAGOR","state":"MADHYA PRADESH","district":"MANDSAUR","block":"SITAMAU","indicator":"girls_toilet_nonfunctional"}},{"type":"Feature","geometry":{"type":"Point","coordinates":[74.90616,24.15048]},"properties":{"udise":"23190403903","name":"SSM UMARIYA","state":"MADHYA PRADESH","district":"MANDSAUR","block":"MALHARGARH","indicator":"girls_toilet_nonfunctional"}},{"type":"Feature","geometry":{"type":"Point","coordinates":[75.42188,23.93787]},"properties":{"udise":"23190810801","name":"PS SATAKHEDI","state":"MADHYA PRADESH","district":"MANDSAUR","block":"SITAMAU","indicator":"girls_toilet_nonfunctional"}},{"type":"Feature","geometry":{"type":"Point","coordinates":[74.98088,23.93695]},"properties":{"udise":"23190613807","name":"PS NAIABADI KARNA KHEDI","state":"MADHYA PRADESH","district":"MANDSAUR","block":"MANDSAUR","indicator":"girls_toilet_nonfunctional"}},{"type":"Feature","geometry":{"type":"Point","coordinates":[75.14569,24.32721]},"properties":{"udise":"23190413802","name":"ADARSH BHARAT MIDDLE SCHOOL GOPALPURA (PS-23793)","state":"MADHYA PRADESH","district":"MANDSAUR","block":"MALHARGARH","indicator":"girls_toilet_nonfunctional"}},{"type":"Feature","geometry":{"type":"Point","coordinates":[74.95469,23.86177]},"properties":{"udise":"23190614907","name":"HSS BANI","state":"MADHYA PRADESH","district":"MANDSAUR","block":"MANDSAUR","indicator":"girls_toilet_nonfunctional"}},{"type":"Feature","geometry":{"type":"Point","coordinates":[75.44862,24.24057]},"properties":{"udise":"23190213304","name":"PS DEVGARH (1 TO 5)","state":"MADHYA PRADESH","district":"MANDSAUR","block":"GAROTH","indicator":"girls_toilet_nonfunctional"}},{"type":"Feature","geometry":{"type":"Point","coordinates":[75.693,24.16077]},"properties":{"udise":"23190213001","name":"PS BORVANI","state":"MADHYA PRADESH","district":"MANDSAUR","block":"GAROTH","indicator":"girls_toilet_nonfunctional"}},{"type":"Feature","geometry":{"type":"Point","coordinates":[75.87933,24.57522]},"properties":{"udise":"23190104404","name":"MS KALAKOT","state":"MADHYA PRADESH","district":"MANDSAUR","block":"BHANPURA","indicator":"girls_toilet_nonfunctional"}},{"type":"Feature","geometry":{"type":"Point","coordinates":[75.79716,24.23324]},"properties":{"udise":"23190213701","name":"PS FARNIYA KHEDI","state":"MADHYA PRADESH","district":"MANDSAUR","block":"GAROTH","indicator":"girls_toilet_nonfunctional"}},{"type":"Feature","geometry":{"type":"Point","coordinates":[75.40078,23.98543]},"properties":{"udise":"23190811201","name":"PS SEMAL KHEDA","state":"MADHYA PRADESH","district":"MANDSAUR","block":"SITAMAU","indicator":"girls_toilet_nonfunctional"}},{"type":"Feature","geometry":{"type":"Point","coordinates":[75.6397,24.38225]},"properties":{"udise":"23190211304","name":"PS LALU KA DERA (1TO 5 )","state":"MADHYA PRADESH","district":"MANDSAUR","block":"GAROTH","indicator":"girls_toilet_nonfunctional"}},{"type":"Feature","geometry":{"type":"Point","coordinates":[75.0941,24.05187]},"properties":{"udise":"23190604803","name":"MS MOHMMAD PURA","state":"MADHYA PRADESH","district":"MANDSAUR","block":"MANDSAUR","indicator":"girls_toilet_nonfunctional"}},{"type":"Feature","geometry":{"type":"Point","coordinates":[75.4707,24.25303]},"properties":{"udise":"23190203701","name":"PS BORKHEDI REDAKA","state":"MADHYA PRADESH","district":"MANDSAUR","block":"GAROTH","indicator":"girls_toilet_nonfunctional"}},{"type":"Feature","geometry":{"type":"Point","coordinates":[75.70238,24.12832]},"properties":{"udise":"23190816304","name":"PS KUVAKHEDA (DHABAL DEVAL)","state":"MADHYA PRADESH","district":"MANDSAUR","block":"SITAMAU","indicator":"girls_toilet_nonfunctional"}},{"type":"Feature","geometry":{"type":"Point","coordinates":[75.06818,24.06576]},"properties":{"udise":"23190623746","name":"HSS GIRLS, BALAGUNJ MANDSAUR","state":"MADHYA PRADESH","district":"MANDSAUR","block":"MANDSAUR","indicator":"girls_toilet_nonfunctional"}},{"type":"Feature","geometry":{"type":"Point","coordinates":[75.57179,24.22782]},"properties":{"udise":"23190203103","name":"SSM.MELKHEDA","state":"MADHYA PRADESH","district":"MANDSAUR","block":"GAROTH","indicator":"girls_toilet_nonfunctional"}},{"type":"Feature","geometry":{"type":"Point","coordinates":[75.14314,24.07054]},"properties":{"udise":"23190606002","name":"MS PANPUR","state":"MADHYA PRADESH","district":"MANDSAUR","block":"MANDSAUR","indicator":"girls_toilet_nonfunctional"}},{"type":"Feature","geometry":{"type":"Point","coordinates":[75.54985,24.08794]},"properties":{"udise":"23190819301","name":"PS KHAD DHAMANIYA","state":"MADHYA PRADESH","district":"MANDSAUR","block":"SITAMAU","indicator":"girls_toilet_nonfunctional"}},{"type":"Feature","geometry":{"type":"Point","coordinates":[75.643,24.17814]},"properties":{"udise":"23190203702","name":"PS BORKHEDI REDKA KA DERA","state":"MADHYA PRADESH","district":"MANDSAUR","block":"GAROTH","indicator":"girls_toilet_nonfunctional"}},{"type":"Feature","geometry":{"type":"Point","coordinates":[75.56446,24.68797]},"properties":{"udise":"23190108706","name":"PS (BANGALI) GANDHISAGAR NO 8","state":"MADHYA PRADESH","district":"MANDSAUR","block":"BHANPURA","indicator":"girls_toilet_nonfunctional"}},{"type":"Feature","geometry":{"type":"Point","coordinates":[75.61019,24.12388]},"properties":{"udise":"23190813504","name":"MS PRATAP PURA","state":"MADHYA PRADESH","district":"MANDSAUR","block":"SITAMAU","indicator":"girls_toilet_nonfunctional"}},{"type":"Feature","geometry":{"type":"Point","coordinates":[75.65814,24.26637]},"properties":{"udise":"23190200705","name":"ADARSH VIDHYA MANDIR DASORIYA (PS-85459)","state":"MADHYA PRADESH","district":"MANDSAUR","block":"GAROTH","indicator":"girls_toilet_nonfunctional"}},{"type":"Feature","geometry":{"type":"Point","coordinates":[75.78211,24.47864]},"properties":{"udise":"23190101503","name":"MS KHERKHEDI","state":"MADHYA PRADESH","district":"MANDSAUR","block":"BHANPURA","indicator":"girls_toilet_nonfunctional"}},{"type":"Feature","geometry":{"type":"Point","coordinates":[74.91988,24.16416]},"properties":{"udise":"23190405201","name":"PS AMBBAV","state":"MADHYA PRADESH","district":"MANDSAUR","block":"MALHARGARH","indicator":"girls_toilet_nonfunctional"}},{"type":"Feature","geometry":{"type":"Point","coordinates":[75.20923,24.23105]},"properties":{"udise":"23190410401","name":"PS NAPAKHEDA","state":"MADHYA PRADESH","district":"MANDSAUR","block":"MALHARGARH","indicator":"girls_toilet_nonfunctional"}},{"type":"Feature","geometry":{"type":"Point","coordinates":[75.53962,24.17966]},"properties":{"udise":"23190214705","name":"PS KHEDI (1TO 5 )","state":"MADHYA PRADESH","district":"MANDSAUR","block":"GAROTH","indicator":"girls_toilet_nonfunctional"}},{"type":"Feature","geometry":{"type":"Point","coordinates":[75.73689,24.51117]},"properties":{"udise":"23190105903","name":"PS CHAMBAL CHOURAHA","state":"MADHYA PRADESH","district":"MANDSAUR","block":"BHANPURA","indicator":"girls_toilet_nonfunctional"}},{"type":"Feature","geometry":{"type":"Point","coordinates":[75.01056,23.93035]},"properties":{"udise":"23190615201","name":"PS RANKODA","state":"MADHYA PRADESH","district":"MANDSAUR","block":"MANDSAUR","indicator":"girls_toilet_nonfunctional"}},{"type":"Feature","geometry":{"type":"Point","coordinates":[75.31628,24.12159]},"properties":{"udise":"23190801806","name":"SSM. KAYAMPUR","state":"MADHYA PRADESH","district":"MANDSAUR","block":"SITAMAU","indicator":"girls_toilet_nonfunctional"}},{"type":"Feature","geometry":{"type":"Point","coordinates":[75.0591,23.90548]},"properties":{"udise":"23190612601","name":"PS PATELA","state":"MADHYA PRADESH","district":"MANDSAUR","block":"MANDSAUR","indicator":"girls_toilet_nonfunctional"}},{"type":"Feature","geometry":{"type":"Point","coordinates":[75.78319,24.22702]},"properties":{"udise":"23190215401","name":"PS PIPLIYA GHATA","state":"MADHYA PRADESH","district":"MANDSAUR","block":"GAROTH","indicator":"girls_toilet_nonfunctional"}},{"type":"Feature","geometry":{"type":"Point","coordinates":[74.95269,23.84032]},"properties":{"udise":"23190614805","name":"PS NAIABADI DHANDHODA","state":"MADHYA PRADESH","district":"MANDSAUR","block":"MANDSAUR","indicator":"girls_toilet_nonfunctional"}},{"type":"Feature","geometry":{"type":"Point","coordinates":[75.65257,24.43784]},"properties":{"udise":"23190100702","name":"MS ANTRALIYA","state":"MADHYA PRADESH","district":"MANDSAUR","block":"BHANPURA","indicator":"girls_toilet_nonfunctional"}},{"type":"Feature","geometry":{"type":"Point","coordinates":[75.4694,24.29113]},"properties":{"udise":"23190205702","name":"MS DEVRIYA","state":"MADHYA PRADESH","district":"MANDSAUR","block":"GAROTH","indicator":"girls_toilet_nonfunctional"}},{"type":"Feature","geometry":{"type":"Point","coordinates":[75.8421,24.47788]},"properties":{"udise":"23190105602","name":"PS BORDA","state":"MADHYA PRADESH","district":"MANDSAUR","block":"BHANPURA","indicator":"girls_toilet_nonfunctional"}},{"type":"Feature","geometry":{"type":"Point","coordinates":[75.81995,24.58678]},"properties":{"udise":"23190103806","name":"SWAMI VIVEKA NAN. SANDA","state":"MADHYA PRADESH","district":"MANDSAUR","block":"BHANPURA","indicator":"girls_toilet_nonfunctional"}},{"type":"Feature","geometry":{"type":"Point","coordinates":[75.55963,24.28831]},"properties":{"udise":"23190206403","name":"SARSVATI SH.MAND.LASUDIYA","state":"MADHYA PRADESH","district":"MANDSAUR","block":"GAROTH","indicator":"girls_toilet_nonfunctional"}},{"type":"Feature","geometry":{"type":"Point","coordinates":[74.99089,23.95611]},"properties":{"udise":"23190613608","name":"HS JAWASIYA","state":"MADHYA PRADESH","district":"MANDSAUR","block":"MANDSAUR","indicator":"girls_toilet_nonfunctional"}},{"type":"Feature","geometry":{"type":"Point","coordinates":[75.6715,24.34404]},"properties":{"udise":"23190206501","name":"PS RUPRA","state":"MADHYA PRADESH","district":"MANDSAUR","block":"GAROTH","indicator":"girls_toilet_nonfunctional"}},{"type":"Feature","geometry":{"type":"Point","coordinates":[75.34024,23.8354]},"properties":{"udise":"23190808402","name":"SHIVAM BAL VIDHYA MANDIR HIGH SCHOOL KHAJURINAG","state":"MADHYA PRADESH","district":"MANDSAUR","block":"SITAMAU","indicator":"girls_toilet_nonfunctional"}},{"type":"Feature","geometry":{"type":"Point","coordinates":[75.44056,24.19153]},"properties":{"udise":"23190210606","name":"SSM. CHANDWASA","state":"MADHYA PRADESH","district":"MANDSAUR","block":"GAROTH","indicator":"girls_toilet_nonfunctional"}},{"type":"Feature","geometry":{"type":"Point","coordinates":[75.80593,24.59083]},"properties":{"udise":"23190104113","name":"PS NAGGA KA DERA D.M. SINGH","state":"MADHYA PRADESH","district":"MANDSAUR","block":"BHANPURA","indicator":"girls_toilet_nonfunctional"}},{"type":"Feature","geometry":{"type":"Point","coordinates":[75.17886,24.31311]},"properties":{"udise":"23190409503","name":"MAA SHARDA VIDHYA  MANDIR ADMALIYA","state":"MADHYA PRADESH","district":"MANDSAUR","block":"MALHARGARH","indicator":"girls_toilet_nonfunctional"}},{"type":"Feature","geometry":{"type":"Point","coordinates":[75.06917,24.08452]},"properties":{"udise":"23190621731","name":"ASHISH VIDYA NIKETAN MIDDLE SCHOOL (PS-8796)","state":"MADHYA PRADESH","district":"MANDSAUR","block":"MANDSAUR","indicator":"girls_toilet_nonfunctional"}},{"type":"Feature","geometry":{"type":"Point","coordinates":[75.35675,24.10991]},"properties":{"udise":"23190805203","name":"AJAY SARASWATI SHISHU MANDIR (PS-11677)","state":"MADHYA PRADESH","district":"MANDSAUR","block":"SITAMAU","indicator":"girls_toilet_nonfunctional"}},{"type":"Feature","geometry":{"type":"Point","coordinates":[75.23489,24.16708]},"properties":{"udise":"23190800120","name":"LITTLE EINSTEIN INT.SCHOOL NAHARGARH","state":"MADHYA PRADESH","district":"MANDSAUR","block":"SITAMAU","indicator":"girls_toilet_nonfunctional"}},{"type":"Feature","geometry":{"type":"Point","coordinates":[75.79613,24.47157]},"properties":{"udise":"23190106104","name":"PS PANGACHOKI PANGA","state":"MADHYA PRADESH","district":"MANDSAUR","block":"BHANPURA","indicator":"girls_toilet_nonfunctional"}},{"type":"Feature","geometry":{"type":"Point","coordinates":[75.1116,24.05087]},"properties":{"udise":"23190605701","name":"PS BAJ KHEDI","state":"MADHYA PRADESH","district":"MANDSAUR","block":"MANDSAUR","indicator":"girls_toilet_nonfunctional"}},{"type":"Feature","geometry":{"type":"Point","coordinates":[75.26264,23.98523]},"properties":{"udise":"23190620101","name":"PS TUMRAVDA","state":"MADHYA PRADESH","district":"MANDSAUR","block":"MANDSAUR","indicator":"girls_toilet_nonfunctional"}},{"type":"Feature","geometry":{"type":"Point","coordinates":[75.20341,24.19562]},"properties":{"udise":"23190410203","name":"MS SONGARA MALHARGARH","state":"MADHYA PRADESH","district":"MANDSAUR","block":"MALHARGARH","indicator":"girls_toilet_nonfunctional"}},{"type":"Feature","geometry":{"type":"Point","coordinates":[75.40755,24.18686]},"properties":{"udise":"23190823701","name":"PS AVRI (BAJKHEDI) (1 TO 5)","state":"MADHYA PRADESH","district":"MANDSAUR","block":"SITAMAU","indicator":"girls_toilet_nonfunctional"}},{"type":"Feature","geometry":{"type":"Point","coordinates":[75.63764,24.00825]},"properties":{"udise":"23190815205","name":"PS NAI ABADI DHODHAR (1 TO 5)","state":"MADHYA PRADESH","district":"MANDSAUR","block":"SITAMAU","indicator":"girls_toilet_nonfunctional"}},{"type":"Feature","geometry":{"type":"Point","coordinates":[75.723,24.32731]},"properties":{"udise":"23190216703","name":"PS LAMBIKHEDI KA KHEDA","state":"MADHYA PRADESH","district":"MANDSAUR","block":"GAROTH","indicator":"girls_toilet_nonfunctional"}},{"type":"Feature","geometry":{"type":"Point","coordinates":[75.46109,24.10815]},"properties":{"udise":"23190804702","name":"MS BORKHEDI JAGIR","state":"MADHYA PRADESH","district":"MANDSAUR","block":"SITAMAU","indicator":"girls_toilet_nonfunctional"}},{"type":"Feature","geometry":{"type":"Point","coordinates":[75.29229,24.24771]},"properties":{"udise":"23190405602","name":"PS BORE KHEDI CHARAN","state":"MADHYA PRADESH","district":"MANDSAUR","block":"MALHARGARH","indicator":"girls_toilet_nonfunctional"}},{"type":"Feature","geometry":{"type":"Point","coordinates":[75.72436,24.29854]},"properties":{"udise":"23190202001","name":"PS SAPANIYA","state":"MADHYA PRADESH","district":"MANDSAUR","block":"GAROTH","indicator":"girls_toilet_nonfunctional"}},{"type":"Feature","geometry":{"type":"Point","coordinates":[75.63557,24.43176]},"properties":{"udise":"23190102113","name":"PS MOTIPURA BABULDA","state":"MADHYA PRADESH","district":"MANDSAUR","block":"BHANPURA","indicator":"girls_toilet_nonfunctional"}},{"type":"Feature","geometry":{"type":"Point","coordinates":[75.44305,24.29564]},"properties":{"udise":"23190216402","name":"MS DHABLA MOHAN","state":"MADHYA PRADESH","district":"MANDSAUR","block":"GAROTH","indicator":"girls_toilet_nonfunctional"}},{"type":"Feature","geometry":{"type":"Point","coordinates":[75.06904,24.07139]},"properties":{"udise":"23190607401","name":"PS BEKHEDA","state":"MADHYA PRADESH","district":"MANDSAUR","block":"MANDSAUR","indicator":"girls_toilet_nonfunctional"}},{"type":"Feature","geometry":{"type":"Point","coordinates":[75.02502,24.06601]},"properties":{"udise":"23190600902","name":"MS DAUD KHEDI","state":"MADHYA PRADESH","district":"MANDSAUR","block":"MANDSAUR","indicator":"girls_toilet_nonfunctional"}},{"type":"Feature","geometry":{"type":"Point","coordinates":[75.40206,24.26298]},"properties":{"udise":"23190203801","name":"PS BORKHEDI GHATA","state":"MADHYA PRADESH","district":"MANDSAUR","block":"GAROTH","indicator":"girls_toilet_nonfunctional"}},{"type":"Feature","geometry":{"type":"Point","coordinates":[75.63922,24.33236]},"properties":{"udise":"23190213210","name":"HSS SWAMI VIVEKANAND SR.SEC. SCHOOL GAROTH","state":"MADHYA PRADESH","district":"MANDSAUR","block":"GAROTH","indicator":"girls_toilet_nonfunctional"}},{"type":"Feature","geometry":{"type":"Point","coordinates":[75.6909,24.34679]},"properties":{"udise":"23190201003","name":"MS PIPLIYA MITTHESHAH","state":"MADHYA PRADESH","district":"MANDSAUR","block":"GAROTH","indicator":"girls_toilet_nonfunctional"}},{"type":"Feature","geometry":{"type":"Point","coordinates":[75.21104,23.89826]},"properties":{"udise":"23190619201","name":"PS BHATPIPLIYA","state":"MADHYA PRADESH","district":"MANDSAUR","block":"MANDSAUR","indicator":"girls_toilet_nonfunctional"}},{"type":"Feature","geometry":{"type":"Point","coordinates":[74.92138,24.20611]},"properties":{"udise":"23190403701","name":"PS SUPDA","state":"MADHYA PRADESH","district":"MANDSAUR","block":"MALHARGARH","indicator":"girls_toilet_nonfunctional"}},{"type":"Feature","geometry":{"type":"Point","coordinates":[75.53914,24.36549]},"properties":{"udise":"23190203907","name":"DIVYANSH PUBLIC SCHOOL PIPALKHEDA","state":"MADHYA PRADESH","district":"MANDSAUR","block":"GAROTH","indicator":"girls_toilet_nonfunctional"}},{"type":"Feature","geometry":{"type":"Point","coordinates":[75.73404,24.36227]},"properties":{"udise":"23190201702","name":"MS BARKHEDI MITTHU","state":"MADHYA PRADESH","district":"MANDSAUR","block":"GAROTH","indicator":"girls_toilet_nonfunctional"}},{"type":"Feature","geometry":{"type":"Point","coordinates":[75.42546,23.93797]},"properties":{"udise":"23190810802","name":"MS SATAKHEDI","state":"MADHYA PRADESH","district":"MANDSAUR","block":"SITAMAU","indicator":"girls_toilet_nonfunctional"}},{"type":"Feature","geometry":{"type":"Point","coordinates":[75.69505,24.60762]},"properties":{"udise":"23190103104","name":"PS NAIABADI BARODIYA","state":"MADHYA PRADESH","district":"MANDSAUR","block":"BHANPURA","indicator":"girls_toilet_nonfunctional"}},{"type":"Feature","geometry":{"type":"Point","coordinates":[75.80527,24.54933]},"properties":{"udise":"23190103105","name":"PS BARODIYA KA DERA","state":"MADHYA PRADESH","district":"MANDSAUR","block":"BHANPURA","indicator":"girls_toilet_nonfunctional"}},{"type":"Feature","geometry":{"type":"Point","coordinates":[75.31748,24.21667]},"properties":{"udise":"23190414406","name":"PS DHANI (RATAN PIPLIYA)","state":"MADHYA PRADESH","district":"MANDSAUR","block":"MALHARGARH","indicator":"girls_toilet_nonfunctional"}},{"type":"Feature","geometry":{"type":"Point","coordinates":[75.07517,24.08377]},"properties":{"udise":"23190623763","name":"GLOBAL ACADEMY PUBLIC SCHOOL","state":"MADHYA PRADESH","district":"MANDSAUR","block":"MANDSAUR","indicator":"girls_toilet_nonfunctional"}},{"type":"Feature","geometry":{"type":"Point","coordinates":[75.19302,24.1021]},"properties":{"udise":"23190602803","name":"MS JAGGAKHEDI NAHARGARH","state":"MADHYA PRADESH","district":"MANDSAUR","block":"MANDSAUR","indicator":"girls_toilet_nonfunctional"}},{"type":"Feature","geometry":{"type":"Point","coordinates":[75.65543,24.23047]},"properties":{"udise":"23190214001","name":"PS GURADIYA MATA","state":"MADHYA PRADESH","district":"MANDSAUR","block":"GAROTH","indicator":"girls_toilet_nonfunctional"}},{"type":"Feature","geometry":{"type":"Point","coordinates":[75.24372,24.19858]},"properties":{"udise":"23190401201","name":"PS BILLOD","state":"MADHYA PRADESH","district":"MANDSAUR","block":"MALHARGARH","indicator":"girls_toilet_nonfunctional"}},{"type":"Feature","geometry":{"type":"Point","coordinates":[74.99151,24.28067]},"properties":{"udise":"23190402301","name":"PS MALHAR GARH","state":"MADHYA PRADESH","district":"MANDSAUR","block":"MALHARGARH","indicator":"girls_toilet_nonfunctional"}},{"type":"Feature","geometry":{"type":"Point","coordinates":[75.3729,23.89124]},"properties":{"udise":"23190809005","name":"SSM.MANPURA","state":"MADHYA PRADESH","district":"MANDSAUR","block":"SITAMAU","indicator":"girls_toilet_nonfunctional"}},{"type":"Feature","geometry":{"type":"Point","coordinates":[75.72984,24.58352]},"properties":{"udise":"23190108718","name":"CHILDRENS PARADISE ACADEMY GANDHISAGAR","state":"MADHYA PRADESH","district":"MANDSAUR","block":"BHANPURA","indicator":"girls_toilet_nonfunctional"}},{"type":"Feature","geometry":{"type":"Point","coordinates":[75.17326,24.30505]},"properties":{"udise":"23190412802","name":"MS LODA KHEDA","state":"MADHYA PRADESH","district":"MANDSAUR","block":"MALHARGARH","indicator":"girls_toilet_nonfunctional"}},{"type":"Feature","geometry":{"type":"Point","coordinates":[75.78195,24.47601]},"properties":{"udise":"23190101501","name":"PS KHER KHEDI","state":"MADHYA PRADESH","district":"MANDSAUR","block":"BHANPURA","indicator":"girls_toilet_nonfunctional"}},{"type":"Feature","geometry":{"type":"Point","coordinates":[75.27995,23.85271]},"properties":{"udise":"23190622103","name":"MS ARNIYA GUJAR","state":"MADHYA PRADESH","district":"MANDSAUR","block":"MANDSAUR","indicator":"girls_toilet_nonfunctional"}},{"type":"Feature","geometry":{"type":"Point","coordinates":[75.14129,24.11464]},"properties":{"udise":"23190606205","name":"PS NAIABDI UDPURA (1 TO 5)","state":"MADHYA PRADESH","district":"MANDSAUR","block":"MANDSAUR","indicator":"girls_toilet_nonfunctional"}},{"type":"Feature","geometry":{"type":"Point","coordinates":[75.61626,24.45479]},"properties":{"udise":"23190109602","name":"MS KARADIYA","state":"MADHYA PRADESH","district":"MANDSAUR","block":"BHANPURA","indicator":"girls_toilet_nonfunctional"}},{"type":"Feature","geometry":{"type":"Point","coordinates":[75.52444,24.28996]},"properties":{"udise":"23190211001","name":"PS GOPAL PURA TANK","state":"MADHYA PRADESH","district":"MANDSAUR","block":"GAROTH","indicator":"girls_toilet_nonfunctional"}},{"type":"Feature","geometry":{"type":"Point","coordinates":[75.83102,24.70673]},"properties":{"udise":"23190103401","name":"PS HARIGARH","state":"MADHYA PRADESH","district":"MANDSAUR","block":"BHANPURA","indicator":"girls_toilet_nonfunctional"}},{"type":"Feature","geometry":{"type":"Point","coordinates":[75.59504,24.20912]},"properties":{"udise":"23190215802","name":"SSM. JAMUNIYA","state":"MADHYA PRADESH","district":"MANDSAUR","block":"GAROTH","indicator":"girls_toilet_nonfunctional"}},{"type":"Feature","geometry":{"type":"Point","coordinates":[75.61584,24.34382]},"properties":{"udise":"23190200101","name":"PS JASSA KHEDI","state":"MADHYA PRADESH","district":"MANDSAUR","block":"GAROTH","indicator":"girls_toilet_nonfunctional"}},{"type":"Feature","geometry":{"type":"Point","coordinates":[75.72538,24.322]},"properties":{"udise":"23190216701","name":"PS LAMBI KHEDI","state":"MADHYA PRADESH","district":"MANDSAUR","block":"GAROTH","indicator":"girls_toilet_nonfunctional"}},{"type":"Feature","geometry":{"type":"Point","coordinates":[75.80761,24.59748]},"properties":{"udise":"23190104114","name":"PS BHAGGA KA DERA","state":"MADHYA PRADESH","district":"MANDSAUR","block":"BHANPURA","indicator":"girls_toilet_nonfunctional"}},{"type":"Feature","geometry":{"type":"Point","coordinates":[75.14734,24.1114]},"properties":{"udise":"23190606202","name":"MS UDPURA","state":"MADHYA PRADESH","district":"MANDSAUR","block":"MANDSAUR","indicator":"girls_toilet_nonfunctional"}},{"type":"Feature","geometry":{"type":"Point","coordinates":[75.173,24.081]},"properties":{"udise":"23190601302","name":"HS SSM MALIYAKHERKHEDA","state":"MADHYA PRADESH","district":"MANDSAUR","block":"MANDSAUR","indicator":"girls_toilet_nonfunctional"}},{"type":"Feature","geometry":{"type":"Point","coordinates":[75.2033,24.15453]},"properties":{"udise":"23190607002","name":"MS PADLIYA MARU","state":"MADHYA PRADESH","district":"MANDSAUR","block":"MANDSAUR","indicator":"girls_toilet_nonfunctional"}},{"type":"Feature","geometry":{"type":"Point","coordinates":[75.16373,24.2806]},"properties":{"udise":"23190416301","name":"PS KALIYA KHEDI GUJARNA","state":"MADHYA PRADESH","district":"MANDSAUR","block":"MALHARGARH","indicator":"girls_toilet_nonfunctional"}},{"type":"Feature","geometry":{"type":"Point","coordinates":[75.3712,23.9312]},"properties":{"udise":"23190810106","name":"SHREE SARSVATI VIDH. MAND. SEDRAMATA","state":"MADHYA PRADESH","district":"MANDSAUR","block":"SITAMAU","indicator":"girls_toilet_nonfunctional"}},{"type":"Feature","geometry":{"type":"Point","coordinates":[75.37512,23.8954]},"properties":{"udise":"23190809008","name":"SWAMI VIVEKANAND SARASWATI SHISHU MANDIR MANPURA","state":"MADHYA PRADESH","district":"MANDSAUR","block":"SITAMAU","indicator":"girls_toilet_nonfunctional"}},{"type":"Feature","geometry":{"type":"Point","coordinates":[75.32933,24.18499]},"properties":{"udise":"23190802301","name":"PS RANAYARA","state":"MADHYA PRADESH","district":"MANDSAUR","block":"SITAMAU","indicator":"girls_toilet_nonfunctional"}},{"type":"Feature","geometry":{"type":"Point","coordinates":[74.95,23.86]},"properties":{"udise":"23190614902","name":"HSS NAV JAGRATI BANI","state":"MADHYA PRADESH","district":"MANDSAUR","block":"MANDSAUR","indicator":"girls_toilet_nonfunctional"}},{"type":"Feature","geometry":{"type":"Point","coordinates":[75.78461,24.23726]},"properties":{"udise":"23190213702","name":"PS FARNIYA KHEDI KA KHEDA (1TO 5 )","state":"MADHYA PRADESH","district":"MANDSAUR","block":"GAROTH","indicator":"girls_toilet_nonfunctional"}},{"type":"Feature","geometry":{"type":"Point","coordinates":[75.59334,24.31941]},"properties":{"udise":"23190203601","name":"PS ANKYA KUNWARPADA","state":"MADHYA PRADESH","district":"MANDSAUR","block":"GAROTH","indicator":"girls_toilet_nonfunctional"}},{"type":"Feature","geometry":{"type":"Point","coordinates":[75.52167,24.33259]},"properties":{"udise":"23190204902","name":"MS BHUTIYA BAG","state":"MADHYA PRADESH","district":"MANDSAUR","block":"GAROTH","indicator":"girls_toilet_nonfunctional"}},{"type":"Feature","geometry":{"type":"Point","coordinates":[75.06885,24.07124]},"properties":{"udise":"23190605301","name":"PS SONGARI","state":"MADHYA PRADESH","district":"MANDSAUR","block":"MANDSAUR","indicator":"girls_toilet_nonfunctional"}},{"type":"Feature","geometry":{"type":"Point","coordinates":[75.16015,24.26856]},"properties":{"udise":"23190415701","name":"PS MUNJA KHEDI","state":"MADHYA PRADESH","district":"MANDSAUR","block":"MALHARGARH","indicator":"girls_toilet_nonfunctional"}},{"type":"Feature","geometry":{"type":"Point","coordinates":[75.21998,24.29758]},"properties":{"udise":"23190411106","name":"SANJIVINI GYAN MAND.A. KHURD","state":"MADHYA PRADESH","district":"MANDSAUR","block":"MALHARGARH","indicator":"girls_toilet_nonfunctional"}},{"type":"Feature","geometry":{"type":"Point","coordinates":[75.1877,23.84148]},"properties":{"udise":"23190617003","name":"MS PATLAVAD","state":"MADHYA PRADESH","district":"MANDSAUR","block":"MANDSAUR","indicator":"girls_toilet_nonfunctional"}},{"type":"Feature","geometry":{"type":"Point","coordinates":[75.04696,23.94099]},"properties":{"udise":"23190607103","name":"MS PADLIYA LALMUHA","state":"MADHYA PRADESH","district":"MANDSAUR","block":"MANDSAUR","indicator":"girls_toilet_nonfunctional"}},{"type":"Feature","geometry":{"type":"Point","coordinates":[75.70168,24.32765]},"properties":{"udise":"23190201102","name":"MS KHAJURI DOUDA","state":"MADHYA PRADESH","district":"MANDSAUR","block":"GAROTH","indicator":"girls_toilet_nonfunctional"}},{"type":"Feature","geometry":{"type":"Point","coordinates":[75.021,24.046]},"properties":{"udise":"23190603505","name":"SHRI KALIKA GYAN MANDIR KHILCH","state":"MADHYA PRADESH","district":"MANDSAUR","block":"MANDSAUR","indicator":"girls_toilet_nonfunctional"}},{"type":"Feature","geometry":{"type":"Point","coordinates":[75.63553,24.19068]},"properties":{"udise":"23190216910","name":"HSS SSM SHAMGARH","state":"MADHYA PRADESH","district":"MANDSAUR","block":"GAROTH","indicator":"girls_toilet_nonfunctional"}},{"type":"Feature","geometry":{"type":"Point","coordinates":[75.052,24.17938]},"properties":{"udise":"23190407001","name":"PS BABUKHEDA","state":"MADHYA PRADESH","district":"MANDSAUR","block":"MALHARGARH","indicator":"girls_toilet_nonfunctional"}},{"type":"Feature","geometry":{"type":"Point","coordinates":[75.68804,24.39997]},"properties":{"udise":"23190209601","name":"PS BARDDIYA ISTMURAR","state":"MADHYA PRADESH","district":"MANDSAUR","block":"GAROTH","indicator":"girls_toilet_nonfunctional"}},{"type":"Feature","geometry":{"type":"Point","coordinates":[75.55963,24.28831]},"properties":{"udise":"23190209512","name":"SARASWATI SHISHU MANDIR BAGHUNIYA","state":"MADHYA PRADESH","district":"MANDSAUR","block":"GAROTH","indicator":"girls_toilet_nonfunctional"}},{"type":"Feature","geometry":{"type":"Point","coordinates":[75.23375,24.09178]},"properties":{"udise":"23190801003","name":"MAA AMBIKA HIGH SCHOOL SUNTHI","state":"MADHYA PRADESH","district":"MANDSAUR","block":"SITAMAU","indicator":"girls_toilet_nonfunctional"}},{"type":"Feature","geometry":{"type":"Point","coordinates":[75.6801,24.2357]},"properties":{"udise":"23190206201","name":"PS HANUMANTIYA","state":"MADHYA PRADESH","district":"MANDSAUR","block":"GAROTH","indicator":"girls_toilet_nonfunctional"}},{"type":"Feature","geometry":{"type":"Point","coordinates":[74.98716,24.16859]},"properties":{"udise":"23190406007","name":"HS BAHI","state":"MADHYA PRADESH","district":"MANDSAUR","block":"MALHARGARH","indicator":"girls_toilet_nonfunctional"}},{"type":"Feature","geometry":{"type":"Point","coordinates":[75.73817,24.307]},"properties":{"udise":"23190201905","name":"SARASWATI SHISHU MANDIR CHIKNIYA","state":"MADHYA PRADESH","district":"MANDSAUR","block":"GAROTH","indicator":"girls_toilet_nonfunctional"}},{"type":"Feature","geometry":{"type":"Point","coordinates":[75.29678,23.93663]},"properties":{"udise":"23190807203","name":"MS MUNDLA KHOJI","state":"MADHYA PRADESH","district":"MANDSAUR","block":"SITAMAU","indicator":"girls_toilet_nonfunctional"}},{"type":"Feature","geometry":{"type":"Point","coordinates":[75.36414,24.19889]},"properties":{"udise":"23190802602","name":"PS RAMGARH","state":"MADHYA PRADESH","district":"MANDSAUR","block":"SITAMAU","indicator":"girls_toilet_nonfunctional"}},{"type":"Feature","geometry":{"type":"Point","coordinates":[75.2266,24.23223]},"properties":{"udise":"23190410701","name":"PS PIPLIYA JODHA","state":"MADHYA PRADESH","district":"MANDSAUR","block":"MALHARGARH","indicator":"girls_toilet_nonfunctional"}},{"type":"Feature","geometry":{"type":"Point","coordinates":[75.71704,24.40764]},"properties":{"udise":"23190101101","name":"PS BUDDHANPUR","state":"MADHYA PRADESH","district":"MANDSAUR","block":"BHANPURA","indicator":"girls_toilet_nonfunctional"}},{"type":"Feature","geometry":{"type":"Point","coordinates":[75.73875,24.31786]},"properties":{"udise":"23190201904","name":"PS CHIKNIYA KA KHEDA (CHIKN) (1 TO 5)","state":"MADHYA PRADESH","district":"MANDSAUR","block":"GAROTH","indicator":"girls_toilet_nonfunctional"}},{"type":"Feature","geometry":{"type":"Point","coordinates":[74.90707,23.79986]},"properties":{"udise":"23190617703","name":"PS KHAKHARIKHEDA (BALODIYA)(1 TO 5)","state":"MADHYA PRADESH","district":"MANDSAUR","block":"MANDSAUR","indicator":"girls_toilet_nonfunctional"}},{"type":"Feature","geometry":{"type":"Point","coordinates":[75.20272,24.29373]},"properties":{"udise":"23190415702","name":"PS CHOTI MUNJAKHEDI","state":"MADHYA PRADESH","district":"MANDSAUR","block":"MALHARGARH","indicator":"girls_toilet_nonfunctional"}},{"type":"Feature","geometry":{"type":"Point","coordinates":[75.14,24.07]},"properties":{"udise":"23190606003","name":"MAA AMBIKA BAL VIDHYA MANDIR","state":"MADHYA PRADESH","district":"MANDSAUR","block":"MANDSAUR","indicator":"girls_toilet_nonfunctional"}},{"type":"Feature","geometry":{"type":"Point","coordinates":[75.72985,24.58353]},"properties":{"udise":"23190108713","name":"PS CHOTI KOTDI","state":"MADHYA PRADESH","district":"MANDSAUR","block":"BHANPURA","indicator":"girls_toilet_nonfunctional"}},{"type":"Feature","geometry":{"type":"Point","coordinates":[75.39067,24.12377]},"properties":{"udise":"23190803911","name":"S V ENGLISH SCHOOL VISHNIYA","state":"MADHYA PRADESH","district":"MANDSAUR","block":"SITAMAU","indicator":"girls_toilet_nonfunctional"}},{"type":"Feature","geometry":{"type":"Point","coordinates":[74.93436,23.89491]},"properties":{"udise":"23190617801","name":"PS KATLAR","state":"MADHYA PRADESH","district":"MANDSAUR","block":"MANDSAUR","indicator":"girls_toilet_nonfunctional"}},{"type":"Feature","geometry":{"type":"Point","coordinates":[75.59191,24.08249]},"properties":{"udise":"23190813701","name":"PS DHAMANIYA","state":"MADHYA PRADESH","district":"MANDSAUR","block":"SITAMAU","indicator":"girls_toilet_nonfunctional"}},{"type":"Feature","geometry":{"type":"Point","coordinates":[74.75,24.25]},"properties":{"udise":"23190818504","name":"SARSVATI SHISHU MAND. ANGARI","state":"MADHYA PRADESH","district":"MANDSAUR","block":"SITAMAU","indicator":"girls_toilet_nonfunctional"}},{"type":"Feature","geometry":{"type":"Point","coordinates":[75.08801,24.34247]},"properties":{"udise":"23190401102","name":"MS HARMALA","state":"MADHYA PRADESH","district":"MANDSAUR","block":"MALHARGARH","indicator":"girls_toilet_nonfunctional"}},{"type":"Feature","geometry":{"type":"Point","coordinates":[75.23,23.98]},"properties":{"udise":"23190608606","name":"GRAM BHARTI SSM. AFJALPUR","state":"MADHYA PRADESH","district":"MANDSAUR","block":"MANDSAUR","indicator":"girls_toilet_nonfunctional"}},{"type":"Feature","geometry":{"type":"Point","coordinates":[75.70471,24.50965]},"properties":{"udise":"23190102701","name":"PS SANJALPUR","state":"MADHYA PRADESH","district":"MANDSAUR","block":"BHANPURA","indicator":"girls_toilet_nonfunctional"}},{"type":"Feature","geometry":{"type":"Point","coordinates":[75.5773,24.2244]},"properties":{"udise":"23190203112","name":"VISHALAKSHI CONVENT SCHOOL","state":"MADHYA PRADESH","district":"MANDSAUR","block":"GAROTH","indicator":"girls_toilet_nonfunctional"}},{"type":"Feature","geometry":{"type":"Point","coordinates":[75.62681,24.44655]},"properties":{"udise":"23190108503","name":"MS GANESHPURA","state":"MADHYA PRADESH","district":"MANDSAUR","block":"BHANPURA","indicator":"girls_toilet_nonfunctional"}},{"type":"Feature","geometry":{"type":"Point","coordinates":[75.80631,24.24369]},"properties":{"udise":"23190206602","name":"PS BOLIYA","state":"MADHYA PRADESH","district":"MANDSAUR","block":"GAROTH","indicator":"girls_toilet_nonfunctional"}},{"type":"Feature","geometry":{"type":"Point","coordinates":[75.013,23.996]},"properties":{"udise":"23190604306","name":"RAJ VIDHYAMAND.BHALOT","state":"MADHYA PRADESH","district":"MANDSAUR","block":"MANDSAUR","indicator":"girls_toilet_nonfunctional"}},{"type":"Feature","geometry":{"type":"Point","coordinates":[75.65989,24.54386]},"properties":{"udise":"23190106806","name":"PS LALGANJ (1-5)","state":"MADHYA PRADESH","district":"MANDSAUR","block":"BHANPURA","indicator":"girls_toilet_nonfunctional"}},{"type":"Feature","geometry":{"type":"Point","coordinates":[75.06068,24.08922]},"properties":{"udise":"23190603001","name":"PS KITYANI MANDSAUR","state":"MADHYA PRADESH","district":"MANDSAUR","block":"MANDSAUR","indicator":"girls_toilet_nonfunctional"}},{"type":"Feature","geometry":{"type":"Point","coordinates":[75.39651,24.12782]},"properties":{"udise":"23190803910","name":"SARSVATI SHISHUMANDIR VISHNIYA DAKBANGLA","state":"MADHYA PRADESH","district":"MANDSAUR","block":"SITAMAU","indicator":"girls_toilet_nonfunctional"}},{"type":"Feature","geometry":{"type":"Point","coordinates":[75.37037,24.16162]},"properties":{"udise":"23190802002","name":"MAA SHARDA VIDHYA MANDIR KOTDABAHADUR","state":"MADHYA PRADESH","district":"MANDSAUR","block":"SITAMAU","indicator":"girls_toilet_nonfunctional"}},{"type":"Feature","geometry":{"type":"Point","coordinates":[75.57695,24.22392]},"properties":{"udise":"23190203108","name":"PS GAROTHROAD MELKHEDA","state":"MADHYA PRADESH","district":"MANDSAUR","block":"GAROTH","indicator":"girls_toilet_nonfunctional"}},{"type":"Feature","geometry":{"type":"Point","coordinates":[75.40846,24.26718]},"properties":{"udise":"23190210101","name":"PS PARASALI","state":"MADHYA PRADESH","district":"MANDSAUR","block":"GAROTH","indicator":"girls_toilet_nonfunctional"}},{"type":"Feature","geometry":{"type":"Point","coordinates":[75.21987,24.03885]},"properties":{"udise":"23190609202","name":"MS NETAVALI","state":"MADHYA PRADESH","district":"MANDSAUR","block":"MANDSAUR","indicator":"girls_toilet_nonfunctional"}},{"type":"Feature","geometry":{"type":"Point","coordinates":[74.91514,23.82617]},"properties":{"udise":"23190618001","name":"PS HARCHANDI","state":"MADHYA PRADESH","district":"MANDSAUR","block":"MANDSAUR","indicator":"girls_toilet_nonfunctional"}},{"type":"Feature","geometry":{"type":"Point","coordinates":[75.82295,24.5557]},"properties":{"udise":"23190104601","name":"PS GOVARDHANPURA","state":"MADHYA PRADESH","district":"MANDSAUR","block":"BHANPURA","indicator":"girls_toilet_nonfunctional"}},{"type":"Feature","geometry":{"type":"Point","coordinates":[75.03977,24.14601]},"properties":{"udise":"23190602102","name":"MS SINDPAN","state":"MADHYA PRADESH","district":"MANDSAUR","block":"MANDSAUR","indicator":"girls_toilet_nonfunctional"}},{"type":"Feature","geometry":{"type":"Point","coordinates":[75.34166,23.83875]},"properties":{"udise":"23190808406","name":"ATAL GYANJYOTI PUBLIC SCHOOL KHAJURINAG (PS-61467)","state":"MADHYA PRADESH","district":"MANDSAUR","block":"SITAMAU","indicator":"girls_toilet_nonfunctional"}},{"type":"Feature","geometry":{"type":"Point","coordinates":[75.33676,23.80744]},"properties":{"udise":"23190808601","name":"PS BHARATPURA","state":"MADHYA PRADESH","district":"MANDSAUR","block":"SITAMAU","indicator":"girls_toilet_nonfunctional"}},{"type":"Feature","geometry":{"type":"Point","coordinates":[81.84226,24.7203]},"properties":{"udise":"23140500803","name":"PS CHAMARHAR NO.-2","state":"MADHYA PRADESH","district":"MAUGANJ","block":"NAIGARHI","indicator":"no_girls_toilet"}},{"type":"Feature","geometry":{"type":"Point","coordinates":[81.84625,24.71095]},"properties":{"udise":"23140513301","name":"PS CHHIPIYA","state":"MADHYA PRADESH","district":"MAUGANJ","block":"NAIGARHI","indicator":"no_girls_toilet"}},{"type":"Feature","geometry":{"type":"Point","coordinates":[81.97742,24.66941]},"properties":{"udise":"23140722901","name":"PS NARSINGHPUR","state":"MADHYA PRADESH","district":"MAUGANJ","block":"HANUMANA","indicator":"no_girls_toilet"}},{"type":"Feature","geometry":{"type":"Point","coordinates":[82.22717,24.6549]},"properties":{"udise":"23140721303","name":"PS KODHAWA GODAN TOLA","state":"MADHYA PRADESH","district":"MAUGANJ","block":"HANUMANA","indicator":"no_girls_toilet"}},{"type":"Feature","geometry":{"type":"Point","coordinates":[81.78458,24.63109]},"properties":{"udise":"23140304403","name":"MS KARAHIYA","state":"MADHYA PRADESH","district":"MAUGANJ","block":"MAUGANJ","indicator":"girls_toilet_nonfunctional"}},{"type":"Feature","geometry":{"type":"Point","coordinates":[81.78236,24.85295]},"properties":{"udise":"23140508107","name":"PS RAMCHUA PLAT RAMPUR","state":"MADHYA PRADESH","district":"MAUGANJ","block":"NAIGARHI","indicator":"girls_toilet_nonfunctional"}},{"type":"Feature","geometry":{"type":"Point","coordinates":[81.69392,24.7222]},"properties":{"udise":"23140517901","name":"PS MAIRAHA","state":"MADHYA PRADESH","district":"MAUGANJ","block":"NAIGARHI","indicator":"girls_toilet_nonfunctional"}},{"type":"Feature","geometry":{"type":"Point","coordinates":[82.14252,24.62321]},"properties":{"udise":"23140709703","name":"MS BEERADEI","state":"MADHYA PRADESH","district":"MAUGANJ","block":"HANUMANA","indicator":"girls_toilet_nonfunctional"}},{"type":"Feature","geometry":{"type":"Point","coordinates":[82.1707,24.72399]},"properties":{"udise":"23140715901","name":"PS ALHAWA KALA","state":"MADHYA PRADESH","district":"MAUGANJ","block":"HANUMANA","indicator":"girls_toilet_nonfunctional"}},{"type":"Feature","geometry":{"type":"Point","coordinates":[82.10693,24.67614]},"properties":{"udise":"23140718502","name":"PS SHIVGARH GADAI","state":"MADHYA PRADESH","district":"MAUGANJ","block":"HANUMANA","indicator":"girls_toilet_nonfunctional"}},{"type":"Feature","geometry":{"type":"Point","coordinates":[82.08882,24.65223]},"properties":{"udise":"23140721603","name":"PS KAILASHPUR AHIRAN TOLA","state":"MADHYA PRADESH","district":"MAUGANJ","block":"HANUMANA","indicator":"girls_toilet_nonfunctional"}},{"type":"Feature","geometry":{"type":"Point","coordinates":[81.70492,24.75695]},"properties":{"udise":"23140503703","name":"PS HADIYA MAHAPATRAN TOLA","state":"MADHYA PRADESH","district":"MAUGANJ","block":"NAIGARHI","indicator":"girls_toilet_nonfunctional"}},{"type":"Feature","geometry":{"type":"Point","coordinates":[81.73993,24.75225]},"properties":{"udise":"23140503002","name":"PS CHOUKHADA/CHAMDIYA","state":"MADHYA PRADESH","district":"MAUGANJ","block":"NAIGARHI","indicator":"girls_toilet_nonfunctional"}},{"type":"Feature","geometry":{"type":"Point","coordinates":[81.71342,24.57916]},"properties":{"udise":"23140306803","name":"PS DOND TOLA KHAIRA","state":"MADHYA PRADESH","district":"MAUGANJ","block":"MAUGANJ","indicator":"girls_toilet_nonfunctional"}},{"type":"Feature","geometry":{"type":"Point","coordinates":[81.66646,24.73383]},"properties":{"udise":"23140504904","name":"PS PHULAHA","state":"MADHYA PRADESH","district":"MAUGANJ","block":"NAIGARHI","indicator":"girls_toilet_nonfunctional"}},{"type":"Feature","geometry":{"type":"Point","coordinates":[81.69236,24.73618]},"properties":{"udise":"23140513602","name":"PS(AS) BAHERA W.N.1","state":"MADHYA PRADESH","district":"MAUGANJ","block":"NAIGARHI","indicator":"girls_toilet_nonfunctional"}},{"type":"Feature","geometry":{"type":"Point","coordinates":[81.79674,24.75438]},"properties":{"udise":"23140501602","name":"PS SIGAI","state":"MADHYA PRADESH","district":"MAUGANJ","block":"NAIGARHI","indicator":"girls_toilet_nonfunctional"}},{"type":"Feature","geometry":{"type":"Point","coordinates":[81.86652,24.77721]},"properties":{"udise":"23140718002","name":"PS PATHARKHOHARA NEW","state":"MADHYA PRADESH","district":"MAUGANJ","block":"HANUMANA","indicator":"girls_toilet_nonfunctional"}},{"type":"Feature","geometry":{"type":"Point","coordinates":[81.9072,24.78094]},"properties":{"udise":"23140701101","name":"PS BHAMARA","state":"MADHYA PRADESH","district":"MAUGANJ","block":"HANUMANA","indicator":"girls_toilet_nonfunctional"}},{"type":"Feature","geometry":{"type":"Point","coordinates":[82.07017,24.73887]},"properties":{"udise":"23140705407","name":"PS GEDURAHAT HARIJAN BASTI","state":"MADHYA PRADESH","district":"MAUGANJ","block":"HANUMANA","indicator":"girls_toilet_nonfunctional"}},{"type":"Feature","geometry":{"type":"Point","coordinates":[81.6921,24.73615]},"properties":{"udise":"23140513604","name":"MS BAHERA","state":"MADHYA PRADESH","district":"MAUGANJ","block":"NAIGARHI","indicator":"girls_toilet_nonfunctional"}},{"type":"Feature","geometry":{"type":"Point","coordinates":[82.26132,24.62268]},"properties":{"udise":"23140714201","name":"PS JADKUD BAGHALI","state":"MADHYA PRADESH","district":"MAUGANJ","block":"HANUMANA","indicator":"girls_toilet_nonfunctional"}},{"type":"Feature","geometry":{"type":"Point","coordinates":[81.39022,24.48351]},"properties":{"udise":"23140318503","name":"PS RAJIGAWAN BAROUHAN","state":"MADHYA PRADESH","district":"MAUGANJ","block":"MAUGANJ","indicator":"girls_toilet_nonfunctional"}},{"type":"Feature","geometry":{"type":"Point","coordinates":[81.68834,24.7464]},"properties":{"udise":"23140503801","name":"PS SONVARSHA","state":"MADHYA PRADESH","district":"MAUGANJ","block":"NAIGARHI","indicator":"girls_toilet_nonfunctional"}},{"type":"Feature","geometry":{"type":"Point","coordinates":[81.92656,24.80894]},"properties":{"udise":"23140700104","name":"PS DHORAHA TOLA GADA","state":"MADHYA PRADESH","district":"MAUGANJ","block":"HANUMANA","indicator":"girls_toilet_nonfunctional"}},{"type":"Feature","geometry":{"type":"Point","coordinates":[82.19974,24.6672]},"properties":{"udise":"23140714001","name":"PS PIPROUHI PLAT","state":"MADHYA PRADESH","district":"MAUGANJ","block":"HANUMANA","indicator":"girls_toilet_nonfunctional"}},{"type":"Feature","geometry":{"type":"Point","coordinates":[81.67785,24.59449]},"properties":{"udise":"23140305202","name":"PS KACHHIYAN TOLA JHALAWAR","state":"MADHYA PRADESH","district":"MAUGANJ","block":"MAUGANJ","indicator":"girls_toilet_nonfunctional"}},{"type":"Feature","geometry":{"type":"Point","coordinates":[81.71147,24.74402]},"properties":{"udise":"23140503603","name":"MS HINOUTI","state":"MADHYA PRADESH","district":"MAUGANJ","block":"NAIGARHI","indicator":"girls_toilet_nonfunctional"}},{"type":"Feature","geometry":{"type":"Point","coordinates":[82.11699,24.72897]},"properties":{"udise":"23140708401","name":"PS BHUARI","state":"MADHYA PRADESH","district":"MAUGANJ","block":"HANUMANA","indicator":"girls_toilet_nonfunctional"}},{"type":"Feature","geometry":{"type":"Point","coordinates":[81.79265,24.84008]},"properties":{"udise":"23140508302","name":"PS LEGUDA SHAHPUR","state":"MADHYA PRADESH","district":"MAUGANJ","block":"NAIGARHI","indicator":"girls_toilet_nonfunctional"}},{"type":"Feature","geometry":{"type":"Point","coordinates":[81.3726,24.47018]},"properties":{"udise":"23140300301","name":"PS NOUDIYA N 2","state":"MADHYA PRADESH","district":"MAUGANJ","block":"MAUGANJ","indicator":"girls_toilet_nonfunctional"}},{"type":"Feature","geometry":{"type":"Point","coordinates":[81.69732,24.68084]},"properties":{"udise":"23140302201","name":"PS SHIVPURA NEBUHA","state":"MADHYA PRADESH","district":"MAUGANJ","block":"MAUGANJ","indicator":"girls_toilet_nonfunctional"}},{"type":"Feature","geometry":{"type":"Point","coordinates":[81.3157,24.54489]},"properties":{"udise":"23140317501","name":"PS CHITAIPURWA","state":"MADHYA PRADESH","district":"MAUGANJ","block":"MAUGANJ","indicator":"girls_toilet_nonfunctional"}},{"type":"Feature","geometry":{"type":"Point","coordinates":[82.22834,24.70109]},"properties":{"udise":"23140713204","name":"PS OJHAN HARIJAN BASTI HATA","state":"MADHYA PRADESH","district":"MAUGANJ","block":"HANUMANA","indicator":"girls_toilet_nonfunctional"}},{"type":"Feature","geometry":{"type":"Point","coordinates":[81.70104,24.70574]},"properties":{"udise":"23140504002","name":"PS DIHIYA KACHHIYAN","state":"MADHYA PRADESH","district":"MAUGANJ","block":"NAIGARHI","indicator":"girls_toilet_nonfunctional"}},{"type":"Feature","geometry":{"type":"Point","coordinates":[81.84016,24.63099]},"properties":{"udise":"23140305802","name":"MS NARAINI PAHAD","state":"MADHYA PRADESH","district":"MAUGANJ","block":"MAUGANJ","indicator":"girls_toilet_nonfunctional"}},{"type":"Feature","geometry":{"type":"Point","coordinates":[82.09748,24.7172]},"properties":{"udise":"23140712304","name":"PS BELAHA TOLA PRATAPGANJ","state":"MADHYA PRADESH","district":"MAUGANJ","block":"HANUMANA","indicator":"girls_toilet_nonfunctional"}},{"type":"Feature","geometry":{"type":"Point","coordinates":[81.966,24.74357]},"properties":{"udise":"23140716304","name":"PATULKHI CHTRAPAL SINGH","state":"MADHYA PRADESH","district":"MAUGANJ","block":"HANUMANA","indicator":"girls_toilet_nonfunctional"}},{"type":"Feature","geometry":{"type":"Point","coordinates":[81.6441,24.7092]},"properties":{"udise":"23140505603","name":"PS(AS)MANKUA","state":"MADHYA PRADESH","district":"MAUGANJ","block":"NAIGARHI","indicator":"girls_toilet_nonfunctional"}},{"type":"Feature","geometry":{"type":"Point","coordinates":[81.80564,24.65851]},"properties":{"udise":"23140302102","name":"PS PALIYA DUBAN","state":"MADHYA PRADESH","district":"MAUGANJ","block":"MAUGANJ","indicator":"girls_toilet_nonfunctional"}},{"type":"Feature","geometry":{"type":"Point","coordinates":[81.869,24.66888]},"properties":{"udise":"23140301302","name":"MS GADHAWA","state":"MADHYA PRADESH","district":"MAUGANJ","block":"MAUGANJ","indicator":"girls_toilet_nonfunctional"}},{"type":"Feature","geometry":{"type":"Point","coordinates":[81.78838,24.58306]},"properties":{"udise":"23140314404","name":"PS KANHAIYA","state":"MADHYA PRADESH","district":"MAUGANJ","block":"MAUGANJ","indicator":"girls_toilet_nonfunctional"}},{"type":"Feature","geometry":{"type":"Point","coordinates":[81.96245,24.66145]},"properties":{"udise":"23140703311","name":"PS BAMHANI TOLA PATEHARA","state":"MADHYA PRADESH","district":"MAUGANJ","block":"HANUMANA","indicator":"girls_toilet_nonfunctional"}},{"type":"Feature","geometry":{"type":"Point","coordinates":[81.6941,24.70238]},"properties":{"udise":"23140505208","name":"MS TIWARIGAWAN","state":"MADHYA PRADESH","district":"MAUGANJ","block":"NAIGARHI","indicator":"girls_toilet_nonfunctional"}},{"type":"Feature","geometry":{"type":"Point","coordinates":[81.97371,24.6431]},"properties":{"udise":"23140704302","name":"PS HADHAIYA","state":"MADHYA PRADESH","district":"MAUGANJ","block":"HANUMANA","indicator":"girls_toilet_nonfunctional"}},{"type":"Feature","geometry":{"type":"Point","coordinates":[82.02985,24.63104]},"properties":{"udise":"23140704802","name":"MS BAHIYARI","state":"MADHYA PRADESH","district":"MAUGANJ","block":"HANUMANA","indicator":"girls_toilet_nonfunctional"}},{"type":"Feature","geometry":{"type":"Point","coordinates":[82.05858,24.74301]},"properties":{"udise":"23140706302","name":"PS BADHAIYA DAKARAN TOLA","state":"MADHYA PRADESH","district":"MAUGANJ","block":"HANUMANA","indicator":"girls_toilet_nonfunctional"}},{"type":"Feature","geometry":{"type":"Point","coordinates":[82.01607,24.6894]},"properties":{"udise":"23140705022","name":"PS PIPARKHAND KHATKHARI","state":"MADHYA PRADESH","district":"MAUGANJ","block":"HANUMANA","indicator":"girls_toilet_nonfunctional"}},{"type":"Feature","geometry":{"type":"Point","coordinates":[81.77615,24.71111]},"properties":{"udise":"23140504304","name":"PS WARD NO.-14 JORROUT","state":"MADHYA PRADESH","district":"MAUGANJ","block":"NAIGARHI","indicator":"girls_toilet_nonfunctional"}},{"type":"Feature","geometry":{"type":"Point","coordinates":[81.65561,24.76949]},"properties":{"udise":"23140506608","name":"MS MANKAHARI","state":"MADHYA PRADESH","district":"MAUGANJ","block":"NAIGARHI","indicator":"girls_toilet_nonfunctional"}},{"type":"Feature","geometry":{"type":"Point","coordinates":[81.38458,24.48018]},"properties":{"udise":"23140318303","name":"PS DUDHAMANIYA AAD.","state":"MADHYA PRADESH","district":"MAUGANJ","block":"MAUGANJ","indicator":"girls_toilet_nonfunctional"}},{"type":"Feature","geometry":{"type":"Point","coordinates":[81.80077,24.64209]},"properties":{"udise":"23140303005","name":"MS RATANGAWAN","state":"MADHYA PRADESH","district":"MAUGANJ","block":"MAUGANJ","indicator":"girls_toilet_nonfunctional"}},{"type":"Feature","geometry":{"type":"Point","coordinates":[81.75638,24.82813]},"properties":{"udise":"23140509001","name":"PS PIPARA","state":"MADHYA PRADESH","district":"MAUGANJ","block":"NAIGARHI","indicator":"girls_toilet_nonfunctional"}},{"type":"Feature","geometry":{"type":"Point","coordinates":[81.69939,24.70099]},"properties":{"udise":"23140505205","name":"PS(AS)TIWARIGAWA PHUILIHAN","state":"MADHYA PRADESH","district":"MAUGANJ","block":"NAIGARHI","indicator":"girls_toilet_nonfunctional"}},{"type":"Feature","geometry":{"type":"Point","coordinates":[82.18545,24.63214]},"properties":{"udise":"23140712405","name":"PS KOLHI PANTI","state":"MADHYA PRADESH","district":"MAUGANJ","block":"HANUMANA","indicator":"girls_toilet_nonfunctional"}},{"type":"Feature","geometry":{"type":"Point","coordinates":[81.95092,24.73752]},"properties":{"udise":"23140706402","name":"MS SAGAHAN","state":"MADHYA PRADESH","district":"MAUGANJ","block":"HANUMANA","indicator":"girls_toilet_nonfunctional"}},{"type":"Feature","geometry":{"type":"Point","coordinates":[81.72188,24.80589]},"properties":{"udise":"23140519203","name":"PS AANBI PRABHUNATH","state":"MADHYA PRADESH","district":"MAUGANJ","block":"NAIGARHI","indicator":"girls_toilet_nonfunctional"}},{"type":"Feature","geometry":{"type":"Point","coordinates":[82.23005,24.7386]},"properties":{"udise":"23140713401","name":"PS BANDOGAWA","state":"MADHYA PRADESH","district":"MAUGANJ","block":"HANUMANA","indicator":"girls_toilet_nonfunctional"}},{"type":"Feature","geometry":{"type":"Point","coordinates":[81.74678,24.8502]},"properties":{"udise":"23140508601","name":"PS TARIKHAS","state":"MADHYA PRADESH","district":"MAUGANJ","block":"NAIGARHI","indicator":"girls_toilet_nonfunctional"}},{"type":"Feature","geometry":{"type":"Point","coordinates":[81.68084,24.72466]},"properties":{"udise":"23140505404","name":"PS(AS) ATARA","state":"MADHYA PRADESH","district":"MAUGANJ","block":"NAIGARHI","indicator":"girls_toilet_nonfunctional"}},{"type":"Feature","geometry":{"type":"Point","coordinates":[81.66357,24.77644]},"properties":{"udise":"23140506001","name":"PS LEDUA","state":"MADHYA PRADESH","district":"MAUGANJ","block":"NAIGARHI","indicator":"girls_toilet_nonfunctional"}},{"type":"Feature","geometry":{"type":"Point","coordinates":[81.78516,24.80958]},"properties":{"udise":"23140502702","name":"PS CHHUHIYA","state":"MADHYA PRADESH","district":"MAUGANJ","block":"NAIGARHI","indicator":"girls_toilet_nonfunctional"}},{"type":"Feature","geometry":{"type":"Point","coordinates":[81.7779,24.82187]},"properties":{"udise":"23140508303","name":"MS SHAHPUR","state":"MADHYA PRADESH","district":"MAUGANJ","block":"NAIGARHI","indicator":"girls_toilet_nonfunctional"}},{"type":"Feature","geometry":{"type":"Point","coordinates":[81.81105,24.62864]},"properties":{"udise":"23140315601","name":"PS KUSHAHAI","state":"MADHYA PRADESH","district":"MAUGANJ","block":"MAUGANJ","indicator":"girls_toilet_nonfunctional"}},{"type":"Feature","geometry":{"type":"Point","coordinates":[81.98976,24.75225]},"properties":{"udise":"23140701601","name":"PS HATWA NIRBHAYNATH","state":"MADHYA PRADESH","district":"MAUGANJ","block":"HANUMANA","indicator":"girls_toilet_nonfunctional"}},{"type":"Feature","geometry":{"type":"Point","coordinates":[81.65858,24.68138]},"properties":{"udise":"23140302101","name":"PS PALIYA DUBAN","state":"MADHYA PRADESH","district":"MAUGANJ","block":"MAUGANJ","indicator":"girls_toilet_nonfunctional"}},{"type":"Feature","geometry":{"type":"Point","coordinates":[81.71598,24.76652]},"properties":{"udise":"23140503501","name":"PS BELHA KOTHAR","state":"MADHYA PRADESH","district":"MAUGANJ","block":"NAIGARHI","indicator":"girls_toilet_nonfunctional"}},{"type":"Feature","geometry":{"type":"Point","coordinates":[81.9403,24.78171]},"properties":{"udise":"23140707507","name":"PS HARDIHA GOURI","state":"MADHYA PRADESH","district":"MAUGANJ","block":"HANUMANA","indicator":"girls_toilet_nonfunctional"}},{"type":"Feature","geometry":{"type":"Point","coordinates":[82.15192,24.70673]},"properties":{"udise":"23140711401","name":"PS DADAR KURMIYAN","state":"MADHYA PRADESH","district":"MAUGANJ","block":"HANUMANA","indicator":"girls_toilet_nonfunctional"}},{"type":"Feature","geometry":{"type":"Point","coordinates":[81.65631,24.79316]},"properties":{"udise":"23140515201","name":"PS DIHI KOTHAR","state":"MADHYA PRADESH","district":"MAUGANJ","block":"NAIGARHI","indicator":"girls_toilet_nonfunctional"}},{"type":"Feature","geometry":{"type":"Point","coordinates":[82.10038,24.72504]},"properties":{"udise":"23140712302","name":"PS TAKTAIYA","state":"MADHYA PRADESH","district":"MAUGANJ","block":"HANUMANA","indicator":"girls_toilet_nonfunctional"}},{"type":"Feature","geometry":{"type":"Point","coordinates":[81.6844,24.78309]},"properties":{"udise":"23140520602","name":"PS KANCHANPUR","state":"MADHYA PRADESH","district":"MAUGANJ","block":"NAIGARHI","indicator":"girls_toilet_nonfunctional"}},{"type":"Feature","geometry":{"type":"Point","coordinates":[81.79849,24.80647]},"properties":{"udise":"23140515903","name":"PS DABHI","state":"MADHYA PRADESH","district":"MAUGANJ","block":"NAIGARHI","indicator":"girls_toilet_nonfunctional"}},{"type":"Feature","geometry":{"type":"Point","coordinates":[82.07938,24.78964]},"properties":{"udise":"23140723101","name":"PS MISHIRPURA WARD 2","state":"MADHYA PRADESH","district":"MAUGANJ","block":"HANUMANA","indicator":"girls_toilet_nonfunctional"}},{"type":"Feature","geometry":{"type":"Point","coordinates":[81.85702,24.64271]},"properties":{"udise":"23140300505","name":"MS SITAPUR","state":"MADHYA PRADESH","district":"MAUGANJ","block":"MAUGANJ","indicator":"girls_toilet_nonfunctional"}},{"type":"Feature","geometry":{"type":"Point","coordinates":[81.35408,24.62438]},"properties":{"udise":"23140311801","name":"PS BARA","state":"MADHYA PRADESH","district":"MAUGANJ","block":"MAUGANJ","indicator":"girls_toilet_nonfunctional"}},{"type":"Feature","geometry":{"type":"Point","coordinates":[81.77757,24.73338]},"properties":{"udise":"23140504802","name":"PS UPADHYAY TOLA BAIJALA","state":"MADHYA PRADESH","district":"MAUGANJ","block":"NAIGARHI","indicator":"girls_toilet_nonfunctional"}},{"type":"Feature","geometry":{"type":"Point","coordinates":[81.66684,24.75871]},"properties":{"udise":"23140505005","name":"MS MADANA","state":"MADHYA PRADESH","district":"MAUGANJ","block":"NAIGARHI","indicator":"girls_toilet_nonfunctional"}},{"type":"Feature","geometry":{"type":"Point","coordinates":[81.3855,24.52155]},"properties":{"udise":"23140314601","name":"PS BHAGO","state":"MADHYA PRADESH","district":"MAUGANJ","block":"MAUGANJ","indicator":"girls_toilet_nonfunctional"}},{"type":"Feature","geometry":{"type":"Point","coordinates":[82.21414,24.61802]},"properties":{"udise":"23140714602","name":"PS AMHATA","state":"MADHYA PRADESH","district":"MAUGANJ","block":"HANUMANA","indicator":"girls_toilet_nonfunctional"}},{"type":"Feature","geometry":{"type":"Point","coordinates":[81.79045,24.80602]},"properties":{"udise":"23140502410","name":"HSS SHIVRAJ PUR","state":"MADHYA PRADESH","district":"MAUGANJ","block":"NAIGARHI","indicator":"girls_toilet_nonfunctional"}},{"type":"Feature","geometry":{"type":"Point","coordinates":[82.09634,24.65184]},"properties":{"udise":"23140711607","name":"AIDED SCHOOL GAYATRI VINDHYA VASHINI SANSKRIT PATHSHALA KAILASHPUR","state":"MADHYA PRADESH","district":"MAUGANJ","block":"HANUMANA","indicator":"girls_toilet_nonfunctional"}},{"type":"Feature","geometry":{"type":"Point","coordinates":[81.30136,24.46672]},"properties":{"udise":"23140315402","name":"PS GHELOUHI","state":"MADHYA PRADESH","district":"MAUGANJ","block":"MAUGANJ","indicator":"girls_toilet_nonfunctional"}},{"type":"Feature","geometry":{"type":"Point","coordinates":[81.72777,24.75485]},"properties":{"udise":"23140504004","name":"PS SENDURIYA TOLA DIHIYA","state":"MADHYA PRADESH","district":"MAUGANJ","block":"NAIGARHI","indicator":"girls_toilet_nonfunctional"}},{"type":"Feature","geometry":{"type":"Point","coordinates":[82.05747,24.63065]},"properties":{"udise":"23140711803","name":"MS KHODWANI","state":"MADHYA PRADESH","district":"MAUGANJ","block":"HANUMANA","indicator":"girls_toilet_nonfunctional"}},{"type":"Feature","geometry":{"type":"Point","coordinates":[81.65581,24.78775]},"properties":{"udise":"23140506201","name":"PS TEDTAL","state":"MADHYA PRADESH","district":"MAUGANJ","block":"NAIGARHI","indicator":"girls_toilet_nonfunctional"}},{"type":"Feature","geometry":{"type":"Point","coordinates":[82.21634,24.69753]},"properties":{"udise":"23140713211","name":"PS KONI","state":"MADHYA PRADESH","district":"MAUGANJ","block":"HANUMANA","indicator":"girls_toilet_nonfunctional"}},{"type":"Feature","geometry":{"type":"Point","coordinates":[81.79142,24.79708]},"properties":{"udise":"23140502503","name":"PS DIHIYA PASHCHIM TOLOA","state":"MADHYA PRADESH","district":"MAUGANJ","block":"NAIGARHI","indicator":"girls_toilet_nonfunctional"}},{"type":"Feature","geometry":{"type":"Point","coordinates":[81.98893,24.70495]},"properties":{"udise":"23140705044","name":"BRIGHT STAR CONVENT SCHOOL KHATKHARI (PS-78302)","state":"MADHYA PRADESH","district":"MAUGANJ","block":"HANUMANA","indicator":"girls_toilet_nonfunctional"}},{"type":"Feature","geometry":{"type":"Point","coordinates":[81.74719,24.80265]},"properties":{"udise":"23140514502","name":"PS BARROHA","state":"MADHYA PRADESH","district":"MAUGANJ","block":"NAIGARHI","indicator":"girls_toilet_nonfunctional"}},{"type":"Feature","geometry":{"type":"Point","coordinates":[81.85685,24.64277]},"properties":{"udise":"23140310201","name":"PS GIRLS BARAHATA","state":"MADHYA PRADESH","district":"MAUGANJ","block":"MAUGANJ","indicator":"girls_toilet_nonfunctional"}},{"type":"Feature","geometry":{"type":"Point","coordinates":[81.6707,24.7036]},"properties":{"udise":"23140505509","name":"DREAM INDIA FUTURE ACADEMY ITHA KALA","state":"MADHYA PRADESH","district":"MAUGANJ","block":"NAIGARHI","indicator":"girls_toilet_nonfunctional"}},{"type":"Feature","geometry":{"type":"Point","coordinates":[81.9513,24.70197]},"properties":{"udise":"23140720603","name":"MS CHOUHANA","state":"MADHYA PRADESH","district":"MAUGANJ","block":"HANUMANA","indicator":"girls_toilet_nonfunctional"}},{"type":"Feature","geometry":{"type":"Point","coordinates":[81.77842,24.81829]},"properties":{"udise":"23140517401","name":"PS PARSIYA MUDAHAN","state":"MADHYA PRADESH","district":"MAUGANJ","block":"NAIGARHI","indicator":"girls_toilet_nonfunctional"}},{"type":"Feature","geometry":{"type":"Point","coordinates":[81.66275,24.77206]},"properties":{"udise":"23140506003","name":"PS LEDUA","state":"MADHYA PRADESH","district":"MAUGANJ","block":"NAIGARHI","indicator":"girls_toilet_nonfunctional"}},{"type":"Feature","geometry":{"type":"Point","coordinates":[82.06763,24.73181]},"properties":{"udise":"23140705105","name":"MS DUVAGAWAN","state":"MADHYA PRADESH","district":"MAUGANJ","block":"HANUMANA","indicator":"girls_toilet_nonfunctional"}},{"type":"Feature","geometry":{"type":"Point","coordinates":[81.62364,24.72526]},"properties":{"udise":"23140515801","name":"PS NEVE RAJA SINGH","state":"MADHYA PRADESH","district":"MAUGANJ","block":"NAIGARHI","indicator":"girls_toilet_nonfunctional"}},{"type":"Feature","geometry":{"type":"Point","coordinates":[81.74991,24.81272]},"properties":{"udise":"23140514504","name":"PS BARROHA","state":"MADHYA PRADESH","district":"MAUGANJ","block":"NAIGARHI","indicator":"girls_toilet_nonfunctional"}},{"type":"Feature","geometry":{"type":"Point","coordinates":[82.14674,24.67724]},"properties":{"udise":"23140712801","name":"PS BANNA MAHATMAN","state":"MADHYA PRADESH","district":"MAUGANJ","block":"HANUMANA","indicator":"girls_toilet_nonfunctional"}},{"type":"Feature","geometry":{"type":"Point","coordinates":[82.04097,24.78499]},"properties":{"udise":"23140706101","name":"PS DOL VAHI KALA","state":"MADHYA PRADESH","district":"MAUGANJ","block":"HANUMANA","indicator":"girls_toilet_nonfunctional"}},{"type":"Feature","geometry":{"type":"Point","coordinates":[81.80753,24.63337]},"properties":{"udise":"23140303302","name":"MS KHUJHAWA","state":"MADHYA PRADESH","district":"MAUGANJ","block":"MAUGANJ","indicator":"girls_toilet_nonfunctional"}},{"type":"Feature","geometry":{"type":"Point","coordinates":[81.8691,24.6691]},"properties":{"udise":"23140304013","name":"MS ADARESH MAUGANJ","state":"MADHYA PRADESH","district":"MAUGANJ","block":"MAUGANJ","indicator":"girls_toilet_nonfunctional"}},{"type":"Feature","geometry":{"type":"Point","coordinates":[81.67883,24.77686]},"properties":{"udise":"23140506105","name":"PS KHARRA 192","state":"MADHYA PRADESH","district":"MAUGANJ","block":"NAIGARHI","indicator":"girls_toilet_nonfunctional"}},{"type":"Feature","geometry":{"type":"Point","coordinates":[81.67949,24.58109]},"properties":{"udise":"23140319201","name":"MS TAMARI","state":"MADHYA PRADESH","district":"MAUGANJ","block":"MAUGANJ","indicator":"girls_toilet_nonfunctional"}},{"type":"Feature","geometry":{"type":"Point","coordinates":[82.16466,24.71512]},"properties":{"udise":"23140710402","name":"PS ALHAWA AMRITLAL","state":"MADHYA PRADESH","district":"MAUGANJ","block":"HANUMANA","indicator":"girls_toilet_nonfunctional"}},{"type":"Feature","geometry":{"type":"Point","coordinates":[81.66611,24.70595]},"properties":{"udise":"23140505501","name":"PS ITAHA KALA","state":"MADHYA PRADESH","district":"MAUGANJ","block":"NAIGARHI","indicator":"girls_toilet_nonfunctional"}},{"type":"Feature","geometry":{"type":"Point","coordinates":[81.30834,24.41574]},"properties":{"udise":"23140305404","name":"PS URUA","state":"MADHYA PRADESH","district":"MAUGANJ","block":"MAUGANJ","indicator":"girls_toilet_nonfunctional"}},{"type":"Feature","geometry":{"type":"Point","coordinates":[81.72219,24.71578]},"properties":{"udise":"23140518002","name":"HS JUDMANIYA","state":"MADHYA PRADESH","district":"MAUGANJ","block":"NAIGARHI","indicator":"girls_toilet_nonfunctional"}},{"type":"Feature","geometry":{"type":"Point","coordinates":[82.00724,24.6155]},"properties":{"udise":"23140721905","name":"PS BHAGALA","state":"MADHYA PRADESH","district":"MAUGANJ","block":"HANUMANA","indicator":"girls_toilet_nonfunctional"}},{"type":"Feature","geometry":{"type":"Point","coordinates":[81.78959,24.82821]},"properties":{"udise":"23140508403","name":"MS PARASIYA PAHAD","state":"MADHYA PRADESH","district":"MAUGANJ","block":"NAIGARHI","indicator":"girls_toilet_nonfunctional"}},{"type":"Feature","geometry":{"type":"Point","coordinates":[81.76021,24.58137]},"properties":{"udise":"23140310101","name":"PS NOUGAWAN","state":"MADHYA PRADESH","district":"MAUGANJ","block":"MAUGANJ","indicator":"girls_toilet_nonfunctional"}},{"type":"Feature","geometry":{"type":"Point","coordinates":[81.80511,24.67433]},"properties":{"udise":"23140308402","name":"PS GHUGHURI","state":"MADHYA PRADESH","district":"MAUGANJ","block":"MAUGANJ","indicator":"girls_toilet_nonfunctional"}},{"type":"Feature","geometry":{"type":"Point","coordinates":[82.07235,24.77031]},"properties":{"udise":"23140723201","name":"PS MASHURIHA WIARD 7","state":"MADHYA PRADESH","district":"MAUGANJ","block":"HANUMANA","indicator":"girls_toilet_nonfunctional"}},{"type":"Feature","geometry":{"type":"Point","coordinates":[81.6756,24.8061]},"properties":{"udise":"23140506804","name":"I. G. PUBLIC SCHOOL GAHIRA","state":"MADHYA PRADESH","district":"MAUGANJ","block":"NAIGARHI","indicator":"girls_toilet_nonfunctional"}},{"type":"Feature","geometry":{"type":"Point","coordinates":[82.20423,24.61558]},"properties":{"udise":"23140714604","name":"PS NEEBUHA","state":"MADHYA PRADESH","district":"MAUGANJ","block":"HANUMANA","indicator":"girls_toilet_nonfunctional"}},{"type":"Feature","geometry":{"type":"Point","coordinates":[81.90084,24.82211]},"properties":{"udise":"23140722801","name":"PS REHARA","state":"MADHYA PRADESH","district":"MAUGANJ","block":"HANUMANA","indicator":"girls_toilet_nonfunctional"}},{"type":"Feature","geometry":{"type":"Point","coordinates":[81.98048,24.75528]},"properties":{"udise":"23140701205","name":"PS HATWA CHAK NO 2","state":"MADHYA PRADESH","district":"MAUGANJ","block":"HANUMANA","indicator":"girls_toilet_nonfunctional"}},{"type":"Feature","geometry":{"type":"Point","coordinates":[82.15445,24.69112]},"properties":{"udise":"23140712501","name":"PS BHADOUHA","state":"MADHYA PRADESH","district":"MAUGANJ","block":"HANUMANA","indicator":"girls_toilet_nonfunctional"}},{"type":"Feature","geometry":{"type":"Point","coordinates":[81.91257,24.73495]},"properties":{"udise":"23140702905","name":"PS KALARAN TOLA BARAON","state":"MADHYA PRADESH","district":"MAUGANJ","block":"HANUMANA","indicator":"girls_toilet_nonfunctional"}},{"type":"Feature","geometry":{"type":"Point","coordinates":[81.85967,24.75426]},"properties":{"udise":"23140700402","name":"SARASWATI SHISHU MANDIR KARKACHAHA","state":"MADHYA PRADESH","district":"MAUGANJ","block":"HANUMANA","indicator":"girls_toilet_nonfunctional"}},{"type":"Feature","geometry":{"type":"Point","coordinates":[81.78134,24.80744]},"properties":{"udise":"23140502701","name":"PS CHHUHIYA","state":"MADHYA PRADESH","district":"MAUGANJ","block":"NAIGARHI","indicator":"girls_toilet_nonfunctional"}},{"type":"Feature","geometry":{"type":"Point","coordinates":[81.68637,24.7112]},"properties":{"udise":"23140515601","name":"PS FOUDA WARD NO.-20","state":"MADHYA PRADESH","district":"MAUGANJ","block":"NAIGARHI","indicator":"girls_toilet_nonfunctional"}},{"type":"Feature","geometry":{"type":"Point","coordinates":[81.96498,24.59606]},"properties":{"udise":"23140721906","name":"PS CHULIHA","state":"MADHYA PRADESH","district":"MAUGANJ","block":"HANUMANA","indicator":"girls_toilet_nonfunctional"}},{"type":"Feature","geometry":{"type":"Point","coordinates":[81.73227,24.80932]},"properties":{"udise":"23140514403","name":"PS DEVARI BAGHELAN","state":"MADHYA PRADESH","district":"MAUGANJ","block":"NAIGARHI","indicator":"girls_toilet_nonfunctional"}},{"type":"Feature","geometry":{"type":"Point","coordinates":[81.8387,24.5629]},"properties":{"udise":"23140320301","name":"PS LATIYAR","state":"MADHYA PRADESH","district":"MAUGANJ","block":"MAUGANJ","indicator":"girls_toilet_nonfunctional"}},{"type":"Feature","geometry":{"type":"Point","coordinates":[81.83891,24.69125]},"properties":{"udise":"23140313503","name":"MS MALAIGAWAN","state":"MADHYA PRADESH","district":"MAUGANJ","block":"MAUGANJ","indicator":"girls_toilet_nonfunctional"}},{"type":"Feature","geometry":{"type":"Point","coordinates":[81.8037,24.78689]},"properties":{"udise":"23140510018","name":"MODEL HSS NAIGARHI","state":"MADHYA PRADESH","district":"MAUGANJ","block":"NAIGARHI","indicator":"girls_toilet_nonfunctional"}},{"type":"Feature","geometry":{"type":"Point","coordinates":[82.12583,24.67315]},"properties":{"udise":"23140700204","name":"MS BANNA JAGIR","state":"MADHYA PRADESH","district":"MAUGANJ","block":"HANUMANA","indicator":"girls_toilet_nonfunctional"}},{"type":"Feature","geometry":{"type":"Point","coordinates":[81.68881,24.7832]},"properties":{"udise":"23140507101","name":"PS NEEBE 38","state":"MADHYA PRADESH","district":"MAUGANJ","block":"NAIGARHI","indicator":"girls_toilet_nonfunctional"}},{"type":"Feature","geometry":{"type":"Point","coordinates":[81.89422,24.73801]},"properties":{"udise":"23140705104","name":"PS DUBGAWAN","state":"MADHYA PRADESH","district":"MAUGANJ","block":"HANUMANA","indicator":"girls_toilet_nonfunctional"}},{"type":"Feature","geometry":{"type":"Point","coordinates":[81.99507,24.59584]},"properties":{"udise":"23140721903","name":"PS KUDAUHA","state":"MADHYA PRADESH","district":"MAUGANJ","block":"HANUMANA","indicator":"girls_toilet_nonfunctional"}},{"type":"Feature","geometry":{"type":"Point","coordinates":[82.16595,24.62637]},"properties":{"udise":"23140709503","name":"PS SEMARIYA","state":"MADHYA PRADESH","district":"MAUGANJ","block":"HANUMANA","indicator":"girls_toilet_nonfunctional"}},{"type":"Feature","geometry":{"type":"Point","coordinates":[82.02069,24.74017]},"properties":{"udise":"23140715502","name":"PS BIRHA SAMAYLAL","state":"MADHYA PRADESH","district":"MAUGANJ","block":"HANUMANA","indicator":"girls_toilet_nonfunctional"}},{"type":"Feature","geometry":{"type":"Point","coordinates":[82.00108,24.63539]},"properties":{"udise":"23140704403","name":"PS MAHAI T0LA","state":"MADHYA PRADESH","district":"MAUGANJ","block":"HANUMANA","indicator":"girls_toilet_nonfunctional"}},{"type":"Feature","geometry":{"type":"Point","coordinates":[81.94474,24.7257]},"properties":{"udise":"23140701301","name":"PS DEEHI","state":"MADHYA PRADESH","district":"MAUGANJ","block":"HANUMANA","indicator":"girls_toilet_nonfunctional"}},{"type":"Feature","geometry":{"type":"Point","coordinates":[81.83739,24.68355]},"properties":{"udise":"23140317402","name":"PS AMOCH","state":"MADHYA PRADESH","district":"MAUGANJ","block":"MAUGANJ","indicator":"girls_toilet_nonfunctional"}},{"type":"Feature","geometry":{"type":"Point","coordinates":[81.79527,24.62715]},"properties":{"udise":"23140316901","name":"PS HANNACHOUR","state":"MADHYA PRADESH","district":"MAUGANJ","block":"MAUGANJ","indicator":"girls_toilet_nonfunctional"}},{"type":"Feature","geometry":{"type":"Point","coordinates":[81.65623,24.7724]},"properties":{"udise":"23140506402","name":"PS NOUWA","state":"MADHYA PRADESH","district":"MAUGANJ","block":"NAIGARHI","indicator":"girls_toilet_nonfunctional"}},{"type":"Feature","geometry":{"type":"Point","coordinates":[82.1505,24.67893]},"properties":{"udise":"23140712606","name":"PS BHATHI PLAT (BANNA)","state":"MADHYA PRADESH","district":"MAUGANJ","block":"HANUMANA","indicator":"girls_toilet_nonfunctional"}},{"type":"Feature","geometry":{"type":"Point","coordinates":[81.28182,24.47601]},"properties":{"udise":"23140300308","name":"MS NOUDHIYA","state":"MADHYA PRADESH","district":"MAUGANJ","block":"MAUGANJ","indicator":"girls_toilet_nonfunctional"}},{"type":"Feature","geometry":{"type":"Point","coordinates":[81.8971,24.69963]},"properties":{"udise":"23140703903","name":"PS KHAJURAHAN-2","state":"MADHYA PRADESH","district":"MAUGANJ","block":"HANUMANA","indicator":"girls_toilet_nonfunctional"}},{"type":"Feature","geometry":{"type":"Point","coordinates":[81.70816,24.6401]},"properties":{"udise":"23140309007","name":"PS BHELA PATH","state":"MADHYA PRADESH","district":"MAUGANJ","block":"MAUGANJ","indicator":"girls_toilet_nonfunctional"}},{"type":"Feature","geometry":{"type":"Point","coordinates":[81.72737,24.78891]},"properties":{"udise":"23140510704","name":"MS BAHERA NANKAR","state":"MADHYA PRADESH","district":"MAUGANJ","block":"NAIGARHI","indicator":"girls_toilet_nonfunctional"}},{"type":"Feature","geometry":{"type":"Point","coordinates":[81.85704,24.64466]},"properties":{"udise":"23140310205","name":"MS BARAHATA","state":"MADHYA PRADESH","district":"MAUGANJ","block":"MAUGANJ","indicator":"girls_toilet_nonfunctional"}},{"type":"Feature","geometry":{"type":"Point","coordinates":[82.1161,24.64746]},"properties":{"udise":"23140709101","name":"PS GHOGHAM","state":"MADHYA PRADESH","district":"MAUGANJ","block":"HANUMANA","indicator":"girls_toilet_nonfunctional"}},{"type":"Feature","geometry":{"type":"Point","coordinates":[82.10051,24.70112]},"properties":{"udise":"23140717101","name":"PS GOBARI","state":"MADHYA PRADESH","district":"MAUGANJ","block":"HANUMANA","indicator":"girls_toilet_nonfunctional"}},{"type":"Feature","geometry":{"type":"Point","coordinates":[81.65799,24.72707]},"properties":{"udise":"23140505405","name":"PS(AS) UMARIYA PLAT","state":"MADHYA PRADESH","district":"MAUGANJ","block":"NAIGARHI","indicator":"girls_toilet_nonfunctional"}},{"type":"Feature","geometry":{"type":"Point","coordinates":[82.23214,24.66466]},"properties":{"udise":"23140721302","name":"MS GADAKHURD","state":"MADHYA PRADESH","district":"MAUGANJ","block":"HANUMANA","indicator":"girls_toilet_nonfunctional"}},{"type":"Feature","geometry":{"type":"Point","coordinates":[81.85792,24.73667]},"properties":{"udise":"23140501101","name":"PS DANDI BAJRANG SINGH","state":"MADHYA PRADESH","district":"MAUGANJ","block":"NAIGARHI","indicator":"girls_toilet_nonfunctional"}},{"type":"Feature","geometry":{"type":"Point","coordinates":[82.14355,24.72101]},"properties":{"udise":"23140711202","name":"PS HARI.ADI.PLAT BAROUHI","state":"MADHYA PRADESH","district":"MAUGANJ","block":"HANUMANA","indicator":"girls_toilet_nonfunctional"}},{"type":"Feature","geometry":{"type":"Point","coordinates":[81.86578,24.68696]},"properties":{"udise":"23140303901","name":"PS DADHANI","state":"MADHYA PRADESH","district":"MAUGANJ","block":"MAUGANJ","indicator":"girls_toilet_nonfunctional"}},{"type":"Feature","geometry":{"type":"Point","coordinates":[81.69811,24.83199]},"properties":{"udise":"23140514701","name":"PS SIGATI NANKAR","state":"MADHYA PRADESH","district":"MAUGANJ","block":"NAIGARHI","indicator":"girls_toilet_nonfunctional"}},{"type":"Feature","geometry":{"type":"Point","coordinates":[81.71008,24.78845]},"properties":{"udise":"23140501804","name":"PS DUBGAWAN 488 KACHHIYAN TO","state":"MADHYA PRADESH","district":"MAUGANJ","block":"NAIGARHI","indicator":"girls_toilet_nonfunctional"}},{"type":"Feature","geometry":{"type":"Point","coordinates":[81.94784,24.78541]},"properties":{"udise":"23140701302","name":"PS DEEHI","state":"MADHYA PRADESH","district":"MAUGANJ","block":"HANUMANA","indicator":"girls_toilet_nonfunctional"}},{"type":"Feature","geometry":{"type":"Point","coordinates":[81.90246,24.73668]},"properties":{"udise":"23140702906","name":"PS BARAON BADA TOLA","state":"MADHYA PRADESH","district":"MAUGANJ","block":"HANUMANA","indicator":"girls_toilet_nonfunctional"}},{"type":"Feature","geometry":{"type":"Point","coordinates":[82.10893,24.64373]},"properties":{"udise":"23140711606","name":"PS KAILASHPUR (TELIHA MAHATM","state":"MADHYA PRADESH","district":"MAUGANJ","block":"HANUMANA","indicator":"girls_toilet_nonfunctional"}},{"type":"Feature","geometry":{"type":"Point","coordinates":[81.96951,24.69836]},"properties":{"udise":"23140718802","name":"PS DUBIYA","state":"MADHYA PRADESH","district":"MAUGANJ","block":"HANUMANA","indicator":"girls_toilet_nonfunctional"}},{"type":"Feature","geometry":{"type":"Point","coordinates":[81.97868,24.69693]},"properties":{"udise":"23140704106","name":"PS DEVARA (CHOTA TOLA)","state":"MADHYA PRADESH","district":"MAUGANJ","block":"HANUMANA","indicator":"girls_toilet_nonfunctional"}},{"type":"Feature","geometry":{"type":"Point","coordinates":[81.79245,24.67547]},"properties":{"udise":"23140309301","name":"PS BELHAIYA","state":"MADHYA PRADESH","district":"MAUGANJ","block":"MAUGANJ","indicator":"girls_toilet_nonfunctional"}},{"type":"Feature","geometry":{"type":"Point","coordinates":[81.67438,24.63679]},"properties":{"udise":"23140300801","name":"PS JAKI 335","state":"MADHYA PRADESH","district":"MAUGANJ","block":"MAUGANJ","indicator":"girls_toilet_nonfunctional"}},{"type":"Feature","geometry":{"type":"Point","coordinates":[81.91809,24.70649]},"properties":{"udise":"23140702401","name":"PS DUARA PACHIM TOLA","state":"MADHYA PRADESH","district":"MAUGANJ","block":"HANUMANA","indicator":"girls_toilet_nonfunctional"}},{"type":"Feature","geometry":{"type":"Point","coordinates":[81.90743,24.70146]},"properties":{"udise":"23140702003","name":"MS CHANDEH","state":"MADHYA PRADESH","district":"MAUGANJ","block":"HANUMANA","indicator":"girls_toilet_nonfunctional"}},{"type":"Feature","geometry":{"type":"Point","coordinates":[81.8579,24.64794]},"properties":{"udise":"23140315801","name":"PS SARVARA","state":"MADHYA PRADESH","district":"MAUGANJ","block":"MAUGANJ","indicator":"girls_toilet_nonfunctional"}},{"type":"Feature","geometry":{"type":"Point","coordinates":[81.93112,24.67963]},"properties":{"udise":"23140703312","name":"PS PATEHARA HARI./ADI.BASTI","state":"MADHYA PRADESH","district":"MAUGANJ","block":"HANUMANA","indicator":"girls_toilet_nonfunctional"}},{"type":"Feature","geometry":{"type":"Point","coordinates":[82.09836,24.77206]},"properties":{"udise":"23140708101","name":"PS BHATHI","state":"MADHYA PRADESH","district":"MAUGANJ","block":"HANUMANA","indicator":"girls_toilet_nonfunctional"}},{"type":"Feature","geometry":{"type":"Point","coordinates":[82.19531,24.66994]},"properties":{"udise":"23140714002","name":"PS PIPROUHI","state":"MADHYA PRADESH","district":"MAUGANJ","block":"HANUMANA","indicator":"girls_toilet_nonfunctional"}},{"type":"Feature","geometry":{"type":"Point","coordinates":[81.97789,24.7354]},"properties":{"udise":"23140701203","name":"PS HATAWA CHAK NO.1 (MAHPAN)","state":"MADHYA PRADESH","district":"MAUGANJ","block":"HANUMANA","indicator":"girls_toilet_nonfunctional"}},{"type":"Feature","geometry":{"type":"Point","coordinates":[81.85233,24.62634]},"properties":{"udise":"23140310302","name":"PS RAKARI PATERI","state":"MADHYA PRADESH","district":"MAUGANJ","block":"MAUGANJ","indicator":"girls_toilet_nonfunctional"}},{"type":"Feature","geometry":{"type":"Point","coordinates":[82.15146,24.64171]},"properties":{"udise":"23140712602","name":"PS SARRA GOPALA","state":"MADHYA PRADESH","district":"MAUGANJ","block":"HANUMANA","indicator":"girls_toilet_nonfunctional"}},{"type":"Feature","geometry":{"type":"Point","coordinates":[81.83791,24.6552]},"properties":{"udise":"23140309103","name":"MS HARRAHA","state":"MADHYA PRADESH","district":"MAUGANJ","block":"MAUGANJ","indicator":"girls_toilet_nonfunctional"}},{"type":"Feature","geometry":{"type":"Point","coordinates":[81.79422,24.8145]},"properties":{"udise":"23140502406","name":"PS SHIVRAJPUR WARD NO.1","state":"MADHYA PRADESH","district":"MAUGANJ","block":"NAIGARHI","indicator":"girls_toilet_nonfunctional"}},{"type":"Feature","geometry":{"type":"Point","coordinates":[81.67566,24.74579]},"properties":{"udise":"23140505002","name":"PS MADANA LACHHI TOLA","state":"MADHYA PRADESH","district":"MAUGANJ","block":"NAIGARHI","indicator":"girls_toilet_nonfunctional"}},{"type":"Feature","geometry":{"type":"Point","coordinates":[82.15781,24.71516]},"properties":{"udise":"23140710201","name":"PS KERAHA KALA","state":"MADHYA PRADESH","district":"MAUGANJ","block":"HANUMANA","indicator":"girls_toilet_nonfunctional"}},{"type":"Feature","geometry":{"type":"Point","coordinates":[81.66681,24.74708]},"properties":{"udise":"23140505004","name":"PS MADANA DEVI TOLA","state":"MADHYA PRADESH","district":"MAUGANJ","block":"NAIGARHI","indicator":"girls_toilet_nonfunctional"}},{"type":"Feature","geometry":{"type":"Point","coordinates":[81.76949,24.69497]},"properties":{"udise":"23140316601","name":"PS BHATI JANGAL","state":"MADHYA PRADESH","district":"MAUGANJ","block":"MAUGANJ","indicator":"girls_toilet_nonfunctional"}},{"type":"Feature","geometry":{"type":"Point","coordinates":[82.06074,24.73695]},"properties":{"udise":"23140705106","name":"PS DUVAGAWAN PASCHIM","state":"MADHYA PRADESH","district":"MAUGANJ","block":"HANUMANA","indicator":"girls_toilet_nonfunctional"}},{"type":"Feature","geometry":{"type":"Point","coordinates":[81.91253,24.73492]},"properties":{"udise":"23140702909","name":"PS SEMARIYA TOLA BARAON","state":"MADHYA PRADESH","district":"MAUGANJ","block":"HANUMANA","indicator":"girls_toilet_nonfunctional"}},{"type":"Feature","geometry":{"type":"Point","coordinates":[81.67457,24.75969]},"properties":{"udise":"23140506606","name":"PS BAHAR","state":"MADHYA PRADESH","district":"MAUGANJ","block":"NAIGARHI","indicator":"girls_toilet_nonfunctional"}},{"type":"Feature","geometry":{"type":"Point","coordinates":[81.79039,24.74739]},"properties":{"udise":"23140502008","name":"MS KORIGAWAN","state":"MADHYA PRADESH","district":"MAUGANJ","block":"NAIGARHI","indicator":"girls_toilet_nonfunctional"}},{"type":"Feature","geometry":{"type":"Point","coordinates":[81.80299,24.65951]},"properties":{"udise":"23140301013","name":"WORLD VISION PUBLIC SCHOOL PANNI","state":"MADHYA PRADESH","district":"MAUGANJ","block":"MAUGANJ","indicator":"girls_toilet_nonfunctional"}},{"type":"Feature","geometry":{"type":"Point","coordinates":[81.71801,24.67977]},"properties":{"udise":"23140302301","name":"PS ANTI","state":"MADHYA PRADESH","district":"MAUGANJ","block":"MAUGANJ","indicator":"girls_toilet_nonfunctional"}},{"type":"Feature","geometry":{"type":"Point","coordinates":[81.7329,24.82169]},"properties":{"udise":"23140507601","name":"PS BANDHAWA KOTHAR","state":"MADHYA PRADESH","district":"MAUGANJ","block":"NAIGARHI","indicator":"girls_toilet_nonfunctional"}},{"type":"Feature","geometry":{"type":"Point","coordinates":[82.07537,24.74644]},"properties":{"udise":"23140705409","name":"MS GEDURAHAT","state":"MADHYA PRADESH","district":"MAUGANJ","block":"HANUMANA","indicator":"girls_toilet_nonfunctional"}},{"type":"Feature","geometry":{"type":"Point","coordinates":[82.15007,24.71088]},"properties":{"udise":"23140711306","name":"MS DADAR PURVI","state":"MADHYA PRADESH","district":"MAUGANJ","block":"HANUMANA","indicator":"girls_toilet_nonfunctional"}},{"type":"Feature","geometry":{"type":"Point","coordinates":[82.15749,24.75041]},"properties":{"udise":"23140710506","name":"ABBP MEMORIAL ACADEMY (PS-72657)","state":"MADHYA PRADESH","district":"MAUGANJ","block":"HANUMANA","indicator":"girls_toilet_nonfunctional"}},{"type":"Feature","geometry":{"type":"Point","coordinates":[81.84971,24.63071]},"properties":{"udise":"23140318101","name":"PS ROUSARA","state":"MADHYA PRADESH","district":"MAUGANJ","block":"MAUGANJ","indicator":"girls_toilet_nonfunctional"}},{"type":"Feature","geometry":{"type":"Point","coordinates":[81.9769,24.72476]},"properties":{"udise":"23140701706","name":"PS MAJAN MANIKRAM","state":"MADHYA PRADESH","district":"MAUGANJ","block":"HANUMANA","indicator":"girls_toilet_nonfunctional"}},{"type":"Feature","geometry":{"type":"Point","coordinates":[82.16951,24.695]},"properties":{"udise":"23140715701","name":"PS PAIPAKHAR","state":"MADHYA PRADESH","district":"MAUGANJ","block":"HANUMANA","indicator":"girls_toilet_nonfunctional"}},{"type":"Feature","geometry":{"type":"Point","coordinates":[81.71667,24.86064]},"properties":{"udise":"23140512101","name":"PS MISIRA","state":"MADHYA PRADESH","district":"MAUGANJ","block":"NAIGARHI","indicator":"girls_toilet_nonfunctional"}},{"type":"Feature","geometry":{"type":"Point","coordinates":[81.80891,24.67025]},"properties":{"udise":"23140300902","name":"PS JAMUHARA NO.2","state":"MADHYA PRADESH","district":"MAUGANJ","block":"MAUGANJ","indicator":"girls_toilet_nonfunctional"}},{"type":"Feature","geometry":{"type":"Point","coordinates":[81.68243,24.7595]},"properties":{"udise":"23140506604","name":"PS HARDIHA","state":"MADHYA PRADESH","district":"MAUGANJ","block":"NAIGARHI","indicator":"girls_toilet_nonfunctional"}},{"type":"Feature","geometry":{"type":"Point","coordinates":[82.02483,24.74326]},"properties":{"udise":"23140706602","name":"MS BIRAHA KANHAI","state":"MADHYA PRADESH","district":"MAUGANJ","block":"HANUMANA","indicator":"girls_toilet_nonfunctional"}},{"type":"Feature","geometry":{"type":"Point","coordinates":[81.85765,24.6424]},"properties":{"udise":"23140313802","name":"PS DIGHAWAR 391 ADI BASTI(CLOSE)","state":"MADHYA PRADESH","district":"MAUGANJ","block":"MAUGANJ","indicator":"girls_toilet_nonfunctional"}},{"type":"Feature","geometry":{"type":"Point","coordinates":[81.7242,24.8008]},"properties":{"udise":"23140507603","name":"HSS BANDHAWA","state":"MADHYA PRADESH","district":"MAUGANJ","block":"NAIGARHI","indicator":"girls_toilet_nonfunctional"}},{"type":"Feature","geometry":{"type":"Point","coordinates":[81.70994,24.69236]},"properties":{"udise":"23140505204","name":"PS BHOLARA","state":"MADHYA PRADESH","district":"MAUGANJ","block":"NAIGARHI","indicator":"girls_toilet_nonfunctional"}},{"type":"Feature","geometry":{"type":"Point","coordinates":[81.84862,24.71796]},"properties":{"udise":"23140501303","name":"PS ANTRAILA","state":"MADHYA PRADESH","district":"MAUGANJ","block":"NAIGARHI","indicator":"girls_toilet_nonfunctional"}},{"type":"Feature","geometry":{"type":"Point","coordinates":[81.9203,24.75461]},"properties":{"udise":"23140702908","name":"PS BARAON MISHRAN","state":"MADHYA PRADESH","district":"MAUGANJ","block":"HANUMANA","indicator":"girls_toilet_nonfunctional"}},{"type":"Feature","geometry":{"type":"Point","coordinates":[81.99359,24.71877]},"properties":{"udise":"23140705019","name":"PS KATHOUTA TOLA KHATAKHARI","state":"MADHYA PRADESH","district":"MAUGANJ","block":"HANUMANA","indicator":"girls_toilet_nonfunctional"}},{"type":"Feature","geometry":{"type":"Point","coordinates":[81.74778,24.71942]},"properties":{"udise":"23140504502","name":"PS SENUA TIWARI TOLA","state":"MADHYA PRADESH","district":"MAUGANJ","block":"NAIGARHI","indicator":"girls_toilet_nonfunctional"}},{"type":"Feature","geometry":{"type":"Point","coordinates":[81.89909,24.65465]},"properties":{"udise":"23140308102","name":"PS BARAYAN KALA","state":"MADHYA PRADESH","district":"MAUGANJ","block":"MAUGANJ","indicator":"girls_toilet_nonfunctional"}},{"type":"Feature","geometry":{"type":"Point","coordinates":[81.82561,24.75713]},"properties":{"udise":"23140500403","name":"SARSWATI SHISHU MANDIR BAHUTI PRAPAT","state":"MADHYA PRADESH","district":"MAUGANJ","block":"NAIGARHI","indicator":"girls_toilet_nonfunctional"}},{"type":"Feature","geometry":{"type":"Point","coordinates":[81.69419,24.76486]},"properties":{"udise":"23140503702","name":"PS HADIYA ITARAN TOLA","state":"MADHYA PRADESH","district":"MAUGANJ","block":"NAIGARHI","indicator":"girls_toilet_nonfunctional"}},{"type":"Feature","geometry":{"type":"Point","coordinates":[81.69368,24.74172]},"properties":{"udise":"23140505101","name":"PS BHATIGAWAN","state":"MADHYA PRADESH","district":"MAUGANJ","block":"NAIGARHI","indicator":"girls_toilet_nonfunctional"}},{"type":"Feature","geometry":{"type":"Point","coordinates":[81.97673,24.65536]},"properties":{"udise":"23140704304","name":"MS BAGHAILA","state":"MADHYA PRADESH","district":"MAUGANJ","block":"HANUMANA","indicator":"girls_toilet_nonfunctional"}},{"type":"Feature","geometry":{"type":"Point","coordinates":[82.19296,24.70268]},"properties":{"udise":"23140710907","name":"PS ADIWASI PLAT LASA","state":"MADHYA PRADESH","district":"MAUGANJ","block":"HANUMANA","indicator":"girls_toilet_nonfunctional"}},{"type":"Feature","geometry":{"type":"Point","coordinates":[82.1525,24.61526]},"properties":{"udise":"23140709501","name":"PS NAKWAR","state":"MADHYA PRADESH","district":"MAUGANJ","block":"HANUMANA","indicator":"girls_toilet_nonfunctional"}},{"type":"Feature","geometry":{"type":"Point","coordinates":[81.65743,24.7081]},"properties":{"udise":"23140526401","name":"PS JODHPUR NO.2","state":"MADHYA PRADESH","district":"MAUGANJ","block":"NAIGARHI","indicator":"girls_toilet_nonfunctional"}},{"type":"Feature","geometry":{"type":"Point","coordinates":[82.10907,24.67866]},"properties":{"udise":"23140717301","name":"PS PIPARAHA","state":"MADHYA PRADESH","district":"MAUGANJ","block":"HANUMANA","indicator":"girls_toilet_nonfunctional"}},{"type":"Feature","geometry":{"type":"Point","coordinates":[82.08973,24.63208]},"properties":{"udise":"23140711605","name":"PS KAILASHPUR (MAHUARIYATOLA","state":"MADHYA PRADESH","district":"MAUGANJ","block":"HANUMANA","indicator":"girls_toilet_nonfunctional"}},{"type":"Feature","geometry":{"type":"Point","coordinates":[81.64925,24.78313]},"properties":{"udise":"23140506004","name":"PS ADI.BASTI TEDHATAL","state":"MADHYA PRADESH","district":"MAUGANJ","block":"NAIGARHI","indicator":"girls_toilet_nonfunctional"}},{"type":"Feature","geometry":{"type":"Point","coordinates":[82.14563,24.68372]},"properties":{"udise":"23140713001","name":"PS BANNA JAAHAR SINGH","state":"MADHYA PRADESH","district":"MAUGANJ","block":"HANUMANA","indicator":"girls_toilet_nonfunctional"}},{"type":"Feature","geometry":{"type":"Point","coordinates":[81.70186,24.61916]},"properties":{"udise":"23140308504","name":"MS SHUKULGAWAN","state":"MADHYA PRADESH","district":"MAUGANJ","block":"MAUGANJ","indicator":"girls_toilet_nonfunctional"}},{"type":"Feature","geometry":{"type":"Point","coordinates":[82.09277,24.64775]},"properties":{"udise":"23140721604","name":"PS KAILASHPUR GOTMAN TOLA","state":"MADHYA PRADESH","district":"MAUGANJ","block":"HANUMANA","indicator":"girls_toilet_nonfunctional"}},{"type":"Feature","geometry":{"type":"Point","coordinates":[81.99546,24.75555]},"properties":{"udise":"23140701610","name":"PS BIRAHA GIRWAR SINNGH SEGRAN TO","state":"MADHYA PRADESH","district":"MAUGANJ","block":"HANUMANA","indicator":"girls_toilet_nonfunctional"}},{"type":"Feature","geometry":{"type":"Point","coordinates":[81.7556,24.57486]},"properties":{"udise":"23140314201","name":"PS KANJARA NO.1","state":"MADHYA PRADESH","district":"MAUGANJ","block":"MAUGANJ","indicator":"girls_toilet_nonfunctional"}},{"type":"Feature","geometry":{"type":"Point","coordinates":[81.70668,24.71519]},"properties":{"udise":"23140509401","name":"PS BANNAI","state":"MADHYA PRADESH","district":"MAUGANJ","block":"NAIGARHI","indicator":"girls_toilet_nonfunctional"}},{"type":"Feature","geometry":{"type":"Point","coordinates":[81.82072,24.76049]},"properties":{"udise":"23140500402","name":"PS HARIJAN BASTI BAHUTI","state":"MADHYA PRADESH","district":"MAUGANJ","block":"NAIGARHI","indicator":"girls_toilet_nonfunctional"}},{"type":"Feature","geometry":{"type":"Point","coordinates":[82.21304,24.70578]},"properties":{"udise":"23140713501","name":"PS GOIDAR","state":"MADHYA PRADESH","district":"MAUGANJ","block":"HANUMANA","indicator":"girls_toilet_nonfunctional"}},{"type":"Feature","geometry":{"type":"Point","coordinates":[81.73966,24.85386]},"properties":{"udise":"23140508901","name":"PS MAJHIGAWAN","state":"MADHYA PRADESH","district":"MAUGANJ","block":"NAIGARHI","indicator":"girls_toilet_nonfunctional"}},{"type":"Feature","geometry":{"type":"Point","coordinates":[81.30731,24.42437]},"properties":{"udise":"23140311201","name":"PS GONDARI TIWARIYAN","state":"MADHYA PRADESH","district":"MAUGANJ","block":"MAUGANJ","indicator":"girls_toilet_nonfunctional"}},{"type":"Feature","geometry":{"type":"Point","coordinates":[81.78827,24.70449]},"properties":{"udise":"23140520302","name":"PS KHARIKA","state":"MADHYA PRADESH","district":"MAUGANJ","block":"NAIGARHI","indicator":"girls_toilet_nonfunctional"}},{"type":"Feature","geometry":{"type":"Point","coordinates":[81.66886,24.66653]},"properties":{"udise":"23140308701","name":"PS PALIYA TRIVENI SINGH","state":"MADHYA PRADESH","district":"MAUGANJ","block":"MAUGANJ","indicator":"girls_toilet_nonfunctional"}},{"type":"Feature","geometry":{"type":"Point","coordinates":[81.95235,24.72677]},"properties":{"udise":"23140702304","name":"PS JAMUI","state":"MADHYA PRADESH","district":"MAUGANJ","block":"HANUMANA","indicator":"girls_toilet_nonfunctional"}},{"type":"Feature","geometry":{"type":"Point","coordinates":[81.79234,24.67558]},"properties":{"udise":"23140317801","name":"PS GEDUHA","state":"MADHYA PRADESH","district":"MAUGANJ","block":"MAUGANJ","indicator":"girls_toilet_nonfunctional"}},{"type":"Feature","geometry":{"type":"Point","coordinates":[81.86889,24.67002]},"properties":{"udise":"23140302001","name":"PS SARAI KRISHNA KUMAR","state":"MADHYA PRADESH","district":"MAUGANJ","block":"MAUGANJ","indicator":"girls_toilet_nonfunctional"}},{"type":"Feature","geometry":{"type":"Point","coordinates":[81.70251,24.77273]},"properties":{"udise":"23140504202","name":"PS BELAHA 742","state":"MADHYA PRADESH","district":"MAUGANJ","block":"NAIGARHI","indicator":"girls_toilet_nonfunctional"}},{"type":"Feature","geometry":{"type":"Point","coordinates":[81.68906,24.80313]},"properties":{"udise":"23140507401","name":"PS BAIRIHA","state":"MADHYA PRADESH","district":"MAUGANJ","block":"NAIGARHI","indicator":"girls_toilet_nonfunctional"}},{"type":"Feature","geometry":{"type":"Point","coordinates":[81.8048,24.67427]},"properties":{"udise":"23140319601","name":"PS BAHIKATA","state":"MADHYA PRADESH","district":"MAUGANJ","block":"MAUGANJ","indicator":"girls_toilet_nonfunctional"}},{"type":"Feature","geometry":{"type":"Point","coordinates":[82.05965,24.79438]},"properties":{"udise":"23140706503","name":"PS SALAIYA (KAKARHIYA TOLA)","state":"MADHYA PRADESH","district":"MAUGANJ","block":"HANUMANA","indicator":"girls_toilet_nonfunctional"}},{"type":"Feature","geometry":{"type":"Point","coordinates":[81.89523,24.68913]},"properties":{"udise":"23140307301","name":"MS GHUREHATA","state":"MADHYA PRADESH","district":"MAUGANJ","block":"MAUGANJ","indicator":"girls_toilet_nonfunctional"}},{"type":"Feature","geometry":{"type":"Point","coordinates":[81.68259,24.79298]},"properties":{"udise":"23140506705","name":"MS PAIKANGAON","state":"MADHYA PRADESH","district":"MAUGANJ","block":"NAIGARHI","indicator":"girls_toilet_nonfunctional"}},{"type":"Feature","geometry":{"type":"Point","coordinates":[82.19904,24.61397]},"properties":{"udise":"23140714402","name":"PS THENGARAHI","state":"MADHYA PRADESH","district":"MAUGANJ","block":"HANUMANA","indicator":"girls_toilet_nonfunctional"}},{"type":"Feature","geometry":{"type":"Point","coordinates":[81.97856,24.58397]},"properties":{"udise":"23140721904","name":"PS DUDHMANIYA","state":"MADHYA PRADESH","district":"MAUGANJ","block":"HANUMANA","indicator":"girls_toilet_nonfunctional"}},{"type":"Feature","geometry":{"type":"Point","coordinates":[81.77156,24.76215]},"properties":{"udise":"23140502901","name":"PS PAKARA","state":"MADHYA PRADESH","district":"MAUGANJ","block":"NAIGARHI","indicator":"girls_toilet_nonfunctional"}},{"type":"Feature","geometry":{"type":"Point","coordinates":[81.36228,24.52408]},"properties":{"udise":"23140314101","name":"PS MISIRIHA","state":"MADHYA PRADESH","district":"MAUGANJ","block":"MAUGANJ","indicator":"girls_toilet_nonfunctional"}},{"type":"Feature","geometry":{"type":"Point","coordinates":[82.14415,24.70358]},"properties":{"udise":"23140711201","name":"PS BAROUHI","state":"MADHYA PRADESH","district":"MAUGANJ","block":"HANUMANA","indicator":"girls_toilet_nonfunctional"}},{"type":"Feature","geometry":{"type":"Point","coordinates":[81.90814,24.67964]},"properties":{"udise":"23140703808","name":"NAGEDRAM PORVA MS BAHUTI","state":"MADHYA PRADESH","district":"MAUGANJ","block":"HANUMANA","indicator":"girls_toilet_nonfunctional"}},{"type":"Feature","geometry":{"type":"Point","coordinates":[81.75899,24.71988]},"properties":{"udise":"23140515101","name":"PS SENDHI","state":"MADHYA PRADESH","district":"MAUGANJ","block":"NAIGARHI","indicator":"girls_toilet_nonfunctional"}},{"type":"Feature","geometry":{"type":"Point","coordinates":[81.67163,24.82012]},"properties":{"udise":"23140518702","name":"PS RIMARI BABA VALI","state":"MADHYA PRADESH","district":"MAUGANJ","block":"NAIGARHI","indicator":"girls_toilet_nonfunctional"}},{"type":"Feature","geometry":{"type":"Point","coordinates":[81.92486,24.76716]},"properties":{"udise":"23140721005","name":"MS RAJADHOO","state":"MADHYA PRADESH","district":"MAUGANJ","block":"HANUMANA","indicator":"girls_toilet_nonfunctional"}},{"type":"Feature","geometry":{"type":"Point","coordinates":[82.05783,24.68825]},"properties":{"udise":"23140722203","name":"PS LAINI (GADA)","state":"MADHYA PRADESH","district":"MAUGANJ","block":"HANUMANA","indicator":"girls_toilet_nonfunctional"}},{"type":"Feature","geometry":{"type":"Point","coordinates":[81.72998,24.73475]},"properties":{"udise":"23140509502","name":"PS KULLO KATAN HASLO","state":"MADHYA PRADESH","district":"MAUGANJ","block":"NAIGARHI","indicator":"girls_toilet_nonfunctional"}},{"type":"Feature","geometry":{"type":"Point","coordinates":[82.05062,24.77545]},"properties":{"udise":"23140706901","name":"ADARSH PS ARJUNPUR","state":"MADHYA PRADESH","district":"MAUGANJ","block":"HANUMANA","indicator":"girls_toilet_nonfunctional"}},{"type":"Feature","geometry":{"type":"Point","coordinates":[81.8657,24.68683]},"properties":{"udise":"23140306901","name":"PS KANKESARA","state":"MADHYA PRADESH","district":"MAUGANJ","block":"MAUGANJ","indicator":"girls_toilet_nonfunctional"}},{"type":"Feature","geometry":{"type":"Point","coordinates":[81.69724,24.78978]},"properties":{"udise":"23140507201","name":"PS KOTHAR","state":"MADHYA PRADESH","district":"MAUGANJ","block":"NAIGARHI","indicator":"girls_toilet_nonfunctional"}},{"type":"Feature","geometry":{"type":"Point","coordinates":[81.63459,24.71583]},"properties":{"udise":"23140529301","name":"PS DADH","state":"MADHYA PRADESH","district":"MAUGANJ","block":"NAIGARHI","indicator":"girls_toilet_nonfunctional"}},{"type":"Feature","geometry":{"type":"Point","coordinates":[82.00191,24.7462]},"properties":{"udise":"23140701605","name":"PS ADIWASHI TOLA HATWA NIRBH","state":"MADHYA PRADESH","district":"MAUGANJ","block":"HANUMANA","indicator":"girls_toilet_nonfunctional"}},{"type":"Feature","geometry":{"type":"Point","coordinates":[81.89447,24.70924]},"properties":{"udise":"23140702806","name":"PS PAIPAKHAR MAHAPATRAN","state":"MADHYA PRADESH","district":"MAUGANJ","block":"HANUMANA","indicator":"girls_toilet_nonfunctional"}},{"type":"Feature","geometry":{"type":"Point","coordinates":[81.31815,24.5481]},"properties":{"udise":"23140308801","name":"PS ANTARA KALA","state":"MADHYA PRADESH","district":"MAUGANJ","block":"MAUGANJ","indicator":"girls_toilet_nonfunctional"}},{"type":"Feature","geometry":{"type":"Point","coordinates":[81.83788,24.65534]},"properties":{"udise":"23140310004","name":"MS PAKARA","state":"MADHYA PRADESH","district":"MAUGANJ","block":"MAUGANJ","indicator":"girls_toilet_nonfunctional"}},{"type":"Feature","geometry":{"type":"Point","coordinates":[81.78503,24.57133]},"properties":{"udise":"23140300504","name":"PS DOONDA DUARI","state":"MADHYA PRADESH","district":"MAUGANJ","block":"MAUGANJ","indicator":"girls_toilet_nonfunctional"}},{"type":"Feature","geometry":{"type":"Point","coordinates":[82.10154,24.6709]},"properties":{"udise":"23140712105","name":"PS KHOHAR","state":"MADHYA PRADESH","district":"MAUGANJ","block":"HANUMANA","indicator":"girls_toilet_nonfunctional"}},{"type":"Feature","geometry":{"type":"Point","coordinates":[81.75441,24.58604]},"properties":{"udise":"23140307102","name":"PS BARAHA NO.1","state":"MADHYA PRADESH","district":"MAUGANJ","block":"MAUGANJ","indicator":"girls_toilet_nonfunctional"}},{"type":"Feature","geometry":{"type":"Point","coordinates":[82.14668,24.75414]},"properties":{"udise":"23140710603","name":"PS MATIYARI NAUN KALA","state":"MADHYA PRADESH","district":"MAUGANJ","block":"HANUMANA","indicator":"girls_toilet_nonfunctional"}},{"type":"Feature","geometry":{"type":"Point","coordinates":[82.17705,24.71867]},"properties":{"udise":"23140713504","name":"PS PHULJHARIYA","state":"MADHYA PRADESH","district":"MAUGANJ","block":"HANUMANA","indicator":"girls_toilet_nonfunctional"}},{"type":"Feature","geometry":{"type":"Point","coordinates":[81.89326,24.78353]},"properties":{"udise":"23140700305","name":"ADARSH GEETA BAL VIDYA MANDIR PATHRAUNHI BASIGADA GADA (PS-26605)","state":"MADHYA PRADESH","district":"MAUGANJ","block":"HANUMANA","indicator":"girls_toilet_nonfunctional"}},{"type":"Feature","geometry":{"type":"Point","coordinates":[81.63317,24.72277]},"properties":{"udise":"23140515802","name":"PS(AS) NEVE GERUARI","state":"MADHYA PRADESH","district":"MAUGANJ","block":"NAIGARHI","indicator":"girls_toilet_nonfunctional"}},{"type":"Feature","geometry":{"type":"Point","coordinates":[82.16391,24.71063]},"properties":{"udise":"23140710908","name":"PS PANCHOUN","state":"MADHYA PRADESH","district":"MAUGANJ","block":"HANUMANA","indicator":"girls_toilet_nonfunctional"}},{"type":"Feature","geometry":{"type":"Point","coordinates":[81.77555,24.85055]},"properties":{"udise":"23140508108","name":"PS BHOTHI HARI. BAS. RAMPUR","state":"MADHYA PRADESH","district":"MAUGANJ","block":"NAIGARHI","indicator":"girls_toilet_nonfunctional"}},{"type":"Feature","geometry":{"type":"Point","coordinates":[81.79251,24.6755]},"properties":{"udise":"23140317903","name":"PS DIGHOUL SHUKLAN","state":"MADHYA PRADESH","district":"MAUGANJ","block":"MAUGANJ","indicator":"girls_toilet_nonfunctional"}},{"type":"Feature","geometry":{"type":"Point","coordinates":[82.27831,24.64456]},"properties":{"udise":"23140714210","name":"ADARSH SARASWATI GYAN MANDIR JADKUD (PS-63859)","state":"MADHYA PRADESH","district":"MAUGANJ","block":"HANUMANA","indicator":"girls_toilet_nonfunctional"}},{"type":"Feature","geometry":{"type":"Point","coordinates":[81.69543,24.6301]},"properties":{"udise":"23140309904","name":"MS PANIGAWAN","state":"MADHYA PRADESH","district":"MAUGANJ","block":"MAUGANJ","indicator":"girls_toilet_nonfunctional"}},{"type":"Feature","geometry":{"type":"Point","coordinates":[81.88785,24.7429]},"properties":{"udise":"23140702701","name":"PS THURRIHA","state":"MADHYA PRADESH","district":"MAUGANJ","block":"HANUMANA","indicator":"girls_toilet_nonfunctional"}},{"type":"Feature","geometry":{"type":"Point","coordinates":[81.94898,24.70451]},"properties":{"udise":"23140705039","name":"STAR PUBLIC SCHOOL KHATKHARI","state":"MADHYA PRADESH","district":"MAUGANJ","block":"HANUMANA","indicator":"girls_toilet_nonfunctional"}},{"type":"Feature","geometry":{"type":"Point","coordinates":[82.12949,24.63372]},"properties":{"udise":"23140709707","name":"PS KANHAIYA TOLA","state":"MADHYA PRADESH","district":"MAUGANJ","block":"HANUMANA","indicator":"girls_toilet_nonfunctional"}},{"type":"Feature","geometry":{"type":"Point","coordinates":[81.70711,24.76568]},"properties":{"udise":"23140504201","name":"PS BADOUA 662","state":"MADHYA PRADESH","district":"MAUGANJ","block":"NAIGARHI","indicator":"girls_toilet_nonfunctional"}},{"type":"Feature","geometry":{"type":"Point","coordinates":[81.89437,24.77401]},"properties":{"udise":"23140707804","name":"PS BHAMRA MODIHA TOLA","state":"MADHYA PRADESH","district":"MAUGANJ","block":"HANUMANA","indicator":"girls_toilet_nonfunctional"}},{"type":"Feature","geometry":{"type":"Point","coordinates":[81.92565,24.71757]},"properties":{"udise":"23140701805","name":"PS ADIWASI BASTI BICHHARAHAT","state":"MADHYA PRADESH","district":"MAUGANJ","block":"HANUMANA","indicator":"girls_toilet_nonfunctional"}},{"type":"Feature","geometry":{"type":"Point","coordinates":[82.21726,24.62307]},"properties":{"udise":"23140714503","name":"MS MUNHAI","state":"MADHYA PRADESH","district":"MAUGANJ","block":"HANUMANA","indicator":"girls_toilet_nonfunctional"}},{"type":"Feature","geometry":{"type":"Point","coordinates":[81.76658,24.73273]},"properties":{"udise":"23140504804","name":"MS BAIJALA","state":"MADHYA PRADESH","district":"MAUGANJ","block":"NAIGARHI","indicator":"girls_toilet_nonfunctional"}},{"type":"Feature","geometry":{"type":"Point","coordinates":[81.88164,24.73872]},"properties":{"udise":"23140701008","name":"PS PAHADI PADARAHAN TOLA","state":"MADHYA PRADESH","district":"MAUGANJ","block":"HANUMANA","indicator":"girls_toilet_nonfunctional"}},{"type":"Feature","geometry":{"type":"Point","coordinates":[81.92062,24.72063]},"properties":{"udise":"23140702504","name":"PS BARAON SHUKULAN","state":"MADHYA PRADESH","district":"MAUGANJ","block":"HANUMANA","indicator":"girls_toilet_nonfunctional"}},{"type":"Feature","geometry":{"type":"Point","coordinates":[81.71701,24.72995]},"properties":{"udise":"23140503903","name":"MS ALHOUWA","state":"MADHYA PRADESH","district":"MAUGANJ","block":"NAIGARHI","indicator":"girls_toilet_nonfunctional"}},{"type":"Feature","geometry":{"type":"Point","coordinates":[81.79244,24.67548]},"properties":{"udise":"23140309202","name":"MS MALAKPUR","state":"MADHYA PRADESH","district":"MAUGANJ","block":"MAUGANJ","indicator":"girls_toilet_nonfunctional"}},{"type":"Feature","geometry":{"type":"Point","coordinates":[81.72218,24.63174]},"properties":{"udise":"23140300201","name":"PS TADOURA","state":"MADHYA PRADESH","district":"MAUGANJ","block":"MAUGANJ","indicator":"girls_toilet_nonfunctional"}},{"type":"Feature","geometry":{"type":"Point","coordinates":[81.66344,24.73961]},"properties":{"udise":"23140504911","name":"HS PHULAHA","state":"MADHYA PRADESH","district":"MAUGANJ","block":"NAIGARHI","indicator":"girls_toilet_nonfunctional"}},{"type":"Feature","geometry":{"type":"Point","coordinates":[82.20538,24.65285]},"properties":{"udise":"23140712407","name":"PS KHONKHALA PANTI MISHRAN","state":"MADHYA PRADESH","district":"MAUGANJ","block":"HANUMANA","indicator":"girls_toilet_nonfunctional"}},{"type":"Feature","geometry":{"type":"Point","coordinates":[81.79349,24.80051]},"properties":{"udise":"23140502404","name":"PS POKHARI TOLA SHIVRAJPUR","state":"MADHYA PRADESH","district":"MAUGANJ","block":"NAIGARHI","indicator":"girls_toilet_nonfunctional"}},{"type":"Feature","geometry":{"type":"Point","coordinates":[78.45398,26.71725]},"properties":{"udise":"23020104404","name":"PS SAMAL KA PURA","state":"MADHYA PRADESH","district":"MORENA","block":"PORSA","indicator":"no_girls_toilet"}},{"type":"Feature","geometry":{"type":"Point","coordinates":[78.32784,26.74408]},"properties":{"udise":"23020102008","name":"PS PUTHA","state":"MADHYA PRADESH","district":"MORENA","block":"PORSA","indicator":"no_girls_toilet"}},{"type":"Feature","geometry":{"type":"Point","coordinates":[78.50976,26.72407]},"properties":{"udise":"23020104105","name":"PS ROSE KA PURA","state":"MADHYA PRADESH","district":"MORENA","block":"PORSA","indicator":"no_girls_toilet"}},{"type":"Feature","geometry":{"type":"Point","coordinates":[77.37031,26.24992]},"properties":{"udise":"23020704301","name":"PS POONCHHARI","state":"MADHYA PRADESH","district":"MORENA","block":"SABALGARH","indicator":"no_girls_toilet"}},{"type":"Feature","geometry":{"type":"Point","coordinates":[78.45976,26.76796]},"properties":{"udise":"23020103606","name":"PS BARELAL KA PURA","state":"MADHYA PRADESH","district":"MORENA","block":"PORSA","indicator":"no_girls_toilet"}},{"type":"Feature","geometry":{"type":"Point","coordinates":[78.28416,26.84551]},"properties":{"udise":"23020107707","name":"PS DEHGAWAN NAVEEN","state":"MADHYA PRADESH","district":"MORENA","block":"PORSA","indicator":"no_girls_toilet"}},{"type":"Feature","geometry":{"type":"Point","coordinates":[77.88044,26.54915]},"properties":{"udise":"23020410010","name":"PS HANUMANT KA PURA","state":"MADHYA PRADESH","district":"MORENA","block":"JOURA","indicator":"no_girls_toilet"}},{"type":"Feature","geometry":{"type":"Point","coordinates":[77.16154,26.17842]},"properties":{"udise":"23020700202","name":"MS NIBADI","state":"MADHYA PRADESH","district":"MORENA","block":"SABALGARH","indicator":"no_girls_toilet"}},{"type":"Feature","geometry":{"type":"Point","coordinates":[77.70203,26.26241]},"properties":{"udise":"23020610202","name":"PS THADSORA KA PURA NAVEEN","state":"MADHYA PRADESH","district":"MORENA","block":"KAILARAS","indicator":"no_girls_toilet"}},{"type":"Feature","geometry":{"type":"Point","coordinates":[78.24504,26.78355]},"properties":{"udise":"23020100217","name":"PS DIWAN SINGH KA PURA","state":"MADHYA PRADESH","district":"MORENA","block":"PORSA","indicator":"no_girls_toilet"}},{"type":"Feature","geometry":{"type":"Point","coordinates":[77.69723,26.22478]},"properties":{"udise":"23020609802","name":"PS THATIPURA","state":"MADHYA PRADESH","district":"MORENA","block":"KAILARAS","indicator":"no_girls_toilet"}},{"type":"Feature","geometry":{"type":"Point","coordinates":[77.52767,26.1859]},"properties":{"udise":"23020604301","name":"PS JAKHODA","state":"MADHYA PRADESH","district":"MORENA","block":"KAILARAS","indicator":"no_girls_toilet"}},{"type":"Feature","geometry":{"type":"Point","coordinates":[77.52116,26.22927]},"properties":{"udise":"23020602805","name":"PS BUDHIYAI","state":"MADHYA PRADESH","district":"MORENA","block":"KAILARAS","indicator":"no_girls_toilet"}},{"type":"Feature","geometry":{"type":"Point","coordinates":[77.94271,26.62183]},"properties":{"udise":"23020300904","name":"AIDED SCHOOL KISHAN HIGH SCHOOL SARAYCHHOLA","state":"MADHYA PRADESH","district":"MORENA","block":"MORENA","indicator":"no_girls_toilet"}},{"type":"Feature","geometry":{"type":"Point","coordinates":[78.15692,26.59601]},"properties":{"udise":"23020304809","name":"PS GANGAPURA (KARARI) NAVEEN","state":"MADHYA PRADESH","district":"MORENA","block":"MORENA","indicator":"no_girls_toilet"}},{"type":"Feature","geometry":{"type":"Point","coordinates":[78.12427,26.3629]},"properties":{"udise":"23020311409","name":"PS BARAI KA PURA NAVEEN","state":"MADHYA PRADESH","district":"MORENA","block":"MORENA","indicator":"no_girls_toilet"}},{"type":"Feature","geometry":{"type":"Point","coordinates":[77.49325,26.31626]},"properties":{"udise":"23020709003","name":"PS CHAMAR PURA","state":"MADHYA PRADESH","district":"MORENA","block":"SABALGARH","indicator":"no_girls_toilet"}},{"type":"Feature","geometry":{"type":"Point","coordinates":[78.15922,26.39533]},"properties":{"udise":"23020312903","name":"MS KHIRAWALI","state":"MADHYA PRADESH","district":"MORENA","block":"MORENA","indicator":"no_girls_toilet"}},{"type":"Feature","geometry":{"type":"Point","coordinates":[78.22493,26.70745]},"properties":{"udise":"23020203316","name":"PS BHERO SINGH KA P URA NAVEEN","state":"MADHYA PRADESH","district":"MORENA","block":"AMBAH","indicator":"no_girls_toilet"}},{"type":"Feature","geometry":{"type":"Point","coordinates":[77.22681,26.23797]},"properties":{"udise":"23020701202","name":"PS BANTHAR","state":"MADHYA PRADESH","district":"MORENA","block":"SABALGARH","indicator":"no_girls_toilet"}},{"type":"Feature","geometry":{"type":"Point","coordinates":[78.38298,26.71359]},"properties":{"udise":"23020105804","name":"PS BAR KA PURA","state":"MADHYA PRADESH","district":"MORENA","block":"PORSA","indicator":"no_girls_toilet"}},{"type":"Feature","geometry":{"type":"Point","coordinates":[78.47632,26.7546]},"properties":{"udise":"23020103705","name":"MS ADARSH NAGAR SILABALI","state":"MADHYA PRADESH","district":"MORENA","block":"PORSA","indicator":"no_girls_toilet"}},{"type":"Feature","geometry":{"type":"Point","coordinates":[77.60729,26.30068]},"properties":{"udise":"23020605718","name":"PS LAHCHORA NAVEEN","state":"MADHYA PRADESH","district":"MORENA","block":"KAILARAS","indicator":"no_girls_toilet"}},{"type":"Feature","geometry":{"type":"Point","coordinates":[78.19297,26.46285]},"properties":{"udise":"23020313202","name":"PS UDIYAPURA","state":"MADHYA PRADESH","district":"MORENA","block":"MORENA","indicator":"no_girls_toilet"}},{"type":"Feature","geometry":{"type":"Point","coordinates":[77.761,26.39285]},"properties":{"udise":"23020400703","name":"PS RAGHUNATHPUR","state":"MADHYA PRADESH","district":"MORENA","block":"JOURA","indicator":"no_girls_toilet"}},{"type":"Feature","geometry":{"type":"Point","coordinates":[78.21068,26.80117]},"properties":{"udise":"23020100210","name":"PS NAYABANS","state":"MADHYA PRADESH","district":"MORENA","block":"PORSA","indicator":"no_girls_toilet"}},{"type":"Feature","geometry":{"type":"Point","coordinates":[77.22904,26.17911]},"properties":{"udise":"23020700410","name":"MS BOILAJ","state":"MADHYA PRADESH","district":"MORENA","block":"SABALGARH","indicator":"no_girls_toilet"}},{"type":"Feature","geometry":{"type":"Point","coordinates":[78.40225,26.69435]},"properties":{"udise":"23020111222","name":"PS KHATKAN KA PURA","state":"MADHYA PRADESH","district":"MORENA","block":"PORSA","indicator":"no_girls_toilet"}},{"type":"Feature","geometry":{"type":"Point","coordinates":[77.2834,26.18895]},"properties":{"udise":"23020700706","name":"PS JATAVPURA","state":"MADHYA PRADESH","district":"MORENA","block":"SABALGARH","indicator":"no_girls_toilet"}},{"type":"Feature","geometry":{"type":"Point","coordinates":[77.57562,26.2413]},"properties":{"udise":"23020605202","name":"PS SINGACHOLI","state":"MADHYA PRADESH","district":"MORENA","block":"KAILARAS","indicator":"no_girls_toilet"}},{"type":"Feature","geometry":{"type":"Point","coordinates":[78.06791,26.62784]},"properties":{"udise":"23020302008","name":"MS CHHATEE KA PURA","state":"MADHYA PRADESH","district":"MORENA","block":"MORENA","indicator":"no_girls_toilet"}},{"type":"Feature","geometry":{"type":"Point","coordinates":[78.06176,26.53845]},"properties":{"udise":"23020317709","name":"MADRSA JAMA MAZID KAMETI JIGNI","state":"MADHYA PRADESH","district":"MORENA","block":"MORENA","indicator":"no_girls_toilet"}},{"type":"Feature","geometry":{"type":"Point","coordinates":[77.48011,26.35204]},"properties":{"udise":"23020713624","name":"PS RAJPURA","state":"MADHYA PRADESH","district":"MORENA","block":"SABALGARH","indicator":"no_girls_toilet"}},{"type":"Feature","geometry":{"type":"Point","coordinates":[77.92601,26.60815]},"properties":{"udise":"23020301101","name":"PS HOLA PURA","state":"MADHYA PRADESH","district":"MORENA","block":"MORENA","indicator":"no_girls_toilet"}},{"type":"Feature","geometry":{"type":"Point","coordinates":[77.30762,26.23664]},"properties":{"udise":"23020702003","name":"PS RAVAT KA PURA","state":"MADHYA PRADESH","district":"MORENA","block":"SABALGARH","indicator":"no_girls_toilet"}},{"type":"Feature","geometry":{"type":"Point","coordinates":[78.09142,26.35704]},"properties":{"udise":"23020324503","name":"MADARSHA ANJUMAN ISLAMIYA BANMOR","state":"MADHYA PRADESH","district":"MORENA","block":"MORENA","indicator":"no_girls_toilet"}},{"type":"Feature","geometry":{"type":"Point","coordinates":[77.98082,26.49376]},"properties":{"udise":"23020328802","name":"LITTLE FLOWERS SCHOOL","state":"MADHYA PRADESH","district":"MORENA","block":"MORENA","indicator":"no_girls_toilet"}},{"type":"Feature","geometry":{"type":"Point","coordinates":[77.96111,26.58211]},"properties":{"udise":"23020303004","name":"PS BHIKHARAM KA PU","state":"MADHYA PRADESH","district":"MORENA","block":"MORENA","indicator":"no_girls_toilet"}},{"type":"Feature","geometry":{"type":"Point","coordinates":[77.69864,26.28561]},"properties":{"udise":"23020608903","name":"PS SARAS BAI KA PU","state":"MADHYA PRADESH","district":"MORENA","block":"KAILARAS","indicator":"no_girls_toilet"}},{"type":"Feature","geometry":{"type":"Point","coordinates":[77.91114,26.57177]},"properties":{"udise":"23020300105","name":"PS AJAI CHAD KA PU","state":"MADHYA PRADESH","district":"MORENA","block":"MORENA","indicator":"no_girls_toilet"}},{"type":"Feature","geometry":{"type":"Point","coordinates":[78.15983,26.6853]},"properties":{"udise":"23020200711","name":"PS NARAI KA PURA","state":"MADHYA PRADESH","district":"MORENA","block":"AMBAH","indicator":"no_girls_toilet"}},{"type":"Feature","geometry":{"type":"Point","coordinates":[78.23896,26.45709]},"properties":{"udise":"23020313305","name":"PS PRATAP PURA","state":"MADHYA PRADESH","district":"MORENA","block":"MORENA","indicator":"no_girls_toilet"}},{"type":"Feature","geometry":{"type":"Point","coordinates":[77.8184,26.30617]},"properties":{"udise":"23020401603","name":"PS JINDPURA","state":"MADHYA PRADESH","district":"MORENA","block":"JOURA","indicator":"no_girls_toilet"}},{"type":"Feature","geometry":{"type":"Point","coordinates":[77.30405,26.16936]},"properties":{"udise":"23020701908","name":"PS SHANKARPUR","state":"MADHYA PRADESH","district":"MORENA","block":"SABALGARH","indicator":"no_girls_toilet"}},{"type":"Feature","geometry":{"type":"Point","coordinates":[77.28129,26.18307]},"properties":{"udise":"23020704601","name":"PS KHIRKA","state":"MADHYA PRADESH","district":"MORENA","block":"SABALGARH","indicator":"no_girls_toilet"}},{"type":"Feature","geometry":{"type":"Point","coordinates":[78.20432,26.68047]},"properties":{"udise":"23020202212","name":"PS SADHU KA PURA","state":"MADHYA PRADESH","district":"MORENA","block":"AMBAH","indicator":"no_girls_toilet"}},{"type":"Feature","geometry":{"type":"Point","coordinates":[77.96585,26.359]},"properties":{"udise":"23020402411","name":"PS GHAMANDI KA PURA","state":"MADHYA PRADESH","district":"MORENA","block":"JOURA","indicator":"no_girls_toilet"}},{"type":"Feature","geometry":{"type":"Point","coordinates":[77.63903,26.25745]},"properties":{"udise":"23020608502","name":"PS CHODERA","state":"MADHYA PRADESH","district":"MORENA","block":"KAILARAS","indicator":"no_girls_toilet"}},{"type":"Feature","geometry":{"type":"Point","coordinates":[77.31719,26.20348]},"properties":{"udise":"23020702601","name":"PS PACHER","state":"MADHYA PRADESH","district":"MORENA","block":"SABALGARH","indicator":"no_girls_toilet"}},{"type":"Feature","geometry":{"type":"Point","coordinates":[78.13106,26.43433]},"properties":{"udise":"23020310603","name":"PS BISENTHA","state":"MADHYA PRADESH","district":"MORENA","block":"MORENA","indicator":"no_girls_toilet"}},{"type":"Feature","geometry":{"type":"Point","coordinates":[78.10573,26.5268]},"properties":{"udise":"23020306206","name":"PS HARIGAWAN","state":"MADHYA PRADESH","district":"MORENA","block":"MORENA","indicator":"no_girls_toilet"}},{"type":"Feature","geometry":{"type":"Point","coordinates":[77.65547,26.34219]},"properties":{"udise":"23020607403","name":"PS KANCHANPURA","state":"MADHYA PRADESH","district":"MORENA","block":"KAILARAS","indicator":"no_girls_toilet"}},{"type":"Feature","geometry":{"type":"Point","coordinates":[77.83273,26.33268]},"properties":{"udise":"23020408403","name":"PS BAWADI","state":"MADHYA PRADESH","district":"MORENA","block":"JOURA","indicator":"no_girls_toilet"}},{"type":"Feature","geometry":{"type":"Point","coordinates":[77.80304,26.3823]},"properties":{"udise":"23020405717","name":"PS BALLA KA PURA (MADHOGARH)","state":"MADHYA PRADESH","district":"MORENA","block":"JOURA","indicator":"no_girls_toilet"}},{"type":"Feature","geometry":{"type":"Point","coordinates":[77.42106,26.25222]},"properties":{"udise":"23020713578","name":"EX.HSS SABALGARH","state":"MADHYA PRADESH","district":"MORENA","block":"SABALGARH","indicator":"no_girls_toilet"}},{"type":"Feature","geometry":{"type":"Point","coordinates":[77.98298,26.47523]},"properties":{"udise":"23020316724","name":"ST JOHNS SCHOOL JOURI GAUN MORENA","state":"MADHYA PRADESH","district":"MORENA","block":"MORENA","indicator":"no_girls_toilet"}},{"type":"Feature","geometry":{"type":"Point","coordinates":[78.03421,26.63829]},"properties":{"udise":"23020302011","name":"PS HARNARAYAN KA PURA","state":"MADHYA PRADESH","district":"MORENA","block":"MORENA","indicator":"no_girls_toilet"}},{"type":"Feature","geometry":{"type":"Point","coordinates":[77.46804,26.19325]},"properties":{"udise":"23020710704","name":"PS TAILARI","state":"MADHYA PRADESH","district":"MORENA","block":"SABALGARH","indicator":"no_girls_toilet"}},{"type":"Feature","geometry":{"type":"Point","coordinates":[77.87457,26.47314]},"properties":{"udise":"23020409108","name":"PS LONGAT NAVEEN","state":"MADHYA PRADESH","district":"MORENA","block":"JOURA","indicator":"no_girls_toilet"}},{"type":"Feature","geometry":{"type":"Point","coordinates":[77.601,26.29994]},"properties":{"udise":"23020606201","name":"PS NAIBASTI RITHONIA","state":"MADHYA PRADESH","district":"MORENA","block":"KAILARAS","indicator":"no_girls_toilet"}},{"type":"Feature","geometry":{"type":"Point","coordinates":[77.25043,26.22942]},"properties":{"udise":"23020700601","name":"PS GODOLI HAR","state":"MADHYA PRADESH","district":"MORENA","block":"SABALGARH","indicator":"no_girls_toilet"}},{"type":"Feature","geometry":{"type":"Point","coordinates":[77.29789,26.28392]},"properties":{"udise":"23020704905","name":"PS DEVLAL KA PURA","state":"MADHYA PRADESH","district":"MORENA","block":"SABALGARH","indicator":"no_girls_toilet"}},{"type":"Feature","geometry":{"type":"Point","coordinates":[77.90348,26.59948]},"properties":{"udise":"23020300101","name":"PS KENTHARI","state":"MADHYA PRADESH","district":"MORENA","block":"MORENA","indicator":"no_girls_toilet"}},{"type":"Feature","geometry":{"type":"Point","coordinates":[77.6429,26.2848]},"properties":{"udise":"23020610306","name":"PS HARIJAN BASTI","state":"MADHYA PRADESH","district":"MORENA","block":"KAILARAS","indicator":"no_girls_toilet"}},{"type":"Feature","geometry":{"type":"Point","coordinates":[77.63755,26.35248]},"properties":{"udise":"23020607401","name":"PS BIL GAUN KWARI","state":"MADHYA PRADESH","district":"MORENA","block":"KAILARAS","indicator":"no_girls_toilet"}},{"type":"Feature","geometry":{"type":"Point","coordinates":[77.59672,26.19893]},"properties":{"udise":"23020604902","name":"PS CHHORPURA","state":"MADHYA PRADESH","district":"MORENA","block":"KAILARAS","indicator":"no_girls_toilet"}},{"type":"Feature","geometry":{"type":"Point","coordinates":[77.761,26.39285]},"properties":{"udise":"23020400704","name":"PS HARIBHAN KA PURA","state":"MADHYA PRADESH","district":"MORENA","block":"JOURA","indicator":"no_girls_toilet"}},{"type":"Feature","geometry":{"type":"Point","coordinates":[77.92676,26.56025]},"properties":{"udise":"23020303106","name":"PS GOPALPURA","state":"MADHYA PRADESH","district":"MORENA","block":"MORENA","indicator":"no_girls_toilet"}},{"type":"Feature","geometry":{"type":"Point","coordinates":[77.60008,26.20383]},"properties":{"udise":"23020604903","name":"PS BAGH KA P URA","state":"MADHYA PRADESH","district":"MORENA","block":"KAILARAS","indicator":"no_girls_toilet"}},{"type":"Feature","geometry":{"type":"Point","coordinates":[78.10808,26.5369]},"properties":{"udise":"23020306006","name":"PS SHANKARPUR","state":"MADHYA PRADESH","district":"MORENA","block":"MORENA","indicator":"no_girls_toilet"}},{"type":"Feature","geometry":{"type":"Point","coordinates":[78.45701,26.77046]},"properties":{"udise":"23020103409","name":"NAVEEN P.S. PANDA KA PURA","state":"MADHYA PRADESH","district":"MORENA","block":"PORSA","indicator":"no_girls_toilet"}},{"type":"Feature","geometry":{"type":"Point","coordinates":[78.18476,26.33475]},"properties":{"udise":"23020315403","name":"PS PEEPARI PURA","state":"MADHYA PRADESH","district":"MORENA","block":"MORENA","indicator":"no_girls_toilet"}},{"type":"Feature","geometry":{"type":"Point","coordinates":[77.17753,26.19913]},"properties":{"udise":"23020701001","name":"PS KACHHINDA","state":"MADHYA PRADESH","district":"MORENA","block":"SABALGARH","indicator":"no_girls_toilet"}},{"type":"Feature","geometry":{"type":"Point","coordinates":[77.48843,26.13412]},"properties":{"udise":"23020714601","name":"PS CHKA PURA","state":"MADHYA PRADESH","district":"MORENA","block":"SABALGARH","indicator":"no_girls_toilet"}},{"type":"Feature","geometry":{"type":"Point","coordinates":[78.02572,26.4741]},"properties":{"udise":"23020316205","name":"PS PUNNA KA PURA","state":"MADHYA PRADESH","district":"MORENA","block":"MORENA","indicator":"no_girls_toilet"}},{"type":"Feature","geometry":{"type":"Point","coordinates":[77.48163,26.09751]},"properties":{"udise":"23020712701","name":"PS BERKHEDA","state":"MADHYA PRADESH","district":"MORENA","block":"SABALGARH","indicator":"no_girls_toilet"}},{"type":"Feature","geometry":{"type":"Point","coordinates":[78.08791,26.48125]},"properties":{"udise":"23020306603","name":"PS JINAWALI","state":"MADHYA PRADESH","district":"MORENA","block":"MORENA","indicator":"no_girls_toilet"}},{"type":"Feature","geometry":{"type":"Point","coordinates":[77.6429,26.2848]},"properties":{"udise":"23020610305","name":"PS LEELAHAR KA PURA","state":"MADHYA PRADESH","district":"MORENA","block":"KAILARAS","indicator":"no_girls_toilet"}},{"type":"Feature","geometry":{"type":"Point","coordinates":[77.96147,26.54256]},"properties":{"udise":"23020308710","name":"PS SAPCHOLI (NAVEEN)","state":"MADHYA PRADESH","district":"MORENA","block":"MORENA","indicator":"no_girls_toilet"}},{"type":"Feature","geometry":{"type":"Point","coordinates":[78.07319,26.42804]},"properties":{"udise":"23020307901","name":"PS CHURHELA","state":"MADHYA PRADESH","district":"MORENA","block":"MORENA","indicator":"no_girls_toilet"}},{"type":"Feature","geometry":{"type":"Point","coordinates":[77.61893,26.32984]},"properties":{"udise":"23020601405","name":"PS HARIJAN BASTI P","state":"MADHYA PRADESH","district":"MORENA","block":"KAILARAS","indicator":"no_girls_toilet"}},{"type":"Feature","geometry":{"type":"Point","coordinates":[77.84098,26.48806]},"properties":{"udise":"23020408713","name":"PS CHENTIWALI KA PURA","state":"MADHYA PRADESH","district":"MORENA","block":"JOURA","indicator":"no_girls_toilet"}},{"type":"Feature","geometry":{"type":"Point","coordinates":[77.41421,26.24874]},"properties":{"udise":"23020715401","name":"PS CHOTI RUNDHAN KHALSA","state":"MADHYA PRADESH","district":"MORENA","block":"SABALGARH","indicator":"no_girls_toilet"}},{"type":"Feature","geometry":{"type":"Point","coordinates":[77.37676,26.24947]},"properties":{"udise":"23020704304","name":"PS DAIPUR","state":"MADHYA PRADESH","district":"MORENA","block":"SABALGARH","indicator":"no_girls_toilet"}},{"type":"Feature","geometry":{"type":"Point","coordinates":[77.54895,26.31483]},"properties":{"udise":"23020600705","name":"PS RAJPURA JAGIR","state":"MADHYA PRADESH","district":"MORENA","block":"KAILARAS","indicator":"no_girls_toilet"}},{"type":"Feature","geometry":{"type":"Point","coordinates":[77.97243,26.50898]},"properties":{"udise":"23020317316","name":"SHIV DEVI CONVENT SCHOOL","state":"MADHYA PRADESH","district":"MORENA","block":"MORENA","indicator":"no_girls_toilet"}},{"type":"Feature","geometry":{"type":"Point","coordinates":[77.88315,26.30476]},"properties":{"udise":"23020402306","name":"PS SARNAM SINGH KA PURA","state":"MADHYA PRADESH","district":"MORENA","block":"JOURA","indicator":"no_girls_toilet"}},{"type":"Feature","geometry":{"type":"Point","coordinates":[78.41304,26.69741]},"properties":{"udise":"23020104737","name":"PS BALLE KA PURA NAVEEN","state":"MADHYA PRADESH","district":"MORENA","block":"PORSA","indicator":"no_girls_toilet"}},{"type":"Feature","geometry":{"type":"Point","coordinates":[77.29433,26.16868]},"properties":{"udise":"23020701302","name":"PS NATHANPURA","state":"MADHYA PRADESH","district":"MORENA","block":"SABALGARH","indicator":"no_girls_toilet"}},{"type":"Feature","geometry":{"type":"Point","coordinates":[78.35913,26.65154]},"properties":{"udise":"23020206103","name":"PS GYANAND KA PURA","state":"MADHYA PRADESH","district":"MORENA","block":"AMBAH","indicator":"no_girls_toilet"}},{"type":"Feature","geometry":{"type":"Point","coordinates":[77.8184,26.30617]},"properties":{"udise":"23020401604","name":"PS SINGHORA NAVEEN","state":"MADHYA PRADESH","district":"MORENA","block":"JOURA","indicator":"no_girls_toilet"}},{"type":"Feature","geometry":{"type":"Point","coordinates":[77.55266,26.29528]},"properties":{"udise":"23020600902","name":"PS RATAN PURA","state":"MADHYA PRADESH","district":"MORENA","block":"KAILARAS","indicator":"no_girls_toilet"}},{"type":"Feature","geometry":{"type":"Point","coordinates":[77.54289,26.17724]},"properties":{"udise":"23020604606","name":"PS MAYARAM KA PURA","state":"MADHYA PRADESH","district":"MORENA","block":"KAILARAS","indicator":"no_girls_toilet"}},{"type":"Feature","geometry":{"type":"Point","coordinates":[77.39562,26.29386]},"properties":{"udise":"23020705804","name":"PS KOLIYA","state":"MADHYA PRADESH","district":"MORENA","block":"SABALGARH","indicator":"no_girls_toilet"}},{"type":"Feature","geometry":{"type":"Point","coordinates":[77.91524,26.37476]},"properties":{"udise":"23020403831","name":"S.R.S MEMORIAL CONVENT SCHOOL","state":"MADHYA PRADESH","district":"MORENA","block":"JOURA","indicator":"no_girls_toilet"}},{"type":"Feature","geometry":{"type":"Point","coordinates":[77.96147,26.54256]},"properties":{"udise":"23020308709","name":"PS MAUKHEDA","state":"MADHYA PRADESH","district":"MORENA","block":"MORENA","indicator":"no_girls_toilet"}},{"type":"Feature","geometry":{"type":"Point","coordinates":[77.7177,26.26128]},"properties":{"udise":"23020609103","name":"PS HARIJAN BASTI D","state":"MADHYA PRADESH","district":"MORENA","block":"KAILARAS","indicator":"no_girls_toilet"}},{"type":"Feature","geometry":{"type":"Point","coordinates":[77.98651,26.49047]},"properties":{"udise":"23020326604","name":"ROYAL KIDS SCHOOL MORENA","state":"MADHYA PRADESH","district":"MORENA","block":"MORENA","indicator":"no_girls_toilet"}},{"type":"Feature","geometry":{"type":"Point","coordinates":[78.10777,26.4463]},"properties":{"udise":"23020311207","name":"PS LOLIKPUR","state":"MADHYA PRADESH","district":"MORENA","block":"MORENA","indicator":"no_girls_toilet"}},{"type":"Feature","geometry":{"type":"Point","coordinates":[77.98872,26.50094]},"properties":{"udise":"23020324202","name":"PRIVT. INDIAN REDCROSS SCHOOL","state":"MADHYA PRADESH","district":"MORENA","block":"MORENA","indicator":"no_girls_toilet"}},{"type":"Feature","geometry":{"type":"Point","coordinates":[77.2026,26.21588]},"properties":{"udise":"23020700404","name":"PS RAGHEN","state":"MADHYA PRADESH","district":"MORENA","block":"SABALGARH","indicator":"no_girls_toilet"}},{"type":"Feature","geometry":{"type":"Point","coordinates":[78.41023,26.6987]},"properties":{"udise":"23020111401","name":"MS BHAJAN PURA","state":"MADHYA PRADESH","district":"MORENA","block":"PORSA","indicator":"no_girls_toilet"}},{"type":"Feature","geometry":{"type":"Point","coordinates":[78.02507,26.42337]},"properties":{"udise":"23020308103","name":"PS PARI KA PURA","state":"MADHYA PRADESH","district":"MORENA","block":"MORENA","indicator":"no_girls_toilet"}},{"type":"Feature","geometry":{"type":"Point","coordinates":[78.12279,26.59191]},"properties":{"udise":"23020304703","name":"PS KHURD","state":"MADHYA PRADESH","district":"MORENA","block":"MORENA","indicator":"no_girls_toilet"}},{"type":"Feature","geometry":{"type":"Point","coordinates":[78.22886,26.76471]},"properties":{"udise":"23020100118","name":"PS BALU KA PURA","state":"MADHYA PRADESH","district":"MORENA","block":"PORSA","indicator":"no_girls_toilet"}},{"type":"Feature","geometry":{"type":"Point","coordinates":[78.47927,26.75691]},"properties":{"udise":"23020103702","name":"PS CHAKKI KA PURA","state":"MADHYA PRADESH","district":"MORENA","block":"PORSA","indicator":"no_girls_toilet"}},{"type":"Feature","geometry":{"type":"Point","coordinates":[78.03356,26.5988]},"properties":{"udise":"23020309607","name":"PS GOPIYAPURA","state":"MADHYA PRADESH","district":"MORENA","block":"MORENA","indicator":"no_girls_toilet"}},{"type":"Feature","geometry":{"type":"Point","coordinates":[78.46754,26.75251]},"properties":{"udise":"23020103604","name":"PS KHALAK KA PURA","state":"MADHYA PRADESH","district":"MORENA","block":"PORSA","indicator":"no_girls_toilet"}},{"type":"Feature","geometry":{"type":"Point","coordinates":[77.32846,26.28205]},"properties":{"udise":"23020704903","name":"MS KHEDA DIGBAR","state":"MADHYA PRADESH","district":"MORENA","block":"SABALGARH","indicator":"no_girls_toilet"}},{"type":"Feature","geometry":{"type":"Point","coordinates":[78.06348,26.58622]},"properties":{"udise":"23020304512","name":"MS CHENTA","state":"MADHYA PRADESH","district":"MORENA","block":"MORENA","indicator":"no_girls_toilet"}},{"type":"Feature","geometry":{"type":"Point","coordinates":[77.30528,26.17843]},"properties":{"udise":"23020701903","name":"PS TENTRA KA PURA","state":"MADHYA PRADESH","district":"MORENA","block":"SABALGARH","indicator":"girls_toilet_nonfunctional"}},{"type":"Feature","geometry":{"type":"Point","coordinates":[77.52287,26.14984]},"properties":{"udise":"23020603901","name":"PS GOLHARI","state":"MADHYA PRADESH","district":"MORENA","block":"KAILARAS","indicator":"girls_toilet_nonfunctional"}},{"type":"Feature","geometry":{"type":"Point","coordinates":[77.50539,26.14369]},"properties":{"udise":"23020604303","name":"PS SHAKTIPURA","state":"MADHYA PRADESH","district":"MORENA","block":"KAILARAS","indicator":"girls_toilet_nonfunctional"}},{"type":"Feature","geometry":{"type":"Point","coordinates":[77.53874,26.15852]},"properties":{"udise":"23020603912","name":"PS BARAIPURA","state":"MADHYA PRADESH","district":"MORENA","block":"KAILARAS","indicator":"girls_toilet_nonfunctional"}},{"type":"Feature","geometry":{"type":"Point","coordinates":[78.1961,26.32894]},"properties":{"udise":"23020315501","name":"PS MALKHAN PURA","state":"MADHYA PRADESH","district":"MORENA","block":"MORENA","indicator":"girls_toilet_nonfunctional"}},{"type":"Feature","geometry":{"type":"Point","coordinates":[78.10728,26.69184]},"properties":{"udise":"23020200606","name":"H.S.S. KUTHIYANA","state":"MADHYA PRADESH","district":"MORENA","block":"AMBAH","indicator":"girls_toilet_nonfunctional"}},{"type":"Feature","geometry":{"type":"Point","coordinates":[78.13236,26.67738]},"properties":{"udise":"23020200708","name":"PS DAKSHAPUR","state":"MADHYA PRADESH","district":"MORENA","block":"AMBAH","indicator":"girls_toilet_nonfunctional"}},{"type":"Feature","geometry":{"type":"Point","coordinates":[77.61835,26.30351]},"properties":{"udise":"23020606633","name":"ASIAN PUBLIC PRIMARYMIDDLE SCHOOL KAILARAS (PS-5229)","state":"MADHYA PRADESH","district":"MORENA","block":"KAILARAS","indicator":"girls_toilet_nonfunctional"}},{"type":"Feature","geometry":{"type":"Point","coordinates":[78.10548,26.45802]},"properties":{"udise":"23020307503","name":"J.K. MIDDEL SCHOOL GIRGONI","state":"MADHYA PRADESH","district":"MORENA","block":"MORENA","indicator":"girls_toilet_nonfunctional"}},{"type":"Feature","geometry":{"type":"Point","coordinates":[77.71738,26.3028]},"properties":{"udise":"23020608203","name":"MS BAGHROULI","state":"MADHYA PRADESH","district":"MORENA","block":"KAILARAS","indicator":"girls_toilet_nonfunctional"}},{"type":"Feature","geometry":{"type":"Point","coordinates":[77.52126,26.28763]},"properties":{"udise":"23020600803","name":"MS SEMAI","state":"MADHYA PRADESH","district":"MORENA","block":"KAILARAS","indicator":"girls_toilet_nonfunctional"}},{"type":"Feature","geometry":{"type":"Point","coordinates":[77.59075,26.32414]},"properties":{"udise":"23020601402","name":"PS MUKANDIPURA","state":"MADHYA PRADESH","district":"MORENA","block":"KAILARAS","indicator":"girls_toilet_nonfunctional"}},{"type":"Feature","geometry":{"type":"Point","coordinates":[78.27354,26.64611]},"properties":{"udise":"23020205010","name":"PS SARSI NAVEEN","state":"MADHYA PRADESH","district":"MORENA","block":"AMBAH","indicator":"girls_toilet_nonfunctional"}},{"type":"Feature","geometry":{"type":"Point","coordinates":[77.93535,26.60538]},"properties":{"udise":"23020301004","name":"MS HETAM PUR","state":"MADHYA PRADESH","district":"MORENA","block":"MORENA","indicator":"girls_toilet_nonfunctional"}},{"type":"Feature","geometry":{"type":"Point","coordinates":[78.0514,26.41618]},"properties":{"udise":"23020308516","name":"PS PUBLIC SCHOOL","state":"MADHYA PRADESH","district":"MORENA","block":"MORENA","indicator":"girls_toilet_nonfunctional"}},{"type":"Feature","geometry":{"type":"Point","coordinates":[77.61584,26.29897]},"properties":{"udise":"23020606652","name":"BRIGHT STAR PUBLIC SCHOOL (PS-9136)","state":"MADHYA PRADESH","district":"MORENA","block":"KAILARAS","indicator":"girls_toilet_nonfunctional"}},{"type":"Feature","geometry":{"type":"Point","coordinates":[78.18975,26.33461]},"properties":{"udise":"23020315402","name":"PS URHANA","state":"MADHYA PRADESH","district":"MORENA","block":"MORENA","indicator":"girls_toilet_nonfunctional"}},{"type":"Feature","geometry":{"type":"Point","coordinates":[78.04836,26.44879]},"properties":{"udise":"23020307401","name":"PS JARONI","state":"MADHYA PRADESH","district":"MORENA","block":"MORENA","indicator":"girls_toilet_nonfunctional"}},{"type":"Feature","geometry":{"type":"Point","coordinates":[77.95151,26.39997]},"properties":{"udise":"23020402515","name":"PS DAGRIYA KA PURA","state":"MADHYA PRADESH","district":"MORENA","block":"JOURA","indicator":"girls_toilet_nonfunctional"}},{"type":"Feature","geometry":{"type":"Point","coordinates":[78.20074,26.55268]},"properties":{"udise":"23020203811","name":"PS DOLI KA PURA","state":"MADHYA PRADESH","district":"MORENA","block":"AMBAH","indicator":"girls_toilet_nonfunctional"}},{"type":"Feature","geometry":{"type":"Point","coordinates":[78.25739,26.45577]},"properties":{"udise":"23020313801","name":"PS GADARA","state":"MADHYA PRADESH","district":"MORENA","block":"MORENA","indicator":"girls_toilet_nonfunctional"}},{"type":"Feature","geometry":{"type":"Point","coordinates":[78.26166,26.37126]},"properties":{"udise":"23020314901","name":"PS BADBARI","state":"MADHYA PRADESH","district":"MORENA","block":"MORENA","indicator":"girls_toilet_nonfunctional"}},{"type":"Feature","geometry":{"type":"Point","coordinates":[77.51015,26.31272]},"properties":{"udise":"23020601101","name":"PS SIMRODA","state":"MADHYA PRADESH","district":"MORENA","block":"KAILARAS","indicator":"girls_toilet_nonfunctional"}},{"type":"Feature","geometry":{"type":"Point","coordinates":[77.56821,26.04486]},"properties":{"udise":"23020510001","name":"PS PALI","state":"MADHYA PRADESH","district":"MORENA","block":"PAHARGARH","indicator":"girls_toilet_nonfunctional"}},{"type":"Feature","geometry":{"type":"Point","coordinates":[78.32015,26.65297]},"properties":{"udise":"23020206108","name":"PS MIRAN KI GADI","state":"MADHYA PRADESH","district":"MORENA","block":"AMBAH","indicator":"girls_toilet_nonfunctional"}},{"type":"Feature","geometry":{"type":"Point","coordinates":[78.2061,26.77808]},"properties":{"udise":"23020100121","name":"PS GOHDUPRA","state":"MADHYA PRADESH","district":"MORENA","block":"PORSA","indicator":"girls_toilet_nonfunctional"}},{"type":"Feature","geometry":{"type":"Point","coordinates":[78.1864,26.64713]},"properties":{"udise":"23020203304","name":"PS AJJUDI KA PURA","state":"MADHYA PRADESH","district":"MORENA","block":"AMBAH","indicator":"girls_toilet_nonfunctional"}},{"type":"Feature","geometry":{"type":"Point","coordinates":[77.61503,26.26687]},"properties":{"udise":"23020606001","name":"PS NIRARA","state":"MADHYA PRADESH","district":"MORENA","block":"KAILARAS","indicator":"girls_toilet_nonfunctional"}},{"type":"Feature","geometry":{"type":"Point","coordinates":[78.09636,26.34733]},"properties":{"udise":"23020320412","name":"PS ADARASH COLONY","state":"MADHYA PRADESH","district":"MORENA","block":"MORENA","indicator":"girls_toilet_nonfunctional"}},{"type":"Feature","geometry":{"type":"Point","coordinates":[78.00746,26.50389]},"properties":{"udise":"23020326314","name":"J.B.M. CONVENT SCHOOL MORENA","state":"MADHYA PRADESH","district":"MORENA","block":"MORENA","indicator":"girls_toilet_nonfunctional"}},{"type":"Feature","geometry":{"type":"Point","coordinates":[78.00313,26.49771]},"properties":{"udise":"23020318137","name":"MS NO 4. MORENA","state":"MADHYA PRADESH","district":"MORENA","block":"MORENA","indicator":"girls_toilet_nonfunctional"}},{"type":"Feature","geometry":{"type":"Point","coordinates":[78.26607,26.65471]},"properties":{"udise":"23020205003","name":"PS NADOL KA PURA","state":"MADHYA PRADESH","district":"MORENA","block":"AMBAH","indicator":"girls_toilet_nonfunctional"}},{"type":"Feature","geometry":{"type":"Point","coordinates":[78.31123,26.57027]},"properties":{"udise":"23020206805","name":"PS KOLUA","state":"MADHYA PRADESH","district":"MORENA","block":"AMBAH","indicator":"girls_toilet_nonfunctional"}},{"type":"Feature","geometry":{"type":"Point","coordinates":[77.97673,26.48724]},"properties":{"udise":"23020317301","name":"PS JOURA KHURD","state":"MADHYA PRADESH","district":"MORENA","block":"MORENA","indicator":"girls_toilet_nonfunctional"}},{"type":"Feature","geometry":{"type":"Point","coordinates":[78.22553,26.58808]},"properties":{"udise":"23020203611","name":"PS BHATT SINGH KA PURA","state":"MADHYA PRADESH","district":"MORENA","block":"AMBAH","indicator":"girls_toilet_nonfunctional"}},{"type":"Feature","geometry":{"type":"Point","coordinates":[77.63894,26.1992]},"properties":{"udise":"23020509208","name":"MS ST.G.PAHARGARH","state":"MADHYA PRADESH","district":"MORENA","block":"PAHARGARH","indicator":"girls_toilet_nonfunctional"}},{"type":"Feature","geometry":{"type":"Point","coordinates":[78.32136,26.60566]},"properties":{"udise":"23020206704","name":"PS ESWARI KA PURA","state":"MADHYA PRADESH","district":"MORENA","block":"AMBAH","indicator":"girls_toilet_nonfunctional"}},{"type":"Feature","geometry":{"type":"Point","coordinates":[77.56859,26.20989]},"properties":{"udise":"23020605002","name":"SHASTRI HIGH SCHOOL KONDA (NIKAYADHEEN)","state":"MADHYA PRADESH","district":"MORENA","block":"KAILARAS","indicator":"girls_toilet_nonfunctional"}},{"type":"Feature","geometry":{"type":"Point","coordinates":[78.17346,26.68332]},"properties":{"udise":"23020202209","name":"PS JAISINGH KA PURA","state":"MADHYA PRADESH","district":"MORENA","block":"AMBAH","indicator":"girls_toilet_nonfunctional"}},{"type":"Feature","geometry":{"type":"Point","coordinates":[78.06088,26.42389]},"properties":{"udise":"23020308001","name":"PS JARARA","state":"MADHYA PRADESH","district":"MORENA","block":"MORENA","indicator":"girls_toilet_nonfunctional"}},{"type":"Feature","geometry":{"type":"Point","coordinates":[78.15768,26.59639]},"properties":{"udise":"23020304805","name":"MS SIGHARI KA PURA","state":"MADHYA PRADESH","district":"MORENA","block":"MORENA","indicator":"girls_toilet_nonfunctional"}},{"type":"Feature","geometry":{"type":"Point","coordinates":[78.06983,26.34115]},"properties":{"udise":"23020308604","name":"PS HARSHANE KA PURA","state":"MADHYA PRADESH","district":"MORENA","block":"MORENA","indicator":"girls_toilet_nonfunctional"}},{"type":"Feature","geometry":{"type":"Point","coordinates":[78.23001,26.3791]},"properties":{"udise":"23020314805","name":"PS SAMSOO KA PURA","state":"MADHYA PRADESH","district":"MORENA","block":"MORENA","indicator":"girls_toilet_nonfunctional"}},{"type":"Feature","geometry":{"type":"Point","coordinates":[78.12694,26.3383]},"properties":{"udise":"23020318208","name":"PS POORAN SINGH KA PURA","state":"MADHYA PRADESH","district":"MORENA","block":"MORENA","indicator":"girls_toilet_nonfunctional"}},{"type":"Feature","geometry":{"type":"Point","coordinates":[77.5455,26.19119]},"properties":{"udise":"23020604001","name":"PS DEVRI","state":"MADHYA PRADESH","district":"MORENA","block":"KAILARAS","indicator":"girls_toilet_nonfunctional"}},{"type":"Feature","geometry":{"type":"Point","coordinates":[78.10203,26.61502]},"properties":{"udise":"23020202902","name":"PS PATARA","state":"MADHYA PRADESH","district":"MORENA","block":"AMBAH","indicator":"girls_toilet_nonfunctional"}},{"type":"Feature","geometry":{"type":"Point","coordinates":[77.61584,26.19897]},"properties":{"udise":"23020611101","name":"SHANTI SHIKSHA NIKETAN PS/MS KAILARAS","state":"MADHYA PRADESH","district":"MORENA","block":"KAILARAS","indicator":"girls_toilet_nonfunctional"}},{"type":"Feature","geometry":{"type":"Point","coordinates":[78.34362,26.60323]},"properties":{"udise":"23020207410","name":"PS BHADORIYA KA PURA","state":"MADHYA PRADESH","district":"MORENA","block":"AMBAH","indicator":"girls_toilet_nonfunctional"}},{"type":"Feature","geometry":{"type":"Point","coordinates":[78.35639,26.57547]},"properties":{"udise":"23020207205","name":"MS BHINDOSA","state":"MADHYA PRADESH","district":"MORENA","block":"AMBAH","indicator":"girls_toilet_nonfunctional"}},{"type":"Feature","geometry":{"type":"Point","coordinates":[77.69717,26.34543]},"properties":{"udise":"23020607801","name":"PS DEEPHERA","state":"MADHYA PRADESH","district":"MORENA","block":"KAILARAS","indicator":"girls_toilet_nonfunctional"}},{"type":"Feature","geometry":{"type":"Point","coordinates":[78.18476,26.63743]},"properties":{"udise":"23020203305","name":"PS MIKUT SINGH KA PURA","state":"MADHYA PRADESH","district":"MORENA","block":"AMBAH","indicator":"girls_toilet_nonfunctional"}},{"type":"Feature","geometry":{"type":"Point","coordinates":[78.12009,26.57316]},"properties":{"udise":"23020304601","name":"PS BADA GAUN NAVLI","state":"MADHYA PRADESH","district":"MORENA","block":"MORENA","indicator":"girls_toilet_nonfunctional"}},{"type":"Feature","geometry":{"type":"Point","coordinates":[78.17335,26.56822]},"properties":{"udise":"23020305104","name":"MS MIRAHGHAN","state":"MADHYA PRADESH","district":"MORENA","block":"MORENA","indicator":"girls_toilet_nonfunctional"}},{"type":"Feature","geometry":{"type":"Point","coordinates":[77.88108,26.36361]},"properties":{"udise":"23020404203","name":"PS RAJGHAT KA PURA","state":"MADHYA PRADESH","district":"MORENA","block":"JOURA","indicator":"girls_toilet_nonfunctional"}},{"type":"Feature","geometry":{"type":"Point","coordinates":[78.00072,26.49975]},"properties":{"udise":"23020322208","name":"JINIUS HSS MORENA","state":"MADHYA PRADESH","district":"MORENA","block":"MORENA","indicator":"girls_toilet_nonfunctional"}},{"type":"Feature","geometry":{"type":"Point","coordinates":[78.19917,26.73755]},"properties":{"udise":"23020201306","name":"MS MAHASUKH KA PURA","state":"MADHYA PRADESH","district":"MORENA","block":"AMBAH","indicator":"girls_toilet_nonfunctional"}},{"type":"Feature","geometry":{"type":"Point","coordinates":[78.15545,26.62059]},"properties":{"udise":"23020203101","name":"PS CHAND PUR","state":"MADHYA PRADESH","district":"MORENA","block":"AMBAH","indicator":"girls_toilet_nonfunctional"}},{"type":"Feature","geometry":{"type":"Point","coordinates":[77.61584,26.29897]},"properties":{"udise":"23020606686","name":"INDIAN PUBLIC SCHOOL KAILARASH","state":"MADHYA PRADESH","district":"MORENA","block":"KAILARAS","indicator":"girls_toilet_nonfunctional"}},{"type":"Feature","geometry":{"type":"Point","coordinates":[77.66815,26.28592]},"properties":{"udise":"23020608602","name":"MS REEJHONI","state":"MADHYA PRADESH","district":"MORENA","block":"KAILARAS","indicator":"girls_toilet_nonfunctional"}},{"type":"Feature","geometry":{"type":"Point","coordinates":[77.98298,26.47523]},"properties":{"udise":"23020316719","name":"THE MISSION PUBLIC SCHOOL JOURI","state":"MADHYA PRADESH","district":"MORENA","block":"MORENA","indicator":"girls_toilet_nonfunctional"}},{"type":"Feature","geometry":{"type":"Point","coordinates":[78.18903,26.72775]},"properties":{"udise":"23020200908","name":"PS AADE KA PURA","state":"MADHYA PRADESH","district":"MORENA","block":"AMBAH","indicator":"girls_toilet_nonfunctional"}},{"type":"Feature","geometry":{"type":"Point","coordinates":[78.14728,26.34113]},"properties":{"udise":"23020320414","name":"MS NATT COLONY","state":"MADHYA PRADESH","district":"MORENA","block":"MORENA","indicator":"girls_toilet_nonfunctional"}},{"type":"Feature","geometry":{"type":"Point","coordinates":[78.34059,26.62174]},"properties":{"udise":"23020207501","name":"PS AROOSI","state":"MADHYA PRADESH","district":"MORENA","block":"AMBAH","indicator":"girls_toilet_nonfunctional"}},{"type":"Feature","geometry":{"type":"Point","coordinates":[78.06968,26.36364]},"properties":{"udise":"23020308703","name":"PS KHATANE KA PURA","state":"MADHYA PRADESH","district":"MORENA","block":"MORENA","indicator":"girls_toilet_nonfunctional"}},{"type":"Feature","geometry":{"type":"Point","coordinates":[77.61701,26.30623]},"properties":{"udise":"23020606608","name":"MS KAILARAS","state":"MADHYA PRADESH","district":"MORENA","block":"KAILARAS","indicator":"girls_toilet_nonfunctional"}},{"type":"Feature","geometry":{"type":"Point","coordinates":[77.60987,26.30204]},"properties":{"udise":"23020606502","name":"PS ANTARI","state":"MADHYA PRADESH","district":"MORENA","block":"KAILARAS","indicator":"girls_toilet_nonfunctional"}},{"type":"Feature","geometry":{"type":"Point","coordinates":[78.10762,26.55934]},"properties":{"udise":"23020304616","name":"PS MAHADEV KA PURA","state":"MADHYA PRADESH","district":"MORENA","block":"MORENA","indicator":"girls_toilet_nonfunctional"}},{"type":"Feature","geometry":{"type":"Point","coordinates":[78.22599,26.47172]},"properties":{"udise":"23020313304","name":"H.S BHAISORA","state":"MADHYA PRADESH","district":"MORENA","block":"MORENA","indicator":"girls_toilet_nonfunctional"}},{"type":"Feature","geometry":{"type":"Point","coordinates":[77.53595,26.27196]},"properties":{"udise":"23020600204","name":"PS JANAKPUR","state":"MADHYA PRADESH","district":"MORENA","block":"KAILARAS","indicator":"girls_toilet_nonfunctional"}},{"type":"Feature","geometry":{"type":"Point","coordinates":[78.17898,26.49839]},"properties":{"udise":"23020312201","name":"PS SANGOLI","state":"MADHYA PRADESH","district":"MORENA","block":"MORENA","indicator":"girls_toilet_nonfunctional"}},{"type":"Feature","geometry":{"type":"Point","coordinates":[78.49755,26.70887]},"properties":{"udise":"23020104109","name":"PS HENDU KA PURA","state":"MADHYA PRADESH","district":"MORENA","block":"PORSA","indicator":"girls_toilet_nonfunctional"}},{"type":"Feature","geometry":{"type":"Point","coordinates":[78.19239,26.64306]},"properties":{"udise":"23020203309","name":"PS SHANKAR SINGH KA PUR","state":"MADHYA PRADESH","district":"MORENA","block":"AMBAH","indicator":"girls_toilet_nonfunctional"}},{"type":"Feature","geometry":{"type":"Point","coordinates":[78.17841,26.71679]},"properties":{"udise":"23020200909","name":"PS CHATUR KI GADHI","state":"MADHYA PRADESH","district":"MORENA","block":"AMBAH","indicator":"girls_toilet_nonfunctional"}},{"type":"Feature","geometry":{"type":"Point","coordinates":[77.94926,26.41331]},"properties":{"udise":"23020403101","name":"AIDED SCHOOL JANTA P.S.GADI KHERA","state":"MADHYA PRADESH","district":"MORENA","block":"JOURA","indicator":"girls_toilet_nonfunctional"}},{"type":"Feature","geometry":{"type":"Point","coordinates":[78.1472,26.47296]},"properties":{"udise":"23020306704","name":"PS KHADIYA KA PURA","state":"MADHYA PRADESH","district":"MORENA","block":"MORENA","indicator":"girls_toilet_nonfunctional"}},{"type":"Feature","geometry":{"type":"Point","coordinates":[77.56851,26.17794]},"properties":{"udise":"23020604610","name":"PS BHITANVADA","state":"MADHYA PRADESH","district":"MORENA","block":"KAILARAS","indicator":"girls_toilet_nonfunctional"}},{"type":"Feature","geometry":{"type":"Point","coordinates":[78.02143,26.46913]},"properties":{"udise":"23020317803","name":"PS GOTHIYAN KA PURA","state":"MADHYA PRADESH","district":"MORENA","block":"MORENA","indicator":"girls_toilet_nonfunctional"}},{"type":"Feature","geometry":{"type":"Point","coordinates":[78.17618,26.62538]},"properties":{"udise":"23020203312","name":"PS BAG KA PURA","state":"MADHYA PRADESH","district":"MORENA","block":"AMBAH","indicator":"girls_toilet_nonfunctional"}},{"type":"Feature","geometry":{"type":"Point","coordinates":[77.47518,26.34801]},"properties":{"udise":"23020713632","name":"BHARTI CONVENT SCHOOL JHUNDPURA (PS-87529)","state":"MADHYA PRADESH","district":"MORENA","block":"SABALGARH","indicator":"girls_toilet_nonfunctional"}},{"type":"Feature","geometry":{"type":"Point","coordinates":[78.21737,26.49998]},"properties":{"udise":"23020312503","name":"MS PARIKSHA","state":"MADHYA PRADESH","district":"MORENA","block":"MORENA","indicator":"girls_toilet_nonfunctional"}},{"type":"Feature","geometry":{"type":"Point","coordinates":[77.70957,26.26681]},"properties":{"udise":"23020609102","name":"PS GARHIPURA","state":"MADHYA PRADESH","district":"MORENA","block":"KAILARAS","indicator":"girls_toilet_nonfunctional"}},{"type":"Feature","geometry":{"type":"Point","coordinates":[78.21362,26.65469]},"properties":{"udise":"23020203524","name":"PS KURRI","state":"MADHYA PRADESH","district":"MORENA","block":"AMBAH","indicator":"girls_toilet_nonfunctional"}},{"type":"Feature","geometry":{"type":"Point","coordinates":[77.57028,26.18454]},"properties":{"udise":"23020604503","name":"PS NAYAGAOUN VAHARARA","state":"MADHYA PRADESH","district":"MORENA","block":"KAILARAS","indicator":"girls_toilet_nonfunctional"}},{"type":"Feature","geometry":{"type":"Point","coordinates":[77.53751,26.34294]},"properties":{"udise":"23020600101","name":"PS MADHOGARH","state":"MADHYA PRADESH","district":"MORENA","block":"KAILARAS","indicator":"girls_toilet_nonfunctional"}},{"type":"Feature","geometry":{"type":"Point","coordinates":[77.55898,26.19341]},"properties":{"udise":"23020603607","name":"PS KHATA (MAMCHON)","state":"MADHYA PRADESH","district":"MORENA","block":"KAILARAS","indicator":"girls_toilet_nonfunctional"}},{"type":"Feature","geometry":{"type":"Point","coordinates":[78.24669,26.65113]},"properties":{"udise":"23020204901","name":"PS TUTBAS","state":"MADHYA PRADESH","district":"MORENA","block":"AMBAH","indicator":"girls_toilet_nonfunctional"}},{"type":"Feature","geometry":{"type":"Point","coordinates":[77.51954,26.24693]},"properties":{"udise":"23020602808","name":"PS KIRARPURA","state":"MADHYA PRADESH","district":"MORENA","block":"KAILARAS","indicator":"girls_toilet_nonfunctional"}},{"type":"Feature","geometry":{"type":"Point","coordinates":[78.20807,26.41271]},"properties":{"udise":"23020314501","name":"PS BARHAVALI","state":"MADHYA PRADESH","district":"MORENA","block":"MORENA","indicator":"girls_toilet_nonfunctional"}},{"type":"Feature","geometry":{"type":"Point","coordinates":[78.34458,26.64883]},"properties":{"udise":"23020206104","name":"PS KINA KI GADI","state":"MADHYA PRADESH","district":"MORENA","block":"AMBAH","indicator":"girls_toilet_nonfunctional"}},{"type":"Feature","geometry":{"type":"Point","coordinates":[78.28988,26.60235]},"properties":{"udise":"23020206509","name":"PS HARDOL KA PURA","state":"MADHYA PRADESH","district":"MORENA","block":"AMBAH","indicator":"girls_toilet_nonfunctional"}},{"type":"Feature","geometry":{"type":"Point","coordinates":[77.40987,26.32148]},"properties":{"udise":"23020705910","name":"MS ALIPURA KHERON","state":"MADHYA PRADESH","district":"MORENA","block":"SABALGARH","indicator":"girls_toilet_nonfunctional"}},{"type":"Feature","geometry":{"type":"Point","coordinates":[78.17982,26.72086]},"properties":{"udise":"23020200911","name":"PS KHIRENTA KA PURA","state":"MADHYA PRADESH","district":"MORENA","block":"AMBAH","indicator":"girls_toilet_nonfunctional"}},{"type":"Feature","geometry":{"type":"Point","coordinates":[77.45079,26.29393]},"properties":{"udise":"23020708801","name":"PS SHIVLAL PURA","state":"MADHYA PRADESH","district":"MORENA","block":"SABALGARH","indicator":"girls_toilet_nonfunctional"}},{"type":"Feature","geometry":{"type":"Point","coordinates":[77.92614,26.59961]},"properties":{"udise":"23020301202","name":"PS NAU KA PURA","state":"MADHYA PRADESH","district":"MORENA","block":"MORENA","indicator":"girls_toilet_nonfunctional"}},{"type":"Feature","geometry":{"type":"Point","coordinates":[77.62024,26.23703]},"properties":{"udise":"23020605503","name":"MS LAHARRA","state":"MADHYA PRADESH","district":"MORENA","block":"KAILARAS","indicator":"girls_toilet_nonfunctional"}},{"type":"Feature","geometry":{"type":"Point","coordinates":[78.24515,26.40057]},"properties":{"udise":"23020314801","name":"PS RITHORA KALAN","state":"MADHYA PRADESH","district":"MORENA","block":"MORENA","indicator":"girls_toilet_nonfunctional"}},{"type":"Feature","geometry":{"type":"Point","coordinates":[78.06146,26.58495]},"properties":{"udise":"23020304502","name":"PS CHENTA","state":"MADHYA PRADESH","district":"MORENA","block":"MORENA","indicator":"girls_toilet_nonfunctional"}},{"type":"Feature","geometry":{"type":"Point","coordinates":[77.53176,26.34181]},"properties":{"udise":"23020600105","name":"PS LAHORIGARHI","state":"MADHYA PRADESH","district":"MORENA","block":"KAILARAS","indicator":"girls_toilet_nonfunctional"}},{"type":"Feature","geometry":{"type":"Point","coordinates":[77.61553,26.26893]},"properties":{"udise":"23020606002","name":"MS NIRARA","state":"MADHYA PRADESH","district":"MORENA","block":"KAILARAS","indicator":"girls_toilet_nonfunctional"}},{"type":"Feature","geometry":{"type":"Point","coordinates":[77.59437,26.32863]},"properties":{"udise":"23020601407","name":"PS PRANSUKH KA PURA","state":"MADHYA PRADESH","district":"MORENA","block":"KAILARAS","indicator":"girls_toilet_nonfunctional"}},{"type":"Feature","geometry":{"type":"Point","coordinates":[77.92926,26.53018]},"properties":{"udise":"23020303104","name":"PS KACCHA","state":"MADHYA PRADESH","district":"MORENA","block":"MORENA","indicator":"girls_toilet_nonfunctional"}},{"type":"Feature","geometry":{"type":"Point","coordinates":[78.30409,26.62186]},"properties":{"udise":"23020206305","name":"PS CHIRAI KA PURA","state":"MADHYA PRADESH","district":"MORENA","block":"AMBAH","indicator":"girls_toilet_nonfunctional"}},{"type":"Feature","geometry":{"type":"Point","coordinates":[77.45203,26.2023]},"properties":{"udise":"23020710805","name":"PS JUGTI PURA","state":"MADHYA PRADESH","district":"MORENA","block":"SABALGARH","indicator":"girls_toilet_nonfunctional"}},{"type":"Feature","geometry":{"type":"Point","coordinates":[77.96639,26.53075]},"properties":{"udise":"23020302704","name":"PS HARFOL KA PURA","state":"MADHYA PRADESH","district":"MORENA","block":"MORENA","indicator":"girls_toilet_nonfunctional"}},{"type":"Feature","geometry":{"type":"Point","coordinates":[77.82662,26.49363]},"properties":{"udise":"23020408601","name":"PS PAYATHA","state":"MADHYA PRADESH","district":"MORENA","block":"JOURA","indicator":"girls_toilet_nonfunctional"}},{"type":"Feature","geometry":{"type":"Point","coordinates":[77.58758,26.18096]},"properties":{"udise":"23020604505","name":"MS NAVAL PURA","state":"MADHYA PRADESH","district":"MORENA","block":"KAILARAS","indicator":"girls_toilet_nonfunctional"}},{"type":"Feature","geometry":{"type":"Point","coordinates":[77.98082,26.49376]},"properties":{"udise":"23020328806","name":"D.V. PUBLIC P/M SCHOOL WARD NO 35","state":"MADHYA PRADESH","district":"MORENA","block":"MORENA","indicator":"girls_toilet_nonfunctional"}},{"type":"Feature","geometry":{"type":"Point","coordinates":[78.10039,26.69732]},"properties":{"udise":"23020200604","name":"PS KUTHIYANA","state":"MADHYA PRADESH","district":"MORENA","block":"AMBAH","indicator":"girls_toilet_nonfunctional"}},{"type":"Feature","geometry":{"type":"Point","coordinates":[77.62086,26.30303]},"properties":{"udise":"23020606678","name":"DEEP PUBLIC SCHOOL KAILARASH","state":"MADHYA PRADESH","district":"MORENA","block":"KAILARAS","indicator":"girls_toilet_nonfunctional"}},{"type":"Feature","geometry":{"type":"Point","coordinates":[78.08693,26.45709]},"properties":{"udise":"23020307602","name":"MS BITTOLI","state":"MADHYA PRADESH","district":"MORENA","block":"MORENA","indicator":"girls_toilet_nonfunctional"}},{"type":"Feature","geometry":{"type":"Point","coordinates":[77.61942,26.30146]},"properties":{"udise":"23020606658","name":"SHARDA SHISHU MANDIR KELARASH","state":"MADHYA PRADESH","district":"MORENA","block":"KAILARAS","indicator":"girls_toilet_nonfunctional"}},{"type":"Feature","geometry":{"type":"Point","coordinates":[77.52825,26.18606]},"properties":{"udise":"23020604302","name":"MS JAKHODA","state":"MADHYA PRADESH","district":"MORENA","block":"KAILARAS","indicator":"girls_toilet_nonfunctional"}},{"type":"Feature","geometry":{"type":"Point","coordinates":[78.11221,26.49125]},"properties":{"udise":"23020306507","name":"S.D. PUBLIC SCHOOL KAJI BASAI","state":"MADHYA PRADESH","district":"MORENA","block":"MORENA","indicator":"girls_toilet_nonfunctional"}},{"type":"Feature","geometry":{"type":"Point","coordinates":[78.17128,26.51517]},"properties":{"udise":"23020318603","name":"PS BIGOLI","state":"MADHYA PRADESH","district":"MORENA","block":"MORENA","indicator":"girls_toilet_nonfunctional"}},{"type":"Feature","geometry":{"type":"Point","coordinates":[78.31357,26.55796]},"properties":{"udise":"23020207001","name":"PS RANIPURA","state":"MADHYA PRADESH","district":"MORENA","block":"AMBAH","indicator":"girls_toilet_nonfunctional"}},{"type":"Feature","geometry":{"type":"Point","coordinates":[77.31396,26.21778]},"properties":{"udise":"23020702105","name":"MS JATOLI","state":"MADHYA PRADESH","district":"MORENA","block":"SABALGARH","indicator":"girls_toilet_nonfunctional"}},{"type":"Feature","geometry":{"type":"Point","coordinates":[78.27175,26.66375]},"properties":{"udise":"23020205002","name":"PS AMARPURA","state":"MADHYA PRADESH","district":"MORENA","block":"AMBAH","indicator":"girls_toilet_nonfunctional"}},{"type":"Feature","geometry":{"type":"Point","coordinates":[78.10881,26.36127]},"properties":{"udise":"23020607806","name":"PS PHOOLPURA","state":"MADHYA PRADESH","district":"MORENA","block":"KAILARAS","indicator":"girls_toilet_nonfunctional"}},{"type":"Feature","geometry":{"type":"Point","coordinates":[78.1415,26.76998]},"properties":{"udise":"23020200308","name":"H.S.MALBASAI","state":"MADHYA PRADESH","district":"MORENA","block":"AMBAH","indicator":"girls_toilet_nonfunctional"}},{"type":"Feature","geometry":{"type":"Point","coordinates":[78.35639,26.57547]},"properties":{"udise":"23020207206","name":"PS KODRE","state":"MADHYA PRADESH","district":"MORENA","block":"AMBAH","indicator":"girls_toilet_nonfunctional"}},{"type":"Feature","geometry":{"type":"Point","coordinates":[78.41029,26.69888]},"properties":{"udise":"23020106609","name":"H.S. KONTHARKALA","state":"MADHYA PRADESH","district":"MORENA","block":"PORSA","indicator":"girls_toilet_nonfunctional"}},{"type":"Feature","geometry":{"type":"Point","coordinates":[77.88262,26.30526]},"properties":{"udise":"23020401703","name":"PS CHANDRA PURA","state":"MADHYA PRADESH","district":"MORENA","block":"JOURA","indicator":"girls_toilet_nonfunctional"}},{"type":"Feature","geometry":{"type":"Point","coordinates":[78.23099,26.54974]},"properties":{"udise":"23020203804","name":"PS DABRAI","state":"MADHYA PRADESH","district":"MORENA","block":"AMBAH","indicator":"girls_toilet_nonfunctional"}},{"type":"Feature","geometry":{"type":"Point","coordinates":[78.00937,26.6686]},"properties":{"udise":"23020301504","name":"MS RITHORA KHURD","state":"MADHYA PRADESH","district":"MORENA","block":"MORENA","indicator":"girls_toilet_nonfunctional"}},{"type":"Feature","geometry":{"type":"Point","coordinates":[78.23266,26.77787]},"properties":{"udise":"23020100120","name":"PS BHANPURA","state":"MADHYA PRADESH","district":"MORENA","block":"PORSA","indicator":"girls_toilet_nonfunctional"}},{"type":"Feature","geometry":{"type":"Point","coordinates":[77.96026,26.51569]},"properties":{"udise":"23020302701","name":"PS SAGORIYA KA PURA","state":"MADHYA PRADESH","district":"MORENA","block":"MORENA","indicator":"girls_toilet_nonfunctional"}},{"type":"Feature","geometry":{"type":"Point","coordinates":[78.08627,26.35321]},"properties":{"udise":"23020320410","name":"PS JAITPUR GAON","state":"MADHYA PRADESH","district":"MORENA","block":"MORENA","indicator":"girls_toilet_nonfunctional"}},{"type":"Feature","geometry":{"type":"Point","coordinates":[77.7174,26.43391]},"properties":{"udise":"23020504804","name":"MS TEKANPUR","state":"MADHYA PRADESH","district":"MORENA","block":"PAHARGARH","indicator":"girls_toilet_nonfunctional"}},{"type":"Feature","geometry":{"type":"Point","coordinates":[77.54271,26.28283]},"properties":{"udise":"23020602002","name":"PS GUL PURA","state":"MADHYA PRADESH","district":"MORENA","block":"KAILARAS","indicator":"girls_toilet_nonfunctional"}},{"type":"Feature","geometry":{"type":"Point","coordinates":[78.10234,26.33851]},"properties":{"udise":"23020305702","name":"PS BAMOR GAUN","state":"MADHYA PRADESH","district":"MORENA","block":"MORENA","indicator":"girls_toilet_nonfunctional"}},{"type":"Feature","geometry":{"type":"Point","coordinates":[78.22493,26.70746]},"properties":{"udise":"23020205602","name":"PS KISHAN SINGH KA PURA","state":"MADHYA PRADESH","district":"MORENA","block":"AMBAH","indicator":"girls_toilet_nonfunctional"}},{"type":"Feature","geometry":{"type":"Point","coordinates":[78.09484,26.35791]},"properties":{"udise":"23020301601","name":"PS FADKAPURA","state":"MADHYA PRADESH","district":"MORENA","block":"MORENA","indicator":"girls_toilet_nonfunctional"}},{"type":"Feature","geometry":{"type":"Point","coordinates":[78.0849,26.46028]},"properties":{"udise":"23020309205","name":"PS VITTOLI","state":"MADHYA PRADESH","district":"MORENA","block":"MORENA","indicator":"girls_toilet_nonfunctional"}},{"type":"Feature","geometry":{"type":"Point","coordinates":[77.52769,26.15242]},"properties":{"udise":"23020603910","name":"PS MAHAVEER PURA","state":"MADHYA PRADESH","district":"MORENA","block":"KAILARAS","indicator":"girls_toilet_nonfunctional"}},{"type":"Feature","geometry":{"type":"Point","coordinates":[77.60808,26.20443]},"properties":{"udise":"23020604901","name":"PS SAGORIYA","state":"MADHYA PRADESH","district":"MORENA","block":"KAILARAS","indicator":"girls_toilet_nonfunctional"}},{"type":"Feature","geometry":{"type":"Point","coordinates":[78.22251,26.60302]},"properties":{"udise":"23020203613","name":"MS KATELA PURA","state":"MADHYA PRADESH","district":"MORENA","block":"AMBAH","indicator":"girls_toilet_nonfunctional"}},{"type":"Feature","geometry":{"type":"Point","coordinates":[77.55435,26.16548]},"properties":{"udise":"23020604602","name":"PS CHENTI KHEDA","state":"MADHYA PRADESH","district":"MORENA","block":"KAILARAS","indicator":"girls_toilet_nonfunctional"}},{"type":"Feature","geometry":{"type":"Point","coordinates":[77.57504,26.18204]},"properties":{"udise":"23020604802","name":"PS GADERAN","state":"MADHYA PRADESH","district":"MORENA","block":"KAILARAS","indicator":"girls_toilet_nonfunctional"}},{"type":"Feature","geometry":{"type":"Point","coordinates":[77.66178,26.26913]},"properties":{"udise":"23020610401","name":"PS VIRAWALI","state":"MADHYA PRADESH","district":"MORENA","block":"KAILARAS","indicator":"girls_toilet_nonfunctional"}},{"type":"Feature","geometry":{"type":"Point","coordinates":[77.86257,26.33672]},"properties":{"udise":"23020405007","name":"BAJRANG HSS DHAMKAN JOURA","state":"MADHYA PRADESH","district":"MORENA","block":"JOURA","indicator":"girls_toilet_nonfunctional"}},{"type":"Feature","geometry":{"type":"Point","coordinates":[78.09854,26.72623]},"properties":{"udise":"23020207801","name":"MS MALHAN KA PURA","state":"MADHYA PRADESH","district":"MORENA","block":"AMBAH","indicator":"girls_toilet_nonfunctional"}},{"type":"Feature","geometry":{"type":"Point","coordinates":[78.23122,26.69549]},"properties":{"udise":"23020201414","name":"PS AMBRISHPURA","state":"MADHYA PRADESH","district":"MORENA","block":"AMBAH","indicator":"girls_toilet_nonfunctional"}},{"type":"Feature","geometry":{"type":"Point","coordinates":[77.73807,26.28725]},"properties":{"udise":"23020506511","name":"H.S.S. PARSOTA","state":"MADHYA PRADESH","district":"MORENA","block":"PAHARGARH","indicator":"girls_toilet_nonfunctional"}},{"type":"Feature","geometry":{"type":"Point","coordinates":[77.95871,26.61868]},"properties":{"udise":"23020300802","name":"PS SARDAR SINGH KA PURA","state":"MADHYA PRADESH","district":"MORENA","block":"MORENA","indicator":"girls_toilet_nonfunctional"}},{"type":"Feature","geometry":{"type":"Point","coordinates":[77.62813,26.30678]},"properties":{"udise":"23020606703","name":"THE A.V.S. ENGLISH SCHOOL KELARASH","state":"MADHYA PRADESH","district":"MORENA","block":"KAILARAS","indicator":"girls_toilet_nonfunctional"}},{"type":"Feature","geometry":{"type":"Point","coordinates":[77.94678,26.46882]},"properties":{"udise":"23020320408","name":"AIDED SCHOOL PS HAR KA PURA","state":"MADHYA PRADESH","district":"MORENA","block":"MORENA","indicator":"girls_toilet_nonfunctional"}},{"type":"Feature","geometry":{"type":"Point","coordinates":[78.16513,26.33014]},"properties":{"udise":"23020312101","name":"PS DOLSA","state":"MADHYA PRADESH","district":"MORENA","block":"MORENA","indicator":"girls_toilet_nonfunctional"}},{"type":"Feature","geometry":{"type":"Point","coordinates":[77.9971,26.56698]},"properties":{"udise":"23020302201","name":"PS BINDVA KWARI","state":"MADHYA PRADESH","district":"MORENA","block":"MORENA","indicator":"girls_toilet_nonfunctional"}},{"type":"Feature","geometry":{"type":"Point","coordinates":[78.37335,26.68311]},"properties":{"udise":"23020107909","name":"PS MOHANPURA","state":"MADHYA PRADESH","district":"MORENA","block":"PORSA","indicator":"girls_toilet_nonfunctional"}},{"type":"Feature","geometry":{"type":"Point","coordinates":[77.91431,26.51113]},"properties":{"udise":"23020303301","name":"PS KETHODA","state":"MADHYA PRADESH","district":"MORENA","block":"MORENA","indicator":"girls_toilet_nonfunctional"}},{"type":"Feature","geometry":{"type":"Point","coordinates":[77.62655,26.20658]},"properties":{"udise":"23020508701","name":"PS TELARI","state":"MADHYA PRADESH","district":"MORENA","block":"PAHARGARH","indicator":"girls_toilet_nonfunctional"}},{"type":"Feature","geometry":{"type":"Point","coordinates":[78.32736,26.60423]},"properties":{"udise":"23020206703","name":"MS MANPUR RAJPUTI","state":"MADHYA PRADESH","district":"MORENA","block":"AMBAH","indicator":"girls_toilet_nonfunctional"}},{"type":"Feature","geometry":{"type":"Point","coordinates":[77.92575,26.48031]},"properties":{"udise":"23020317103","name":"MS MUNGAWALI","state":"MADHYA PRADESH","district":"MORENA","block":"MORENA","indicator":"girls_toilet_nonfunctional"}},{"type":"Feature","geometry":{"type":"Point","coordinates":[77.62587,26.28695]},"properties":{"udise":"23020606601","name":"PS KHUMAN KA PURA","state":"MADHYA PRADESH","district":"MORENA","block":"KAILARAS","indicator":"girls_toilet_nonfunctional"}},{"type":"Feature","geometry":{"type":"Point","coordinates":[77.59807,26.33309]},"properties":{"udise":"23020601301","name":"PS HATIPURA","state":"MADHYA PRADESH","district":"MORENA","block":"KAILARAS","indicator":"girls_toilet_nonfunctional"}},{"type":"Feature","geometry":{"type":"Point","coordinates":[77.59987,26.03488]},"properties":{"udise":"23020509802","name":"MS KALAKHET","state":"MADHYA PRADESH","district":"MORENA","block":"PAHARGARH","indicator":"girls_toilet_nonfunctional"}},{"type":"Feature","geometry":{"type":"Point","coordinates":[78.21099,26.62057]},"properties":{"udise":"23020203612","name":"MS MANPHOOL KA PURA","state":"MADHYA PRADESH","district":"MORENA","block":"AMBAH","indicator":"girls_toilet_nonfunctional"}},{"type":"Feature","geometry":{"type":"Point","coordinates":[78.24581,26.69093]},"properties":{"udise":"23020202101","name":"PS INANKI","state":"MADHYA PRADESH","district":"MORENA","block":"AMBAH","indicator":"girls_toilet_nonfunctional"}},{"type":"Feature","geometry":{"type":"Point","coordinates":[77.66255,26.2545]},"properties":{"udise":"23020609401","name":"PS BARHANA","state":"MADHYA PRADESH","district":"MORENA","block":"KAILARAS","indicator":"girls_toilet_nonfunctional"}},{"type":"Feature","geometry":{"type":"Point","coordinates":[77.80351,26.47917]},"properties":{"udise":"23020408523","name":"PS LAKHUA KA PURA (SETLITE)","state":"MADHYA PRADESH","district":"MORENA","block":"JOURA","indicator":"girls_toilet_nonfunctional"}},{"type":"Feature","geometry":{"type":"Point","coordinates":[78.12409,26.36603]},"properties":{"udise":"23020311405","name":"MS MAHATOLI","state":"MADHYA PRADESH","district":"MORENA","block":"MORENA","indicator":"girls_toilet_nonfunctional"}},{"type":"Feature","geometry":{"type":"Point","coordinates":[77.87792,26.40666]},"properties":{"udise":"23020406704","name":"PS LALARAM KA PURA","state":"MADHYA PRADESH","district":"MORENA","block":"JOURA","indicator":"girls_toilet_nonfunctional"}},{"type":"Feature","geometry":{"type":"Point","coordinates":[78.14861,26.62303]},"properties":{"udise":"23020203106","name":"PS CHHAVIRAM KA PU","state":"MADHYA PRADESH","district":"MORENA","block":"AMBAH","indicator":"girls_toilet_nonfunctional"}},{"type":"Feature","geometry":{"type":"Point","coordinates":[78.13719,26.45552]},"properties":{"udise":"23020311001","name":"PS NARSINGHPUR","state":"MADHYA PRADESH","district":"MORENA","block":"MORENA","indicator":"girls_toilet_nonfunctional"}},{"type":"Feature","geometry":{"type":"Point","coordinates":[78.25707,26.7535]},"properties":{"udise":"23020100811","name":"PS KEHARI KA PURA","state":"MADHYA PRADESH","district":"MORENA","block":"PORSA","indicator":"girls_toilet_nonfunctional"}},{"type":"Feature","geometry":{"type":"Point","coordinates":[77.49678,26.34862]},"properties":{"udise":"23020713605","name":"AIDED SCHOOL PS LADPURA","state":"MADHYA PRADESH","district":"MORENA","block":"SABALGARH","indicator":"girls_toilet_nonfunctional"}},{"type":"Feature","geometry":{"type":"Point","coordinates":[77.95794,26.52207]},"properties":{"udise":"23020302903","name":"PS GANGA PRASAD KA","state":"MADHYA PRADESH","district":"MORENA","block":"MORENA","indicator":"girls_toilet_nonfunctional"}},{"type":"Feature","geometry":{"type":"Point","coordinates":[78.11694,26.71499]},"properties":{"udise":"23020200602","name":"PS NEEBARI KA PURA","state":"MADHYA PRADESH","district":"MORENA","block":"AMBAH","indicator":"girls_toilet_nonfunctional"}},{"type":"Feature","geometry":{"type":"Point","coordinates":[78.13481,26.68096]},"properties":{"udise":"23020200710","name":"PS JHEEL KA PURA","state":"MADHYA PRADESH","district":"MORENA","block":"AMBAH","indicator":"girls_toilet_nonfunctional"}},{"type":"Feature","geometry":{"type":"Point","coordinates":[77.6137,26.29297]},"properties":{"udise":"23020606509","name":"GENIOUS CONVENT PRIMARY/MIDDIL SCHOOL ANTARI","state":"MADHYA PRADESH","district":"MORENA","block":"KAILARAS","indicator":"girls_toilet_nonfunctional"}},{"type":"Feature","geometry":{"type":"Point","coordinates":[77.48583,26.25023]},"properties":{"udise":"23020602813","name":"PS JHONDA KA PURA","state":"MADHYA PRADESH","district":"MORENA","block":"KAILARAS","indicator":"girls_toilet_nonfunctional"}},{"type":"Feature","geometry":{"type":"Point","coordinates":[77.90852,26.34558]},"properties":{"udise":"23020402102","name":"MS BRIUNGA","state":"MADHYA PRADESH","district":"MORENA","block":"JOURA","indicator":"girls_toilet_nonfunctional"}},{"type":"Feature","geometry":{"type":"Point","coordinates":[77.98304,26.54165]},"properties":{"udise":"23020302604","name":"H.S. SCHOOL PIPARSA","state":"MADHYA PRADESH","district":"MORENA","block":"MORENA","indicator":"girls_toilet_nonfunctional"}},{"type":"Feature","geometry":{"type":"Point","coordinates":[78.3332,26.55669]},"properties":{"udise":"23020206901","name":"PS KHARAGPURA","state":"MADHYA PRADESH","district":"MORENA","block":"AMBAH","indicator":"girls_toilet_nonfunctional"}},{"type":"Feature","geometry":{"type":"Point","coordinates":[78.32723,26.69231]},"properties":{"udise":"23020106208","name":"JAY SHREE SIDHI GYAN MANDIR SENTHARA AHEER","state":"MADHYA PRADESH","district":"MORENA","block":"PORSA","indicator":"girls_toilet_nonfunctional"}},{"type":"Feature","geometry":{"type":"Point","coordinates":[77.52145,26.28715]},"properties":{"udise":"23020600806","name":"H.S.S. SEMAI","state":"MADHYA PRADESH","district":"MORENA","block":"KAILARAS","indicator":"girls_toilet_nonfunctional"}},{"type":"Feature","geometry":{"type":"Point","coordinates":[78.14148,26.68357]},"properties":{"udise":"23020200702","name":"PS JONHA KHURD","state":"MADHYA PRADESH","district":"MORENA","block":"AMBAH","indicator":"girls_toilet_nonfunctional"}},{"type":"Feature","geometry":{"type":"Point","coordinates":[78.09505,26.33269]},"properties":{"udise":"23020311601","name":"PS KALINDE KA PURA","state":"MADHYA PRADESH","district":"MORENA","block":"MORENA","indicator":"girls_toilet_nonfunctional"}},{"type":"Feature","geometry":{"type":"Point","coordinates":[78.29782,26.82792]},"properties":{"udise":"23020111205","name":"PS GOHDUPURA","state":"MADHYA PRADESH","district":"MORENA","block":"PORSA","indicator":"girls_toilet_nonfunctional"}},{"type":"Feature","geometry":{"type":"Point","coordinates":[77.83362,26.44607]},"properties":{"udise":"23020407203","name":"MS GHURRA","state":"MADHYA PRADESH","district":"MORENA","block":"JOURA","indicator":"girls_toilet_nonfunctional"}},{"type":"Feature","geometry":{"type":"Point","coordinates":[78.08914,26.38525]},"properties":{"udise":"23020309001","name":"PS BARE KA PURA","state":"MADHYA PRADESH","district":"MORENA","block":"MORENA","indicator":"girls_toilet_nonfunctional"}},{"type":"Feature","geometry":{"type":"Point","coordinates":[77.61309,26.29676]},"properties":{"udise":"23020606616","name":"PS GRAMIN KAILARAS","state":"MADHYA PRADESH","district":"MORENA","block":"KAILARAS","indicator":"girls_toilet_nonfunctional"}},{"type":"Feature","geometry":{"type":"Point","coordinates":[77.62075,26.30316]},"properties":{"udise":"23020606653","name":"CHODHARI MEMORIYAL SCHOOL KELARASH","state":"MADHYA PRADESH","district":"MORENA","block":"KAILARAS","indicator":"girls_toilet_nonfunctional"}},{"type":"Feature","geometry":{"type":"Point","coordinates":[78.34657,26.66149]},"properties":{"udise":"23020206117","name":"PS GAJU KI GARHI","state":"MADHYA PRADESH","district":"MORENA","block":"AMBAH","indicator":"girls_toilet_nonfunctional"}},{"type":"Feature","geometry":{"type":"Point","coordinates":[78.39458,26.73494]},"properties":{"udise":"23020111221","name":"PS KHARGOLE KA PUR","state":"MADHYA PRADESH","district":"MORENA","block":"PORSA","indicator":"girls_toilet_nonfunctional"}},{"type":"Feature","geometry":{"type":"Point","coordinates":[77.99605,26.53149]},"properties":{"udise":"23020317506","name":"H.S. LALORKALAN","state":"MADHYA PRADESH","district":"MORENA","block":"MORENA","indicator":"girls_toilet_nonfunctional"}},{"type":"Feature","geometry":{"type":"Point","coordinates":[77.95,26.37]},"properties":{"udise":"23020506004","name":"GURUKUL VIDHYA MANDIR","state":"MADHYA PRADESH","district":"MORENA","block":"PAHARGARH","indicator":"girls_toilet_nonfunctional"}},{"type":"Feature","geometry":{"type":"Point","coordinates":[77.54895,26.31483]},"properties":{"udise":"23020600601","name":"AIDED SCHOOL P.S.LUDHAYA","state":"MADHYA PRADESH","district":"MORENA","block":"KAILARAS","indicator":"girls_toilet_nonfunctional"}},{"type":"Feature","geometry":{"type":"Point","coordinates":[77.71878,26.30057]},"properties":{"udise":"23020608201","name":"PS BAGHROLI","state":"MADHYA PRADESH","district":"MORENA","block":"KAILARAS","indicator":"girls_toilet_nonfunctional"}},{"type":"Feature","geometry":{"type":"Point","coordinates":[78.36636,26.6412]},"properties":{"udise":"23020106405","name":"PS RAMKARAN SINGH","state":"MADHYA PRADESH","district":"MORENA","block":"PORSA","indicator":"girls_toilet_nonfunctional"}},{"type":"Feature","geometry":{"type":"Point","coordinates":[78.07238,26.37281]},"properties":{"udise":"23020308903","name":"PS SUDE KA PURA","state":"MADHYA PRADESH","district":"MORENA","block":"MORENA","indicator":"girls_toilet_nonfunctional"}},{"type":"Feature","geometry":{"type":"Point","coordinates":[77.56134,26.28423]},"properties":{"udise":"23020602102","name":"PS MANGALA PURA","state":"MADHYA PRADESH","district":"MORENA","block":"KAILARAS","indicator":"girls_toilet_nonfunctional"}},{"type":"Feature","geometry":{"type":"Point","coordinates":[78.79168,22.89662]},"properties":{"udise":"23400509002","name":"PS STATION TOLA IMALIYA (E)","state":"MADHYA PRADESH","district":"NARSIMHAPUR","block":"SAIKHEDA","indicator":"no_girls_toilet"}},{"type":"Feature","geometry":{"type":"Point","coordinates":[78.74044,23.03209]},"properties":{"udise":"23400502706","name":"MS KATJUNAGAR","state":"MADHYA PRADESH","district":"NARSIMHAPUR","block":"SAIKHEDA","indicator":"no_girls_toilet"}},{"type":"Feature","geometry":{"type":"Point","coordinates":[78.78411,23.0869]},"properties":{"udise":"23400610404","name":"PS DATLI TOLA (E)","state":"MADHYA PRADESH","district":"NARSIMHAPUR","block":"CHAWARPATHA","indicator":"no_girls_toilet"}},{"type":"Feature","geometry":{"type":"Point","coordinates":[78.94032,22.83049]},"properties":{"udise":"23400212602","name":"MS TIKTOLI","state":"MADHYA PRADESH","district":"NARSIMHAPUR","block":"CHICHLI","indicator":"no_girls_toilet"}},{"type":"Feature","geometry":{"type":"Point","coordinates":[78.69348,23.01949]},"properties":{"udise":"23400502101","name":"PS MOHAD GWARI","state":"MADHYA PRADESH","district":"NARSIMHAPUR","block":"SAIKHEDA","indicator":"no_girls_toilet"}},{"type":"Feature","geometry":{"type":"Point","coordinates":[79.19518,23.09013]},"properties":{"udise":"23400101901","name":"PS BANDHI","state":"MADHYA PRADESH","district":"NARSIMHAPUR","block":"NARSINGHPUR","indicator":"no_girls_toilet"}},{"type":"Feature","geometry":{"type":"Point","coordinates":[78.64336,22.95368]},"properties":{"udise":"23400504101","name":"PS KARHAIYA","state":"MADHYA PRADESH","district":"NARSIMHAPUR","block":"SAIKHEDA","indicator":"no_girls_toilet"}},{"type":"Feature","geometry":{"type":"Point","coordinates":[78.8238,22.83488]},"properties":{"udise":"23400203904","name":"PS MAHUAKACHHAR","state":"MADHYA PRADESH","district":"NARSIMHAPUR","block":"CHICHLI","indicator":"no_girls_toilet"}},{"type":"Feature","geometry":{"type":"Point","coordinates":[78.84916,22.89031]},"properties":{"udise":"23400507901","name":"PS KAJROTA","state":"MADHYA PRADESH","district":"NARSIMHAPUR","block":"SAIKHEDA","indicator":"no_girls_toilet"}},{"type":"Feature","geometry":{"type":"Point","coordinates":[79.16502,22.92144]},"properties":{"udise":"23400109201","name":"PS KUKWARA","state":"MADHYA PRADESH","district":"NARSIMHAPUR","block":"NARSINGHPUR","indicator":"no_girls_toilet"}},{"type":"Feature","geometry":{"type":"Point","coordinates":[78.6991,22.94233]},"properties":{"udise":"23400505201","name":"PS JWARA","state":"MADHYA PRADESH","district":"NARSIMHAPUR","block":"SAIKHEDA","indicator":"no_girls_toilet"}},{"type":"Feature","geometry":{"type":"Point","coordinates":[78.77588,22.90309]},"properties":{"udise":"23400508903","name":"PS COLONY SHUGAR MIL (S)","state":"MADHYA PRADESH","district":"NARSIMHAPUR","block":"SAIKHEDA","indicator":"no_girls_toilet"}},{"type":"Feature","geometry":{"type":"Point","coordinates":[78.72852,22.75609]},"properties":{"udise":"23400202302","name":"MS DEVRI","state":"MADHYA PRADESH","district":"NARSIMHAPUR","block":"CHICHLI","indicator":"no_girls_toilet"}},{"type":"Feature","geometry":{"type":"Point","coordinates":[79.27992,23.03627]},"properties":{"udise":"23400103705","name":"HS NAYAGAON","state":"MADHYA PRADESH","district":"NARSIMHAPUR","block":"NARSINGHPUR","indicator":"no_girls_toilet"}},{"type":"Feature","geometry":{"type":"Point","coordinates":[78.80855,23.05006]},"properties":{"udise":"23400502403","name":"MS THARERI","state":"MADHYA PRADESH","district":"NARSIMHAPUR","block":"SAIKHEDA","indicator":"no_girls_toilet"}},{"type":"Feature","geometry":{"type":"Point","coordinates":[78.88742,22.97972]},"properties":{"udise":"23400615201","name":"PS SUPARI","state":"MADHYA PRADESH","district":"NARSIMHAPUR","block":"CHAWARPATHA","indicator":"girls_toilet_nonfunctional"}},{"type":"Feature","geometry":{"type":"Point","coordinates":[79.2146,22.9412]},"properties":{"udise":"23400107903","name":"SHARDA VM RONSRA","state":"MADHYA PRADESH","district":"NARSIMHAPUR","block":"NARSINGHPUR","indicator":"girls_toilet_nonfunctional"}},{"type":"Feature","geometry":{"type":"Point","coordinates":[79.16345,23.09271]},"properties":{"udise":"23400403404","name":"PS TAPARIYA TOLA (E)","state":"MADHYA PRADESH","district":"NARSIMHAPUR","block":"KARELI","indicator":"girls_toilet_nonfunctional"}},{"type":"Feature","geometry":{"type":"Point","coordinates":[79.01091,22.6783]},"properties":{"udise":"23400209703","name":"PS BHOURKHEDI (SE)","state":"MADHYA PRADESH","district":"NARSIMHAPUR","block":"CHICHLI","indicator":"girls_toilet_nonfunctional"}},{"type":"Feature","geometry":{"type":"Point","coordinates":[78.66782,22.87973]},"properties":{"udise":"23400509902","name":"PS INDRA AWAS JAIKHEDA (E)","state":"MADHYA PRADESH","district":"NARSIMHAPUR","block":"SAIKHEDA","indicator":"girls_toilet_nonfunctional"}},{"type":"Feature","geometry":{"type":"Point","coordinates":[78.72905,22.98732]},"properties":{"udise":"23400504304","name":"PS NABBA TOLA (E)","state":"MADHYA PRADESH","district":"NARSIMHAPUR","block":"SAIKHEDA","indicator":"girls_toilet_nonfunctional"}},{"type":"Feature","geometry":{"type":"Point","coordinates":[79.5559,23.05107]},"properties":{"udise":"23400303701","name":"PS KUMJHOR (E)","state":"MADHYA PRADESH","district":"NARSIMHAPUR","block":"GOTEGAON (SHRIDHAM)","indicator":"girls_toilet_nonfunctional"}},{"type":"Feature","geometry":{"type":"Point","coordinates":[79.18309,22.96932]},"properties":{"udise":"23400106101","name":"PS SIMARIYA (JHIRNA)","state":"MADHYA PRADESH","district":"NARSIMHAPUR","block":"NARSINGHPUR","indicator":"girls_toilet_nonfunctional"}},{"type":"Feature","geometry":{"type":"Point","coordinates":[79.46559,22.81132]},"properties":{"udise":"23400324701","name":"PS PIPARIYA SHED","state":"MADHYA PRADESH","district":"NARSIMHAPUR","block":"GOTEGAON (SHRIDHAM)","indicator":"girls_toilet_nonfunctional"}},{"type":"Feature","geometry":{"type":"Point","coordinates":[78.89488,23.05661]},"properties":{"udise":"23400610902","name":"PS JHIRI TOLA (E)","state":"MADHYA PRADESH","district":"NARSIMHAPUR","block":"CHAWARPATHA","indicator":"girls_toilet_nonfunctional"}},{"type":"Feature","geometry":{"type":"Point","coordinates":[79.26896,22.72151]},"properties":{"udise":"23400118501","name":"PS JATLAPUR","state":"MADHYA PRADESH","district":"NARSIMHAPUR","block":"NARSINGHPUR","indicator":"girls_toilet_nonfunctional"}},{"type":"Feature","geometry":{"type":"Point","coordinates":[79.35018,23.03745]},"properties":{"udise":"23400308702","name":"MS KANDHRAPUR","state":"MADHYA PRADESH","district":"NARSIMHAPUR","block":"GOTEGAON (SHRIDHAM)","indicator":"girls_toilet_nonfunctional"}},{"type":"Feature","geometry":{"type":"Point","coordinates":[79.46644,23.06657]},"properties":{"udise":"23400301501","name":"PS PIPARIYA CHODHRI (E)","state":"MADHYA PRADESH","district":"NARSIMHAPUR","block":"GOTEGAON (SHRIDHAM)","indicator":"girls_toilet_nonfunctional"}},{"type":"Feature","geometry":{"type":"Point","coordinates":[79.3635,23.05015]},"properties":{"udise":"23400305602","name":"MS AKOLA","state":"MADHYA PRADESH","district":"NARSIMHAPUR","block":"GOTEGAON (SHRIDHAM)","indicator":"girls_toilet_nonfunctional"}},{"type":"Feature","geometry":{"type":"Point","coordinates":[78.8084,22.76966]},"properties":{"udise":"23400214703","name":"PS HARIJAN TOLA SINGHPUR (E)","state":"MADHYA PRADESH","district":"NARSIMHAPUR","block":"CHICHLI","indicator":"girls_toilet_nonfunctional"}},{"type":"Feature","geometry":{"type":"Point","coordinates":[78.94474,22.7973]},"properties":{"udise":"23400208802","name":"MS BHAIROPUR","state":"MADHYA PRADESH","district":"NARSIMHAPUR","block":"CHICHLI","indicator":"girls_toilet_nonfunctional"}},{"type":"Feature","geometry":{"type":"Point","coordinates":[78.69347,22.66151]},"properties":{"udise":"23400202802","name":"MS JAMGAON","state":"MADHYA PRADESH","district":"NARSIMHAPUR","block":"CHICHLI","indicator":"girls_toilet_nonfunctional"}},{"type":"Feature","geometry":{"type":"Point","coordinates":[78.64553,22.7898]},"properties":{"udise":"23400201103","name":"PS NAYAKHEDA","state":"MADHYA PRADESH","district":"NARSIMHAPUR","block":"CHICHLI","indicator":"girls_toilet_nonfunctional"}},{"type":"Feature","geometry":{"type":"Point","coordinates":[78.94696,23.17547]},"properties":{"udise":"23400604601","name":"PS KUKWARA","state":"MADHYA PRADESH","district":"NARSIMHAPUR","block":"CHAWARPATHA","indicator":"girls_toilet_nonfunctional"}},{"type":"Feature","geometry":{"type":"Point","coordinates":[78.89857,23.01478]},"properties":{"udise":"23400614701","name":"PS KHAIRI KHURD","state":"MADHYA PRADESH","district":"NARSIMHAPUR","block":"CHAWARPATHA","indicator":"girls_toilet_nonfunctional"}},{"type":"Feature","geometry":{"type":"Point","coordinates":[78.95596,23.1064]},"properties":{"udise":"23400608902","name":"MS BANDHA","state":"MADHYA PRADESH","district":"NARSIMHAPUR","block":"CHAWARPATHA","indicator":"girls_toilet_nonfunctional"}},{"type":"Feature","geometry":{"type":"Point","coordinates":[79.20151,23.06831]},"properties":{"udise":"23400104203","name":"MS GARARU","state":"MADHYA PRADESH","district":"NARSIMHAPUR","block":"NARSINGHPUR","indicator":"girls_toilet_nonfunctional"}},{"type":"Feature","geometry":{"type":"Point","coordinates":[79.16155,23.02332]},"properties":{"udise":"23400104702","name":"PS NAYANAGAR TOLA (E)","state":"MADHYA PRADESH","district":"NARSIMHAPUR","block":"NARSINGHPUR","indicator":"girls_toilet_nonfunctional"}},{"type":"Feature","geometry":{"type":"Point","coordinates":[79.01316,22.9197]},"properties":{"udise":"23400622201","name":"PS JHAMRI","state":"MADHYA PRADESH","district":"NARSIMHAPUR","block":"CHAWARPATHA","indicator":"girls_toilet_nonfunctional"}},{"type":"Feature","geometry":{"type":"Point","coordinates":[78.81527,23.02872]},"properties":{"udise":"23400502601","name":"PS NARWARA","state":"MADHYA PRADESH","district":"NARSIMHAPUR","block":"SAIKHEDA","indicator":"girls_toilet_nonfunctional"}},{"type":"Feature","geometry":{"type":"Point","coordinates":[79.47868,23.01844]},"properties":{"udise":"23400310401","name":"PS BARELI (E)","state":"MADHYA PRADESH","district":"NARSIMHAPUR","block":"GOTEGAON (SHRIDHAM)","indicator":"girls_toilet_nonfunctional"}},{"type":"Feature","geometry":{"type":"Point","coordinates":[79.3192,22.67413]},"properties":{"udise":"23400119601","name":"PS MEHGAON (CHAWARPATHA)","state":"MADHYA PRADESH","district":"NARSIMHAPUR","block":"NARSINGHPUR","indicator":"girls_toilet_nonfunctional"}},{"type":"Feature","geometry":{"type":"Point","coordinates":[79.32211,23.1033]},"properties":{"udise":"23400101301","name":"PS AMODA","state":"MADHYA PRADESH","district":"NARSIMHAPUR","block":"NARSINGHPUR","indicator":"girls_toilet_nonfunctional"}},{"type":"Feature","geometry":{"type":"Point","coordinates":[78.76889,22.82883]},"properties":{"udise":"23400205101","name":"PS GOLGAON KHURD","state":"MADHYA PRADESH","district":"NARSIMHAPUR","block":"CHICHLI","indicator":"girls_toilet_nonfunctional"}},{"type":"Feature","geometry":{"type":"Point","coordinates":[79.1934,22.9446]},"properties":{"udise":"23400120904","name":"HS VIKRAMADITYA PUBLIC","state":"MADHYA PRADESH","district":"NARSIMHAPUR","block":"NARSINGHPUR","indicator":"girls_toilet_nonfunctional"}},{"type":"Feature","geometry":{"type":"Point","coordinates":[79.1974,22.953]},"properties":{"udise":"23400120803","name":"GIANGANGA VIDYAPEETH NSP","state":"MADHYA PRADESH","district":"NARSIMHAPUR","block":"NARSINGHPUR","indicator":"girls_toilet_nonfunctional"}},{"type":"Feature","geometry":{"type":"Point","coordinates":[79.2541,23.15133]},"properties":{"udise":"23400100401","name":"PS JHILPANI (E)","state":"MADHYA PRADESH","district":"NARSIMHAPUR","block":"NARSINGHPUR","indicator":"girls_toilet_nonfunctional"}},{"type":"Feature","geometry":{"type":"Point","coordinates":[78.91833,22.98599]},"properties":{"udise":"23400615101","name":"PS BAHRA","state":"MADHYA PRADESH","district":"NARSIMHAPUR","block":"CHAWARPATHA","indicator":"girls_toilet_nonfunctional"}},{"type":"Feature","geometry":{"type":"Point","coordinates":[79.37864,22.68236]},"properties":{"udise":"23400119002","name":"PS JOGI TOLA DHARIYA (E)","state":"MADHYA PRADESH","district":"NARSIMHAPUR","block":"NARSINGHPUR","indicator":"girls_toilet_nonfunctional"}},{"type":"Feature","geometry":{"type":"Point","coordinates":[79.50134,22.81105]},"properties":{"udise":"23400324801","name":"PS ROHIYA","state":"MADHYA PRADESH","district":"NARSIMHAPUR","block":"GOTEGAON (SHRIDHAM)","indicator":"girls_toilet_nonfunctional"}},{"type":"Feature","geometry":{"type":"Point","coordinates":[79.60637,23.09646]},"properties":{"udise":"23400303102","name":"PS DAFAI","state":"MADHYA PRADESH","district":"NARSIMHAPUR","block":"GOTEGAON (SHRIDHAM)","indicator":"girls_toilet_nonfunctional"}},{"type":"Feature","geometry":{"type":"Point","coordinates":[79.30367,23.15958]},"properties":{"udise":"23400100202","name":"MS MALKUHI","state":"MADHYA PRADESH","district":"NARSIMHAPUR","block":"NARSINGHPUR","indicator":"girls_toilet_nonfunctional"}},{"type":"Feature","geometry":{"type":"Point","coordinates":[79.55861,22.97763]},"properties":{"udise":"23400317301","name":"PS SOHJANI","state":"MADHYA PRADESH","district":"NARSIMHAPUR","block":"GOTEGAON (SHRIDHAM)","indicator":"girls_toilet_nonfunctional"}},{"type":"Feature","geometry":{"type":"Point","coordinates":[79.52353,22.92661]},"properties":{"udise":"23400321801","name":"PS SARRA (E)","state":"MADHYA PRADESH","district":"NARSIMHAPUR","block":"GOTEGAON (SHRIDHAM)","indicator":"girls_toilet_nonfunctional"}},{"type":"Feature","geometry":{"type":"Point","coordinates":[79.45328,22.89006]},"properties":{"udise":"23400321402","name":"MS SIVNI (BANDHA)","state":"MADHYA PRADESH","district":"NARSIMHAPUR","block":"GOTEGAON (SHRIDHAM)","indicator":"girls_toilet_nonfunctional"}},{"type":"Feature","geometry":{"type":"Point","coordinates":[78.93914,22.71897]},"properties":{"udise":"23400203801","name":"PS HINGPANI (E)","state":"MADHYA PRADESH","district":"NARSIMHAPUR","block":"CHICHLI","indicator":"girls_toilet_nonfunctional"}},{"type":"Feature","geometry":{"type":"Point","coordinates":[78.99122,22.72575]},"properties":{"udise":"23400209901","name":"PS SANVRI (KHADAI)","state":"MADHYA PRADESH","district":"NARSIMHAPUR","block":"CHICHLI","indicator":"girls_toilet_nonfunctional"}},{"type":"Feature","geometry":{"type":"Point","coordinates":[79.21326,23.21563]},"properties":{"udise":"23400100302","name":"MS HADIKAT","state":"MADHYA PRADESH","district":"NARSIMHAPUR","block":"NARSINGHPUR","indicator":"girls_toilet_nonfunctional"}},{"type":"Feature","geometry":{"type":"Point","coordinates":[78.85858,23.20561]},"properties":{"udise":"23400608201","name":"PS DHIGSARA","state":"MADHYA PRADESH","district":"NARSIMHAPUR","block":"CHAWARPATHA","indicator":"girls_toilet_nonfunctional"}},{"type":"Feature","geometry":{"type":"Point","coordinates":[79.43209,23.00951]},"properties":{"udise":"23400313101","name":"PS KAMTA","state":"MADHYA PRADESH","district":"NARSIMHAPUR","block":"GOTEGAON (SHRIDHAM)","indicator":"girls_toilet_nonfunctional"}},{"type":"Feature","geometry":{"type":"Point","coordinates":[78.87103,22.88816]},"properties":{"udise":"23400619404","name":"PS ADIWASI TOLA GHATPIPARIYA (E)","state":"MADHYA PRADESH","district":"NARSIMHAPUR","block":"CHAWARPATHA","indicator":"girls_toilet_nonfunctional"}},{"type":"Feature","geometry":{"type":"Point","coordinates":[78.98795,23.13064]},"properties":{"udise":"23400604201","name":"PS JAMUNIYA","state":"MADHYA PRADESH","district":"NARSIMHAPUR","block":"CHAWARPATHA","indicator":"girls_toilet_nonfunctional"}},{"type":"Feature","geometry":{"type":"Point","coordinates":[79.35133,23.1501]},"properties":{"udise":"23400101103","name":"PS INDRA NAGAR TOLA (E)","state":"MADHYA PRADESH","district":"NARSIMHAPUR","block":"NARSINGHPUR","indicator":"girls_toilet_nonfunctional"}},{"type":"Feature","geometry":{"type":"Point","coordinates":[79.40101,22.97791]},"properties":{"udise":"23400315702","name":"PS MANEGAON TIGADDA (E)","state":"MADHYA PRADESH","district":"NARSIMHAPUR","block":"GOTEGAON (SHRIDHAM)","indicator":"girls_toilet_nonfunctional"}},{"type":"Feature","geometry":{"type":"Point","coordinates":[79.15276,22.93616]},"properties":{"udise":"23400109104","name":"PS MEHRA TOLA (E)","state":"MADHYA PRADESH","district":"NARSIMHAPUR","block":"NARSINGHPUR","indicator":"girls_toilet_nonfunctional"}},{"type":"Feature","geometry":{"type":"Point","coordinates":[78.60727,22.87898]},"properties":{"udise":"23400509304","name":"HS DUNGARIYA","state":"MADHYA PRADESH","district":"NARSIMHAPUR","block":"SAIKHEDA","indicator":"girls_toilet_nonfunctional"}},{"type":"Feature","geometry":{"type":"Point","coordinates":[78.76689,23.03611]},"properties":{"udise":"23400502203","name":"PS TALAIYA TOLA BHATERA (E)","state":"MADHYA PRADESH","district":"NARSIMHAPUR","block":"SAIKHEDA","indicator":"girls_toilet_nonfunctional"}},{"type":"Feature","geometry":{"type":"Point","coordinates":[79.3291,22.92798]},"properties":{"udise":"23400110402","name":"MS SAHAJPURA","state":"MADHYA PRADESH","district":"NARSIMHAPUR","block":"NARSINGHPUR","indicator":"girls_toilet_nonfunctional"}},{"type":"Feature","geometry":{"type":"Point","coordinates":[79.55264,22.85517]},"properties":{"udise":"23400324001","name":"PS DHAWAI (E)","state":"MADHYA PRADESH","district":"NARSIMHAPUR","block":"GOTEGAON (SHRIDHAM)","indicator":"girls_toilet_nonfunctional"}},{"type":"Feature","geometry":{"type":"Point","coordinates":[79.43962,23.05457]},"properties":{"udise":"23400306602","name":"PS KAMOD","state":"MADHYA PRADESH","district":"NARSIMHAPUR","block":"GOTEGAON (SHRIDHAM)","indicator":"girls_toilet_nonfunctional"}},{"type":"Feature","geometry":{"type":"Point","coordinates":[78.81495,22.97705]},"properties":{"udise":"23400613402","name":"MS SUKRI","state":"MADHYA PRADESH","district":"NARSIMHAPUR","block":"CHAWARPATHA","indicator":"girls_toilet_nonfunctional"}},{"type":"Feature","geometry":{"type":"Point","coordinates":[79.58729,23.10352]},"properties":{"udise":"23400302503","name":"PS TEELA JHANSIGHAT (E)","state":"MADHYA PRADESH","district":"NARSIMHAPUR","block":"GOTEGAON (SHRIDHAM)","indicator":"girls_toilet_nonfunctional"}},{"type":"Feature","geometry":{"type":"Point","coordinates":[79.17751,22.94468]},"properties":{"udise":"23400103307","name":"PARTH PUBLIC SCHOOL","state":"MADHYA PRADESH","district":"NARSIMHAPUR","block":"NARSINGHPUR","indicator":"girls_toilet_nonfunctional"}},{"type":"Feature","geometry":{"type":"Point","coordinates":[79.55318,23.10822]},"properties":{"udise":"23400302701","name":"PS DEGUWA (NARMDA)","state":"MADHYA PRADESH","district":"NARSIMHAPUR","block":"GOTEGAON (SHRIDHAM)","indicator":"girls_toilet_nonfunctional"}},{"type":"Feature","geometry":{"type":"Point","coordinates":[79.39605,22.89691]},"properties":{"udise":"23400321201","name":"PS NONIYA","state":"MADHYA PRADESH","district":"NARSIMHAPUR","block":"GOTEGAON (SHRIDHAM)","indicator":"girls_toilet_nonfunctional"}},{"type":"Feature","geometry":{"type":"Point","coordinates":[79.59155,22.97276]},"properties":{"udise":"23400317802","name":"MS SUKRI","state":"MADHYA PRADESH","district":"NARSIMHAPUR","block":"GOTEGAON (SHRIDHAM)","indicator":"girls_toilet_nonfunctional"}},{"type":"Feature","geometry":{"type":"Point","coordinates":[79.62096,22.98209]},"properties":{"udise":"23400317501","name":"PS PIPARSARA","state":"MADHYA PRADESH","district":"NARSIMHAPUR","block":"GOTEGAON (SHRIDHAM)","indicator":"girls_toilet_nonfunctional"}},{"type":"Feature","geometry":{"type":"Point","coordinates":[78.8142,23.1283]},"properties":{"udise":"23400606603","name":"HS SARRA (CHAWARPATHA)","state":"MADHYA PRADESH","district":"NARSIMHAPUR","block":"CHAWARPATHA","indicator":"girls_toilet_nonfunctional"}},{"type":"Feature","geometry":{"type":"Point","coordinates":[79.2162,23.08575]},"properties":{"udise":"23400102201","name":"PS BARUREWA (DONGARGAON)","state":"MADHYA PRADESH","district":"NARSIMHAPUR","block":"NARSINGHPUR","indicator":"girls_toilet_nonfunctional"}},{"type":"Feature","geometry":{"type":"Point","coordinates":[79.45424,23.0595]},"properties":{"udise":"23400305002","name":"PS SARELU TOLA (E)","state":"MADHYA PRADESH","district":"NARSIMHAPUR","block":"GOTEGAON (SHRIDHAM)","indicator":"girls_toilet_nonfunctional"}},{"type":"Feature","geometry":{"type":"Point","coordinates":[78.99365,23.18465]},"properties":{"udise":"23400603101","name":"PS MAHGUWA","state":"MADHYA PRADESH","district":"NARSIMHAPUR","block":"CHAWARPATHA","indicator":"girls_toilet_nonfunctional"}},{"type":"Feature","geometry":{"type":"Point","coordinates":[78.85758,23.054]},"properties":{"udise":"23400610503","name":"PS PURANI BILTHARI (E)","state":"MADHYA PRADESH","district":"NARSIMHAPUR","block":"CHAWARPATHA","indicator":"girls_toilet_nonfunctional"}},{"type":"Feature","geometry":{"type":"Point","coordinates":[75.26358,24.46499]},"properties":{"udise":"23180506102","name":"MS HANUMANTIYA","state":"MADHYA PRADESH","district":"NEEMUCH","block":"MANASA","indicator":"no_girls_toilet"}},{"type":"Feature","geometry":{"type":"Point","coordinates":[75.0017,24.5037]},"properties":{"udise":"23180714401","name":"PS BADOLI","state":"MADHYA PRADESH","district":"NEEMUCH","block":"NEEMUCH","indicator":"no_girls_toilet"}},{"type":"Feature","geometry":{"type":"Point","coordinates":[75.16549,25.02227]},"properties":{"udise":"23180300104","name":"MS ARNIYA (CLASS 1 TO 8)","state":"MADHYA PRADESH","district":"NEEMUCH","block":"JAWAD","indicator":"no_girls_toilet"}},{"type":"Feature","geometry":{"type":"Point","coordinates":[74.92527,24.54373]},"properties":{"udise":"23180721401","name":"PS NIPANIYA ABAD","state":"MADHYA PRADESH","district":"NEEMUCH","block":"NEEMUCH","indicator":"no_girls_toilet"}},{"type":"Feature","geometry":{"type":"Point","coordinates":[75.41819,24.42861]},"properties":{"udise":"23180524001","name":"PS NALI GUJAR","state":"MADHYA PRADESH","district":"NEEMUCH","block":"MANASA","indicator":"no_girls_toilet"}},{"type":"Feature","geometry":{"type":"Point","coordinates":[75.14863,24.54688]},"properties":{"udise":"23180517501","name":"PS MATA RUNDI","state":"MADHYA PRADESH","district":"NEEMUCH","block":"MANASA","indicator":"no_girls_toilet"}},{"type":"Feature","geometry":{"type":"Point","coordinates":[74.9884,24.36233]},"properties":{"udise":"23180707001","name":"PS PALSODA","state":"MADHYA PRADESH","district":"NEEMUCH","block":"NEEMUCH","indicator":"girls_toilet_nonfunctional"}},{"type":"Feature","geometry":{"type":"Point","coordinates":[74.86635,24.45868]},"properties":{"udise":"23180725407","name":"PS48220 PRIVT ST. PAUL SCHOOL NEEMUCH","state":"MADHYA PRADESH","district":"NEEMUCH","block":"NEEMUCH","indicator":"girls_toilet_nonfunctional"}},{"type":"Feature","geometry":{"type":"Point","coordinates":[74.87748,24.48893]},"properties":{"udise":"23180720902","name":"PS11327 PRIVT SANSKAR PUBLIC SCHOOL NEEMUCH","state":"MADHYA PRADESH","district":"NEEMUCH","block":"NEEMUCH","indicator":"girls_toilet_nonfunctional"}},{"type":"Feature","geometry":{"type":"Point","coordinates":[74.92184,24.50894]},"properties":{"udise":"23180713201","name":"PS NAVAL PURA","state":"MADHYA PRADESH","district":"NEEMUCH","block":"NEEMUCH","indicator":"girls_toilet_nonfunctional"}},{"type":"Feature","geometry":{"type":"Point","coordinates":[75.0613,24.42767]},"properties":{"udise":"23180705304","name":"PS1076 PRIVT VIVEKANAND SHIKSHAN SANSTHA AMLIKHEDA","state":"MADHYA PRADESH","district":"NEEMUCH","block":"NEEMUCH","indicator":"girls_toilet_nonfunctional"}},{"type":"Feature","geometry":{"type":"Point","coordinates":[74.89767,24.4102]},"properties":{"udise":"23180708002","name":"PS11416 PRIVT SHUBHAM BAL VIDHYALAYA JAMUNIYA KALAN","state":"MADHYA PRADESH","district":"NEEMUCH","block":"NEEMUCH","indicator":"girls_toilet_nonfunctional"}},{"type":"Feature","geometry":{"type":"Point","coordinates":[75.22044,24.9891]},"properties":{"udise":"23180301303","name":"PS19417 PRIVT SARSVATI SHISHUMANDIR THAROD","state":"MADHYA PRADESH","district":"NEEMUCH","block":"JAWAD","indicator":"girls_toilet_nonfunctional"}},{"type":"Feature","geometry":{"type":"Point","coordinates":[74.89369,24.30871]},"properties":{"udise":"23180714025","name":"PS68243 PRIVT PERFECT ABACUS ACADEMY JEERAN","state":"MADHYA PRADESH","district":"NEEMUCH","block":"NEEMUCH","indicator":"girls_toilet_nonfunctional"}},{"type":"Feature","geometry":{"type":"Point","coordinates":[75.21961,24.34329]},"properties":{"udise":"23180504401","name":"PS CHAPLANA","state":"MADHYA PRADESH","district":"NEEMUCH","block":"MANASA","indicator":"girls_toilet_nonfunctional"}},{"type":"Feature","geometry":{"type":"Point","coordinates":[74.97856,24.35244]},"properties":{"udise":"23180704203","name":"PS23078 PRIVT SARASVATI SHISHU MANDIR BHATKHEDA","state":"MADHYA PRADESH","district":"NEEMUCH","block":"NEEMUCH","indicator":"girls_toilet_nonfunctional"}},{"type":"Feature","geometry":{"type":"Point","coordinates":[74.8624,24.4764]},"properties":{"udise":"23180714330","name":"PS9672 PRIVT MANJU SHRI MAHILA MANDAL PRIMARY AND MIDEL SCHOOL NEEMUCH","state":"MADHYA PRADESH","district":"NEEMUCH","block":"NEEMUCH","indicator":"girls_toilet_nonfunctional"}},{"type":"Feature","geometry":{"type":"Point","coordinates":[75.1318,24.94716]},"properties":{"udise":"23180322201","name":"PS SUJANPURA","state":"MADHYA PRADESH","district":"NEEMUCH","block":"JAWAD","indicator":"girls_toilet_nonfunctional"}},{"type":"Feature","geometry":{"type":"Point","coordinates":[74.99458,24.61896]},"properties":{"udise":"23180308308","name":"PS11797 PRIVT HSS JAGRTI MORVAN","state":"MADHYA PRADESH","district":"NEEMUCH","block":"JAWAD","indicator":"girls_toilet_nonfunctional"}},{"type":"Feature","geometry":{"type":"Point","coordinates":[74.81874,24.32439]},"properties":{"udise":"23180710220","name":"PS62477 PRIVT LOTUS PULIC SCHOOL CHEETAKHEDA","state":"MADHYA PRADESH","district":"NEEMUCH","block":"NEEMUCH","indicator":"girls_toilet_nonfunctional"}},{"type":"Feature","geometry":{"type":"Point","coordinates":[75.20433,24.35884]},"properties":{"udise":"23180503401","name":"PS PS MOKHAM PURA","state":"MADHYA PRADESH","district":"NEEMUCH","block":"MANASA","indicator":"girls_toilet_nonfunctional"}},{"type":"Feature","geometry":{"type":"Point","coordinates":[74.76834,24.55972]},"properties":{"udise":"23180310210","name":"SIDDHIVINAYAK NAYAGAON","state":"MADHYA PRADESH","district":"NEEMUCH","block":"JAWAD","indicator":"girls_toilet_nonfunctional"}},{"type":"Feature","geometry":{"type":"Point","coordinates":[74.9122,24.23034]},"properties":{"udise":"23180712403","name":"PS7014 PRIVT PRAGYA VIDHIYA MANDIR UGARAN","state":"MADHYA PRADESH","district":"NEEMUCH","block":"NEEMUCH","indicator":"girls_toilet_nonfunctional"}},{"type":"Feature","geometry":{"type":"Point","coordinates":[75.10637,24.81259]},"properties":{"udise":"23180309101","name":"HS NEW LITTLE STAR RATANGARH","state":"MADHYA PRADESH","district":"NEEMUCH","block":"JAWAD","indicator":"girls_toilet_nonfunctional"}},{"type":"Feature","geometry":{"type":"Point","coordinates":[75.02776,24.65827]},"properties":{"udise":"23180307904","name":"PS19243 PRIVT MS SARASWATI SHISHU MANDIR DADOLI","state":"MADHYA PRADESH","district":"NEEMUCH","block":"JAWAD","indicator":"girls_toilet_nonfunctional"}},{"type":"Feature","geometry":{"type":"Point","coordinates":[74.88308,24.46965]},"properties":{"udise":"23180708104","name":"PS69318 PRIVT SAINT VIVEKANAND ACADEMY BARKHEDA HADA","state":"MADHYA PRADESH","district":"NEEMUCH","block":"NEEMUCH","indicator":"girls_toilet_nonfunctional"}},{"type":"Feature","geometry":{"type":"Point","coordinates":[74.86825,24.46396]},"properties":{"udise":"23180720608","name":"PS18045 PRIVT HS PRAGATI NEEMUCH","state":"MADHYA PRADESH","district":"NEEMUCH","block":"NEEMUCH","indicator":"girls_toilet_nonfunctional"}},{"type":"Feature","geometry":{"type":"Point","coordinates":[74.82422,24.44107]},"properties":{"udise":"23180713702","name":"MS TELANKHEDI (CLASS 1 TO 8)","state":"MADHYA PRADESH","district":"NEEMUCH","block":"NEEMUCH","indicator":"girls_toilet_nonfunctional"}},{"type":"Feature","geometry":{"type":"Point","coordinates":[75.17191,25.01055]},"properties":{"udise":"23180322101","name":"PS DEVIPURA ABAD","state":"MADHYA PRADESH","district":"NEEMUCH","block":"JAWAD","indicator":"girls_toilet_nonfunctional"}},{"type":"Feature","geometry":{"type":"Point","coordinates":[78.7512,25.2086]},"properties":{"udise":"23520511802","name":"PS NEEMTA KHIRAK","state":"MADHYA PRADESH","district":"NIWARI","block":"PRATHVIPUR","indicator":"no_girls_toilet"}},{"type":"Feature","geometry":{"type":"Point","coordinates":[78.78,25.27]},"properties":{"udise":"23520300804","name":"PS SHANKARGARH PUCHHIKARGUWAN","state":"MADHYA PRADESH","district":"NIWARI","block":"NIWARI","indicator":"no_girls_toilet"}},{"type":"Feature","geometry":{"type":"Point","coordinates":[78.7512,25.2086]},"properties":{"udise":"23520512002","name":"MS CHIKTA GULENDA","state":"MADHYA PRADESH","district":"NIWARI","block":"PRATHVIPUR","indicator":"no_girls_toilet"}},{"type":"Feature","geometry":{"type":"Point","coordinates":[78.7986,25.3697]},"properties":{"udise":"23520303201","name":"PS SADIKPURA","state":"MADHYA PRADESH","district":"NIWARI","block":"NIWARI","indicator":"no_girls_toilet"}},{"type":"Feature","geometry":{"type":"Point","coordinates":[78.7512,25.2086]},"properties":{"udise":"23520503902","name":"MS DIGWAR KALA","state":"MADHYA PRADESH","district":"NIWARI","block":"PRATHVIPUR","indicator":"no_girls_toilet"}},{"type":"Feature","geometry":{"type":"Point","coordinates":[78.7986,25.3697]},"properties":{"udise":"23520306505","name":"MS TUKAPIPRI","state":"MADHYA PRADESH","district":"NIWARI","block":"NIWARI","indicator":"no_girls_toilet"}},{"type":"Feature","geometry":{"type":"Point","coordinates":[78.7512,25.2086]},"properties":{"udise":"23520511803","name":"MS GOVA PASHCHIMI","state":"MADHYA PRADESH","district":"NIWARI","block":"PRATHVIPUR","indicator":"no_girls_toilet"}},{"type":"Feature","geometry":{"type":"Point","coordinates":[78.7512,25.2086]},"properties":{"udise":"23520506104","name":"PS MATYANA KHIRAK","state":"MADHYA PRADESH","district":"NIWARI","block":"PRATHVIPUR","indicator":"no_girls_toilet"}},{"type":"Feature","geometry":{"type":"Point","coordinates":[78.7986,25.3697]},"properties":{"udise":"23520303301","name":"PS SINDOOR SAGAR","state":"MADHYA PRADESH","district":"NIWARI","block":"NIWARI","indicator":"no_girls_toilet"}},{"type":"Feature","geometry":{"type":"Point","coordinates":[78.7512,25.2086]},"properties":{"udise":"23520513109","name":"MS ROTERA","state":"MADHYA PRADESH","district":"NIWARI","block":"PRATHVIPUR","indicator":"no_girls_toilet"}},{"type":"Feature","geometry":{"type":"Point","coordinates":[78.78,25.27]},"properties":{"udise":"23520303604","name":"PS PATARI MUHALL KUDAR","state":"MADHYA PRADESH","district":"NIWARI","block":"NIWARI","indicator":"no_girls_toilet"}},{"type":"Feature","geometry":{"type":"Point","coordinates":[78.7512,25.2086]},"properties":{"udise":"23520514751","name":"HSS EXC PRITHVIPUR","state":"MADHYA PRADESH","district":"NIWARI","block":"PRATHVIPUR","indicator":"no_girls_toilet"}},{"type":"Feature","geometry":{"type":"Point","coordinates":[78.7512,25.2086]},"properties":{"udise":"23520500806","name":"MS MONPURA","state":"MADHYA PRADESH","district":"NIWARI","block":"PRATHVIPUR","indicator":"no_girls_toilet"}},{"type":"Feature","geometry":{"type":"Point","coordinates":[78.7512,25.2086]},"properties":{"udise":"23520514724","name":"PRI VIDYASAGAR MS PRITHVIPUR","state":"MADHYA PRADESH","district":"NIWARI","block":"PRATHVIPUR","indicator":"no_girls_toilet"}},{"type":"Feature","geometry":{"type":"Point","coordinates":[78.7986,25.3697]},"properties":{"udise":"23520310303","name":"MS LAXMANPURA","state":"MADHYA PRADESH","district":"NIWARI","block":"NIWARI","indicator":"no_girls_toilet"}},{"type":"Feature","geometry":{"type":"Point","coordinates":[78.7512,25.2086]},"properties":{"udise":"23520514748","name":"PS GURAR KA KHIRAK PRATHVIPUR","state":"MADHYA PRADESH","district":"NIWARI","block":"PRATHVIPUR","indicator":"no_girls_toilet"}},{"type":"Feature","geometry":{"type":"Point","coordinates":[78.7512,25.2086]},"properties":{"udise":"23520500201","name":"PS HIRAPURA RAMPURA","state":"MADHYA PRADESH","district":"NIWARI","block":"PRATHVIPUR","indicator":"no_girls_toilet"}},{"type":"Feature","geometry":{"type":"Point","coordinates":[78.7512,25.2086]},"properties":{"udise":"23520506301","name":"PS MAHUA BAG","state":"MADHYA PRADESH","district":"NIWARI","block":"PRATHVIPUR","indicator":"no_girls_toilet"}},{"type":"Feature","geometry":{"type":"Point","coordinates":[78.7512,25.2086]},"properties":{"udise":"23520514740","name":"PRI MADARSA MR JER PS PRITHVI","state":"MADHYA PRADESH","district":"NIWARI","block":"PRATHVIPUR","indicator":"no_girls_toilet"}},{"type":"Feature","geometry":{"type":"Point","coordinates":[78.7512,25.2086]},"properties":{"udise":"23520508803","name":"PS JAMUNA PRASAD KHIRAK","state":"MADHYA PRADESH","district":"NIWARI","block":"PRATHVIPUR","indicator":"no_girls_toilet"}},{"type":"Feature","geometry":{"type":"Point","coordinates":[78.7512,25.2086]},"properties":{"udise":"23520503102","name":"PS TEDU KA KHIRAK","state":"MADHYA PRADESH","district":"NIWARI","block":"PRATHVIPUR","indicator":"no_girls_toilet"}},{"type":"Feature","geometry":{"type":"Point","coordinates":[78.79,25.36]},"properties":{"udise":"23520302606","name":"PS BIDI COLONY SHAKTIBHERON","state":"MADHYA PRADESH","district":"NIWARI","block":"NIWARI","indicator":"no_girls_toilet"}},{"type":"Feature","geometry":{"type":"Point","coordinates":[78.7986,25.3697]},"properties":{"udise":"23520311302","name":"MS JUGYAI","state":"MADHYA PRADESH","district":"NIWARI","block":"NIWARI","indicator":"no_girls_toilet"}},{"type":"Feature","geometry":{"type":"Point","coordinates":[78.7512,25.2086]},"properties":{"udise":"23520505202","name":"MS MUDENI","state":"MADHYA PRADESH","district":"NIWARI","block":"PRATHVIPUR","indicator":"no_girls_toilet"}},{"type":"Feature","geometry":{"type":"Point","coordinates":[78.7512,25.2086]},"properties":{"udise":"23520514737","name":"PRI GURUKUL CON MS PRITHVIPUR","state":"MADHYA PRADESH","district":"NIWARI","block":"PRATHVIPUR","indicator":"no_girls_toilet"}},{"type":"Feature","geometry":{"type":"Point","coordinates":[78.7512,25.2086]},"properties":{"udise":"23520508003","name":"PS DHIMARYANA BB","state":"MADHYA PRADESH","district":"NIWARI","block":"PRATHVIPUR","indicator":"no_girls_toilet"}},{"type":"Feature","geometry":{"type":"Point","coordinates":[78.7512,25.2086]},"properties":{"udise":"23520507103","name":"HS LADWARI","state":"MADHYA PRADESH","district":"NIWARI","block":"PRATHVIPUR","indicator":"girls_toilet_nonfunctional"}},{"type":"Feature","geometry":{"type":"Point","coordinates":[78.7512,25.2086]},"properties":{"udise":"23520508601","name":"PS JIRAWANI","state":"MADHYA PRADESH","district":"NIWARI","block":"PRATHVIPUR","indicator":"girls_toilet_nonfunctional"}},{"type":"Feature","geometry":{"type":"Point","coordinates":[78.7512,25.2086]},"properties":{"udise":"23520508307","name":"PS HB LUHARGUWAN","state":"MADHYA PRADESH","district":"NIWARI","block":"PRATHVIPUR","indicator":"girls_toilet_nonfunctional"}},{"type":"Feature","geometry":{"type":"Point","coordinates":[78.7986,25.3697]},"properties":{"udise":"23520302004","name":"PS FULYAU MAJRA","state":"MADHYA PRADESH","district":"NIWARI","block":"NIWARI","indicator":"girls_toilet_nonfunctional"}},{"type":"Feature","geometry":{"type":"Point","coordinates":[78.7512,25.2086]},"properties":{"udise":"23520504201","name":"PS DIGWARKHURD","state":"MADHYA PRADESH","district":"NIWARI","block":"PRATHVIPUR","indicator":"girls_toilet_nonfunctional"}},{"type":"Feature","geometry":{"type":"Point","coordinates":[78.63,25.37]},"properties":{"udise":"23520306901","name":"PS BAGAN","state":"MADHYA PRADESH","district":"NIWARI","block":"NIWARI","indicator":"girls_toilet_nonfunctional"}},{"type":"Feature","geometry":{"type":"Point","coordinates":[78.7986,25.3697]},"properties":{"udise":"23520300205","name":"PS SODHANI KHIRAK","state":"MADHYA PRADESH","district":"NIWARI","block":"NIWARI","indicator":"girls_toilet_nonfunctional"}},{"type":"Feature","geometry":{"type":"Point","coordinates":[78.7512,25.2086]},"properties":{"udise":"23520502005","name":"PS HATHIWAR NAIGUWAN","state":"MADHYA PRADESH","district":"NIWARI","block":"PRATHVIPUR","indicator":"girls_toilet_nonfunctional"}},{"type":"Feature","geometry":{"type":"Point","coordinates":[78.7512,25.2086]},"properties":{"udise":"23520506105","name":"PS KARKA JERA","state":"MADHYA PRADESH","district":"NIWARI","block":"PRATHVIPUR","indicator":"girls_toilet_nonfunctional"}},{"type":"Feature","geometry":{"type":"Point","coordinates":[78.7986,25.3697]},"properties":{"udise":"23520306606","name":"BHARTIYA SANSKRATI VIDHYA MANDIR CHAKARPUR (PS-56947)","state":"MADHYA PRADESH","district":"NIWARI","block":"NIWARI","indicator":"girls_toilet_nonfunctional"}},{"type":"Feature","geometry":{"type":"Point","coordinates":[78.7512,25.2086]},"properties":{"udise":"23520505704","name":"PS PALTU KA KHIRAK KACHHIYAN","state":"MADHYA PRADESH","district":"NIWARI","block":"PRATHVIPUR","indicator":"girls_toilet_nonfunctional"}},{"type":"Feature","geometry":{"type":"Point","coordinates":[78.63,25.37]},"properties":{"udise":"23520308102","name":"HS SITAPUR","state":"MADHYA PRADESH","district":"NIWARI","block":"NIWARI","indicator":"girls_toilet_nonfunctional"}},{"type":"Feature","geometry":{"type":"Point","coordinates":[78.79,25.36]},"properties":{"udise":"23520302201","name":"PS KHIRAK DAWAR JANGAL","state":"MADHYA PRADESH","district":"NIWARI","block":"NIWARI","indicator":"girls_toilet_nonfunctional"}},{"type":"Feature","geometry":{"type":"Point","coordinates":[78.7986,25.3697]},"properties":{"udise":"23520309903","name":"MS JIKHANGOAN","state":"MADHYA PRADESH","district":"NIWARI","block":"NIWARI","indicator":"girls_toilet_nonfunctional"}},{"type":"Feature","geometry":{"type":"Point","coordinates":[78.7512,25.2086]},"properties":{"udise":"23520506801","name":"PS MADWA RAJGARH","state":"MADHYA PRADESH","district":"NIWARI","block":"PRATHVIPUR","indicator":"girls_toilet_nonfunctional"}},{"type":"Feature","geometry":{"type":"Point","coordinates":[78.7512,25.2086]},"properties":{"udise":"23520502404","name":"PS ROTYANA DARRETHA","state":"MADHYA PRADESH","district":"NIWARI","block":"PRATHVIPUR","indicator":"girls_toilet_nonfunctional"}},{"type":"Feature","geometry":{"type":"Point","coordinates":[78.7512,25.2086]},"properties":{"udise":"23520500202","name":"MS HIRAPURA RAMPURA","state":"MADHYA PRADESH","district":"NIWARI","block":"PRATHVIPUR","indicator":"girls_toilet_nonfunctional"}},{"type":"Feature","geometry":{"type":"Point","coordinates":[78.79,25.36]},"properties":{"udise":"23520302702","name":"MS DHAWA BANGRA","state":"MADHYA PRADESH","district":"NIWARI","block":"NIWARI","indicator":"girls_toilet_nonfunctional"}},{"type":"Feature","geometry":{"type":"Point","coordinates":[78.7986,25.3697]},"properties":{"udise":"23520309303","name":"PS KHIRAK BANJARYA","state":"MADHYA PRADESH","district":"NIWARI","block":"NIWARI","indicator":"girls_toilet_nonfunctional"}},{"type":"Feature","geometry":{"type":"Point","coordinates":[78.75,25.2]},"properties":{"udise":"23520514727","name":"SAWAMI VIVEKANAND SHISKHA NIKETAN PRITHVIPUR","state":"MADHYA PRADESH","district":"NIWARI","block":"PRATHVIPUR","indicator":"girls_toilet_nonfunctional"}},{"type":"Feature","geometry":{"type":"Point","coordinates":[78.7512,25.2086]},"properties":{"udise":"23520510503","name":"PS KACHHAR KHIRAK SORKA","state":"MADHYA PRADESH","district":"NIWARI","block":"PRATHVIPUR","indicator":"girls_toilet_nonfunctional"}},{"type":"Feature","geometry":{"type":"Point","coordinates":[78.7512,25.2086]},"properties":{"udise":"23520506805","name":"PS SAMADUA KHIRAK","state":"MADHYA PRADESH","district":"NIWARI","block":"PRATHVIPUR","indicator":"girls_toilet_nonfunctional"}},{"type":"Feature","geometry":{"type":"Point","coordinates":[78.7512,25.2086]},"properties":{"udise":"23520509209","name":"GHSS JEORA MORA","state":"MADHYA PRADESH","district":"NIWARI","block":"PRATHVIPUR","indicator":"girls_toilet_nonfunctional"}},{"type":"Feature","geometry":{"type":"Point","coordinates":[78.7512,25.2086]},"properties":{"udise":"23520512101","name":"PS KARIYA KHIRAK MANETHA","state":"MADHYA PRADESH","district":"NIWARI","block":"PRATHVIPUR","indicator":"girls_toilet_nonfunctional"}},{"type":"Feature","geometry":{"type":"Point","coordinates":[78.7986,25.3697]},"properties":{"udise":"23520310802","name":"MS MUDARA","state":"MADHYA PRADESH","district":"NIWARI","block":"NIWARI","indicator":"girls_toilet_nonfunctional"}},{"type":"Feature","geometry":{"type":"Point","coordinates":[78.7512,25.2086]},"properties":{"udise":"23520509002","name":"PS BUDARRA KAISARI G","state":"MADHYA PRADESH","district":"NIWARI","block":"PRATHVIPUR","indicator":"girls_toilet_nonfunctional"}},{"type":"Feature","geometry":{"type":"Point","coordinates":[78.7512,25.2086]},"properties":{"udise":"23520505613","name":"HS SIMRA","state":"MADHYA PRADESH","district":"NIWARI","block":"PRATHVIPUR","indicator":"girls_toilet_nonfunctional"}},{"type":"Feature","geometry":{"type":"Point","coordinates":[78.7986,25.3697]},"properties":{"udise":"23520304101","name":"PS DABAR JANGAL","state":"MADHYA PRADESH","district":"NIWARI","block":"NIWARI","indicator":"girls_toilet_nonfunctional"}},{"type":"Feature","geometry":{"type":"Point","coordinates":[78.7986,25.3697]},"properties":{"udise":"23520306301","name":"PS KARI PAHADI","state":"MADHYA PRADESH","district":"NIWARI","block":"NIWARI","indicator":"girls_toilet_nonfunctional"}},{"type":"Feature","geometry":{"type":"Point","coordinates":[78.7986,25.3697]},"properties":{"udise":"23520303101","name":"PS DURGAPUR","state":"MADHYA PRADESH","district":"NIWARI","block":"NIWARI","indicator":"girls_toilet_nonfunctional"}},{"type":"Feature","geometry":{"type":"Point","coordinates":[78.7986,25.3697]},"properties":{"udise":"23520309302","name":"HS BAHERA","state":"MADHYA PRADESH","district":"NIWARI","block":"NIWARI","indicator":"girls_toilet_nonfunctional"}},{"type":"Feature","geometry":{"type":"Point","coordinates":[78.7986,25.3697]},"properties":{"udise":"23520301904","name":"PS DEVENDRAPURA","state":"MADHYA PRADESH","district":"NIWARI","block":"NIWARI","indicator":"girls_toilet_nonfunctional"}},{"type":"Feature","geometry":{"type":"Point","coordinates":[78.7512,25.2086]},"properties":{"udise":"23520508701","name":"PS MOZIPURA","state":"MADHYA PRADESH","district":"NIWARI","block":"PRATHVIPUR","indicator":"girls_toilet_nonfunctional"}},{"type":"Feature","geometry":{"type":"Point","coordinates":[78.79,25.36]},"properties":{"udise":"23520316401","name":"JESUS KRIST MODEL HIGHSCHOOL","state":"MADHYA PRADESH","district":"NIWARI","block":"NIWARI","indicator":"girls_toilet_nonfunctional"}},{"type":"Feature","geometry":{"type":"Point","coordinates":[78.7986,25.3697]},"properties":{"udise":"23520315601","name":"JUNIOR BASIC NIWARI","state":"MADHYA PRADESH","district":"NIWARI","block":"NIWARI","indicator":"girls_toilet_nonfunctional"}},{"type":"Feature","geometry":{"type":"Point","coordinates":[78.7986,25.3697]},"properties":{"udise":"23520306203","name":"PS TAPRAN RAJPURA","state":"MADHYA PRADESH","district":"NIWARI","block":"NIWARI","indicator":"girls_toilet_nonfunctional"}},{"type":"Feature","geometry":{"type":"Point","coordinates":[78.7986,25.3697]},"properties":{"udise":"23520312203","name":"PS GOD KA KHIRAK","state":"MADHYA PRADESH","district":"NIWARI","block":"NIWARI","indicator":"girls_toilet_nonfunctional"}},{"type":"Feature","geometry":{"type":"Point","coordinates":[78.7512,25.2086]},"properties":{"udise":"23520510402","name":"PS CHHOTTI GARROLI","state":"MADHYA PRADESH","district":"NIWARI","block":"PRATHVIPUR","indicator":"girls_toilet_nonfunctional"}},{"type":"Feature","geometry":{"type":"Point","coordinates":[78.7512,25.2086]},"properties":{"udise":"23520505002","name":"PS CHOPRA KHIRAK DIRGUWAN","state":"MADHYA PRADESH","district":"NIWARI","block":"PRATHVIPUR","indicator":"girls_toilet_nonfunctional"}},{"type":"Feature","geometry":{"type":"Point","coordinates":[78.7986,25.3697]},"properties":{"udise":"23520306602","name":"MS CHAKARPUR","state":"MADHYA PRADESH","district":"NIWARI","block":"NIWARI","indicator":"girls_toilet_nonfunctional"}},{"type":"Feature","geometry":{"type":"Point","coordinates":[78.7986,25.3697]},"properties":{"udise":"23520302006","name":"PS DUDIYABARON KHIRAK","state":"MADHYA PRADESH","district":"NIWARI","block":"NIWARI","indicator":"girls_toilet_nonfunctional"}},{"type":"Feature","geometry":{"type":"Point","coordinates":[78.7512,25.2086]},"properties":{"udise":"23520500706","name":"HS SUNONIYA PURVI","state":"MADHYA PRADESH","district":"NIWARI","block":"PRATHVIPUR","indicator":"girls_toilet_nonfunctional"}},{"type":"Feature","geometry":{"type":"Point","coordinates":[78.7512,25.2086]},"properties":{"udise":"23520500505","name":"PS TOLA TAPARIYAN","state":"MADHYA PRADESH","district":"NIWARI","block":"PRATHVIPUR","indicator":"girls_toilet_nonfunctional"}},{"type":"Feature","geometry":{"type":"Point","coordinates":[78.7512,25.2086]},"properties":{"udise":"23520514711","name":"PS JER","state":"MADHYA PRADESH","district":"NIWARI","block":"PRATHVIPUR","indicator":"girls_toilet_nonfunctional"}},{"type":"Feature","geometry":{"type":"Point","coordinates":[78.7512,25.2086]},"properties":{"udise":"23520514716","name":"PS ROTYANA JER","state":"MADHYA PRADESH","district":"NIWARI","block":"PRATHVIPUR","indicator":"girls_toilet_nonfunctional"}},{"type":"Feature","geometry":{"type":"Point","coordinates":[78.79,25.36]},"properties":{"udise":"23520302801","name":"PS MANDRI","state":"MADHYA PRADESH","district":"NIWARI","block":"NIWARI","indicator":"girls_toilet_nonfunctional"}},{"type":"Feature","geometry":{"type":"Point","coordinates":[78.7512,25.2086]},"properties":{"udise":"23520506804","name":"PS TOPA KHIRAK","state":"MADHYA PRADESH","district":"NIWARI","block":"PRATHVIPUR","indicator":"girls_toilet_nonfunctional"}},{"type":"Feature","geometry":{"type":"Point","coordinates":[78.7512,25.2086]},"properties":{"udise":"23520508804","name":"PS BARIYA BARON KHIRAK","state":"MADHYA PRADESH","district":"NIWARI","block":"PRATHVIPUR","indicator":"girls_toilet_nonfunctional"}},{"type":"Feature","geometry":{"type":"Point","coordinates":[78.63,25.37]},"properties":{"udise":"23520308302","name":"PS BHOJPURA BASOBA","state":"MADHYA PRADESH","district":"NIWARI","block":"NIWARI","indicator":"girls_toilet_nonfunctional"}},{"type":"Feature","geometry":{"type":"Point","coordinates":[78.63407,21.51681]},"properties":{"udise":"23430804701","name":"PS TEMANI SHAHANI","state":"MADHYA PRADESH","district":"PANDHURNA","block":"PANDHURNA","indicator":"no_girls_toilet"}},{"type":"Feature","geometry":{"type":"Point","coordinates":[78.58246,21.894]},"properties":{"udise":"23430816601","name":"PS LONADAI MAL","state":"MADHYA PRADESH","district":"PANDHURNA","block":"PANDHURNA","indicator":"no_girls_toilet"}},{"type":"Feature","geometry":{"type":"Point","coordinates":[78.7057,21.83892]},"properties":{"udise":"23430817602","name":"HS PALASPANI","state":"MADHYA PRADESH","district":"PANDHURNA","block":"PANDHURNA","indicator":"no_girls_toilet"}},{"type":"Feature","geometry":{"type":"Point","coordinates":[78.60005,21.73313]},"properties":{"udise":"23430810803","name":"HS RAIBASA","state":"MADHYA PRADESH","district":"PANDHURNA","block":"PANDHURNA","indicator":"no_girls_toilet"}},{"type":"Feature","geometry":{"type":"Point","coordinates":[78.58577,21.72505]},"properties":{"udise":"23430818201","name":"PS MENY DHANA","state":"MADHYA PRADESH","district":"PANDHURNA","block":"PANDHURNA","indicator":"no_girls_toilet"}},{"type":"Feature","geometry":{"type":"Point","coordinates":[78.73472,21.61652]},"properties":{"udise":"23430603301","name":"PS SINGPUR","state":"MADHYA PRADESH","district":"PANDHURNA","block":"SAUSAR","indicator":"girls_toilet_nonfunctional"}},{"type":"Feature","geometry":{"type":"Point","coordinates":[78.62814,21.74309]},"properties":{"udise":"23430810701","name":"PS SAWAJPANI","state":"MADHYA PRADESH","district":"PANDHURNA","block":"PANDHURNA","indicator":"girls_toilet_nonfunctional"}},{"type":"Feature","geometry":{"type":"Point","coordinates":[78.62977,21.83124]},"properties":{"udise":"23430817501","name":"PS CHIKHALI DHANA","state":"MADHYA PRADESH","district":"PANDHURNA","block":"PANDHURNA","indicator":"girls_toilet_nonfunctional"}},{"type":"Feature","geometry":{"type":"Point","coordinates":[78.76429,21.73782]},"properties":{"udise":"23430610802","name":"MS NANDEPUR","state":"MADHYA PRADESH","district":"PANDHURNA","block":"SAUSAR","indicator":"girls_toilet_nonfunctional"}},{"type":"Feature","geometry":{"type":"Point","coordinates":[78.70429,21.53135]},"properties":{"udise":"23430805402","name":"MS CHICHOLIDHANA","state":"MADHYA PRADESH","district":"PANDHURNA","block":"PANDHURNA","indicator":"girls_toilet_nonfunctional"}},{"type":"Feature","geometry":{"type":"Point","coordinates":[78.73338,21.60542]},"properties":{"udise":"23430605303","name":"ADDARSH VIDYA MANDIR KOPARAWADI KALA (PS-14974)","state":"MADHYA PRADESH","district":"PANDHURNA","block":"SAUSAR","indicator":"girls_toilet_nonfunctional"}},{"type":"Feature","geometry":{"type":"Point","coordinates":[78.73829,21.58928]},"properties":{"udise":"23430604602","name":"PS RIDHORA DHANA","state":"MADHYA PRADESH","district":"PANDHURNA","block":"SAUSAR","indicator":"girls_toilet_nonfunctional"}},{"type":"Feature","geometry":{"type":"Point","coordinates":[78.76584,21.6141]},"properties":{"udise":"23430604701","name":"PS JAKHIWADA","state":"MADHYA PRADESH","district":"PANDHURNA","block":"SAUSAR","indicator":"girls_toilet_nonfunctional"}},{"type":"Feature","geometry":{"type":"Point","coordinates":[78.74377,21.64133]},"properties":{"udise":"23430603014","name":"MS URDU MOHGAON","state":"MADHYA PRADESH","district":"PANDHURNA","block":"SAUSAR","indicator":"girls_toilet_nonfunctional"}},{"type":"Feature","geometry":{"type":"Point","coordinates":[78.52299,21.65177]},"properties":{"udise":"23430808904","name":"MS JUNEWANI","state":"MADHYA PRADESH","district":"PANDHURNA","block":"PANDHURNA","indicator":"girls_toilet_nonfunctional"}},{"type":"Feature","geometry":{"type":"Point","coordinates":[78.63269,21.7994]},"properties":{"udise":"23430811702","name":"MS DHANORA","state":"MADHYA PRADESH","district":"PANDHURNA","block":"PANDHURNA","indicator":"girls_toilet_nonfunctional"}},{"type":"Feature","geometry":{"type":"Point","coordinates":[78.7333,21.64104]},"properties":{"udise":"23430603004","name":"PS (HINDI) MOHGAON","state":"MADHYA PRADESH","district":"PANDHURNA","block":"SAUSAR","indicator":"girls_toilet_nonfunctional"}},{"type":"Feature","geometry":{"type":"Point","coordinates":[78.70493,21.52778]},"properties":{"udise":"23430805401","name":"PS CHICHOLI DHANA","state":"MADHYA PRADESH","district":"PANDHURNA","block":"PANDHURNA","indicator":"girls_toilet_nonfunctional"}},{"type":"Feature","geometry":{"type":"Point","coordinates":[78.63827,21.68541]},"properties":{"udise":"23430812402","name":"MS SILLEWANI","state":"MADHYA PRADESH","district":"PANDHURNA","block":"PANDHURNA","indicator":"girls_toilet_nonfunctional"}},{"type":"Feature","geometry":{"type":"Point","coordinates":[78.93847,21.60232]},"properties":{"udise":"23430612901","name":"PS BHIDONI","state":"MADHYA PRADESH","district":"PANDHURNA","block":"SAUSAR","indicator":"girls_toilet_nonfunctional"}},{"type":"Feature","geometry":{"type":"Point","coordinates":[78.65935,21.50585]},"properties":{"udise":"23430805201","name":"PS HIWARA SENADWAR","state":"MADHYA PRADESH","district":"PANDHURNA","block":"PANDHURNA","indicator":"girls_toilet_nonfunctional"}},{"type":"Feature","geometry":{"type":"Point","coordinates":[78.7556,21.72673]},"properties":{"udise":"23430611101","name":"PS GAJANDOH","state":"MADHYA PRADESH","district":"PANDHURNA","block":"SAUSAR","indicator":"girls_toilet_nonfunctional"}},{"type":"Feature","geometry":{"type":"Point","coordinates":[78.52391,21.60186]},"properties":{"udise":"23430800401","name":"MS GHANPETHA PANDHURNA","state":"MADHYA PRADESH","district":"PANDHURNA","block":"PANDHURNA","indicator":"girls_toilet_nonfunctional"}},{"type":"Feature","geometry":{"type":"Point","coordinates":[78.63295,21.7314]},"properties":{"udise":"23430811501","name":"PS KOKADHANA","state":"MADHYA PRADESH","district":"PANDHURNA","block":"PANDHURNA","indicator":"girls_toilet_nonfunctional"}},{"type":"Feature","geometry":{"type":"Point","coordinates":[78.62786,21.74391]},"properties":{"udise":"23430810702","name":"MS SAWAJPANI MAL","state":"MADHYA PRADESH","district":"PANDHURNA","block":"PANDHURNA","indicator":"girls_toilet_nonfunctional"}},{"type":"Feature","geometry":{"type":"Point","coordinates":[78.85874,21.58054]},"properties":{"udise":"23430613401","name":"EDUCATION POINT SCHOOL LODHIKHEDA","state":"MADHYA PRADESH","district":"PANDHURNA","block":"SAUSAR","indicator":"girls_toilet_nonfunctional"}},{"type":"Feature","geometry":{"type":"Point","coordinates":[78.73849,21.56682]},"properties":{"udise":"23430604202","name":"AIDED SCHOOL BAHUJAN M.V. DHOKDOH","state":"MADHYA PRADESH","district":"PANDHURNA","block":"SAUSAR","indicator":"girls_toilet_nonfunctional"}},{"type":"Feature","geometry":{"type":"Point","coordinates":[78.64133,21.76044]},"properties":{"udise":"23430810602","name":"MS KONDHALI","state":"MADHYA PRADESH","district":"PANDHURNA","block":"PANDHURNA","indicator":"girls_toilet_nonfunctional"}},{"type":"Feature","geometry":{"type":"Point","coordinates":[78.7284,21.49234]},"properties":{"udise":"23430805502","name":"MS BOTHIYA","state":"MADHYA PRADESH","district":"PANDHURNA","block":"PANDHURNA","indicator":"girls_toilet_nonfunctional"}},{"type":"Feature","geometry":{"type":"Point","coordinates":[78.75364,21.60497]},"properties":{"udise":"23430604603","name":"PS GHOGARA","state":"MADHYA PRADESH","district":"PANDHURNA","block":"SAUSAR","indicator":"girls_toilet_nonfunctional"}},{"type":"Feature","geometry":{"type":"Point","coordinates":[78.48014,21.74701]},"properties":{"udise":"23430818501","name":"PS DEVNALA RAIYAT","state":"MADHYA PRADESH","district":"PANDHURNA","block":"PANDHURNA","indicator":"girls_toilet_nonfunctional"}},{"type":"Feature","geometry":{"type":"Point","coordinates":[78.62243,21.69688]},"properties":{"udise":"23430812503","name":"HS DHODEWANI","state":"MADHYA PRADESH","district":"PANDHURNA","block":"PANDHURNA","indicator":"girls_toilet_nonfunctional"}},{"type":"Feature","geometry":{"type":"Point","coordinates":[78.59445,21.87168]},"properties":{"udise":"23430820801","name":"PS PAWARDHANA KOU","state":"MADHYA PRADESH","district":"PANDHURNA","block":"PANDHURNA","indicator":"girls_toilet_nonfunctional"}},{"type":"Feature","geometry":{"type":"Point","coordinates":[78.53127,21.70875]},"properties":{"udise":"23430813401","name":"PS THNNI DHANA","state":"MADHYA PRADESH","district":"PANDHURNA","block":"PANDHURNA","indicator":"girls_toilet_nonfunctional"}},{"type":"Feature","geometry":{"type":"Point","coordinates":[78.80274,21.59651]},"properties":{"udise":"23430601301","name":"PS WAGHODA","state":"MADHYA PRADESH","district":"PANDHURNA","block":"SAUSAR","indicator":"girls_toilet_nonfunctional"}}]}