{"type":"FeatureCollection","features":[{"type":"Feature","geometry":{"type":"Point","coordinates":[81.0606,20.6667]},"properties":{"udise":"22220408905","name":"GOVT.  SECONDARY SCHOOL CHIPRA","state":"CHHATTISGARH","district":"BALOD","block":"DAUNDI","indicator":"no_girls_toilet"}},{"type":"Feature","geometry":{"type":"Point","coordinates":[81.2761,20.9139]},"properties":{"udise":"22220805201","name":"GOVT PS KHAIRUD","state":"CHHATTISGARH","district":"BALOD","block":"GUNDERDEHI","indicator":"no_girls_toilet"}},{"type":"Feature","geometry":{"type":"Point","coordinates":[81.3231,20.7644]},"properties":{"udise":"22220108705","name":"GOVT HIGHER SECONDARY SCHOOL PIPERCHHEDI","state":"CHHATTISGARH","district":"BALOD","block":"BALOD","indicator":"no_girls_toilet"}},{"type":"Feature","geometry":{"type":"Point","coordinates":[81.08222,20.42778]},"properties":{"udise":"22220403906","name":"GOVT SECONDARY SCHOOL MARKATOLA","state":"CHHATTISGARH","district":"BALOD","block":"DAUNDI","indicator":"no_girls_toilet"}},{"type":"Feature","geometry":{"type":"Point","coordinates":[81.4094,20.7694]},"properties":{"udise":"22220906601","name":"GOVT PS BHOTHALI","state":"CHHATTISGARH","district":"BALOD","block":"GURUR","indicator":"no_girls_toilet"}},{"type":"Feature","geometry":{"type":"Point","coordinates":[81.2447,20.6275]},"properties":{"udise":"22220106402","name":"GOVT. PRONAT M.S.MULLEGUDA","state":"CHHATTISGARH","district":"BALOD","block":"BALOD","indicator":"no_girls_toilet"}},{"type":"Feature","geometry":{"type":"Point","coordinates":[81.3286,20.7314]},"properties":{"udise":"22220108301","name":"GOVT  PRIMARY SCHOOLAMORA","state":"CHHATTISGARH","district":"BALOD","block":"BALOD","indicator":"no_girls_toilet"}},{"type":"Feature","geometry":{"type":"Point","coordinates":[81.3364,20.9014]},"properties":{"udise":"22220800902","name":"GOVT PS KALNGPUR","state":"CHHATTISGARH","district":"BALOD","block":"GUNDERDEHI","indicator":"no_girls_toilet"}},{"type":"Feature","geometry":{"type":"Point","coordinates":[81.4164,20.8308]},"properties":{"udise":"22220901801","name":"GOVT PS TILKHAIRI","state":"CHHATTISGARH","district":"BALOD","block":"GURUR","indicator":"no_girls_toilet"}},{"type":"Feature","geometry":{"type":"Point","coordinates":[81.3761,20.8556]},"properties":{"udise":"22220802701","name":"GOVT.PS PARSADA","state":"CHHATTISGARH","district":"BALOD","block":"GUNDERDEHI","indicator":"no_girls_toilet"}},{"type":"Feature","geometry":{"type":"Point","coordinates":[81.31,20.9517]},"properties":{"udise":"22220813801","name":"GOVT PS RUODA","state":"CHHATTISGARH","district":"BALOD","block":"GUNDERDEHI","indicator":"no_girls_toilet"}},{"type":"Feature","geometry":{"type":"Point","coordinates":[81.0806,20.6414]},"properties":{"udise":"22220408501","name":"GOVT MS KUSUMKASA","state":"CHHATTISGARH","district":"BALOD","block":"DAUNDI","indicator":"no_girls_toilet"}},{"type":"Feature","geometry":{"type":"Point","coordinates":[81.4875,20.6664]},"properties":{"udise":"22220908601","name":"GOVT PS PURUR","state":"CHHATTISGARH","district":"BALOD","block":"GURUR","indicator":"no_girls_toilet"}},{"type":"Feature","geometry":{"type":"Point","coordinates":[81.2925,20.8908]},"properties":{"udise":"22220803602","name":"GOVT MS ERRAGUDA","state":"CHHATTISGARH","district":"BALOD","block":"GUNDERDEHI","indicator":"no_girls_toilet"}},{"type":"Feature","geometry":{"type":"Point","coordinates":[81.3539,21.0081]},"properties":{"udise":"22220808401","name":"GOVT PS NAHAR KHAPARI","state":"CHHATTISGARH","district":"BALOD","block":"GUNDERDEHI","indicator":"no_girls_toilet"}},{"type":"Feature","geometry":{"type":"Point","coordinates":[81.0875,20.4822]},"properties":{"udise":"22220409301","name":"GOVT BOYS MS DONDI","state":"CHHATTISGARH","district":"BALOD","block":"DAUNDI","indicator":"no_girls_toilet"}},{"type":"Feature","geometry":{"type":"Point","coordinates":[81.2197,20.8994]},"properties":{"udise":"22220805401","name":"GOVT.PS NAWAGAON","state":"CHHATTISGARH","district":"BALOD","block":"GUNDERDEHI","indicator":"no_girls_toilet"}},{"type":"Feature","geometry":{"type":"Point","coordinates":[81.0878,20.4822]},"properties":{"udise":"22220409304","name":"GOVT BUNIYADI SHALA PS DONDI","state":"CHHATTISGARH","district":"BALOD","block":"DAUNDI","indicator":"no_girls_toilet"}},{"type":"Feature","geometry":{"type":"Point","coordinates":[81.3767,20.7353]},"properties":{"udise":"22220902901","name":"GOVT PS RAMTARA","state":"CHHATTISGARH","district":"BALOD","block":"GURUR","indicator":"no_girls_toilet"}},{"type":"Feature","geometry":{"type":"Point","coordinates":[81.4747,20.7161]},"properties":{"udise":"22220909701","name":"GOVT PS FAGUNDAH","state":"CHHATTISGARH","district":"BALOD","block":"GURUR","indicator":"no_girls_toilet"}},{"type":"Feature","geometry":{"type":"Point","coordinates":[81.1703,20.4897]},"properties":{"udise":"22220401203","name":"GOVT MS KUNJKANHAR","state":"CHHATTISGARH","district":"BALOD","block":"DAUNDI","indicator":"no_girls_toilet"}},{"type":"Feature","geometry":{"type":"Point","coordinates":[80.9497,20.7928]},"properties":{"udise":"22220507301","name":"TWD BALAK ASHRAM DURGITOLA","state":"CHHATTISGARH","district":"BALOD","block":"DAUNDI LOHARA","indicator":"no_girls_toilet"}},{"type":"Feature","geometry":{"type":"Point","coordinates":[81.2592,20.9314]},"properties":{"udise":"22220805001","name":"GOVT MS KOTGAON","state":"CHHATTISGARH","district":"BALOD","block":"GUNDERDEHI","indicator":"no_girls_toilet"}},{"type":"Feature","geometry":{"type":"Point","coordinates":[81.3053,20.925]},"properties":{"udise":"22220801102","name":"GOVT PS BARBASPUR","state":"CHHATTISGARH","district":"BALOD","block":"GUNDERDEHI","indicator":"no_girls_toilet"}},{"type":"Feature","geometry":{"type":"Point","coordinates":[80.9897,20.8506]},"properties":{"udise":"22220521801","name":"GOVT PRIMARY SCHOOL BENDARCHUWA","state":"CHHATTISGARH","district":"BALOD","block":"DAUNDI LOHARA","indicator":"no_girls_toilet"}},{"type":"Feature","geometry":{"type":"Point","coordinates":[81.2247,20.5594]},"properties":{"udise":"22220406001","name":"GOVT PS KANJELI","state":"CHHATTISGARH","district":"BALOD","block":"DAUNDI","indicator":"no_girls_toilet"}},{"type":"Feature","geometry":{"type":"Point","coordinates":[81.4811,20.7408]},"properties":{"udise":"22220909802","name":"GOVT PRO. MS PERPAR","state":"CHHATTISGARH","district":"BALOD","block":"GURUR","indicator":"no_girls_toilet"}},{"type":"Feature","geometry":{"type":"Point","coordinates":[81.0808,20.6414]},"properties":{"udise":"22220411101","name":"GOVT. P.S. KUSUMKASA No 1","state":"CHHATTISGARH","district":"BALOD","block":"DAUNDI","indicator":"no_girls_toilet"}},{"type":"Feature","geometry":{"type":"Point","coordinates":[81.3767,20.665]},"properties":{"udise":"22220905002","name":"GOVT MS SONAI DONGARI","state":"CHHATTISGARH","district":"BALOD","block":"GURUR","indicator":"no_girls_toilet"}},{"type":"Feature","geometry":{"type":"Point","coordinates":[81.4456,20.8275]},"properties":{"udise":"22220902201","name":"GOVT JANPAD PS KOSAGONDI","state":"CHHATTISGARH","district":"BALOD","block":"GURUR","indicator":"no_girls_toilet"}},{"type":"Feature","geometry":{"type":"Point","coordinates":[81.1486,20.6744]},"properties":{"udise":"22220412601","name":"GOVT PS BORID","state":"CHHATTISGARH","district":"BALOD","block":"DAUNDI","indicator":"no_girls_toilet"}},{"type":"Feature","geometry":{"type":"Point","coordinates":[81.3764,20.7356]},"properties":{"udise":"22220902902","name":"GOVT PRO. MS RAMTARA","state":"CHHATTISGARH","district":"BALOD","block":"GURUR","indicator":"no_girls_toilet"}},{"type":"Feature","geometry":{"type":"Point","coordinates":[81.3914,21.0053]},"properties":{"udise":"22220809803","name":"GOVT.N.PS BHATHAPARA TILODA (SSA)","state":"CHHATTISGARH","district":"BALOD","block":"GUNDERDEHI","indicator":"no_girls_toilet"}},{"type":"Feature","geometry":{"type":"Point","coordinates":[81.18,20.5969]},"properties":{"udise":"22220400301","name":"GOVT PS VANPANDEL","state":"CHHATTISGARH","district":"BALOD","block":"DAUNDI","indicator":"no_girls_toilet"}},{"type":"Feature","geometry":{"type":"Point","coordinates":[80.8517,20.7364]},"properties":{"udise":"22220517701","name":"GOVT PRIMARY SCHOOL MARASKOLA","state":"CHHATTISGARH","district":"BALOD","block":"DAUNDI LOHARA","indicator":"girls_toilet_nonfunctional"}},{"type":"Feature","geometry":{"type":"Point","coordinates":[81.0486,20.8675]},"properties":{"udise":"22220501001","name":"GOVT MIDEL SCHOOL ACHHOLI","state":"CHHATTISGARH","district":"BALOD","block":"DAUNDI LOHARA","indicator":"girls_toilet_nonfunctional"}},{"type":"Feature","geometry":{"type":"Point","coordinates":[81.2592,20.9314]},"properties":{"udise":"22220805002","name":"GOVT PS KOTGAON","state":"CHHATTISGARH","district":"BALOD","block":"GUNDERDEHI","indicator":"girls_toilet_nonfunctional"}},{"type":"Feature","geometry":{"type":"Point","coordinates":[80.9508,20.7686]},"properties":{"udise":"22220507501","name":"GOVT PRIMARY SCHOOL ARJUNI","state":"CHHATTISGARH","district":"BALOD","block":"DAUNDI LOHARA","indicator":"girls_toilet_nonfunctional"}},{"type":"Feature","geometry":{"type":"Point","coordinates":[81.0414,20.6444]},"properties":{"udise":"22220409002","name":"GOVT PS KAKREL","state":"CHHATTISGARH","district":"BALOD","block":"DAUNDI","indicator":"girls_toilet_nonfunctional"}},{"type":"Feature","geometry":{"type":"Point","coordinates":[81.0994,20.995]},"properties":{"udise":"22220812803","name":"GOVT SECONDARY SCHOOL JEWARTALA","state":"CHHATTISGARH","district":"BALOD","block":"GUNDERDEHI","indicator":"girls_toilet_nonfunctional"}},{"type":"Feature","geometry":{"type":"Point","coordinates":[81.08833,20.53167]},"properties":{"udise":"22220407106","name":"GOVT HIGH SCHOOL GUDUM","state":"CHHATTISGARH","district":"BALOD","block":"DAUNDI","indicator":"girls_toilet_nonfunctional"}},{"type":"Feature","geometry":{"type":"Point","coordinates":[81.2183,20.9889]},"properties":{"udise":"22220815701","name":"GOVT MS AUDAR SAKARI","state":"CHHATTISGARH","district":"BALOD","block":"GUNDERDEHI","indicator":"girls_toilet_nonfunctional"}},{"type":"Feature","geometry":{"type":"Point","coordinates":[81.0656,20.5081]},"properties":{"udise":"22220416001","name":"GOVT PS BELARGONDI NO.1","state":"CHHATTISGARH","district":"BALOD","block":"DAUNDI","indicator":"girls_toilet_nonfunctional"}},{"type":"Feature","geometry":{"type":"Point","coordinates":[81.4233,20.81]},"properties":{"udise":"22220906401","name":"GOVT PS MOHARA","state":"CHHATTISGARH","district":"BALOD","block":"GURUR","indicator":"girls_toilet_nonfunctional"}},{"type":"Feature","geometry":{"type":"Point","coordinates":[81.4933,20.8225]},"properties":{"udise":"22220901401","name":"GOVT PS BHIRAI","state":"CHHATTISGARH","district":"BALOD","block":"GURUR","indicator":"girls_toilet_nonfunctional"}},{"type":"Feature","geometry":{"type":"Point","coordinates":[81.1411,20.7169]},"properties":{"udise":"22220102701","name":"GOVT. PRIMARY SCHOOL DAIHAN","state":"CHHATTISGARH","district":"BALOD","block":"BALOD","indicator":"girls_toilet_nonfunctional"}},{"type":"Feature","geometry":{"type":"Point","coordinates":[80.975,20.6517]},"properties":{"udise":"22220509504","name":"GOVT PRIMARY SCHOOL KODEKASA","state":"CHHATTISGARH","district":"BALOD","block":"DAUNDI LOHARA","indicator":"girls_toilet_nonfunctional"}},{"type":"Feature","geometry":{"type":"Point","coordinates":[80.9569,20.7422]},"properties":{"udise":"22220507002","name":"GOVT PRIMARY SCHOOL ARAJPURI","state":"CHHATTISGARH","district":"BALOD","block":"DAUNDI LOHARA","indicator":"girls_toilet_nonfunctional"}},{"type":"Feature","geometry":{"type":"Point","coordinates":[80.9778,20.6858]},"properties":{"udise":"22220510202","name":"GOVT PRIMARY SCHOOL KERIJUNGERA (E)","state":"CHHATTISGARH","district":"BALOD","block":"DAUNDI LOHARA","indicator":"girls_toilet_nonfunctional"}},{"type":"Feature","geometry":{"type":"Point","coordinates":[81.0458,20.86]},"properties":{"udise":"22220501201","name":"GOVT PRIMARY SCHOOL KAPSI","state":"CHHATTISGARH","district":"BALOD","block":"DAUNDI LOHARA","indicator":"girls_toilet_nonfunctional"}},{"type":"Feature","geometry":{"type":"Point","coordinates":[81.0344,20.8964]},"properties":{"udise":"22220519009","name":"GOVT.PRIMARY SCHOOL RAM NAGAR KHERTHA BAZAR","state":"CHHATTISGARH","district":"BALOD","block":"DAUNDI LOHARA","indicator":"girls_toilet_nonfunctional"}},{"type":"Feature","geometry":{"type":"Point","coordinates":[81.3364,20.9014]},"properties":{"udise":"22220800901","name":"GOVT.MS KALNGPUR","state":"CHHATTISGARH","district":"BALOD","block":"GUNDERDEHI","indicator":"girls_toilet_nonfunctional"}},{"type":"Feature","geometry":{"type":"Point","coordinates":[81.1778,20.7267]},"properties":{"udise":"22220103001","name":"GOVT. P.S. RAMNAGAR","state":"CHHATTISGARH","district":"BALOD","block":"BALOD","indicator":"girls_toilet_nonfunctional"}},{"type":"Feature","geometry":{"type":"Point","coordinates":[81.0547,20.8203]},"properties":{"udise":"22220512503","name":"GOVT MIDEL SCHOOL SAMBALPUR","state":"CHHATTISGARH","district":"BALOD","block":"DAUNDI LOHARA","indicator":"girls_toilet_nonfunctional"}},{"type":"Feature","geometry":{"type":"Point","coordinates":[81.3897,20.8147]},"properties":{"udise":"22220804302","name":"GOVT MS SIYANMARA","state":"CHHATTISGARH","district":"BALOD","block":"GUNDERDEHI","indicator":"girls_toilet_nonfunctional"}},{"type":"Feature","geometry":{"type":"Point","coordinates":[81.1675,20.5061]},"properties":{"udise":"22220422301","name":"GOVT PS BANDHAPARA","state":"CHHATTISGARH","district":"BALOD","block":"DAUNDI","indicator":"girls_toilet_nonfunctional"}},{"type":"Feature","geometry":{"type":"Point","coordinates":[81.1664,20.6183]},"properties":{"udise":"22220400401","name":"GOVT PS PANDEL","state":"CHHATTISGARH","district":"BALOD","block":"DAUNDI","indicator":"girls_toilet_nonfunctional"}},{"type":"Feature","geometry":{"type":"Point","coordinates":[81.0931,20.5133]},"properties":{"udise":"22220401901","name":"GOVT PS KAMTA","state":"CHHATTISGARH","district":"BALOD","block":"DAUNDI","indicator":"girls_toilet_nonfunctional"}},{"type":"Feature","geometry":{"type":"Point","coordinates":[81.2681,20.6972]},"properties":{"udise":"22220107901","name":"GOVT. PRIMARY SCHOOL .JAGTARA","state":"CHHATTISGARH","district":"BALOD","block":"BALOD","indicator":"girls_toilet_nonfunctional"}},{"type":"Feature","geometry":{"type":"Point","coordinates":[80.9856,20.7019]},"properties":{"udise":"22220521201","name":"GOVT PRIMARY SCHOOL BARDIH (SSA)","state":"CHHATTISGARH","district":"BALOD","block":"DAUNDI LOHARA","indicator":"girls_toilet_nonfunctional"}},{"type":"Feature","geometry":{"type":"Point","coordinates":[81.1772,20.4656]},"properties":{"udise":"22220420601","name":"GOVT PS KHURSITIKUR","state":"CHHATTISGARH","district":"BALOD","block":"DAUNDI","indicator":"girls_toilet_nonfunctional"}},{"type":"Feature","geometry":{"type":"Point","coordinates":[81.2608,20.6069]},"properties":{"udise":"22220106601","name":"GOVT. P.S. GODPAL","state":"CHHATTISGARH","district":"BALOD","block":"BALOD","indicator":"girls_toilet_nonfunctional"}},{"type":"Feature","geometry":{"type":"Point","coordinates":[81.1744,20.9353]},"properties":{"udise":"22220521001","name":"GOVT PRIMARY SCHOOL MANKI","state":"CHHATTISGARH","district":"BALOD","block":"DAUNDI LOHARA","indicator":"girls_toilet_nonfunctional"}},{"type":"Feature","geometry":{"type":"Point","coordinates":[81.2456,20.6047]},"properties":{"udise":"22220421701","name":"GOVT PS KESHOPUR","state":"CHHATTISGARH","district":"BALOD","block":"DAUNDI","indicator":"girls_toilet_nonfunctional"}},{"type":"Feature","geometry":{"type":"Point","coordinates":[81.2397,20.9839]},"properties":{"udise":"22220807303","name":"GOVT.NAVIN MS ROUNA (SSA)","state":"CHHATTISGARH","district":"BALOD","block":"GUNDERDEHI","indicator":"girls_toilet_nonfunctional"}},{"type":"Feature","geometry":{"type":"Point","coordinates":[81.3172,20.5753]},"properties":{"udise":"22220900104","name":"GOVT MS BADBHUM","state":"CHHATTISGARH","district":"BALOD","block":"GURUR","indicator":"girls_toilet_nonfunctional"}},{"type":"Feature","geometry":{"type":"Point","coordinates":[81.3911,20.9475]},"properties":{"udise":"22220811402","name":"GOVT.NAVIN MS JORATARAI (SSA)","state":"CHHATTISGARH","district":"BALOD","block":"GUNDERDEHI","indicator":"girls_toilet_nonfunctional"}},{"type":"Feature","geometry":{"type":"Point","coordinates":[81.3061,20.985]},"properties":{"udise":"22220807901","name":"GOVT PS DEWARI (K)","state":"CHHATTISGARH","district":"BALOD","block":"GUNDERDEHI","indicator":"girls_toilet_nonfunctional"}},{"type":"Feature","geometry":{"type":"Point","coordinates":[81.1742,20.9353]},"properties":{"udise":"22220521002","name":"GOVT MIDEL SCHOOL MANKI","state":"CHHATTISGARH","district":"BALOD","block":"DAUNDI LOHARA","indicator":"girls_toilet_nonfunctional"}},{"type":"Feature","geometry":{"type":"Point","coordinates":[81.1975,20.7211]},"properties":{"udise":"22220100402","name":"GOVT. PRIMARY SCHOOL AAMAPARA BALOD","state":"CHHATTISGARH","district":"BALOD","block":"BALOD","indicator":"girls_toilet_nonfunctional"}},{"type":"Feature","geometry":{"type":"Point","coordinates":[81.2744,20.8389]},"properties":{"udise":"22220803301","name":"GOVT.PS PHULJHAR","state":"CHHATTISGARH","district":"BALOD","block":"GUNDERDEHI","indicator":"girls_toilet_nonfunctional"}},{"type":"Feature","geometry":{"type":"Point","coordinates":[81.3167,20.7667]},"properties":{"udise":"22220109101","name":"GOVT PS CHARWAHI","state":"CHHATTISGARH","district":"BALOD","block":"BALOD","indicator":"girls_toilet_nonfunctional"}},{"type":"Feature","geometry":{"type":"Point","coordinates":[81.02222,21.14972]},"properties":{"udise":"22220509503","name":"TWD GIRLS ASHRAM KODEKASA","state":"CHHATTISGARH","district":"BALOD","block":"DAUNDI LOHARA","indicator":"girls_toilet_nonfunctional"}},{"type":"Feature","geometry":{"type":"Point","coordinates":[80.9539,20.8142]},"properties":{"udise":"22220507102","name":"GOVT PRIMARY SCHOOL BANJARI","state":"CHHATTISGARH","district":"BALOD","block":"DAUNDI LOHARA","indicator":"girls_toilet_nonfunctional"}},{"type":"Feature","geometry":{"type":"Point","coordinates":[81.3089,20.8281]},"properties":{"udise":"22220800202","name":"GOVT MS MAHUD (B)","state":"CHHATTISGARH","district":"BALOD","block":"GUNDERDEHI","indicator":"girls_toilet_nonfunctional"}},{"type":"Feature","geometry":{"type":"Point","coordinates":[81.3975,20.6319]},"properties":{"udise":"22220904001","name":"GOVT PS KARIYATOLA","state":"CHHATTISGARH","district":"BALOD","block":"GURUR","indicator":"girls_toilet_nonfunctional"}},{"type":"Feature","geometry":{"type":"Point","coordinates":[81.0283,20.6078]},"properties":{"udise":"22220409102","name":"GOVT PS BITAL","state":"CHHATTISGARH","district":"BALOD","block":"DAUNDI","indicator":"girls_toilet_nonfunctional"}},{"type":"Feature","geometry":{"type":"Point","coordinates":[81.0356,20.6747]},"properties":{"udise":"22220502501","name":"GOVT MIDEL SCHOOL KILLEKODA","state":"CHHATTISGARH","district":"BALOD","block":"DAUNDI LOHARA","indicator":"girls_toilet_nonfunctional"}},{"type":"Feature","geometry":{"type":"Point","coordinates":[81.4194,20.8114]},"properties":{"udise":"22220906402","name":"GOVT MS MOHARA","state":"CHHATTISGARH","district":"BALOD","block":"GURUR","indicator":"girls_toilet_nonfunctional"}},{"type":"Feature","geometry":{"type":"Point","coordinates":[81.3703,20.7011]},"properties":{"udise":"22220905801","name":"GOVT PS BHARDA","state":"CHHATTISGARH","district":"BALOD","block":"GURUR","indicator":"girls_toilet_nonfunctional"}},{"type":"Feature","geometry":{"type":"Point","coordinates":[80.9914,20.8386]},"properties":{"udise":"22220516301","name":"TWD PRIMARY MIDEL ASHRAM DHUMADAH","state":"CHHATTISGARH","district":"BALOD","block":"DAUNDI LOHARA","indicator":"girls_toilet_nonfunctional"}},{"type":"Feature","geometry":{"type":"Point","coordinates":[81.0736,20.8878]},"properties":{"udise":"22220506602","name":"GOVT PRIMARY SCHOOL RIVAGAHAN","state":"CHHATTISGARH","district":"BALOD","block":"DAUNDI LOHARA","indicator":"girls_toilet_nonfunctional"}},{"type":"Feature","geometry":{"type":"Point","coordinates":[81.2433,20.6144]},"properties":{"udise":"22220406801","name":"GOVT PS MARAAMKHEDA","state":"CHHATTISGARH","district":"BALOD","block":"DAUNDI","indicator":"girls_toilet_nonfunctional"}},{"type":"Feature","geometry":{"type":"Point","coordinates":[81.3331,20.5739]},"properties":{"udise":"22220900201","name":"GOVT PS JANGLI BHEJA","state":"CHHATTISGARH","district":"BALOD","block":"GURUR","indicator":"girls_toilet_nonfunctional"}},{"type":"Feature","geometry":{"type":"Point","coordinates":[81.365,20.9839]},"properties":{"udise":"22220809901","name":"GOVT.PS HARANSINGHI","state":"CHHATTISGARH","district":"BALOD","block":"GUNDERDEHI","indicator":"girls_toilet_nonfunctional"}},{"type":"Feature","geometry":{"type":"Point","coordinates":[81.1517,20.8375]},"properties":{"udise":"22220506101","name":"GOVT PRIMARY SCHOOL BUNDELI","state":"CHHATTISGARH","district":"BALOD","block":"DAUNDI LOHARA","indicator":"girls_toilet_nonfunctional"}},{"type":"Feature","geometry":{"type":"Point","coordinates":[81.1331,20.9906]},"properties":{"udise":"22220813001","name":"GOVT PS TEKAPAR","state":"CHHATTISGARH","district":"BALOD","block":"GUNDERDEHI","indicator":"girls_toilet_nonfunctional"}},{"type":"Feature","geometry":{"type":"Point","coordinates":[81.0569,20.7553]},"properties":{"udise":"22220504901","name":"GOVT MIDEL SCHOOL PINGAL","state":"CHHATTISGARH","district":"BALOD","block":"DAUNDI LOHARA","indicator":"girls_toilet_nonfunctional"}},{"type":"Feature","geometry":{"type":"Point","coordinates":[81.1181,20.9544]},"properties":{"udise":"22220511001","name":"GOVT PRIMARY SCHOOL SINGARPUR","state":"CHHATTISGARH","district":"BALOD","block":"DAUNDI LOHARA","indicator":"girls_toilet_nonfunctional"}},{"type":"Feature","geometry":{"type":"Point","coordinates":[81.0139,20.7719]},"properties":{"udise":"22220518501","name":"GOVT PRIMARY SCHOOL BAGAIKONHA T","state":"CHHATTISGARH","district":"BALOD","block":"DAUNDI LOHARA","indicator":"girls_toilet_nonfunctional"}},{"type":"Feature","geometry":{"type":"Point","coordinates":[81.1169,20.9897]},"properties":{"udise":"22220813201","name":"GOVT.PS SIBDI","state":"CHHATTISGARH","district":"BALOD","block":"GUNDERDEHI","indicator":"girls_toilet_nonfunctional"}},{"type":"Feature","geometry":{"type":"Point","coordinates":[81.3792,20.5458]},"properties":{"udise":"22220910401","name":"GOVT PS POND","state":"CHHATTISGARH","district":"BALOD","block":"GURUR","indicator":"girls_toilet_nonfunctional"}},{"type":"Feature","geometry":{"type":"Point","coordinates":[81.0658,20.9839]},"properties":{"udise":"22220502901","name":"GOVT MIDEL SCHOOL TATENGA","state":"CHHATTISGARH","district":"BALOD","block":"DAUNDI LOHARA","indicator":"girls_toilet_nonfunctional"}},{"type":"Feature","geometry":{"type":"Point","coordinates":[81.1225,21.0017]},"properties":{"udise":"22220816501","name":"GOVT.PS BARBASPUR","state":"CHHATTISGARH","district":"BALOD","block":"GUNDERDEHI","indicator":"girls_toilet_nonfunctional"}},{"type":"Feature","geometry":{"type":"Point","coordinates":[81.0547,20.7942]},"properties":{"udise":"22220500301","name":"GOVT PRIMARY SCHOOL TIKARAPARA D.L.","state":"CHHATTISGARH","district":"BALOD","block":"DAUNDI LOHARA","indicator":"girls_toilet_nonfunctional"}},{"type":"Feature","geometry":{"type":"Point","coordinates":[81.2656,20.9792]},"properties":{"udise":"22220813701","name":"GOVT PS KHARRA","state":"CHHATTISGARH","district":"BALOD","block":"GUNDERDEHI","indicator":"girls_toilet_nonfunctional"}},{"type":"Feature","geometry":{"type":"Point","coordinates":[81.2747,20.6828]},"properties":{"udise":"22220107802","name":"GOVT.  PRIMARY SCHOOL. JAMARUWA","state":"CHHATTISGARH","district":"BALOD","block":"BALOD","indicator":"girls_toilet_nonfunctional"}},{"type":"Feature","geometry":{"type":"Point","coordinates":[81.1425,20.9903]},"properties":{"udise":"22220812601","name":"GOVT MS BHARDAKALA","state":"CHHATTISGARH","district":"BALOD","block":"GUNDERDEHI","indicator":"girls_toilet_nonfunctional"}},{"type":"Feature","geometry":{"type":"Point","coordinates":[81.1453,20.9942]},"properties":{"udise":"22220812602","name":"GOVT.PS BHARDAKALA","state":"CHHATTISGARH","district":"BALOD","block":"GUNDERDEHI","indicator":"girls_toilet_nonfunctional"}},{"type":"Feature","geometry":{"type":"Point","coordinates":[80.9342,20.6883]},"properties":{"udise":"22220508201","name":"GOVT PRIMARY SCHOOL LAMTI","state":"CHHATTISGARH","district":"BALOD","block":"DAUNDI LOHARA","indicator":"girls_toilet_nonfunctional"}},{"type":"Feature","geometry":{"type":"Point","coordinates":[81.4819,20.6497]},"properties":{"udise":"22220909301","name":"GOVT PS MUDKHUSRA","state":"CHHATTISGARH","district":"BALOD","block":"GURUR","indicator":"girls_toilet_nonfunctional"}},{"type":"Feature","geometry":{"type":"Point","coordinates":[81.2153,20.5814]},"properties":{"udise":"22220406401","name":"GOVT PS PARKALKASA","state":"CHHATTISGARH","district":"BALOD","block":"DAUNDI","indicator":"girls_toilet_nonfunctional"}},{"type":"Feature","geometry":{"type":"Point","coordinates":[80.9153,20.675]},"properties":{"udise":"22220502001","name":"GOVT PRIMARY SCHOOL MUDPAR","state":"CHHATTISGARH","district":"BALOD","block":"DAUNDI LOHARA","indicator":"girls_toilet_nonfunctional"}},{"type":"Feature","geometry":{"type":"Point","coordinates":[81.1394,20.9919]},"properties":{"udise":"22220812604","name":"GOVT.NAVIN PS BHARDAKALA","state":"CHHATTISGARH","district":"BALOD","block":"GUNDERDEHI","indicator":"girls_toilet_nonfunctional"}},{"type":"Feature","geometry":{"type":"Point","coordinates":[81.2647,20.7436]},"properties":{"udise":"22220101402","name":"GOVT. PRIMARY SCHOOL BELMAND","state":"CHHATTISGARH","district":"BALOD","block":"BALOD","indicator":"girls_toilet_nonfunctional"}},{"type":"Feature","geometry":{"type":"Point","coordinates":[81.3606,20.6644]},"properties":{"udise":"22220903701","name":"GOVT PS TENGNA","state":"CHHATTISGARH","district":"BALOD","block":"GURUR","indicator":"girls_toilet_nonfunctional"}},{"type":"Feature","geometry":{"type":"Point","coordinates":[81.3072,20.8192]},"properties":{"udise":"22220804102","name":"GOVT NAVIN MS PASOOD","state":"CHHATTISGARH","district":"BALOD","block":"GUNDERDEHI","indicator":"girls_toilet_nonfunctional"}},{"type":"Feature","geometry":{"type":"Point","coordinates":[81.2817,20.7906]},"properties":{"udise":"22220104203","name":"GOVT. SECONDARY SCHOOL KHAPRI","state":"CHHATTISGARH","district":"BALOD","block":"BALOD","indicator":"girls_toilet_nonfunctional"}},{"type":"Feature","geometry":{"type":"Point","coordinates":[81.3883,21.0053]},"properties":{"udise":"22220809802","name":"GVOT.PS TILODA","state":"CHHATTISGARH","district":"BALOD","block":"GUNDERDEHI","indicator":"girls_toilet_nonfunctional"}},{"type":"Feature","geometry":{"type":"Point","coordinates":[81.3089,20.695]},"properties":{"udise":"22220110601","name":"GOVT PS KARHIBHADAR","state":"CHHATTISGARH","district":"BALOD","block":"BALOD","indicator":"girls_toilet_nonfunctional"}},{"type":"Feature","geometry":{"type":"Point","coordinates":[80.9011,20.6731]},"properties":{"udise":"22220501802","name":"GOVT MIDEL SCHOOL PIDIYAL","state":"CHHATTISGARH","district":"BALOD","block":"DAUNDI LOHARA","indicator":"girls_toilet_nonfunctional"}},{"type":"Feature","geometry":{"type":"Point","coordinates":[81.0878,20.4419]},"properties":{"udise":"22220407103","name":"GOVT MS GUDUM","state":"CHHATTISGARH","district":"BALOD","block":"DAUNDI","indicator":"girls_toilet_nonfunctional"}},{"type":"Feature","geometry":{"type":"Point","coordinates":[81.2739,20.8056]},"properties":{"udise":"22220104501","name":"GOVT. P.S. BHOINAPAR","state":"CHHATTISGARH","district":"BALOD","block":"BALOD","indicator":"girls_toilet_nonfunctional"}},{"type":"Feature","geometry":{"type":"Point","coordinates":[80.9986,20.9933]},"properties":{"udise":"22220520801","name":"GOVT PRIMARY SCHOOL MUDKHUSARA","state":"CHHATTISGARH","district":"BALOD","block":"DAUNDI LOHARA","indicator":"girls_toilet_nonfunctional"}},{"type":"Feature","geometry":{"type":"Point","coordinates":[81.3781,20.9278]},"properties":{"udise":"22220811302","name":"GOVT PS DONGITARI","state":"CHHATTISGARH","district":"BALOD","block":"GUNDERDEHI","indicator":"girls_toilet_nonfunctional"}},{"type":"Feature","geometry":{"type":"Point","coordinates":[81.3397,20.7281]},"properties":{"udise":"22220907401","name":"GOVT PS ARJUNI","state":"CHHATTISGARH","district":"BALOD","block":"GURUR","indicator":"girls_toilet_nonfunctional"}},{"type":"Feature","geometry":{"type":"Point","coordinates":[81.0956,20.6092]},"properties":{"udise":"22220414201","name":"TWD PS KURRUBHAT","state":"CHHATTISGARH","district":"BALOD","block":"DAUNDI","indicator":"girls_toilet_nonfunctional"}},{"type":"Feature","geometry":{"type":"Point","coordinates":[81.1169,20.9897]},"properties":{"udise":"22220813202","name":"GOVT.MS SIBDI (SSA)","state":"CHHATTISGARH","district":"BALOD","block":"GUNDERDEHI","indicator":"girls_toilet_nonfunctional"}},{"type":"Feature","geometry":{"type":"Point","coordinates":[81.15,20.5811]},"properties":{"udise":"22220403001","name":"GOVT PS DARUTOLA","state":"CHHATTISGARH","district":"BALOD","block":"DAUNDI","indicator":"girls_toilet_nonfunctional"}},{"type":"Feature","geometry":{"type":"Point","coordinates":[81.1147,20.4869]},"properties":{"udise":"22220410901","name":"GOVT PS LAKHAMATOLA","state":"CHHATTISGARH","district":"BALOD","block":"DAUNDI","indicator":"girls_toilet_nonfunctional"}},{"type":"Feature","geometry":{"type":"Point","coordinates":[81.2847,20.8039]},"properties":{"udise":"22220104401","name":"GOVT. P.S. PARSAHI","state":"CHHATTISGARH","district":"BALOD","block":"BALOD","indicator":"girls_toilet_nonfunctional"}},{"type":"Feature","geometry":{"type":"Point","coordinates":[81.0347,20.6792]},"properties":{"udise":"22220502502","name":"GOVT PRIMARY SCHOOL KILLEKODA","state":"CHHATTISGARH","district":"BALOD","block":"DAUNDI LOHARA","indicator":"girls_toilet_nonfunctional"}},{"type":"Feature","geometry":{"type":"Point","coordinates":[81.0644,20.8564]},"properties":{"udise":"22220501302","name":"GOVT MIDEL SCHOOL PARSADIH J (SSA)","state":"CHHATTISGARH","district":"BALOD","block":"DAUNDI LOHARA","indicator":"girls_toilet_nonfunctional"}},{"type":"Feature","geometry":{"type":"Point","coordinates":[80.9947,20.6722]},"properties":{"udise":"22220509603","name":"GOVT PRIMARY SCHOOL CHIKHALI 2(SSA)","state":"CHHATTISGARH","district":"BALOD","block":"DAUNDI LOHARA","indicator":"girls_toilet_nonfunctional"}},{"type":"Feature","geometry":{"type":"Point","coordinates":[81.2019,20.8008]},"properties":{"udise":"22220107302","name":"GOVT.  PRIMARY SCHOOL J.SANKARA","state":"CHHATTISGARH","district":"BALOD","block":"BALOD","indicator":"girls_toilet_nonfunctional"}},{"type":"Feature","geometry":{"type":"Point","coordinates":[82.13,21.6639]},"properties":{"udise":"22242008702","name":"GOVT. MISHAN PRAIMARY SCHOOL PARSABHADER (M)","state":"CHHATTISGARH","district":"BALODABAZAR","block":"BALODA BAZAR","indicator":"no_girls_toilet"}},{"type":"Feature","geometry":{"type":"Point","coordinates":[82.4861,21.6028]},"properties":{"udise":"22241211102","name":"GOVT MS KHARRI (SSA)","state":"CHHATTISGARH","district":"BALODABAZAR","block":"KASDOL","indicator":"no_girls_toilet"}},{"type":"Feature","geometry":{"type":"Point","coordinates":[82.5725,21.6167]},"properties":{"udise":"22241206201","name":"GOVT PS KOUWATAL","state":"CHHATTISGARH","district":"BALODABAZAR","block":"KASDOL","indicator":"no_girls_toilet"}},{"type":"Feature","geometry":{"type":"Point","coordinates":[81.9692,21.6961]},"properties":{"udise":"22240211901","name":"GOVT. P.S. SEMRIYA","state":"CHHATTISGARH","district":"BALODABAZAR","block":"BHATAPARA","indicator":"no_girls_toilet"}},{"type":"Feature","geometry":{"type":"Point","coordinates":[82.4536,21.5972]},"properties":{"udise":"22241205502","name":"GOVT MS KURRAHA (SSA)","state":"CHHATTISGARH","district":"BALODABAZAR","block":"KASDOL","indicator":"no_girls_toilet"}},{"type":"Feature","geometry":{"type":"Point","coordinates":[82.1878,21.4014]},"properties":{"udise":"22241803601","name":"GOVT PRIMARY SCHOOL BIJARADIH","state":"CHHATTISGARH","district":"BALODABAZAR","block":"PALARI","indicator":"no_girls_toilet"}},{"type":"Feature","geometry":{"type":"Point","coordinates":[82.5,21.6319]},"properties":{"udise":"22241215302","name":"GOVT MS AMAKHOHA (SSA)","state":"CHHATTISGARH","district":"BALODABAZAR","block":"KASDOL","indicator":"no_girls_toilet"}},{"type":"Feature","geometry":{"type":"Point","coordinates":[82.6103,21.3742]},"properties":{"udise":"22241225901","name":"GOVT PS TRIKUTI (SSA)","state":"CHHATTISGARH","district":"BALODABAZAR","block":"KASDOL","indicator":"no_girls_toilet"}},{"type":"Feature","geometry":{"type":"Point","coordinates":[82.6669,21.3419]},"properties":{"udise":"22241214502","name":"GOVT MS SONPUR (SSA)","state":"CHHATTISGARH","district":"BALODABAZAR","block":"KASDOL","indicator":"no_girls_toilet"}},{"type":"Feature","geometry":{"type":"Point","coordinates":[82.675,21.4617]},"properties":{"udise":"22241204801","name":"GOVT PS BILADI","state":"CHHATTISGARH","district":"BALODABAZAR","block":"KASDOL","indicator":"no_girls_toilet"}},{"type":"Feature","geometry":{"type":"Point","coordinates":[82.6803,21.3853]},"properties":{"udise":"22241214101","name":"GOVT PS KUSHBHATA","state":"CHHATTISGARH","district":"BALODABAZAR","block":"KASDOL","indicator":"no_girls_toilet"}},{"type":"Feature","geometry":{"type":"Point","coordinates":[82.3056,21.5106]},"properties":{"udise":"22241211002","name":"GOVT MS  PUTPURA","state":"CHHATTISGARH","district":"BALODABAZAR","block":"KASDOL","indicator":"no_girls_toilet"}},{"type":"Feature","geometry":{"type":"Point","coordinates":[82.6289,21.4214]},"properties":{"udise":"22241210701","name":"GOVT PS DEVRUNG","state":"CHHATTISGARH","district":"BALODABAZAR","block":"KASDOL","indicator":"no_girls_toilet"}},{"type":"Feature","geometry":{"type":"Point","coordinates":[82.5331,21.6836]},"properties":{"udise":"22241203704","name":"GOVT PS KHAIRA (SSA)","state":"CHHATTISGARH","district":"BALODABAZAR","block":"KASDOL","indicator":"no_girls_toilet"}},{"type":"Feature","geometry":{"type":"Point","coordinates":[82.6653,21.3392]},"properties":{"udise":"22241225601","name":"GOVT PS DIPAPARA SONPUR  (SSA)","state":"CHHATTISGARH","district":"BALODABAZAR","block":"KASDOL","indicator":"no_girls_toilet"}},{"type":"Feature","geometry":{"type":"Point","coordinates":[82.4347,21.6228]},"properties":{"udise":"22241209701","name":"GOVT PS HADHA PARA","state":"CHHATTISGARH","district":"BALODABAZAR","block":"KASDOL","indicator":"no_girls_toilet"}},{"type":"Feature","geometry":{"type":"Point","coordinates":[82.5475,21.6133]},"properties":{"udise":"22241228703","name":"GOVT MS DARRA  (GIROD) (SSA)","state":"CHHATTISGARH","district":"BALODABAZAR","block":"KASDOL","indicator":"no_girls_toilet"}},{"type":"Feature","geometry":{"type":"Point","coordinates":[82.1864,21.7631]},"properties":{"udise":"22242018201","name":"GOVT. PRAIMARY SCHOOL BOIRDIH","state":"CHHATTISGARH","district":"BALODABAZAR","block":"BALODA BAZAR","indicator":"no_girls_toilet"}},{"type":"Feature","geometry":{"type":"Point","coordinates":[82.4408,21.6717]},"properties":{"udise":"22241207901","name":"GOVT PS SONAIDIH","state":"CHHATTISGARH","district":"BALODABAZAR","block":"KASDOL","indicator":"no_girls_toilet"}},{"type":"Feature","geometry":{"type":"Point","coordinates":[82.4992,21.5133]},"properties":{"udise":"22241208302","name":"GOVT MS PATHIYAPALI (SSA)","state":"CHHATTISGARH","district":"BALODABAZAR","block":"KASDOL","indicator":"no_girls_toilet"}},{"type":"Feature","geometry":{"type":"Point","coordinates":[82.2619,21.5194]},"properties":{"udise":"22241801501","name":"GOVT PRIMARY SCHOOL JORADABRI","state":"CHHATTISGARH","district":"BALODABAZAR","block":"PALARI","indicator":"no_girls_toilet"}},{"type":"Feature","geometry":{"type":"Point","coordinates":[82.5564,21.6169]},"properties":{"udise":"22241205402","name":"GOVT PS GIRODPURI","state":"CHHATTISGARH","district":"BALODABAZAR","block":"KASDOL","indicator":"no_girls_toilet"}},{"type":"Feature","geometry":{"type":"Point","coordinates":[82.1514,21.4097]},"properties":{"udise":"22241809002","name":"GOVT MIDDLE  SCHOOL HARINBHATTHA","state":"CHHATTISGARH","district":"BALODABAZAR","block":"PALARI","indicator":"no_girls_toilet"}},{"type":"Feature","geometry":{"type":"Point","coordinates":[82.5389,21.6381]},"properties":{"udise":"22241220502","name":"GOVT MS TURKINDIH (SSA)","state":"CHHATTISGARH","district":"BALODABAZAR","block":"KASDOL","indicator":"no_girls_toilet"}},{"type":"Feature","geometry":{"type":"Point","coordinates":[82.4233,21.6244]},"properties":{"udise":"22241212407","name":"GOVT MIDDLE SCHOOL KASDOL","state":"CHHATTISGARH","district":"BALODABAZAR","block":"KASDOL","indicator":"no_girls_toilet"}},{"type":"Feature","geometry":{"type":"Point","coordinates":[82.6092,21.4894]},"properties":{"udise":"22241222202","name":"GOVT MS KORRADIH (SSA)","state":"CHHATTISGARH","district":"BALODABAZAR","block":"KASDOL","indicator":"no_girls_toilet"}},{"type":"Feature","geometry":{"type":"Point","coordinates":[82.4531,21.6286]},"properties":{"udise":"22241203205","name":"GOVT.NAVIN PS PURANI BASTI","state":"CHHATTISGARH","district":"BALODABAZAR","block":"KASDOL","indicator":"no_girls_toilet"}},{"type":"Feature","geometry":{"type":"Point","coordinates":[82.5303,21.4792]},"properties":{"udise":"22241204502","name":"GOVT PS NAVAGAON","state":"CHHATTISGARH","district":"BALODABAZAR","block":"KASDOL","indicator":"no_girls_toilet"}},{"type":"Feature","geometry":{"type":"Point","coordinates":[82.5692,21.6469]},"properties":{"udise":"22241206602","name":"GOVT MS MATIYA","state":"CHHATTISGARH","district":"BALODABAZAR","block":"KASDOL","indicator":"no_girls_toilet"}},{"type":"Feature","geometry":{"type":"Point","coordinates":[82.5719,21.6169]},"properties":{"udise":"22241206202","name":"GOVT MS KOUWATAL (SSA)","state":"CHHATTISGARH","district":"BALODABAZAR","block":"KASDOL","indicator":"no_girls_toilet"}},{"type":"Feature","geometry":{"type":"Point","coordinates":[82.6547,21.4181]},"properties":{"udise":"22241202001","name":"GOVT PS NITHORA","state":"CHHATTISGARH","district":"BALODABAZAR","block":"KASDOL","indicator":"no_girls_toilet"}},{"type":"Feature","geometry":{"type":"Point","coordinates":[82.4428,21.58]},"properties":{"udise":"22241208101","name":"GOVT MS HATOUD","state":"CHHATTISGARH","district":"BALODABAZAR","block":"KASDOL","indicator":"no_girls_toilet"}},{"type":"Feature","geometry":{"type":"Point","coordinates":[82.6206,21.6692]},"properties":{"udise":"22241211501","name":"GOVT PS KHAPRADIH","state":"CHHATTISGARH","district":"BALODABAZAR","block":"KASDOL","indicator":"no_girls_toilet"}},{"type":"Feature","geometry":{"type":"Point","coordinates":[82.5181,21.6919]},"properties":{"udise":"22241206801","name":"GOVT PS BAIJNATH","state":"CHHATTISGARH","district":"BALODABAZAR","block":"KASDOL","indicator":"no_girls_toilet"}},{"type":"Feature","geometry":{"type":"Point","coordinates":[82.4228,21.4028]},"properties":{"udise":"22241218201","name":"TDW ADIWASI KANYA ASHRAM","state":"CHHATTISGARH","district":"BALODABAZAR","block":"KASDOL","indicator":"no_girls_toilet"}},{"type":"Feature","geometry":{"type":"Point","coordinates":[82.6642,21.3475]},"properties":{"udise":"22241225701","name":"GOVT PS NADIYA PARA (SSA)","state":"CHHATTISGARH","district":"BALODABAZAR","block":"KASDOL","indicator":"no_girls_toilet"}},{"type":"Feature","geometry":{"type":"Point","coordinates":[82.6547,21.4181]},"properties":{"udise":"22241202002","name":"GOVT MS NITHORA (SSA)","state":"CHHATTISGARH","district":"BALODABAZAR","block":"KASDOL","indicator":"no_girls_toilet"}},{"type":"Feature","geometry":{"type":"Point","coordinates":[82.4261,21.6175]},"properties":{"udise":"22241202901","name":"GOVT PS DR. KANHAIYA LAL SHARMA","state":"CHHATTISGARH","district":"BALODABAZAR","block":"KASDOL","indicator":"no_girls_toilet"}},{"type":"Feature","geometry":{"type":"Point","coordinates":[82.4511,21.6758]},"properties":{"udise":"22241207801","name":"GOVT PS MUDIYADIH","state":"CHHATTISGARH","district":"BALODABAZAR","block":"KASDOL","indicator":"no_girls_toilet"}},{"type":"Feature","geometry":{"type":"Point","coordinates":[82.5253,21.6658]},"properties":{"udise":"22241206902","name":"GOVT MS SARWANI (SSA)","state":"CHHATTISGARH","district":"BALODABAZAR","block":"KASDOL","indicator":"no_girls_toilet"}},{"type":"Feature","geometry":{"type":"Point","coordinates":[82.6786,21.4344]},"properties":{"udise":"22241210602","name":"GOVT NAVIN MS KURMAJHAR","state":"CHHATTISGARH","district":"BALODABAZAR","block":"KASDOL","indicator":"girls_toilet_nonfunctional"}},{"type":"Feature","geometry":{"type":"Point","coordinates":[82.4119,21.6328]},"properties":{"udise":"22241203602","name":"GOVT MS DARRA (SSA)","state":"CHHATTISGARH","district":"BALODABAZAR","block":"KASDOL","indicator":"girls_toilet_nonfunctional"}},{"type":"Feature","geometry":{"type":"Point","coordinates":[82.6497,21.3583]},"properties":{"udise":"22241216001","name":"GOVT PS LUKAUPALI","state":"CHHATTISGARH","district":"BALODABAZAR","block":"KASDOL","indicator":"girls_toilet_nonfunctional"}},{"type":"Feature","geometry":{"type":"Point","coordinates":[82.2011,21.6622]},"properties":{"udise":"22242008403","name":"GOVT. PRAIMARY SCHOOL HALWAI KHAPARI","state":"CHHATTISGARH","district":"BALODABAZAR","block":"BALODA BAZAR","indicator":"girls_toilet_nonfunctional"}},{"type":"Feature","geometry":{"type":"Point","coordinates":[82.5,21.6319]},"properties":{"udise":"22241215301","name":"GOVT PS AMAKHOHA","state":"CHHATTISGARH","district":"BALODABAZAR","block":"KASDOL","indicator":"girls_toilet_nonfunctional"}},{"type":"Feature","geometry":{"type":"Point","coordinates":[82.6583,21.3967]},"properties":{"udise":"22241201901","name":"GOVT MS THARGAON","state":"CHHATTISGARH","district":"BALODABAZAR","block":"KASDOL","indicator":"girls_toilet_nonfunctional"}},{"type":"Feature","geometry":{"type":"Point","coordinates":[82.4428,21.6369]},"properties":{"udise":"22241200701","name":"GOVT PS KOT(K)","state":"CHHATTISGARH","district":"BALODABAZAR","block":"KASDOL","indicator":"girls_toilet_nonfunctional"}},{"type":"Feature","geometry":{"type":"Point","coordinates":[82.5242,21.4703]},"properties":{"udise":"22241220702","name":"GOVT.MS TAL DADAR","state":"CHHATTISGARH","district":"BALODABAZAR","block":"KASDOL","indicator":"girls_toilet_nonfunctional"}},{"type":"Feature","geometry":{"type":"Point","coordinates":[82.3575,21.6806]},"properties":{"udise":"22242012001","name":"GOVT. P.S. KORDA","state":"CHHATTISGARH","district":"BALODABAZAR","block":"BALODA BAZAR","indicator":"girls_toilet_nonfunctional"}},{"type":"Feature","geometry":{"type":"Point","coordinates":[82.4003,21.5756]},"properties":{"udise":"22241223603","name":"GOVT PS MOUHABHATA (SSA)","state":"CHHATTISGARH","district":"BALODABAZAR","block":"KASDOL","indicator":"girls_toilet_nonfunctional"}},{"type":"Feature","geometry":{"type":"Point","coordinates":[82.3044,21.6281]},"properties":{"udise":"22242000501","name":"GOVT. PRIMARY SCHOOL JAMDIH","state":"CHHATTISGARH","district":"BALODABAZAR","block":"BALODA BAZAR","indicator":"girls_toilet_nonfunctional"}},{"type":"Feature","geometry":{"type":"Point","coordinates":[82.3981,21.7078]},"properties":{"udise":"22242001601","name":"GOVT. PRAIMARY SCHOOL GANGAI","state":"CHHATTISGARH","district":"BALODABAZAR","block":"BALODA BAZAR","indicator":"girls_toilet_nonfunctional"}},{"type":"Feature","geometry":{"type":"Point","coordinates":[82.4214,21.6261]},"properties":{"udise":"22241225003","name":"GOVT PS ADIWASI KANYA ASHRAM KASDOL","state":"CHHATTISGARH","district":"BALODABAZAR","block":"KASDOL","indicator":"girls_toilet_nonfunctional"}},{"type":"Feature","geometry":{"type":"Point","coordinates":[82.5569,21.375]},"properties":{"udise":"22241223804","name":"GOVT PS NAWADIH (SSA)","state":"CHHATTISGARH","district":"BALODABAZAR","block":"KASDOL","indicator":"girls_toilet_nonfunctional"}},{"type":"Feature","geometry":{"type":"Point","coordinates":[82.5244,21.6592]},"properties":{"udise":"22241206402","name":"GOVT PS AADARSH  BALAK KATGI","state":"CHHATTISGARH","district":"BALODABAZAR","block":"KASDOL","indicator":"girls_toilet_nonfunctional"}},{"type":"Feature","geometry":{"type":"Point","coordinates":[82.255,21.6269]},"properties":{"udise":"22241813201","name":"GOVT PRIMARY SCHOOL TILDA","state":"CHHATTISGARH","district":"BALODABAZAR","block":"PALARI","indicator":"girls_toilet_nonfunctional"}},{"type":"Feature","geometry":{"type":"Point","coordinates":[82.1744,21.5619]},"properties":{"udise":"22241805202","name":"GOVT MIDDLE SCHOOL BINORI","state":"CHHATTISGARH","district":"BALODABAZAR","block":"PALARI","indicator":"girls_toilet_nonfunctional"}},{"type":"Feature","geometry":{"type":"Point","coordinates":[82.0464,21.4619]},"properties":{"udise":"22241804001","name":"GOVT PRIMARY SCHOOL LUTUDIH","state":"CHHATTISGARH","district":"BALODABAZAR","block":"PALARI","indicator":"girls_toilet_nonfunctional"}},{"type":"Feature","geometry":{"type":"Point","coordinates":[82.5464,21.4772]},"properties":{"udise":"22241223101","name":"GOVT PS CHANHAT (SSA)","state":"CHHATTISGARH","district":"BALODABAZAR","block":"KASDOL","indicator":"girls_toilet_nonfunctional"}},{"type":"Feature","geometry":{"type":"Point","coordinates":[82.49585,21.61275]},"properties":{"udise":"22241211103","name":"GOVT. HIGH SCHOOL KHARRI","state":"CHHATTISGARH","district":"BALODABAZAR","block":"KASDOL","indicator":"girls_toilet_nonfunctional"}},{"type":"Feature","geometry":{"type":"Point","coordinates":[82.1881,21.6647]},"properties":{"udise":"22242004802","name":"GOVT. MIDDLE SCHOOL CHAROTI (SSA)","state":"CHHATTISGARH","district":"BALODABAZAR","block":"BALODA BAZAR","indicator":"girls_toilet_nonfunctional"}},{"type":"Feature","geometry":{"type":"Point","coordinates":[82.2831,21.4997]},"properties":{"udise":"22241224702","name":"GOVT.P.S. DOUNAJHAR SSA","state":"CHHATTISGARH","district":"BALODABAZAR","block":"KASDOL","indicator":"girls_toilet_nonfunctional"}},{"type":"Feature","geometry":{"type":"Point","coordinates":[82.0814,21.8306]},"properties":{"udise":"22240212601","name":"GOVT. P.S CHANDALI","state":"CHHATTISGARH","district":"BALODABAZAR","block":"BHATAPARA","indicator":"girls_toilet_nonfunctional"}},{"type":"Feature","geometry":{"type":"Point","coordinates":[82.5117,21.5067]},"properties":{"udise":"22241219801","name":"GOVT PS MIRGIDA (SSA)","state":"CHHATTISGARH","district":"BALODABAZAR","block":"KASDOL","indicator":"girls_toilet_nonfunctional"}},{"type":"Feature","geometry":{"type":"Point","coordinates":[82.6047,21.6681]},"properties":{"udise":"22241206307","name":"GOVT PS AMLIBHATA TUNDRA (SSA)","state":"CHHATTISGARH","district":"BALODABAZAR","block":"KASDOL","indicator":"girls_toilet_nonfunctional"}},{"type":"Feature","geometry":{"type":"Point","coordinates":[81.7444,21.5878]},"properties":{"udise":"22241604101","name":"GOVT PRIMARY SCHOOL.BINEKA","state":"CHHATTISGARH","district":"BALODABAZAR","block":"SIMGA","indicator":"girls_toilet_nonfunctional"}},{"type":"Feature","geometry":{"type":"Point","coordinates":[82.2458,21.5758]},"properties":{"udise":"22241802703","name":"GOVT MIDDLE SCHOOL GABOD (L)","state":"CHHATTISGARH","district":"BALODABAZAR","block":"PALARI","indicator":"girls_toilet_nonfunctional"}},{"type":"Feature","geometry":{"type":"Point","coordinates":[82.5722,21.6725]},"properties":{"udise":"22241206101","name":"GOVT MS KOTIYADIH","state":"CHHATTISGARH","district":"BALODABAZAR","block":"KASDOL","indicator":"girls_toilet_nonfunctional"}},{"type":"Feature","geometry":{"type":"Point","coordinates":[81.8856,21.5975]},"properties":{"udise":"22241608902","name":"GOVT PS SANKARI [NAWAPARA]","state":"CHHATTISGARH","district":"BALODABAZAR","block":"SIMGA","indicator":"girls_toilet_nonfunctional"}},{"type":"Feature","geometry":{"type":"Point","coordinates":[82.2289,21.7461]},"properties":{"udise":"22242014801","name":"GOVT. PRAIMARY SCHOOL KHAPARI (MEDH)","state":"CHHATTISGARH","district":"BALODABAZAR","block":"BALODA BAZAR","indicator":"girls_toilet_nonfunctional"}},{"type":"Feature","geometry":{"type":"Point","coordinates":[82.3856,21.6089]},"properties":{"udise":"22241225001","name":"GOVT PS KHARVE (OLD)","state":"CHHATTISGARH","district":"BALODABAZAR","block":"KASDOL","indicator":"girls_toilet_nonfunctional"}},{"type":"Feature","geometry":{"type":"Point","coordinates":[82.6603,21.4517]},"properties":{"udise":"22241204903","name":"GOVT MS NAGEDA","state":"CHHATTISGARH","district":"BALODABAZAR","block":"KASDOL","indicator":"girls_toilet_nonfunctional"}},{"type":"Feature","geometry":{"type":"Point","coordinates":[82.6603,21.4517]},"properties":{"udise":"22241204904","name":"GOVT PS NAGEDA","state":"CHHATTISGARH","district":"BALODABAZAR","block":"KASDOL","indicator":"girls_toilet_nonfunctional"}},{"type":"Feature","geometry":{"type":"Point","coordinates":[82.6836,21.3392]},"properties":{"udise":"22241214602","name":"GOVT MS BARPANI","state":"CHHATTISGARH","district":"BALODABAZAR","block":"KASDOL","indicator":"girls_toilet_nonfunctional"}},{"type":"Feature","geometry":{"type":"Point","coordinates":[81.9778,21.7822]},"properties":{"udise":"22240205501","name":"GOVT. P.S MADHUBAN","state":"CHHATTISGARH","district":"BALODABAZAR","block":"BHATAPARA","indicator":"girls_toilet_nonfunctional"}},{"type":"Feature","geometry":{"type":"Point","coordinates":[82.5225,21.4508]},"properties":{"udise":"22241221701","name":"GOVT PS KOTHARI","state":"CHHATTISGARH","district":"BALODABAZAR","block":"KASDOL","indicator":"girls_toilet_nonfunctional"}},{"type":"Feature","geometry":{"type":"Point","coordinates":[82.5103,21.5033]},"properties":{"udise":"22241227002","name":"GOVT PS BITKULI","state":"CHHATTISGARH","district":"BALODABAZAR","block":"KASDOL","indicator":"girls_toilet_nonfunctional"}},{"type":"Feature","geometry":{"type":"Point","coordinates":[82.3508,21.5414]},"properties":{"udise":"22241215001","name":"GOVT PS NANDANIYA","state":"CHHATTISGARH","district":"BALODABAZAR","block":"KASDOL","indicator":"girls_toilet_nonfunctional"}},{"type":"Feature","geometry":{"type":"Point","coordinates":[82.5683,21.5792]},"properties":{"udise":"22241219201","name":"GOVT PS VANGRAM UPRANI","state":"CHHATTISGARH","district":"BALODABAZAR","block":"KASDOL","indicator":"girls_toilet_nonfunctional"}},{"type":"Feature","geometry":{"type":"Point","coordinates":[82.0819,21.5794]},"properties":{"udise":"22241805402","name":"GOVT MIDDLE SCHOOL SAIHA","state":"CHHATTISGARH","district":"BALODABAZAR","block":"PALARI","indicator":"girls_toilet_nonfunctional"}},{"type":"Feature","geometry":{"type":"Point","coordinates":[82.3847,21.6783]},"properties":{"udise":"22242017001","name":"GOVT. HIGH SCHOOL KARDA","state":"CHHATTISGARH","district":"BALODABAZAR","block":"BALODA BAZAR","indicator":"girls_toilet_nonfunctional"}},{"type":"Feature","geometry":{"type":"Point","coordinates":[82.4136,21.3078]},"properties":{"udise":"22241217401","name":"GOVT PS DHEBIKHAR","state":"CHHATTISGARH","district":"BALODABAZAR","block":"KASDOL","indicator":"girls_toilet_nonfunctional"}},{"type":"Feature","geometry":{"type":"Point","coordinates":[82.6031,21.4228]},"properties":{"udise":"22241224802","name":"GOVT MS DEVGOAN","state":"CHHATTISGARH","district":"BALODABAZAR","block":"KASDOL","indicator":"girls_toilet_nonfunctional"}},{"type":"Feature","geometry":{"type":"Point","coordinates":[82.6836,21.3392]},"properties":{"udise":"22241214601","name":"GOVT PS BARPANI","state":"CHHATTISGARH","district":"BALODABAZAR","block":"KASDOL","indicator":"girls_toilet_nonfunctional"}},{"type":"Feature","geometry":{"type":"Point","coordinates":[82.0675,21.6386]},"properties":{"udise":"22242001202","name":"GOVT. MIDDLE SCHOOL SARKIPAR (SSA)","state":"CHHATTISGARH","district":"BALODABAZAR","block":"BALODA BAZAR","indicator":"girls_toilet_nonfunctional"}},{"type":"Feature","geometry":{"type":"Point","coordinates":[82.6142,21.4714]},"properties":{"udise":"22241207203","name":"GOVT PS KUMHARI (SSA)","state":"CHHATTISGARH","district":"BALODABAZAR","block":"KASDOL","indicator":"girls_toilet_nonfunctional"}},{"type":"Feature","geometry":{"type":"Point","coordinates":[82.1222,21.7108]},"properties":{"udise":"22242015502","name":"GOVT. MIDDLE SCHOOL GAITARA","state":"CHHATTISGARH","district":"BALODABAZAR","block":"BALODA BAZAR","indicator":"girls_toilet_nonfunctional"}},{"type":"Feature","geometry":{"type":"Point","coordinates":[82.5242,21.4703]},"properties":{"udise":"22241220701","name":"GOVT PS TALDADAR","state":"CHHATTISGARH","district":"BALODABAZAR","block":"KASDOL","indicator":"girls_toilet_nonfunctional"}},{"type":"Feature","geometry":{"type":"Point","coordinates":[82.2433,21.7067]},"properties":{"udise":"22242011502","name":"GOVT. P.S. SEMHARADIH (SSA)","state":"CHHATTISGARH","district":"BALODABAZAR","block":"BALODA BAZAR","indicator":"girls_toilet_nonfunctional"}},{"type":"Feature","geometry":{"type":"Point","coordinates":[83.5417,23.885]},"properties":{"udise":"22260909505","name":"P.S.IMAMIYAQ KADARIYA CHHATARPUR","state":"CHHATTISGARH","district":"BALRAMPUR","block":"RAMCHANDRAPUR","indicator":"no_girls_toilet"}},{"type":"Feature","geometry":{"type":"Point","coordinates":[83.4578,23.3494]},"properties":{"udise":"22260803006","name":"P.S. PAHADKHADUA","state":"CHHATTISGARH","district":"BALRAMPUR","block":"RAJPUR","indicator":"no_girls_toilet"}},{"type":"Feature","geometry":{"type":"Point","coordinates":[83.1456,23.7636]},"properties":{"udise":"22261101501","name":"P.S. PENDARI","state":"CHHATTISGARH","district":"BALRAMPUR","block":"WADRAFNAGAR","indicator":"no_girls_toilet"}},{"type":"Feature","geometry":{"type":"Point","coordinates":[83.2192,23.3628]},"properties":{"udise":"22260802005","name":"PS CHITKAHIPARA","state":"CHHATTISGARH","district":"BALRAMPUR","block":"RAJPUR","indicator":"no_girls_toilet"}},{"type":"Feature","geometry":{"type":"Point","coordinates":[82.9997,23.7886]},"properties":{"udise":"22261109406","name":"SSA P.S. PANDOPARA","state":"CHHATTISGARH","district":"BALRAMPUR","block":"WADRAFNAGAR","indicator":"no_girls_toilet"}},{"type":"Feature","geometry":{"type":"Point","coordinates":[82.9417,23.7808]},"properties":{"udise":"22261109501","name":"P.S. SONHAT","state":"CHHATTISGARH","district":"BALRAMPUR","block":"WADRAFNAGAR","indicator":"no_girls_toilet"}},{"type":"Feature","geometry":{"type":"Point","coordinates":[83.67,23.3792]},"properties":{"udise":"22261203003","name":"SSA M.S.JAMPANI","state":"CHHATTISGARH","district":"BALRAMPUR","block":"SHANKARGARH","indicator":"no_girls_toilet"}},{"type":"Feature","geometry":{"type":"Point","coordinates":[83.6456,23.2697]},"properties":{"udise":"22261205604","name":"SSA P.S.KORVAPARA","state":"CHHATTISGARH","district":"BALRAMPUR","block":"SHANKARGARH","indicator":"no_girls_toilet"}},{"type":"Feature","geometry":{"type":"Point","coordinates":[83.4081,24.0628]},"properties":{"udise":"22260906702","name":"M.S. DHAOLI","state":"CHHATTISGARH","district":"BALRAMPUR","block":"RAMCHANDRAPUR","indicator":"no_girls_toilet"}},{"type":"Feature","geometry":{"type":"Point","coordinates":[83.3275,23.2231]},"properties":{"udise":"22260803905","name":"P.S. PAHADPARA","state":"CHHATTISGARH","district":"BALRAMPUR","block":"RAJPUR","indicator":"no_girls_toilet"}},{"type":"Feature","geometry":{"type":"Point","coordinates":[83.075,23.8372]},"properties":{"udise":"22261100702","name":"SSA M.S. JHORPARA","state":"CHHATTISGARH","district":"BALRAMPUR","block":"WADRAFNAGAR","indicator":"no_girls_toilet"}},{"type":"Feature","geometry":{"type":"Point","coordinates":[82.7831,23.9208]},"properties":{"udise":"22261112303","name":"SSA P.S. BAHERADAND","state":"CHHATTISGARH","district":"BALRAMPUR","block":"WADRAFNAGAR","indicator":"no_girls_toilet"}},{"type":"Feature","geometry":{"type":"Point","coordinates":[82.9383,23.7814]},"properties":{"udise":"22261109502","name":"P.S. DHUARAPARA","state":"CHHATTISGARH","district":"BALRAMPUR","block":"WADRAFNAGAR","indicator":"no_girls_toilet"}},{"type":"Feature","geometry":{"type":"Point","coordinates":[84.0533,23.3242]},"properties":{"udise":"22261305203","name":"M.S.KORANDHA","state":"CHHATTISGARH","district":"BALRAMPUR","block":"KUSMI","indicator":"no_girls_toilet"}},{"type":"Feature","geometry":{"type":"Point","coordinates":[83.3961,23.7661]},"properties":{"udise":"22260908303","name":"M.S. GADGODI","state":"CHHATTISGARH","district":"BALRAMPUR","block":"RAMCHANDRAPUR","indicator":"no_girls_toilet"}},{"type":"Feature","geometry":{"type":"Point","coordinates":[83.5436,23.8839]},"properties":{"udise":"22260909503","name":"M.S. CHHATTARPUR","state":"CHHATTISGARH","district":"BALRAMPUR","block":"RAMCHANDRAPUR","indicator":"no_girls_toilet"}},{"type":"Feature","geometry":{"type":"Point","coordinates":[82.8047,23.8986]},"properties":{"udise":"22261111901","name":"P.S. HARDIBAHRA","state":"CHHATTISGARH","district":"BALRAMPUR","block":"WADRAFNAGAR","indicator":"no_girls_toilet"}},{"type":"Feature","geometry":{"type":"Point","coordinates":[83.4208,23.3386]},"properties":{"udise":"22260801410","name":"M.S. MAHUAPARA","state":"CHHATTISGARH","district":"BALRAMPUR","block":"RAJPUR","indicator":"no_girls_toilet"}},{"type":"Feature","geometry":{"type":"Point","coordinates":[83.6006,23.2061]},"properties":{"udise":"22261202402","name":"SSA M.S.VINAYAKPUR","state":"CHHATTISGARH","district":"BALRAMPUR","block":"SHANKARGARH","indicator":"no_girls_toilet"}},{"type":"Feature","geometry":{"type":"Point","coordinates":[83.3936,23.6592]},"properties":{"udise":"22261102901","name":"P.S. BELSAR","state":"CHHATTISGARH","district":"BALRAMPUR","block":"WADRAFNAGAR","indicator":"no_girls_toilet"}},{"type":"Feature","geometry":{"type":"Point","coordinates":[82.8278,23.8253]},"properties":{"udise":"22261110901","name":"P.S. TENDUDAND","state":"CHHATTISGARH","district":"BALRAMPUR","block":"WADRAFNAGAR","indicator":"no_girls_toilet"}},{"type":"Feature","geometry":{"type":"Point","coordinates":[83.3508,24.0764]},"properties":{"udise":"22260907403","name":"P.S. SIYARMANWA","state":"CHHATTISGARH","district":"BALRAMPUR","block":"RAMCHANDRAPUR","indicator":"no_girls_toilet"}},{"type":"Feature","geometry":{"type":"Point","coordinates":[83.3933,23.9728]},"properties":{"udise":"22260901804","name":"M.S.PIPARPAN","state":"CHHATTISGARH","district":"BALRAMPUR","block":"RAMCHANDRAPUR","indicator":"no_girls_toilet"}},{"type":"Feature","geometry":{"type":"Point","coordinates":[83.2783,23.8056]},"properties":{"udise":"22261114801","name":"SSA P.S. BENGO","state":"CHHATTISGARH","district":"BALRAMPUR","block":"WADRAFNAGAR","indicator":"no_girls_toilet"}},{"type":"Feature","geometry":{"type":"Point","coordinates":[83.9797,23.2619]},"properties":{"udise":"22261306807","name":"GOVT. HIGHER SECONDARY SCHOOL MADGURI","state":"CHHATTISGARH","district":"BALRAMPUR","block":"KUSMI","indicator":"no_girls_toilet"}},{"type":"Feature","geometry":{"type":"Point","coordinates":[83.4983,23.3392]},"properties":{"udise":"22260803201","name":"P.S. SEVARI","state":"CHHATTISGARH","district":"BALRAMPUR","block":"RAJPUR","indicator":"no_girls_toilet"}},{"type":"Feature","geometry":{"type":"Point","coordinates":[83.2997,23.9478]},"properties":{"udise":"22260900705","name":"P.S. GAJMARIPARA","state":"CHHATTISGARH","district":"BALRAMPUR","block":"RAMCHANDRAPUR","indicator":"no_girls_toilet"}},{"type":"Feature","geometry":{"type":"Point","coordinates":[82.8403,23.8408]},"properties":{"udise":"22261113502","name":"SSA P.S. KAMALPURPANDOPARA","state":"CHHATTISGARH","district":"BALRAMPUR","block":"WADRAFNAGAR","indicator":"no_girls_toilet"}},{"type":"Feature","geometry":{"type":"Point","coordinates":[82.7831,23.9208]},"properties":{"udise":"22261112302","name":"M.S.TUGAVA","state":"CHHATTISGARH","district":"BALRAMPUR","block":"WADRAFNAGAR","indicator":"no_girls_toilet"}},{"type":"Feature","geometry":{"type":"Point","coordinates":[83.5067,23.7783]},"properties":{"udise":"22260909401","name":"P.S. CHUMRA","state":"CHHATTISGARH","district":"BALRAMPUR","block":"RAMCHANDRAPUR","indicator":"no_girls_toilet"}},{"type":"Feature","geometry":{"type":"Point","coordinates":[83.8019,23.4386]},"properties":{"udise":"22261307301","name":"P.S. SARNGAJOBHI","state":"CHHATTISGARH","district":"BALRAMPUR","block":"KUSMI","indicator":"no_girls_toilet"}},{"type":"Feature","geometry":{"type":"Point","coordinates":[83.2747,24.0039]},"properties":{"udise":"22260902802","name":"N.P.S. BIYAHIMAHUWA (PANDOPARA)","state":"CHHATTISGARH","district":"BALRAMPUR","block":"RAMCHANDRAPUR","indicator":"no_girls_toilet"}},{"type":"Feature","geometry":{"type":"Point","coordinates":[83.5586,23.3114]},"properties":{"udise":"22261206902","name":"M.S.LODHI","state":"CHHATTISGARH","district":"BALRAMPUR","block":"SHANKARGARH","indicator":"no_girls_toilet"}},{"type":"Feature","geometry":{"type":"Point","coordinates":[82.8061,23.8753]},"properties":{"udise":"22261111902","name":"SSA P.S. PANIKAPARA","state":"CHHATTISGARH","district":"BALRAMPUR","block":"WADRAFNAGAR","indicator":"no_girls_toilet"}},{"type":"Feature","geometry":{"type":"Point","coordinates":[83.2989,23.6247]},"properties":{"udise":"22261100501","name":"P.S. SHARDAPUR (E)","state":"CHHATTISGARH","district":"BALRAMPUR","block":"WADRAFNAGAR","indicator":"no_girls_toilet"}},{"type":"Feature","geometry":{"type":"Point","coordinates":[83.3161,23.3503]},"properties":{"udise":"22260802702","name":"M.S. JAMUNIYA","state":"CHHATTISGARH","district":"BALRAMPUR","block":"RAJPUR","indicator":"no_girls_toilet"}},{"type":"Feature","geometry":{"type":"Point","coordinates":[83.2239,23.8828]},"properties":{"udise":"22260900302","name":"P.S. BISHUNPARA","state":"CHHATTISGARH","district":"BALRAMPUR","block":"RAMCHANDRAPUR","indicator":"no_girls_toilet"}},{"type":"Feature","geometry":{"type":"Point","coordinates":[83.6617,23.2747]},"properties":{"udise":"22261205605","name":"SSA P.S.BHITARIKONA","state":"CHHATTISGARH","district":"BALRAMPUR","block":"SHANKARGARH","indicator":"no_girls_toilet"}},{"type":"Feature","geometry":{"type":"Point","coordinates":[82.8914,23.7958]},"properties":{"udise":"22261113608","name":"GOVT.  GIRLS HIGHER SECONDARY SCHOOLMURKOUL","state":"CHHATTISGARH","district":"BALRAMPUR","block":"WADRAFNAGAR","indicator":"no_girls_toilet"}},{"type":"Feature","geometry":{"type":"Point","coordinates":[83.8117,23.2919]},"properties":{"udise":"22261303703","name":"N.P.S.CHHAWARI","state":"CHHATTISGARH","district":"BALRAMPUR","block":"KUSMI","indicator":"no_girls_toilet"}},{"type":"Feature","geometry":{"type":"Point","coordinates":[82.8389,23.8442]},"properties":{"udise":"22261113501","name":"P.S. KAMALPUR","state":"CHHATTISGARH","district":"BALRAMPUR","block":"WADRAFNAGAR","indicator":"no_girls_toilet"}},{"type":"Feature","geometry":{"type":"Point","coordinates":[83.0681,23.8308]},"properties":{"udise":"22261105008","name":"P.S.DOLPAKHANA","state":"CHHATTISGARH","district":"BALRAMPUR","block":"WADRAFNAGAR","indicator":"no_girls_toilet"}},{"type":"Feature","geometry":{"type":"Point","coordinates":[83.3158,23.2447]},"properties":{"udise":"22260808709","name":"SWAMI ATMANAND GOVT HINDI SCHOOL BARIYO","state":"CHHATTISGARH","district":"BALRAMPUR","block":"RAJPUR","indicator":"no_girls_toilet"}},{"type":"Feature","geometry":{"type":"Point","coordinates":[83.3858,23.8942]},"properties":{"udise":"22260908101","name":"P.S. BASERAKHURD","state":"CHHATTISGARH","district":"BALRAMPUR","block":"RAMCHANDRAPUR","indicator":"no_girls_toilet"}},{"type":"Feature","geometry":{"type":"Point","coordinates":[83.8969,23.2261]},"properties":{"udise":"22261310904","name":"N.P.S.KADAMTOLI","state":"CHHATTISGARH","district":"BALRAMPUR","block":"KUSMI","indicator":"no_girls_toilet"}},{"type":"Feature","geometry":{"type":"Point","coordinates":[83.3114,23.7769]},"properties":{"udise":"22261114501","name":"P.S. GOVERDHANPUR","state":"CHHATTISGARH","district":"BALRAMPUR","block":"WADRAFNAGAR","indicator":"no_girls_toilet"}},{"type":"Feature","geometry":{"type":"Point","coordinates":[83.9181,23.2828]},"properties":{"udise":"22261300232","name":"GOVT. HIGHER SECONDARY SCHOOL BOYS KUSMI","state":"CHHATTISGARH","district":"BALRAMPUR","block":"KUSMI","indicator":"no_girls_toilet"}},{"type":"Feature","geometry":{"type":"Point","coordinates":[83.6483,23.7433]},"properties":{"udise":"22260905304","name":"N.P.S PURANDIH","state":"CHHATTISGARH","district":"BALRAMPUR","block":"RAMCHANDRAPUR","indicator":"no_girls_toilet"}},{"type":"Feature","geometry":{"type":"Point","coordinates":[83.2575,23.9331]},"properties":{"udise":"22260900405","name":"M.S. VARUNPARA","state":"CHHATTISGARH","district":"BALRAMPUR","block":"RAMCHANDRAPUR","indicator":"no_girls_toilet"}},{"type":"Feature","geometry":{"type":"Point","coordinates":[83.3733,23.3414]},"properties":{"udise":"22260809103","name":"PS GADHWATAPARA","state":"CHHATTISGARH","district":"BALRAMPUR","block":"RAJPUR","indicator":"no_girls_toilet"}},{"type":"Feature","geometry":{"type":"Point","coordinates":[83.69528,23.35167]},"properties":{"udise":"22261201304","name":"GOVT HIGHER SECONDARY  SCHOOL  BHARATPUR","state":"CHHATTISGARH","district":"BALRAMPUR","block":"SHANKARGARH","indicator":"no_girls_toilet"}},{"type":"Feature","geometry":{"type":"Point","coordinates":[82.8267,23.9228]},"properties":{"udise":"22261111801","name":"SSA P.S. KARIMATI","state":"CHHATTISGARH","district":"BALRAMPUR","block":"WADRAFNAGAR","indicator":"no_girls_toilet"}},{"type":"Feature","geometry":{"type":"Point","coordinates":[83.3736,23.9825]},"properties":{"udise":"22260907103","name":"N.P.S.TENDUWA","state":"CHHATTISGARH","district":"BALRAMPUR","block":"RAMCHANDRAPUR","indicator":"no_girls_toilet"}},{"type":"Feature","geometry":{"type":"Point","coordinates":[83.6533,23.3003]},"properties":{"udise":"22261205202","name":"SSA P.S.BARPATARA","state":"CHHATTISGARH","district":"BALRAMPUR","block":"SHANKARGARH","indicator":"no_girls_toilet"}},{"type":"Feature","geometry":{"type":"Point","coordinates":[83.6706,23.3792]},"properties":{"udise":"22261203001","name":"P.S. JAMPANI","state":"CHHATTISGARH","district":"BALRAMPUR","block":"SHANKARGARH","indicator":"no_girls_toilet"}},{"type":"Feature","geometry":{"type":"Point","coordinates":[83.3533,23.8289]},"properties":{"udise":"22260908805","name":"N.P.S.DUMDUMA","state":"CHHATTISGARH","district":"BALRAMPUR","block":"RAMCHANDRAPUR","indicator":"no_girls_toilet"}},{"type":"Feature","geometry":{"type":"Point","coordinates":[82.8808,23.9006]},"properties":{"udise":"22261111101","name":"P.S. CHARCHARI","state":"CHHATTISGARH","district":"BALRAMPUR","block":"WADRAFNAGAR","indicator":"no_girls_toilet"}},{"type":"Feature","geometry":{"type":"Point","coordinates":[83.6731,23.3803]},"properties":{"udise":"22261204307","name":"SSA P.S. BAGICHAPARA","state":"CHHATTISGARH","district":"BALRAMPUR","block":"SHANKARGARH","indicator":"no_girls_toilet"}},{"type":"Feature","geometry":{"type":"Point","coordinates":[83.3633,24.0856]},"properties":{"udise":"22260907803","name":"M.S. SEMARWA","state":"CHHATTISGARH","district":"BALRAMPUR","block":"RAMCHANDRAPUR","indicator":"no_girls_toilet"}},{"type":"Feature","geometry":{"type":"Point","coordinates":[83.3425,23.2319]},"properties":{"udise":"22260808303","name":"MS BADA","state":"CHHATTISGARH","district":"BALRAMPUR","block":"RAJPUR","indicator":"no_girls_toilet"}},{"type":"Feature","geometry":{"type":"Point","coordinates":[83.5867,23.2028]},"properties":{"udise":"22261202302","name":"SSA P.S.KISANPARA","state":"CHHATTISGARH","district":"BALRAMPUR","block":"SHANKARGARH","indicator":"no_girls_toilet"}},{"type":"Feature","geometry":{"type":"Point","coordinates":[83.0619,23.8364]},"properties":{"udise":"22261105007","name":"SSA P.S. PATERIPARA","state":"CHHATTISGARH","district":"BALRAMPUR","block":"WADRAFNAGAR","indicator":"no_girls_toilet"}},{"type":"Feature","geometry":{"type":"Point","coordinates":[82.7617,23.8964]},"properties":{"udise":"22261112601","name":"P.S. KOGAVAR","state":"CHHATTISGARH","district":"BALRAMPUR","block":"WADRAFNAGAR","indicator":"no_girls_toilet"}},{"type":"Feature","geometry":{"type":"Point","coordinates":[83.7467,23.2528]},"properties":{"udise":"22261209104","name":"SSA M.S. CHULHAKONA","state":"CHHATTISGARH","district":"BALRAMPUR","block":"SHANKARGARH","indicator":"no_girls_toilet"}},{"type":"Feature","geometry":{"type":"Point","coordinates":[82.8314,23.8233]},"properties":{"udise":"22261110804","name":"SSA P.S.KOKARAPARA","state":"CHHATTISGARH","district":"BALRAMPUR","block":"WADRAFNAGAR","indicator":"no_girls_toilet"}},{"type":"Feature","geometry":{"type":"Point","coordinates":[83.6214,23.7014]},"properties":{"udise":"22260913302","name":"M.S. DHOURATOLA","state":"CHHATTISGARH","district":"BALRAMPUR","block":"RAMCHANDRAPUR","indicator":"no_girls_toilet"}},{"type":"Feature","geometry":{"type":"Point","coordinates":[83.7022,23.2853]},"properties":{"udise":"22261200103","name":"M.S.B.DURGAPUR","state":"CHHATTISGARH","district":"BALRAMPUR","block":"SHANKARGARH","indicator":"no_girls_toilet"}},{"type":"Feature","geometry":{"type":"Point","coordinates":[83.6111,23.3631]},"properties":{"udise":"22261207301","name":"P.S. NAVAPARA","state":"CHHATTISGARH","district":"BALRAMPUR","block":"SHANKARGARH","indicator":"no_girls_toilet"}},{"type":"Feature","geometry":{"type":"Point","coordinates":[83.135,23.7858]},"properties":{"udise":"22261104407","name":"GOVT. HIGHER SECONDARY  SCHOOL PASHUPATIPUR","state":"CHHATTISGARH","district":"BALRAMPUR","block":"WADRAFNAGAR","indicator":"no_girls_toilet"}},{"type":"Feature","geometry":{"type":"Point","coordinates":[83.5206,23.2672]},"properties":{"udise":"22261205703","name":"SSA M.S.BHONDNA","state":"CHHATTISGARH","district":"BALRAMPUR","block":"SHANKARGARH","indicator":"no_girls_toilet"}},{"type":"Feature","geometry":{"type":"Point","coordinates":[83.065,23.8342]},"properties":{"udise":"22261105005","name":"SSA P.S.UTTARTOLA","state":"CHHATTISGARH","district":"BALRAMPUR","block":"WADRAFNAGAR","indicator":"no_girls_toilet"}},{"type":"Feature","geometry":{"type":"Point","coordinates":[83.5678,23.2967]},"properties":{"udise":"22261204903","name":"SSA M.S. SARIMA","state":"CHHATTISGARH","district":"BALRAMPUR","block":"SHANKARGARH","indicator":"no_girls_toilet"}},{"type":"Feature","geometry":{"type":"Point","coordinates":[83.645,23.2978]},"properties":{"udise":"22261205203","name":"SSA M.S. JAMDI","state":"CHHATTISGARH","district":"BALRAMPUR","block":"SHANKARGARH","indicator":"no_girls_toilet"}},{"type":"Feature","geometry":{"type":"Point","coordinates":[83.4772,23.7797]},"properties":{"udise":"22260908905","name":"M.S. LAWA","state":"CHHATTISGARH","district":"BALRAMPUR","block":"RAMCHANDRAPUR","indicator":"no_girls_toilet"}},{"type":"Feature","geometry":{"type":"Point","coordinates":[83.2831,23.6831]},"properties":{"udise":"22261103601","name":"P.S. BUDATAND","state":"CHHATTISGARH","district":"BALRAMPUR","block":"WADRAFNAGAR","indicator":"no_girls_toilet"}},{"type":"Feature","geometry":{"type":"Point","coordinates":[82.805,23.8983]},"properties":{"udise":"22261112501","name":"P.S. PATELPARA","state":"CHHATTISGARH","district":"BALRAMPUR","block":"WADRAFNAGAR","indicator":"no_girls_toilet"}},{"type":"Feature","geometry":{"type":"Point","coordinates":[83.2797,24.0144]},"properties":{"udise":"22260902801","name":"P.S. KUNDRU","state":"CHHATTISGARH","district":"BALRAMPUR","block":"RAMCHANDRAPUR","indicator":"no_girls_toilet"}},{"type":"Feature","geometry":{"type":"Point","coordinates":[83.7781,23.2608]},"properties":{"udise":"22261208702","name":"SSA P.S.DAMKODA","state":"CHHATTISGARH","district":"BALRAMPUR","block":"SHANKARGARH","indicator":"no_girls_toilet"}},{"type":"Feature","geometry":{"type":"Point","coordinates":[83.4886,23.8925]},"properties":{"udise":"22260903403","name":"M.S. NILKANTHPUR","state":"CHHATTISGARH","district":"BALRAMPUR","block":"RAMCHANDRAPUR","indicator":"no_girls_toilet"}},{"type":"Feature","geometry":{"type":"Point","coordinates":[83.5928,23.2411]},"properties":{"udise":"22261202003","name":"SSA M.S.MADHOLONGARA","state":"CHHATTISGARH","district":"BALRAMPUR","block":"SHANKARGARH","indicator":"no_girls_toilet"}},{"type":"Feature","geometry":{"type":"Point","coordinates":[83.8533,23.3022]},"properties":{"udise":"22261311701","name":"P.S. KARKALI","state":"CHHATTISGARH","district":"BALRAMPUR","block":"KUSMI","indicator":"no_girls_toilet"}},{"type":"Feature","geometry":{"type":"Point","coordinates":[82.7817,23.8747]},"properties":{"udise":"22261113002","name":"SSA P.S.PANDOPARA BEBDI","state":"CHHATTISGARH","district":"BALRAMPUR","block":"WADRAFNAGAR","indicator":"no_girls_toilet"}},{"type":"Feature","geometry":{"type":"Point","coordinates":[83.2647,23.9144]},"properties":{"udise":"22260900101","name":"P.S. GHUCHARIPARA","state":"CHHATTISGARH","district":"BALRAMPUR","block":"RAMCHANDRAPUR","indicator":"no_girls_toilet"}},{"type":"Feature","geometry":{"type":"Point","coordinates":[83.3056,24.0439]},"properties":{"udise":"22260907705","name":"M.S.KHAJUWAHIPARA","state":"CHHATTISGARH","district":"BALRAMPUR","block":"RAMCHANDRAPUR","indicator":"no_girls_toilet"}},{"type":"Feature","geometry":{"type":"Point","coordinates":[83.3983,23.8272]},"properties":{"udise":"22260908103","name":"P.S. KODAKUPARA","state":"CHHATTISGARH","district":"BALRAMPUR","block":"RAMCHANDRAPUR","indicator":"no_girls_toilet"}},{"type":"Feature","geometry":{"type":"Point","coordinates":[83.0497,23.8344]},"properties":{"udise":"22261105701","name":"P.S. KENVARI","state":"CHHATTISGARH","district":"BALRAMPUR","block":"WADRAFNAGAR","indicator":"no_girls_toilet"}},{"type":"Feature","geometry":{"type":"Point","coordinates":[83.075,23.8372]},"properties":{"udise":"22261105601","name":"P.S. SAVNIMAHUA","state":"CHHATTISGARH","district":"BALRAMPUR","block":"WADRAFNAGAR","indicator":"no_girls_toilet"}},{"type":"Feature","geometry":{"type":"Point","coordinates":[83.2783,23.99]},"properties":{"udise":"22260900806","name":"P.S.CHHERIMUDI","state":"CHHATTISGARH","district":"BALRAMPUR","block":"RAMCHANDRAPUR","indicator":"no_girls_toilet"}},{"type":"Feature","geometry":{"type":"Point","coordinates":[83.3606,23.8436]},"properties":{"udise":"22260908802","name":"P.S. KEKARJHARIYA","state":"CHHATTISGARH","district":"BALRAMPUR","block":"RAMCHANDRAPUR","indicator":"no_girls_toilet"}},{"type":"Feature","geometry":{"type":"Point","coordinates":[83.3011,23.3589]},"properties":{"udise":"22260802201","name":"P.S. NARSINGHPUR","state":"CHHATTISGARH","district":"BALRAMPUR","block":"RAJPUR","indicator":"no_girls_toilet"}},{"type":"Feature","geometry":{"type":"Point","coordinates":[83.2025,23.8456]},"properties":{"udise":"22261102002","name":"SSA M.S. BASULAPAT","state":"CHHATTISGARH","district":"BALRAMPUR","block":"WADRAFNAGAR","indicator":"no_girls_toilet"}},{"type":"Feature","geometry":{"type":"Point","coordinates":[83.0917,23.81]},"properties":{"udise":"22261108301","name":"P.S. MAHEVA","state":"CHHATTISGARH","district":"BALRAMPUR","block":"WADRAFNAGAR","indicator":"no_girls_toilet"}},{"type":"Feature","geometry":{"type":"Point","coordinates":[83.1025,23.83]},"properties":{"udise":"22261105906","name":"SSA M.S.B. RAMNAGAR","state":"CHHATTISGARH","district":"BALRAMPUR","block":"WADRAFNAGAR","indicator":"no_girls_toilet"}},{"type":"Feature","geometry":{"type":"Point","coordinates":[83.4325,23.9958]},"properties":{"udise":"22260901706","name":"GOVT. HIGH SCHOOL DOLANGI","state":"CHHATTISGARH","district":"BALRAMPUR","block":"RAMCHANDRAPUR","indicator":"no_girls_toilet"}},{"type":"Feature","geometry":{"type":"Point","coordinates":[82.9775,23.8008]},"properties":{"udise":"22261108001","name":"P.S. BADKAGAOV","state":"CHHATTISGARH","district":"BALRAMPUR","block":"WADRAFNAGAR","indicator":"no_girls_toilet"}},{"type":"Feature","geometry":{"type":"Point","coordinates":[82.8808,23.9006]},"properties":{"udise":"22261111102","name":"SSA M.S. CHARCHARI","state":"CHHATTISGARH","district":"BALRAMPUR","block":"WADRAFNAGAR","indicator":"no_girls_toilet"}},{"type":"Feature","geometry":{"type":"Point","coordinates":[82.8047,23.8986]},"properties":{"udise":"22261114301","name":"P.S. SAVITRIPUR","state":"CHHATTISGARH","district":"BALRAMPUR","block":"WADRAFNAGAR","indicator":"no_girls_toilet"}},{"type":"Feature","geometry":{"type":"Point","coordinates":[82.9219,23.8406]},"properties":{"udise":"22261102601","name":"P.S. GOBRA","state":"CHHATTISGARH","district":"BALRAMPUR","block":"WADRAFNAGAR","indicator":"no_girls_toilet"}},{"type":"Feature","geometry":{"type":"Point","coordinates":[82.9778,23.7997]},"properties":{"udise":"22261102501","name":"P.S. BHODAR","state":"CHHATTISGARH","district":"BALRAMPUR","block":"WADRAFNAGAR","indicator":"no_girls_toilet"}},{"type":"Feature","geometry":{"type":"Point","coordinates":[83.5014,23.3067]},"properties":{"udise":"22260803608","name":"P.S. MAHEVAPARA","state":"CHHATTISGARH","district":"BALRAMPUR","block":"RAJPUR","indicator":"no_girls_toilet"}},{"type":"Feature","geometry":{"type":"Point","coordinates":[82.7611,23.8964]},"properties":{"udise":"22261111610","name":"SSA M.S. TISIYADAND","state":"CHHATTISGARH","district":"BALRAMPUR","block":"WADRAFNAGAR","indicator":"no_girls_toilet"}},{"type":"Feature","geometry":{"type":"Point","coordinates":[82.7614,23.8967]},"properties":{"udise":"22261112603","name":"SSA P.S.MACHANDAND","state":"CHHATTISGARH","district":"BALRAMPUR","block":"WADRAFNAGAR","indicator":"no_girls_toilet"}},{"type":"Feature","geometry":{"type":"Point","coordinates":[83.3431,23.9925]},"properties":{"udise":"22260907001","name":"P.S. TEMNA","state":"CHHATTISGARH","district":"BALRAMPUR","block":"RAMCHANDRAPUR","indicator":"no_girls_toilet"}},{"type":"Feature","geometry":{"type":"Point","coordinates":[83.2483,23.3531]},"properties":{"udise":"22260805903","name":"PS LODHIDAND","state":"CHHATTISGARH","district":"BALRAMPUR","block":"RAJPUR","indicator":"no_girls_toilet"}},{"type":"Feature","geometry":{"type":"Point","coordinates":[82.94,23.7803]},"properties":{"udise":"22261109504","name":"P.S. CHERVAPARA","state":"CHHATTISGARH","district":"BALRAMPUR","block":"WADRAFNAGAR","indicator":"no_girls_toilet"}},{"type":"Feature","geometry":{"type":"Point","coordinates":[83.0647,23.8317]},"properties":{"udise":"22261105002","name":"P.S.B. PANDRI","state":"CHHATTISGARH","district":"BALRAMPUR","block":"WADRAFNAGAR","indicator":"no_girls_toilet"}},{"type":"Feature","geometry":{"type":"Point","coordinates":[83.9497,23.5947]},"properties":{"udise":"22261308003","name":"N.P.S.BHUTAHI","state":"CHHATTISGARH","district":"BALRAMPUR","block":"KUSMI","indicator":"no_girls_toilet"}},{"type":"Feature","geometry":{"type":"Point","coordinates":[82.7831,23.9208]},"properties":{"udise":"22261112301","name":"P.S. TUGAVA","state":"CHHATTISGARH","district":"BALRAMPUR","block":"WADRAFNAGAR","indicator":"no_girls_toilet"}},{"type":"Feature","geometry":{"type":"Point","coordinates":[83.0525,23.7797]},"properties":{"udise":"22261106902","name":"SSA P.S.KHORKHAPARA","state":"CHHATTISGARH","district":"BALRAMPUR","block":"WADRAFNAGAR","indicator":"no_girls_toilet"}},{"type":"Feature","geometry":{"type":"Point","coordinates":[83.74,23.4211]},"properties":{"udise":"22261206801","name":"P.S. JABGADI","state":"CHHATTISGARH","district":"BALRAMPUR","block":"SHANKARGARH","indicator":"no_girls_toilet"}},{"type":"Feature","geometry":{"type":"Point","coordinates":[83.4756,24.0072]},"properties":{"udise":"22260902501","name":"P.S. SILAJU","state":"CHHATTISGARH","district":"BALRAMPUR","block":"RAMCHANDRAPUR","indicator":"no_girls_toilet"}},{"type":"Feature","geometry":{"type":"Point","coordinates":[83.3814,24]},"properties":{"udise":"22260907105","name":"M.S. DUGRU","state":"CHHATTISGARH","district":"BALRAMPUR","block":"RAMCHANDRAPUR","indicator":"no_girls_toilet"}},{"type":"Feature","geometry":{"type":"Point","coordinates":[83.6719,23.3811]},"properties":{"udise":"22261204602","name":"SSA M.S.LAHSUNPAT","state":"CHHATTISGARH","district":"BALRAMPUR","block":"SHANKARGARH","indicator":"no_girls_toilet"}},{"type":"Feature","geometry":{"type":"Point","coordinates":[83.065,23.8294]},"properties":{"udise":"22261105401","name":"P.S. MURLIGANJ","state":"CHHATTISGARH","district":"BALRAMPUR","block":"WADRAFNAGAR","indicator":"no_girls_toilet"}},{"type":"Feature","geometry":{"type":"Point","coordinates":[82.9147,23.8164]},"properties":{"udise":"22261110004","name":"SSA M.S.SHANKARPUR","state":"CHHATTISGARH","district":"BALRAMPUR","block":"WADRAFNAGAR","indicator":"no_girls_toilet"}},{"type":"Feature","geometry":{"type":"Point","coordinates":[82.9233,23.8364]},"properties":{"udise":"22261109702","name":"P.S.B. RAGHUNATHNAGAR","state":"CHHATTISGARH","district":"BALRAMPUR","block":"WADRAFNAGAR","indicator":"no_girls_toilet"}},{"type":"Feature","geometry":{"type":"Point","coordinates":[83.2828,23.8767]},"properties":{"udise":"22261113405","name":"SSA P.S. SAFIPARA","state":"CHHATTISGARH","district":"BALRAMPUR","block":"WADRAFNAGAR","indicator":"no_girls_toilet"}},{"type":"Feature","geometry":{"type":"Point","coordinates":[83.3439,23.9228]},"properties":{"udise":"22260906304","name":"M.S. BIMLAPUR","state":"CHHATTISGARH","district":"BALRAMPUR","block":"RAMCHANDRAPUR","indicator":"no_girls_toilet"}},{"type":"Feature","geometry":{"type":"Point","coordinates":[83.2161,23.8072]},"properties":{"udise":"22261102701","name":"P.S. PREMNAGAR","state":"CHHATTISGARH","district":"BALRAMPUR","block":"WADRAFNAGAR","indicator":"no_girls_toilet"}},{"type":"Feature","geometry":{"type":"Point","coordinates":[83.3731,23.6308]},"properties":{"udise":"22261107503","name":"SSA P.S.KODAKUPARA RAMPUR","state":"CHHATTISGARH","district":"BALRAMPUR","block":"WADRAFNAGAR","indicator":"no_girls_toilet"}},{"type":"Feature","geometry":{"type":"Point","coordinates":[83.0511,23.7814]},"properties":{"udise":"22261108702","name":"SSA P.S. PURANKOTI","state":"CHHATTISGARH","district":"BALRAMPUR","block":"WADRAFNAGAR","indicator":"no_girls_toilet"}},{"type":"Feature","geometry":{"type":"Point","coordinates":[82.8419,23.8331]},"properties":{"udise":"22261110803","name":"SSA P.S.SANANDAND","state":"CHHATTISGARH","district":"BALRAMPUR","block":"WADRAFNAGAR","indicator":"no_girls_toilet"}},{"type":"Feature","geometry":{"type":"Point","coordinates":[83.2028,23.8453]},"properties":{"udise":"22261102201","name":"P.S. KUNDI","state":"CHHATTISGARH","district":"BALRAMPUR","block":"WADRAFNAGAR","indicator":"no_girls_toilet"}},{"type":"Feature","geometry":{"type":"Point","coordinates":[83.2403,23.7544]},"properties":{"udise":"22260900104","name":"GOVT.GIRLS HIGHER SECONDRY SCHOOL SANAWAL","state":"CHHATTISGARH","district":"BALRAMPUR","block":"RAMCHANDRAPUR","indicator":"no_girls_toilet"}},{"type":"Feature","geometry":{"type":"Point","coordinates":[83.9008,23.4431]},"properties":{"udise":"22261301102","name":"M.S. BHANDARDIPA","state":"CHHATTISGARH","district":"BALRAMPUR","block":"KUSMI","indicator":"no_girls_toilet"}},{"type":"Feature","geometry":{"type":"Point","coordinates":[83.3303,23.5889]},"properties":{"udise":"22261107302","name":"SSA M.S. DUARI","state":"CHHATTISGARH","district":"BALRAMPUR","block":"WADRAFNAGAR","indicator":"no_girls_toilet"}},{"type":"Feature","geometry":{"type":"Point","coordinates":[82.9219,23.8406]},"properties":{"udise":"22261109202","name":"P.S.B. NAVGAI","state":"CHHATTISGARH","district":"BALRAMPUR","block":"WADRAFNAGAR","indicator":"no_girls_toilet"}},{"type":"Feature","geometry":{"type":"Point","coordinates":[83.3364,23.3511]},"properties":{"udise":"22260810002","name":"M.S. CHILMAKALA","state":"CHHATTISGARH","district":"BALRAMPUR","block":"RAJPUR","indicator":"no_girls_toilet"}},{"type":"Feature","geometry":{"type":"Point","coordinates":[83.0661,23.8261]},"properties":{"udise":"22261105301","name":"SSA P.S. DOLPAKHNA","state":"CHHATTISGARH","district":"BALRAMPUR","block":"WADRAFNAGAR","indicator":"no_girls_toilet"}},{"type":"Feature","geometry":{"type":"Point","coordinates":[82.9383,23.7814]},"properties":{"udise":"22261106905","name":"SSA M.S. DADIYA","state":"CHHATTISGARH","district":"BALRAMPUR","block":"WADRAFNAGAR","indicator":"no_girls_toilet"}},{"type":"Feature","geometry":{"type":"Point","coordinates":[83.4278,23.8386]},"properties":{"udise":"22260908703","name":"P.S. MORNIYA","state":"CHHATTISGARH","district":"BALRAMPUR","block":"RAMCHANDRAPUR","indicator":"no_girls_toilet"}},{"type":"Feature","geometry":{"type":"Point","coordinates":[83.3939,24.0569]},"properties":{"udise":"22260907301","name":"P.S. JIRATIPARA","state":"CHHATTISGARH","district":"BALRAMPUR","block":"RAMCHANDRAPUR","indicator":"no_girls_toilet"}},{"type":"Feature","geometry":{"type":"Point","coordinates":[83.26,23.2392]},"properties":{"udise":"22260807712","name":"GOVT. GIRLS HIGHER SECONDARY SCHOOL SIDHAMA","state":"CHHATTISGARH","district":"BALRAMPUR","block":"RAJPUR","indicator":"no_girls_toilet"}},{"type":"Feature","geometry":{"type":"Point","coordinates":[83.6011,23.2044]},"properties":{"udise":"22261202401","name":"P.S. VINAYAKPUR","state":"CHHATTISGARH","district":"BALRAMPUR","block":"SHANKARGARH","indicator":"no_girls_toilet"}},{"type":"Feature","geometry":{"type":"Point","coordinates":[83.6831,23.2792]},"properties":{"udise":"22261200106","name":"SSA P.S. DUMARPAT","state":"CHHATTISGARH","district":"BALRAMPUR","block":"SHANKARGARH","indicator":"no_girls_toilet"}},{"type":"Feature","geometry":{"type":"Point","coordinates":[83.7606,23.4192]},"properties":{"udise":"22261206103","name":"P.S. BHALUPANI","state":"CHHATTISGARH","district":"BALRAMPUR","block":"SHANKARGARH","indicator":"no_girls_toilet"}},{"type":"Feature","geometry":{"type":"Point","coordinates":[83.3175,23.5694]},"properties":{"udise":"22261103901","name":"P.S. PARSATOLA","state":"CHHATTISGARH","district":"BALRAMPUR","block":"WADRAFNAGAR","indicator":"no_girls_toilet"}},{"type":"Feature","geometry":{"type":"Point","coordinates":[83.5814,23.3747]},"properties":{"udise":"22261207203","name":"SSA M.S. PATNA","state":"CHHATTISGARH","district":"BALRAMPUR","block":"SHANKARGARH","indicator":"no_girls_toilet"}},{"type":"Feature","geometry":{"type":"Point","coordinates":[83.7208,23.6253]},"properties":{"udise":"22261005804","name":"P.S.BARDAR EDU.","state":"CHHATTISGARH","district":"BALRAMPUR","block":"BALRAMPUR","indicator":"no_girls_toilet"}},{"type":"Feature","geometry":{"type":"Point","coordinates":[83.3958,23.6544]},"properties":{"udise":"22261106601","name":"P.S. KHONGAPARA","state":"CHHATTISGARH","district":"BALRAMPUR","block":"WADRAFNAGAR","indicator":"no_girls_toilet"}},{"type":"Feature","geometry":{"type":"Point","coordinates":[83.3467,24.0911]},"properties":{"udise":"22260907404","name":"M.S. KUSFAR","state":"CHHATTISGARH","district":"BALRAMPUR","block":"RAMCHANDRAPUR","indicator":"no_girls_toilet"}},{"type":"Feature","geometry":{"type":"Point","coordinates":[82.805,23.8983]},"properties":{"udise":"22261107902","name":"SSA M.S. BHAGWANPUR","state":"CHHATTISGARH","district":"BALRAMPUR","block":"WADRAFNAGAR","indicator":"no_girls_toilet"}},{"type":"Feature","geometry":{"type":"Point","coordinates":[83.71,23.2258]},"properties":{"udise":"22261201803","name":"SSA M.S. PATASI ( BHUNESHWARPUR0","state":"CHHATTISGARH","district":"BALRAMPUR","block":"SHANKARGARH","indicator":"no_girls_toilet"}},{"type":"Feature","geometry":{"type":"Point","coordinates":[83.1903,23.8239]},"properties":{"udise":"22261104803","name":"SSA M.S.RUPPUR","state":"CHHATTISGARH","district":"BALRAMPUR","block":"WADRAFNAGAR","indicator":"no_girls_toilet"}},{"type":"Feature","geometry":{"type":"Point","coordinates":[83.1267,23.7744]},"properties":{"udise":"22261100901","name":"P.S. POKHRA","state":"CHHATTISGARH","district":"BALRAMPUR","block":"WADRAFNAGAR","indicator":"no_girls_toilet"}},{"type":"Feature","geometry":{"type":"Point","coordinates":[83.4814,23.3128]},"properties":{"udise":"22260803612","name":"P.S. JOBALAPARA","state":"CHHATTISGARH","district":"BALRAMPUR","block":"RAJPUR","indicator":"no_girls_toilet"}},{"type":"Feature","geometry":{"type":"Point","coordinates":[83.0617,23.8364]},"properties":{"udise":"22261104105","name":"SSA M.S.MAHULI","state":"CHHATTISGARH","district":"BALRAMPUR","block":"WADRAFNAGAR","indicator":"no_girls_toilet"}},{"type":"Feature","geometry":{"type":"Point","coordinates":[83.3975,23.6539]},"properties":{"udise":"22261107105","name":"SSA P.S. ADRAIPARA","state":"CHHATTISGARH","district":"BALRAMPUR","block":"WADRAFNAGAR","indicator":"no_girls_toilet"}},{"type":"Feature","geometry":{"type":"Point","coordinates":[83.4028,24.0314]},"properties":{"udise":"22260901904","name":"N.P.S.JOGIYAPARA","state":"CHHATTISGARH","district":"BALRAMPUR","block":"RAMCHANDRAPUR","indicator":"no_girls_toilet"}},{"type":"Feature","geometry":{"type":"Point","coordinates":[83.1147,23.7964]},"properties":{"udise":"22261101504","name":"SSA P.S. BHUIYAPARA","state":"CHHATTISGARH","district":"BALRAMPUR","block":"WADRAFNAGAR","indicator":"no_girls_toilet"}},{"type":"Feature","geometry":{"type":"Point","coordinates":[84.0294,23.2906]},"properties":{"udise":"22261304401","name":"P.S. PAKARDIH","state":"CHHATTISGARH","district":"BALRAMPUR","block":"KUSMI","indicator":"girls_toilet_nonfunctional"}},{"type":"Feature","geometry":{"type":"Point","coordinates":[83.7136,23.3417]},"properties":{"udise":"22261201203","name":"SSA M.S. PODIKALA","state":"CHHATTISGARH","district":"BALRAMPUR","block":"SHANKARGARH","indicator":"girls_toilet_nonfunctional"}},{"type":"Feature","geometry":{"type":"Point","coordinates":[83.3111,23.5467]},"properties":{"udise":"22261009204","name":"P.S. AMARPUR","state":"CHHATTISGARH","district":"BALRAMPUR","block":"BALRAMPUR","indicator":"girls_toilet_nonfunctional"}},{"type":"Feature","geometry":{"type":"Point","coordinates":[83.4411,23.3383]},"properties":{"udise":"22260803001","name":"P.S. KOTAGAHANA","state":"CHHATTISGARH","district":"BALRAMPUR","block":"RAJPUR","indicator":"girls_toilet_nonfunctional"}},{"type":"Feature","geometry":{"type":"Point","coordinates":[83.4328,23.9961]},"properties":{"udise":"22260901701","name":"P.S. DOLANGI","state":"CHHATTISGARH","district":"BALRAMPUR","block":"RAMCHANDRAPUR","indicator":"girls_toilet_nonfunctional"}},{"type":"Feature","geometry":{"type":"Point","coordinates":[83.2372,23.9189]},"properties":{"udise":"22260900403","name":"P.S. AHRADAMAR","state":"CHHATTISGARH","district":"BALRAMPUR","block":"RAMCHANDRAPUR","indicator":"girls_toilet_nonfunctional"}},{"type":"Feature","geometry":{"type":"Point","coordinates":[83.5481,23.6108]},"properties":{"udise":"22261000902","name":"P S KHADIYAPARA","state":"CHHATTISGARH","district":"BALRAMPUR","block":"BALRAMPUR","indicator":"girls_toilet_nonfunctional"}},{"type":"Feature","geometry":{"type":"Point","coordinates":[82.8369,23.8639]},"properties":{"udise":"22261112902","name":"SSA M.S. GOVARDAHA","state":"CHHATTISGARH","district":"BALRAMPUR","block":"WADRAFNAGAR","indicator":"girls_toilet_nonfunctional"}},{"type":"Feature","geometry":{"type":"Point","coordinates":[83.9428,23.3014]},"properties":{"udise":"22261306601","name":"P.S. NICHATPUR","state":"CHHATTISGARH","district":"BALRAMPUR","block":"KUSMI","indicator":"girls_toilet_nonfunctional"}},{"type":"Feature","geometry":{"type":"Point","coordinates":[83.6164,23.3381]},"properties":{"udise":"22261203203","name":"SSA M.S.HARGAVAN","state":"CHHATTISGARH","district":"BALRAMPUR","block":"SHANKARGARH","indicator":"girls_toilet_nonfunctional"}},{"type":"Feature","geometry":{"type":"Point","coordinates":[83.4467,23.9367]},"properties":{"udise":"22260904203","name":"P.S. DHANWAR","state":"CHHATTISGARH","district":"BALRAMPUR","block":"RAMCHANDRAPUR","indicator":"girls_toilet_nonfunctional"}},{"type":"Feature","geometry":{"type":"Point","coordinates":[83.6542,23.3161]},"properties":{"udise":"22261203101","name":"P.S. CHALGALI","state":"CHHATTISGARH","district":"BALRAMPUR","block":"SHANKARGARH","indicator":"girls_toilet_nonfunctional"}},{"type":"Feature","geometry":{"type":"Point","coordinates":[83.2783,23.805]},"properties":{"udise":"22261114802","name":"SSA M.S. BENGO","state":"CHHATTISGARH","district":"BALRAMPUR","block":"WADRAFNAGAR","indicator":"girls_toilet_nonfunctional"}},{"type":"Feature","geometry":{"type":"Point","coordinates":[83.4933,23.6811]},"properties":{"udise":"22261006504","name":"P S BICHPARA (MANIKPUR)","state":"CHHATTISGARH","district":"BALRAMPUR","block":"BALRAMPUR","indicator":"girls_toilet_nonfunctional"}},{"type":"Feature","geometry":{"type":"Point","coordinates":[83.6747,23.2894]},"properties":{"udise":"22261200602","name":"SSA M.S. CHIRAI","state":"CHHATTISGARH","district":"BALRAMPUR","block":"SHANKARGARH","indicator":"girls_toilet_nonfunctional"}},{"type":"Feature","geometry":{"type":"Point","coordinates":[83.2353,23.8808]},"properties":{"udise":"22260900304","name":"P.S. MUNAGADIH","state":"CHHATTISGARH","district":"BALRAMPUR","block":"RAMCHANDRAPUR","indicator":"girls_toilet_nonfunctional"}},{"type":"Feature","geometry":{"type":"Point","coordinates":[84.0294,23.2903]},"properties":{"udise":"22261304402","name":"N.M.S. PAKARDIH","state":"CHHATTISGARH","district":"BALRAMPUR","block":"KUSMI","indicator":"girls_toilet_nonfunctional"}},{"type":"Feature","geometry":{"type":"Point","coordinates":[83.5067,23.4811]},"properties":{"udise":"22261009401","name":"P.S. LURGI","state":"CHHATTISGARH","district":"BALRAMPUR","block":"BALRAMPUR","indicator":"girls_toilet_nonfunctional"}},{"type":"Feature","geometry":{"type":"Point","coordinates":[83.7469,23.2517]},"properties":{"udise":"22261208901","name":"P.S. CHULHAKONA","state":"CHHATTISGARH","district":"BALRAMPUR","block":"SHANKARGARH","indicator":"girls_toilet_nonfunctional"}},{"type":"Feature","geometry":{"type":"Point","coordinates":[83.2964,23.2492]},"properties":{"udise":"22260807304","name":"M.S. MADNESHWARPUR","state":"CHHATTISGARH","district":"BALRAMPUR","block":"RAJPUR","indicator":"girls_toilet_nonfunctional"}},{"type":"Feature","geometry":{"type":"Point","coordinates":[83.2925,24.0369]},"properties":{"udise":"22260904105","name":"P.S. GADERIPARA","state":"CHHATTISGARH","district":"BALRAMPUR","block":"RAMCHANDRAPUR","indicator":"girls_toilet_nonfunctional"}},{"type":"Feature","geometry":{"type":"Point","coordinates":[83.9897,23.595]},"properties":{"udise":"22261313301","name":"P.S. CHUNCHUNA","state":"CHHATTISGARH","district":"BALRAMPUR","block":"KUSMI","indicator":"girls_toilet_nonfunctional"}},{"type":"Feature","geometry":{"type":"Point","coordinates":[83.8886,23.525]},"properties":{"udise":"22261303501","name":"P.S. MADVA","state":"CHHATTISGARH","district":"BALRAMPUR","block":"KUSMI","indicator":"girls_toilet_nonfunctional"}},{"type":"Feature","geometry":{"type":"Point","coordinates":[83.5122,23.9294]},"properties":{"udise":"22260903502","name":"P.S. PATELPARA","state":"CHHATTISGARH","district":"BALRAMPUR","block":"RAMCHANDRAPUR","indicator":"girls_toilet_nonfunctional"}},{"type":"Feature","geometry":{"type":"Point","coordinates":[83.9714,23.5669]},"properties":{"udise":"22261309104","name":"N.P.S.BANDARCHUAN","state":"CHHATTISGARH","district":"BALRAMPUR","block":"KUSMI","indicator":"girls_toilet_nonfunctional"}},{"type":"Feature","geometry":{"type":"Point","coordinates":[83.6536,23.6169]},"properties":{"udise":"22261006902","name":"M.S.OBRI","state":"CHHATTISGARH","district":"BALRAMPUR","block":"BALRAMPUR","indicator":"girls_toilet_nonfunctional"}},{"type":"Feature","geometry":{"type":"Point","coordinates":[83.6689,23.5889]},"properties":{"udise":"22261004703","name":"M.S.JABAR","state":"CHHATTISGARH","district":"BALRAMPUR","block":"BALRAMPUR","indicator":"girls_toilet_nonfunctional"}},{"type":"Feature","geometry":{"type":"Point","coordinates":[83.0931,23.8061]},"properties":{"udise":"22261108304","name":"SSA P.S.HARIJANPARA","state":"CHHATTISGARH","district":"BALRAMPUR","block":"WADRAFNAGAR","indicator":"girls_toilet_nonfunctional"}},{"type":"Feature","geometry":{"type":"Point","coordinates":[83.3208,23.5492]},"properties":{"udise":"22261009203","name":"P.S. KODAKI","state":"CHHATTISGARH","district":"BALRAMPUR","block":"BALRAMPUR","indicator":"girls_toilet_nonfunctional"}},{"type":"Feature","geometry":{"type":"Point","coordinates":[83.6328,23.245]},"properties":{"udise":"22261202205","name":"SSA M.S.DUMARPANI","state":"CHHATTISGARH","district":"BALRAMPUR","block":"SHANKARGARH","indicator":"girls_toilet_nonfunctional"}},{"type":"Feature","geometry":{"type":"Point","coordinates":[83.3078,23.5494]},"properties":{"udise":"22261002902","name":"P S BACHWARIPARA","state":"CHHATTISGARH","district":"BALRAMPUR","block":"BALRAMPUR","indicator":"girls_toilet_nonfunctional"}},{"type":"Feature","geometry":{"type":"Point","coordinates":[83.4058,23.9903]},"properties":{"udise":"22260902707","name":"M.S. SUNDERPUR","state":"CHHATTISGARH","district":"BALRAMPUR","block":"RAMCHANDRAPUR","indicator":"girls_toilet_nonfunctional"}},{"type":"Feature","geometry":{"type":"Point","coordinates":[83.0739,23.7925]},"properties":{"udise":"22261108504","name":"SSA M.S.LODHI","state":"CHHATTISGARH","district":"BALRAMPUR","block":"WADRAFNAGAR","indicator":"girls_toilet_nonfunctional"}},{"type":"Feature","geometry":{"type":"Point","coordinates":[83.415,23.6486]},"properties":{"udise":"22261003303","name":"M.S. MURKA","state":"CHHATTISGARH","district":"BALRAMPUR","block":"BALRAMPUR","indicator":"girls_toilet_nonfunctional"}},{"type":"Feature","geometry":{"type":"Point","coordinates":[83.67722,23.62722]},"properties":{"udise":"22261005003","name":"GOVT HIGH SCHOOL  CHITVISHRAMPUR","state":"CHHATTISGARH","district":"BALRAMPUR","block":"BALRAMPUR","indicator":"girls_toilet_nonfunctional"}},{"type":"Feature","geometry":{"type":"Point","coordinates":[83.7464,23.0653]},"properties":{"udise":"22261310706","name":"P.S. HETHUYAPARA","state":"CHHATTISGARH","district":"BALRAMPUR","block":"KUSMI","indicator":"girls_toilet_nonfunctional"}},{"type":"Feature","geometry":{"type":"Point","coordinates":[83.7133,23.7675]},"properties":{"udise":"22260905602","name":"P.S. KEVDASILA","state":"CHHATTISGARH","district":"BALRAMPUR","block":"RAMCHANDRAPUR","indicator":"girls_toilet_nonfunctional"}},{"type":"Feature","geometry":{"type":"Point","coordinates":[83.3722,23.5636]},"properties":{"udise":"22261009003","name":"M.S.CHANDAORA","state":"CHHATTISGARH","district":"BALRAMPUR","block":"BALRAMPUR","indicator":"girls_toilet_nonfunctional"}},{"type":"Feature","geometry":{"type":"Point","coordinates":[83.4986,23.3392]},"properties":{"udise":"22260803202","name":"M.S.SEVARI","state":"CHHATTISGARH","district":"BALRAMPUR","block":"RAJPUR","indicator":"girls_toilet_nonfunctional"}},{"type":"Feature","geometry":{"type":"Point","coordinates":[82.9711,23.8669]},"properties":{"udise":"22261109304","name":"SSA P.S. HARIJANPARA KESARI","state":"CHHATTISGARH","district":"BALRAMPUR","block":"WADRAFNAGAR","indicator":"girls_toilet_nonfunctional"}},{"type":"Feature","geometry":{"type":"Point","coordinates":[83.6767,23.7342]},"properties":{"udise":"22260905401","name":"P.S. CHANDANPUR","state":"CHHATTISGARH","district":"BALRAMPUR","block":"RAMCHANDRAPUR","indicator":"girls_toilet_nonfunctional"}},{"type":"Feature","geometry":{"type":"Point","coordinates":[83.6214,23.2436]},"properties":{"udise":"22261202204","name":"SSA P.S.HARINLETA","state":"CHHATTISGARH","district":"BALRAMPUR","block":"SHANKARGARH","indicator":"girls_toilet_nonfunctional"}},{"type":"Feature","geometry":{"type":"Point","coordinates":[83.3936,23.6592]},"properties":{"udise":"22261102202","name":"SSA M.S. KUNDI","state":"CHHATTISGARH","district":"BALRAMPUR","block":"WADRAFNAGAR","indicator":"girls_toilet_nonfunctional"}},{"type":"Feature","geometry":{"type":"Point","coordinates":[83.3628,23.94]},"properties":{"udise":"22260906203","name":"M.S. KUNDPAN","state":"CHHATTISGARH","district":"BALRAMPUR","block":"RAMCHANDRAPUR","indicator":"girls_toilet_nonfunctional"}},{"type":"Feature","geometry":{"type":"Point","coordinates":[83.4078,23.48]},"properties":{"udise":"22261009501","name":"P.S. LILAUTI","state":"CHHATTISGARH","district":"BALRAMPUR","block":"BALRAMPUR","indicator":"girls_toilet_nonfunctional"}},{"type":"Feature","geometry":{"type":"Point","coordinates":[83.3997,23.3436]},"properties":{"udise":"22260805002","name":"PS GHUTRAPARA","state":"CHHATTISGARH","district":"BALRAMPUR","block":"RAJPUR","indicator":"girls_toilet_nonfunctional"}},{"type":"Feature","geometry":{"type":"Point","coordinates":[83.0197,23.8306]},"properties":{"udise":"22261105103","name":"SSA P.S. MOKHATOLA","state":"CHHATTISGARH","district":"BALRAMPUR","block":"WADRAFNAGAR","indicator":"girls_toilet_nonfunctional"}},{"type":"Feature","geometry":{"type":"Point","coordinates":[83.3008,23.2928]},"properties":{"udise":"22260808202","name":"M.S. KHUKHARI","state":"CHHATTISGARH","district":"BALRAMPUR","block":"RAJPUR","indicator":"girls_toilet_nonfunctional"}},{"type":"Feature","geometry":{"type":"Point","coordinates":[83.6228,23.2436]},"properties":{"udise":"22261202206","name":"SSA M.S.HARINLETA","state":"CHHATTISGARH","district":"BALRAMPUR","block":"SHANKARGARH","indicator":"girls_toilet_nonfunctional"}},{"type":"Feature","geometry":{"type":"Point","coordinates":[83.0611,23.8278]},"properties":{"udise":"22261105011","name":"SSA M.S. PASCHIMPARA","state":"CHHATTISGARH","district":"BALRAMPUR","block":"WADRAFNAGAR","indicator":"girls_toilet_nonfunctional"}},{"type":"Feature","geometry":{"type":"Point","coordinates":[82.7986,23.8542]},"properties":{"udise":"22261107103","name":"SSA P.S. KODAKUPARA  ALKA","state":"CHHATTISGARH","district":"BALRAMPUR","block":"WADRAFNAGAR","indicator":"girls_toilet_nonfunctional"}},{"type":"Feature","geometry":{"type":"Point","coordinates":[83.5478,23.6814]},"properties":{"udise":"22261008902","name":"M.S. JOGNIPARA","state":"CHHATTISGARH","district":"BALRAMPUR","block":"BALRAMPUR","indicator":"girls_toilet_nonfunctional"}},{"type":"Feature","geometry":{"type":"Point","coordinates":[83.6411,23.2419]},"properties":{"udise":"22261202702","name":"SSA M.S. AMERA","state":"CHHATTISGARH","district":"BALRAMPUR","block":"SHANKARGARH","indicator":"girls_toilet_nonfunctional"}},{"type":"Feature","geometry":{"type":"Point","coordinates":[83.4222,23.0414]},"properties":{"udise":"22260801411","name":"GOVT. HIGHER SECONDARY SCHOOL BOYS RAJPUR","state":"CHHATTISGARH","district":"BALRAMPUR","block":"RAJPUR","indicator":"girls_toilet_nonfunctional"}},{"type":"Feature","geometry":{"type":"Point","coordinates":[83.79,23.4397]},"properties":{"udise":"22261308601","name":"N.P.S. BAIRDIH","state":"CHHATTISGARH","district":"BALRAMPUR","block":"KUSMI","indicator":"girls_toilet_nonfunctional"}},{"type":"Feature","geometry":{"type":"Point","coordinates":[83.9883,23.2647]},"properties":{"udise":"22261306803","name":"N.P.S. AMBATOLI","state":"CHHATTISGARH","district":"BALRAMPUR","block":"KUSMI","indicator":"girls_toilet_nonfunctional"}},{"type":"Feature","geometry":{"type":"Point","coordinates":[83.4067,23.9289]},"properties":{"udise":"22260903202","name":"M.S.GAJAR","state":"CHHATTISGARH","district":"BALRAMPUR","block":"RAMCHANDRAPUR","indicator":"girls_toilet_nonfunctional"}},{"type":"Feature","geometry":{"type":"Point","coordinates":[83.6811,23.6242]},"properties":{"udise":"22261005602","name":"P.S. BANAOR CAMP","state":"CHHATTISGARH","district":"BALRAMPUR","block":"BALRAMPUR","indicator":"girls_toilet_nonfunctional"}},{"type":"Feature","geometry":{"type":"Point","coordinates":[83.8089,23.3875]},"properties":{"udise":"22261312301","name":"P.S. PAKRITOLI","state":"CHHATTISGARH","district":"BALRAMPUR","block":"KUSMI","indicator":"girls_toilet_nonfunctional"}},{"type":"Feature","geometry":{"type":"Point","coordinates":[83.4231,24.0261]},"properties":{"udise":"22260902703","name":"P.S. CHITIMAHURAO","state":"CHHATTISGARH","district":"BALRAMPUR","block":"RAMCHANDRAPUR","indicator":"girls_toilet_nonfunctional"}},{"type":"Feature","geometry":{"type":"Point","coordinates":[83.8283,23.3183]},"properties":{"udise":"22261307702","name":"P.S.G. BHULSIKALA","state":"CHHATTISGARH","district":"BALRAMPUR","block":"KUSMI","indicator":"girls_toilet_nonfunctional"}},{"type":"Feature","geometry":{"type":"Point","coordinates":[83.9308,23.2186]},"properties":{"udise":"22261310905","name":"P.S. KADAMTOLI","state":"CHHATTISGARH","district":"BALRAMPUR","block":"KUSMI","indicator":"girls_toilet_nonfunctional"}},{"type":"Feature","geometry":{"type":"Point","coordinates":[83.3669,23.4914]},"properties":{"udise":"22260800703","name":"M.S. USKONIPARA","state":"CHHATTISGARH","district":"BALRAMPUR","block":"RAJPUR","indicator":"girls_toilet_nonfunctional"}},{"type":"Feature","geometry":{"type":"Point","coordinates":[83.5636,23.8119]},"properties":{"udise":"22260909803","name":"M.S.MAHAVIRGANJ","state":"CHHATTISGARH","district":"BALRAMPUR","block":"RAMCHANDRAPUR","indicator":"girls_toilet_nonfunctional"}},{"type":"Feature","geometry":{"type":"Point","coordinates":[83.7136,23.2908]},"properties":{"udise":"22261200108","name":"SSA M.S.LINEPARA","state":"CHHATTISGARH","district":"BALRAMPUR","block":"SHANKARGARH","indicator":"girls_toilet_nonfunctional"}},{"type":"Feature","geometry":{"type":"Point","coordinates":[83.9372,23.1653]},"properties":{"udise":"22261311205","name":"P.S.UPERKEDLI","state":"CHHATTISGARH","district":"BALRAMPUR","block":"KUSMI","indicator":"girls_toilet_nonfunctional"}},{"type":"Feature","geometry":{"type":"Point","coordinates":[83.9008,23.4431]},"properties":{"udise":"22261304605","name":"G.P.S.BHANDARDEPA","state":"CHHATTISGARH","district":"BALRAMPUR","block":"KUSMI","indicator":"girls_toilet_nonfunctional"}},{"type":"Feature","geometry":{"type":"Point","coordinates":[83.9294,23.2397]},"properties":{"udise":"22261311901","name":"P.S. KATIMA","state":"CHHATTISGARH","district":"BALRAMPUR","block":"KUSMI","indicator":"girls_toilet_nonfunctional"}},{"type":"Feature","geometry":{"type":"Point","coordinates":[83.6794,23.5936]},"properties":{"udise":"22261004602","name":"M.S.MAGARHARA","state":"CHHATTISGARH","district":"BALRAMPUR","block":"BALRAMPUR","indicator":"girls_toilet_nonfunctional"}},{"type":"Feature","geometry":{"type":"Point","coordinates":[83.1272,23.8283]},"properties":{"udise":"22261102603","name":"SSA P.S. PASHCHIMPARA","state":"CHHATTISGARH","district":"BALRAMPUR","block":"WADRAFNAGAR","indicator":"girls_toilet_nonfunctional"}},{"type":"Feature","geometry":{"type":"Point","coordinates":[83.49,23.6036]},"properties":{"udise":"22261000605","name":"P.S. GHUGHARA","state":"CHHATTISGARH","district":"BALRAMPUR","block":"BALRAMPUR","indicator":"girls_toilet_nonfunctional"}},{"type":"Feature","geometry":{"type":"Point","coordinates":[83.9469,23.2094]},"properties":{"udise":"22261311002","name":"M.S.LARIMA","state":"CHHATTISGARH","district":"BALRAMPUR","block":"KUSMI","indicator":"girls_toilet_nonfunctional"}},{"type":"Feature","geometry":{"type":"Point","coordinates":[83.3536,24.0764]},"properties":{"udise":"22260907405","name":"M.S. DHAURADAMAR","state":"CHHATTISGARH","district":"BALRAMPUR","block":"RAMCHANDRAPUR","indicator":"girls_toilet_nonfunctional"}},{"type":"Feature","geometry":{"type":"Point","coordinates":[83.6322,23.2417]},"properties":{"udise":"22261202203","name":"SSA P.S.DUMARPANI","state":"CHHATTISGARH","district":"BALRAMPUR","block":"SHANKARGARH","indicator":"girls_toilet_nonfunctional"}},{"type":"Feature","geometry":{"type":"Point","coordinates":[83.7044,23.4906]},"properties":{"udise":"22261010702","name":"M.S. KOTPALI","state":"CHHATTISGARH","district":"BALRAMPUR","block":"BALRAMPUR","indicator":"girls_toilet_nonfunctional"}},{"type":"Feature","geometry":{"type":"Point","coordinates":[83.7678,23.3367]},"properties":{"udise":"22261206502","name":"SSA M.S. UMKO","state":"CHHATTISGARH","district":"BALRAMPUR","block":"SHANKARGARH","indicator":"girls_toilet_nonfunctional"}},{"type":"Feature","geometry":{"type":"Point","coordinates":[83.86,23.3781]},"properties":{"udise":"22261310002","name":"M.S. TATIJHARIYA","state":"CHHATTISGARH","district":"BALRAMPUR","block":"KUSMI","indicator":"girls_toilet_nonfunctional"}},{"type":"Feature","geometry":{"type":"Point","coordinates":[83.2311,23.9064]},"properties":{"udise":"22260900305","name":"P.S. KASRAIYAPARA","state":"CHHATTISGARH","district":"BALRAMPUR","block":"RAMCHANDRAPUR","indicator":"girls_toilet_nonfunctional"}},{"type":"Feature","geometry":{"type":"Point","coordinates":[83.83,23.3181]},"properties":{"udise":"22261308401","name":"N.P.S. TETARTOLI","state":"CHHATTISGARH","district":"BALRAMPUR","block":"KUSMI","indicator":"girls_toilet_nonfunctional"}},{"type":"Feature","geometry":{"type":"Point","coordinates":[83.3969,23.6533]},"properties":{"udise":"22261106802","name":"SSA M.S. GADAOLI","state":"CHHATTISGARH","district":"BALRAMPUR","block":"WADRAFNAGAR","indicator":"girls_toilet_nonfunctional"}},{"type":"Feature","geometry":{"type":"Point","coordinates":[83.7325,23.7308]},"properties":{"udise":"22260905201","name":"P.S. NAGRA","state":"CHHATTISGARH","district":"BALRAMPUR","block":"RAMCHANDRAPUR","indicator":"girls_toilet_nonfunctional"}},{"type":"Feature","geometry":{"type":"Point","coordinates":[82.8314,23.8233]},"properties":{"udise":"22261102404","name":"SSA P.S. DHANWAR","state":"CHHATTISGARH","district":"BALRAMPUR","block":"WADRAFNAGAR","indicator":"girls_toilet_nonfunctional"}},{"type":"Feature","geometry":{"type":"Point","coordinates":[83.875,23.3625]},"properties":{"udise":"22261308802","name":"P.S. JIGNIYA","state":"CHHATTISGARH","district":"BALRAMPUR","block":"KUSMI","indicator":"girls_toilet_nonfunctional"}},{"type":"Feature","geometry":{"type":"Point","coordinates":[83.10278,23.8312]},"properties":{"udise":"22261102405","name":"GOVT HIGHER SECONDARY SCHOOL  FULIDUMAR","state":"CHHATTISGARH","district":"BALRAMPUR","block":"WADRAFNAGAR","indicator":"girls_toilet_nonfunctional"}},{"type":"Feature","geometry":{"type":"Point","coordinates":[84.0461,23.2253]},"properties":{"udise":"22261302401","name":"P.S. TAVARPANI","state":"CHHATTISGARH","district":"BALRAMPUR","block":"KUSMI","indicator":"girls_toilet_nonfunctional"}},{"type":"Feature","geometry":{"type":"Point","coordinates":[83.8017,23.3725]},"properties":{"udise":"22261307203","name":"M.S.HARRI","state":"CHHATTISGARH","district":"BALRAMPUR","block":"KUSMI","indicator":"girls_toilet_nonfunctional"}},{"type":"Feature","geometry":{"type":"Point","coordinates":[83.7283,23.5203]},"properties":{"udise":"22261010803","name":"P S DADARTOLA","state":"CHHATTISGARH","district":"BALRAMPUR","block":"BALRAMPUR","indicator":"girls_toilet_nonfunctional"}},{"type":"Feature","geometry":{"type":"Point","coordinates":[83.7161,23.3717]},"properties":{"udise":"22261201401","name":"P.S. KARASI","state":"CHHATTISGARH","district":"BALRAMPUR","block":"SHANKARGARH","indicator":"girls_toilet_nonfunctional"}},{"type":"Feature","geometry":{"type":"Point","coordinates":[83.9256,23.3281]},"properties":{"udise":"22261300304","name":"N.M.S.GAJADHARPUR","state":"CHHATTISGARH","district":"BALRAMPUR","block":"KUSMI","indicator":"girls_toilet_nonfunctional"}},{"type":"Feature","geometry":{"type":"Point","coordinates":[83.9206,23.2283]},"properties":{"udise":"22261305402","name":"P.S.  MAHUYATOLI","state":"CHHATTISGARH","district":"BALRAMPUR","block":"KUSMI","indicator":"girls_toilet_nonfunctional"}},{"type":"Feature","geometry":{"type":"Point","coordinates":[83.28833,23.92194]},"properties":{"udise":"22260900905","name":"GOVT HIGH SCHOOL  SALWAHI","state":"CHHATTISGARH","district":"BALRAMPUR","block":"RAMCHANDRAPUR","indicator":"girls_toilet_nonfunctional"}},{"type":"Feature","geometry":{"type":"Point","coordinates":[83.6817,23.6106]},"properties":{"udise":"22261004704","name":"M.S. JABARKHAND","state":"CHHATTISGARH","district":"BALRAMPUR","block":"BALRAMPUR","indicator":"girls_toilet_nonfunctional"}},{"type":"Feature","geometry":{"type":"Point","coordinates":[83.8583,23.3786]},"properties":{"udise":"22261301801","name":"R.G.P.S. DHAVAITOLA","state":"CHHATTISGARH","district":"BALRAMPUR","block":"KUSMI","indicator":"girls_toilet_nonfunctional"}},{"type":"Feature","geometry":{"type":"Point","coordinates":[83.2914,23.8983]},"properties":{"udise":"22260906402","name":"M.S.BARAHNAGAR","state":"CHHATTISGARH","district":"BALRAMPUR","block":"RAMCHANDRAPUR","indicator":"girls_toilet_nonfunctional"}},{"type":"Feature","geometry":{"type":"Point","coordinates":[83.6719,23.3797]},"properties":{"udise":"22261204301","name":"M.S.BOYS  JOKAPAT(AASHRAM)","state":"CHHATTISGARH","district":"BALRAMPUR","block":"SHANKARGARH","indicator":"girls_toilet_nonfunctional"}},{"type":"Feature","geometry":{"type":"Point","coordinates":[83.8508,23.305]},"properties":{"udise":"22261309403","name":"N.P.S. DANDTOLI","state":"CHHATTISGARH","district":"BALRAMPUR","block":"KUSMI","indicator":"girls_toilet_nonfunctional"}},{"type":"Feature","geometry":{"type":"Point","coordinates":[82.8611,23.8761]},"properties":{"udise":"22261111203","name":"SSA M.S. BHARUHIBANS","state":"CHHATTISGARH","district":"BALRAMPUR","block":"WADRAFNAGAR","indicator":"girls_toilet_nonfunctional"}},{"type":"Feature","geometry":{"type":"Point","coordinates":[83.9081,23.2878]},"properties":{"udise":"22261300214","name":"M.S.BAZARPARA","state":"CHHATTISGARH","district":"BALRAMPUR","block":"KUSMI","indicator":"girls_toilet_nonfunctional"}},{"type":"Feature","geometry":{"type":"Point","coordinates":[82.8611,23.8764]},"properties":{"udise":"22261111201","name":"P. S. BHARUHIBANS","state":"CHHATTISGARH","district":"BALRAMPUR","block":"WADRAFNAGAR","indicator":"girls_toilet_nonfunctional"}},{"type":"Feature","geometry":{"type":"Point","coordinates":[83.9436,23.1714]},"properties":{"udise":"22261311101","name":"P.S. KEDALI","state":"CHHATTISGARH","district":"BALRAMPUR","block":"KUSMI","indicator":"girls_toilet_nonfunctional"}},{"type":"Feature","geometry":{"type":"Point","coordinates":[83.4311,23.9928]},"properties":{"udise":"22260902301","name":"P.S. ORANGA","state":"CHHATTISGARH","district":"BALRAMPUR","block":"RAMCHANDRAPUR","indicator":"girls_toilet_nonfunctional"}},{"type":"Feature","geometry":{"type":"Point","coordinates":[82.9219,23.8406]},"properties":{"udise":"22261106404","name":"SSA P.S.HARIJANPARA","state":"CHHATTISGARH","district":"BALRAMPUR","block":"WADRAFNAGAR","indicator":"girls_toilet_nonfunctional"}},{"type":"Feature","geometry":{"type":"Point","coordinates":[83.8878,23.2878]},"properties":{"udise":"22261300211","name":"N.P.S. BAZARPARA","state":"CHHATTISGARH","district":"BALRAMPUR","block":"KUSMI","indicator":"girls_toilet_nonfunctional"}},{"type":"Feature","geometry":{"type":"Point","coordinates":[83.8378,23.3056]},"properties":{"udise":"22261311401","name":"P.S. MOTINAGAR","state":"CHHATTISGARH","district":"BALRAMPUR","block":"KUSMI","indicator":"girls_toilet_nonfunctional"}},{"type":"Feature","geometry":{"type":"Point","coordinates":[83.6747,23.3475]},"properties":{"udise":"22261203801","name":"P.S. BANSDIH","state":"CHHATTISGARH","district":"BALRAMPUR","block":"SHANKARGARH","indicator":"girls_toilet_nonfunctional"}},{"type":"Feature","geometry":{"type":"Point","coordinates":[83.4203,23.8689]},"properties":{"udise":"22260910203","name":"P.S. PARSAKHAD","state":"CHHATTISGARH","district":"BALRAMPUR","block":"RAMCHANDRAPUR","indicator":"girls_toilet_nonfunctional"}},{"type":"Feature","geometry":{"type":"Point","coordinates":[84.0386,23.2122]},"properties":{"udise":"22261301602","name":"N.P.S. BADOKOKNA","state":"CHHATTISGARH","district":"BALRAMPUR","block":"KUSMI","indicator":"girls_toilet_nonfunctional"}},{"type":"Feature","geometry":{"type":"Point","coordinates":[82.9214,23.8389]},"properties":{"udise":"22261107708","name":"SSA P.S. MAHATOPARA","state":"CHHATTISGARH","district":"BALRAMPUR","block":"WADRAFNAGAR","indicator":"girls_toilet_nonfunctional"}},{"type":"Feature","geometry":{"type":"Point","coordinates":[83.8331,23.3711]},"properties":{"udise":"22261307801","name":"P.S. CHAMPANAGAR","state":"CHHATTISGARH","district":"BALRAMPUR","block":"KUSMI","indicator":"girls_toilet_nonfunctional"}},{"type":"Feature","geometry":{"type":"Point","coordinates":[83.8981,23.2875]},"properties":{"udise":"22261300216","name":"N.M.S. KUMHARPARA","state":"CHHATTISGARH","district":"BALRAMPUR","block":"KUSMI","indicator":"girls_toilet_nonfunctional"}},{"type":"Feature","geometry":{"type":"Point","coordinates":[83.5792,23.8819]},"properties":{"udise":"22260909702","name":"P.S. FULWAR(CHINIYA)","state":"CHHATTISGARH","district":"BALRAMPUR","block":"RAMCHANDRAPUR","indicator":"girls_toilet_nonfunctional"}},{"type":"Feature","geometry":{"type":"Point","coordinates":[83.80162,23.37241]},"properties":{"udise":"22261307205","name":"GOVT HIGH SCHOOL.HARRI","state":"CHHATTISGARH","district":"BALRAMPUR","block":"KUSMI","indicator":"girls_toilet_nonfunctional"}},{"type":"Feature","geometry":{"type":"Point","coordinates":[83.3278,24.0383]},"properties":{"udise":"22260907504","name":"M.S. PACHAWAL","state":"CHHATTISGARH","district":"BALRAMPUR","block":"RAMCHANDRAPUR","indicator":"girls_toilet_nonfunctional"}},{"type":"Feature","geometry":{"type":"Point","coordinates":[83.9256,23.3275]},"properties":{"udise":"22261300305","name":"P.S. ULTAPANI","state":"CHHATTISGARH","district":"BALRAMPUR","block":"KUSMI","indicator":"girls_toilet_nonfunctional"}},{"type":"Feature","geometry":{"type":"Point","coordinates":[83.1264,23.7875]},"properties":{"udise":"22261101301","name":"P.S. EKNARA","state":"CHHATTISGARH","district":"BALRAMPUR","block":"WADRAFNAGAR","indicator":"girls_toilet_nonfunctional"}},{"type":"Feature","geometry":{"type":"Point","coordinates":[83.0961,23.535]},"properties":{"udise":"22261306202","name":"P.S. JODHPUR","state":"CHHATTISGARH","district":"BALRAMPUR","block":"KUSMI","indicator":"girls_toilet_nonfunctional"}},{"type":"Feature","geometry":{"type":"Point","coordinates":[83.4222,23.6444]},"properties":{"udise":"22261003204","name":"P.S. KODAKUPARA","state":"CHHATTISGARH","district":"BALRAMPUR","block":"BALRAMPUR","indicator":"girls_toilet_nonfunctional"}},{"type":"Feature","geometry":{"type":"Point","coordinates":[83.4406,23.2758]},"properties":{"udise":"22260809501","name":"P.S. AMDARI","state":"CHHATTISGARH","district":"BALRAMPUR","block":"RAJPUR","indicator":"girls_toilet_nonfunctional"}},{"type":"Feature","geometry":{"type":"Point","coordinates":[83.4631,23.8689]},"properties":{"udise":"22260910202","name":"P.S. DHARMIPARA","state":"CHHATTISGARH","district":"BALRAMPUR","block":"RAMCHANDRAPUR","indicator":"girls_toilet_nonfunctional"}},{"type":"Feature","geometry":{"type":"Point","coordinates":[83.3683,24.0211]},"properties":{"udise":"22260907605","name":"P.S. MAHUADAMAR","state":"CHHATTISGARH","district":"BALRAMPUR","block":"RAMCHANDRAPUR","indicator":"girls_toilet_nonfunctional"}},{"type":"Feature","geometry":{"type":"Point","coordinates":[83.1686,23.7564]},"properties":{"udise":"22261114701","name":"P.S.JANJALIPARA","state":"CHHATTISGARH","district":"BALRAMPUR","block":"WADRAFNAGAR","indicator":"girls_toilet_nonfunctional"}},{"type":"Feature","geometry":{"type":"Point","coordinates":[83.4803,23.9028]},"properties":{"udise":"22260911202","name":"P.S. KODAKUPARA","state":"CHHATTISGARH","district":"BALRAMPUR","block":"RAMCHANDRAPUR","indicator":"girls_toilet_nonfunctional"}},{"type":"Feature","geometry":{"type":"Point","coordinates":[83.4147,23.8583]},"properties":{"udise":"22260908604","name":"P.S. BAJNAPARA","state":"CHHATTISGARH","district":"BALRAMPUR","block":"RAMCHANDRAPUR","indicator":"girls_toilet_nonfunctional"}},{"type":"Feature","geometry":{"type":"Point","coordinates":[83.5939,23.7267]},"properties":{"udise":"22260904603","name":"P.S. GAMHARPARA","state":"CHHATTISGARH","district":"BALRAMPUR","block":"RAMCHANDRAPUR","indicator":"girls_toilet_nonfunctional"}},{"type":"Feature","geometry":{"type":"Point","coordinates":[82.9922,23.8131]},"properties":{"udise":"22261109403","name":"SSA P.S. AGARIYAPARA","state":"CHHATTISGARH","district":"BALRAMPUR","block":"WADRAFNAGAR","indicator":"girls_toilet_nonfunctional"}},{"type":"Feature","geometry":{"type":"Point","coordinates":[83.0961,23.7556]},"properties":{"udise":"22261108402","name":"SSA P.S.DHOARPUR","state":"CHHATTISGARH","district":"BALRAMPUR","block":"WADRAFNAGAR","indicator":"girls_toilet_nonfunctional"}},{"type":"Feature","geometry":{"type":"Point","coordinates":[83.5678,23.2919]},"properties":{"udise":"22261204901","name":"P.S. SARIMA","state":"CHHATTISGARH","district":"BALRAMPUR","block":"SHANKARGARH","indicator":"girls_toilet_nonfunctional"}},{"type":"Feature","geometry":{"type":"Point","coordinates":[83.7164,23.7206]},"properties":{"udise":"22260905203","name":"M.S.SUWARKODWA","state":"CHHATTISGARH","district":"BALRAMPUR","block":"RAMCHANDRAPUR","indicator":"girls_toilet_nonfunctional"}},{"type":"Feature","geometry":{"type":"Point","coordinates":[83.6253,23.6181]},"properties":{"udise":"22261005101","name":"P.S. BHANAORA","state":"CHHATTISGARH","district":"BALRAMPUR","block":"BALRAMPUR","indicator":"girls_toilet_nonfunctional"}},{"type":"Feature","geometry":{"type":"Point","coordinates":[83.8014,23.3725]},"properties":{"udise":"22261307202","name":"P.S.G. HARRY","state":"CHHATTISGARH","district":"BALRAMPUR","block":"KUSMI","indicator":"girls_toilet_nonfunctional"}},{"type":"Feature","geometry":{"type":"Point","coordinates":[83.195,23.7631]},"properties":{"udise":"22261101903","name":"P.S. WADRAFNAGAR","state":"CHHATTISGARH","district":"BALRAMPUR","block":"WADRAFNAGAR","indicator":"girls_toilet_nonfunctional"}},{"type":"Feature","geometry":{"type":"Point","coordinates":[82.7817,23.8747]},"properties":{"udise":"22261105803","name":"SSA M.S. SARUVAT","state":"CHHATTISGARH","district":"BALRAMPUR","block":"WADRAFNAGAR","indicator":"girls_toilet_nonfunctional"}},{"type":"Feature","geometry":{"type":"Point","coordinates":[83.1375,23.7794]},"properties":{"udise":"22261101001","name":"P.S. TANVARIPARA","state":"CHHATTISGARH","district":"BALRAMPUR","block":"WADRAFNAGAR","indicator":"girls_toilet_nonfunctional"}},{"type":"Feature","geometry":{"type":"Point","coordinates":[83.6486,23.2747]},"properties":{"udise":"22261205601","name":"P.S. KHARKONA","state":"CHHATTISGARH","district":"BALRAMPUR","block":"SHANKARGARH","indicator":"girls_toilet_nonfunctional"}},{"type":"Feature","geometry":{"type":"Point","coordinates":[83.6644,23.6911]},"properties":{"udise":"22261002203","name":"M.S TATAPANI","state":"CHHATTISGARH","district":"BALRAMPUR","block":"BALRAMPUR","indicator":"girls_toilet_nonfunctional"}},{"type":"Feature","geometry":{"type":"Point","coordinates":[83.5431,23.7878]},"properties":{"udise":"22260909001","name":"P.S. MEGHULI","state":"CHHATTISGARH","district":"BALRAMPUR","block":"RAMCHANDRAPUR","indicator":"girls_toilet_nonfunctional"}},{"type":"Feature","geometry":{"type":"Point","coordinates":[83.4586,23.5303]},"properties":{"udise":"22261003703","name":"M.S. KOCHALI","state":"CHHATTISGARH","district":"BALRAMPUR","block":"BALRAMPUR","indicator":"girls_toilet_nonfunctional"}},{"type":"Feature","geometry":{"type":"Point","coordinates":[83.7564,23.2786]},"properties":{"udise":"22261209301","name":"P.S. BADA","state":"CHHATTISGARH","district":"BALRAMPUR","block":"SHANKARGARH","indicator":"girls_toilet_nonfunctional"}},{"type":"Feature","geometry":{"type":"Point","coordinates":[83.8439,23.3353]},"properties":{"udise":"22261301002","name":"N.P.S.AMADARA","state":"CHHATTISGARH","district":"BALRAMPUR","block":"KUSMI","indicator":"girls_toilet_nonfunctional"}},{"type":"Feature","geometry":{"type":"Point","coordinates":[83.7858,23.3803]},"properties":{"udise":"22261307502","name":"M.S. CHAINPUR","state":"CHHATTISGARH","district":"BALRAMPUR","block":"KUSMI","indicator":"girls_toilet_nonfunctional"}},{"type":"Feature","geometry":{"type":"Point","coordinates":[83.725,23.7647]},"properties":{"udise":"22260905002","name":"M.S. BARAHMURIYA","state":"CHHATTISGARH","district":"BALRAMPUR","block":"RAMCHANDRAPUR","indicator":"girls_toilet_nonfunctional"}},{"type":"Feature","geometry":{"type":"Point","coordinates":[83.8097,23.4133]},"properties":{"udise":"22261301903","name":"P.S. LAINPARA","state":"CHHATTISGARH","district":"BALRAMPUR","block":"KUSMI","indicator":"girls_toilet_nonfunctional"}},{"type":"Feature","geometry":{"type":"Point","coordinates":[82.9686,23.8225]},"properties":{"udise":"22261109105","name":"P.S. BANGALIPARA","state":"CHHATTISGARH","district":"BALRAMPUR","block":"WADRAFNAGAR","indicator":"girls_toilet_nonfunctional"}},{"type":"Feature","geometry":{"type":"Point","coordinates":[83.6956,23.3503]},"properties":{"udise":"22261201301","name":"P.S. BHARATPUR","state":"CHHATTISGARH","district":"BALRAMPUR","block":"SHANKARGARH","indicator":"girls_toilet_nonfunctional"}},{"type":"Feature","geometry":{"type":"Point","coordinates":[83.4394,24.0092]},"properties":{"udise":"22260902001","name":"P.S. ANANDPUR","state":"CHHATTISGARH","district":"BALRAMPUR","block":"RAMCHANDRAPUR","indicator":"girls_toilet_nonfunctional"}},{"type":"Feature","geometry":{"type":"Point","coordinates":[83.9469,23.3881]},"properties":{"udise":"22261310502","name":"P.S. SHARJAM","state":"CHHATTISGARH","district":"BALRAMPUR","block":"KUSMI","indicator":"girls_toilet_nonfunctional"}},{"type":"Feature","geometry":{"type":"Point","coordinates":[83.5125,23.9217]},"properties":{"udise":"22260903504","name":"M.S.KALIKAPUR","state":"CHHATTISGARH","district":"BALRAMPUR","block":"RAMCHANDRAPUR","indicator":"girls_toilet_nonfunctional"}},{"type":"Feature","geometry":{"type":"Point","coordinates":[83.3856,24.0181]},"properties":{"udise":"22260907604","name":"M.S.SANAWAL","state":"CHHATTISGARH","district":"BALRAMPUR","block":"RAMCHANDRAPUR","indicator":"girls_toilet_nonfunctional"}},{"type":"Feature","geometry":{"type":"Point","coordinates":[83.6661,23.74]},"properties":{"udise":"22260904901","name":"P.S. DEVGAI","state":"CHHATTISGARH","district":"BALRAMPUR","block":"RAMCHANDRAPUR","indicator":"girls_toilet_nonfunctional"}},{"type":"Feature","geometry":{"type":"Point","coordinates":[83.3122,23.7844]},"properties":{"udise":"22261114502","name":"SSA P.S. PATELPARA","state":"CHHATTISGARH","district":"BALRAMPUR","block":"WADRAFNAGAR","indicator":"girls_toilet_nonfunctional"}},{"type":"Feature","geometry":{"type":"Point","coordinates":[83.9286,23.3825]},"properties":{"udise":"22261309901","name":"P.S. KERAPAT","state":"CHHATTISGARH","district":"BALRAMPUR","block":"KUSMI","indicator":"girls_toilet_nonfunctional"}},{"type":"Feature","geometry":{"type":"Point","coordinates":[83.7128,23.6189]},"properties":{"udise":"22261005806","name":"M.S.B. BARDAR","state":"CHHATTISGARH","district":"BALRAMPUR","block":"BALRAMPUR","indicator":"girls_toilet_nonfunctional"}},{"type":"Feature","geometry":{"type":"Point","coordinates":[83.4411,23.3381]},"properties":{"udise":"22260803003","name":"M.S KOTAGAHANA","state":"CHHATTISGARH","district":"BALRAMPUR","block":"RAJPUR","indicator":"girls_toilet_nonfunctional"}},{"type":"Feature","geometry":{"type":"Point","coordinates":[83.6772,23.6272]},"properties":{"udise":"22261005002","name":"M.S. CHITVISHRAMPUR","state":"CHHATTISGARH","district":"BALRAMPUR","block":"BALRAMPUR","indicator":"girls_toilet_nonfunctional"}},{"type":"Feature","geometry":{"type":"Point","coordinates":[83.2808,23.8167]},"properties":{"udise":"22261113805","name":"SSA P.S. GHUTRAPARA","state":"CHHATTISGARH","district":"BALRAMPUR","block":"WADRAFNAGAR","indicator":"girls_toilet_nonfunctional"}},{"type":"Feature","geometry":{"type":"Point","coordinates":[83.4506,23.8678]},"properties":{"udise":"22260910201","name":"P.S. DHARMI","state":"CHHATTISGARH","district":"BALRAMPUR","block":"RAMCHANDRAPUR","indicator":"girls_toilet_nonfunctional"}},{"type":"Feature","geometry":{"type":"Point","coordinates":[83.0539,23.8281]},"properties":{"udise":"22261105006","name":"SSA P.S. PARSATOLA","state":"CHHATTISGARH","district":"BALRAMPUR","block":"WADRAFNAGAR","indicator":"girls_toilet_nonfunctional"}},{"type":"Feature","geometry":{"type":"Point","coordinates":[83.0608,23.8278]},"properties":{"udise":"22261105009","name":"SSA P.S. PASHCHIMPARA","state":"CHHATTISGARH","district":"BALRAMPUR","block":"WADRAFNAGAR","indicator":"girls_toilet_nonfunctional"}},{"type":"Feature","geometry":{"type":"Point","coordinates":[84.0217,23.3519]},"properties":{"udise":"22261310602","name":"P.S. KONKOTLI","state":"CHHATTISGARH","district":"BALRAMPUR","block":"KUSMI","indicator":"girls_toilet_nonfunctional"}},{"type":"Feature","geometry":{"type":"Point","coordinates":[83.4325,23.9961]},"properties":{"udise":"22260901702","name":"M.S.DOLANGI","state":"CHHATTISGARH","district":"BALRAMPUR","block":"RAMCHANDRAPUR","indicator":"girls_toilet_nonfunctional"}},{"type":"Feature","geometry":{"type":"Point","coordinates":[83.5592,23.3103]},"properties":{"udise":"22261206901","name":"P.S. LODHI","state":"CHHATTISGARH","district":"BALRAMPUR","block":"SHANKARGARH","indicator":"girls_toilet_nonfunctional"}},{"type":"Feature","geometry":{"type":"Point","coordinates":[83.8322,23.3136]},"properties":{"udise":"22261307708","name":"GOVT. HIGH SCHOOL BHULSIKALA","state":"CHHATTISGARH","district":"BALRAMPUR","block":"KUSMI","indicator":"girls_toilet_nonfunctional"}},{"type":"Feature","geometry":{"type":"Point","coordinates":[83.7586,23.2728]},"properties":{"udise":"22261209901","name":"SSA P.S. KAVARTOLI","state":"CHHATTISGARH","district":"BALRAMPUR","block":"SHANKARGARH","indicator":"girls_toilet_nonfunctional"}},{"type":"Feature","geometry":{"type":"Point","coordinates":[83.4003,23.6733]},"properties":{"udise":"22261106302","name":"SSA P.S. LALMATI","state":"CHHATTISGARH","district":"BALRAMPUR","block":"WADRAFNAGAR","indicator":"girls_toilet_nonfunctional"}},{"type":"Feature","geometry":{"type":"Point","coordinates":[81.7636,19.1278]},"properties":{"udise":"22152409105","name":"GOVT. PS. . MALGUJARPARA","state":"CHHATTISGARH","district":"BASTER","block":"LOHANDIGUDA","indicator":"no_girls_toilet"}},{"type":"Feature","geometry":{"type":"Point","coordinates":[81.6758,19.0783]},"properties":{"udise":"22152401802","name":"GOVT. UPS.. LAKHAIBEDA","state":"CHHATTISGARH","district":"BASTER","block":"LOHANDIGUDA","indicator":"no_girls_toilet"}},{"type":"Feature","geometry":{"type":"Point","coordinates":[81.7883,18.8889]},"properties":{"udise":"22150400303","name":"GOVT. PS MANJHIPARA","state":"CHHATTISGARH","district":"BASTER","block":"DARBHA","indicator":"no_girls_toilet"}},{"type":"Feature","geometry":{"type":"Point","coordinates":[81.6472,19.0664]},"properties":{"udise":"22152405807","name":"GOVT.PS KOLIYAPARA TUREMORKA","state":"CHHATTISGARH","district":"BASTER","block":"LOHANDIGUDA","indicator":"no_girls_toilet"}},{"type":"Feature","geometry":{"type":"Point","coordinates":[82.0664,19.0706]},"properties":{"udise":"22153301902","name":"GOVT UPS KUMARPARA","state":"CHHATTISGARH","district":"BASTER","block":"JAGDALPUR","indicator":"no_girls_toilet"}},{"type":"Feature","geometry":{"type":"Point","coordinates":[81.6819,19.1786]},"properties":{"udise":"22152415101","name":"GOVT. PS. INDIRABHATHI","state":"CHHATTISGARH","district":"BASTER","block":"LOHANDIGUDA","indicator":"no_girls_toilet"}},{"type":"Feature","geometry":{"type":"Point","coordinates":[82.0339,19.0528]},"properties":{"udise":"22153306001","name":"GOVT PS JANPAD HATKACHORA","state":"CHHATTISGARH","district":"BASTER","block":"JAGDALPUR","indicator":"no_girls_toilet"}},{"type":"Feature","geometry":{"type":"Point","coordinates":[81.9236,19.1097]},"properties":{"udise":"22152311204","name":"GOVT PS BANDAPARA KURENGA","state":"CHHATTISGARH","district":"BASTER","block":"TOKAPAL","indicator":"no_girls_toilet"}},{"type":"Feature","geometry":{"type":"Point","coordinates":[82.1611,19.3381]},"properties":{"udise":"22152909607","name":"GOVT. HIGHER SECONDARY SCHOOL JAITGIRI","state":"CHHATTISGARH","district":"BASTER","block":"BAKAWAND","indicator":"no_girls_toilet"}},{"type":"Feature","geometry":{"type":"Point","coordinates":[81.4958,18.9597]},"properties":{"udise":"22153000102","name":"GOVT.PS KUMHARSADRA","state":"CHHATTISGARH","district":"BASTER","block":"BASTANAR","indicator":"no_girls_toilet"}},{"type":"Feature","geometry":{"type":"Point","coordinates":[82.0019,19.4825]},"properties":{"udise":"22152912404","name":"GOVT. MS  SATOSHA","state":"CHHATTISGARH","district":"BASTER","block":"BAKAWAND","indicator":"no_girls_toilet"}},{"type":"Feature","geometry":{"type":"Point","coordinates":[81.95553,19.24554]},"properties":{"udise":"22152913904","name":"GOVT. HS CHHINDGAON","state":"CHHATTISGARH","district":"BASTER","block":"BAKAWAND","indicator":"no_girls_toilet"}},{"type":"Feature","geometry":{"type":"Point","coordinates":[82.07,19.4372]},"properties":{"udise":"22152913321","name":"GOVT PS TALPARA MAILBEDA","state":"CHHATTISGARH","district":"BASTER","block":"BAKAWAND","indicator":"no_girls_toilet"}},{"type":"Feature","geometry":{"type":"Point","coordinates":[81.51,18.9978]},"properties":{"udise":"22153005604","name":"GOVT.UPS KORANGALI","state":"CHHATTISGARH","district":"BASTER","block":"BASTANAR","indicator":"no_girls_toilet"}},{"type":"Feature","geometry":{"type":"Point","coordinates":[81.7769,18.8808]},"properties":{"udise":"22150405003","name":"GOVT. PS PEDAPARA","state":"CHHATTISGARH","district":"BASTER","block":"DARBHA","indicator":"no_girls_toilet"}},{"type":"Feature","geometry":{"type":"Point","coordinates":[81.9689,19.0236]},"properties":{"udise":"22152312302","name":"GOVT UPS BURUNGPAL","state":"CHHATTISGARH","district":"BASTER","block":"TOKAPAL","indicator":"no_girls_toilet"}},{"type":"Feature","geometry":{"type":"Point","coordinates":[81.8739,19.3478]},"properties":{"udise":"22151710304","name":"GOVT PS KODRIPARA","state":"CHHATTISGARH","district":"BASTER","block":"BASTAR","indicator":"no_girls_toilet"}},{"type":"Feature","geometry":{"type":"Point","coordinates":[81.7378,19.0856]},"properties":{"udise":"22152408701","name":"GOVT. P.S. CHINDBAHAR","state":"CHHATTISGARH","district":"BASTER","block":"LOHANDIGUDA","indicator":"no_girls_toilet"}},{"type":"Feature","geometry":{"type":"Point","coordinates":[81.6378,18.8642]},"properties":{"udise":"22153003909","name":"GOVT UPS KUCHEPAL","state":"CHHATTISGARH","district":"BASTER","block":"BASTANAR","indicator":"no_girls_toilet"}},{"type":"Feature","geometry":{"type":"Point","coordinates":[81.5458,19.1858]},"properties":{"udise":"22152406107","name":"GOVT. UPS. KAREKOTE","state":"CHHATTISGARH","district":"BASTER","block":"LOHANDIGUDA","indicator":"no_girls_toilet"}},{"type":"Feature","geometry":{"type":"Point","coordinates":[81.7586,19.2222]},"properties":{"udise":"22151704305","name":"GOVT UPS AMADONGRI","state":"CHHATTISGARH","district":"BASTER","block":"BASTAR","indicator":"no_girls_toilet"}},{"type":"Feature","geometry":{"type":"Point","coordinates":[81.6478,19.26]},"properties":{"udise":"22151708201","name":"GOVT PS CHOTEBADRENGA","state":"CHHATTISGARH","district":"BASTER","block":"BASTAR","indicator":"no_girls_toilet"}},{"type":"Feature","geometry":{"type":"Point","coordinates":[82.125,19.2353]},"properties":{"udise":"22152901101","name":"GOVT. PRIMARY SCHOOL DABGUDA","state":"CHHATTISGARH","district":"BASTER","block":"BAKAWAND","indicator":"no_girls_toilet"}},{"type":"Feature","geometry":{"type":"Point","coordinates":[81.8525,19.0186]},"properties":{"udise":"22152306601","name":"GOVT PS TELANGAARAPUR","state":"CHHATTISGARH","district":"BASTER","block":"TOKAPAL","indicator":"no_girls_toilet"}},{"type":"Feature","geometry":{"type":"Point","coordinates":[81.80104,18.98439]},"properties":{"udise":"22150406213","name":"GOVT. HIGHER SECONDARY SCHOOL DHODHAREPAL","state":"CHHATTISGARH","district":"BASTER","block":"DARBHA","indicator":"no_girls_toilet"}},{"type":"Feature","geometry":{"type":"Point","coordinates":[82.0656,19.3842]},"properties":{"udise":"22152909705","name":"GOVT. NAVEEN PS DURKATHONGA","state":"CHHATTISGARH","district":"BASTER","block":"BAKAWAND","indicator":"no_girls_toilet"}},{"type":"Feature","geometry":{"type":"Point","coordinates":[82.0664,19.1364]},"properties":{"udise":"22152922501","name":"GOVT PRIMARI SCHOOL ONDARGUDA","state":"CHHATTISGARH","district":"BASTER","block":"BAKAWAND","indicator":"no_girls_toilet"}},{"type":"Feature","geometry":{"type":"Point","coordinates":[81.6878,19.0639]},"properties":{"udise":"22152409502","name":"GOVT. PS. RICHAPARA ALNAR","state":"CHHATTISGARH","district":"BASTER","block":"LOHANDIGUDA","indicator":"no_girls_toilet"}},{"type":"Feature","geometry":{"type":"Point","coordinates":[82.0239,19.0728]},"properties":{"udise":"22153311703","name":"GOVT UPS DONGA GHAT","state":"CHHATTISGARH","district":"BASTER","block":"JAGDALPUR","indicator":"no_girls_toilet"}},{"type":"Feature","geometry":{"type":"Point","coordinates":[81.5747,19.0578]},"properties":{"udise":"22153003801","name":"KANYA AAHRAM MUTANPAL","state":"CHHATTISGARH","district":"BASTER","block":"BASTANAR","indicator":"no_girls_toilet"}},{"type":"Feature","geometry":{"type":"Point","coordinates":[81.8383,19.2256]},"properties":{"udise":"22151702806","name":"GOVT UPS KHADKA","state":"CHHATTISGARH","district":"BASTER","block":"BASTAR","indicator":"no_girls_toilet"}},{"type":"Feature","geometry":{"type":"Point","coordinates":[81.3822,19.2586]},"properties":{"udise":"22152408902","name":"GOVT. UPS TETAM","state":"CHHATTISGARH","district":"BASTER","block":"LOHANDIGUDA","indicator":"no_girls_toilet"}},{"type":"Feature","geometry":{"type":"Point","coordinates":[81.8525,19.0186]},"properties":{"udise":"22152306704","name":"GOVT PS MUNDAPARA BADEARAPUR","state":"CHHATTISGARH","district":"BASTER","block":"TOKAPAL","indicator":"no_girls_toilet"}},{"type":"Feature","geometry":{"type":"Point","coordinates":[82.0367,19.0886]},"properties":{"udise":"22153302601","name":"GOVT PS BHAGATSINGH","state":"CHHATTISGARH","district":"BASTER","block":"JAGDALPUR","indicator":"no_girls_toilet"}},{"type":"Feature","geometry":{"type":"Point","coordinates":[82.0367,19.0586]},"properties":{"udise":"22153322101","name":"GOVT PS  AWASPLOT KARKAPAL","state":"CHHATTISGARH","district":"BASTER","block":"JAGDALPUR","indicator":"no_girls_toilet"}},{"type":"Feature","geometry":{"type":"Point","coordinates":[82.0214,19.2072]},"properties":{"udise":"22152902002","name":"GOVT. PS PANDANAR","state":"CHHATTISGARH","district":"BASTER","block":"BAKAWAND","indicator":"no_girls_toilet"}},{"type":"Feature","geometry":{"type":"Point","coordinates":[81.8272,19.3931]},"properties":{"udise":"22151709303","name":"GOVT PS NAYAPARA","state":"CHHATTISGARH","district":"BASTER","block":"BASTAR","indicator":"no_girls_toilet"}},{"type":"Feature","geometry":{"type":"Point","coordinates":[81.8828,18.8828]},"properties":{"udise":"22150407322","name":"GOVT. PS KARKA","state":"CHHATTISGARH","district":"BASTER","block":"DARBHA","indicator":"no_girls_toilet"}},{"type":"Feature","geometry":{"type":"Point","coordinates":[82.0133,18.7497]},"properties":{"udise":"22150403603","name":"GOVT. PS CHHINDGUR","state":"CHHATTISGARH","district":"BASTER","block":"DARBHA","indicator":"no_girls_toilet"}},{"type":"Feature","geometry":{"type":"Point","coordinates":[81.7056,19.2128]},"properties":{"udise":"22151708401","name":"GOVT PS DHABAMARI","state":"CHHATTISGARH","district":"BASTER","block":"BASTAR","indicator":"no_girls_toilet"}},{"type":"Feature","geometry":{"type":"Point","coordinates":[81.7664,19.2422]},"properties":{"udise":"22151703701","name":"GOVT MS GUNPUR","state":"CHHATTISGARH","district":"BASTER","block":"BASTAR","indicator":"no_girls_toilet"}},{"type":"Feature","geometry":{"type":"Point","coordinates":[81.8344,18.8725]},"properties":{"udise":"22150407307","name":"GOVT. PS KOYNAPARA","state":"CHHATTISGARH","district":"BASTER","block":"DARBHA","indicator":"no_girls_toilet"}},{"type":"Feature","geometry":{"type":"Point","coordinates":[81.95348,19.10713]},"properties":{"udise":"22151711224","name":"GOVT HS PHARSAPARA","state":"CHHATTISGARH","district":"BASTER","block":"BASTAR","indicator":"no_girls_toilet"}},{"type":"Feature","geometry":{"type":"Point","coordinates":[81.49,18.9569]},"properties":{"udise":"22153001602","name":"GOVT.P S KORANGALI","state":"CHHATTISGARH","district":"BASTER","block":"BASTANAR","indicator":"no_girls_toilet"}},{"type":"Feature","geometry":{"type":"Point","coordinates":[81.7331,19.1622]},"properties":{"udise":"22152409602","name":"GOVT. UPS. BADEDHARAUR","state":"CHHATTISGARH","district":"BASTER","block":"LOHANDIGUDA","indicator":"no_girls_toilet"}},{"type":"Feature","geometry":{"type":"Point","coordinates":[81.9017,18.855]},"properties":{"udise":"22150400603","name":"GOVT. MS DHUDMARAS","state":"CHHATTISGARH","district":"BASTER","block":"DARBHA","indicator":"no_girls_toilet"}},{"type":"Feature","geometry":{"type":"Point","coordinates":[82.0172,19.3678]},"properties":{"udise":"22152906002","name":"GOVT. AJKV MS SANWRA","state":"CHHATTISGARH","district":"BASTER","block":"BAKAWAND","indicator":"no_girls_toilet"}},{"type":"Feature","geometry":{"type":"Point","coordinates":[81.3822,19.2586]},"properties":{"udise":"22152408202","name":"GOVT. UPS.  BODALI","state":"CHHATTISGARH","district":"BASTER","block":"LOHANDIGUDA","indicator":"no_girls_toilet"}},{"type":"Feature","geometry":{"type":"Point","coordinates":[81.9342,19.1228]},"properties":{"udise":"22151703501","name":"GOVT PS GHATKAWALI TWD","state":"CHHATTISGARH","district":"BASTER","block":"BASTAR","indicator":"no_girls_toilet"}},{"type":"Feature","geometry":{"type":"Point","coordinates":[81.8356,19.3575]},"properties":{"udise":"22151709102","name":"GOVT PS BODANPAL","state":"CHHATTISGARH","district":"BASTER","block":"BASTAR","indicator":"no_girls_toilet"}},{"type":"Feature","geometry":{"type":"Point","coordinates":[81.3819,19.2489]},"properties":{"udise":"22152402001","name":"GOVT. PS. BODALI","state":"CHHATTISGARH","district":"BASTER","block":"LOHANDIGUDA","indicator":"no_girls_toilet"}},{"type":"Feature","geometry":{"type":"Point","coordinates":[81.6258,19.1672]},"properties":{"udise":"22152404508","name":"GOVT. U.P.S. HATHIDARAHA","state":"CHHATTISGARH","district":"BASTER","block":"LOHANDIGUDA","indicator":"no_girls_toilet"}},{"type":"Feature","geometry":{"type":"Point","coordinates":[81.6736,19.3331]},"properties":{"udise":"22151702502","name":"GOVT PS MARIPARA CHERAKUR","state":"CHHATTISGARH","district":"BASTER","block":"BASTAR","indicator":"no_girls_toilet"}},{"type":"Feature","geometry":{"type":"Point","coordinates":[82.1225,19.085]},"properties":{"udise":"22153305207","name":"GOVT PS NADIBODNA","state":"CHHATTISGARH","district":"BASTER","block":"JAGDALPUR","indicator":"no_girls_toilet"}},{"type":"Feature","geometry":{"type":"Point","coordinates":[81.8031,18.9192]},"properties":{"udise":"22150407018","name":"GOVT. PS MUNGA","state":"CHHATTISGARH","district":"BASTER","block":"DARBHA","indicator":"no_girls_toilet"}},{"type":"Feature","geometry":{"type":"Point","coordinates":[81.6136,19.1419]},"properties":{"udise":"22152404503","name":"GOVT.P.S.BALAK ASHARM SHALA MARDUM","state":"CHHATTISGARH","district":"BASTER","block":"LOHANDIGUDA","indicator":"no_girls_toilet"}},{"type":"Feature","geometry":{"type":"Point","coordinates":[81.5842,19.0144]},"properties":{"udise":"22153004002","name":"GOVT.PS PUJARIPARA LALAGUDA","state":"CHHATTISGARH","district":"BASTER","block":"BASTANAR","indicator":"no_girls_toilet"}},{"type":"Feature","geometry":{"type":"Point","coordinates":[82.0039,19.3539]},"properties":{"udise":"22152906101","name":"GOVT. JANPAD PRIMARY SCHOOL AMADULA","state":"CHHATTISGARH","district":"BASTER","block":"BAKAWAND","indicator":"no_girls_toilet"}},{"type":"Feature","geometry":{"type":"Point","coordinates":[81.8467,18.9558]},"properties":{"udise":"22150402406","name":"GOVT. PS ASHRAM SHALA MAHAKAPAL","state":"CHHATTISGARH","district":"BASTER","block":"DARBHA","indicator":"no_girls_toilet"}},{"type":"Feature","geometry":{"type":"Point","coordinates":[81.8186,19.1411]},"properties":{"udise":"22152410001","name":"GOVT MS SCHOOL TAKRAGUDA","state":"CHHATTISGARH","district":"BASTER","block":"LOHANDIGUDA","indicator":"no_girls_toilet"}},{"type":"Feature","geometry":{"type":"Point","coordinates":[81.6306,19.0486]},"properties":{"udise":"22152410601","name":"GOVT. PS. PATELPARA ANJAR","state":"CHHATTISGARH","district":"BASTER","block":"LOHANDIGUDA","indicator":"no_girls_toilet"}},{"type":"Feature","geometry":{"type":"Point","coordinates":[81.6108,19.1978]},"properties":{"udise":"22152401601","name":"GOVT. PS. KORLI","state":"CHHATTISGARH","district":"BASTER","block":"LOHANDIGUDA","indicator":"no_girls_toilet"}},{"type":"Feature","geometry":{"type":"Point","coordinates":[82.0478,19.27]},"properties":{"udise":"22152916406","name":"GOVT PRIMARY SCHOOL KATACHEPDA","state":"CHHATTISGARH","district":"BASTER","block":"BAKAWAND","indicator":"no_girls_toilet"}},{"type":"Feature","geometry":{"type":"Point","coordinates":[81.9361,19.20551]},"properties":{"udise":"22153304605","name":"GOVT HIGHER SECONDARY  SCHOOL HATGUDA","state":"CHHATTISGARH","district":"BASTER","block":"JAGDALPUR","indicator":"no_girls_toilet"}},{"type":"Feature","geometry":{"type":"Point","coordinates":[82.1044,19.235]},"properties":{"udise":"22152900904","name":"GOVT. AWASPARA KOSHMI","state":"CHHATTISGARH","district":"BASTER","block":"BAKAWAND","indicator":"no_girls_toilet"}},{"type":"Feature","geometry":{"type":"Point","coordinates":[81.6981,19.1353]},"properties":{"udise":"22152413301","name":"GOVT. P.S. DENGAPARA PARAPUR","state":"CHHATTISGARH","district":"BASTER","block":"LOHANDIGUDA","indicator":"no_girls_toilet"}},{"type":"Feature","geometry":{"type":"Point","coordinates":[81.4531,19.2086]},"properties":{"udise":"22152408901","name":"GOVT. PS.  TETAM","state":"CHHATTISGARH","district":"BASTER","block":"LOHANDIGUDA","indicator":"no_girls_toilet"}},{"type":"Feature","geometry":{"type":"Point","coordinates":[81.9453,19.2783]},"properties":{"udise":"22151706004","name":"GOVT UPS BHADUGUDA ICHCHAPUR","state":"CHHATTISGARH","district":"BASTER","block":"BASTAR","indicator":"no_girls_toilet"}},{"type":"Feature","geometry":{"type":"Point","coordinates":[82.02721,19.21968]},"properties":{"udise":"22152911805","name":"GOVT. HS BORIGAON","state":"CHHATTISGARH","district":"BASTER","block":"BAKAWAND","indicator":"no_girls_toilet"}},{"type":"Feature","geometry":{"type":"Point","coordinates":[81.7525,18.9783]},"properties":{"udise":"22150400109","name":"GOVT. PS DENGA AMAPARA","state":"CHHATTISGARH","district":"BASTER","block":"DARBHA","indicator":"no_girls_toilet"}},{"type":"Feature","geometry":{"type":"Point","coordinates":[81.7983,19.1778]},"properties":{"udise":"22152403002","name":"GOVT. PS. CHENDIPARA  BADANJI","state":"CHHATTISGARH","district":"BASTER","block":"LOHANDIGUDA","indicator":"no_girls_toilet"}},{"type":"Feature","geometry":{"type":"Point","coordinates":[81.9586,19.0186]},"properties":{"udise":"22150407901","name":"GOVT. PS RAGAPARA","state":"CHHATTISGARH","district":"BASTER","block":"DARBHA","indicator":"no_girls_toilet"}},{"type":"Feature","geometry":{"type":"Point","coordinates":[82.0314,19.0464]},"properties":{"udise":"22153306201","name":"GOVT PS LAMNI","state":"CHHATTISGARH","district":"BASTER","block":"JAGDALPUR","indicator":"no_girls_toilet"}},{"type":"Feature","geometry":{"type":"Point","coordinates":[81.9128,19.1928]},"properties":{"udise":"22151706505","name":"GOVT UPS BHURSUNDI","state":"CHHATTISGARH","district":"BASTER","block":"BASTAR","indicator":"no_girls_toilet"}},{"type":"Feature","geometry":{"type":"Point","coordinates":[81.5831,19.015]},"properties":{"udise":"22153004109","name":"GOVT.PS DONGRIPARA","state":"CHHATTISGARH","district":"BASTER","block":"BASTANAR","indicator":"no_girls_toilet"}},{"type":"Feature","geometry":{"type":"Point","coordinates":[81.7625,18.8522]},"properties":{"udise":"22150407021","name":"GOVT. PS DURDAKONTA","state":"CHHATTISGARH","district":"BASTER","block":"DARBHA","indicator":"no_girls_toilet"}},{"type":"Feature","geometry":{"type":"Point","coordinates":[81.9733,19.245]},"properties":{"udise":"22151706103","name":"GOVT PS AAMAGUDA SEONI","state":"CHHATTISGARH","district":"BASTER","block":"BASTAR","indicator":"no_girls_toilet"}},{"type":"Feature","geometry":{"type":"Point","coordinates":[82.0497,19.2339]},"properties":{"udise":"22152901702","name":"GOVT. P.S. KHAMESARIPARA","state":"CHHATTISGARH","district":"BASTER","block":"BAKAWAND","indicator":"no_girls_toilet"}},{"type":"Feature","geometry":{"type":"Point","coordinates":[81.7692,19.1828]},"properties":{"udise":"22152402402","name":"GOVT. UPS. KODEBEDA","state":"CHHATTISGARH","district":"BASTER","block":"LOHANDIGUDA","indicator":"no_girls_toilet"}},{"type":"Feature","geometry":{"type":"Point","coordinates":[82.0636,19.0711]},"properties":{"udise":"22153304702","name":"GOVT UPS BABU SEMRA","state":"CHHATTISGARH","district":"BASTER","block":"JAGDALPUR","indicator":"no_girls_toilet"}},{"type":"Feature","geometry":{"type":"Point","coordinates":[82.1206,19.1247]},"properties":{"udise":"22153307101","name":"GOVT PS RAMPAL","state":"CHHATTISGARH","district":"BASTER","block":"JAGDALPUR","indicator":"no_girls_toilet"}},{"type":"Feature","geometry":{"type":"Point","coordinates":[81.8708,19.2819]},"properties":{"udise":"22151702002","name":"GOVT PS CHENDIPARA","state":"CHHATTISGARH","district":"BASTER","block":"BASTAR","indicator":"no_girls_toilet"}},{"type":"Feature","geometry":{"type":"Point","coordinates":[81.7997,19.2397]},"properties":{"udise":"22151704101","name":"GOVT PS RAJPUR","state":"CHHATTISGARH","district":"BASTER","block":"BASTAR","indicator":"no_girls_toilet"}},{"type":"Feature","geometry":{"type":"Point","coordinates":[81.6383,18.8717]},"properties":{"udise":"22153003904","name":"GOVT.UPS KARKAPARA KAKLUR","state":"CHHATTISGARH","district":"BASTER","block":"BASTANAR","indicator":"no_girls_toilet"}},{"type":"Feature","geometry":{"type":"Point","coordinates":[82.0222,19.0956]},"properties":{"udise":"22153309202","name":"GOVT PS KRISHNA MANDIR","state":"CHHATTISGARH","district":"BASTER","block":"JAGDALPUR","indicator":"no_girls_toilet"}},{"type":"Feature","geometry":{"type":"Point","coordinates":[81.7878,19.2914]},"properties":{"udise":"22151708506","name":"GOVT PS KHARIYAPARA","state":"CHHATTISGARH","district":"BASTER","block":"BASTAR","indicator":"no_girls_toilet"}},{"type":"Feature","geometry":{"type":"Point","coordinates":[82.15269,19.26158]},"properties":{"udise":"22152907904","name":"GOVT HIGH BADE DEVADA","state":"CHHATTISGARH","district":"BASTER","block":"BAKAWAND","indicator":"no_girls_toilet"}},{"type":"Feature","geometry":{"type":"Point","coordinates":[81.5283,19.2208]},"properties":{"udise":"22152405902","name":"GOVT. PS. KOSAMGUDA KAKNAR","state":"CHHATTISGARH","district":"BASTER","block":"LOHANDIGUDA","indicator":"no_girls_toilet"}},{"type":"Feature","geometry":{"type":"Point","coordinates":[81.6281,19.1644]},"properties":{"udise":"22152404505","name":"GOVT. P.S. HATHIDRAHA","state":"CHHATTISGARH","district":"BASTER","block":"LOHANDIGUDA","indicator":"no_girls_toilet"}},{"type":"Feature","geometry":{"type":"Point","coordinates":[81.3822,19.2586]},"properties":{"udise":"22152409401","name":"GOVT .PS. SALEPAL","state":"CHHATTISGARH","district":"BASTER","block":"LOHANDIGUDA","indicator":"no_girls_toilet"}},{"type":"Feature","geometry":{"type":"Point","coordinates":[82.0936,19.3447]},"properties":{"udise":"22152908201","name":"GOVT PRIMARY SCHOOL NARAWAND","state":"CHHATTISGARH","district":"BASTER","block":"BAKAWAND","indicator":"no_girls_toilet"}},{"type":"Feature","geometry":{"type":"Point","coordinates":[81.8069,19.1361]},"properties":{"udise":"22152312301","name":"GOVT PS  BANDAPARA TUMPANI","state":"CHHATTISGARH","district":"BASTER","block":"TOKAPAL","indicator":"no_girls_toilet"}},{"type":"Feature","geometry":{"type":"Point","coordinates":[81.7875,19.2242]},"properties":{"udise":"22151703301","name":"GOVT PS ROTMAPARA MADHOTA","state":"CHHATTISGARH","district":"BASTER","block":"BASTAR","indicator":"no_girls_toilet"}},{"type":"Feature","geometry":{"type":"Point","coordinates":[82.0497,19.2339]},"properties":{"udise":"22152907203","name":"GOVT MIDDLE SCHOOL KHEMESHWARI PARA","state":"CHHATTISGARH","district":"BASTER","block":"BAKAWAND","indicator":"no_girls_toilet"}},{"type":"Feature","geometry":{"type":"Point","coordinates":[81.9256,19.2864]},"properties":{"udise":"22151707805","name":"GOVT PS BHOND","state":"CHHATTISGARH","district":"BASTER","block":"BASTAR","indicator":"no_girls_toilet"}},{"type":"Feature","geometry":{"type":"Point","coordinates":[82.0378,18.7697]},"properties":{"udise":"22150407110","name":"GOVT. PS URUKPAL","state":"CHHATTISGARH","district":"BASTER","block":"DARBHA","indicator":"no_girls_toilet"}},{"type":"Feature","geometry":{"type":"Point","coordinates":[82.1372,19.2422]},"properties":{"udise":"22152903701","name":"GOVT. PRIMARY SCHOOL JHITKAGUDA","state":"CHHATTISGARH","district":"BASTER","block":"BAKAWAND","indicator":"no_girls_toilet"}},{"type":"Feature","geometry":{"type":"Point","coordinates":[82.0247,19.0908]},"properties":{"udise":"22153308611","name":"GOVT. INDRA GANDHI GIRLS PRIMARY SCHOOL","state":"CHHATTISGARH","district":"BASTER","block":"JAGDALPUR","indicator":"no_girls_toilet"}},{"type":"Feature","geometry":{"type":"Point","coordinates":[81.925,19.1622]},"properties":{"udise":"22151706404","name":"GOVT PS NARANPAL","state":"CHHATTISGARH","district":"BASTER","block":"BASTAR","indicator":"no_girls_toilet"}},{"type":"Feature","geometry":{"type":"Point","coordinates":[81.7483,19.2567]},"properties":{"udise":"22151703404","name":"GOVT PS GOTIGUDA","state":"CHHATTISGARH","district":"BASTER","block":"BASTAR","indicator":"no_girls_toilet"}},{"type":"Feature","geometry":{"type":"Point","coordinates":[82.0125,19.1556]},"properties":{"udise":"22152904704","name":"GOVT. PS BORIPADAR","state":"CHHATTISGARH","district":"BASTER","block":"BAKAWAND","indicator":"no_girls_toilet"}},{"type":"Feature","geometry":{"type":"Point","coordinates":[81.8322,19.2908]},"properties":{"udise":"22151709804","name":"GOVT UPS CHAMIYA","state":"CHHATTISGARH","district":"BASTER","block":"BASTAR","indicator":"no_girls_toilet"}},{"type":"Feature","geometry":{"type":"Point","coordinates":[81.7831,19.1356]},"properties":{"udise":"22152412601","name":"GOVT. P.S. BAGHANPAL","state":"CHHATTISGARH","district":"BASTER","block":"LOHANDIGUDA","indicator":"no_girls_toilet"}},{"type":"Feature","geometry":{"type":"Point","coordinates":[81.6692,19.0972]},"properties":{"udise":"22152414001","name":"GOVT. UPS. PODAMIPARA ERMUR","state":"CHHATTISGARH","district":"BASTER","block":"LOHANDIGUDA","indicator":"no_girls_toilet"}},{"type":"Feature","geometry":{"type":"Point","coordinates":[82.0297,19.0442]},"properties":{"udise":"22153303101","name":"GOVT PS NAVEEN NIYANAR","state":"CHHATTISGARH","district":"BASTER","block":"JAGDALPUR","indicator":"no_girls_toilet"}},{"type":"Feature","geometry":{"type":"Point","coordinates":[82.16,19.1556]},"properties":{"udise":"22152916001","name":"GOVT. NPS BELGAON PARA TARAPUR","state":"CHHATTISGARH","district":"BASTER","block":"BAKAWAND","indicator":"no_girls_toilet"}},{"type":"Feature","geometry":{"type":"Point","coordinates":[81.6978,18.8825]},"properties":{"udise":"22150406821","name":"GOVT. PS LINGAPARA","state":"CHHATTISGARH","district":"BASTER","block":"DARBHA","indicator":"no_girls_toilet"}},{"type":"Feature","geometry":{"type":"Point","coordinates":[81.9422,19.0094]},"properties":{"udise":"22152303901","name":"GOVT PS  KALEPALTELIMARENGA","state":"CHHATTISGARH","district":"BASTER","block":"TOKAPAL","indicator":"no_girls_toilet"}},{"type":"Feature","geometry":{"type":"Point","coordinates":[81.885,19.0392]},"properties":{"udise":"22152303103","name":"GOVT UPS  ARRAKOT","state":"CHHATTISGARH","district":"BASTER","block":"TOKAPAL","indicator":"no_girls_toilet"}},{"type":"Feature","geometry":{"type":"Point","coordinates":[82.06909,18.95947]},"properties":{"udise":"22153302611","name":"PVT PS SAKSHI KIDS JAGDALPUR","state":"CHHATTISGARH","district":"BASTER","block":"JAGDALPUR","indicator":"no_girls_toilet"}},{"type":"Feature","geometry":{"type":"Point","coordinates":[82.0758,19.1206]},"properties":{"udise":"22153315003","name":"GOVT PS TURENAR","state":"CHHATTISGARH","district":"BASTER","block":"JAGDALPUR","indicator":"no_girls_toilet"}},{"type":"Feature","geometry":{"type":"Point","coordinates":[81.7556,19.1058]},"properties":{"udise":"22152412702","name":"GOVT. U.P.S. BAGHANPAL","state":"CHHATTISGARH","district":"BASTER","block":"LOHANDIGUDA","indicator":"no_girls_toilet"}},{"type":"Feature","geometry":{"type":"Point","coordinates":[81.9533,19.1111]},"properties":{"udise":"22151703505","name":"GOVT PS KHALEPARA","state":"CHHATTISGARH","district":"BASTER","block":"BASTAR","indicator":"no_girls_toilet"}},{"type":"Feature","geometry":{"type":"Point","coordinates":[81.6258,19.1672]},"properties":{"udise":"22152404515","name":"GOVT. P.S. KARLAKONTA MARDUM","state":"CHHATTISGARH","district":"BASTER","block":"LOHANDIGUDA","indicator":"no_girls_toilet"}},{"type":"Feature","geometry":{"type":"Point","coordinates":[82.0658,19.3828]},"properties":{"udise":"22152920301","name":"GOVT PRIMARY SCHOOL SIDAWAND","state":"CHHATTISGARH","district":"BASTER","block":"BAKAWAND","indicator":"no_girls_toilet"}},{"type":"Feature","geometry":{"type":"Point","coordinates":[81.8925,18.9528]},"properties":{"udise":"22150405302","name":"GOVT. PS MANGNAR","state":"CHHATTISGARH","district":"BASTER","block":"DARBHA","indicator":"no_girls_toilet"}},{"type":"Feature","geometry":{"type":"Point","coordinates":[81.73,19.1594]},"properties":{"udise":"22152411201","name":"GOVT.PS GANGOPARA EIWAR","state":"CHHATTISGARH","district":"BASTER","block":"LOHANDIGUDA","indicator":"no_girls_toilet"}},{"type":"Feature","geometry":{"type":"Point","coordinates":[81.9006,19.3808]},"properties":{"udise":"22151710606","name":"GOVT PS MURUMBHATA TURPURA","state":"CHHATTISGARH","district":"BASTER","block":"BASTAR","indicator":"no_girls_toilet"}},{"type":"Feature","geometry":{"type":"Point","coordinates":[82.0569,19.0475]},"properties":{"udise":"22153302403","name":"GOVT PS BILORI","state":"CHHATTISGARH","district":"BASTER","block":"JAGDALPUR","indicator":"no_girls_toilet"}},{"type":"Feature","geometry":{"type":"Point","coordinates":[81.9164,19.0144]},"properties":{"udise":"22152312601","name":"GOVT PS METAWADA","state":"CHHATTISGARH","district":"BASTER","block":"TOKAPAL","indicator":"no_girls_toilet"}},{"type":"Feature","geometry":{"type":"Point","coordinates":[81.5292,19.0253]},"properties":{"udise":"22153003602","name":"GOVT.PS DOKAM","state":"CHHATTISGARH","district":"BASTER","block":"BASTANAR","indicator":"no_girls_toilet"}},{"type":"Feature","geometry":{"type":"Point","coordinates":[81.6497,18.8953]},"properties":{"udise":"22153005802","name":"GOVT.BALAK  ASHRAM SALA SADRABODENAR","state":"CHHATTISGARH","district":"BASTER","block":"BASTANAR","indicator":"no_girls_toilet"}},{"type":"Feature","geometry":{"type":"Point","coordinates":[81.8836,19.2978]},"properties":{"udise":"22151701606","name":"GOVT UPS MARIPARA CHAPKA","state":"CHHATTISGARH","district":"BASTER","block":"BASTAR","indicator":"no_girls_toilet"}},{"type":"Feature","geometry":{"type":"Point","coordinates":[81.9119,19.1881]},"properties":{"udise":"22151706503","name":"GOVT PS SADHUPARA","state":"CHHATTISGARH","district":"BASTER","block":"BASTAR","indicator":"no_girls_toilet"}},{"type":"Feature","geometry":{"type":"Point","coordinates":[82.1492,19.1517]},"properties":{"udise":"22152909402","name":"GOVT.  PRIMRY SCHOOL BANIYAGAON","state":"CHHATTISGARH","district":"BASTER","block":"BAKAWAND","indicator":"no_girls_toilet"}},{"type":"Feature","geometry":{"type":"Point","coordinates":[81.6456,19.1528]},"properties":{"udise":"22152407202","name":"GOVT. PS. CHOTEGUMIYAPAL","state":"CHHATTISGARH","district":"BASTER","block":"LOHANDIGUDA","indicator":"no_girls_toilet"}},{"type":"Feature","geometry":{"type":"Point","coordinates":[82.0375,18.9603]},"properties":{"udise":"22153307501","name":"GOVT PS MANJHIGUDA","state":"CHHATTISGARH","district":"BASTER","block":"JAGDALPUR","indicator":"no_girls_toilet"}},{"type":"Feature","geometry":{"type":"Point","coordinates":[81.685,19.0683]},"properties":{"udise":"22152409505","name":"GOVT. UPS  ALNAR","state":"CHHATTISGARH","district":"BASTER","block":"LOHANDIGUDA","indicator":"no_girls_toilet"}},{"type":"Feature","geometry":{"type":"Point","coordinates":[81.72,18.9517]},"properties":{"udise":"22153007402","name":"GOVT UPS GORIYAPAL","state":"CHHATTISGARH","district":"BASTER","block":"BASTANAR","indicator":"no_girls_toilet"}},{"type":"Feature","geometry":{"type":"Point","coordinates":[82.15445,19.26372]},"properties":{"udise":"22152906203","name":"GOVT. HIGH SCHOOL TONGKONGERA","state":"CHHATTISGARH","district":"BASTER","block":"BAKAWAND","indicator":"no_girls_toilet"}},{"type":"Feature","geometry":{"type":"Point","coordinates":[82.0675,19.3331]},"properties":{"udise":"22152917802","name":"GOVT. PS NAVIN SONPUR","state":"CHHATTISGARH","district":"BASTER","block":"BAKAWAND","indicator":"no_girls_toilet"}},{"type":"Feature","geometry":{"type":"Point","coordinates":[82.0133,19.3042]},"properties":{"udise":"22152908801","name":"GOVT. PRIMARY SCHOOL GOTIGUDA","state":"CHHATTISGARH","district":"BASTER","block":"BAKAWAND","indicator":"no_girls_toilet"}},{"type":"Feature","geometry":{"type":"Point","coordinates":[81.795,18.8953]},"properties":{"udise":"22150404902","name":"GOVT. PS MAMADPAL","state":"CHHATTISGARH","district":"BASTER","block":"DARBHA","indicator":"no_girls_toilet"}},{"type":"Feature","geometry":{"type":"Point","coordinates":[81.9522,19.1161]},"properties":{"udise":"22151707406","name":"GOVT PS KUDKANAR","state":"CHHATTISGARH","district":"BASTER","block":"BASTAR","indicator":"no_girls_toilet"}},{"type":"Feature","geometry":{"type":"Point","coordinates":[81.8081,18.9611]},"properties":{"udise":"22152300415","name":"GOVT PS BURUNGPAL SANDHIPARA","state":"CHHATTISGARH","district":"BASTER","block":"TOKAPAL","indicator":"no_girls_toilet"}},{"type":"Feature","geometry":{"type":"Point","coordinates":[81.7592,18.8664]},"properties":{"udise":"22150407019","name":"GOVT. PS BUDAAMAPARA","state":"CHHATTISGARH","district":"BASTER","block":"DARBHA","indicator":"no_girls_toilet"}},{"type":"Feature","geometry":{"type":"Point","coordinates":[81.9547,18.9794]},"properties":{"udise":"22150403806","name":"GOVT. MS CHHINDBAHAR","state":"CHHATTISGARH","district":"BASTER","block":"DARBHA","indicator":"no_girls_toilet"}},{"type":"Feature","geometry":{"type":"Point","coordinates":[81.8917,18.9431]},"properties":{"udise":"22150405308","name":"GOVT. PS BHATAGUDA","state":"CHHATTISGARH","district":"BASTER","block":"DARBHA","indicator":"no_girls_toilet"}},{"type":"Feature","geometry":{"type":"Point","coordinates":[81.7575,19.2644]},"properties":{"udise":"22151700303","name":"GOVT UPS MANJHIPARA KAWADGAON","state":"CHHATTISGARH","district":"BASTER","block":"BASTAR","indicator":"no_girls_toilet"}},{"type":"Feature","geometry":{"type":"Point","coordinates":[81.5728,18.975]},"properties":{"udise":"22153001001","name":"GOVT.PS SUKKOPARA BASTANAR","state":"CHHATTISGARH","district":"BASTER","block":"BASTANAR","indicator":"no_girls_toilet"}},{"type":"Feature","geometry":{"type":"Point","coordinates":[81.5736,19.06]},"properties":{"udise":"22153003808","name":"GOVT PS JANGALPARA KAWDIPADAR","state":"CHHATTISGARH","district":"BASTER","block":"BASTANAR","indicator":"no_girls_toilet"}},{"type":"Feature","geometry":{"type":"Point","coordinates":[82.0867,19.0361]},"properties":{"udise":"22153317901","name":"GOVT PS SURANGIYAPARA","state":"CHHATTISGARH","district":"BASTER","block":"JAGDALPUR","indicator":"no_girls_toilet"}},{"type":"Feature","geometry":{"type":"Point","coordinates":[81.8872,19.3256]},"properties":{"udise":"22151703507","name":"GOVT PS FAFNI","state":"CHHATTISGARH","district":"BASTER","block":"BASTAR","indicator":"no_girls_toilet"}},{"type":"Feature","geometry":{"type":"Point","coordinates":[81.9789,19.4114]},"properties":{"udise":"22152914505","name":"GOVT. NPS ANWRABHATA","state":"CHHATTISGARH","district":"BASTER","block":"BAKAWAND","indicator":"no_girls_toilet"}},{"type":"Feature","geometry":{"type":"Point","coordinates":[82.0961,19.3269]},"properties":{"udise":"22152913304","name":"GOVT. PS DURKATHONGA SONPUR","state":"CHHATTISGARH","district":"BASTER","block":"BAKAWAND","indicator":"no_girls_toilet"}},{"type":"Feature","geometry":{"type":"Point","coordinates":[81.9253,19.2856]},"properties":{"udise":"22151703801","name":"GOVT PS CHEPDAPARA","state":"CHHATTISGARH","district":"BASTER","block":"BASTAR","indicator":"no_girls_toilet"}},{"type":"Feature","geometry":{"type":"Point","coordinates":[81.7547,19.225]},"properties":{"udise":"22151704302","name":"GOVT UPS GHOTIYA","state":"CHHATTISGARH","district":"BASTER","block":"BASTAR","indicator":"no_girls_toilet"}},{"type":"Feature","geometry":{"type":"Point","coordinates":[81.9489,19.2869]},"properties":{"udise":"22151705701","name":"GOVT PS BHALUGUDA","state":"CHHATTISGARH","district":"BASTER","block":"BASTAR","indicator":"no_girls_toilet"}},{"type":"Feature","geometry":{"type":"Point","coordinates":[81.5644,18.9556]},"properties":{"udise":"22153004501","name":"GOVT.PS.MASAPARA BODENAR","state":"CHHATTISGARH","district":"BASTER","block":"BASTANAR","indicator":"no_girls_toilet"}},{"type":"Feature","geometry":{"type":"Point","coordinates":[81.7653,19.2708]},"properties":{"udise":"22151703605","name":"GOVT PS SIRHAPARA","state":"CHHATTISGARH","district":"BASTER","block":"BASTAR","indicator":"no_girls_toilet"}},{"type":"Feature","geometry":{"type":"Point","coordinates":[81.5489,18.9497]},"properties":{"udise":"22153001801","name":"GOVT. PRIMARY SCHOOL RODDAPARA","state":"CHHATTISGARH","district":"BASTER","block":"BASTANAR","indicator":"no_girls_toilet"}},{"type":"Feature","geometry":{"type":"Point","coordinates":[81.7417,19.1947]},"properties":{"udise":"22151708704","name":"GOVT PS MANDIRPARA NARAYANPAL","state":"CHHATTISGARH","district":"BASTER","block":"BASTAR","indicator":"no_girls_toilet"}},{"type":"Feature","geometry":{"type":"Point","coordinates":[81.6136,19.1419]},"properties":{"udise":"22152404511","name":"GOVT.P.S. TODNAR","state":"CHHATTISGARH","district":"BASTER","block":"LOHANDIGUDA","indicator":"no_girls_toilet"}},{"type":"Feature","geometry":{"type":"Point","coordinates":[81.8844,19.2547]},"properties":{"udise":"22151710502","name":"GOVT UPS BHOND","state":"CHHATTISGARH","district":"BASTER","block":"BASTAR","indicator":"no_girls_toilet"}},{"type":"Feature","geometry":{"type":"Point","coordinates":[81.9453,19.2542]},"properties":{"udise":"22151711306","name":"GOVT PS MANJHIPARA","state":"CHHATTISGARH","district":"BASTER","block":"BASTAR","indicator":"no_girls_toilet"}},{"type":"Feature","geometry":{"type":"Point","coordinates":[81.9906,19.2439]},"properties":{"udise":"22151706302","name":"GOVT PS PALABAHAR","state":"CHHATTISGARH","district":"BASTER","block":"BASTAR","indicator":"no_girls_toilet"}},{"type":"Feature","geometry":{"type":"Point","coordinates":[81.9353,18.9258]},"properties":{"udise":"22150403804","name":"GOVT. PS LOHRAMUNDA","state":"CHHATTISGARH","district":"BASTER","block":"DARBHA","indicator":"no_girls_toilet"}},{"type":"Feature","geometry":{"type":"Point","coordinates":[81.5569,19.2231]},"properties":{"udise":"22152414301","name":"GOVT.UPS. CHANDELA","state":"CHHATTISGARH","district":"BASTER","block":"LOHANDIGUDA","indicator":"no_girls_toilet"}},{"type":"Feature","geometry":{"type":"Point","coordinates":[81.8383,18.9689]},"properties":{"udise":"22150406602","name":"GOVT. PS DHUMAGUDA","state":"CHHATTISGARH","district":"BASTER","block":"DARBHA","indicator":"no_girls_toilet"}},{"type":"Feature","geometry":{"type":"Point","coordinates":[81.4986,18.9419]},"properties":{"udise":"22153006002","name":"GOVT.PS.LITIPARA KANDOLI","state":"CHHATTISGARH","district":"BASTER","block":"BASTANAR","indicator":"no_girls_toilet"}},{"type":"Feature","geometry":{"type":"Point","coordinates":[82.0106,19.0175]},"properties":{"udise":"22153311201","name":"GOVT PS  DONGAM","state":"CHHATTISGARH","district":"BASTER","block":"JAGDALPUR","indicator":"no_girls_toilet"}},{"type":"Feature","geometry":{"type":"Point","coordinates":[82.1367,19.2681]},"properties":{"udise":"22152906703","name":"GOVT. UPS SHIVNAGUDA","state":"CHHATTISGARH","district":"BASTER","block":"BAKAWAND","indicator":"no_girls_toilet"}},{"type":"Feature","geometry":{"type":"Point","coordinates":[81.5722,19.0542]},"properties":{"udise":"22153003807","name":"GOVT PS KOLENGPARA SANWGEL","state":"CHHATTISGARH","district":"BASTER","block":"BASTANAR","indicator":"no_girls_toilet"}},{"type":"Feature","geometry":{"type":"Point","coordinates":[81.8625,18.9869]},"properties":{"udise":"22150406701","name":"GOVT. PS CHOTEGUDRA","state":"CHHATTISGARH","district":"BASTER","block":"DARBHA","indicator":"no_girls_toilet"}},{"type":"Feature","geometry":{"type":"Point","coordinates":[81.8278,19.3825]},"properties":{"udise":"22151709304","name":"GOVT PS MAHUBHATA","state":"CHHATTISGARH","district":"BASTER","block":"BASTAR","indicator":"no_girls_toilet"}},{"type":"Feature","geometry":{"type":"Point","coordinates":[82.0767,19.3036]},"properties":{"udise":"22152911601","name":"GOVT. PRIMARY SCHOOL SATLAWAND","state":"CHHATTISGARH","district":"BASTER","block":"BAKAWAND","indicator":"no_girls_toilet"}},{"type":"Feature","geometry":{"type":"Point","coordinates":[81.7517,18.9756]},"properties":{"udise":"22150401904","name":"GOVT. PS PATELPARA KATENAR","state":"CHHATTISGARH","district":"BASTER","block":"DARBHA","indicator":"no_girls_toilet"}},{"type":"Feature","geometry":{"type":"Point","coordinates":[81.6606,19.2042]},"properties":{"udise":"22151708301","name":"GOVT PS RATENGA","state":"CHHATTISGARH","district":"BASTER","block":"BASTAR","indicator":"no_girls_toilet"}},{"type":"Feature","geometry":{"type":"Point","coordinates":[81.8911,18.9819]},"properties":{"udise":"22152307201","name":"GOVT UPS BHATAGUDA RAJOOR","state":"CHHATTISGARH","district":"BASTER","block":"TOKAPAL","indicator":"no_girls_toilet"}},{"type":"Feature","geometry":{"type":"Point","coordinates":[82.0181,19.1164]},"properties":{"udise":"22153300901","name":"GOVT PS CHHEPDAGUDA","state":"CHHATTISGARH","district":"BASTER","block":"JAGDALPUR","indicator":"no_girls_toilet"}},{"type":"Feature","geometry":{"type":"Point","coordinates":[81.9178,19.2519]},"properties":{"udise":"22151709005","name":"GOVT PS PUNJIGUDA BHOND","state":"CHHATTISGARH","district":"BASTER","block":"BASTAR","indicator":"no_girls_toilet"}},{"type":"Feature","geometry":{"type":"Point","coordinates":[82.095,19.2706]},"properties":{"udise":"22152900103","name":"GOVT.UPS BAKAWAND","state":"CHHATTISGARH","district":"BASTER","block":"BAKAWAND","indicator":"no_girls_toilet"}},{"type":"Feature","geometry":{"type":"Point","coordinates":[82.1864,18.9197]},"properties":{"udise":"22153314506","name":"GOVT HIGHER SECONDARY SCHOOL TIRIYA JAGDALPUR-221533","state":"CHHATTISGARH","district":"BASTER","block":"JAGDALPUR","indicator":"no_girls_toilet"}},{"type":"Feature","geometry":{"type":"Point","coordinates":[82.1542,19.2028]},"properties":{"udise":"22152904202","name":"GOVT. PS AWAS PITHAPUR","state":"CHHATTISGARH","district":"BASTER","block":"BAKAWAND","indicator":"no_girls_toilet"}},{"type":"Feature","geometry":{"type":"Point","coordinates":[81.8492,19.1386]},"properties":{"udise":"22152305602","name":"GOVT PS  PUJARIPARA CHHAPARBHANPURI","state":"CHHATTISGARH","district":"BASTER","block":"TOKAPAL","indicator":"no_girls_toilet"}},{"type":"Feature","geometry":{"type":"Point","coordinates":[81.7572,19.2231]},"properties":{"udise":"22151701401","name":"GOVT PS PUJARIPARA GHOTIAYA","state":"CHHATTISGARH","district":"BASTER","block":"BASTAR","indicator":"no_girls_toilet"}},{"type":"Feature","geometry":{"type":"Point","coordinates":[81.7997,19.175]},"properties":{"udise":"22152413201","name":"GOVT PS. BHARMANPARA KUMHLI","state":"CHHATTISGARH","district":"BASTER","block":"LOHANDIGUDA","indicator":"no_girls_toilet"}},{"type":"Feature","geometry":{"type":"Point","coordinates":[82.1572,18.8686]},"properties":{"udise":"22153314503","name":"GOVT UPS TIRIYA","state":"CHHATTISGARH","district":"BASTER","block":"JAGDALPUR","indicator":"no_girls_toilet"}},{"type":"Feature","geometry":{"type":"Point","coordinates":[81.9914,19.4289]},"properties":{"udise":"22152914704","name":"SARSWATI SHISHU MANDIR BAKAWAND","state":"CHHATTISGARH","district":"BASTER","block":"BAKAWAND","indicator":"no_girls_toilet"}},{"type":"Feature","geometry":{"type":"Point","coordinates":[81.8036,18.9003]},"properties":{"udise":"22150407011","name":"GOVT. PS LABBAPARA","state":"CHHATTISGARH","district":"BASTER","block":"DARBHA","indicator":"no_girls_toilet"}},{"type":"Feature","geometry":{"type":"Point","coordinates":[81.7517,19.1708]},"properties":{"udise":"22152406009","name":"GOVT. HIGH SCHOOL DHARAUR","state":"CHHATTISGARH","district":"BASTER","block":"LOHANDIGUDA","indicator":"no_girls_toilet"}},{"type":"Feature","geometry":{"type":"Point","coordinates":[81.7825,18.9006]},"properties":{"udise":"22150407028","name":"GOVT. MS GUMADPAL","state":"CHHATTISGARH","district":"BASTER","block":"DARBHA","indicator":"no_girls_toilet"}},{"type":"Feature","geometry":{"type":"Point","coordinates":[81.6275,18.9978]},"properties":{"udise":"22153005302","name":"GOVT.PS GUDIYAPARA KILEPAL","state":"CHHATTISGARH","district":"BASTER","block":"BASTANAR","indicator":"no_girls_toilet"}},{"type":"Feature","geometry":{"type":"Point","coordinates":[82.0819,19.3264]},"properties":{"udise":"22152909101","name":"GOVT. PRIMARY SCHOOL BEDAGAON","state":"CHHATTISGARH","district":"BASTER","block":"BAKAWAND","indicator":"no_girls_toilet"}},{"type":"Feature","geometry":{"type":"Point","coordinates":[82.0892,18.9889]},"properties":{"udise":"22153304103","name":"GOVT UPS NAVEEN PUSPAL","state":"CHHATTISGARH","district":"BASTER","block":"JAGDALPUR","indicator":"no_girls_toilet"}},{"type":"Feature","geometry":{"type":"Point","coordinates":[81.9906,19.2444]},"properties":{"udise":"22151706303","name":"GOVT UPS BODANPAL-02","state":"CHHATTISGARH","district":"BASTER","block":"BASTAR","indicator":"no_girls_toilet"}},{"type":"Feature","geometry":{"type":"Point","coordinates":[81.4969,18.9644]},"properties":{"udise":"22153001603","name":"GOVT.PS VAHANPUR PATELPARA","state":"CHHATTISGARH","district":"BASTER","block":"BASTANAR","indicator":"no_girls_toilet"}},{"type":"Feature","geometry":{"type":"Point","coordinates":[82.1011,18.8717]},"properties":{"udise":"22153317201","name":"GOVT PS BAMNARAS","state":"CHHATTISGARH","district":"BASTER","block":"JAGDALPUR","indicator":"no_girls_toilet"}},{"type":"Feature","geometry":{"type":"Point","coordinates":[81.6431,19.2231]},"properties":{"udise":"22152408001","name":"GOVT. KANIST PS. TARAIRET CHANDELA","state":"CHHATTISGARH","district":"BASTER","block":"LOHANDIGUDA","indicator":"no_girls_toilet"}},{"type":"Feature","geometry":{"type":"Point","coordinates":[81.8828,18.9819]},"properties":{"udise":"22152305001","name":"GOVT PS MUSARIGUDA","state":"CHHATTISGARH","district":"BASTER","block":"TOKAPAL","indicator":"no_girls_toilet"}},{"type":"Feature","geometry":{"type":"Point","coordinates":[82.1017,19.1342]},"properties":{"udise":"22152915301","name":"GOVT PRIMARY SCHOOL KOHKAPAL","state":"CHHATTISGARH","district":"BASTER","block":"BAKAWAND","indicator":"no_girls_toilet"}},{"type":"Feature","geometry":{"type":"Point","coordinates":[82.0756,18.9547]},"properties":{"udise":"22153321601","name":"GOVT PS PATELPARA KAIKACHERBAHAR","state":"CHHATTISGARH","district":"BASTER","block":"JAGDALPUR","indicator":"no_girls_toilet"}},{"type":"Feature","geometry":{"type":"Point","coordinates":[81.7536,19.0461]},"properties":{"udise":"22152303903","name":"GOVT PS KALEPAL","state":"CHHATTISGARH","district":"BASTER","block":"TOKAPAL","indicator":"no_girls_toilet"}},{"type":"Feature","geometry":{"type":"Point","coordinates":[82.0269,19.0419]},"properties":{"udise":"22153325302","name":"GOVT. HIGHER SECONDARY SCHOOL NIYANAR","state":"CHHATTISGARH","district":"BASTER","block":"JAGDALPUR","indicator":"no_girls_toilet"}},{"type":"Feature","geometry":{"type":"Point","coordinates":[81.7719,19.1356]},"properties":{"udise":"22152409402","name":"GOVT. PS  HITAMETA","state":"CHHATTISGARH","district":"BASTER","block":"LOHANDIGUDA","indicator":"no_girls_toilet"}},{"type":"Feature","geometry":{"type":"Point","coordinates":[81.9903,19.22]},"properties":{"udise":"22152921901","name":"GOVT. PRIMARI SCHOOL GHODIMUNDA","state":"CHHATTISGARH","district":"BASTER","block":"BAKAWAND","indicator":"no_girls_toilet"}},{"type":"Feature","geometry":{"type":"Point","coordinates":[81.5569,19.2217]},"properties":{"udise":"22152408004","name":"GOVT. PS. RAWATPARA CHANDELA","state":"CHHATTISGARH","district":"BASTER","block":"LOHANDIGUDA","indicator":"no_girls_toilet"}},{"type":"Feature","geometry":{"type":"Point","coordinates":[82.0178,19.0733]},"properties":{"udise":"22153311701","name":"GOVT PS DONGAGHAT","state":"CHHATTISGARH","district":"BASTER","block":"JAGDALPUR","indicator":"no_girls_toilet"}},{"type":"Feature","geometry":{"type":"Point","coordinates":[82.0794,19.2389]},"properties":{"udise":"22152910926","name":"GOVT. M.S. BANARAS","state":"CHHATTISGARH","district":"BASTER","block":"BAKAWAND","indicator":"no_girls_toilet"}},{"type":"Feature","geometry":{"type":"Point","coordinates":[81.64,19.0164]},"properties":{"udise":"22152408101","name":"GOVT .PS. BODENAR","state":"CHHATTISGARH","district":"BASTER","block":"LOHANDIGUDA","indicator":"girls_toilet_nonfunctional"}},{"type":"Feature","geometry":{"type":"Point","coordinates":[81.8533,19.2353]},"properties":{"udise":"22151703302","name":"GOVT PS KHADKA MADHOTA","state":"CHHATTISGARH","district":"BASTER","block":"BASTAR","indicator":"girls_toilet_nonfunctional"}},{"type":"Feature","geometry":{"type":"Point","coordinates":[82.0314,19.2192]},"properties":{"udise":"22152902104","name":"GOVT. P.S. MOHLAI (KINJOLI)","state":"CHHATTISGARH","district":"BASTER","block":"BAKAWAND","indicator":"girls_toilet_nonfunctional"}},{"type":"Feature","geometry":{"type":"Point","coordinates":[81.5419,19.0586]},"properties":{"udise":"22153010501","name":"GOVT. HIGHER SECONDARY SCHOOL MUTANPAL","state":"CHHATTISGARH","district":"BASTER","block":"BASTANAR","indicator":"girls_toilet_nonfunctional"}},{"type":"Feature","geometry":{"type":"Point","coordinates":[81.7783,18.8794]},"properties":{"udise":"22150405004","name":"GOVT. PS MANJHIPARA KELAUR","state":"CHHATTISGARH","district":"BASTER","block":"DARBHA","indicator":"girls_toilet_nonfunctional"}},{"type":"Feature","geometry":{"type":"Point","coordinates":[82.1353,19.1378]},"properties":{"udise":"22152915601","name":"GOVT KANIST PRIMARY SCHOOL CHITALOOR","state":"CHHATTISGARH","district":"BASTER","block":"BAKAWAND","indicator":"girls_toilet_nonfunctional"}},{"type":"Feature","geometry":{"type":"Point","coordinates":[81.6119,19.0914]},"properties":{"udise":"22152412302","name":"GOVT. PS. SARPANCH PARA HRRAKODER","state":"CHHATTISGARH","district":"BASTER","block":"LOHANDIGUDA","indicator":"girls_toilet_nonfunctional"}},{"type":"Feature","geometry":{"type":"Point","coordinates":[81.9236,19.1897]},"properties":{"udise":"22151711404","name":"GOVT PS DEURGAON","state":"CHHATTISGARH","district":"BASTER","block":"BASTAR","indicator":"girls_toilet_nonfunctional"}},{"type":"Feature","geometry":{"type":"Point","coordinates":[81.9331,19.3369]},"properties":{"udise":"22151707301","name":"GOVT PS DONGRIGUDA","state":"CHHATTISGARH","district":"BASTER","block":"BASTAR","indicator":"girls_toilet_nonfunctional"}},{"type":"Feature","geometry":{"type":"Point","coordinates":[82.0008,19.1958]},"properties":{"udise":"22152905204","name":"GOVT. UPS CHOLNAR","state":"CHHATTISGARH","district":"BASTER","block":"BAKAWAND","indicator":"girls_toilet_nonfunctional"}},{"type":"Feature","geometry":{"type":"Point","coordinates":[82.1547,19.3164]},"properties":{"udise":"22152910912","name":"GOVT PS BADLAWAND","state":"CHHATTISGARH","district":"BASTER","block":"BAKAWAND","indicator":"girls_toilet_nonfunctional"}},{"type":"Feature","geometry":{"type":"Point","coordinates":[82.145,19.1497]},"properties":{"udise":"22152909606","name":"GOVT. UPS TALNAR","state":"CHHATTISGARH","district":"BASTER","block":"BAKAWAND","indicator":"girls_toilet_nonfunctional"}},{"type":"Feature","geometry":{"type":"Point","coordinates":[81.9008,18.9269]},"properties":{"udise":"22150400203","name":"GOVT. PS KODABHATA","state":"CHHATTISGARH","district":"BASTER","block":"DARBHA","indicator":"girls_toilet_nonfunctional"}},{"type":"Feature","geometry":{"type":"Point","coordinates":[81.7744,19.2031]},"properties":{"udise":"22151704503","name":"GOVT UPS MUNDIGUDA BODRA","state":"CHHATTISGARH","district":"BASTER","block":"BASTAR","indicator":"girls_toilet_nonfunctional"}},{"type":"Feature","geometry":{"type":"Point","coordinates":[82.0164,19.2186]},"properties":{"udise":"22152921802","name":"GOVT. PS KHALEPARA RAMPAL","state":"CHHATTISGARH","district":"BASTER","block":"BAKAWAND","indicator":"girls_toilet_nonfunctional"}},{"type":"Feature","geometry":{"type":"Point","coordinates":[82.0256,19.1736]},"properties":{"udise":"22152904602","name":"GOVT. NAVEEN PRIMARY SCHOOL PATELPARA","state":"CHHATTISGARH","district":"BASTER","block":"BAKAWAND","indicator":"girls_toilet_nonfunctional"}},{"type":"Feature","geometry":{"type":"Point","coordinates":[81.825,19.3886]},"properties":{"udise":"22151709302","name":"GOVT UPS VISHRAMPURI","state":"CHHATTISGARH","district":"BASTER","block":"BASTAR","indicator":"girls_toilet_nonfunctional"}},{"type":"Feature","geometry":{"type":"Point","coordinates":[81.9475,19.2894]},"properties":{"udise":"22151706002","name":"GOVT PS TEMRUGUDA","state":"CHHATTISGARH","district":"BASTER","block":"BASTAR","indicator":"girls_toilet_nonfunctional"}},{"type":"Feature","geometry":{"type":"Point","coordinates":[81.7692,19.2408]},"properties":{"udise":"22151707201","name":"GOVT PS GUNPUR","state":"CHHATTISGARH","district":"BASTER","block":"BASTAR","indicator":"girls_toilet_nonfunctional"}},{"type":"Feature","geometry":{"type":"Point","coordinates":[81.8603,19.2578]},"properties":{"udise":"22151701901","name":"GOVT PS USARI","state":"CHHATTISGARH","district":"BASTER","block":"BASTAR","indicator":"girls_toilet_nonfunctional"}},{"type":"Feature","geometry":{"type":"Point","coordinates":[81.735,19.0417]},"properties":{"udise":"22152407402","name":"GOVT. PS. PADARPARA","state":"CHHATTISGARH","district":"BASTER","block":"LOHANDIGUDA","indicator":"girls_toilet_nonfunctional"}},{"type":"Feature","geometry":{"type":"Point","coordinates":[81.8714,19.2844]},"properties":{"udise":"22151711102","name":"GOVT UPS PHARSAPARA","state":"CHHATTISGARH","district":"BASTER","block":"BASTAR","indicator":"girls_toilet_nonfunctional"}},{"type":"Feature","geometry":{"type":"Point","coordinates":[81.5889,19.2031]},"properties":{"udise":"22152401903","name":"GOVT PS PATELPARA BHEJA","state":"CHHATTISGARH","district":"BASTER","block":"LOHANDIGUDA","indicator":"girls_toilet_nonfunctional"}},{"type":"Feature","geometry":{"type":"Point","coordinates":[81.635,19.0431]},"properties":{"udise":"22152412901","name":"GOVT. PS. JADIGUDA TOYAR","state":"CHHATTISGARH","district":"BASTER","block":"LOHANDIGUDA","indicator":"girls_toilet_nonfunctional"}},{"type":"Feature","geometry":{"type":"Point","coordinates":[81.6258,19.1672]},"properties":{"udise":"22152404510","name":"GOVT. U.P.S. SULENGA","state":"CHHATTISGARH","district":"BASTER","block":"LOHANDIGUDA","indicator":"girls_toilet_nonfunctional"}},{"type":"Feature","geometry":{"type":"Point","coordinates":[81.8578,19.0858]},"properties":{"udise":"22152300412","name":"GOVT PS  GUNDERPARA CHHAPARBHANPURI","state":"CHHATTISGARH","district":"BASTER","block":"TOKAPAL","indicator":"girls_toilet_nonfunctional"}},{"type":"Feature","geometry":{"type":"Point","coordinates":[81.7342,19.1056]},"properties":{"udise":"22152400402","name":"GOVT. PS. MANJHIPARA   GADIYA","state":"CHHATTISGARH","district":"BASTER","block":"LOHANDIGUDA","indicator":"girls_toilet_nonfunctional"}},{"type":"Feature","geometry":{"type":"Point","coordinates":[81.7731,19.1178]},"properties":{"udise":"22152400101","name":"GOVT. PS. CHALKIGUDA NEGIRAS","state":"CHHATTISGARH","district":"BASTER","block":"LOHANDIGUDA","indicator":"girls_toilet_nonfunctional"}},{"type":"Feature","geometry":{"type":"Point","coordinates":[81.8717,19.5392]},"properties":{"udise":"22152912301","name":"GOVT. PRIMARY SCHOOL TAREKA","state":"CHHATTISGARH","district":"BASTER","block":"BAKAWAND","indicator":"girls_toilet_nonfunctional"}},{"type":"Feature","geometry":{"type":"Point","coordinates":[81.5708,19.1858]},"properties":{"udise":"22152402301","name":"GOVT. PS. SATASPUR","state":"CHHATTISGARH","district":"BASTER","block":"LOHANDIGUDA","indicator":"girls_toilet_nonfunctional"}},{"type":"Feature","geometry":{"type":"Point","coordinates":[82.0083,18.9972]},"properties":{"udise":"22153316801","name":"GOVT PS BHAINSBANDHA","state":"CHHATTISGARH","district":"BASTER","block":"JAGDALPUR","indicator":"girls_toilet_nonfunctional"}},{"type":"Feature","geometry":{"type":"Point","coordinates":[81.925,19.2503]},"properties":{"udise":"22151702601","name":"GOVT PS NAWAGUDA DUBEUMARGAON","state":"CHHATTISGARH","district":"BASTER","block":"BASTAR","indicator":"girls_toilet_nonfunctional"}},{"type":"Feature","geometry":{"type":"Point","coordinates":[82.1147,19.2439]},"properties":{"udise":"22152918001","name":"GOVT. KANIST PRIMARY SCHOOL LINGOGUDA","state":"CHHATTISGARH","district":"BASTER","block":"BAKAWAND","indicator":"girls_toilet_nonfunctional"}},{"type":"Feature","geometry":{"type":"Point","coordinates":[81.9153,19.2531]},"properties":{"udise":"22151709002","name":"GOVT PS DUBEUMARGAON","state":"CHHATTISGARH","district":"BASTER","block":"BASTAR","indicator":"girls_toilet_nonfunctional"}},{"type":"Feature","geometry":{"type":"Point","coordinates":[81.8464,19.3208]},"properties":{"udise":"22151702711","name":"GOVT PS DENGPARA","state":"CHHATTISGARH","district":"BASTER","block":"BASTAR","indicator":"girls_toilet_nonfunctional"}},{"type":"Feature","geometry":{"type":"Point","coordinates":[81.9292,19.3986]},"properties":{"udise":"22151709901","name":"GOVT PS TURPURA","state":"CHHATTISGARH","district":"BASTER","block":"BASTAR","indicator":"girls_toilet_nonfunctional"}},{"type":"Feature","geometry":{"type":"Point","coordinates":[81.7736,19.1683]},"properties":{"udise":"22152411002","name":"GOVT. PS. DHURAGAON","state":"CHHATTISGARH","district":"BASTER","block":"LOHANDIGUDA","indicator":"girls_toilet_nonfunctional"}},{"type":"Feature","geometry":{"type":"Point","coordinates":[82.0131,19.4664]},"properties":{"udise":"22152912501","name":"GOVT. PS GAURABHAHAR","state":"CHHATTISGARH","district":"BASTER","block":"BAKAWAND","indicator":"girls_toilet_nonfunctional"}},{"type":"Feature","geometry":{"type":"Point","coordinates":[81.9319,19.0492]},"properties":{"udise":"22152308601","name":"GOVT PS  MUNDAPARA TELIMARENGA","state":"CHHATTISGARH","district":"BASTER","block":"TOKAPAL","indicator":"girls_toilet_nonfunctional"}},{"type":"Feature","geometry":{"type":"Point","coordinates":[81.7478,18.9739]},"properties":{"udise":"22150400111","name":"GOVT. PS KOYKIMARI","state":"CHHATTISGARH","district":"BASTER","block":"DARBHA","indicator":"girls_toilet_nonfunctional"}},{"type":"Feature","geometry":{"type":"Point","coordinates":[81.7736,19.1686]},"properties":{"udise":"22152411001","name":"GOVT. PS. NAVIN DHURAGAON","state":"CHHATTISGARH","district":"BASTER","block":"LOHANDIGUDA","indicator":"girls_toilet_nonfunctional"}},{"type":"Feature","geometry":{"type":"Point","coordinates":[81.8331,19.4772]},"properties":{"udise":"22151703308","name":"GOVT PS KHADKA","state":"CHHATTISGARH","district":"BASTER","block":"BASTAR","indicator":"girls_toilet_nonfunctional"}},{"type":"Feature","geometry":{"type":"Point","coordinates":[82.0075,19.2747]},"properties":{"udise":"22151704601","name":"GOVT PS BODRA","state":"CHHATTISGARH","district":"BASTER","block":"BASTAR","indicator":"girls_toilet_nonfunctional"}},{"type":"Feature","geometry":{"type":"Point","coordinates":[81.6997,18.9519]},"properties":{"udise":"22153006803","name":"GOVT.PS. CHHOTE BODENAR","state":"CHHATTISGARH","district":"BASTER","block":"BASTANAR","indicator":"girls_toilet_nonfunctional"}},{"type":"Feature","geometry":{"type":"Point","coordinates":[81.94,19.2081]},"properties":{"udise":"22151711206","name":"GOVT PS KARLAKONTA","state":"CHHATTISGARH","district":"BASTER","block":"BASTAR","indicator":"girls_toilet_nonfunctional"}},{"type":"Feature","geometry":{"type":"Point","coordinates":[81.9544,19.1194]},"properties":{"udise":"22151707503","name":"GOVT PS KAVIASNA","state":"CHHATTISGARH","district":"BASTER","block":"BASTAR","indicator":"girls_toilet_nonfunctional"}},{"type":"Feature","geometry":{"type":"Point","coordinates":[81.9428,19.2756]},"properties":{"udise":"22151705405","name":"GOVT PS PIKADSODA","state":"CHHATTISGARH","district":"BASTER","block":"BASTAR","indicator":"girls_toilet_nonfunctional"}},{"type":"Feature","geometry":{"type":"Point","coordinates":[81.69958,19.00493]},"properties":{"udise":"22153007502","name":"GOVT.HIGH SCHOOL.TIRTHUM","state":"CHHATTISGARH","district":"BASTER","block":"BASTANAR","indicator":"girls_toilet_nonfunctional"}},{"type":"Feature","geometry":{"type":"Point","coordinates":[82.0697,19.4375]},"properties":{"udise":"22152913101","name":"GOVT. PRIMARY SCHOOL MAILBEDA","state":"CHHATTISGARH","district":"BASTER","block":"BAKAWAND","indicator":"girls_toilet_nonfunctional"}},{"type":"Feature","geometry":{"type":"Point","coordinates":[81.6119,19.0914]},"properties":{"udise":"22152415001","name":"GOVT. PS. KOTWARPARA SURGUDA","state":"CHHATTISGARH","district":"BASTER","block":"LOHANDIGUDA","indicator":"girls_toilet_nonfunctional"}},{"type":"Feature","geometry":{"type":"Point","coordinates":[81.6097,19.1853]},"properties":{"udise":"22152401003","name":"GOVT. U.P.S. KHELPARA MARDUM","state":"CHHATTISGARH","district":"BASTER","block":"LOHANDIGUDA","indicator":"girls_toilet_nonfunctional"}},{"type":"Feature","geometry":{"type":"Point","coordinates":[81.9558,19.2925]},"properties":{"udise":"22151706003","name":"GOVT PS CHAMIYA","state":"CHHATTISGARH","district":"BASTER","block":"BASTAR","indicator":"girls_toilet_nonfunctional"}},{"type":"Feature","geometry":{"type":"Point","coordinates":[82.0964,19.1433]},"properties":{"udise":"22152905406","name":"GOVT. HIGHER SECONDARY SCHOOL KARITGAON","state":"CHHATTISGARH","district":"BASTER","block":"BAKAWAND","indicator":"girls_toilet_nonfunctional"}},{"type":"Feature","geometry":{"type":"Point","coordinates":[81.7583,19.3028]},"properties":{"udise":"22151709801","name":"GOVT PS BADEAMABAL SSA","state":"CHHATTISGARH","district":"BASTER","block":"BASTAR","indicator":"girls_toilet_nonfunctional"}},{"type":"Feature","geometry":{"type":"Point","coordinates":[81.6119,19.0914]},"properties":{"udise":"22152405102","name":"GOVT. P.S. PUJARI PARA  GARDA","state":"CHHATTISGARH","district":"BASTER","block":"LOHANDIGUDA","indicator":"girls_toilet_nonfunctional"}},{"type":"Feature","geometry":{"type":"Point","coordinates":[82.0428,19.3467]},"properties":{"udise":"22152908404","name":"GOVT. PS TETARGUDA MANGNAR","state":"CHHATTISGARH","district":"BASTER","block":"BAKAWAND","indicator":"girls_toilet_nonfunctional"}},{"type":"Feature","geometry":{"type":"Point","coordinates":[82.0231,19.0956]},"properties":{"udise":"22153301403","name":"GOVT. M.S. PANARAPARA","state":"CHHATTISGARH","district":"BASTER","block":"JAGDALPUR","indicator":"girls_toilet_nonfunctional"}},{"type":"Feature","geometry":{"type":"Point","coordinates":[81.8911,19.2892]},"properties":{"udise":"22151701403","name":"GOVT PS NADIPARA","state":"CHHATTISGARH","district":"BASTER","block":"BASTAR","indicator":"girls_toilet_nonfunctional"}},{"type":"Feature","geometry":{"type":"Point","coordinates":[81.68,19.0694]},"properties":{"udise":"22152409512","name":"GOVT.PS.KUMAPARA ANJAR","state":"CHHATTISGARH","district":"BASTER","block":"LOHANDIGUDA","indicator":"girls_toilet_nonfunctional"}},{"type":"Feature","geometry":{"type":"Point","coordinates":[81.7681,18.8339]},"properties":{"udise":"22150407003","name":"GOVT. PS BELAPARA","state":"CHHATTISGARH","district":"BASTER","block":"DARBHA","indicator":"girls_toilet_nonfunctional"}},{"type":"Feature","geometry":{"type":"Point","coordinates":[82.1436,19.1331]},"properties":{"udise":"22152915603","name":"GOVT. M.S. CHITALUR","state":"CHHATTISGARH","district":"BASTER","block":"BAKAWAND","indicator":"girls_toilet_nonfunctional"}},{"type":"Feature","geometry":{"type":"Point","coordinates":[81.9958,19.2719]},"properties":{"udise":"22151705605","name":"GOVT PS MANJHIGUDA","state":"CHHATTISGARH","district":"BASTER","block":"BASTAR","indicator":"girls_toilet_nonfunctional"}},{"type":"Feature","geometry":{"type":"Point","coordinates":[81.9906,19.2433]},"properties":{"udise":"22151706301","name":"GOVT PS RAWATPARA","state":"CHHATTISGARH","district":"BASTER","block":"BASTAR","indicator":"girls_toilet_nonfunctional"}},{"type":"Feature","geometry":{"type":"Point","coordinates":[81.7689,19.2967]},"properties":{"udise":"22151709802","name":"GOVT PS BADEAMABAL TWD","state":"CHHATTISGARH","district":"BASTER","block":"BASTAR","indicator":"girls_toilet_nonfunctional"}},{"type":"Feature","geometry":{"type":"Point","coordinates":[82.0314,19.2192]},"properties":{"udise":"22152902101","name":"GOVT. PRIMARY SCHOOL MOHLAI","state":"CHHATTISGARH","district":"BASTER","block":"BAKAWAND","indicator":"girls_toilet_nonfunctional"}},{"type":"Feature","geometry":{"type":"Point","coordinates":[81.9508,19.1644]},"properties":{"udise":"22151711901","name":"GOVT PS SIVNAGUDA KOLCHUR","state":"CHHATTISGARH","district":"BASTER","block":"BASTAR","indicator":"girls_toilet_nonfunctional"}},{"type":"Feature","geometry":{"type":"Point","coordinates":[81.8992,18.9578]},"properties":{"udise":"22150405605","name":"GOVT. PS TIKRAPARA","state":"CHHATTISGARH","district":"BASTER","block":"DARBHA","indicator":"girls_toilet_nonfunctional"}},{"type":"Feature","geometry":{"type":"Point","coordinates":[81.6472,19.0675]},"properties":{"udise":"22152405703","name":"GOVT.UPS. NEGANAR","state":"CHHATTISGARH","district":"BASTER","block":"LOHANDIGUDA","indicator":"girls_toilet_nonfunctional"}},{"type":"Feature","geometry":{"type":"Point","coordinates":[81.8256,19.3297]},"properties":{"udise":"22151700601","name":"GOVT PS KALIPARA KUNGARPAL","state":"CHHATTISGARH","district":"BASTER","block":"BASTAR","indicator":"girls_toilet_nonfunctional"}},{"type":"Feature","geometry":{"type":"Point","coordinates":[82.0294,19.0808]},"properties":{"udise":"22153301901","name":"GOVT PS KUMHARPARA","state":"CHHATTISGARH","district":"BASTER","block":"JAGDALPUR","indicator":"girls_toilet_nonfunctional"}},{"type":"Feature","geometry":{"type":"Point","coordinates":[81.7261,19.3167]},"properties":{"udise":"22151700206","name":"GOVT PS NAYAMUNDAPARA MANDLAPAL","state":"CHHATTISGARH","district":"BASTER","block":"BASTAR","indicator":"girls_toilet_nonfunctional"}},{"type":"Feature","geometry":{"type":"Point","coordinates":[81.8331,19.3025]},"properties":{"udise":"22151706203","name":"GOVT PS CHOTEALNAR","state":"CHHATTISGARH","district":"BASTER","block":"BASTAR","indicator":"girls_toilet_nonfunctional"}},{"type":"Feature","geometry":{"type":"Point","coordinates":[81.9469,19.2747]},"properties":{"udise":"22151705402","name":"GOVT PS ICHCHAPUR","state":"CHHATTISGARH","district":"BASTER","block":"BASTAR","indicator":"girls_toilet_nonfunctional"}},{"type":"Feature","geometry":{"type":"Point","coordinates":[82.0689,19.3853]},"properties":{"udise":"22152920101","name":"GOVT PRIMARY SCHOOL AMAGUDA","state":"CHHATTISGARH","district":"BASTER","block":"BAKAWAND","indicator":"girls_toilet_nonfunctional"}},{"type":"Feature","geometry":{"type":"Point","coordinates":[82.16,19.1556]},"properties":{"udise":"22152916101","name":"GOVT.PS BELGAON","state":"CHHATTISGARH","district":"BASTER","block":"BAKAWAND","indicator":"girls_toilet_nonfunctional"}},{"type":"Feature","geometry":{"type":"Point","coordinates":[81.7406,19.2119]},"properties":{"udise":"22151704803","name":"GOVT PS GUDAPARA KURUSHPAL","state":"CHHATTISGARH","district":"BASTER","block":"BASTAR","indicator":"girls_toilet_nonfunctional"}},{"type":"Feature","geometry":{"type":"Point","coordinates":[81.9103,19.1908]},"properties":{"udise":"22151706501","name":"GOVT PS BHURSUNDI","state":"CHHATTISGARH","district":"BASTER","block":"BASTAR","indicator":"girls_toilet_nonfunctional"}},{"type":"Feature","geometry":{"type":"Point","coordinates":[82.0125,19.0808]},"properties":{"udise":"22153301801","name":"GOVT PS MAHATMA GANDHI","state":"CHHATTISGARH","district":"BASTER","block":"JAGDALPUR","indicator":"girls_toilet_nonfunctional"}},{"type":"Feature","geometry":{"type":"Point","coordinates":[81.7589,19.2319]},"properties":{"udise":"22151705004","name":"GOVT PS CHURAWAND","state":"CHHATTISGARH","district":"BASTER","block":"BASTAR","indicator":"girls_toilet_nonfunctional"}},{"type":"Feature","geometry":{"type":"Point","coordinates":[82.0103,19.4786]},"properties":{"udise":"22152912402","name":"GOVT. PRIMARY SCHOOL SATOSHA","state":"CHHATTISGARH","district":"BASTER","block":"BAKAWAND","indicator":"girls_toilet_nonfunctional"}},{"type":"Feature","geometry":{"type":"Point","coordinates":[81.9303,19.2458]},"properties":{"udise":"22151706102","name":"GOVT PS BESRAPAL","state":"CHHATTISGARH","district":"BASTER","block":"BASTAR","indicator":"girls_toilet_nonfunctional"}},{"type":"Feature","geometry":{"type":"Point","coordinates":[81.9586,19.07]},"properties":{"udise":"22153302102","name":"GOVT PS PUJARIPARA BIRINGPAL","state":"CHHATTISGARH","district":"BASTER","block":"JAGDALPUR","indicator":"girls_toilet_nonfunctional"}},{"type":"Feature","geometry":{"type":"Point","coordinates":[81.8589,19.3183]},"properties":{"udise":"22151707602","name":"GOVT UPS KALARPARA SALEMETA","state":"CHHATTISGARH","district":"BASTER","block":"BASTAR","indicator":"girls_toilet_nonfunctional"}},{"type":"Feature","geometry":{"type":"Point","coordinates":[82.0636,19.0708]},"properties":{"udise":"22153304703","name":"GOVT. HIGH SCHOOL BABU SEMRA (EDU)","state":"CHHATTISGARH","district":"BASTER","block":"JAGDALPUR","indicator":"girls_toilet_nonfunctional"}},{"type":"Feature","geometry":{"type":"Point","coordinates":[81.5303,19.2014]},"properties":{"udise":"22152405203","name":"GOVT. PS. SAYBIPARA SILAKJHODI","state":"CHHATTISGARH","district":"BASTER","block":"LOHANDIGUDA","indicator":"girls_toilet_nonfunctional"}},{"type":"Feature","geometry":{"type":"Point","coordinates":[81.94,19.0306]},"properties":{"udise":"22152304101","name":"GOVT PS  DONGARIGUDA","state":"CHHATTISGARH","district":"BASTER","block":"TOKAPAL","indicator":"girls_toilet_nonfunctional"}},{"type":"Feature","geometry":{"type":"Point","coordinates":[81.7914,19.2881]},"properties":{"udise":"22151705304","name":"GOVT PS THANAGUDIPARA","state":"CHHATTISGARH","district":"BASTER","block":"BASTAR","indicator":"girls_toilet_nonfunctional"}},{"type":"Feature","geometry":{"type":"Point","coordinates":[81.7069,19.1706]},"properties":{"udise":"22152411703","name":"GOVT. P.S. GHASIYAPARA","state":"CHHATTISGARH","district":"BASTER","block":"LOHANDIGUDA","indicator":"girls_toilet_nonfunctional"}},{"type":"Feature","geometry":{"type":"Point","coordinates":[81.8711,19.2831]},"properties":{"udise":"22151702008","name":"GOVT PS PATELPARA","state":"CHHATTISGARH","district":"BASTER","block":"BASTAR","indicator":"girls_toilet_nonfunctional"}},{"type":"Feature","geometry":{"type":"Point","coordinates":[81.8633,19.1722]},"properties":{"udise":"22152301302","name":"GOVT UPS KONDALUR","state":"CHHATTISGARH","district":"BASTER","block":"TOKAPAL","indicator":"girls_toilet_nonfunctional"}},{"type":"Feature","geometry":{"type":"Point","coordinates":[81.9997,18.9536]},"properties":{"udise":"22153318604","name":"GOVT PS DUMARGUDA","state":"CHHATTISGARH","district":"BASTER","block":"JAGDALPUR","indicator":"girls_toilet_nonfunctional"}},{"type":"Feature","geometry":{"type":"Point","coordinates":[81.8769,19.2397]},"properties":{"udise":"22151701502","name":"GOVT UPS PATELPARA RAJPUR","state":"CHHATTISGARH","district":"BASTER","block":"BASTAR","indicator":"girls_toilet_nonfunctional"}},{"type":"Feature","geometry":{"type":"Point","coordinates":[81.9439,19.0503]},"properties":{"udise":"22152300322","name":"GOVT UPS DIMRAPAL","state":"CHHATTISGARH","district":"BASTER","block":"TOKAPAL","indicator":"girls_toilet_nonfunctional"}},{"type":"Feature","geometry":{"type":"Point","coordinates":[81.7444,19.1947]},"properties":{"udise":"22151708701","name":"GOVT PS NARAYANPAL","state":"CHHATTISGARH","district":"BASTER","block":"BASTAR","indicator":"girls_toilet_nonfunctional"}},{"type":"Feature","geometry":{"type":"Point","coordinates":[81.9367,19.3714]},"properties":{"udise":"22151710004","name":"GOVT PS JAMKONADI","state":"CHHATTISGARH","district":"BASTER","block":"BASTAR","indicator":"girls_toilet_nonfunctional"}},{"type":"Feature","geometry":{"type":"Point","coordinates":[81.4539,19.2078]},"properties":{"udise":"22152400702","name":"GOVT. PS KAHACHENAR","state":"CHHATTISGARH","district":"BASTER","block":"LOHANDIGUDA","indicator":"girls_toilet_nonfunctional"}},{"type":"Feature","geometry":{"type":"Point","coordinates":[82.1317,19.0611]},"properties":{"udise":"22153305101","name":"GOVT PS SIVNAGUDA","state":"CHHATTISGARH","district":"BASTER","block":"JAGDALPUR","indicator":"girls_toilet_nonfunctional"}},{"type":"Feature","geometry":{"type":"Point","coordinates":[81.7608,19.2853]},"properties":{"udise":"22151702501","name":"GOVT PS KOCHLIPARA KAWADGAON","state":"CHHATTISGARH","district":"BASTER","block":"BASTAR","indicator":"girls_toilet_nonfunctional"}},{"type":"Feature","geometry":{"type":"Point","coordinates":[81.6258,19.1672]},"properties":{"udise":"22152404514","name":"GOVT.P.S. RANIBEDA MARDUM","state":"CHHATTISGARH","district":"BASTER","block":"LOHANDIGUDA","indicator":"girls_toilet_nonfunctional"}},{"type":"Feature","geometry":{"type":"Point","coordinates":[81.9019,19.4772]},"properties":{"udise":"22151702803","name":"GOVT PS MARIPARA","state":"CHHATTISGARH","district":"BASTER","block":"BASTAR","indicator":"girls_toilet_nonfunctional"}},{"type":"Feature","geometry":{"type":"Point","coordinates":[81.7081,19.2119]},"properties":{"udise":"22151708002","name":"GOVT PS CHIURGUDA","state":"CHHATTISGARH","district":"BASTER","block":"BASTAR","indicator":"girls_toilet_nonfunctional"}},{"type":"Feature","geometry":{"type":"Point","coordinates":[81.8147,19.2706]},"properties":{"udise":"22151705501","name":"GOVT PS SEONI","state":"CHHATTISGARH","district":"BASTER","block":"BASTAR","indicator":"girls_toilet_nonfunctional"}},{"type":"Feature","geometry":{"type":"Point","coordinates":[82.1178,19.1628]},"properties":{"udise":"22152904302","name":"GOVT. MS ULNAR","state":"CHHATTISGARH","district":"BASTER","block":"BAKAWAND","indicator":"girls_toilet_nonfunctional"}},{"type":"Feature","geometry":{"type":"Point","coordinates":[81.8794,19.2122]},"properties":{"udise":"22151702713","name":"GOVT PS CHEPDAPARA JHARTARAI","state":"CHHATTISGARH","district":"BASTER","block":"BASTAR","indicator":"girls_toilet_nonfunctional"}},{"type":"Feature","geometry":{"type":"Point","coordinates":[81.735,19.0417]},"properties":{"udise":"22152407404","name":"GOVT. PS. MARIGUDA  MICHNAR","state":"CHHATTISGARH","district":"BASTER","block":"LOHANDIGUDA","indicator":"girls_toilet_nonfunctional"}},{"type":"Feature","geometry":{"type":"Point","coordinates":[81.8489,19.2128]},"properties":{"udise":"22151702504","name":"GOVT PS BADEPARA","state":"CHHATTISGARH","district":"BASTER","block":"BASTAR","indicator":"girls_toilet_nonfunctional"}},{"type":"Feature","geometry":{"type":"Point","coordinates":[81.8783,19.2472]},"properties":{"udise":"22151701505","name":"GOVT UPS BADEPARA TARAGAON","state":"CHHATTISGARH","district":"BASTER","block":"BASTAR","indicator":"girls_toilet_nonfunctional"}},{"type":"Feature","geometry":{"type":"Point","coordinates":[81.8717,19.5392]},"properties":{"udise":"22152912302","name":"GOVT. UPS TAREKA","state":"CHHATTISGARH","district":"BASTER","block":"BAKAWAND","indicator":"girls_toilet_nonfunctional"}},{"type":"Feature","geometry":{"type":"Point","coordinates":[81.8331,19.3033]},"properties":{"udise":"22151706204","name":"GOVT UPS CHOTEALNAR","state":"CHHATTISGARH","district":"BASTER","block":"BASTAR","indicator":"girls_toilet_nonfunctional"}},{"type":"Feature","geometry":{"type":"Point","coordinates":[82.1025,19.3075]},"properties":{"udise":"22152919701","name":"GOVT. PS SUKRUGUDA","state":"CHHATTISGARH","district":"BASTER","block":"BAKAWAND","indicator":"girls_toilet_nonfunctional"}},{"type":"Feature","geometry":{"type":"Point","coordinates":[81.6683,19.0975]},"properties":{"udise":"22152405402","name":"GOVT.P.S. PUDAMIPARA","state":"CHHATTISGARH","district":"BASTER","block":"LOHANDIGUDA","indicator":"girls_toilet_nonfunctional"}},{"type":"Feature","geometry":{"type":"Point","coordinates":[82.0431,19.0986]},"properties":{"udise":"22153300302","name":"GOVT PS CHHOTEKAWALI","state":"CHHATTISGARH","district":"BASTER","block":"JAGDALPUR","indicator":"girls_toilet_nonfunctional"}},{"type":"Feature","geometry":{"type":"Point","coordinates":[82.04833,19.05056]},"properties":{"udise":"22153312401","name":"GOVT PS SULIYAGUDA","state":"CHHATTISGARH","district":"BASTER","block":"JAGDALPUR","indicator":"girls_toilet_nonfunctional"}},{"type":"Feature","geometry":{"type":"Point","coordinates":[82.0903,19.2147]},"properties":{"udise":"22152916701","name":"GOVT AJKV PRIMARY SCHOOL DHAWDAKOT","state":"CHHATTISGARH","district":"BASTER","block":"BAKAWAND","indicator":"girls_toilet_nonfunctional"}},{"type":"Feature","geometry":{"type":"Point","coordinates":[82.155,19.2183]},"properties":{"udise":"22152904101","name":"GOVT. PRIMARY SCHOOL PATELPARA NALPAWAND","state":"CHHATTISGARH","district":"BASTER","block":"BAKAWAND","indicator":"girls_toilet_nonfunctional"}},{"type":"Feature","geometry":{"type":"Point","coordinates":[81.7264,19.3164]},"properties":{"udise":"22151700201","name":"GOVT PS MANDLAPAL","state":"CHHATTISGARH","district":"BASTER","block":"BASTAR","indicator":"girls_toilet_nonfunctional"}},{"type":"Feature","geometry":{"type":"Point","coordinates":[81.8722,19.3475]},"properties":{"udise":"22151710303","name":"GOVT PS THOTHIYAPARA","state":"CHHATTISGARH","district":"BASTER","block":"BASTAR","indicator":"girls_toilet_nonfunctional"}},{"type":"Feature","geometry":{"type":"Point","coordinates":[81.6742,19.3339]},"properties":{"udise":"22151700402","name":"GOVT PS BADEPARA CHERAKUR","state":"CHHATTISGARH","district":"BASTER","block":"BASTAR","indicator":"girls_toilet_nonfunctional"}},{"type":"Feature","geometry":{"type":"Point","coordinates":[81.6136,19.1419]},"properties":{"udise":"22152404504","name":"GOVT. UPS. MARDUM","state":"CHHATTISGARH","district":"BASTER","block":"LOHANDIGUDA","indicator":"girls_toilet_nonfunctional"}},{"type":"Feature","geometry":{"type":"Point","coordinates":[81.9831,19.1072]},"properties":{"udise":"22153319904","name":"GOVT UPS GHATPADMUR","state":"CHHATTISGARH","district":"BASTER","block":"JAGDALPUR","indicator":"girls_toilet_nonfunctional"}},{"type":"Feature","geometry":{"type":"Point","coordinates":[82.1481,19.3408]},"properties":{"udise":"22152909603","name":"GOVT. BALAK PRIMARY SCHOOL JAITGIRI","state":"CHHATTISGARH","district":"BASTER","block":"BAKAWAND","indicator":"girls_toilet_nonfunctional"}},{"type":"Feature","geometry":{"type":"Point","coordinates":[81.7586,19.2194]},"properties":{"udise":"22151708601","name":"GOVT PS GADAGHAT SUDHAPAL","state":"CHHATTISGARH","district":"BASTER","block":"BASTAR","indicator":"girls_toilet_nonfunctional"}},{"type":"Feature","geometry":{"type":"Point","coordinates":[81.5464,18.9633]},"properties":{"udise":"22153001901","name":"GOVT.PS.PATELPARA BASTANAR","state":"CHHATTISGARH","district":"BASTER","block":"BASTANAR","indicator":"girls_toilet_nonfunctional"}},{"type":"Feature","geometry":{"type":"Point","coordinates":[82.0497,19.2339]},"properties":{"udise":"22152901701","name":"GOVT. PRIMARY SCHOOL KHAMESARI","state":"CHHATTISGARH","district":"BASTER","block":"BAKAWAND","indicator":"girls_toilet_nonfunctional"}},{"type":"Feature","geometry":{"type":"Point","coordinates":[81.7194,19.1383]},"properties":{"udise":"22152409304","name":"GOVT. P.S. BANDAPARA","state":"CHHATTISGARH","district":"BASTER","block":"LOHANDIGUDA","indicator":"girls_toilet_nonfunctional"}},{"type":"Feature","geometry":{"type":"Point","coordinates":[81.7733,19.1317]},"properties":{"udise":"22152402802","name":"GOVT PS MARIGUDA DARAUR","state":"CHHATTISGARH","district":"BASTER","block":"LOHANDIGUDA","indicator":"girls_toilet_nonfunctional"}},{"type":"Feature","geometry":{"type":"Point","coordinates":[81.8508,19.2844]},"properties":{"udise":"22151701703","name":"GOVT UPS DEVDA","state":"CHHATTISGARH","district":"BASTER","block":"BASTAR","indicator":"girls_toilet_nonfunctional"}},{"type":"Feature","geometry":{"type":"Point","coordinates":[81.9417,19.0647]},"properties":{"udise":"22152306201","name":"GOVT PS BHADISGAON","state":"CHHATTISGARH","district":"BASTER","block":"TOKAPAL","indicator":"girls_toilet_nonfunctional"}},{"type":"Feature","geometry":{"type":"Point","coordinates":[81.7536,19.2331]},"properties":{"udise":"22151705001","name":"GOVT PS AALVAHI","state":"CHHATTISGARH","district":"BASTER","block":"BASTAR","indicator":"girls_toilet_nonfunctional"}},{"type":"Feature","geometry":{"type":"Point","coordinates":[81.9242,19.1092]},"properties":{"udise":"22152300343","name":"GOVT PS HIRMAPARA KARANGI","state":"CHHATTISGARH","district":"BASTER","block":"TOKAPAL","indicator":"girls_toilet_nonfunctional"}},{"type":"Feature","geometry":{"type":"Point","coordinates":[81.8714,19.2836]},"properties":{"udise":"22151702007","name":"GOVT UPS SEMALNAR","state":"CHHATTISGARH","district":"BASTER","block":"BASTAR","indicator":"girls_toilet_nonfunctional"}},{"type":"Feature","geometry":{"type":"Point","coordinates":[81.8719,19.2164]},"properties":{"udise":"22151710201","name":"GOVT PS BODAPARA LAMKER","state":"CHHATTISGARH","district":"BASTER","block":"BASTAR","indicator":"girls_toilet_nonfunctional"}},{"type":"Feature","geometry":{"type":"Point","coordinates":[82.0319,19.2397]},"properties":{"udise":"22152901801","name":"GOVT. PRIMARY SCHOOL TALPARA KINJOLI","state":"CHHATTISGARH","district":"BASTER","block":"BAKAWAND","indicator":"girls_toilet_nonfunctional"}},{"type":"Feature","geometry":{"type":"Point","coordinates":[81.975,19.1739]},"properties":{"udise":"22152905101","name":"GOVT. PRIMARY SCHOOL BHIRLINGA","state":"CHHATTISGARH","district":"BASTER","block":"BAKAWAND","indicator":"girls_toilet_nonfunctional"}},{"type":"Feature","geometry":{"type":"Point","coordinates":[82.0981,19.2389]},"properties":{"udise":"22152900901","name":"GOVT. PRIMARY SCHOOL KOSHMI","state":"CHHATTISGARH","district":"BASTER","block":"BAKAWAND","indicator":"girls_toilet_nonfunctional"}},{"type":"Feature","geometry":{"type":"Point","coordinates":[81.86,19.3122]},"properties":{"udise":"22151707113","name":"GOVT UPS MUNJLA","state":"CHHATTISGARH","district":"BASTER","block":"BASTAR","indicator":"girls_toilet_nonfunctional"}},{"type":"Feature","geometry":{"type":"Point","coordinates":[82.0025,19.1547]},"properties":{"udise":"22152904701","name":"GOVT. PRIMARY SCHOOL BORPADAR","state":"CHHATTISGARH","district":"BASTER","block":"BAKAWAND","indicator":"girls_toilet_nonfunctional"}},{"type":"Feature","geometry":{"type":"Point","coordinates":[82.0625,19.0808]},"properties":{"udise":"22153313201","name":"GOVT UPS BURUNDWADA SEMRA","state":"CHHATTISGARH","district":"BASTER","block":"JAGDALPUR","indicator":"girls_toilet_nonfunctional"}},{"type":"Feature","geometry":{"type":"Point","coordinates":[82.0075,19.2725]},"properties":{"udise":"22151704602","name":"GOVT PS MUNDIGUDA","state":"CHHATTISGARH","district":"BASTER","block":"BASTAR","indicator":"girls_toilet_nonfunctional"}},{"type":"Feature","geometry":{"type":"Point","coordinates":[82.09,19.2719]},"properties":{"udise":"22152919601","name":"GOVT. PRIMARI SCHOOL BODAGUDA","state":"CHHATTISGARH","district":"BASTER","block":"BAKAWAND","indicator":"girls_toilet_nonfunctional"}},{"type":"Feature","geometry":{"type":"Point","coordinates":[82.0811,19.4725]},"properties":{"udise":"22152913306","name":"GOVT. PS DONGRIGUDA SATHOSA","state":"CHHATTISGARH","district":"BASTER","block":"BAKAWAND","indicator":"girls_toilet_nonfunctional"}},{"type":"Feature","geometry":{"type":"Point","coordinates":[82.12,19.2964]},"properties":{"udise":"22152911002","name":"GOVT. UPS DAMAGUDA","state":"CHHATTISGARH","district":"BASTER","block":"BAKAWAND","indicator":"girls_toilet_nonfunctional"}},{"type":"Feature","geometry":{"type":"Point","coordinates":[81.5892,19.1078]},"properties":{"udise":"22152403802","name":"GOVT. P.S. PHULAPARA BADRENGA","state":"CHHATTISGARH","district":"BASTER","block":"LOHANDIGUDA","indicator":"girls_toilet_nonfunctional"}},{"type":"Feature","geometry":{"type":"Point","coordinates":[81.8864,18.9914]},"properties":{"udise":"22152307301","name":"GOVT PS RAJOOR (BISHGUDA)","state":"CHHATTISGARH","district":"BASTER","block":"TOKAPAL","indicator":"girls_toilet_nonfunctional"}},{"type":"Feature","geometry":{"type":"Point","coordinates":[82.0397,19.1939]},"properties":{"udise":"22152903101","name":"GOVT. PRIMARY SCHOOL BADE PARA CHHOTEDEWDA","state":"CHHATTISGARH","district":"BASTER","block":"BAKAWAND","indicator":"girls_toilet_nonfunctional"}},{"type":"Feature","geometry":{"type":"Point","coordinates":[81.7725,19.2583]},"properties":{"udise":"22151703606","name":"GOVT PS JHARTARAI","state":"CHHATTISGARH","district":"BASTER","block":"BASTAR","indicator":"girls_toilet_nonfunctional"}},{"type":"Feature","geometry":{"type":"Point","coordinates":[81.8653,19.01]},"properties":{"udise":"22152310303","name":"GOVT PS DONDARGUDA","state":"CHHATTISGARH","district":"BASTER","block":"TOKAPAL","indicator":"girls_toilet_nonfunctional"}},{"type":"Feature","geometry":{"type":"Point","coordinates":[81.9069,19.4728]},"properties":{"udise":"22151703001","name":"GOVT PS KOTGARH","state":"CHHATTISGARH","district":"BASTER","block":"BASTAR","indicator":"girls_toilet_nonfunctional"}},{"type":"Feature","geometry":{"type":"Point","coordinates":[81.9342,19.375]},"properties":{"udise":"22151710003","name":"GOVT UPS BANIYAGAON","state":"CHHATTISGARH","district":"BASTER","block":"BASTAR","indicator":"girls_toilet_nonfunctional"}},{"type":"Feature","geometry":{"type":"Point","coordinates":[81.9228,18.9811]},"properties":{"udise":"22152313201","name":"GOVT PS HATAIGUDA KALEPAL","state":"CHHATTISGARH","district":"BASTER","block":"TOKAPAL","indicator":"girls_toilet_nonfunctional"}},{"type":"Feature","geometry":{"type":"Point","coordinates":[81.8675,19.3058]},"properties":{"udise":"22151702701","name":"GOVT PS KHANDSARA","state":"CHHATTISGARH","district":"BASTER","block":"BASTAR","indicator":"girls_toilet_nonfunctional"}},{"type":"Feature","geometry":{"type":"Point","coordinates":[81.9731,19.0922]},"properties":{"udise":"22153315205","name":"GOVT UPS PALLI","state":"CHHATTISGARH","district":"BASTER","block":"JAGDALPUR","indicator":"girls_toilet_nonfunctional"}},{"type":"Feature","geometry":{"type":"Point","coordinates":[81.5231,19.2014]},"properties":{"udise":"22152414501","name":"GOVT. PS. PATELPARA KODENAR","state":"CHHATTISGARH","district":"BASTER","block":"LOHANDIGUDA","indicator":"girls_toilet_nonfunctional"}},{"type":"Feature","geometry":{"type":"Point","coordinates":[81.8111,19.2717]},"properties":{"udise":"22151705503","name":"GOVT UPS SEONI","state":"CHHATTISGARH","district":"BASTER","block":"BASTAR","indicator":"girls_toilet_nonfunctional"}},{"type":"Feature","geometry":{"type":"Point","coordinates":[82.0567,19.0992]},"properties":{"udise":"22153304601","name":"GOVT PS HATGUDA","state":"CHHATTISGARH","district":"BASTER","block":"JAGDALPUR","indicator":"girls_toilet_nonfunctional"}},{"type":"Feature","geometry":{"type":"Point","coordinates":[82.0431,19.0494]},"properties":{"udise":"22153316201","name":"GOVT PS ANJARGUDA","state":"CHHATTISGARH","district":"BASTER","block":"JAGDALPUR","indicator":"girls_toilet_nonfunctional"}},{"type":"Feature","geometry":{"type":"Point","coordinates":[81.8522,19.3058]},"properties":{"udise":"22151702103","name":"GOVT PS BADEPARA","state":"CHHATTISGARH","district":"BASTER","block":"BASTAR","indicator":"girls_toilet_nonfunctional"}},{"type":"Feature","geometry":{"type":"Point","coordinates":[81.7456,19.1233]},"properties":{"udise":"22152409301","name":"GOVT. P.S. GULAPARA PARAPUR","state":"CHHATTISGARH","district":"BASTER","block":"LOHANDIGUDA","indicator":"girls_toilet_nonfunctional"}},{"type":"Feature","geometry":{"type":"Point","coordinates":[81.8428,19.2922]},"properties":{"udise":"22151709807","name":"GOVT UPS HIRLABHATA","state":"CHHATTISGARH","district":"BASTER","block":"BASTAR","indicator":"girls_toilet_nonfunctional"}},{"type":"Feature","geometry":{"type":"Point","coordinates":[82.1147,19.2097]},"properties":{"udise":"22152903801","name":"GOVT. PRIMARY SCHOOL TUNGAPAL","state":"CHHATTISGARH","district":"BASTER","block":"BAKAWAND","indicator":"girls_toilet_nonfunctional"}},{"type":"Feature","geometry":{"type":"Point","coordinates":[81.7589,19.2219]},"properties":{"udise":"22151704301","name":"GOVT PS GHOTIYA","state":"CHHATTISGARH","district":"BASTER","block":"BASTAR","indicator":"girls_toilet_nonfunctional"}},{"type":"Feature","geometry":{"type":"Point","coordinates":[81.8758,19.1367]},"properties":{"udise":"22152300314","name":"GOVT. UPS CHONDIMETAWADA","state":"CHHATTISGARH","district":"BASTER","block":"TOKAPAL","indicator":"girls_toilet_nonfunctional"}},{"type":"Feature","geometry":{"type":"Point","coordinates":[81.6708,19.0928]},"properties":{"udise":"22152402907","name":"GOVT. UPS.  LIMAUPADAR","state":"CHHATTISGARH","district":"BASTER","block":"LOHANDIGUDA","indicator":"girls_toilet_nonfunctional"}},{"type":"Feature","geometry":{"type":"Point","coordinates":[81.6136,19.1419]},"properties":{"udise":"22152404509","name":"GOVT. U.P.S. BADRENGA","state":"CHHATTISGARH","district":"BASTER","block":"LOHANDIGUDA","indicator":"girls_toilet_nonfunctional"}},{"type":"Feature","geometry":{"type":"Point","coordinates":[81.5758,19.0575]},"properties":{"udise":"22153003403","name":"GOVT.PS.PUJARIPARA","state":"CHHATTISGARH","district":"BASTER","block":"BASTANAR","indicator":"girls_toilet_nonfunctional"}},{"type":"Feature","geometry":{"type":"Point","coordinates":[81.5886,19.135]},"properties":{"udise":"22152404512","name":"GOVT.P.S. PUJNAPARA MARENGA","state":"CHHATTISGARH","district":"BASTER","block":"LOHANDIGUDA","indicator":"girls_toilet_nonfunctional"}},{"type":"Feature","geometry":{"type":"Point","coordinates":[81.7903,19.0067]},"properties":{"udise":"22152306602","name":"GOVT UPS BAKTIPARA","state":"CHHATTISGARH","district":"BASTER","block":"TOKAPAL","indicator":"girls_toilet_nonfunctional"}},{"type":"Feature","geometry":{"type":"Point","coordinates":[81.655,19.3244]},"properties":{"udise":"22151701204","name":"GOVT PS PUSGUDA","state":"CHHATTISGARH","district":"BASTER","block":"BASTAR","indicator":"girls_toilet_nonfunctional"}},{"type":"Feature","geometry":{"type":"Point","coordinates":[81.6119,19.0914]},"properties":{"udise":"22152412801","name":"GOVT. P.S. CHAITUPARA MARDUM","state":"CHHATTISGARH","district":"BASTER","block":"LOHANDIGUDA","indicator":"girls_toilet_nonfunctional"}},{"type":"Feature","geometry":{"type":"Point","coordinates":[82.2133,19.0839]},"properties":{"udise":"22153303302","name":"GOVT UPS DHANPUNGI","state":"CHHATTISGARH","district":"BASTER","block":"JAGDALPUR","indicator":"girls_toilet_nonfunctional"}},{"type":"Feature","geometry":{"type":"Point","coordinates":[81.9325,19.2042]},"properties":{"udise":"22151706101","name":"GOVT PS SEMALNAR","state":"CHHATTISGARH","district":"BASTER","block":"BASTAR","indicator":"girls_toilet_nonfunctional"}},{"type":"Feature","geometry":{"type":"Point","coordinates":[81.8172,19.4375]},"properties":{"udise":"22151702710","name":"GOVT UPS JAMGAON","state":"CHHATTISGARH","district":"BASTER","block":"BASTAR","indicator":"girls_toilet_nonfunctional"}},{"type":"Feature","geometry":{"type":"Point","coordinates":[81.7344,19.1194]},"properties":{"udise":"22152406402","name":"GOVT. PS. MARIGUDA","state":"CHHATTISGARH","district":"BASTER","block":"LOHANDIGUDA","indicator":"girls_toilet_nonfunctional"}},{"type":"Feature","geometry":{"type":"Point","coordinates":[81.9953,19.2756]},"properties":{"udise":"22151705603","name":"GOVT PS BANDIGUDA","state":"CHHATTISGARH","district":"BASTER","block":"BASTAR","indicator":"girls_toilet_nonfunctional"}},{"type":"Feature","geometry":{"type":"Point","coordinates":[81.57,18.8878]},"properties":{"udise":"22153004701","name":"GOVT.PS.SUKKOPARA BODENAR","state":"CHHATTISGARH","district":"BASTER","block":"BASTANAR","indicator":"girls_toilet_nonfunctional"}},{"type":"Feature","geometry":{"type":"Point","coordinates":[82.1619,19.1075]},"properties":{"udise":"22153305303","name":"GOVT PS UPANPAL","state":"CHHATTISGARH","district":"BASTER","block":"JAGDALPUR","indicator":"girls_toilet_nonfunctional"}},{"type":"Feature","geometry":{"type":"Point","coordinates":[81.8997,19.0817]},"properties":{"udise":"22152302601","name":"GOVT PS  BOTABODNA BHEJARIPADAR","state":"CHHATTISGARH","district":"BASTER","block":"TOKAPAL","indicator":"girls_toilet_nonfunctional"}},{"type":"Feature","geometry":{"type":"Point","coordinates":[81.7831,19.3408]},"properties":{"udise":"22151709606","name":"GOVT UPS BAKEL","state":"CHHATTISGARH","district":"BASTER","block":"BASTAR","indicator":"girls_toilet_nonfunctional"}},{"type":"Feature","geometry":{"type":"Point","coordinates":[82.1656,19.3375]},"properties":{"udise":"22152919302","name":"GOVT PS SUKUGUDA","state":"CHHATTISGARH","district":"BASTER","block":"BAKAWAND","indicator":"girls_toilet_nonfunctional"}},{"type":"Feature","geometry":{"type":"Point","coordinates":[81.6078,19.1869]},"properties":{"udise":"22152401001","name":"GOVT. P.S. KHELPARA MARDUM","state":"CHHATTISGARH","district":"BASTER","block":"LOHANDIGUDA","indicator":"girls_toilet_nonfunctional"}},{"type":"Feature","geometry":{"type":"Point","coordinates":[81.8131,18.9719]},"properties":{"udise":"22152309702","name":"GOVT PS BOGAPARA UDWA","state":"CHHATTISGARH","district":"BASTER","block":"TOKAPAL","indicator":"girls_toilet_nonfunctional"}},{"type":"Feature","geometry":{"type":"Point","coordinates":[81.7675,19.2994]},"properties":{"udise":"22151709809","name":"GOVT UPS GUDIPARA","state":"CHHATTISGARH","district":"BASTER","block":"BASTAR","indicator":"girls_toilet_nonfunctional"}},{"type":"Feature","geometry":{"type":"Point","coordinates":[81.8569,19.1297]},"properties":{"udise":"22152300406","name":"GOVT PS  JADAKONTA CHHAPARBHANPURI","state":"CHHATTISGARH","district":"BASTER","block":"TOKAPAL","indicator":"girls_toilet_nonfunctional"}},{"type":"Feature","geometry":{"type":"Point","coordinates":[81.7475,19.2817]},"properties":{"udise":"22151703901","name":"GOVT PS KUDALGAON","state":"CHHATTISGARH","district":"BASTER","block":"BASTAR","indicator":"girls_toilet_nonfunctional"}},{"type":"Feature","geometry":{"type":"Point","coordinates":[82.1253,19.295]},"properties":{"udise":"22152910913","name":"GOVT. PS DAMAGUDA","state":"CHHATTISGARH","district":"BASTER","block":"BAKAWAND","indicator":"girls_toilet_nonfunctional"}},{"type":"Feature","geometry":{"type":"Point","coordinates":[81.6461,19.0786]},"properties":{"udise":"22152403601","name":"GOVT. PS. ANJAR","state":"CHHATTISGARH","district":"BASTER","block":"LOHANDIGUDA","indicator":"girls_toilet_nonfunctional"}},{"type":"Feature","geometry":{"type":"Point","coordinates":[82.0164,19.3539]},"properties":{"udise":"22152919001","name":"GOVT. PRIMARI SCHOOL JADUGUDA","state":"CHHATTISGARH","district":"BASTER","block":"BAKAWAND","indicator":"girls_toilet_nonfunctional"}},{"type":"Feature","geometry":{"type":"Point","coordinates":[81.8328,19.2408]},"properties":{"udise":"22151707302","name":"GOVT PS TINKAPARA","state":"CHHATTISGARH","district":"BASTER","block":"BASTAR","indicator":"girls_toilet_nonfunctional"}},{"type":"Feature","geometry":{"type":"Point","coordinates":[81.99,19.2442]},"properties":{"udise":"22151706305","name":"GOVT PS CHAMAIPARA","state":"CHHATTISGARH","district":"BASTER","block":"BASTAR","indicator":"girls_toilet_nonfunctional"}},{"type":"Feature","geometry":{"type":"Point","coordinates":[81.7508,18.9736]},"properties":{"udise":"22150406206","name":"GOVT. PS ALWA","state":"CHHATTISGARH","district":"BASTER","block":"DARBHA","indicator":"girls_toilet_nonfunctional"}},{"type":"Feature","geometry":{"type":"Point","coordinates":[81.8186,19.3481]},"properties":{"udise":"22151709402","name":"GOVT PS PHARASAGUDA","state":"CHHATTISGARH","district":"BASTER","block":"BASTAR","indicator":"girls_toilet_nonfunctional"}},{"type":"Feature","geometry":{"type":"Point","coordinates":[82.1619,19.1614]},"properties":{"udise":"22152916004","name":"GOVT MS TARAPUR","state":"CHHATTISGARH","district":"BASTER","block":"BAKAWAND","indicator":"girls_toilet_nonfunctional"}},{"type":"Feature","geometry":{"type":"Point","coordinates":[81.7106,19.2422]},"properties":{"udise":"22151708602","name":"GOVT PS AAMADONGARI","state":"CHHATTISGARH","district":"BASTER","block":"BASTAR","indicator":"girls_toilet_nonfunctional"}},{"type":"Feature","geometry":{"type":"Point","coordinates":[81.7544,19.2317]},"properties":{"udise":"22151705005","name":"GOVT PS PANDRAPARA","state":"CHHATTISGARH","district":"BASTER","block":"BASTAR","indicator":"girls_toilet_nonfunctional"}},{"type":"Feature","geometry":{"type":"Point","coordinates":[81.8944,19.1392]},"properties":{"udise":"22151703506","name":"GOVT PS MARLENGA","state":"CHHATTISGARH","district":"BASTER","block":"BASTAR","indicator":"girls_toilet_nonfunctional"}},{"type":"Feature","geometry":{"type":"Point","coordinates":[81.9006,19.2989]},"properties":{"udise":"22151703805","name":"GOVT UPS CHEPDAPARA","state":"CHHATTISGARH","district":"BASTER","block":"BASTAR","indicator":"girls_toilet_nonfunctional"}},{"type":"Feature","geometry":{"type":"Point","coordinates":[82.0036,19.2575]},"properties":{"udise":"22151705604","name":"GOVT PS GADBADGUDA","state":"CHHATTISGARH","district":"BASTER","block":"BASTAR","indicator":"girls_toilet_nonfunctional"}},{"type":"Feature","geometry":{"type":"Point","coordinates":[81.4219,19.2111]},"properties":{"udise":"22152400703","name":"GOVT. UPS. KAHCHENAR","state":"CHHATTISGARH","district":"BASTER","block":"LOHANDIGUDA","indicator":"girls_toilet_nonfunctional"}},{"type":"Feature","geometry":{"type":"Point","coordinates":[81.8489,19.2431]},"properties":{"udise":"22151722101","name":"GOVT PS KHAIRGUDA","state":"CHHATTISGARH","district":"BASTER","block":"BASTAR","indicator":"girls_toilet_nonfunctional"}},{"type":"Feature","geometry":{"type":"Point","coordinates":[81.8089,19.0267]},"properties":{"udise":"22152303201","name":"GOVT UPS MATKOT","state":"CHHATTISGARH","district":"BASTER","block":"TOKAPAL","indicator":"girls_toilet_nonfunctional"}},{"type":"Feature","geometry":{"type":"Point","coordinates":[81.8275,19.2992]},"properties":{"udise":"22151709201","name":"GOVT PS SINDGUDA CHAMIYA","state":"CHHATTISGARH","district":"BASTER","block":"BASTAR","indicator":"girls_toilet_nonfunctional"}},{"type":"Feature","geometry":{"type":"Point","coordinates":[81.6733,19.0397]},"properties":{"udise":"22152406701","name":"GOVT. PS.GARDA","state":"CHHATTISGARH","district":"BASTER","block":"LOHANDIGUDA","indicator":"girls_toilet_nonfunctional"}},{"type":"Feature","geometry":{"type":"Point","coordinates":[81.7597,19.2028]},"properties":{"udise":"22151704502","name":"GOVT PS DUBBAGUDA","state":"CHHATTISGARH","district":"BASTER","block":"BASTAR","indicator":"girls_toilet_nonfunctional"}},{"type":"Feature","geometry":{"type":"Point","coordinates":[81.88,19.2208]},"properties":{"udise":"22151702205","name":"GOVT PS BAKTAPARA","state":"CHHATTISGARH","district":"BASTER","block":"BASTAR","indicator":"girls_toilet_nonfunctional"}},{"type":"Feature","geometry":{"type":"Point","coordinates":[82.1017,19.1342]},"properties":{"udise":"22152915501","name":"GOVT SCHOOL KURUSPAL","state":"CHHATTISGARH","district":"BASTER","block":"BAKAWAND","indicator":"girls_toilet_nonfunctional"}},{"type":"Feature","geometry":{"type":"Point","coordinates":[82.0492,19.1981]},"properties":{"udise":"22152907507","name":"GOVT. UPS BIJAGUDA CHOTEDEWDA(SSA)","state":"CHHATTISGARH","district":"BASTER","block":"BAKAWAND","indicator":"girls_toilet_nonfunctional"}},{"type":"Feature","geometry":{"type":"Point","coordinates":[81.9747,19.2453]},"properties":{"udise":"22151706104","name":"GOVT PS BHATAPARA","state":"CHHATTISGARH","district":"BASTER","block":"BASTAR","indicator":"girls_toilet_nonfunctional"}},{"type":"Feature","geometry":{"type":"Point","coordinates":[81.8847,19.2175]},"properties":{"udise":"22151702204","name":"GOVT UPS SALEMETA","state":"CHHATTISGARH","district":"BASTER","block":"BASTAR","indicator":"girls_toilet_nonfunctional"}},{"type":"Feature","geometry":{"type":"Point","coordinates":[81.9367,19.0572]},"properties":{"udise":"22152304602","name":"GOVT PS  SURIBHATA DIMARAPAL","state":"CHHATTISGARH","district":"BASTER","block":"TOKAPAL","indicator":"girls_toilet_nonfunctional"}},{"type":"Feature","geometry":{"type":"Point","coordinates":[81.8903,19.2164]},"properties":{"udise":"22151702202","name":"GOVT PS SALEMETA","state":"CHHATTISGARH","district":"BASTER","block":"BASTAR","indicator":"girls_toilet_nonfunctional"}},{"type":"Feature","geometry":{"type":"Point","coordinates":[82.0439,19.1694]},"properties":{"udise":"22152903001","name":"GOVT. PRIMARY SCHOOL TINWASHGUDA","state":"CHHATTISGARH","district":"BASTER","block":"BAKAWAND","indicator":"girls_toilet_nonfunctional"}},{"type":"Feature","geometry":{"type":"Point","coordinates":[81.5283,19.2208]},"properties":{"udise":"22152405904","name":"GOVT. UPS. KAKNAR","state":"CHHATTISGARH","district":"BASTER","block":"LOHANDIGUDA","indicator":"girls_toilet_nonfunctional"}},{"type":"Feature","geometry":{"type":"Point","coordinates":[81.8753,19.2111]},"properties":{"udise":"22151703004","name":"GOVT PS LAMKER","state":"CHHATTISGARH","district":"BASTER","block":"BASTAR","indicator":"girls_toilet_nonfunctional"}},{"type":"Feature","geometry":{"type":"Point","coordinates":[82.1647,19.0653]},"properties":{"udise":"22153304502","name":"GOVT UPS BAMHANI","state":"CHHATTISGARH","district":"BASTER","block":"JAGDALPUR","indicator":"girls_toilet_nonfunctional"}},{"type":"Feature","geometry":{"type":"Point","coordinates":[82.1586,18.8692]},"properties":{"udise":"22153318304","name":"GOVT PS GUMALWADA KHASHPARA","state":"CHHATTISGARH","district":"BASTER","block":"JAGDALPUR","indicator":"girls_toilet_nonfunctional"}},{"type":"Feature","geometry":{"type":"Point","coordinates":[82.0219,19.0694]},"properties":{"udise":"22153300902","name":"GOVT PS KOHAKAPAL","state":"CHHATTISGARH","district":"BASTER","block":"JAGDALPUR","indicator":"girls_toilet_nonfunctional"}},{"type":"Feature","geometry":{"type":"Point","coordinates":[81.6089,18.995]},"properties":{"udise":"22153011502","name":"GOVT.PS PATELPARA KAKLUR","state":"CHHATTISGARH","district":"BASTER","block":"BASTANAR","indicator":"girls_toilet_nonfunctional"}},{"type":"Feature","geometry":{"type":"Point","coordinates":[82.1008,19.1314]},"properties":{"udise":"22152915401","name":"GOVT PRIMARY SCHOOL LITIGUDA KOHKAPAL","state":"CHHATTISGARH","district":"BASTER","block":"BAKAWAND","indicator":"girls_toilet_nonfunctional"}},{"type":"Feature","geometry":{"type":"Point","coordinates":[81.86,19.3122]},"properties":{"udise":"22151707114","name":"GOVT PS MUNJLA","state":"CHHATTISGARH","district":"BASTER","block":"BASTAR","indicator":"girls_toilet_nonfunctional"}},{"type":"Feature","geometry":{"type":"Point","coordinates":[82.165,19.1781]},"properties":{"udise":"22152915901","name":"GOVT. KANYA PRIMARY SCHOOL BAJAWAND","state":"CHHATTISGARH","district":"BASTER","block":"BAKAWAND","indicator":"girls_toilet_nonfunctional"}},{"type":"Feature","geometry":{"type":"Point","coordinates":[81.5747,19.0356]},"properties":{"udise":"22153006203","name":"GOVT.PRIMARY SCHOOL LALIPARA","state":"CHHATTISGARH","district":"BASTER","block":"BASTANAR","indicator":"girls_toilet_nonfunctional"}},{"type":"Feature","geometry":{"type":"Point","coordinates":[81.6169,19.0947]},"properties":{"udise":"22152401501","name":"GOVT. PS.  LIMAUPADAR","state":"CHHATTISGARH","district":"BASTER","block":"LOHANDIGUDA","indicator":"girls_toilet_nonfunctional"}},{"type":"Feature","geometry":{"type":"Point","coordinates":[81.8886,18.9769]},"properties":{"udise":"22152304705","name":"GOVT PS PANKAPARA","state":"CHHATTISGARH","district":"BASTER","block":"TOKAPAL","indicator":"girls_toilet_nonfunctional"}},{"type":"Feature","geometry":{"type":"Point","coordinates":[81.7358,18.8814]},"properties":{"udise":"22150400504","name":"GOVT. PS KODHRICHHAPAR","state":"CHHATTISGARH","district":"BASTER","block":"DARBHA","indicator":"girls_toilet_nonfunctional"}},{"type":"Feature","geometry":{"type":"Point","coordinates":[81.5942,19.1186]},"properties":{"udise":"22152413901","name":"GOVT. P.S. HUNGAPARA MARDUM","state":"CHHATTISGARH","district":"BASTER","block":"LOHANDIGUDA","indicator":"girls_toilet_nonfunctional"}},{"type":"Feature","geometry":{"type":"Point","coordinates":[81.4958,18.9575]},"properties":{"udise":"22153001604","name":"GOVT UPS PATELPARA VAHANPUR","state":"CHHATTISGARH","district":"BASTER","block":"BASTANAR","indicator":"girls_toilet_nonfunctional"}},{"type":"Feature","geometry":{"type":"Point","coordinates":[81.7733,19.2658]},"properties":{"udise":"22151722402","name":"GOVT HIGHER SECONDARY SCHOOL MUNDAGAON","state":"CHHATTISGARH","district":"BASTER","block":"BASTAR","indicator":"girls_toilet_nonfunctional"}},{"type":"Feature","geometry":{"type":"Point","coordinates":[81.7111,19.1706]},"properties":{"udise":"22152411704","name":"GOVT. P.S. PUJARIPARA","state":"CHHATTISGARH","district":"BASTER","block":"LOHANDIGUDA","indicator":"girls_toilet_nonfunctional"}},{"type":"Feature","geometry":{"type":"Point","coordinates":[82.0489,19.1233]},"properties":{"udise":"22152915201","name":"GOVT PRIMARY SCHOO ERIKPAL","state":"CHHATTISGARH","district":"BASTER","block":"BAKAWAND","indicator":"girls_toilet_nonfunctional"}},{"type":"Feature","geometry":{"type":"Point","coordinates":[82.1239,19.3678]},"properties":{"udise":"22152907902","name":"GOVT. PRIMARY SCHOOL TALPARA BADE DEVDA","state":"CHHATTISGARH","district":"BASTER","block":"BAKAWAND","indicator":"girls_toilet_nonfunctional"}},{"type":"Feature","geometry":{"type":"Point","coordinates":[81.9481,19.0664]},"properties":{"udise":"22152306401","name":"GOVT PS  AWARABHATABADHISGAON","state":"CHHATTISGARH","district":"BASTER","block":"TOKAPAL","indicator":"girls_toilet_nonfunctional"}},{"type":"Feature","geometry":{"type":"Point","coordinates":[81.9369,19.2047]},"properties":{"udise":"22151709501","name":"GOVT PS BHANPURI","state":"CHHATTISGARH","district":"BASTER","block":"BASTAR","indicator":"girls_toilet_nonfunctional"}},{"type":"Feature","geometry":{"type":"Point","coordinates":[82.0794,19.2389]},"properties":{"udise":"22152901401","name":"GOVT. PRIMARY SCHOOL BANARAS","state":"CHHATTISGARH","district":"BASTER","block":"BAKAWAND","indicator":"girls_toilet_nonfunctional"}},{"type":"Feature","geometry":{"type":"Point","coordinates":[82.0261,19.0186]},"properties":{"udise":"22153320002","name":"GOVT UPS JATAM","state":"CHHATTISGARH","district":"BASTER","block":"JAGDALPUR","indicator":"girls_toilet_nonfunctional"}},{"type":"Feature","geometry":{"type":"Point","coordinates":[81.8658,19.3072]},"properties":{"udise":"22151707101","name":"GOVT PS AAWASPARA","state":"CHHATTISGARH","district":"BASTER","block":"BASTAR","indicator":"girls_toilet_nonfunctional"}},{"type":"Feature","geometry":{"type":"Point","coordinates":[81.7564,19.2189]},"properties":{"udise":"22151704306","name":"GOVT PS MUNDAPARA","state":"CHHATTISGARH","district":"BASTER","block":"BASTAR","indicator":"girls_toilet_nonfunctional"}},{"type":"Feature","geometry":{"type":"Point","coordinates":[81.9361,19.20551]},"properties":{"udise":"22153305803","name":"GOVT HIGHER SECONDARY  SCHOOL. TITIRGAO","state":"CHHATTISGARH","district":"BASTER","block":"JAGDALPUR","indicator":"girls_toilet_nonfunctional"}},{"type":"Feature","geometry":{"type":"Point","coordinates":[81.6797,19.0694]},"properties":{"udise":"22152409514","name":"GOVT.PS.USHAPARA  ANJAR","state":"CHHATTISGARH","district":"BASTER","block":"LOHANDIGUDA","indicator":"girls_toilet_nonfunctional"}},{"type":"Feature","geometry":{"type":"Point","coordinates":[81.5211,19.1169]},"properties":{"udise":"22153003206","name":"GOVT PS JANGALPARA BURGUM","state":"CHHATTISGARH","district":"BASTER","block":"BASTANAR","indicator":"girls_toilet_nonfunctional"}},{"type":"Feature","geometry":{"type":"Point","coordinates":[81.6597,19.3]},"properties":{"udise":"22151708504","name":"GOVT PS BANSPANI","state":"CHHATTISGARH","district":"BASTER","block":"BASTAR","indicator":"girls_toilet_nonfunctional"}},{"type":"Feature","geometry":{"type":"Point","coordinates":[82.1583,18.8694]},"properties":{"udise":"22153311302","name":"GOVT PS KALAGUDA","state":"CHHATTISGARH","district":"BASTER","block":"JAGDALPUR","indicator":"girls_toilet_nonfunctional"}},{"type":"Feature","geometry":{"type":"Point","coordinates":[81.7078,19.1947]},"properties":{"udise":"22152402601","name":"GOVT. PS. BAHARGUDA","state":"CHHATTISGARH","district":"BASTER","block":"LOHANDIGUDA","indicator":"girls_toilet_nonfunctional"}},{"type":"Feature","geometry":{"type":"Point","coordinates":[81.9069,19.2322]},"properties":{"udise":"22151707603","name":"GOVT PS KLARTARAI BALENGA","state":"CHHATTISGARH","district":"BASTER","block":"BASTAR","indicator":"girls_toilet_nonfunctional"}},{"type":"Feature","geometry":{"type":"Point","coordinates":[82.0164,19.1786]},"properties":{"udise":"22152904601","name":"GOVT. PRIMARY SCHOOL BEDA UMAR GAON","state":"CHHATTISGARH","district":"BASTER","block":"BAKAWAND","indicator":"girls_toilet_nonfunctional"}},{"type":"Feature","geometry":{"type":"Point","coordinates":[81.9294,18.9656]},"properties":{"udise":"22150404706","name":"GOVT. PS PADARCHEGNI","state":"CHHATTISGARH","district":"BASTER","block":"DARBHA","indicator":"girls_toilet_nonfunctional"}},{"type":"Feature","geometry":{"type":"Point","coordinates":[81.9475,19.4133]},"properties":{"udise":"22152914403","name":"GOVT NPS GARENGA","state":"CHHATTISGARH","district":"BASTER","block":"BAKAWAND","indicator":"girls_toilet_nonfunctional"}},{"type":"Feature","geometry":{"type":"Point","coordinates":[82.0269,18.9553]},"properties":{"udise":"22153301109","name":"GOVT UPS CHILKUTI","state":"CHHATTISGARH","district":"BASTER","block":"JAGDALPUR","indicator":"girls_toilet_nonfunctional"}},{"type":"Feature","geometry":{"type":"Point","coordinates":[81.81,19.295]},"properties":{"udise":"22151709810","name":"GOVT PS CHOTEAMABAL","state":"CHHATTISGARH","district":"BASTER","block":"BASTAR","indicator":"girls_toilet_nonfunctional"}},{"type":"Feature","geometry":{"type":"Point","coordinates":[82.1597,18.9658]},"properties":{"udise":"22153319602","name":"GOVT PS KAWAPAL","state":"CHHATTISGARH","district":"BASTER","block":"JAGDALPUR","indicator":"girls_toilet_nonfunctional"}},{"type":"Feature","geometry":{"type":"Point","coordinates":[81.7553,19.3047]},"properties":{"udise":"22151709803","name":"GOVT UPS BADEAMABAL","state":"CHHATTISGARH","district":"BASTER","block":"BASTAR","indicator":"girls_toilet_nonfunctional"}},{"type":"Feature","geometry":{"type":"Point","coordinates":[81.7472,18.8628]},"properties":{"udise":"22150407802","name":"GOVT. MS BISPUR","state":"CHHATTISGARH","district":"BASTER","block":"DARBHA","indicator":"girls_toilet_nonfunctional"}},{"type":"Feature","geometry":{"type":"Point","coordinates":[81.7694,19.1825]},"properties":{"udise":"22152402401","name":"GOVT. PS. USARIBEDA","state":"CHHATTISGARH","district":"BASTER","block":"LOHANDIGUDA","indicator":"girls_toilet_nonfunctional"}},{"type":"Feature","geometry":{"type":"Point","coordinates":[81.8542,18.9097]},"properties":{"udise":"22150408201","name":"GOVT. MS TIRATHGARH","state":"CHHATTISGARH","district":"BASTER","block":"DARBHA","indicator":"girls_toilet_nonfunctional"}},{"type":"Feature","geometry":{"type":"Point","coordinates":[81.7272,19.3161]},"properties":{"udise":"22151700209","name":"GOVT UPS MANDLAPAL","state":"CHHATTISGARH","district":"BASTER","block":"BASTAR","indicator":"girls_toilet_nonfunctional"}},{"type":"Feature","geometry":{"type":"Point","coordinates":[81.6636,19.1272]},"properties":{"udise":"22152410101","name":"GOVT. PS. KUTHAR","state":"CHHATTISGARH","district":"BASTER","block":"LOHANDIGUDA","indicator":"girls_toilet_nonfunctional"}},{"type":"Feature","geometry":{"type":"Point","coordinates":[81.855,19.3039]},"properties":{"udise":"22151707102","name":"GOVT UPS TARAGAON","state":"CHHATTISGARH","district":"BASTER","block":"BASTAR","indicator":"girls_toilet_nonfunctional"}},{"type":"Feature","geometry":{"type":"Point","coordinates":[81.7511,19.1711]},"properties":{"udise":"22152403101","name":"GOVT.PS. PARIYAGUDA","state":"CHHATTISGARH","district":"BASTER","block":"LOHANDIGUDA","indicator":"girls_toilet_nonfunctional"}},{"type":"Feature","geometry":{"type":"Point","coordinates":[81.7936,19.1303]},"properties":{"udise":"22152406302","name":"GOVT. PS. PEDAPARA BELAR","state":"CHHATTISGARH","district":"BASTER","block":"LOHANDIGUDA","indicator":"girls_toilet_nonfunctional"}},{"type":"Feature","geometry":{"type":"Point","coordinates":[81.8956,19.4022]},"properties":{"udise":"22151710404","name":"GOVT PS RAUTPARA KESHARPAL","state":"CHHATTISGARH","district":"BASTER","block":"BASTAR","indicator":"girls_toilet_nonfunctional"}},{"type":"Feature","geometry":{"type":"Point","coordinates":[82.0672,19.3844]},"properties":{"udise":"22152911003","name":"GOVT. PS KATACHHEPADA","state":"CHHATTISGARH","district":"BASTER","block":"BAKAWAND","indicator":"girls_toilet_nonfunctional"}},{"type":"Feature","geometry":{"type":"Point","coordinates":[81.8853,19.0394]},"properties":{"udise":"22152300902","name":"GOVT PS BHIMKASHAPARA","state":"CHHATTISGARH","district":"BASTER","block":"TOKAPAL","indicator":"girls_toilet_nonfunctional"}},{"type":"Feature","geometry":{"type":"Point","coordinates":[82.0375,19.0606]},"properties":{"udise":"22153307201","name":"GOVT PS KARKAPAL","state":"CHHATTISGARH","district":"BASTER","block":"JAGDALPUR","indicator":"girls_toilet_nonfunctional"}},{"type":"Feature","geometry":{"type":"Point","coordinates":[81.94,19.0306]},"properties":{"udise":"22152309101","name":"GOVT PS NAYAPARA TELIMARENGA","state":"CHHATTISGARH","district":"BASTER","block":"TOKAPAL","indicator":"girls_toilet_nonfunctional"}},{"type":"Feature","geometry":{"type":"Point","coordinates":[81.9339,19.3133]},"properties":{"udise":"22151707901","name":"GOVT PS JAMGUDA","state":"CHHATTISGARH","district":"BASTER","block":"BASTAR","indicator":"girls_toilet_nonfunctional"}},{"type":"Feature","geometry":{"type":"Point","coordinates":[81.7369,19.0869]},"properties":{"udise":"22152408702","name":"GOVT. PS. MITOOPARA ERMUR","state":"CHHATTISGARH","district":"BASTER","block":"LOHANDIGUDA","indicator":"girls_toilet_nonfunctional"}},{"type":"Feature","geometry":{"type":"Point","coordinates":[81.5519,19.0119]},"properties":{"udise":"22153003601","name":"GOVT. PS.NAKAPARA BIRGALI","state":"CHHATTISGARH","district":"BASTER","block":"BASTANAR","indicator":"girls_toilet_nonfunctional"}},{"type":"Feature","geometry":{"type":"Point","coordinates":[81.8294,19.2411]},"properties":{"udise":"22151709202","name":"GOVT PS GAGRAPARA MADHOTA","state":"CHHATTISGARH","district":"BASTER","block":"BASTAR","indicator":"girls_toilet_nonfunctional"}},{"type":"Feature","geometry":{"type":"Point","coordinates":[81.6461,19.0786]},"properties":{"udise":"22152411605","name":"GOVT. PS. BAKADIPARA  ANJAR","state":"CHHATTISGARH","district":"BASTER","block":"LOHANDIGUDA","indicator":"girls_toilet_nonfunctional"}},{"type":"Feature","geometry":{"type":"Point","coordinates":[81.7875,19.1792]},"properties":{"udise":"22152419201","name":"GOVT. UPS. DURKIGUDA CHHINDGAON","state":"CHHATTISGARH","district":"BASTER","block":"LOHANDIGUDA","indicator":"girls_toilet_nonfunctional"}},{"type":"Feature","geometry":{"type":"Point","coordinates":[81.6306,19.0486]},"properties":{"udise":"22152405001","name":"GOVT. UPS. PATELPARA ANJAR","state":"CHHATTISGARH","district":"BASTER","block":"LOHANDIGUDA","indicator":"girls_toilet_nonfunctional"}},{"type":"Feature","geometry":{"type":"Point","coordinates":[81.7756,19.0017]},"properties":{"udise":"22152310403","name":"GOVT PS  BAKTAPARA","state":"CHHATTISGARH","district":"BASTER","block":"TOKAPAL","indicator":"girls_toilet_nonfunctional"}},{"type":"Feature","geometry":{"type":"Point","coordinates":[82.1075,19.22]},"properties":{"udise":"22152900905","name":"GOVT GYANJYOTI BAIDARPARA KOSHMI","state":"CHHATTISGARH","district":"BASTER","block":"BAKAWAND","indicator":"girls_toilet_nonfunctional"}},{"type":"Feature","geometry":{"type":"Point","coordinates":[81.8972,19.2083]},"properties":{"udise":"22151707806","name":"GOVT PS SARGIGUDA BHOND","state":"CHHATTISGARH","district":"BASTER","block":"BASTAR","indicator":"girls_toilet_nonfunctional"}},{"type":"Feature","geometry":{"type":"Point","coordinates":[81.6336,18.8578]},"properties":{"udise":"22153005009","name":"GOVT.UPS KOLAPARA","state":"CHHATTISGARH","district":"BASTER","block":"BASTANAR","indicator":"girls_toilet_nonfunctional"}},{"type":"Feature","geometry":{"type":"Point","coordinates":[81.5433,19.1869]},"properties":{"udise":"22152405201","name":"GOVT. PS. DONGARIGUDA SATASPUR","state":"CHHATTISGARH","district":"BASTER","block":"LOHANDIGUDA","indicator":"girls_toilet_nonfunctional"}},{"type":"Feature","geometry":{"type":"Point","coordinates":[81.6758,19.0961]},"properties":{"udise":"22152402911","name":"GOVT.UPS. KASTURPAL","state":"CHHATTISGARH","district":"BASTER","block":"LOHANDIGUDA","indicator":"girls_toilet_nonfunctional"}},{"type":"Feature","geometry":{"type":"Point","coordinates":[81.9703,19.0469]},"properties":{"udise":"22153300201","name":"GOVT PS KUNJA PARPA","state":"CHHATTISGARH","district":"BASTER","block":"JAGDALPUR","indicator":"girls_toilet_nonfunctional"}},{"type":"Feature","geometry":{"type":"Point","coordinates":[82.075,19.4444]},"properties":{"udise":"22152906601","name":"GOVT. PRIMARY SCHOOL BAGRAY","state":"CHHATTISGARH","district":"BASTER","block":"BAKAWAND","indicator":"girls_toilet_nonfunctional"}},{"type":"Feature","geometry":{"type":"Point","coordinates":[82.0111,19.4725]},"properties":{"udise":"22152913323","name":"GOVT. PS GUDIYARI PARA SATOSHA","state":"CHHATTISGARH","district":"BASTER","block":"BAKAWAND","indicator":"girls_toilet_nonfunctional"}},{"type":"Feature","geometry":{"type":"Point","coordinates":[81.8803,18.9947]},"properties":{"udise":"22152305201","name":"GOVT PS PARA RAJOOR","state":"CHHATTISGARH","district":"BASTER","block":"TOKAPAL","indicator":"girls_toilet_nonfunctional"}},{"type":"Feature","geometry":{"type":"Point","coordinates":[81.8817,19.2561]},"properties":{"udise":"22151701506","name":"GOVT PS KUSUMMUNDAPARA TARAGAON","state":"CHHATTISGARH","district":"BASTER","block":"BASTAR","indicator":"girls_toilet_nonfunctional"}},{"type":"Feature","geometry":{"type":"Point","coordinates":[82.0936,19.3447]},"properties":{"udise":"22152908202","name":"GOVT. M.S NARAWAND","state":"CHHATTISGARH","district":"BASTER","block":"BAKAWAND","indicator":"girls_toilet_nonfunctional"}},{"type":"Feature","geometry":{"type":"Point","coordinates":[81.5556,21.8947]},"properties":{"udise":"22231013503","name":"SARASWATI SHISHU MANDIR BHAGHUL","state":"CHHATTISGARH","district":"BEMETARA","block":"NAWAGARH","indicator":"no_girls_toilet"}},{"type":"Feature","geometry":{"type":"Point","coordinates":[81.1842,21.5903]},"properties":{"udise":"22231212502","name":"GOVT MS PATHARRIKALA","state":"CHHATTISGARH","district":"BEMETARA","block":"SAJA","indicator":"no_girls_toilet"}},{"type":"Feature","geometry":{"type":"Point","coordinates":[81.6522,21.9081]},"properties":{"udise":"22231014006","name":"GOVT HIGHER SECONDARY SCHOOL MURTA","state":"CHHATTISGARH","district":"BEMETARA","block":"NAWAGARH","indicator":"no_girls_toilet"}},{"type":"Feature","geometry":{"type":"Point","coordinates":[81.4767,21.6381]},"properties":{"udise":"22230302502","name":"GOVT MS SANDI (SSA)","state":"CHHATTISGARH","district":"BEMETARA","block":"BERLA","indicator":"no_girls_toilet"}},{"type":"Feature","geometry":{"type":"Point","coordinates":[81.6525,21.7214]},"properties":{"udise":"22230205201","name":"GOVT PS BALSAMUND","state":"CHHATTISGARH","district":"BEMETARA","block":"BEMETARA","indicator":"no_girls_toilet"}},{"type":"Feature","geometry":{"type":"Point","coordinates":[81.545,21.9061]},"properties":{"udise":"22231013602","name":"GOVT MS BAGHULI","state":"CHHATTISGARH","district":"BEMETARA","block":"NAWAGARH","indicator":"no_girls_toilet"}},{"type":"Feature","geometry":{"type":"Point","coordinates":[81.6856,21.7689]},"properties":{"udise":"22230206301","name":"GOVT PS JHIRIYA","state":"CHHATTISGARH","district":"BEMETARA","block":"BEMETARA","indicator":"no_girls_toilet"}},{"type":"Feature","geometry":{"type":"Point","coordinates":[81.6822,21.6172]},"properties":{"udise":"22230306201","name":"GOVT PS TEMARI","state":"CHHATTISGARH","district":"BEMETARA","block":"BERLA","indicator":"no_girls_toilet"}},{"type":"Feature","geometry":{"type":"Point","coordinates":[81.7203,21.9019]},"properties":{"udise":"22231011501","name":"GOVT PS BELTUKRI","state":"CHHATTISGARH","district":"BEMETARA","block":"NAWAGARH","indicator":"no_girls_toilet"}},{"type":"Feature","geometry":{"type":"Point","coordinates":[81.6131,21.8292]},"properties":{"udise":"22230202704","name":"GOVT SECONDARY SCHOOL KHAMHI","state":"CHHATTISGARH","district":"BEMETARA","block":"BEMETARA","indicator":"no_girls_toilet"}},{"type":"Feature","geometry":{"type":"Point","coordinates":[81.7925,21.9172]},"properties":{"udise":"22231015202","name":"GOVT MS BENWARA","state":"CHHATTISGARH","district":"BEMETARA","block":"NAWAGARH","indicator":"no_girls_toilet"}},{"type":"Feature","geometry":{"type":"Point","coordinates":[81.6117,21.6619]},"properties":{"udise":"22230209501","name":"GOVT PS DOKLA","state":"CHHATTISGARH","district":"BEMETARA","block":"BEMETARA","indicator":"no_girls_toilet"}},{"type":"Feature","geometry":{"type":"Point","coordinates":[81.2956,21.7564]},"properties":{"udise":"22231205602","name":"GOVT MS TEDHI (SSA)","state":"CHHATTISGARH","district":"BEMETARA","block":"SAJA","indicator":"no_girls_toilet"}},{"type":"Feature","geometry":{"type":"Point","coordinates":[81.5394,21.8344]},"properties":{"udise":"22230200701","name":"GOVT PS LAWATARA","state":"CHHATTISGARH","district":"BEMETARA","block":"BEMETARA","indicator":"no_girls_toilet"}},{"type":"Feature","geometry":{"type":"Point","coordinates":[81.62,21.7422]},"properties":{"udise":"22230207702","name":"GOVT MS BHAISA  (SSA)","state":"CHHATTISGARH","district":"BEMETARA","block":"BEMETARA","indicator":"no_girls_toilet"}},{"type":"Feature","geometry":{"type":"Point","coordinates":[81.5503,21.9136]},"properties":{"udise":"22231013202","name":"GOVT MS NEWSA","state":"CHHATTISGARH","district":"BEMETARA","block":"NAWAGARH","indicator":"no_girls_toilet"}},{"type":"Feature","geometry":{"type":"Point","coordinates":[81.8817,21.8561]},"properties":{"udise":"22231010901","name":"GOVT PS KAPA MARRO","state":"CHHATTISGARH","district":"BEMETARA","block":"NAWAGARH","indicator":"no_girls_toilet"}},{"type":"Feature","geometry":{"type":"Point","coordinates":[81.7494,21.8806]},"properties":{"udise":"22231000801","name":"GOVT PS AMORA","state":"CHHATTISGARH","district":"BEMETARA","block":"NAWAGARH","indicator":"no_girls_toilet"}},{"type":"Feature","geometry":{"type":"Point","coordinates":[81.57389,21.85889]},"properties":{"udise":"22231007403","name":"GOVT HIGH SCHOOL TORA","state":"CHHATTISGARH","district":"BEMETARA","block":"NAWAGARH","indicator":"no_girls_toilet"}},{"type":"Feature","geometry":{"type":"Point","coordinates":[81.6967,21.9228]},"properties":{"udise":"22231002701","name":"GOVT PS GODHIKALA","state":"CHHATTISGARH","district":"BEMETARA","block":"NAWAGARH","indicator":"no_girls_toilet"}},{"type":"Feature","geometry":{"type":"Point","coordinates":[81.7186,21.8961]},"properties":{"udise":"22231020901","name":"GOVT PS TINGALI JEVRA","state":"CHHATTISGARH","district":"BEMETARA","block":"NAWAGARH","indicator":"no_girls_toilet"}},{"type":"Feature","geometry":{"type":"Point","coordinates":[81.5908,21.9186]},"properties":{"udise":"22231012202","name":"GOVT MS MURKUTA","state":"CHHATTISGARH","district":"BEMETARA","block":"NAWAGARH","indicator":"no_girls_toilet"}},{"type":"Feature","geometry":{"type":"Point","coordinates":[81.7089,21.8425]},"properties":{"udise":"22231000105","name":"GOVT PS BORDEHI","state":"CHHATTISGARH","district":"BEMETARA","block":"NAWAGARH","indicator":"no_girls_toilet"}},{"type":"Feature","geometry":{"type":"Point","coordinates":[81.6047,21.9069]},"properties":{"udise":"22231008603","name":"GOVT GIRLS PS  NAWAGARH","state":"CHHATTISGARH","district":"BEMETARA","block":"NAWAGARH","indicator":"no_girls_toilet"}},{"type":"Feature","geometry":{"type":"Point","coordinates":[81.8164,21.7733]},"properties":{"udise":"22231004501","name":"GOVT PS KHAPARI NO.1","state":"CHHATTISGARH","district":"BEMETARA","block":"NAWAGARH","indicator":"no_girls_toilet"}},{"type":"Feature","geometry":{"type":"Point","coordinates":[81.6658,21.9358]},"properties":{"udise":"22231014502","name":"GOVT MS HARMUDI","state":"CHHATTISGARH","district":"BEMETARA","block":"NAWAGARH","indicator":"no_girls_toilet"}},{"type":"Feature","geometry":{"type":"Point","coordinates":[81.4064,21.5706]},"properties":{"udise":"22230313101","name":"GOVT PS TABALGHOR","state":"CHHATTISGARH","district":"BEMETARA","block":"BERLA","indicator":"no_girls_toilet"}},{"type":"Feature","geometry":{"type":"Point","coordinates":[81.6075,21.8694]},"properties":{"udise":"22231005201","name":"GOVT PS KHAPRI","state":"CHHATTISGARH","district":"BEMETARA","block":"NAWAGARH","indicator":"no_girls_toilet"}},{"type":"Feature","geometry":{"type":"Point","coordinates":[81.5983,21.9378]},"properties":{"udise":"22231005702","name":"GOVT PS GANGPUR","state":"CHHATTISGARH","district":"BEMETARA","block":"NAWAGARH","indicator":"no_girls_toilet"}},{"type":"Feature","geometry":{"type":"Point","coordinates":[81.5258,21.4331]},"properties":{"udise":"22230303301","name":"GOVT MS HASDA","state":"CHHATTISGARH","district":"BEMETARA","block":"BERLA","indicator":"no_girls_toilet"}},{"type":"Feature","geometry":{"type":"Point","coordinates":[81.5711,21.6067]},"properties":{"udise":"22230309002","name":"GOVT MS AANDU","state":"CHHATTISGARH","district":"BEMETARA","block":"BERLA","indicator":"no_girls_toilet"}},{"type":"Feature","geometry":{"type":"Point","coordinates":[81.6658,21.9358]},"properties":{"udise":"22231014501","name":"GOVT PS HARMUDI","state":"CHHATTISGARH","district":"BEMETARA","block":"NAWAGARH","indicator":"no_girls_toilet"}},{"type":"Feature","geometry":{"type":"Point","coordinates":[81.3556,21.7358]},"properties":{"udise":"22231215601","name":"GOVT PS PALENI","state":"CHHATTISGARH","district":"BEMETARA","block":"SAJA","indicator":"no_girls_toilet"}},{"type":"Feature","geometry":{"type":"Point","coordinates":[81.4122,21.7511]},"properties":{"udise":"22231218402","name":"GOVT NAVIN PS DANGANIYA","state":"CHHATTISGARH","district":"BEMETARA","block":"SAJA","indicator":"no_girls_toilet"}},{"type":"Feature","geometry":{"type":"Point","coordinates":[81.5825,21.5111]},"properties":{"udise":"22230307001","name":"GOVT PS TELGA","state":"CHHATTISGARH","district":"BEMETARA","block":"BERLA","indicator":"no_girls_toilet"}},{"type":"Feature","geometry":{"type":"Point","coordinates":[81.6444,21.8214]},"properties":{"udise":"22231007702","name":"GOVT MS MAKKHANPUR","state":"CHHATTISGARH","district":"BEMETARA","block":"NAWAGARH","indicator":"no_girls_toilet"}},{"type":"Feature","geometry":{"type":"Point","coordinates":[81.5633,21.5875]},"properties":{"udise":"22230308401","name":"GOVT PS SARDA","state":"CHHATTISGARH","district":"BEMETARA","block":"BERLA","indicator":"no_girls_toilet"}},{"type":"Feature","geometry":{"type":"Point","coordinates":[81.5447,21.9061]},"properties":{"udise":"22231013601","name":"GOVT PS BAGHULI","state":"CHHATTISGARH","district":"BEMETARA","block":"NAWAGARH","indicator":"no_girls_toilet"}},{"type":"Feature","geometry":{"type":"Point","coordinates":[81.7436,21.8147]},"properties":{"udise":"22231001203","name":"GOVT MS KHAPRI NO 2","state":"CHHATTISGARH","district":"BEMETARA","block":"NAWAGARH","indicator":"no_girls_toilet"}},{"type":"Feature","geometry":{"type":"Point","coordinates":[81.6386,21.6203]},"properties":{"udise":"22230306301","name":"GOVT PS JHALMALA","state":"CHHATTISGARH","district":"BEMETARA","block":"BERLA","indicator":"no_girls_toilet"}},{"type":"Feature","geometry":{"type":"Point","coordinates":[81.5175,21.9586]},"properties":{"udise":"22230213901","name":"GOVT PS CHARGHAT","state":"CHHATTISGARH","district":"BEMETARA","block":"BEMETARA","indicator":"no_girls_toilet"}},{"type":"Feature","geometry":{"type":"Point","coordinates":[81.7497,21.8747]},"properties":{"udise":"22231011401","name":"GOVT PS KESTARA","state":"CHHATTISGARH","district":"BEMETARA","block":"NAWAGARH","indicator":"no_girls_toilet"}},{"type":"Feature","geometry":{"type":"Point","coordinates":[81.7417,21.9128]},"properties":{"udise":"22231011104","name":"GOVT PS SAMBALPUR","state":"CHHATTISGARH","district":"BEMETARA","block":"NAWAGARH","indicator":"no_girls_toilet"}},{"type":"Feature","geometry":{"type":"Point","coordinates":[81.3156,21.7231]},"properties":{"udise":"22231205202","name":"GOVT MS THELKA","state":"CHHATTISGARH","district":"BEMETARA","block":"SAJA","indicator":"no_girls_toilet"}},{"type":"Feature","geometry":{"type":"Point","coordinates":[81.5564,21.895]},"properties":{"udise":"22231013502","name":"GOVT MS BAGHUL","state":"CHHATTISGARH","district":"BEMETARA","block":"NAWAGARH","indicator":"no_girls_toilet"}},{"type":"Feature","geometry":{"type":"Point","coordinates":[81.6914,21.8647]},"properties":{"udise":"22231003201","name":"GOVT PS RUSEY","state":"CHHATTISGARH","district":"BEMETARA","block":"NAWAGARH","indicator":"no_girls_toilet"}},{"type":"Feature","geometry":{"type":"Point","coordinates":[81.44444,21.66444]},"properties":{"udise":"22230304903","name":"GOVT HIGH SCHOOL BHEDANI","state":"CHHATTISGARH","district":"BEMETARA","block":"BERLA","indicator":"no_girls_toilet"}},{"type":"Feature","geometry":{"type":"Point","coordinates":[81.6383,21.8597]},"properties":{"udise":"22231005901","name":"GOVT PS HATHADANDU","state":"CHHATTISGARH","district":"BEMETARA","block":"NAWAGARH","indicator":"no_girls_toilet"}},{"type":"Feature","geometry":{"type":"Point","coordinates":[81.8828,21.8519]},"properties":{"udise":"22231010802","name":"GOVT MS  CHAKRAWAY","state":"CHHATTISGARH","district":"BEMETARA","block":"NAWAGARH","indicator":"no_girls_toilet"}},{"type":"Feature","geometry":{"type":"Point","coordinates":[81.4383,21.7308]},"properties":{"udise":"22231202901","name":"GOVT PS HARDAS","state":"CHHATTISGARH","district":"BEMETARA","block":"SAJA","indicator":"no_girls_toilet"}},{"type":"Feature","geometry":{"type":"Point","coordinates":[81.6294,21.5847]},"properties":{"udise":"22230306501","name":"GOVT PS PENDRI","state":"CHHATTISGARH","district":"BEMETARA","block":"BERLA","indicator":"no_girls_toilet"}},{"type":"Feature","geometry":{"type":"Point","coordinates":[81.4911,21.665]},"properties":{"udise":"22230208601","name":"GOVT PS BHINPURI","state":"CHHATTISGARH","district":"BEMETARA","block":"BEMETARA","indicator":"no_girls_toilet"}},{"type":"Feature","geometry":{"type":"Point","coordinates":[81.6672,21.8717]},"properties":{"udise":"22231014802","name":"GOVT MS SIVNI","state":"CHHATTISGARH","district":"BEMETARA","block":"NAWAGARH","indicator":"no_girls_toilet"}},{"type":"Feature","geometry":{"type":"Point","coordinates":[81.6814,21.7378]},"properties":{"udise":"22230205802","name":"GOVT MS BHOTHIDIH (SSA)","state":"CHHATTISGARH","district":"BEMETARA","block":"BEMETARA","indicator":"no_girls_toilet"}},{"type":"Feature","geometry":{"type":"Point","coordinates":[81.6919,21.8717]},"properties":{"udise":"22231003001","name":"GOVT PS NEUR","state":"CHHATTISGARH","district":"BEMETARA","block":"NAWAGARH","indicator":"no_girls_toilet"}},{"type":"Feature","geometry":{"type":"Point","coordinates":[81.6144,21.9744]},"properties":{"udise":"22231005203","name":"GOVT PS KHAPRI G","state":"CHHATTISGARH","district":"BEMETARA","block":"NAWAGARH","indicator":"no_girls_toilet"}},{"type":"Feature","geometry":{"type":"Point","coordinates":[81.5228,21.8872]},"properties":{"udise":"22230217601","name":"GOVT PS NEVASPUR (SSA)","state":"CHHATTISGARH","district":"BEMETARA","block":"BEMETARA","indicator":"no_girls_toilet"}},{"type":"Feature","geometry":{"type":"Point","coordinates":[81.5772,21.9361]},"properties":{"udise":"22231012402","name":"GOVT PS HARDI","state":"CHHATTISGARH","district":"BEMETARA","block":"NAWAGARH","indicator":"no_girls_toilet"}},{"type":"Feature","geometry":{"type":"Point","coordinates":[81.7458,21.8328]},"properties":{"udise":"22231000501","name":"GOVT PS PAUNSARI","state":"CHHATTISGARH","district":"BEMETARA","block":"NAWAGARH","indicator":"no_girls_toilet"}},{"type":"Feature","geometry":{"type":"Point","coordinates":[81.6122,21.9033]},"properties":{"udise":"22231008609","name":"GOVT GIRLS MS  NAWAGARH","state":"CHHATTISGARH","district":"BEMETARA","block":"NAWAGARH","indicator":"no_girls_toilet"}},{"type":"Feature","geometry":{"type":"Point","coordinates":[81.4931,21.695]},"properties":{"udise":"22230208701","name":"GOVT PS HATHMUDI","state":"CHHATTISGARH","district":"BEMETARA","block":"BEMETARA","indicator":"no_girls_toilet"}},{"type":"Feature","geometry":{"type":"Point","coordinates":[81.7203,21.9019]},"properties":{"udise":"22231011502","name":"GOVT NAVIN MS BELTUKRI","state":"CHHATTISGARH","district":"BEMETARA","block":"NAWAGARH","indicator":"no_girls_toilet"}},{"type":"Feature","geometry":{"type":"Point","coordinates":[81.7525,21.8172]},"properties":{"udise":"22231021401","name":"GOVT PS KANHARPUR","state":"CHHATTISGARH","district":"BEMETARA","block":"NAWAGARH","indicator":"no_girls_toilet"}},{"type":"Feature","geometry":{"type":"Point","coordinates":[81.695,21.9442]},"properties":{"udise":"22231003301","name":"GOVT PS KAWARAKAPA","state":"CHHATTISGARH","district":"BEMETARA","block":"NAWAGARH","indicator":"no_girls_toilet"}},{"type":"Feature","geometry":{"type":"Point","coordinates":[81.6719,21.7097]},"properties":{"udise":"22230205302","name":"GOVT MS JOGIPUR (SSA)","state":"CHHATTISGARH","district":"BEMETARA","block":"BEMETARA","indicator":"no_girls_toilet"}},{"type":"Feature","geometry":{"type":"Point","coordinates":[81.7633,21.8606]},"properties":{"udise":"22231002101","name":"GOVT PS MEHNA","state":"CHHATTISGARH","district":"BEMETARA","block":"NAWAGARH","indicator":"no_girls_toilet"}},{"type":"Feature","geometry":{"type":"Point","coordinates":[81.8097,21.8236]},"properties":{"udise":"22231001902","name":"GOVT MS MURKUTA","state":"CHHATTISGARH","district":"BEMETARA","block":"NAWAGARH","indicator":"no_girls_toilet"}},{"type":"Feature","geometry":{"type":"Point","coordinates":[81.3889,21.6389]},"properties":{"udise":"22230301902","name":"GOVT MS KESHDABRI (SSA)","state":"CHHATTISGARH","district":"BEMETARA","block":"BERLA","indicator":"no_girls_toilet"}},{"type":"Feature","geometry":{"type":"Point","coordinates":[81.3514,21.5672]},"properties":{"udise":"22230301601","name":"GOVT PS CHONGI KHAPRI","state":"CHHATTISGARH","district":"BEMETARA","block":"BERLA","indicator":"no_girls_toilet"}},{"type":"Feature","geometry":{"type":"Point","coordinates":[81.6553,21.8139]},"properties":{"udise":"22230216201","name":"GOVT PS BARADERA","state":"CHHATTISGARH","district":"BEMETARA","block":"BEMETARA","indicator":"no_girls_toilet"}},{"type":"Feature","geometry":{"type":"Point","coordinates":[81.5164,21.9725]},"properties":{"udise":"22230211603","name":"GOVT MS NAGPURA (SSA)","state":"CHHATTISGARH","district":"BEMETARA","block":"BEMETARA","indicator":"no_girls_toilet"}},{"type":"Feature","geometry":{"type":"Point","coordinates":[81.7383,21.9375]},"properties":{"udise":"22231012001","name":"GOVT PS CHAKAPENDRA","state":"CHHATTISGARH","district":"BEMETARA","block":"NAWAGARH","indicator":"no_girls_toilet"}},{"type":"Feature","geometry":{"type":"Point","coordinates":[81.7119,21.9439]},"properties":{"udise":"22231003504","name":"GOVT PS ANDHIYARKHOR","state":"CHHATTISGARH","district":"BEMETARA","block":"NAWAGARH","indicator":"no_girls_toilet"}},{"type":"Feature","geometry":{"type":"Point","coordinates":[81.6375,21.9619]},"properties":{"udise":"22231020102","name":"GOVT PS DHARAMPURA","state":"CHHATTISGARH","district":"BEMETARA","block":"NAWAGARH","indicator":"no_girls_toilet"}},{"type":"Feature","geometry":{"type":"Point","coordinates":[81.6317,21.9208]},"properties":{"udise":"22231014301","name":"GOVT PS KAUDIYA","state":"CHHATTISGARH","district":"BEMETARA","block":"NAWAGARH","indicator":"no_girls_toilet"}},{"type":"Feature","geometry":{"type":"Point","coordinates":[81.5214,21.6325]},"properties":{"udise":"22230302702","name":"GOVT MS BAHINGA (SSA)","state":"CHHATTISGARH","district":"BEMETARA","block":"BERLA","indicator":"no_girls_toilet"}},{"type":"Feature","geometry":{"type":"Point","coordinates":[81.8758,21.8325]},"properties":{"udise":"22231008201","name":"GOVT PS MOHLINE","state":"CHHATTISGARH","district":"BEMETARA","block":"NAWAGARH","indicator":"no_girls_toilet"}},{"type":"Feature","geometry":{"type":"Point","coordinates":[81.7911,21.8633]},"properties":{"udise":"22231002401","name":"GOVT PS BUNDELI","state":"CHHATTISGARH","district":"BEMETARA","block":"NAWAGARH","indicator":"no_girls_toilet"}},{"type":"Feature","geometry":{"type":"Point","coordinates":[81.8481,21.7606]},"properties":{"udise":"22231004701","name":"GOVT PS KARAMSEN","state":"CHHATTISGARH","district":"BEMETARA","block":"NAWAGARH","indicator":"no_girls_toilet"}},{"type":"Feature","geometry":{"type":"Point","coordinates":[81.2464,21.6522]},"properties":{"udise":"22231204101","name":"GOVT PS MUNGALATOLA","state":"CHHATTISGARH","district":"BEMETARA","block":"SAJA","indicator":"no_girls_toilet"}},{"type":"Feature","geometry":{"type":"Point","coordinates":[81.74,21.7922]},"properties":{"udise":"22230203001","name":"GOVT MS  KHAMAHRIYA","state":"CHHATTISGARH","district":"BEMETARA","block":"BEMETARA","indicator":"no_girls_toilet"}},{"type":"Feature","geometry":{"type":"Point","coordinates":[81.5456,21.6139]},"properties":{"udise":"22230308901","name":"GOVT PS BAWANLAKH","state":"CHHATTISGARH","district":"BEMETARA","block":"BERLA","indicator":"no_girls_toilet"}},{"type":"Feature","geometry":{"type":"Point","coordinates":[81.6303,21.9764]},"properties":{"udise":"22231005304","name":"GOVT PS GADAMORE","state":"CHHATTISGARH","district":"BEMETARA","block":"NAWAGARH","indicator":"no_girls_toilet"}},{"type":"Feature","geometry":{"type":"Point","coordinates":[81.3986,21.5844]},"properties":{"udise":"22230302401","name":"GOVT MS PARPODA","state":"CHHATTISGARH","district":"BEMETARA","block":"BERLA","indicator":"no_girls_toilet"}},{"type":"Feature","geometry":{"type":"Point","coordinates":[81.6675,21.5725]},"properties":{"udise":"22230305904","name":"GOVT PS MANJHIDERA (SSA)","state":"CHHATTISGARH","district":"BEMETARA","block":"BERLA","indicator":"no_girls_toilet"}},{"type":"Feature","geometry":{"type":"Point","coordinates":[81.4353,21.7342]},"properties":{"udise":"22231219401","name":"GOVT PS GIDHWA","state":"CHHATTISGARH","district":"BEMETARA","block":"SAJA","indicator":"no_girls_toilet"}},{"type":"Feature","geometry":{"type":"Point","coordinates":[81.6947,21.7481]},"properties":{"udise":"22230205901","name":"GOVT PS PURAN","state":"CHHATTISGARH","district":"BEMETARA","block":"BEMETARA","indicator":"no_girls_toilet"}},{"type":"Feature","geometry":{"type":"Point","coordinates":[81.1989,21.6928]},"properties":{"udise":"22231203402","name":"GOVT PS KEHKA","state":"CHHATTISGARH","district":"BEMETARA","block":"SAJA","indicator":"no_girls_toilet"}},{"type":"Feature","geometry":{"type":"Point","coordinates":[81.7436,21.8144]},"properties":{"udise":"22231001202","name":"GOVT PS KHAPRI NO 02","state":"CHHATTISGARH","district":"BEMETARA","block":"NAWAGARH","indicator":"no_girls_toilet"}},{"type":"Feature","geometry":{"type":"Point","coordinates":[81.4236,21.7056]},"properties":{"udise":"22231202701","name":"GOVT PS KATALBOD","state":"CHHATTISGARH","district":"BEMETARA","block":"SAJA","indicator":"no_girls_toilet"}},{"type":"Feature","geometry":{"type":"Point","coordinates":[81.4986,21.8397]},"properties":{"udise":"22230200501","name":"GOVT PS BANSAPUR","state":"CHHATTISGARH","district":"BEMETARA","block":"BEMETARA","indicator":"no_girls_toilet"}},{"type":"Feature","geometry":{"type":"Point","coordinates":[81.2922,21.5997]},"properties":{"udise":"22231207102","name":"GOVT PS MOHGAON","state":"CHHATTISGARH","district":"BEMETARA","block":"SAJA","indicator":"no_girls_toilet"}},{"type":"Feature","geometry":{"type":"Point","coordinates":[81.6144,21.9478]},"properties":{"udise":"22231004805","name":"GOVT PS JHAAL","state":"CHHATTISGARH","district":"BEMETARA","block":"NAWAGARH","indicator":"no_girls_toilet"}},{"type":"Feature","geometry":{"type":"Point","coordinates":[81.6764,21.6194]},"properties":{"udise":"22230306102","name":"GOVT PS TIVRAIYA","state":"CHHATTISGARH","district":"BEMETARA","block":"BERLA","indicator":"no_girls_toilet"}},{"type":"Feature","geometry":{"type":"Point","coordinates":[81.7269,21.9308]},"properties":{"udise":"22231011601","name":"GOVT PS KHATAI","state":"CHHATTISGARH","district":"BEMETARA","block":"NAWAGARH","indicator":"no_girls_toilet"}},{"type":"Feature","geometry":{"type":"Point","coordinates":[81.5658,21.8769]},"properties":{"udise":"22231019402","name":"GOVT MS RISAMLI","state":"CHHATTISGARH","district":"BEMETARA","block":"NAWAGARH","indicator":"no_girls_toilet"}},{"type":"Feature","geometry":{"type":"Point","coordinates":[81.8164,21.7967]},"properties":{"udise":"22231004601","name":"GOVT PS MURRA","state":"CHHATTISGARH","district":"BEMETARA","block":"NAWAGARH","indicator":"no_girls_toilet"}},{"type":"Feature","geometry":{"type":"Point","coordinates":[81.6817,21.7636]},"properties":{"udise":"22230206001","name":"GOVT PS USLAPUR","state":"CHHATTISGARH","district":"BEMETARA","block":"BEMETARA","indicator":"no_girls_toilet"}},{"type":"Feature","geometry":{"type":"Point","coordinates":[81.36972,21.61889]},"properties":{"udise":"22230301405","name":"GOVT HIGH SCHOOL KODWA","state":"CHHATTISGARH","district":"BEMETARA","block":"BERLA","indicator":"no_girls_toilet"}},{"type":"Feature","geometry":{"type":"Point","coordinates":[81.7269,21.9306]},"properties":{"udise":"22231011602","name":"GOVT MS KHATAI","state":"CHHATTISGARH","district":"BEMETARA","block":"NAWAGARH","indicator":"no_girls_toilet"}},{"type":"Feature","geometry":{"type":"Point","coordinates":[81.38,21.5625]},"properties":{"udise":"22230301302","name":"GOVT PS DANGANIYA (KHA)","state":"CHHATTISGARH","district":"BEMETARA","block":"BERLA","indicator":"no_girls_toilet"}},{"type":"Feature","geometry":{"type":"Point","coordinates":[81.1864,21.6456]},"properties":{"udise":"22231204902","name":"GOVT MS KONGIYAKALA","state":"CHHATTISGARH","district":"BEMETARA","block":"SAJA","indicator":"no_girls_toilet"}},{"type":"Feature","geometry":{"type":"Point","coordinates":[81.5256,21.4331]},"properties":{"udise":"22230303303","name":"GOVT PS HASDA","state":"CHHATTISGARH","district":"BEMETARA","block":"BERLA","indicator":"no_girls_toilet"}},{"type":"Feature","geometry":{"type":"Point","coordinates":[81.5881,21.8397]},"properties":{"udise":"22231021201","name":"GOVT PS NAGADHA","state":"CHHATTISGARH","district":"BEMETARA","block":"NAWAGARH","indicator":"no_girls_toilet"}},{"type":"Feature","geometry":{"type":"Point","coordinates":[81.8619,21.7772]},"properties":{"udise":"22231004401","name":"GOVT PS KIRTA","state":"CHHATTISGARH","district":"BEMETARA","block":"NAWAGARH","indicator":"no_girls_toilet"}},{"type":"Feature","geometry":{"type":"Point","coordinates":[81.6519,21.895]},"properties":{"udise":"22231014601","name":"GOVT PS KAMTA","state":"CHHATTISGARH","district":"BEMETARA","block":"NAWAGARH","indicator":"no_girls_toilet"}},{"type":"Feature","geometry":{"type":"Point","coordinates":[81.595,21.7422]},"properties":{"udise":"22230207801","name":"GOVT PS DHARA","state":"CHHATTISGARH","district":"BEMETARA","block":"BEMETARA","indicator":"girls_toilet_nonfunctional"}},{"type":"Feature","geometry":{"type":"Point","coordinates":[81.5342,22.0031]},"properties":{"udise":"22230219001","name":"GOVT PS DAMAPUR (SSA)","state":"CHHATTISGARH","district":"BEMETARA","block":"BEMETARA","indicator":"girls_toilet_nonfunctional"}},{"type":"Feature","geometry":{"type":"Point","coordinates":[81.4089,21.6686]},"properties":{"udise":"22230304803","name":"GOVT ADARSH PS DEORBIJA","state":"CHHATTISGARH","district":"BEMETARA","block":"BERLA","indicator":"girls_toilet_nonfunctional"}},{"type":"Feature","geometry":{"type":"Point","coordinates":[81.4886,21.9883]},"properties":{"udise":"22230211401","name":"GOVT PS UDTALA","state":"CHHATTISGARH","district":"BEMETARA","block":"BEMETARA","indicator":"girls_toilet_nonfunctional"}},{"type":"Feature","geometry":{"type":"Point","coordinates":[81.7817,21.7694]},"properties":{"udise":"22231003901","name":"GOVT PS TARPONGI","state":"CHHATTISGARH","district":"BEMETARA","block":"NAWAGARH","indicator":"girls_toilet_nonfunctional"}},{"type":"Feature","geometry":{"type":"Point","coordinates":[81.4519,21.7511]},"properties":{"udise":"22231208201","name":"GOVT MS GHIWARI","state":"CHHATTISGARH","district":"BEMETARA","block":"SAJA","indicator":"girls_toilet_nonfunctional"}},{"type":"Feature","geometry":{"type":"Point","coordinates":[81.8433,21.8736]},"properties":{"udise":"22231010101","name":"GOVT PS SONIKAPAR","state":"CHHATTISGARH","district":"BEMETARA","block":"NAWAGARH","indicator":"girls_toilet_nonfunctional"}},{"type":"Feature","geometry":{"type":"Point","coordinates":[81.3428,21.6906]},"properties":{"udise":"22231201602","name":"GOVT MS BOD (SSA)","state":"CHHATTISGARH","district":"BEMETARA","block":"SAJA","indicator":"girls_toilet_nonfunctional"}},{"type":"Feature","geometry":{"type":"Point","coordinates":[81.3831,21.5597]},"properties":{"udise":"22230301301","name":"GOVT MS DANGANIYA (KHA) (SSA)","state":"CHHATTISGARH","district":"BEMETARA","block":"BERLA","indicator":"girls_toilet_nonfunctional"}},{"type":"Feature","geometry":{"type":"Point","coordinates":[81.1956,21.5636]},"properties":{"udise":"22231212002","name":"GOVT MS JANO  (SSA)","state":"CHHATTISGARH","district":"BEMETARA","block":"SAJA","indicator":"girls_toilet_nonfunctional"}},{"type":"Feature","geometry":{"type":"Point","coordinates":[81.7806,21.9353]},"properties":{"udise":"22231015301","name":"GOVT PS JUNWANIKALA","state":"CHHATTISGARH","district":"BEMETARA","block":"NAWAGARH","indicator":"girls_toilet_nonfunctional"}},{"type":"Feature","geometry":{"type":"Point","coordinates":[81.6169,21.8831]},"properties":{"udise":"22231021801","name":"GOVT PS CHHERKAPUR","state":"CHHATTISGARH","district":"BEMETARA","block":"NAWAGARH","indicator":"girls_toilet_nonfunctional"}},{"type":"Feature","geometry":{"type":"Point","coordinates":[81.2375,21.725]},"properties":{"udise":"22231206801","name":"GOVT MS CHILFI","state":"CHHATTISGARH","district":"BEMETARA","block":"SAJA","indicator":"girls_toilet_nonfunctional"}},{"type":"Feature","geometry":{"type":"Point","coordinates":[81.4939,21.8369]},"properties":{"udise":"22230200402","name":"GOVT MS MARTARA","state":"CHHATTISGARH","district":"BEMETARA","block":"BEMETARA","indicator":"girls_toilet_nonfunctional"}},{"type":"Feature","geometry":{"type":"Point","coordinates":[81.7494,21.9133]},"properties":{"udise":"22231021301","name":"GOVT PS PATNAKANPA","state":"CHHATTISGARH","district":"BEMETARA","block":"NAWAGARH","indicator":"girls_toilet_nonfunctional"}},{"type":"Feature","geometry":{"type":"Point","coordinates":[81.3561,21.6231]},"properties":{"udise":"22230314001","name":"GOVT PS  HINDU PARA CHIKHLA (SSA)","state":"CHHATTISGARH","district":"BEMETARA","block":"BERLA","indicator":"girls_toilet_nonfunctional"}},{"type":"Feature","geometry":{"type":"Point","coordinates":[81.6625,21.9614]},"properties":{"udise":"22231005504","name":"GOVT MS MOHTARA","state":"CHHATTISGARH","district":"BEMETARA","block":"NAWAGARH","indicator":"girls_toilet_nonfunctional"}},{"type":"Feature","geometry":{"type":"Point","coordinates":[81.2956,21.7567]},"properties":{"udise":"22231205605","name":"GOVT PS TEDHI","state":"CHHATTISGARH","district":"BEMETARA","block":"SAJA","indicator":"girls_toilet_nonfunctional"}},{"type":"Feature","geometry":{"type":"Point","coordinates":[81.6225,21.7406]},"properties":{"udise":"22230207701","name":"GOVT PS BHAISA","state":"CHHATTISGARH","district":"BEMETARA","block":"BEMETARA","indicator":"girls_toilet_nonfunctional"}},{"type":"Feature","geometry":{"type":"Point","coordinates":[81.335,21.5514]},"properties":{"udise":"22231213301","name":"GOVT PS DEHRI","state":"CHHATTISGARH","district":"BEMETARA","block":"SAJA","indicator":"girls_toilet_nonfunctional"}},{"type":"Feature","geometry":{"type":"Point","coordinates":[81.6919,21.8422]},"properties":{"udise":"22231000701","name":"GOVT PS KATAI","state":"CHHATTISGARH","district":"BEMETARA","block":"NAWAGARH","indicator":"girls_toilet_nonfunctional"}},{"type":"Feature","geometry":{"type":"Point","coordinates":[81.4125,21.7092]},"properties":{"udise":"22231202801","name":"GOVT PS SEMARIYA","state":"CHHATTISGARH","district":"BEMETARA","block":"SAJA","indicator":"girls_toilet_nonfunctional"}},{"type":"Feature","geometry":{"type":"Point","coordinates":[81.6389,21.6144]},"properties":{"udise":"22230305803","name":"SWAMI ATMANAND GOVT ENGLISH MEDIUM SCHOOL KATHIYA","state":"CHHATTISGARH","district":"BEMETARA","block":"BERLA","indicator":"girls_toilet_nonfunctional"}},{"type":"Feature","geometry":{"type":"Point","coordinates":[81.825,21.8708]},"properties":{"udise":"22231010301","name":"GOVT PS LALPUR","state":"CHHATTISGARH","district":"BEMETARA","block":"NAWAGARH","indicator":"girls_toilet_nonfunctional"}},{"type":"Feature","geometry":{"type":"Point","coordinates":[81.6006,21.7625]},"properties":{"udise":"22230208102","name":"GOVT PS SANKAPAT","state":"CHHATTISGARH","district":"BEMETARA","block":"BEMETARA","indicator":"girls_toilet_nonfunctional"}},{"type":"Feature","geometry":{"type":"Point","coordinates":[81.5667,21.5342]},"properties":{"udise":"22230307602","name":"GOVT MS KUMHI (KHARRA) (SSA)","state":"CHHATTISGARH","district":"BEMETARA","block":"BERLA","indicator":"girls_toilet_nonfunctional"}},{"type":"Feature","geometry":{"type":"Point","coordinates":[81.2708,21.6008]},"properties":{"udise":"22231209301","name":"GOVT PS KOHKABOD","state":"CHHATTISGARH","district":"BEMETARA","block":"SAJA","indicator":"girls_toilet_nonfunctional"}},{"type":"Feature","geometry":{"type":"Point","coordinates":[81.6578,21.6303]},"properties":{"udise":"22230306003","name":"GOVT MS RAVELI (SSA)","state":"CHHATTISGARH","district":"BEMETARA","block":"BERLA","indicator":"girls_toilet_nonfunctional"}},{"type":"Feature","geometry":{"type":"Point","coordinates":[81.91,21.8161]},"properties":{"udise":"22231006801","name":"GOVT MS NAWAGAON","state":"CHHATTISGARH","district":"BEMETARA","block":"NAWAGARH","indicator":"girls_toilet_nonfunctional"}},{"type":"Feature","geometry":{"type":"Point","coordinates":[81.7639,21.8589]},"properties":{"udise":"22231002102","name":"GOVT MS MEHNA","state":"CHHATTISGARH","district":"BEMETARA","block":"NAWAGARH","indicator":"girls_toilet_nonfunctional"}},{"type":"Feature","geometry":{"type":"Point","coordinates":[81.64,21.8514]},"properties":{"udise":"22231006501","name":"GOVT PS KHARHARI","state":"CHHATTISGARH","district":"BEMETARA","block":"NAWAGARH","indicator":"girls_toilet_nonfunctional"}},{"type":"Feature","geometry":{"type":"Point","coordinates":[81.3044,21.7069]},"properties":{"udise":"22231205501","name":"GOVT PS DHAURABHATHA","state":"CHHATTISGARH","district":"BEMETARA","block":"SAJA","indicator":"girls_toilet_nonfunctional"}},{"type":"Feature","geometry":{"type":"Point","coordinates":[81.3633,21.7211]},"properties":{"udise":"22231215701","name":"GOVT PS CHICHGAON","state":"CHHATTISGARH","district":"BEMETARA","block":"SAJA","indicator":"girls_toilet_nonfunctional"}},{"type":"Feature","geometry":{"type":"Point","coordinates":[81.5847,21.9247]},"properties":{"udise":"22231012201","name":"GOVT PS MURKUTA","state":"CHHATTISGARH","district":"BEMETARA","block":"NAWAGARH","indicator":"girls_toilet_nonfunctional"}},{"type":"Feature","geometry":{"type":"Point","coordinates":[81.3667,21.7389]},"properties":{"udise":"22231214701","name":"GOVT PS HATRANKA","state":"CHHATTISGARH","district":"BEMETARA","block":"SAJA","indicator":"girls_toilet_nonfunctional"}},{"type":"Feature","geometry":{"type":"Point","coordinates":[81.6311,21.6181]},"properties":{"udise":"22230305702","name":"GOVT PS RANKA","state":"CHHATTISGARH","district":"BEMETARA","block":"BERLA","indicator":"girls_toilet_nonfunctional"}},{"type":"Feature","geometry":{"type":"Point","coordinates":[81.5894,21.9119]},"properties":{"udise":"22231009301","name":"GOVT PS DAUNADIH","state":"CHHATTISGARH","district":"BEMETARA","block":"NAWAGARH","indicator":"girls_toilet_nonfunctional"}},{"type":"Feature","geometry":{"type":"Point","coordinates":[81.5392,21.4244]},"properties":{"udise":"22230303801","name":"GOVT PS NEVNARA","state":"CHHATTISGARH","district":"BEMETARA","block":"BERLA","indicator":"girls_toilet_nonfunctional"}},{"type":"Feature","geometry":{"type":"Point","coordinates":[81.4119,21.6139]},"properties":{"udise":"22230303002","name":"GOVT PS MANIYARI","state":"CHHATTISGARH","district":"BEMETARA","block":"BERLA","indicator":"girls_toilet_nonfunctional"}},{"type":"Feature","geometry":{"type":"Point","coordinates":[81.7108,21.8817]},"properties":{"udise":"22231002901","name":"GOVT PS GANIYARI","state":"CHHATTISGARH","district":"BEMETARA","block":"NAWAGARH","indicator":"girls_toilet_nonfunctional"}},{"type":"Feature","geometry":{"type":"Point","coordinates":[81.5458,21.6139]},"properties":{"udise":"22230308902","name":"GOVT MS BAWANLAKH (SSA)","state":"CHHATTISGARH","district":"BEMETARA","block":"BERLA","indicator":"girls_toilet_nonfunctional"}},{"type":"Feature","geometry":{"type":"Point","coordinates":[81.6131,21.8292]},"properties":{"udise":"22230202703","name":"GOVT PS KHAMHI","state":"CHHATTISGARH","district":"BEMETARA","block":"BEMETARA","indicator":"girls_toilet_nonfunctional"}},{"type":"Feature","geometry":{"type":"Point","coordinates":[81.6083,21.5986]},"properties":{"udise":"22230306401","name":"GOVT PS KURUD","state":"CHHATTISGARH","district":"BEMETARA","block":"BERLA","indicator":"girls_toilet_nonfunctional"}},{"type":"Feature","geometry":{"type":"Point","coordinates":[81.2197,21.6447]},"properties":{"udise":"22231204401","name":"GOVT PS BORTARA","state":"CHHATTISGARH","district":"BEMETARA","block":"SAJA","indicator":"girls_toilet_nonfunctional"}},{"type":"Feature","geometry":{"type":"Point","coordinates":[81.5631,21.3644]},"properties":{"udise":"22230310803","name":"GOVT MS BORSI (SSA)","state":"CHHATTISGARH","district":"BEMETARA","block":"BERLA","indicator":"girls_toilet_nonfunctional"}},{"type":"Feature","geometry":{"type":"Point","coordinates":[81.5292,21.68]},"properties":{"udise":"22230210001","name":"GOVT PS KHILORA","state":"CHHATTISGARH","district":"BEMETARA","block":"BEMETARA","indicator":"girls_toilet_nonfunctional"}},{"type":"Feature","geometry":{"type":"Point","coordinates":[81.6147,21.8769]},"properties":{"udise":"22231006202","name":"GOVT MS SAMESAR","state":"CHHATTISGARH","district":"BEMETARA","block":"NAWAGARH","indicator":"girls_toilet_nonfunctional"}},{"type":"Feature","geometry":{"type":"Point","coordinates":[81.29,21.5381]},"properties":{"udise":"22231213201","name":"GOVT PS SAHASPUR","state":"CHHATTISGARH","district":"BEMETARA","block":"SAJA","indicator":"girls_toilet_nonfunctional"}},{"type":"Feature","geometry":{"type":"Point","coordinates":[81.3683,21.5914]},"properties":{"udise":"22230301101","name":"GOVT MS KHISORA","state":"CHHATTISGARH","district":"BEMETARA","block":"BERLA","indicator":"girls_toilet_nonfunctional"}},{"type":"Feature","geometry":{"type":"Point","coordinates":[81.5886,21.7436]},"properties":{"udise":"22230207802","name":"GOVT MS DHARA (SSA)","state":"CHHATTISGARH","district":"BEMETARA","block":"BEMETARA","indicator":"girls_toilet_nonfunctional"}},{"type":"Feature","geometry":{"type":"Point","coordinates":[81.7425,21.9139]},"properties":{"udise":"22231011101","name":"GOVT MS SAMBALPUR","state":"CHHATTISGARH","district":"BEMETARA","block":"NAWAGARH","indicator":"girls_toilet_nonfunctional"}},{"type":"Feature","geometry":{"type":"Point","coordinates":[81.6539,21.8944]},"properties":{"udise":"22231014602","name":"GOVT MS KAMTA","state":"CHHATTISGARH","district":"BEMETARA","block":"NAWAGARH","indicator":"girls_toilet_nonfunctional"}},{"type":"Feature","geometry":{"type":"Point","coordinates":[81.3347,21.7194]},"properties":{"udise":"22231205301","name":"GOVT PS BHANAURA","state":"CHHATTISGARH","district":"BEMETARA","block":"SAJA","indicator":"girls_toilet_nonfunctional"}},{"type":"Feature","geometry":{"type":"Point","coordinates":[81.5469,21.3819]},"properties":{"udise":"22230303701","name":"GOVT PS UFRA","state":"CHHATTISGARH","district":"BEMETARA","block":"BERLA","indicator":"girls_toilet_nonfunctional"}},{"type":"Feature","geometry":{"type":"Point","coordinates":[81.6269,21.6686]},"properties":{"udise":"22230201102","name":"GOVT PS JEEYA","state":"CHHATTISGARH","district":"BEMETARA","block":"BEMETARA","indicator":"girls_toilet_nonfunctional"}},{"type":"Feature","geometry":{"type":"Point","coordinates":[81.6358,21.9336]},"properties":{"udise":"22231008701","name":"GOVT PS BHAISAMUNDA","state":"CHHATTISGARH","district":"BEMETARA","block":"NAWAGARH","indicator":"girls_toilet_nonfunctional"}},{"type":"Feature","geometry":{"type":"Point","coordinates":[81.4236,21.6397]},"properties":{"udise":"22230305302","name":"GOVT MS SINGHOURI (SSA)","state":"CHHATTISGARH","district":"BEMETARA","block":"BERLA","indicator":"girls_toilet_nonfunctional"}},{"type":"Feature","geometry":{"type":"Point","coordinates":[81.4422,21.7628]},"properties":{"udise":"22231208502","name":"GOVT NAVIN PS GADAGHAT  (SSA)","state":"CHHATTISGARH","district":"BEMETARA","block":"SAJA","indicator":"girls_toilet_nonfunctional"}},{"type":"Feature","geometry":{"type":"Point","coordinates":[81.4597,21.9472]},"properties":{"udise":"22230205101","name":"GOVT SANLAGNA MS PACHBHAIYA","state":"CHHATTISGARH","district":"BEMETARA","block":"BEMETARA","indicator":"girls_toilet_nonfunctional"}},{"type":"Feature","geometry":{"type":"Point","coordinates":[81.4964,21.9419]},"properties":{"udise":"22230204901","name":"GOVT MS SUKHATAL","state":"CHHATTISGARH","district":"BEMETARA","block":"BEMETARA","indicator":"girls_toilet_nonfunctional"}},{"type":"Feature","geometry":{"type":"Point","coordinates":[81.2594,21.6117]},"properties":{"udise":"22231209201","name":"GOVT PS DEURGAON","state":"CHHATTISGARH","district":"BEMETARA","block":"SAJA","indicator":"girls_toilet_nonfunctional"}},{"type":"Feature","geometry":{"type":"Point","coordinates":[81.4364,21.5392]},"properties":{"udise":"22230312703","name":"GOVT MS SONDH","state":"CHHATTISGARH","district":"BEMETARA","block":"BERLA","indicator":"girls_toilet_nonfunctional"}},{"type":"Feature","geometry":{"type":"Point","coordinates":[81.8269,21.7711]},"properties":{"udise":"22231004202","name":"GOVT MS AKOLI","state":"CHHATTISGARH","district":"BEMETARA","block":"NAWAGARH","indicator":"girls_toilet_nonfunctional"}},{"type":"Feature","geometry":{"type":"Point","coordinates":[81.52694,21.94722]},"properties":{"udise":"22230204804","name":"GOVT HIGH SCHOOL CHARGAWA","state":"CHHATTISGARH","district":"BEMETARA","block":"BEMETARA","indicator":"girls_toilet_nonfunctional"}},{"type":"Feature","geometry":{"type":"Point","coordinates":[81.4103,21.6853]},"properties":{"udise":"22230305102","name":"GOVT PS KHAMHARIYA DIH (SSA)","state":"CHHATTISGARH","district":"BEMETARA","block":"BERLA","indicator":"girls_toilet_nonfunctional"}},{"type":"Feature","geometry":{"type":"Point","coordinates":[81.5731,21.9378]},"properties":{"udise":"22231012301","name":"GOVT PS LALPUR","state":"CHHATTISGARH","district":"BEMETARA","block":"NAWAGARH","indicator":"girls_toilet_nonfunctional"}},{"type":"Feature","geometry":{"type":"Point","coordinates":[81.4331,21.7397]},"properties":{"udise":"22231203002","name":"GOVT MS HATHMUDI","state":"CHHATTISGARH","district":"BEMETARA","block":"SAJA","indicator":"girls_toilet_nonfunctional"}},{"type":"Feature","geometry":{"type":"Point","coordinates":[81.6489,21.9797]},"properties":{"udise":"22231005802","name":"GOVT PS ATARGAVA","state":"CHHATTISGARH","district":"BEMETARA","block":"NAWAGARH","indicator":"girls_toilet_nonfunctional"}},{"type":"Feature","geometry":{"type":"Point","coordinates":[81.6508,21.6575]},"properties":{"udise":"22230209701","name":"GOVT PS BAHINGA","state":"CHHATTISGARH","district":"BEMETARA","block":"BEMETARA","indicator":"girls_toilet_nonfunctional"}},{"type":"Feature","geometry":{"type":"Point","coordinates":[81.4511,21.7211]},"properties":{"udise":"22231203101","name":"GOVT MS PADUMSARA","state":"CHHATTISGARH","district":"BEMETARA","block":"SAJA","indicator":"girls_toilet_nonfunctional"}},{"type":"Feature","geometry":{"type":"Point","coordinates":[81.6114,21.6467]},"properties":{"udise":"22230209101","name":"GOVT PS PATHARRA","state":"CHHATTISGARH","district":"BEMETARA","block":"BEMETARA","indicator":"girls_toilet_nonfunctional"}},{"type":"Feature","geometry":{"type":"Point","coordinates":[81.3286,21.6978]},"properties":{"udise":"22231219101","name":"GOVT PS KAJRA","state":"CHHATTISGARH","district":"BEMETARA","block":"SAJA","indicator":"girls_toilet_nonfunctional"}},{"type":"Feature","geometry":{"type":"Point","coordinates":[81.6919,21.8422]},"properties":{"udise":"22231000702","name":"GOVT MS KATAI","state":"CHHATTISGARH","district":"BEMETARA","block":"NAWAGARH","indicator":"girls_toilet_nonfunctional"}},{"type":"Feature","geometry":{"type":"Point","coordinates":[81.5869,21.6208]},"properties":{"udise":"22230309101","name":"GOVT PS ATARGARHI","state":"CHHATTISGARH","district":"BEMETARA","block":"BERLA","indicator":"girls_toilet_nonfunctional"}},{"type":"Feature","geometry":{"type":"Point","coordinates":[81.5561,21.8978]},"properties":{"udise":"22231013501","name":"GOVT PS BAGHUL","state":"CHHATTISGARH","district":"BEMETARA","block":"NAWAGARH","indicator":"girls_toilet_nonfunctional"}},{"type":"Feature","geometry":{"type":"Point","coordinates":[81.4325,21.7631]},"properties":{"udise":"22231208501","name":"GOVT PS GADAGHAT","state":"CHHATTISGARH","district":"BEMETARA","block":"SAJA","indicator":"girls_toilet_nonfunctional"}},{"type":"Feature","geometry":{"type":"Point","coordinates":[81.6989,21.8933]},"properties":{"udise":"22231003401","name":"GOVT PS DHANORA","state":"CHHATTISGARH","district":"BEMETARA","block":"NAWAGARH","indicator":"girls_toilet_nonfunctional"}},{"type":"Feature","geometry":{"type":"Point","coordinates":[81.6314,21.5664]},"properties":{"udise":"22230311402","name":"GOVT PS ACHHOLI","state":"CHHATTISGARH","district":"BEMETARA","block":"BERLA","indicator":"girls_toilet_nonfunctional"}},{"type":"Feature","geometry":{"type":"Point","coordinates":[81.5222,21.9542]},"properties":{"udise":"22230213802","name":"GOVT MS SARANGPUR (SSA)","state":"CHHATTISGARH","district":"BEMETARA","block":"BEMETARA","indicator":"girls_toilet_nonfunctional"}},{"type":"Feature","geometry":{"type":"Point","coordinates":[81.5806,21.9253]},"properties":{"udise":"22231013801","name":"GOVT PS GHONTHA","state":"CHHATTISGARH","district":"BEMETARA","block":"NAWAGARH","indicator":"girls_toilet_nonfunctional"}},{"type":"Feature","geometry":{"type":"Point","coordinates":[81.4297,21.8283]},"properties":{"udise":"22231217602","name":"GOVT MS SUKHATAL","state":"CHHATTISGARH","district":"BEMETARA","block":"SAJA","indicator":"girls_toilet_nonfunctional"}},{"type":"Feature","geometry":{"type":"Point","coordinates":[81.5581,21.5694]},"properties":{"udise":"22230315001","name":"GOVT PS BUCHIDIH (SSA)","state":"CHHATTISGARH","district":"BEMETARA","block":"BERLA","indicator":"girls_toilet_nonfunctional"}},{"type":"Feature","geometry":{"type":"Point","coordinates":[81.5217,22.0019]},"properties":{"udise":"22230204501","name":"GOVT PS SONPURI (CHHI)","state":"CHHATTISGARH","district":"BEMETARA","block":"BEMETARA","indicator":"girls_toilet_nonfunctional"}},{"type":"Feature","geometry":{"type":"Point","coordinates":[81.3839,21.6114]},"properties":{"udise":"22230305002","name":"GOVT PS MOHBHATTHA","state":"CHHATTISGARH","district":"BEMETARA","block":"BERLA","indicator":"girls_toilet_nonfunctional"}},{"type":"Feature","geometry":{"type":"Point","coordinates":[81.4389,21.875]},"properties":{"udise":"22230201401","name":"GOVT MS JANTA","state":"CHHATTISGARH","district":"BEMETARA","block":"BEMETARA","indicator":"girls_toilet_nonfunctional"}},{"type":"Feature","geometry":{"type":"Point","coordinates":[81.5297,21.9483]},"properties":{"udise":"22230204802","name":"GOVT PS CHARGAWA","state":"CHHATTISGARH","district":"BEMETARA","block":"BEMETARA","indicator":"girls_toilet_nonfunctional"}},{"type":"Feature","geometry":{"type":"Point","coordinates":[81.2533,21.6383]},"properties":{"udise":"22231209601","name":"GOVT PS SONPURI","state":"CHHATTISGARH","district":"BEMETARA","block":"SAJA","indicator":"girls_toilet_nonfunctional"}},{"type":"Feature","geometry":{"type":"Point","coordinates":[81.3953,21.8714]},"properties":{"udise":"22231217901","name":"GOVT PS AGRI KHURD","state":"CHHATTISGARH","district":"BEMETARA","block":"SAJA","indicator":"girls_toilet_nonfunctional"}},{"type":"Feature","geometry":{"type":"Point","coordinates":[81.4542,21.5733]},"properties":{"udise":"22230308001","name":"GOVT PS PATORA","state":"CHHATTISGARH","district":"BEMETARA","block":"BERLA","indicator":"girls_toilet_nonfunctional"}},{"type":"Feature","geometry":{"type":"Point","coordinates":[81.6553,21.8139]},"properties":{"udise":"22230216202","name":"GOVT MS BARADERA (SSA)","state":"CHHATTISGARH","district":"BEMETARA","block":"BEMETARA","indicator":"girls_toilet_nonfunctional"}},{"type":"Feature","geometry":{"type":"Point","coordinates":[81.3406,21.7347]},"properties":{"udise":"22231209501","name":"GOVT PS SINGHANPURI (SSA)","state":"CHHATTISGARH","district":"BEMETARA","block":"SAJA","indicator":"girls_toilet_nonfunctional"}},{"type":"Feature","geometry":{"type":"Point","coordinates":[81.7317,21.8392]},"properties":{"udise":"22231018501","name":"GOVT PS CHAMARI","state":"CHHATTISGARH","district":"BEMETARA","block":"NAWAGARH","indicator":"girls_toilet_nonfunctional"}},{"type":"Feature","geometry":{"type":"Point","coordinates":[81.4733,21.9164]},"properties":{"udise":"22230214601","name":"GOVT PS KARAMTARA","state":"CHHATTISGARH","district":"BEMETARA","block":"BEMETARA","indicator":"girls_toilet_nonfunctional"}},{"type":"Feature","geometry":{"type":"Point","coordinates":[81.4156,21.8667]},"properties":{"udise":"22231217103","name":"GOVT PS ODIYA","state":"CHHATTISGARH","district":"BEMETARA","block":"SAJA","indicator":"girls_toilet_nonfunctional"}},{"type":"Feature","geometry":{"type":"Point","coordinates":[81.1478,21.5567]},"properties":{"udise":"22231211801","name":"GOVT PS SOHAGPUR","state":"CHHATTISGARH","district":"BEMETARA","block":"SAJA","indicator":"girls_toilet_nonfunctional"}},{"type":"Feature","geometry":{"type":"Point","coordinates":[81.6011,21.9114]},"properties":{"udise":"22231020801","name":"GOVT PS MATAPARA","state":"CHHATTISGARH","district":"BEMETARA","block":"NAWAGARH","indicator":"girls_toilet_nonfunctional"}},{"type":"Feature","geometry":{"type":"Point","coordinates":[81.5522,21.7153]},"properties":{"udise":"22230213501","name":"GOVT PS MOHBHATTA","state":"CHHATTISGARH","district":"BEMETARA","block":"BEMETARA","indicator":"girls_toilet_nonfunctional"}},{"type":"Feature","geometry":{"type":"Point","coordinates":[81.5678,21.3489]},"properties":{"udise":"22230310602","name":"GOVT PS NAYAPARA BERLAKALA (SSA)","state":"CHHATTISGARH","district":"BEMETARA","block":"BERLA","indicator":"girls_toilet_nonfunctional"}},{"type":"Feature","geometry":{"type":"Point","coordinates":[81.4775,21.5236]},"properties":{"udise":"22230307802","name":"GOVT PS BERLA","state":"CHHATTISGARH","district":"BEMETARA","block":"BERLA","indicator":"girls_toilet_nonfunctional"}},{"type":"Feature","geometry":{"type":"Point","coordinates":[81.6614,21.6753]},"properties":{"udise":"22230209602","name":"GOVT MS ARJUNI","state":"CHHATTISGARH","district":"BEMETARA","block":"BEMETARA","indicator":"girls_toilet_nonfunctional"}},{"type":"Feature","geometry":{"type":"Point","coordinates":[81.65,21.9694]},"properties":{"udise":"22231005403","name":"GOVT MS MOTIMPUR","state":"CHHATTISGARH","district":"BEMETARA","block":"NAWAGARH","indicator":"girls_toilet_nonfunctional"}},{"type":"Feature","geometry":{"type":"Point","coordinates":[80.87557,19.04891]},"properties":{"udise":"22201413306","name":"GOVT. PRIMARY SCHOOL GAYTAPARA","state":"CHHATTISGARH","district":"BIJAPUR","block":"USOOR","indicator":"no_girls_toilet"}},{"type":"Feature","geometry":{"type":"Point","coordinates":[80.89068,18.84066]},"properties":{"udise":"22200601312","name":"GOVT. PRIMARY SCHOOL  KAKEKORMA","state":"CHHATTISGARH","district":"BIJAPUR","block":"BIJAPUR","indicator":"no_girls_toilet"}},{"type":"Feature","geometry":{"type":"Point","coordinates":[80.96169,18.27498]},"properties":{"udise":"22201409701","name":"GOVT. PRIMARY SCHOOL JIDPALLI","state":"CHHATTISGARH","district":"BIJAPUR","block":"USOOR","indicator":"no_girls_toilet"}},{"type":"Feature","geometry":{"type":"Point","coordinates":[80.7444,18.45]},"properties":{"udise":"22201406503","name":"GOVT. PRIMARY SCHOOL NADPALLI","state":"CHHATTISGARH","district":"BIJAPUR","block":"USOOR","indicator":"no_girls_toilet"}},{"type":"Feature","geometry":{"type":"Point","coordinates":[80.9129,18.67149]},"properties":{"udise":"22201405701","name":"GOVT. PRIMARY SCHOOL HIRAPUR","state":"CHHATTISGARH","district":"BIJAPUR","block":"USOOR","indicator":"no_girls_toilet"}},{"type":"Feature","geometry":{"type":"Point","coordinates":[80.6928,19.0553]},"properties":{"udise":"22203119506","name":"GOVT PRIMARY SCHOOL MUCHLER (TWD)","state":"CHHATTISGARH","district":"BIJAPUR","block":"BHAIRAMGARH","indicator":"no_girls_toilet"}},{"type":"Feature","geometry":{"type":"Point","coordinates":[80.44849,19.04229]},"properties":{"udise":"22203610903","name":"GOVT. PRIMARY SCHOOL ANNAPUR","state":"CHHATTISGARH","district":"BIJAPUR","block":"BHOPALPATNAM","indicator":"no_girls_toilet"}},{"type":"Feature","geometry":{"type":"Point","coordinates":[80.4728,18.7831]},"properties":{"udise":"22203606401","name":"GOVT. PRIMARY SCHOOL MINUR","state":"CHHATTISGARH","district":"BIJAPUR","block":"BHOPALPATNAM","indicator":"no_girls_toilet"}},{"type":"Feature","geometry":{"type":"Point","coordinates":[80.8572,18.9569]},"properties":{"udise":"22200612301","name":"GOVT. PRIMARY  SCHOOL KOMALA","state":"CHHATTISGARH","district":"BIJAPUR","block":"BIJAPUR","indicator":"no_girls_toilet"}},{"type":"Feature","geometry":{"type":"Point","coordinates":[80.7245,18.78843]},"properties":{"udise":"22201411503","name":"GOVT. PRIMARY SCHOOL CHERAKADODI","state":"CHHATTISGARH","district":"BIJAPUR","block":"USOOR","indicator":"no_girls_toilet"}},{"type":"Feature","geometry":{"type":"Point","coordinates":[80.98278,18.26556]},"properties":{"udise":"22201402203","name":"GOVT. PRIMARY SCHOOL GUNDARAJGUDA","state":"CHHATTISGARH","district":"BIJAPUR","block":"USOOR","indicator":"no_girls_toilet"}},{"type":"Feature","geometry":{"type":"Point","coordinates":[80.8633,18.8819]},"properties":{"udise":"22200614402","name":"GOVT. PRIMARY SCHOOL BEALWPARA","state":"CHHATTISGARH","district":"BIJAPUR","block":"BIJAPUR","indicator":"no_girls_toilet"}},{"type":"Feature","geometry":{"type":"Point","coordinates":[80.48427,19.04482]},"properties":{"udise":"22203616803","name":"GOVT. PRIMARY SCHOOL SAFIMARKA","state":"CHHATTISGARH","district":"BIJAPUR","block":"BHOPALPATNAM","indicator":"no_girls_toilet"}},{"type":"Feature","geometry":{"type":"Point","coordinates":[80.9581,18.7278]},"properties":{"udise":"22200616504","name":"GOVT. MIDDEL SCHOOL PADEDA","state":"CHHATTISGARH","district":"BIJAPUR","block":"BIJAPUR","indicator":"no_girls_toilet"}},{"type":"Feature","geometry":{"type":"Point","coordinates":[80.6933,19.0547]},"properties":{"udise":"22203119509","name":"GOVT PRIMARY SCHOOL GUMNER (TWD)","state":"CHHATTISGARH","district":"BIJAPUR","block":"BHAIRAMGARH","indicator":"no_girls_toilet"}},{"type":"Feature","geometry":{"type":"Point","coordinates":[80.80839,18.70295]},"properties":{"udise":"22201412501","name":"GOVT. NAVEN PRIMARY SCHOOL NENDRA","state":"CHHATTISGARH","district":"BIJAPUR","block":"USOOR","indicator":"no_girls_toilet"}},{"type":"Feature","geometry":{"type":"Point","coordinates":[80.6867,18.8258]},"properties":{"udise":"22200604503","name":"GOVT. MIDDEL SCHOOL TOYNAR","state":"CHHATTISGARH","district":"BIJAPUR","block":"BIJAPUR","indicator":"no_girls_toilet"}},{"type":"Feature","geometry":{"type":"Point","coordinates":[80.7592,18.5519]},"properties":{"udise":"22201418501","name":"GOVT. PRIMARY SCHOOL SITAPUR","state":"CHHATTISGARH","district":"BIJAPUR","block":"USOOR","indicator":"no_girls_toilet"}},{"type":"Feature","geometry":{"type":"Point","coordinates":[81.16767,18.94257]},"properties":{"udise":"22203111801","name":"GOVT. PRIMARY SCHOOL HURREPAL (TWD)(CLOSED)","state":"CHHATTISGARH","district":"BIJAPUR","block":"BHAIRAMGARH","indicator":"no_girls_toilet"}},{"type":"Feature","geometry":{"type":"Point","coordinates":[80.49469,19.06465]},"properties":{"udise":"22203614001","name":"GOVT. PRIMARY SCHOOL PHULGUNDAM","state":"CHHATTISGARH","district":"BIJAPUR","block":"BHOPALPATNAM","indicator":"no_girls_toilet"}},{"type":"Feature","geometry":{"type":"Point","coordinates":[80.47826,19.13524]},"properties":{"udise":"22203616802","name":"GOVT. PRIMARY SCHOOL KONAPADGU","state":"CHHATTISGARH","district":"BIJAPUR","block":"BHOPALPATNAM","indicator":"no_girls_toilet"}},{"type":"Feature","geometry":{"type":"Point","coordinates":[80.9331,18.8453]},"properties":{"udise":"22200601102","name":"GOVT. PRIMARY SCHOOL GHUMRA","state":"CHHATTISGARH","district":"BIJAPUR","block":"BIJAPUR","indicator":"no_girls_toilet"}},{"type":"Feature","geometry":{"type":"Point","coordinates":[80.4121,19.18391]},"properties":{"udise":"22203610115","name":"GOVT. PRIMARY SCHOOL RALLPALLI SANDRA","state":"CHHATTISGARH","district":"BIJAPUR","block":"BHOPALPATNAM","indicator":"no_girls_toilet"}},{"type":"Feature","geometry":{"type":"Point","coordinates":[80.97571,18.27556]},"properties":{"udise":"22201408109","name":"GOVT. PRIMARY SCHOOL UDTAMALLA","state":"CHHATTISGARH","district":"BIJAPUR","block":"USOOR","indicator":"no_girls_toilet"}},{"type":"Feature","geometry":{"type":"Point","coordinates":[80.91071,18.26631]},"properties":{"udise":"22201413202","name":"GOVT. PRIMARY SCHOOL DAMARAM","state":"CHHATTISGARH","district":"BIJAPUR","block":"USOOR","indicator":"no_girls_toilet"}},{"type":"Feature","geometry":{"type":"Point","coordinates":[80.98923,19.08309]},"properties":{"udise":"22200613601","name":"GOVT. PRIMARY SCHOOL GORNA","state":"CHHATTISGARH","district":"BIJAPUR","block":"BIJAPUR","indicator":"no_girls_toilet"}},{"type":"Feature","geometry":{"type":"Point","coordinates":[80.93959,18.25259]},"properties":{"udise":"22201403205","name":"GOVT. PRIMARY SCHOOL SAPED","state":"CHHATTISGARH","district":"BIJAPUR","block":"USOOR","indicator":"no_girls_toilet"}},{"type":"Feature","geometry":{"type":"Point","coordinates":[80.8086,18.5708]},"properties":{"udise":"22201407102","name":"GOVT. PRIMRY SHCOOL MURDAND","state":"CHHATTISGARH","district":"BIJAPUR","block":"USOOR","indicator":"no_girls_toilet"}},{"type":"Feature","geometry":{"type":"Point","coordinates":[81.08996,19.09576]},"properties":{"udise":"22203114402","name":"GOVT. PRIMARY SCHOOL ERPAPOMRA (SSA)(CLOSED)","state":"CHHATTISGARH","district":"BIJAPUR","block":"BHAIRAMGARH","indicator":"no_girls_toilet"}},{"type":"Feature","geometry":{"type":"Point","coordinates":[80.99256,18.37181]},"properties":{"udise":"22201417401","name":"GOVT. PRIMARY SCHOOL MEENAGATTA","state":"CHHATTISGARH","district":"BIJAPUR","block":"USOOR","indicator":"no_girls_toilet"}},{"type":"Feature","geometry":{"type":"Point","coordinates":[80.47506,19.09605]},"properties":{"udise":"22203608102","name":"GOVT. PRIMARY SCHOOL BADEKAKLED","state":"CHHATTISGARH","district":"BIJAPUR","block":"BHOPALPATNAM","indicator":"no_girls_toilet"}},{"type":"Feature","geometry":{"type":"Point","coordinates":[80.42957,19.18541]},"properties":{"udise":"22203609904","name":"GOVT. PRIMARY SCHOOL ADPALLI","state":"CHHATTISGARH","district":"BIJAPUR","block":"BHOPALPATNAM","indicator":"no_girls_toilet"}},{"type":"Feature","geometry":{"type":"Point","coordinates":[80.96303,18.86547]},"properties":{"udise":"22200616509","name":"GOVT. PRIMARY SCHOOL HIROLIPARA","state":"CHHATTISGARH","district":"BIJAPUR","block":"BIJAPUR","indicator":"no_girls_toilet"}},{"type":"Feature","geometry":{"type":"Point","coordinates":[80.87121,18.67026]},"properties":{"udise":"22201402504","name":"GOVT. PRIMARY SCHOOL METAPARA","state":"CHHATTISGARH","district":"BIJAPUR","block":"USOOR","indicator":"no_girls_toilet"}},{"type":"Feature","geometry":{"type":"Point","coordinates":[81.1125,19.03331]},"properties":{"udise":"22203103902","name":"GOVT. PRIMARY SCHOOL ROMANPARA MADPAL (SSA)(CLOSED)","state":"CHHATTISGARH","district":"BIJAPUR","block":"BHAIRAMGARH","indicator":"no_girls_toilet"}},{"type":"Feature","geometry":{"type":"Point","coordinates":[81.1097,19.0361]},"properties":{"udise":"22203101704","name":"GOVT. PRIMARY SCHOOL BAIL","state":"CHHATTISGARH","district":"BIJAPUR","block":"BHAIRAMGARH","indicator":"no_girls_toilet"}},{"type":"Feature","geometry":{"type":"Point","coordinates":[80.7525,18.4831]},"properties":{"udise":"22201400106","name":"GOVT. MIDDEL SCHOOL MARUDBAKA","state":"CHHATTISGARH","district":"BIJAPUR","block":"USOOR","indicator":"no_girls_toilet"}},{"type":"Feature","geometry":{"type":"Point","coordinates":[80.4897,18.6497]},"properties":{"udise":"22201401406","name":"GOVT. PRIMARY SCHOOL EANGPALLI","state":"CHHATTISGARH","district":"BIJAPUR","block":"USOOR","indicator":"no_girls_toilet"}},{"type":"Feature","geometry":{"type":"Point","coordinates":[81.10101,19.04613]},"properties":{"udise":"22203103901","name":"GOVT. PRIMARY SCHOOL MADPAL (TWD)(CLOSED)","state":"CHHATTISGARH","district":"BIJAPUR","block":"BHAIRAMGARH","indicator":"no_girls_toilet"}},{"type":"Feature","geometry":{"type":"Point","coordinates":[81.0389,18.7375]},"properties":{"udise":"22200605008","name":"GOVT. PRIMARY SCHOOL PEDDAPARA GANGALUR","state":"CHHATTISGARH","district":"BIJAPUR","block":"BIJAPUR","indicator":"no_girls_toilet"}},{"type":"Feature","geometry":{"type":"Point","coordinates":[80.8036,18.4981]},"properties":{"udise":"22201407001","name":"GOVT. PRIMARY SCHOOL NAMBI","state":"CHHATTISGARH","district":"BIJAPUR","block":"USOOR","indicator":"no_girls_toilet"}},{"type":"Feature","geometry":{"type":"Point","coordinates":[80.48339,19.09164]},"properties":{"udise":"22203607702","name":"GOVT. PRIMARY SCHOOL PENKUDUR","state":"CHHATTISGARH","district":"BIJAPUR","block":"BHOPALPATNAM","indicator":"no_girls_toilet"}},{"type":"Feature","geometry":{"type":"Point","coordinates":[80.41453,19.17613]},"properties":{"udise":"22203609903","name":"GOVT. PRIMARY SCHOOL AREPALLI","state":"CHHATTISGARH","district":"BIJAPUR","block":"BHOPALPATNAM","indicator":"no_girls_toilet"}},{"type":"Feature","geometry":{"type":"Point","coordinates":[81.10052,18.90256]},"properties":{"udise":"22203103701","name":"GOVT. PRIMARY SCHOOL TIMENAR (TWD)(CLOSED)","state":"CHHATTISGARH","district":"BIJAPUR","block":"BHAIRAMGARH","indicator":"no_girls_toilet"}},{"type":"Feature","geometry":{"type":"Point","coordinates":[80.615,18.7378]},"properties":{"udise":"22203600901","name":"GOVT. PRIMARY SCHOOL KONGUPALLI","state":"CHHATTISGARH","district":"BIJAPUR","block":"BHOPALPATNAM","indicator":"no_girls_toilet"}},{"type":"Feature","geometry":{"type":"Point","coordinates":[80.5303,18.7775]},"properties":{"udise":"22203600505","name":"SWAMI ATMANAND GOVT. ENG. MED. SCHOOL MADDED","state":"CHHATTISGARH","district":"BIJAPUR","block":"BHOPALPATNAM","indicator":"no_girls_toilet"}},{"type":"Feature","geometry":{"type":"Point","coordinates":[80.93761,18.40976]},"properties":{"udise":"22201408404","name":"GOVT. PRIMARY SCHOOL  KONDAPALLI","state":"CHHATTISGARH","district":"BIJAPUR","block":"USOOR","indicator":"no_girls_toilet"}},{"type":"Feature","geometry":{"type":"Point","coordinates":[81.06167,18.24111]},"properties":{"udise":"22201409203","name":"GOVT. PRIMARY SCHOOL  PEDACHANDA","state":"CHHATTISGARH","district":"BIJAPUR","block":"USOOR","indicator":"no_girls_toilet"}},{"type":"Feature","geometry":{"type":"Point","coordinates":[80.9325,18.8144]},"properties":{"udise":"22200600427","name":"GOVT. MIDDEL SCHOOL KADENARA","state":"CHHATTISGARH","district":"BIJAPUR","block":"BIJAPUR","indicator":"no_girls_toilet"}},{"type":"Feature","geometry":{"type":"Point","coordinates":[81.05139,18.2525]},"properties":{"udise":"22201402402","name":"GOVT. PRIMARY SCHOOL  BOMED","state":"CHHATTISGARH","district":"BIJAPUR","block":"USOOR","indicator":"no_girls_toilet"}},{"type":"Feature","geometry":{"type":"Point","coordinates":[80.6914,18.9497]},"properties":{"udise":"22200604301","name":"GOVT. PRIMARY SCHOOL CHINTANPALLI","state":"CHHATTISGARH","district":"BIJAPUR","block":"BIJAPUR","indicator":"no_girls_toilet"}},{"type":"Feature","geometry":{"type":"Point","coordinates":[80.87,19.0814]},"properties":{"udise":"22203101801","name":"GOVT. PRIMARY SCHOOL JAIGUR","state":"CHHATTISGARH","district":"BIJAPUR","block":"BHAIRAMGARH","indicator":"no_girls_toilet"}},{"type":"Feature","geometry":{"type":"Point","coordinates":[81.0597,18.7703]},"properties":{"udise":"22200603707","name":"GOVT. PRIMARY SCHOOL GONGLA","state":"CHHATTISGARH","district":"BIJAPUR","block":"BIJAPUR","indicator":"no_girls_toilet"}},{"type":"Feature","geometry":{"type":"Point","coordinates":[80.6131,18.6797]},"properties":{"udise":"22201401004","name":"GOVT. PRIMARY SCHOOL KICHIAYAPAR","state":"CHHATTISGARH","district":"BIJAPUR","block":"USOOR","indicator":"no_girls_toilet"}},{"type":"Feature","geometry":{"type":"Point","coordinates":[80.33,18.9164]},"properties":{"udise":"22203610707","name":"GOVT. MIDDEL SCHOOL WARDALI","state":"CHHATTISGARH","district":"BIJAPUR","block":"BHOPALPATNAM","indicator":"no_girls_toilet"}},{"type":"Feature","geometry":{"type":"Point","coordinates":[80.49414,19.01279]},"properties":{"udise":"22203610804","name":"GOVT. PRIMARY SCHOOL PILLUR","state":"CHHATTISGARH","district":"BIJAPUR","block":"BHOPALPATNAM","indicator":"no_girls_toilet"}},{"type":"Feature","geometry":{"type":"Point","coordinates":[80.6197,18.6775]},"properties":{"udise":"22201402703","name":"GOVT. PRIMARY SCHOOL SUKANPALLI","state":"CHHATTISGARH","district":"BIJAPUR","block":"USOOR","indicator":"no_girls_toilet"}},{"type":"Feature","geometry":{"type":"Point","coordinates":[80.7364,18.9528]},"properties":{"udise":"22200604101","name":"GOVT. PRIMARY SCHOOL ADED","state":"CHHATTISGARH","district":"BIJAPUR","block":"BIJAPUR","indicator":"no_girls_toilet"}},{"type":"Feature","geometry":{"type":"Point","coordinates":[80.9831,19.0997]},"properties":{"udise":"22203127502","name":"GOVT. PRIMARY SCHOOL IDER (SSA)","state":"CHHATTISGARH","district":"BIJAPUR","block":"BHAIRAMGARH","indicator":"no_girls_toilet"}},{"type":"Feature","geometry":{"type":"Point","coordinates":[80.83069,18.35448]},"properties":{"udise":"22201402101","name":"GOVT. PRIMARY SCHOOL MALEMPETTA","state":"CHHATTISGARH","district":"BIJAPUR","block":"USOOR","indicator":"no_girls_toilet"}},{"type":"Feature","geometry":{"type":"Point","coordinates":[80.9016,18.42523]},"properties":{"udise":"22201410402","name":"GOVT. PRIMARY SCHOOL KOMATPALLI","state":"CHHATTISGARH","district":"BIJAPUR","block":"USOOR","indicator":"no_girls_toilet"}},{"type":"Feature","geometry":{"type":"Point","coordinates":[80.9581,18.87117]},"properties":{"udise":"22200602602","name":"GOVT. PRIMARY SCHOOL NAYAPARA PADEDA","state":"CHHATTISGARH","district":"BIJAPUR","block":"BIJAPUR","indicator":"no_girls_toilet"}},{"type":"Feature","geometry":{"type":"Point","coordinates":[81.04145,19.0756]},"properties":{"udise":"22203116802","name":"GOVT. PRIMARY SCHOOL HALLUR (TWD)(CLOSED)","state":"CHHATTISGARH","district":"BIJAPUR","block":"BHAIRAMGARH","indicator":"no_girls_toilet"}},{"type":"Feature","geometry":{"type":"Point","coordinates":[81.09921,19.08398]},"properties":{"udise":"22203103804","name":"GOVT. PRIMARY SCHOOL PHULADI (TWD)(CLOSED)","state":"CHHATTISGARH","district":"BIJAPUR","block":"BHAIRAMGARH","indicator":"no_girls_toilet"}},{"type":"Feature","geometry":{"type":"Point","coordinates":[81.1664,18.9978]},"properties":{"udise":"22203106801","name":"GOVT. PRIMARY SCHOOL PANDEMURGA (TWD)","state":"CHHATTISGARH","district":"BIJAPUR","block":"BHAIRAMGARH","indicator":"girls_toilet_nonfunctional"}},{"type":"Feature","geometry":{"type":"Point","coordinates":[80.8036,18.5622]},"properties":{"udise":"22201405502","name":"GOVT. ENGLISH MEDIUM MIDDEL SCHOOL CHATLAPALLI AWAPALLI","state":"CHHATTISGARH","district":"BIJAPUR","block":"USOOR","indicator":"girls_toilet_nonfunctional"}},{"type":"Feature","geometry":{"type":"Point","coordinates":[80.8744,18.7417]},"properties":{"udise":"22200620901","name":"GOVT. PRIMARY SCHOOL PAMALVAYA","state":"CHHATTISGARH","district":"BIJAPUR","block":"BIJAPUR","indicator":"girls_toilet_nonfunctional"}},{"type":"Feature","geometry":{"type":"Point","coordinates":[80.8894,18.7892]},"properties":{"udise":"22200620801","name":"GOVT. PRIMARY SCHOOL KORSAPARA","state":"CHHATTISGARH","district":"BIJAPUR","block":"BIJAPUR","indicator":"girls_toilet_nonfunctional"}},{"type":"Feature","geometry":{"type":"Point","coordinates":[80.6514,19.0647]},"properties":{"udise":"22203118202","name":"GOVT. PRIMARY SCHOOL CHHOTE ALVADA (SSA)(CLOSED)","state":"CHHATTISGARH","district":"BIJAPUR","block":"BHAIRAMGARH","indicator":"girls_toilet_nonfunctional"}},{"type":"Feature","geometry":{"type":"Point","coordinates":[80.9242,18.9083]},"properties":{"udise":"22200614101","name":"GOVT. PRIMARY SCHOOL JAPELI","state":"CHHATTISGARH","district":"BIJAPUR","block":"BIJAPUR","indicator":"girls_toilet_nonfunctional"}},{"type":"Feature","geometry":{"type":"Point","coordinates":[80.9594,18.8964]},"properties":{"udise":"22200614801","name":"GOVT. PRIMARY SCHOOL DURDHA","state":"CHHATTISGARH","district":"BIJAPUR","block":"BIJAPUR","indicator":"girls_toilet_nonfunctional"}},{"type":"Feature","geometry":{"type":"Point","coordinates":[80.8331,18.7847]},"properties":{"udise":"22200620401","name":"GOVT. PRIMARY SCHOOL KANHAIGUDA","state":"CHHATTISGARH","district":"BIJAPUR","block":"BIJAPUR","indicator":"girls_toilet_nonfunctional"}},{"type":"Feature","geometry":{"type":"Point","coordinates":[80.3378,18.9111]},"properties":{"udise":"22203610703","name":"GOVT. PRIMARY SCHOOL TODEMPARA","state":"CHHATTISGARH","district":"BIJAPUR","block":"BHOPALPATNAM","indicator":"girls_toilet_nonfunctional"}},{"type":"Feature","geometry":{"type":"Point","coordinates":[80.8172,18.6253]},"properties":{"udise":"22200600411","name":"GOVT. JANPAD MIDDEL SCHOOL  BIJAPUR","state":"CHHATTISGARH","district":"BIJAPUR","block":"BIJAPUR","indicator":"girls_toilet_nonfunctional"}},{"type":"Feature","geometry":{"type":"Point","coordinates":[80.8456,18.9114]},"properties":{"udise":"22200614916","name":"SWAMI ATMANAND GOVT. ENG. MED. SCHOOL NAIMED","state":"CHHATTISGARH","district":"BIJAPUR","block":"BIJAPUR","indicator":"girls_toilet_nonfunctional"}},{"type":"Feature","geometry":{"type":"Point","coordinates":[80.8883,18.7919]},"properties":{"udise":"22200600503","name":"GOVT. MIDDEL SCHOOL SANTASPUR","state":"CHHATTISGARH","district":"BIJAPUR","block":"BIJAPUR","indicator":"girls_toilet_nonfunctional"}},{"type":"Feature","geometry":{"type":"Point","coordinates":[82.2811,22.0075]},"properties":{"udise":"22071501101","name":"GOVT. P.S. MOHATARA","state":"CHHATTISGARH","district":"BILASPUR","block":"MASTURI","indicator":"no_girls_toilet"}},{"type":"Feature","geometry":{"type":"Point","coordinates":[82.1794,22.0564]},"properties":{"udise":"22070323601","name":"GOVT. PS NARIYALKOTHI","state":"CHHATTISGARH","district":"BILASPUR","block":"BILHA","indicator":"no_girls_toilet"}},{"type":"Feature","geometry":{"type":"Point","coordinates":[82.1708,22.2361]},"properties":{"udise":"22070310502","name":"GOVT. MS SINGHARI","state":"CHHATTISGARH","district":"BILASPUR","block":"BILHA","indicator":"no_girls_toilet"}},{"type":"Feature","geometry":{"type":"Point","coordinates":[82.2461,21.8858]},"properties":{"udise":"22071504801","name":"GOVT P.S. DAGANIYA","state":"CHHATTISGARH","district":"BILASPUR","block":"MASTURI","indicator":"no_girls_toilet"}},{"type":"Feature","geometry":{"type":"Point","coordinates":[82.1831,22.1911]},"properties":{"udise":"22070303601","name":"GOVT. PS BANIA-DIH (PAUNSARA)","state":"CHHATTISGARH","district":"BILASPUR","block":"BILHA","indicator":"no_girls_toilet"}},{"type":"Feature","geometry":{"type":"Point","coordinates":[82.2119,22.0444]},"properties":{"udise":"22070304101","name":"GOVT. PS DOMUHANI","state":"CHHATTISGARH","district":"BILASPUR","block":"BILHA","indicator":"no_girls_toilet"}},{"type":"Feature","geometry":{"type":"Point","coordinates":[82.0181,22.0478]},"properties":{"udise":"22072515901","name":"GOVT. PS. SARSENI (EDU)","state":"CHHATTISGARH","district":"BILASPUR","block":"TAKHATPUR","indicator":"no_girls_toilet"}},{"type":"Feature","geometry":{"type":"Point","coordinates":[81.9083,22.59]},"properties":{"udise":"22071121501","name":"GOVT. PS BAGBUD (SSA)","state":"CHHATTISGARH","district":"BILASPUR","block":"KOTA","indicator":"no_girls_toilet"}},{"type":"Feature","geometry":{"type":"Point","coordinates":[82.0078,22.3486]},"properties":{"udise":"22071110304","name":"GOVT. PS CHARPARA(NAVAGAON)","state":"CHHATTISGARH","district":"BILASPUR","block":"KOTA","indicator":"no_girls_toilet"}},{"type":"Feature","geometry":{"type":"Point","coordinates":[82.34,21.7867]},"properties":{"udise":"22071502203","name":"GOVT. NAVIN PS. BHATHA PARA LOHARSI","state":"CHHATTISGARH","district":"BILASPUR","block":"MASTURI","indicator":"no_girls_toilet"}},{"type":"Feature","geometry":{"type":"Point","coordinates":[82.2894,22.2161]},"properties":{"udise":"22070301603","name":"GOVT. MS KARMA","state":"CHHATTISGARH","district":"BILASPUR","block":"BILHA","indicator":"no_girls_toilet"}},{"type":"Feature","geometry":{"type":"Point","coordinates":[82.2056,22.2153]},"properties":{"udise":"22070319303","name":"GOVT. P.S. BOYS DAYALBAND","state":"CHHATTISGARH","district":"BILASPUR","block":"BILHA","indicator":"no_girls_toilet"}},{"type":"Feature","geometry":{"type":"Point","coordinates":[81.8772,22.1717]},"properties":{"udise":"22072504201","name":"GOVT. P.S CHORMA(EDU)","state":"CHHATTISGARH","district":"BILASPUR","block":"TAKHATPUR","indicator":"no_girls_toilet"}},{"type":"Feature","geometry":{"type":"Point","coordinates":[82.1578,22.2231]},"properties":{"udise":"22070310902","name":"GOVT. PS BHARARI","state":"CHHATTISGARH","district":"BILASPUR","block":"BILHA","indicator":"no_girls_toilet"}},{"type":"Feature","geometry":{"type":"Point","coordinates":[81.9039,22.2711]},"properties":{"udise":"22071103303","name":"GOVT. PS TILAIHAPARA (SSA)","state":"CHHATTISGARH","district":"BILASPUR","block":"KOTA","indicator":"no_girls_toilet"}},{"type":"Feature","geometry":{"type":"Point","coordinates":[82.3339,22.1494]},"properties":{"udise":"22071503002","name":"GOVT. PS. HARDADIH GATOURA","state":"CHHATTISGARH","district":"BILASPUR","block":"MASTURI","indicator":"no_girls_toilet"}},{"type":"Feature","geometry":{"type":"Point","coordinates":[82.22,22.1819]},"properties":{"udise":"22070302201","name":"GOVT. PS PIPRA","state":"CHHATTISGARH","district":"BILASPUR","block":"BILHA","indicator":"no_girls_toilet"}},{"type":"Feature","geometry":{"type":"Point","coordinates":[81.9197,22.4892]},"properties":{"udise":"22071111702","name":"GOVT. PS SARGOD","state":"CHHATTISGARH","district":"BILASPUR","block":"KOTA","indicator":"no_girls_toilet"}},{"type":"Feature","geometry":{"type":"Point","coordinates":[81.8528,22.1664]},"properties":{"udise":"22072517401","name":"GOVT. MS BARAHI(SSA)","state":"CHHATTISGARH","district":"BILASPUR","block":"TAKHATPUR","indicator":"no_girls_toilet"}},{"type":"Feature","geometry":{"type":"Point","coordinates":[82.3858,22.1783]},"properties":{"udise":"22071506804","name":"GOVT. HSS SONTHI","state":"CHHATTISGARH","district":"BILASPUR","block":"MASTURI","indicator":"no_girls_toilet"}},{"type":"Feature","geometry":{"type":"Point","coordinates":[82.1697,22.54]},"properties":{"udise":"22071108704","name":"GOVT. PS CHHINDWAD (SSA)","state":"CHHATTISGARH","district":"BILASPUR","block":"KOTA","indicator":"no_girls_toilet"}},{"type":"Feature","geometry":{"type":"Point","coordinates":[82.0856,22.1661]},"properties":{"udise":"22072506004","name":"GOVT. P.S. STATION PARA GHUTKU","state":"CHHATTISGARH","district":"BILASPUR","block":"TAKHATPUR","indicator":"no_girls_toilet"}},{"type":"Feature","geometry":{"type":"Point","coordinates":[82.2594,22.3214]},"properties":{"udise":"22071115202","name":"GOVT. MS RAMDAI","state":"CHHATTISGARH","district":"BILASPUR","block":"KOTA","indicator":"no_girls_toilet"}},{"type":"Feature","geometry":{"type":"Point","coordinates":[82.3581,22.1386]},"properties":{"udise":"22071513401","name":"GOVT. PS PARSAHI","state":"CHHATTISGARH","district":"BILASPUR","block":"MASTURI","indicator":"no_girls_toilet"}},{"type":"Feature","geometry":{"type":"Point","coordinates":[82.0281,22.2919]},"properties":{"udise":"22071100113","name":"GOVT. MS BOYS KALAVATI KOTA","state":"CHHATTISGARH","district":"BILASPUR","block":"KOTA","indicator":"no_girls_toilet"}},{"type":"Feature","geometry":{"type":"Point","coordinates":[82.1658,21.9772]},"properties":{"udise":"22070307001","name":"GOVT. PS NAGAR DIH","state":"CHHATTISGARH","district":"BILASPUR","block":"BILHA","indicator":"no_girls_toilet"}},{"type":"Feature","geometry":{"type":"Point","coordinates":[82.0842,22.1039]},"properties":{"udise":"22072501903","name":"GOVT. M.S BHARNI","state":"CHHATTISGARH","district":"BILASPUR","block":"TAKHATPUR","indicator":"no_girls_toilet"}},{"type":"Feature","geometry":{"type":"Point","coordinates":[82.2233,22.1972]},"properties":{"udise":"22070302004","name":"GOVT. PS BANDHAVAPARA","state":"CHHATTISGARH","district":"BILASPUR","block":"BILHA","indicator":"no_girls_toilet"}},{"type":"Feature","geometry":{"type":"Point","coordinates":[81.7467,22.2847]},"properties":{"udise":"22072509601","name":"GOVT.JAN.KANCHANPUR (EDU)","state":"CHHATTISGARH","district":"BILASPUR","block":"TAKHATPUR","indicator":"no_girls_toilet"}},{"type":"Feature","geometry":{"type":"Point","coordinates":[81.8267,22.2583]},"properties":{"udise":"22072500804","name":"GOVT. PS NAVEEN BHATAPARA","state":"CHHATTISGARH","district":"BILASPUR","block":"TAKHATPUR","indicator":"no_girls_toilet"}},{"type":"Feature","geometry":{"type":"Point","coordinates":[82.0781,22.1672]},"properties":{"udise":"22072506006","name":"GOVT. P.S. PANDRI PAR(EDU)","state":"CHHATTISGARH","district":"BILASPUR","block":"TAKHATPUR","indicator":"no_girls_toilet"}},{"type":"Feature","geometry":{"type":"Point","coordinates":[82.2056,22.2153]},"properties":{"udise":"22070302502","name":"GOVT. MS CHORHA DEVRI","state":"CHHATTISGARH","district":"BILASPUR","block":"BILHA","indicator":"no_girls_toilet"}},{"type":"Feature","geometry":{"type":"Point","coordinates":[82.1375,22.2458]},"properties":{"udise":"22071116103","name":"GOVT. PS URDU RANI GAON","state":"CHHATTISGARH","district":"BILASPUR","block":"KOTA","indicator":"no_girls_toilet"}},{"type":"Feature","geometry":{"type":"Point","coordinates":[82.315,22.2389]},"properties":{"udise":"22070322503","name":"GOVT. PS NAVIN GOVT DABRIPARA  CHING","state":"CHHATTISGARH","district":"BILASPUR","block":"BILHA","indicator":"no_girls_toilet"}},{"type":"Feature","geometry":{"type":"Point","coordinates":[82.0194,22.3453]},"properties":{"udise":"22071110303","name":"GOVT. PS PADUM PARA SALKA NAWAGAON","state":"CHHATTISGARH","district":"BILASPUR","block":"KOTA","indicator":"no_girls_toilet"}},{"type":"Feature","geometry":{"type":"Point","coordinates":[81.8972,22.6092]},"properties":{"udise":"22071113701","name":"GOVT. PS BHANVAR TANK","state":"CHHATTISGARH","district":"BILASPUR","block":"KOTA","indicator":"no_girls_toilet"}},{"type":"Feature","geometry":{"type":"Point","coordinates":[82.1481,22.2439]},"properties":{"udise":"22070310604","name":"GOVT. NEW PS AWASPARA MADANPUR","state":"CHHATTISGARH","district":"BILASPUR","block":"BILHA","indicator":"no_girls_toilet"}},{"type":"Feature","geometry":{"type":"Point","coordinates":[82.1561,21.9225]},"properties":{"udise":"22070306801","name":"GOVT. PS BUNDELA","state":"CHHATTISGARH","district":"BILASPUR","block":"BILHA","indicator":"no_girls_toilet"}},{"type":"Feature","geometry":{"type":"Point","coordinates":[81.9133,22.5514]},"properties":{"udise":"22071113601","name":"GOVT. PS BHASKO","state":"CHHATTISGARH","district":"BILASPUR","block":"KOTA","indicator":"no_girls_toilet"}},{"type":"Feature","geometry":{"type":"Point","coordinates":[82.0411,22.1689]},"properties":{"udise":"22072521901","name":"GOVT.PS NAROTIKAPA","state":"CHHATTISGARH","district":"BILASPUR","block":"TAKHATPUR","indicator":"no_girls_toilet"}},{"type":"Feature","geometry":{"type":"Point","coordinates":[82.1278,22.4264]},"properties":{"udise":"22071117601","name":"GOVT. PS PIPAR PARA","state":"CHHATTISGARH","district":"BILASPUR","block":"KOTA","indicator":"no_girls_toilet"}},{"type":"Feature","geometry":{"type":"Point","coordinates":[82.2675,21.9911]},"properties":{"udise":"22071500319","name":"GOVT. MS BOYS   MASTURI","state":"CHHATTISGARH","district":"BILASPUR","block":"MASTURI","indicator":"no_girls_toilet"}},{"type":"Feature","geometry":{"type":"Point","coordinates":[82.1622,22.0989]},"properties":{"udise":"22070309802","name":"GOVT. PS CHANDAN AWAS LINGIYADIH","state":"CHHATTISGARH","district":"BILASPUR","block":"BILHA","indicator":"no_girls_toilet"}},{"type":"Feature","geometry":{"type":"Point","coordinates":[82.0439,22.0286]},"properties":{"udise":"22072500401","name":"GOVT. PS. AMSENA(EDU)","state":"CHHATTISGARH","district":"BILASPUR","block":"TAKHATPUR","indicator":"no_girls_toilet"}},{"type":"Feature","geometry":{"type":"Point","coordinates":[81.8689,22.135]},"properties":{"udise":"22072516602","name":"GOVT PS. NAVIN TIKARI PARA(EDU)","state":"CHHATTISGARH","district":"BILASPUR","block":"TAKHATPUR","indicator":"no_girls_toilet"}},{"type":"Feature","geometry":{"type":"Point","coordinates":[82.0278,22.2819]},"properties":{"udise":"22072513802","name":"GOVT. MS. PATHARRA(SSA)","state":"CHHATTISGARH","district":"BILASPUR","block":"TAKHATPUR","indicator":"no_girls_toilet"}},{"type":"Feature","geometry":{"type":"Point","coordinates":[82.2781,21.9631]},"properties":{"udise":"22071510501","name":"GOVT. P.S. KHORSI","state":"CHHATTISGARH","district":"BILASPUR","block":"MASTURI","indicator":"no_girls_toilet"}},{"type":"Feature","geometry":{"type":"Point","coordinates":[82.2658,21.9903]},"properties":{"udise":"22071500303","name":"GOVT. PRIMARY SCHOOL MASTURI","state":"CHHATTISGARH","district":"BILASPUR","block":"MASTURI","indicator":"no_girls_toilet"}},{"type":"Feature","geometry":{"type":"Point","coordinates":[81.8194,22.1858]},"properties":{"udise":"22072507703","name":"GOVT PS KHAMHARIYA","state":"CHHATTISGARH","district":"BILASPUR","block":"TAKHATPUR","indicator":"no_girls_toilet"}},{"type":"Feature","geometry":{"type":"Point","coordinates":[82.275,21.8156]},"properties":{"udise":"22071512202","name":"GOVT. MS PATAIDIH (SSA)","state":"CHHATTISGARH","district":"BILASPUR","block":"MASTURI","indicator":"no_girls_toilet"}},{"type":"Feature","geometry":{"type":"Point","coordinates":[82.3681,21.7469]},"properties":{"udise":"22071513102","name":"GOVT. PS GADHIYAPARA SONSARI (SSA)","state":"CHHATTISGARH","district":"BILASPUR","block":"MASTURI","indicator":"no_girls_toilet"}},{"type":"Feature","geometry":{"type":"Point","coordinates":[82.045,22.0289]},"properties":{"udise":"22072500402","name":"GOVT MS.AMSENA(EDU)","state":"CHHATTISGARH","district":"BILASPUR","block":"TAKHATPUR","indicator":"no_girls_toilet"}},{"type":"Feature","geometry":{"type":"Point","coordinates":[82.2736,21.9136]},"properties":{"udise":"22071511401","name":"GOVT. P.S. THEMHA PAR","state":"CHHATTISGARH","district":"BILASPUR","block":"MASTURI","indicator":"no_girls_toilet"}},{"type":"Feature","geometry":{"type":"Point","coordinates":[82.0806,22.3872]},"properties":{"udise":"22071109602","name":"GOVT.PS NAVAPARA (SSA)","state":"CHHATTISGARH","district":"BILASPUR","block":"KOTA","indicator":"no_girls_toilet"}},{"type":"Feature","geometry":{"type":"Point","coordinates":[82.2492,22.2753]},"properties":{"udise":"22071115301","name":"GOVT. PS JALI","state":"CHHATTISGARH","district":"BILASPUR","block":"KOTA","indicator":"no_girls_toilet"}},{"type":"Feature","geometry":{"type":"Point","coordinates":[81.8944,22.2539]},"properties":{"udise":"22072516001","name":"GOVT. PS SONBANDHA(EDU)","state":"CHHATTISGARH","district":"BILASPUR","block":"TAKHATPUR","indicator":"no_girls_toilet"}},{"type":"Feature","geometry":{"type":"Point","coordinates":[82.1703,22.0028]},"properties":{"udise":"22070324405","name":"GOVT. PS BARKHADAN DEORIKHURD (SSA)","state":"CHHATTISGARH","district":"BILASPUR","block":"BILHA","indicator":"no_girls_toilet"}},{"type":"Feature","geometry":{"type":"Point","coordinates":[81.9872,22.1278]},"properties":{"udise":"22072507403","name":"GOVT. MS KHAMHARIA","state":"CHHATTISGARH","district":"BILASPUR","block":"TAKHATPUR","indicator":"no_girls_toilet"}},{"type":"Feature","geometry":{"type":"Point","coordinates":[81.9983,22.5061]},"properties":{"udise":"22071117703","name":"GOVT. PS KATAIHAPARA (SSA)","state":"CHHATTISGARH","district":"BILASPUR","block":"KOTA","indicator":"no_girls_toilet"}},{"type":"Feature","geometry":{"type":"Point","coordinates":[82.2344,21.8533]},"properties":{"udise":"22071505805","name":"GOVT. PS SAHU MOHALLA OKHAR (SSA)","state":"CHHATTISGARH","district":"BILASPUR","block":"MASTURI","indicator":"no_girls_toilet"}},{"type":"Feature","geometry":{"type":"Point","coordinates":[82.2239,22.1978]},"properties":{"udise":"22070302001","name":"GOVT. JAN. PS DAGANIA","state":"CHHATTISGARH","district":"BILASPUR","block":"BILHA","indicator":"no_girls_toilet"}},{"type":"Feature","geometry":{"type":"Point","coordinates":[82.2511,22.0242]},"properties":{"udise":"22071516403","name":"GOVT. PS KHAPARI","state":"CHHATTISGARH","district":"BILASPUR","block":"MASTURI","indicator":"girls_toilet_nonfunctional"}},{"type":"Feature","geometry":{"type":"Point","coordinates":[82.2669,22.2383]},"properties":{"udise":"22070303001","name":"GOVT. R.G.S.M. PS GOPALPUR","state":"CHHATTISGARH","district":"BILASPUR","block":"BILHA","indicator":"girls_toilet_nonfunctional"}},{"type":"Feature","geometry":{"type":"Point","coordinates":[82.2019,22.2714]},"properties":{"udise":"22070308803","name":"GOVT. MS KHAIRKHUNDI","state":"CHHATTISGARH","district":"BILASPUR","block":"BILHA","indicator":"girls_toilet_nonfunctional"}},{"type":"Feature","geometry":{"type":"Point","coordinates":[81.8775,22.6103]},"properties":{"udise":"22071121601","name":"GOVT. PS MUSIYARI (SSA)","state":"CHHATTISGARH","district":"BILASPUR","block":"KOTA","indicator":"girls_toilet_nonfunctional"}},{"type":"Feature","geometry":{"type":"Point","coordinates":[82.1764,22.0267]},"properties":{"udise":"22070305902","name":"GOVT. PS KORMI","state":"CHHATTISGARH","district":"BILASPUR","block":"BILHA","indicator":"girls_toilet_nonfunctional"}},{"type":"Feature","geometry":{"type":"Point","coordinates":[81.9881,22.4386]},"properties":{"udise":"22071112902","name":"GOVT. PS PHULWARIPARA","state":"CHHATTISGARH","district":"BILASPUR","block":"KOTA","indicator":"girls_toilet_nonfunctional"}},{"type":"Feature","geometry":{"type":"Point","coordinates":[81.9661,22.0119]},"properties":{"udise":"22072510601","name":"GOVT. P.S. MEDPAR BAZAR(EDU)","state":"CHHATTISGARH","district":"BILASPUR","block":"TAKHATPUR","indicator":"girls_toilet_nonfunctional"}},{"type":"Feature","geometry":{"type":"Point","coordinates":[82.3775,21.7492]},"properties":{"udise":"22071509103","name":"GOVT. MS BOYS SOAN","state":"CHHATTISGARH","district":"BILASPUR","block":"MASTURI","indicator":"girls_toilet_nonfunctional"}},{"type":"Feature","geometry":{"type":"Point","coordinates":[81.7747,22.2631]},"properties":{"udise":"22072505201","name":"GOVT. P.S.DOMAN PUR(EDU)","state":"CHHATTISGARH","district":"BILASPUR","block":"TAKHATPUR","indicator":"girls_toilet_nonfunctional"}},{"type":"Feature","geometry":{"type":"Point","coordinates":[82.0175,21.9872]},"properties":{"udise":"22072505101","name":"GOVT. P.S. DIGHORA(EDU)","state":"CHHATTISGARH","district":"BILASPUR","block":"TAKHATPUR","indicator":"girls_toilet_nonfunctional"}},{"type":"Feature","geometry":{"type":"Point","coordinates":[81.9861,22.2469]},"properties":{"udise":"22072509801","name":"GOVT. P.S. KAPASIYA KALA (EDU)","state":"CHHATTISGARH","district":"BILASPUR","block":"TAKHATPUR","indicator":"girls_toilet_nonfunctional"}},{"type":"Feature","geometry":{"type":"Point","coordinates":[82.1953,22.0408]},"properties":{"udise":"22070315401","name":"GOVT. PS CHOURHA MAINA","state":"CHHATTISGARH","district":"BILASPUR","block":"BILHA","indicator":"girls_toilet_nonfunctional"}},{"type":"Feature","geometry":{"type":"Point","coordinates":[82.2033,22.0878]},"properties":{"udise":"22070317001","name":"GOVT. PS KHAPRI","state":"CHHATTISGARH","district":"BILASPUR","block":"BILHA","indicator":"girls_toilet_nonfunctional"}},{"type":"Feature","geometry":{"type":"Point","coordinates":[81.9861,22.2469]},"properties":{"udise":"22072509802","name":"GOVT. MS. KAPASIYAKALA(SSA)","state":"CHHATTISGARH","district":"BILASPUR","block":"TAKHATPUR","indicator":"girls_toilet_nonfunctional"}},{"type":"Feature","geometry":{"type":"Point","coordinates":[82.3156,21.8369]},"properties":{"udise":"22071513002","name":"GOVT. MS SULOUNI (SSA)","state":"CHHATTISGARH","district":"BILASPUR","block":"MASTURI","indicator":"girls_toilet_nonfunctional"}},{"type":"Feature","geometry":{"type":"Point","coordinates":[82.1561,21.9225]},"properties":{"udise":"22070306803","name":"GOVT. MS BUNDELA","state":"CHHATTISGARH","district":"BILASPUR","block":"BILHA","indicator":"girls_toilet_nonfunctional"}},{"type":"Feature","geometry":{"type":"Point","coordinates":[82.0336,22.3175]},"properties":{"udise":"22071110601","name":"GOVT. PS JHOKA PARA","state":"CHHATTISGARH","district":"BILASPUR","block":"KOTA","indicator":"girls_toilet_nonfunctional"}},{"type":"Feature","geometry":{"type":"Point","coordinates":[82.1647,22.145]},"properties":{"udise":"22070304705","name":"GOVT. PS ASHABAND (BIRKONA)","state":"CHHATTISGARH","district":"BILASPUR","block":"BILHA","indicator":"girls_toilet_nonfunctional"}},{"type":"Feature","geometry":{"type":"Point","coordinates":[82.315,22.2389]},"properties":{"udise":"22070300901","name":"GOVT. PS BITKULI","state":"CHHATTISGARH","district":"BILASPUR","block":"BILHA","indicator":"girls_toilet_nonfunctional"}},{"type":"Feature","geometry":{"type":"Point","coordinates":[82.3164,21.9922]},"properties":{"udise":"22071502701","name":"GOVT. JP. P.S. DEVGAON","state":"CHHATTISGARH","district":"BILASPUR","block":"MASTURI","indicator":"girls_toilet_nonfunctional"}},{"type":"Feature","geometry":{"type":"Point","coordinates":[81.9164,22.1303]},"properties":{"udise":"22072507601","name":"GOVT. PS.KHAPRI(EDU)","state":"CHHATTISGARH","district":"BILASPUR","block":"TAKHATPUR","indicator":"girls_toilet_nonfunctional"}},{"type":"Feature","geometry":{"type":"Point","coordinates":[82.0986,22.1825]},"properties":{"udise":"22072506007","name":"GOVT. P.S. SINGAR BADI(EDU)","state":"CHHATTISGARH","district":"BILASPUR","block":"TAKHATPUR","indicator":"girls_toilet_nonfunctional"}},{"type":"Feature","geometry":{"type":"Point","coordinates":[81.9283,22.1883]},"properties":{"udise":"22072504503","name":"GOVT.MS DHANDHAN(EDU)","state":"CHHATTISGARH","district":"BILASPUR","block":"TAKHATPUR","indicator":"girls_toilet_nonfunctional"}},{"type":"Feature","geometry":{"type":"Point","coordinates":[82.0325,22.3369]},"properties":{"udise":"22071105002","name":"GOVT. MS BILLIBAND","state":"CHHATTISGARH","district":"BILASPUR","block":"KOTA","indicator":"girls_toilet_nonfunctional"}},{"type":"Feature","geometry":{"type":"Point","coordinates":[82.1819,21.9286]},"properties":{"udise":"22070313403","name":"GOVT. MS UMARIA","state":"CHHATTISGARH","district":"BILASPUR","block":"BILHA","indicator":"girls_toilet_nonfunctional"}},{"type":"Feature","geometry":{"type":"Point","coordinates":[82.1347,22.2306]},"properties":{"udise":"22070312403","name":"GOVT. MS PENDARWA","state":"CHHATTISGARH","district":"BILASPUR","block":"BILHA","indicator":"girls_toilet_nonfunctional"}},{"type":"Feature","geometry":{"type":"Point","coordinates":[81.9717,22.1803]},"properties":{"udise":"22072509402","name":"GOVT.MS. KEKTI(SSA)","state":"CHHATTISGARH","district":"BILASPUR","block":"TAKHATPUR","indicator":"girls_toilet_nonfunctional"}},{"type":"Feature","geometry":{"type":"Point","coordinates":[82.1008,22.2789]},"properties":{"udise":"22071116302","name":"GOVT. PS KALHAMAR","state":"CHHATTISGARH","district":"BILASPUR","block":"KOTA","indicator":"girls_toilet_nonfunctional"}},{"type":"Feature","geometry":{"type":"Point","coordinates":[82.2047,22.0211]},"properties":{"udise":"22070311503","name":"GOVT. MS DHUMA","state":"CHHATTISGARH","district":"BILASPUR","block":"BILHA","indicator":"girls_toilet_nonfunctional"}},{"type":"Feature","geometry":{"type":"Point","coordinates":[82.2261,22.1731]},"properties":{"udise":"22070302601","name":"GOVT. PS SELAR","state":"CHHATTISGARH","district":"BILASPUR","block":"BILHA","indicator":"girls_toilet_nonfunctional"}},{"type":"Feature","geometry":{"type":"Point","coordinates":[82.0517,22.4842]},"properties":{"udise":"22071113804","name":"GOVT. H S S  MITHU NAVAGAON (EDU)","state":"CHHATTISGARH","district":"BILASPUR","block":"KOTA","indicator":"girls_toilet_nonfunctional"}},{"type":"Feature","geometry":{"type":"Point","coordinates":[82.0939,22.1986]},"properties":{"udise":"22070300805","name":"GOVT. NEW PS FOKATPARA","state":"CHHATTISGARH","district":"BILASPUR","block":"BILHA","indicator":"girls_toilet_nonfunctional"}},{"type":"Feature","geometry":{"type":"Point","coordinates":[81.7664,22.2733]},"properties":{"udise":"22072507302","name":"GOVT.MS JUNAPARA(EDU)","state":"CHHATTISGARH","district":"BILASPUR","block":"TAKHATPUR","indicator":"girls_toilet_nonfunctional"}},{"type":"Feature","geometry":{"type":"Point","coordinates":[82.1789,22.0503]},"properties":{"udise":"22070311302","name":"GOVT. PS SAPHED KHADAN","state":"CHHATTISGARH","district":"BILASPUR","block":"BILHA","indicator":"girls_toilet_nonfunctional"}},{"type":"Feature","geometry":{"type":"Point","coordinates":[82.1494,21.9822]},"properties":{"udise":"22070307203","name":"GOVT. PS BHATHAPARA (SSA)","state":"CHHATTISGARH","district":"BILASPUR","block":"BILHA","indicator":"girls_toilet_nonfunctional"}},{"type":"Feature","geometry":{"type":"Point","coordinates":[81.9806,22.0028]},"properties":{"udise":"22072515503","name":"GOVT MS SAKETI(SSA)","state":"CHHATTISGARH","district":"BILASPUR","block":"TAKHATPUR","indicator":"girls_toilet_nonfunctional"}},{"type":"Feature","geometry":{"type":"Point","coordinates":[82.0989,22.1972]},"properties":{"udise":"22070300801","name":"GOVT. JAN. PS LOFANDI","state":"CHHATTISGARH","district":"BILASPUR","block":"BILHA","indicator":"girls_toilet_nonfunctional"}},{"type":"Feature","geometry":{"type":"Point","coordinates":[81.9064,22.1639]},"properties":{"udise":"22072516201","name":"GOVT  PS TIHULADIH(EDU)","state":"CHHATTISGARH","district":"BILASPUR","block":"TAKHATPUR","indicator":"girls_toilet_nonfunctional"}},{"type":"Feature","geometry":{"type":"Point","coordinates":[81.8269,22.2425]},"properties":{"udise":"22072501501","name":"GOVT. PS. BELSARA (EDU)","state":"CHHATTISGARH","district":"BILASPUR","block":"TAKHATPUR","indicator":"girls_toilet_nonfunctional"}},{"type":"Feature","geometry":{"type":"Point","coordinates":[82.2147,22.1781]},"properties":{"udise":"22070303503","name":"GOVT. PS DHURIPARA PAUNSARA","state":"CHHATTISGARH","district":"BILASPUR","block":"BILHA","indicator":"girls_toilet_nonfunctional"}},{"type":"Feature","geometry":{"type":"Point","coordinates":[82.4019,22.1586]},"properties":{"udise":"22071506501","name":"GOVT. P.S. MADAI","state":"CHHATTISGARH","district":"BILASPUR","block":"MASTURI","indicator":"girls_toilet_nonfunctional"}},{"type":"Feature","geometry":{"type":"Point","coordinates":[81.9264,22.1392]},"properties":{"udise":"22072510101","name":"GOVT. PS LIDRI(EDU)","state":"CHHATTISGARH","district":"BILASPUR","block":"TAKHATPUR","indicator":"girls_toilet_nonfunctional"}},{"type":"Feature","geometry":{"type":"Point","coordinates":[82.0411,22.1694]},"properties":{"udise":"22072511801","name":"GOVT. P.S. NEVRA(EDU)","state":"CHHATTISGARH","district":"BILASPUR","block":"TAKHATPUR","indicator":"girls_toilet_nonfunctional"}},{"type":"Feature","geometry":{"type":"Point","coordinates":[82.04,22.3839]},"properties":{"udise":"22071109203","name":"GOVT. PS BAHRIJHIRIYA (SSA)","state":"CHHATTISGARH","district":"BILASPUR","block":"KOTA","indicator":"girls_toilet_nonfunctional"}},{"type":"Feature","geometry":{"type":"Point","coordinates":[82.1794,22.2211]},"properties":{"udise":"22070311402","name":"GOVT. MS SEMRA","state":"CHHATTISGARH","district":"BILASPUR","block":"BILHA","indicator":"girls_toilet_nonfunctional"}},{"type":"Feature","geometry":{"type":"Point","coordinates":[81.8944,22.2533]},"properties":{"udise":"22071102901","name":"GOVT. PS LAMKENA","state":"CHHATTISGARH","district":"BILASPUR","block":"KOTA","indicator":"girls_toilet_nonfunctional"}},{"type":"Feature","geometry":{"type":"Point","coordinates":[82.0217,22.1278]},"properties":{"udise":"22072508303","name":"GOVT NPS BASTIPARA KHAJURINAVAGAON(EDU)","state":"CHHATTISGARH","district":"BILASPUR","block":"TAKHATPUR","indicator":"girls_toilet_nonfunctional"}},{"type":"Feature","geometry":{"type":"Point","coordinates":[82.3569,21.72]},"properties":{"udise":"22071509903","name":"GOVT. MS.GOPALPUR (SSA)","state":"CHHATTISGARH","district":"BILASPUR","block":"MASTURI","indicator":"girls_toilet_nonfunctional"}},{"type":"Feature","geometry":{"type":"Point","coordinates":[82.0631,21.8919]},"properties":{"udise":"22070328712","name":"GOVT. MS MANGALA (PASID)","state":"CHHATTISGARH","district":"BILASPUR","block":"BILHA","indicator":"girls_toilet_nonfunctional"}},{"type":"Feature","geometry":{"type":"Point","coordinates":[82.125,21.9517]},"properties":{"udise":"22070308003","name":"GOVT. MS BHAT GAON","state":"CHHATTISGARH","district":"BILASPUR","block":"BILHA","indicator":"girls_toilet_nonfunctional"}},{"type":"Feature","geometry":{"type":"Point","coordinates":[82.3911,22.1725]},"properties":{"udise":"22071505601","name":"GOVT P.S. PIPARANAR","state":"CHHATTISGARH","district":"BILASPUR","block":"MASTURI","indicator":"girls_toilet_nonfunctional"}},{"type":"Feature","geometry":{"type":"Point","coordinates":[82.0761,22.1031]},"properties":{"udise":"22072513403","name":"GOVT. MS PONDI GANIYARI","state":"CHHATTISGARH","district":"BILASPUR","block":"TAKHATPUR","indicator":"girls_toilet_nonfunctional"}},{"type":"Feature","geometry":{"type":"Point","coordinates":[82.0331,22.3967]},"properties":{"udise":"22071100505","name":"GOVT. PS DHOBGHAT (SSA)","state":"CHHATTISGARH","district":"BILASPUR","block":"KOTA","indicator":"girls_toilet_nonfunctional"}},{"type":"Feature","geometry":{"type":"Point","coordinates":[82.0767,22.2094]},"properties":{"udise":"22072510004","name":"GOVT. MS LAMER(EDU)","state":"CHHATTISGARH","district":"BILASPUR","block":"TAKHATPUR","indicator":"girls_toilet_nonfunctional"}},{"type":"Feature","geometry":{"type":"Point","coordinates":[81.9403,22.2211]},"properties":{"udise":"22072502401","name":"GOVT.PS BOYS JANPAD  BEEJA(SSA)","state":"CHHATTISGARH","district":"BILASPUR","block":"TAKHATPUR","indicator":"girls_toilet_nonfunctional"}},{"type":"Feature","geometry":{"type":"Point","coordinates":[82.1869,22.1483]},"properties":{"udise":"22070314602","name":"GOVT. MS UDANTAL","state":"CHHATTISGARH","district":"BILASPUR","block":"BILHA","indicator":"girls_toilet_nonfunctional"}},{"type":"Feature","geometry":{"type":"Point","coordinates":[82.1664,21.8958]},"properties":{"udise":"22070307602","name":"GOVT. MS KHAMHARDIH","state":"CHHATTISGARH","district":"BILASPUR","block":"BILHA","indicator":"girls_toilet_nonfunctional"}},{"type":"Feature","geometry":{"type":"Point","coordinates":[82.0906,22.1786]},"properties":{"udise":"22072506012","name":"GOVT.PS. ANUSUCHIT  JATI PARA (SSA)","state":"CHHATTISGARH","district":"BILASPUR","block":"TAKHATPUR","indicator":"girls_toilet_nonfunctional"}},{"type":"Feature","geometry":{"type":"Point","coordinates":[81.9164,22.5681]},"properties":{"udise":"22071113401","name":"GOVT. PS LATHORI","state":"CHHATTISGARH","district":"BILASPUR","block":"KOTA","indicator":"girls_toilet_nonfunctional"}},{"type":"Feature","geometry":{"type":"Point","coordinates":[82.1339,22.2792]},"properties":{"udise":"22071113025","name":"GOVT. MS JUNA SHAHAR","state":"CHHATTISGARH","district":"BILASPUR","block":"KOTA","indicator":"girls_toilet_nonfunctional"}},{"type":"Feature","geometry":{"type":"Point","coordinates":[82.0417,22.1678]},"properties":{"udise":"22072505502","name":"GOVT. GIRLS PS. GANIYARI (EDU)","state":"CHHATTISGARH","district":"BILASPUR","block":"TAKHATPUR","indicator":"girls_toilet_nonfunctional"}},{"type":"Feature","geometry":{"type":"Point","coordinates":[81.9219,22.2317]},"properties":{"udise":"22072502404","name":"GOVT.PS DIPRAPARA  BEEJA(SSA)","state":"CHHATTISGARH","district":"BILASPUR","block":"TAKHATPUR","indicator":"girls_toilet_nonfunctional"}},{"type":"Feature","geometry":{"type":"Point","coordinates":[82.2908,22.0686]},"properties":{"udise":"22071505903","name":"GOVT. MS RALIYA (SSA)","state":"CHHATTISGARH","district":"BILASPUR","block":"MASTURI","indicator":"girls_toilet_nonfunctional"}},{"type":"Feature","geometry":{"type":"Point","coordinates":[81.8944,22.2533]},"properties":{"udise":"22071102902","name":"GOVT. MS LAMKENA","state":"CHHATTISGARH","district":"BILASPUR","block":"KOTA","indicator":"girls_toilet_nonfunctional"}},{"type":"Feature","geometry":{"type":"Point","coordinates":[82.0264,22.1342]},"properties":{"udise":"22072508302","name":"GOVT. PS. NAVIN  BANDHIYAPARA  KHAJUR(SSA)","state":"CHHATTISGARH","district":"BILASPUR","block":"TAKHATPUR","indicator":"girls_toilet_nonfunctional"}},{"type":"Feature","geometry":{"type":"Point","coordinates":[81.9736,22.2969]},"properties":{"udise":"22071100302","name":"GOVT. PS KORIPARA PATAITA (SSA)","state":"CHHATTISGARH","district":"BILASPUR","block":"KOTA","indicator":"girls_toilet_nonfunctional"}},{"type":"Feature","geometry":{"type":"Point","coordinates":[81.8944,22.2369]},"properties":{"udise":"22072511402","name":"GOVT. PS.MOUHAKAPA(EDU)","state":"CHHATTISGARH","district":"BILASPUR","block":"TAKHATPUR","indicator":"girls_toilet_nonfunctional"}},{"type":"Feature","geometry":{"type":"Point","coordinates":[82.1078,22.36]},"properties":{"udise":"22071109703","name":"GOVT. MS BIRGAHNI","state":"CHHATTISGARH","district":"BILASPUR","block":"KOTA","indicator":"girls_toilet_nonfunctional"}},{"type":"Feature","geometry":{"type":"Point","coordinates":[81.9281,22.1819]},"properties":{"udise":"22072504502","name":"GOVT. PS. GIRLS DHANDHAN(EDU)","state":"CHHATTISGARH","district":"BILASPUR","block":"TAKHATPUR","indicator":"girls_toilet_nonfunctional"}},{"type":"Feature","geometry":{"type":"Point","coordinates":[82.0961,22.1686]},"properties":{"udise":"22072506005","name":"GOVT. P.S. NUNIA PARA (EDU)","state":"CHHATTISGARH","district":"BILASPUR","block":"TAKHATPUR","indicator":"girls_toilet_nonfunctional"}},{"type":"Feature","geometry":{"type":"Point","coordinates":[82.1322,22.2508]},"properties":{"udise":"22071116104","name":"GOVT. PS BHADAIA PARA","state":"CHHATTISGARH","district":"BILASPUR","block":"KOTA","indicator":"girls_toilet_nonfunctional"}},{"type":"Feature","geometry":{"type":"Point","coordinates":[82.0806,22.5328]},"properties":{"udise":"22071120001","name":"GOVT. PS SUIDHAR (SSA)","state":"CHHATTISGARH","district":"BILASPUR","block":"KOTA","indicator":"girls_toilet_nonfunctional"}},{"type":"Feature","geometry":{"type":"Point","coordinates":[82.2561,22.1733]},"properties":{"udise":"22071503203","name":"GOVT. MS JHALMALA (SSA)","state":"CHHATTISGARH","district":"BILASPUR","block":"MASTURI","indicator":"girls_toilet_nonfunctional"}},{"type":"Feature","geometry":{"type":"Point","coordinates":[82.0419,22.1686]},"properties":{"udise":"22072501603","name":"GOVT.MS BHADAM","state":"CHHATTISGARH","district":"BILASPUR","block":"TAKHATPUR","indicator":"girls_toilet_nonfunctional"}},{"type":"Feature","geometry":{"type":"Point","coordinates":[81.2706,18.9928]},"properties":{"udise":"22160802203","name":"TWD A.S. BADESUROKHI","state":"CHHATTISGARH","district":"DANTEWADA","block":"GEEDAM","indicator":"no_girls_toilet"}},{"type":"Feature","geometry":{"type":"Point","coordinates":[81.3428,18.9325]},"properties":{"udise":"22160802017","name":"TWD N.P.M.S. POLISE LINE KARLI","state":"CHHATTISGARH","district":"DANTEWADA","block":"GEEDAM","indicator":"no_girls_toilet"}},{"type":"Feature","geometry":{"type":"Point","coordinates":[81.2581,18.6553]},"properties":{"udise":"22161906701","name":"GOVT. P.S. KODENAR PATELPARA","state":"CHHATTISGARH","district":"DANTEWADA","block":"KUAKONDA","indicator":"no_girls_toilet"}},{"type":"Feature","geometry":{"type":"Point","coordinates":[81.4375,18.8292]},"properties":{"udise":"22162211203","name":"GOVT. PRIMARY SCHOOL  CHOTE GODRE","state":"CHHATTISGARH","district":"DANTEWADA","block":"DANTEWADA","indicator":"no_girls_toilet"}},{"type":"Feature","geometry":{"type":"Point","coordinates":[81.3494,19.0547]},"properties":{"udise":"22160807420","name":"TWD U.P.S. JHODIPARA RONJE","state":"CHHATTISGARH","district":"DANTEWADA","block":"GEEDAM","indicator":"no_girls_toilet"}},{"type":"Feature","geometry":{"type":"Point","coordinates":[81.2211,18.9994]},"properties":{"udise":"22160800705","name":"TWD M.S. SARPANCHPARA  BANGAPAL","state":"CHHATTISGARH","district":"DANTEWADA","block":"GEEDAM","indicator":"no_girls_toilet"}},{"type":"Feature","geometry":{"type":"Point","coordinates":[81.5531,18.8331]},"properties":{"udise":"22162203612","name":"SWAMI ATMANAND GOVT. HINDI MEDIUM HIGHER SECONDARY SCHOOL METAPAL","state":"CHHATTISGARH","district":"DANTEWADA","block":"DANTEWADA","indicator":"no_girls_toilet"}},{"type":"Feature","geometry":{"type":"Point","coordinates":[81.3433,18.9164]},"properties":{"udise":"22162203201","name":"GOVT. PRIMARY SCHOOL CHITALANKA","state":"CHHATTISGARH","district":"DANTEWADA","block":"DANTEWADA","indicator":"girls_toilet_nonfunctional"}},{"type":"Feature","geometry":{"type":"Point","coordinates":[81.4742,19.1217]},"properties":{"udise":"22160805002","name":"TWD P.S. UNDIRNALA KORKOTI","state":"CHHATTISGARH","district":"DANTEWADA","block":"GEEDAM","indicator":"girls_toilet_nonfunctional"}},{"type":"Feature","geometry":{"type":"Point","coordinates":[81.4214,18.9719]},"properties":{"udise":"22160805501","name":"TWD P.S. PUJARIPARA JAWANGA","state":"CHHATTISGARH","district":"DANTEWADA","block":"GEEDAM","indicator":"girls_toilet_nonfunctional"}},{"type":"Feature","geometry":{"type":"Point","coordinates":[81.3514,18.8414]},"properties":{"udise":"22162200508","name":"GOVT.PRIMARY.SCHOOL. DONGARIPARA","state":"CHHATTISGARH","district":"DANTEWADA","block":"DANTEWADA","indicator":"girls_toilet_nonfunctional"}},{"type":"Feature","geometry":{"type":"Point","coordinates":[81.3831,18.9861]},"properties":{"udise":"22160805813","name":"TWD. P.S. MANDI CHOWK HARAM","state":"CHHATTISGARH","district":"DANTEWADA","block":"GEEDAM","indicator":"girls_toilet_nonfunctional"}},{"type":"Feature","geometry":{"type":"Point","coordinates":[81.2653,18.7711]},"properties":{"udise":"22162210105","name":"GOVT NETAJI PRIMARY SCHOOL  BHANSI","state":"CHHATTISGARH","district":"DANTEWADA","block":"DANTEWADA","indicator":"girls_toilet_nonfunctional"}},{"type":"Feature","geometry":{"type":"Point","coordinates":[81.4219,18.9717]},"properties":{"udise":"22160805504","name":"TWD P.S. BHATTIPARA JAWANGA","state":"CHHATTISGARH","district":"DANTEWADA","block":"GEEDAM","indicator":"girls_toilet_nonfunctional"}},{"type":"Feature","geometry":{"type":"Point","coordinates":[81.3728,19.0539]},"properties":{"udise":"22160808402","name":"TWD P.S. SARPANCHPARA NAGFANI","state":"CHHATTISGARH","district":"DANTEWADA","block":"GEEDAM","indicator":"girls_toilet_nonfunctional"}},{"type":"Feature","geometry":{"type":"Point","coordinates":[81.2372,19.1431]},"properties":{"udise":"22160803206","name":"SSA M.S. SARPANCHPARA KOURGAON","state":"CHHATTISGARH","district":"DANTEWADA","block":"GEEDAM","indicator":"girls_toilet_nonfunctional"}},{"type":"Feature","geometry":{"type":"Point","coordinates":[81.3792,18.8842]},"properties":{"udise":"22162202502","name":"GOVT PRIMARY SCHOOL BALPET PATELPARA","state":"CHHATTISGARH","district":"DANTEWADA","block":"DANTEWADA","indicator":"girls_toilet_nonfunctional"}},{"type":"Feature","geometry":{"type":"Point","coordinates":[81.2533,18.7128]},"properties":{"udise":"22162204201","name":"GOVT. PRIMARY SCHOOL  D.N.K. BACHELI  02","state":"CHHATTISGARH","district":"DANTEWADA","block":"DANTEWADA","indicator":"girls_toilet_nonfunctional"}},{"type":"Feature","geometry":{"type":"Point","coordinates":[81.385,19.1375]},"properties":{"udise":"22160808025","name":"TWD GIRLS M.S. BARSOOR","state":"CHHATTISGARH","district":"DANTEWADA","block":"GEEDAM","indicator":"girls_toilet_nonfunctional"}},{"type":"Feature","geometry":{"type":"Point","coordinates":[81.2761,18.8536]},"properties":{"udise":"22162206601","name":"GOVT. PRIMARY SCHOOL KAMALUR SCHOOLPARA","state":"CHHATTISGARH","district":"DANTEWADA","block":"DANTEWADA","indicator":"girls_toilet_nonfunctional"}},{"type":"Feature","geometry":{"type":"Point","coordinates":[81.3972,18.7303]},"properties":{"udise":"22161904301","name":"GOVT. P.S. PATELPARA NAKULNAR","state":"CHHATTISGARH","district":"DANTEWADA","block":"KUAKONDA","indicator":"girls_toilet_nonfunctional"}},{"type":"Feature","geometry":{"type":"Point","coordinates":[81.4631,19.0061]},"properties":{"udise":"22160801507","name":"TWD A.S. SCHOOLPARA BADEPANEDA","state":"CHHATTISGARH","district":"DANTEWADA","block":"GEEDAM","indicator":"girls_toilet_nonfunctional"}},{"type":"Feature","geometry":{"type":"Point","coordinates":[81.3256,18.8442]},"properties":{"udise":"22162202401","name":"GOVT. PRIMARY SCHOOL KUNDELI","state":"CHHATTISGARH","district":"DANTEWADA","block":"DANTEWADA","indicator":"girls_toilet_nonfunctional"}},{"type":"Feature","geometry":{"type":"Point","coordinates":[81.9342,20.3081]},"properties":{"udise":"22131312401","name":"GOVT. P.S. SIRSIDA","state":"CHHATTISGARH","district":"DHAMTARI","block":"NAGRI","indicator":"no_girls_toilet"}},{"type":"Feature","geometry":{"type":"Point","coordinates":[81.5717,20.68]},"properties":{"udise":"22133006201","name":"GOVT PS KOLIYARI","state":"CHHATTISGARH","district":"DHAMTARI","block":"DHAMTARI","indicator":"no_girls_toilet"}},{"type":"Feature","geometry":{"type":"Point","coordinates":[81.8172,20.5511]},"properties":{"udise":"22132703201","name":"GOVT. P.S. HATBANDH","state":"CHHATTISGARH","district":"DHAMTARI","block":"MAGARLOD","indicator":"no_girls_toilet"}},{"type":"Feature","geometry":{"type":"Point","coordinates":[81.7169,20.7517]},"properties":{"udise":"22133015502","name":"GOVT UNN M.S. NAWAGAON  (JHURA)","state":"CHHATTISGARH","district":"DHAMTARI","block":"DHAMTARI","indicator":"no_girls_toilet"}},{"type":"Feature","geometry":{"type":"Point","coordinates":[81.8503,20.2181]},"properties":{"udise":"22131307405","name":"GOVT M. S. KASPUR","state":"CHHATTISGARH","district":"DHAMTARI","block":"NAGRI","indicator":"no_girls_toilet"}},{"type":"Feature","geometry":{"type":"Point","coordinates":[81.8681,20.4347]},"properties":{"udise":"22131318103","name":"GOVT  M.S.  BANDHA","state":"CHHATTISGARH","district":"DHAMTARI","block":"NAGRI","indicator":"no_girls_toilet"}},{"type":"Feature","geometry":{"type":"Point","coordinates":[81.9872,20.2639]},"properties":{"udise":"22131305502","name":"GOVT ADIM J.K. M.S. MAUHABAHRA","state":"CHHATTISGARH","district":"DHAMTARI","block":"NAGRI","indicator":"no_girls_toilet"}},{"type":"Feature","geometry":{"type":"Point","coordinates":[81.8511,20.7336]},"properties":{"udise":"22132705305","name":"GOVT PS BASTIPARA KHISORA","state":"CHHATTISGARH","district":"DHAMTARI","block":"MAGARLOD","indicator":"no_girls_toilet"}},{"type":"Feature","geometry":{"type":"Point","coordinates":[81.5289,20.9017]},"properties":{"udise":"22130315301","name":"GOVT P.S. TIPANI","state":"CHHATTISGARH","district":"DHAMTARI","block":"KURUD","indicator":"no_girls_toilet"}},{"type":"Feature","geometry":{"type":"Point","coordinates":[81.9511,20.7181]},"properties":{"udise":"22132703202","name":"GOVT. M.S. HATBANDH","state":"CHHATTISGARH","district":"DHAMTARI","block":"MAGARLOD","indicator":"no_girls_toilet"}},{"type":"Feature","geometry":{"type":"Point","coordinates":[81.9008,20.6678]},"properties":{"udise":"22132704501","name":"GOVT P.S. PATHAR","state":"CHHATTISGARH","district":"DHAMTARI","block":"MAGARLOD","indicator":"no_girls_toilet"}},{"type":"Feature","geometry":{"type":"Point","coordinates":[81.5608,20.7244]},"properties":{"udise":"22133009104","name":"GOVT. BOYS M.S. BATHENA DHAMTARI-221330","state":"CHHATTISGARH","district":"DHAMTARI","block":"DHAMTARI","indicator":"no_girls_toilet"}},{"type":"Feature","geometry":{"type":"Point","coordinates":[81.7169,20.8319]},"properties":{"udise":"22130300940","name":"GOVT. MIDDLE SCHOOL KURUD","state":"CHHATTISGARH","district":"DHAMTARI","block":"KURUD","indicator":"no_girls_toilet"}},{"type":"Feature","geometry":{"type":"Point","coordinates":[81.9553,20.5608]},"properties":{"udise":"22131312001","name":"GOVT. P.S. DEVGAON","state":"CHHATTISGARH","district":"DHAMTARI","block":"NAGRI","indicator":"no_girls_toilet"}},{"type":"Feature","geometry":{"type":"Point","coordinates":[81.9003,20.5067]},"properties":{"udise":"22131317601","name":"GOVT P.S. DINKARPUR","state":"CHHATTISGARH","district":"DHAMTARI","block":"NAGRI","indicator":"no_girls_toilet"}},{"type":"Feature","geometry":{"type":"Point","coordinates":[81.9858,20.3353]},"properties":{"udise":"22131319201","name":"GOVT P.S. SAMBALPUR","state":"CHHATTISGARH","district":"DHAMTARI","block":"NAGRI","indicator":"no_girls_toilet"}},{"type":"Feature","geometry":{"type":"Point","coordinates":[81.8006,20.8006]},"properties":{"udise":"22132702503","name":"GOVT. N. M.S. AROUD","state":"CHHATTISGARH","district":"DHAMTARI","block":"MAGARLOD","indicator":"no_girls_toilet"}},{"type":"Feature","geometry":{"type":"Point","coordinates":[81.7164,20.8325]},"properties":{"udise":"22130300938","name":"GOVT. NAVEEN BOYS PS SCHOOL KURUD","state":"CHHATTISGARH","district":"DHAMTARI","block":"KURUD","indicator":"no_girls_toilet"}},{"type":"Feature","geometry":{"type":"Point","coordinates":[82.1231,20.2506]},"properties":{"udise":"22131313101","name":"GOVT P.S. ARJUNI","state":"CHHATTISGARH","district":"DHAMTARI","block":"NAGRI","indicator":"no_girls_toilet"}},{"type":"Feature","geometry":{"type":"Point","coordinates":[81.8506,20.735]},"properties":{"udise":"22132700107","name":"GOVT. M.S. MAGARLOD","state":"CHHATTISGARH","district":"DHAMTARI","block":"MAGARLOD","indicator":"no_girls_toilet"}},{"type":"Feature","geometry":{"type":"Point","coordinates":[81.9025,20.2842]},"properties":{"udise":"22131314803","name":"GOVT M.S. PAIKBHATA","state":"CHHATTISGARH","district":"DHAMTARI","block":"NAGRI","indicator":"no_girls_toilet"}},{"type":"Feature","geometry":{"type":"Point","coordinates":[81.5553,20.7247]},"properties":{"udise":"22133009101","name":"GOVT. P.S. BATHENA WARD","state":"CHHATTISGARH","district":"DHAMTARI","block":"DHAMTARI","indicator":"no_girls_toilet"}},{"type":"Feature","geometry":{"type":"Point","coordinates":[81.9683,20.3172]},"properties":{"udise":"22131318402","name":"GOVT. MS.MODE","state":"CHHATTISGARH","district":"DHAMTARI","block":"NAGRI","indicator":"no_girls_toilet"}},{"type":"Feature","geometry":{"type":"Point","coordinates":[81.9019,20.3014]},"properties":{"udise":"22131315703","name":"GOVT. P.S. SIHAWA NAGRI-221313","state":"CHHATTISGARH","district":"DHAMTARI","block":"NAGRI","indicator":"no_girls_toilet"}},{"type":"Feature","geometry":{"type":"Point","coordinates":[81.9897,20.1947]},"properties":{"udise":"22131319601","name":"GOVT  P.S. THOTAJHIRIYA","state":"CHHATTISGARH","district":"DHAMTARI","block":"NAGRI","indicator":"no_girls_toilet"}},{"type":"Feature","geometry":{"type":"Point","coordinates":[81.86389,21.00694]},"properties":{"udise":"22133009304","name":"GOVT. HIGH SCHOOL MONGRAGAHAN","state":"CHHATTISGARH","district":"DHAMTARI","block":"DHAMTARI","indicator":"no_girls_toilet"}},{"type":"Feature","geometry":{"type":"Point","coordinates":[81.9578,20.3372]},"properties":{"udise":"22131309523","name":"GOVT P.S. KOTPARA NAGRI","state":"CHHATTISGARH","district":"DHAMTARI","block":"NAGRI","indicator":"no_girls_toilet"}},{"type":"Feature","geometry":{"type":"Point","coordinates":[81.9175,20.3692]},"properties":{"udise":"22131318501","name":"GOVT  P.S. DALDALI (A)","state":"CHHATTISGARH","district":"DHAMTARI","block":"NAGRI","indicator":"no_girls_toilet"}},{"type":"Feature","geometry":{"type":"Point","coordinates":[81.8331,20.6692]},"properties":{"udise":"22132707301","name":"GOVT UNN. P.S. PENDRA","state":"CHHATTISGARH","district":"DHAMTARI","block":"MAGARLOD","indicator":"no_girls_toilet"}},{"type":"Feature","geometry":{"type":"Point","coordinates":[81.8519,20.9006]},"properties":{"udise":"22132706804","name":"GOVT AMAR S.BALRAMDHRUW. MS BHENDRI","state":"CHHATTISGARH","district":"DHAMTARI","block":"MAGARLOD","indicator":"no_girls_toilet"}},{"type":"Feature","geometry":{"type":"Point","coordinates":[82.28528,20.90694]},"properties":{"udise":"22131320403","name":"GOVT. HIGH SCHOOL KHAIRBHARRI","state":"CHHATTISGARH","district":"DHAMTARI","block":"NAGRI","indicator":"no_girls_toilet"}},{"type":"Feature","geometry":{"type":"Point","coordinates":[81.4981,20.7653]},"properties":{"udise":"22133004109","name":"GOVT N.P.S. BHRRIPARA  AMADI","state":"CHHATTISGARH","district":"DHAMTARI","block":"DHAMTARI","indicator":"no_girls_toilet"}},{"type":"Feature","geometry":{"type":"Point","coordinates":[81.685,20.6019]},"properties":{"udise":"22131307501","name":"GOVT. P.S. BARBHANDHA","state":"CHHATTISGARH","district":"DHAMTARI","block":"NAGRI","indicator":"no_girls_toilet"}},{"type":"Feature","geometry":{"type":"Point","coordinates":[81.835,20.5417]},"properties":{"udise":"22132704901","name":"GOVT P.S. SONJHARI","state":"CHHATTISGARH","district":"DHAMTARI","block":"MAGARLOD","indicator":"no_girls_toilet"}},{"type":"Feature","geometry":{"type":"Point","coordinates":[81.8861,20.7342]},"properties":{"udise":"22132707503","name":"GOVT NAVEEN P.S. BHATAPARA (DUDH)","state":"CHHATTISGARH","district":"DHAMTARI","block":"MAGARLOD","indicator":"no_girls_toilet"}},{"type":"Feature","geometry":{"type":"Point","coordinates":[81.8572,20.7408]},"properties":{"udise":"22132707001","name":"GOVT P.S. BELODI","state":"CHHATTISGARH","district":"DHAMTARI","block":"MAGARLOD","indicator":"no_girls_toilet"}},{"type":"Feature","geometry":{"type":"Point","coordinates":[81.5281,20.5089]},"properties":{"udise":"22133009201","name":"GOVT PS BHIDAWER","state":"CHHATTISGARH","district":"DHAMTARI","block":"DHAMTARI","indicator":"no_girls_toilet"}},{"type":"Feature","geometry":{"type":"Point","coordinates":[81.8342,20.7686]},"properties":{"udise":"22132703902","name":"GOVT. M.S. PARASWANI","state":"CHHATTISGARH","district":"DHAMTARI","block":"MAGARLOD","indicator":"no_girls_toilet"}},{"type":"Feature","geometry":{"type":"Point","coordinates":[81.7797,20.4744]},"properties":{"udise":"22131322601","name":"GOVT P.S. GONDLANALA","state":"CHHATTISGARH","district":"DHAMTARI","block":"NAGRI","indicator":"girls_toilet_nonfunctional"}},{"type":"Feature","geometry":{"type":"Point","coordinates":[81.8603,20.4325]},"properties":{"udise":"22131316501","name":"GOVT P.S. MAHMALLA","state":"CHHATTISGARH","district":"DHAMTARI","block":"NAGRI","indicator":"girls_toilet_nonfunctional"}},{"type":"Feature","geometry":{"type":"Point","coordinates":[81.8686,20.7006]},"properties":{"udise":"22132702402","name":"GOVT M.S. MADELI","state":"CHHATTISGARH","district":"DHAMTARI","block":"MAGARLOD","indicator":"girls_toilet_nonfunctional"}},{"type":"Feature","geometry":{"type":"Point","coordinates":[81.7172,20.4856]},"properties":{"udise":"22131333101","name":"GOVT P.S. FUDHARDHAP","state":"CHHATTISGARH","district":"DHAMTARI","block":"NAGRI","indicator":"girls_toilet_nonfunctional"}},{"type":"Feature","geometry":{"type":"Point","coordinates":[81.7306,20.99]},"properties":{"udise":"22130302104","name":"GOVT. P.S.  RAILWAY ST. CHATAUD","state":"CHHATTISGARH","district":"DHAMTARI","block":"KURUD","indicator":"girls_toilet_nonfunctional"}},{"type":"Feature","geometry":{"type":"Point","coordinates":[82.1064,20.2631]},"properties":{"udise":"22131317302","name":"GOVT M.S. THENHI","state":"CHHATTISGARH","district":"DHAMTARI","block":"NAGRI","indicator":"girls_toilet_nonfunctional"}},{"type":"Feature","geometry":{"type":"Point","coordinates":[81.7786,20.8281]},"properties":{"udise":"22130311502","name":"GOVT NAVEEN P.S. PARKHANDA","state":"CHHATTISGARH","district":"DHAMTARI","block":"KURUD","indicator":"girls_toilet_nonfunctional"}},{"type":"Feature","geometry":{"type":"Point","coordinates":[81.68,20.8603]},"properties":{"udise":"22130308504","name":"GOVT NAVEEN P.S. NAYA BASTI (RAKHI)","state":"CHHATTISGARH","district":"DHAMTARI","block":"KURUD","indicator":"girls_toilet_nonfunctional"}},{"type":"Feature","geometry":{"type":"Point","coordinates":[82.0686,20.1678]},"properties":{"udise":"22131330701","name":"GOVT P.S. MADAGIRI","state":"CHHATTISGARH","district":"DHAMTARI","block":"NAGRI","indicator":"girls_toilet_nonfunctional"}},{"type":"Feature","geometry":{"type":"Point","coordinates":[81.6006,20.7675]},"properties":{"udise":"22133000201","name":"GOVT PS LIMTARA","state":"CHHATTISGARH","district":"DHAMTARI","block":"DHAMTARI","indicator":"girls_toilet_nonfunctional"}},{"type":"Feature","geometry":{"type":"Point","coordinates":[81.5189,20.6192]},"properties":{"udise":"22133012901","name":"GOVT P.S. KHIRKITOLA","state":"CHHATTISGARH","district":"DHAMTARI","block":"DHAMTARI","indicator":"girls_toilet_nonfunctional"}},{"type":"Feature","geometry":{"type":"Point","coordinates":[81.9225,20.7314]},"properties":{"udise":"22132711702","name":"GOVT.NPS.KAMARPARA PARSABUDA [SSA]","state":"CHHATTISGARH","district":"DHAMTARI","block":"MAGARLOD","indicator":"girls_toilet_nonfunctional"}},{"type":"Feature","geometry":{"type":"Point","coordinates":[82.0236,20.1519]},"properties":{"udise":"22131324102","name":"GOVT P.S. GATABAHARA","state":"CHHATTISGARH","district":"DHAMTARI","block":"NAGRI","indicator":"girls_toilet_nonfunctional"}},{"type":"Feature","geometry":{"type":"Point","coordinates":[81.6211,20.9689]},"properties":{"udise":"22130305404","name":"GOVT. M.S. SILIDEEH","state":"CHHATTISGARH","district":"DHAMTARI","block":"KURUD","indicator":"girls_toilet_nonfunctional"}},{"type":"Feature","geometry":{"type":"Point","coordinates":[81.8819,20.7419]},"properties":{"udise":"22132704701","name":"GOVT. P.S. BELARDONA MAGARLOD-221327","state":"CHHATTISGARH","district":"DHAMTARI","block":"MAGARLOD","indicator":"girls_toilet_nonfunctional"}},{"type":"Feature","geometry":{"type":"Point","coordinates":[81.9856,20.495]},"properties":{"udise":"22131325102","name":"GOVT  M.S. JABARRA","state":"CHHATTISGARH","district":"DHAMTARI","block":"NAGRI","indicator":"girls_toilet_nonfunctional"}},{"type":"Feature","geometry":{"type":"Point","coordinates":[81.8611,20.2261]},"properties":{"udise":"22131300702","name":"GOVT. M.S. JHURANADI KASPUR NAGRI-221313","state":"CHHATTISGARH","district":"DHAMTARI","block":"NAGRI","indicator":"girls_toilet_nonfunctional"}},{"type":"Feature","geometry":{"type":"Point","coordinates":[81.5625,20.6281]},"properties":{"udise":"22133012201","name":"GOVT PS GANGREL","state":"CHHATTISGARH","district":"DHAMTARI","block":"DHAMTARI","indicator":"girls_toilet_nonfunctional"}},{"type":"Feature","geometry":{"type":"Point","coordinates":[81.9747,20.3475]},"properties":{"udise":"22131332802","name":"GOVT  P.S. JANGAL PARA CHHIPLEE","state":"CHHATTISGARH","district":"DHAMTARI","block":"NAGRI","indicator":"girls_toilet_nonfunctional"}},{"type":"Feature","geometry":{"type":"Point","coordinates":[81.5261,20.6894]},"properties":{"udise":"22133012402","name":"GOVT MS SHYAMTARAI","state":"CHHATTISGARH","district":"DHAMTARI","block":"DHAMTARI","indicator":"girls_toilet_nonfunctional"}},{"type":"Feature","geometry":{"type":"Point","coordinates":[81.8511,20.7336]},"properties":{"udise":"22132700102","name":"GOVT. PRIMARY ENGLISH MEDIUM SCHOOL, MAGARLOD","state":"CHHATTISGARH","district":"DHAMTARI","block":"MAGARLOD","indicator":"girls_toilet_nonfunctional"}},{"type":"Feature","geometry":{"type":"Point","coordinates":[81.8342,20.2008]},"properties":{"udise":"22131328102","name":"GOVT MS KATTIGAON","state":"CHHATTISGARH","district":"DHAMTARI","block":"NAGRI","indicator":"girls_toilet_nonfunctional"}},{"type":"Feature","geometry":{"type":"Point","coordinates":[81.8514,20.2517]},"properties":{"udise":"22131300701","name":"GOVT P.S. JHURANADI","state":"CHHATTISGARH","district":"DHAMTARI","block":"NAGRI","indicator":"girls_toilet_nonfunctional"}},{"type":"Feature","geometry":{"type":"Point","coordinates":[82.0167,20.0753]},"properties":{"udise":"22131333001","name":"GOVT P.S. CHAMENDA (KH)","state":"CHHATTISGARH","district":"DHAMTARI","block":"NAGRI","indicator":"girls_toilet_nonfunctional"}},{"type":"Feature","geometry":{"type":"Point","coordinates":[81.8806,20.3011]},"properties":{"udise":"22131303901","name":"GOVT P.S. SAHNIKHAR","state":"CHHATTISGARH","district":"DHAMTARI","block":"NAGRI","indicator":"girls_toilet_nonfunctional"}},{"type":"Feature","geometry":{"type":"Point","coordinates":[81.7347,20.7019]},"properties":{"udise":"22132709401","name":"GOVT KNISHIT P.S. DHANORA","state":"CHHATTISGARH","district":"DHAMTARI","block":"MAGARLOD","indicator":"girls_toilet_nonfunctional"}},{"type":"Feature","geometry":{"type":"Point","coordinates":[82.1331,20.1511]},"properties":{"udise":"22131329101","name":"GOVT P.S. JOGIBIRDO (AMJHAR)","state":"CHHATTISGARH","district":"DHAMTARI","block":"NAGRI","indicator":"girls_toilet_nonfunctional"}},{"type":"Feature","geometry":{"type":"Point","coordinates":[82.0839,20.3006]},"properties":{"udise":"22131305201","name":"GOVT P.S. GHORAGAON","state":"CHHATTISGARH","district":"DHAMTARI","block":"NAGRI","indicator":"girls_toilet_nonfunctional"}},{"type":"Feature","geometry":{"type":"Point","coordinates":[82.0189,20.2842]},"properties":{"udise":"22132705202","name":"GOVT P.M.S. MOHERA","state":"CHHATTISGARH","district":"DHAMTARI","block":"MAGARLOD","indicator":"girls_toilet_nonfunctional"}},{"type":"Feature","geometry":{"type":"Point","coordinates":[82.0839,20.1661]},"properties":{"udise":"22131324401","name":"GOVT  P.S. UJRAWAN","state":"CHHATTISGARH","district":"DHAMTARI","block":"NAGRI","indicator":"girls_toilet_nonfunctional"}},{"type":"Feature","geometry":{"type":"Point","coordinates":[81.8503,20.2181]},"properties":{"udise":"22131307401","name":"GOVT P.S. KASPUR","state":"CHHATTISGARH","district":"DHAMTARI","block":"NAGRI","indicator":"girls_toilet_nonfunctional"}},{"type":"Feature","geometry":{"type":"Point","coordinates":[81.8169,20.8331]},"properties":{"udise":"22132708201","name":"GOVT NAVEEN P.S. BHANDARWAHI","state":"CHHATTISGARH","district":"DHAMTARI","block":"MAGARLOD","indicator":"girls_toilet_nonfunctional"}},{"type":"Feature","geometry":{"type":"Point","coordinates":[82.0339,20.3025]},"properties":{"udise":"22132709001","name":"GOVT KNISHIT P.S. GHIKUDIYA (MOHERA","state":"CHHATTISGARH","district":"DHAMTARI","block":"MAGARLOD","indicator":"girls_toilet_nonfunctional"}},{"type":"Feature","geometry":{"type":"Point","coordinates":[81.6936,20.9461]},"properties":{"udise":"22130306501","name":"GOVT PRIMARY SCHOOL KALLE","state":"CHHATTISGARH","district":"DHAMTARI","block":"KURUD","indicator":"girls_toilet_nonfunctional"}},{"type":"Feature","geometry":{"type":"Point","coordinates":[81.6006,20.7675]},"properties":{"udise":"22133000202","name":"GOVT MS LIMTARA","state":"CHHATTISGARH","district":"DHAMTARI","block":"DHAMTARI","indicator":"girls_toilet_nonfunctional"}},{"type":"Feature","geometry":{"type":"Point","coordinates":[81.6456,20.8161]},"properties":{"udise":"22132701102","name":"GOVT NAVEEN M.S. GADADEEH","state":"CHHATTISGARH","district":"DHAMTARI","block":"MAGARLOD","indicator":"girls_toilet_nonfunctional"}},{"type":"Feature","geometry":{"type":"Point","coordinates":[81.6331,20.9972]},"properties":{"udise":"22130312301","name":"GOVT. P.S. KACHNA","state":"CHHATTISGARH","district":"DHAMTARI","block":"KURUD","indicator":"girls_toilet_nonfunctional"}},{"type":"Feature","geometry":{"type":"Point","coordinates":[81.8483,20.7469]},"properties":{"udise":"22132700121","name":"GOVT. HIGHER SECONDARY  SCHOOL MAGARLOAD MAGARLOD-221327","state":"CHHATTISGARH","district":"DHAMTARI","block":"MAGARLOD","indicator":"girls_toilet_nonfunctional"}},{"type":"Feature","geometry":{"type":"Point","coordinates":[81.7836,20.2356]},"properties":{"udise":"22131304503","name":"GOVT PS AMALI GHURAWAD","state":"CHHATTISGARH","district":"DHAMTARI","block":"NAGRI","indicator":"girls_toilet_nonfunctional"}},{"type":"Feature","geometry":{"type":"Point","coordinates":[81.5447,20.7047]},"properties":{"udise":"22133013107","name":"GOVT N.P.S. RAMSAGARPARA DHAMTARI","state":"CHHATTISGARH","district":"DHAMTARI","block":"DHAMTARI","indicator":"girls_toilet_nonfunctional"}},{"type":"Feature","geometry":{"type":"Point","coordinates":[81.7342,20.4347]},"properties":{"udise":"22131311801","name":"GOVT P.S. KARAIHA","state":"CHHATTISGARH","district":"DHAMTARI","block":"NAGRI","indicator":"girls_toilet_nonfunctional"}},{"type":"Feature","geometry":{"type":"Point","coordinates":[81.8189,20.7194]},"properties":{"udise":"22132704806","name":"GOVT N.P.S. SONPAIRI","state":"CHHATTISGARH","district":"DHAMTARI","block":"MAGARLOD","indicator":"girls_toilet_nonfunctional"}},{"type":"Feature","geometry":{"type":"Point","coordinates":[82.0133,20.5528]},"properties":{"udise":"22132706201","name":"GOVT P.S. MARAGAON","state":"CHHATTISGARH","district":"DHAMTARI","block":"MAGARLOD","indicator":"girls_toilet_nonfunctional"}},{"type":"Feature","geometry":{"type":"Point","coordinates":[81.7003,20.6856]},"properties":{"udise":"22132701501","name":"GOVT R.G. P.S. JALKUMHI","state":"CHHATTISGARH","district":"DHAMTARI","block":"MAGARLOD","indicator":"girls_toilet_nonfunctional"}},{"type":"Feature","geometry":{"type":"Point","coordinates":[81.9022,20.0689]},"properties":{"udise":"22131316001","name":"GOVT P.S. LIKHMA","state":"CHHATTISGARH","district":"DHAMTARI","block":"NAGRI","indicator":"girls_toilet_nonfunctional"}},{"type":"Feature","geometry":{"type":"Point","coordinates":[81.6522,20.73]},"properties":{"udise":"22133006707","name":"PVT SARSHWATI SISHU MANDIR KANDEL DHAMTARI-221330","state":"CHHATTISGARH","district":"DHAMTARI","block":"DHAMTARI","indicator":"girls_toilet_nonfunctional"}},{"type":"Feature","geometry":{"type":"Point","coordinates":[81.7347,20.7019]},"properties":{"udise":"22132708402","name":"GOVT.M.S.SONEWARA [SSA]","state":"CHHATTISGARH","district":"DHAMTARI","block":"MAGARLOD","indicator":"girls_toilet_nonfunctional"}},{"type":"Feature","geometry":{"type":"Point","coordinates":[81.8997,20.4122]},"properties":{"udise":"22131313106","name":"GOVT P.S. ARJUNI","state":"CHHATTISGARH","district":"DHAMTARI","block":"NAGRI","indicator":"girls_toilet_nonfunctional"}},{"type":"Feature","geometry":{"type":"Point","coordinates":[81.9358,20.3844]},"properties":{"udise":"22131303101","name":"GOVT P.S. BILBHADAR","state":"CHHATTISGARH","district":"DHAMTARI","block":"NAGRI","indicator":"girls_toilet_nonfunctional"}},{"type":"Feature","geometry":{"type":"Point","coordinates":[81.7361,20.5011]},"properties":{"udise":"22131328601","name":"GOVT. P.S. BAGRUMNALA","state":"CHHATTISGARH","district":"DHAMTARI","block":"NAGRI","indicator":"girls_toilet_nonfunctional"}},{"type":"Feature","geometry":{"type":"Point","coordinates":[81.8686,20.2667]},"properties":{"udise":"22131328901","name":"GOVT. P.S. GADHDONGRI (MAAL)","state":"CHHATTISGARH","district":"DHAMTARI","block":"NAGRI","indicator":"girls_toilet_nonfunctional"}},{"type":"Feature","geometry":{"type":"Point","coordinates":[81.7175,20.7175]},"properties":{"udise":"22132702701","name":"GOVT P.S. LADER","state":"CHHATTISGARH","district":"DHAMTARI","block":"MAGARLOD","indicator":"girls_toilet_nonfunctional"}},{"type":"Feature","geometry":{"type":"Point","coordinates":[81.8392,20.7831]},"properties":{"udise":"22132701702","name":"GOVT M.S. SANKRA","state":"CHHATTISGARH","district":"DHAMTARI","block":"MAGARLOD","indicator":"girls_toilet_nonfunctional"}},{"type":"Feature","geometry":{"type":"Point","coordinates":[81.6508,20.7614]},"properties":{"udise":"22133008602","name":"GOVT MS GAGRA","state":"CHHATTISGARH","district":"DHAMTARI","block":"DHAMTARI","indicator":"girls_toilet_nonfunctional"}},{"type":"Feature","geometry":{"type":"Point","coordinates":[81.8011,20.3728]},"properties":{"udise":"22131301502","name":"GOVT. M.S. BANSPANI","state":"CHHATTISGARH","district":"DHAMTARI","block":"NAGRI","indicator":"girls_toilet_nonfunctional"}},{"type":"Feature","geometry":{"type":"Point","coordinates":[81.9844,20.2525]},"properties":{"udise":"22131306806","name":"GOVT P.S. NAWAGAON (S)","state":"CHHATTISGARH","district":"DHAMTARI","block":"NAGRI","indicator":"girls_toilet_nonfunctional"}},{"type":"Feature","geometry":{"type":"Point","coordinates":[81.8467,20.4506]},"properties":{"udise":"22131312202","name":"GOVT M.S. SARAITOLA","state":"CHHATTISGARH","district":"DHAMTARI","block":"NAGRI","indicator":"girls_toilet_nonfunctional"}},{"type":"Feature","geometry":{"type":"Point","coordinates":[81.8711,20.4797]},"properties":{"udise":"22131330501","name":"GOVT P.S. PANDRIDABRI","state":"CHHATTISGARH","district":"DHAMTARI","block":"NAGRI","indicator":"girls_toilet_nonfunctional"}},{"type":"Feature","geometry":{"type":"Point","coordinates":[81.6722,20.8258]},"properties":{"udise":"22130313101","name":"GOVT P.S. BHALUJHULAN","state":"CHHATTISGARH","district":"DHAMTARI","block":"KURUD","indicator":"girls_toilet_nonfunctional"}},{"type":"Feature","geometry":{"type":"Point","coordinates":[81.7844,20.2181]},"properties":{"udise":"22131304602","name":"GOVT M.S. JAITPURI","state":"CHHATTISGARH","district":"DHAMTARI","block":"NAGRI","indicator":"girls_toilet_nonfunctional"}},{"type":"Feature","geometry":{"type":"Point","coordinates":[81.7842,20.7344]},"properties":{"udise":"22132700801","name":"GOVT P.S. DABHA","state":"CHHATTISGARH","district":"DHAMTARI","block":"MAGARLOD","indicator":"girls_toilet_nonfunctional"}},{"type":"Feature","geometry":{"type":"Point","coordinates":[82.1064,20.2631]},"properties":{"udise":"22131317301","name":"GOVT P.S. THENHI","state":"CHHATTISGARH","district":"DHAMTARI","block":"NAGRI","indicator":"girls_toilet_nonfunctional"}},{"type":"Feature","geometry":{"type":"Point","coordinates":[81.4944,20.7431]},"properties":{"udise":"22133009802","name":"GOVT M.S.KHARTULI","state":"CHHATTISGARH","district":"DHAMTARI","block":"DHAMTARI","indicator":"girls_toilet_nonfunctional"}},{"type":"Feature","geometry":{"type":"Point","coordinates":[81.9006,20.6192]},"properties":{"udise":"22132708602","name":"GOVT. M.S. KHADMA","state":"CHHATTISGARH","district":"DHAMTARI","block":"MAGARLOD","indicator":"girls_toilet_nonfunctional"}},{"type":"Feature","geometry":{"type":"Point","coordinates":[81.5664,20.8078]},"properties":{"udise":"22133002902","name":"GOVT UNNYAN MS DARGAHAN(SSA)","state":"CHHATTISGARH","district":"DHAMTARI","block":"DHAMTARI","indicator":"girls_toilet_nonfunctional"}},{"type":"Feature","geometry":{"type":"Point","coordinates":[81.6186,20.6183]},"properties":{"udise":"22131327901","name":"GOVT P.S. MAKARDONA","state":"CHHATTISGARH","district":"DHAMTARI","block":"NAGRI","indicator":"girls_toilet_nonfunctional"}},{"type":"Feature","geometry":{"type":"Point","coordinates":[81.9667,20.2619]},"properties":{"udise":"22131327201","name":"GOVT P.S. CHINDITOLA","state":"CHHATTISGARH","district":"DHAMTARI","block":"NAGRI","indicator":"girls_toilet_nonfunctional"}},{"type":"Feature","geometry":{"type":"Point","coordinates":[81.8403,20.8381]},"properties":{"udise":"22132708004","name":"GOVT NAVEEN P.S. ASPATALPARA (KARELI BADI) SSA","state":"CHHATTISGARH","district":"DHAMTARI","block":"MAGARLOD","indicator":"girls_toilet_nonfunctional"}},{"type":"Feature","geometry":{"type":"Point","coordinates":[81.6675,20.6339]},"properties":{"udise":"22131313901","name":"GOVT P.S. SIROD-KHURD","state":"CHHATTISGARH","district":"DHAMTARI","block":"NAGRI","indicator":"girls_toilet_nonfunctional"}},{"type":"Feature","geometry":{"type":"Point","coordinates":[81.6019,20.785]},"properties":{"udise":"22133002101","name":"GOVT PS RAVANGUDA","state":"CHHATTISGARH","district":"DHAMTARI","block":"DHAMTARI","indicator":"girls_toilet_nonfunctional"}},{"type":"Feature","geometry":{"type":"Point","coordinates":[81.8775,20.2942]},"properties":{"udise":"22131304001","name":"GOVT P.S. LATIYARA","state":"CHHATTISGARH","district":"DHAMTARI","block":"NAGRI","indicator":"girls_toilet_nonfunctional"}},{"type":"Feature","geometry":{"type":"Point","coordinates":[81.5331,20.6967]},"properties":{"udise":"22133008909","name":"GOVT NAVIN PRIMARY SCHOOL ATAL AWAS","state":"CHHATTISGARH","district":"DHAMTARI","block":"DHAMTARI","indicator":"girls_toilet_nonfunctional"}},{"type":"Feature","geometry":{"type":"Point","coordinates":[82.0189,20.2842]},"properties":{"udise":"22131307901","name":"GOVT P.S. MASANDABRA","state":"CHHATTISGARH","district":"DHAMTARI","block":"NAGRI","indicator":"girls_toilet_nonfunctional"}},{"type":"Feature","geometry":{"type":"Point","coordinates":[81.8278,20.8358]},"properties":{"udise":"22132705101","name":"GOVT. P.S. KUNDEL MAGARLOD-221327","state":"CHHATTISGARH","district":"DHAMTARI","block":"MAGARLOD","indicator":"girls_toilet_nonfunctional"}},{"type":"Feature","geometry":{"type":"Point","coordinates":[81.8692,20.6189]},"properties":{"udise":"22132709901","name":"GOVT P.S. SARAIRUKH","state":"CHHATTISGARH","district":"DHAMTARI","block":"MAGARLOD","indicator":"girls_toilet_nonfunctional"}},{"type":"Feature","geometry":{"type":"Point","coordinates":[81.7839,20.7336]},"properties":{"udise":"22132700506","name":"GOVT P.S. NADIPARA KARELI CHOTI","state":"CHHATTISGARH","district":"DHAMTARI","block":"MAGARLOD","indicator":"girls_toilet_nonfunctional"}},{"type":"Feature","geometry":{"type":"Point","coordinates":[81.9839,20.3342]},"properties":{"udise":"22131303702","name":"GOVT M.S. AMALI","state":"CHHATTISGARH","district":"DHAMTARI","block":"NAGRI","indicator":"girls_toilet_nonfunctional"}},{"type":"Feature","geometry":{"type":"Point","coordinates":[81.7781,20.93]},"properties":{"udise":"22130301603","name":"GOVT NAVEEN P.S. SANKARI","state":"CHHATTISGARH","district":"DHAMTARI","block":"KURUD","indicator":"girls_toilet_nonfunctional"}},{"type":"Feature","geometry":{"type":"Point","coordinates":[81.8692,20.2517]},"properties":{"udise":"22131307406","name":"GOVT PS KAMARPARA KASPUR","state":"CHHATTISGARH","district":"DHAMTARI","block":"NAGRI","indicator":"girls_toilet_nonfunctional"}},{"type":"Feature","geometry":{"type":"Point","coordinates":[82.1367,20.2111]},"properties":{"udise":"22131308603","name":"GOVT PS GOHAN PARA","state":"CHHATTISGARH","district":"DHAMTARI","block":"NAGRI","indicator":"girls_toilet_nonfunctional"}},{"type":"Feature","geometry":{"type":"Point","coordinates":[81.5064,20.6458]},"properties":{"udise":"22133014504","name":"GOVT P.S. BORIDKHURD","state":"CHHATTISGARH","district":"DHAMTARI","block":"DHAMTARI","indicator":"girls_toilet_nonfunctional"}},{"type":"Feature","geometry":{"type":"Point","coordinates":[81.8669,20.2517]},"properties":{"udise":"22131302001","name":"GOVT  P.S. BAHLUPARA","state":"CHHATTISGARH","district":"DHAMTARI","block":"NAGRI","indicator":"girls_toilet_nonfunctional"}},{"type":"Feature","geometry":{"type":"Point","coordinates":[81.8197,20.3617]},"properties":{"udise":"22131308402","name":"GOVT P.S. GORSANALA","state":"CHHATTISGARH","district":"DHAMTARI","block":"NAGRI","indicator":"girls_toilet_nonfunctional"}},{"type":"Feature","geometry":{"type":"Point","coordinates":[81.7828,20.4311]},"properties":{"udise":"22131322701","name":"GOVT  P.S. PALARIKHAR","state":"CHHATTISGARH","district":"DHAMTARI","block":"NAGRI","indicator":"girls_toilet_nonfunctional"}},{"type":"Feature","geometry":{"type":"Point","coordinates":[81.7178,20.7022]},"properties":{"udise":"22132712201","name":"GOVT P.S. BHOTA (BORSI)","state":"CHHATTISGARH","district":"DHAMTARI","block":"MAGARLOD","indicator":"girls_toilet_nonfunctional"}},{"type":"Feature","geometry":{"type":"Point","coordinates":[81.8342,20.2008]},"properties":{"udise":"22131328101","name":"GOVT P.S. KATTIGAON","state":"CHHATTISGARH","district":"DHAMTARI","block":"NAGRI","indicator":"girls_toilet_nonfunctional"}},{"type":"Feature","geometry":{"type":"Point","coordinates":[81.7678,20.7347]},"properties":{"udise":"22132700901","name":"GOVT P.S. RAJPUR","state":"CHHATTISGARH","district":"DHAMTARI","block":"MAGARLOD","indicator":"girls_toilet_nonfunctional"}},{"type":"Feature","geometry":{"type":"Point","coordinates":[81.4925,20.7703]},"properties":{"udise":"22133004102","name":"GOVT P.S.  AMADI","state":"CHHATTISGARH","district":"DHAMTARI","block":"DHAMTARI","indicator":"girls_toilet_nonfunctional"}},{"type":"Feature","geometry":{"type":"Point","coordinates":[81.5697,20.93]},"properties":{"udise":"22130304801","name":"GOVT. P.S. SILGHAT","state":"CHHATTISGARH","district":"DHAMTARI","block":"KURUD","indicator":"girls_toilet_nonfunctional"}},{"type":"Feature","geometry":{"type":"Point","coordinates":[81.8694,20.2525]},"properties":{"udise":"22131300501","name":"GOVT P.S. JAMPANI","state":"CHHATTISGARH","district":"DHAMTARI","block":"NAGRI","indicator":"girls_toilet_nonfunctional"}},{"type":"Feature","geometry":{"type":"Point","coordinates":[81.8356,20.7356]},"properties":{"udise":"22132705804","name":"GOVT P.S. BHAISMUNDI","state":"CHHATTISGARH","district":"DHAMTARI","block":"MAGARLOD","indicator":"girls_toilet_nonfunctional"}},{"type":"Feature","geometry":{"type":"Point","coordinates":[81.9594,20.3483]},"properties":{"udise":"22131309501","name":"GOVT. PRAYOGIK PS NAGRI","state":"CHHATTISGARH","district":"DHAMTARI","block":"NAGRI","indicator":"girls_toilet_nonfunctional"}},{"type":"Feature","geometry":{"type":"Point","coordinates":[81.5694,20.7697]},"properties":{"udise":"22133005604","name":"GOVT UNNYAN PS DEMAR(SSA)","state":"CHHATTISGARH","district":"DHAMTARI","block":"DHAMTARI","indicator":"girls_toilet_nonfunctional"}},{"type":"Feature","geometry":{"type":"Point","coordinates":[81.7353,20.5517]},"properties":{"udise":"22131305301","name":"GOVT P.S. DOKAL","state":"CHHATTISGARH","district":"DHAMTARI","block":"NAGRI","indicator":"girls_toilet_nonfunctional"}},{"type":"Feature","geometry":{"type":"Point","coordinates":[82.0811,20.1417]},"properties":{"udise":"22131330201","name":"GOVT  P.S. GADULBAHRA","state":"CHHATTISGARH","district":"DHAMTARI","block":"NAGRI","indicator":"girls_toilet_nonfunctional"}},{"type":"Feature","geometry":{"type":"Point","coordinates":[81.2822,21.4592]},"properties":{"udise":"22100610803","name":"GOVT UPPER PRIMARY SCHOOL BARHAPUR","state":"CHHATTISGARH","district":"DURG","block":"DHAMDHA","indicator":"no_girls_toilet"}},{"type":"Feature","geometry":{"type":"Point","coordinates":[81.3328,21.3672]},"properties":{"udise":"22100604601","name":"GOVT PRIMARY SCHOOL SAGNI","state":"CHHATTISGARH","district":"DURG","block":"DHAMDHA","indicator":"no_girls_toilet"}},{"type":"Feature","geometry":{"type":"Point","coordinates":[81.3956,21.3689]},"properties":{"udise":"22100609501","name":"GOVT PRIMARY SCHOOL DEVARJHAL","state":"CHHATTISGARH","district":"DURG","block":"DHAMDHA","indicator":"no_girls_toilet"}},{"type":"Feature","geometry":{"type":"Point","coordinates":[81.3425,21.2025]},"properties":{"udise":"22100727201","name":"MADARSA DUFASY KHANA","state":"CHHATTISGARH","district":"DURG","block":"DURG","indicator":"no_girls_toilet"}},{"type":"Feature","geometry":{"type":"Point","coordinates":[81.2661,21.2578]},"properties":{"udise":"22100706901","name":"GOVT PRIMARY SCHOOL BHENDSAR","state":"CHHATTISGARH","district":"DURG","block":"DURG","indicator":"no_girls_toilet"}},{"type":"Feature","geometry":{"type":"Point","coordinates":[81.2972,21.2186]},"properties":{"udise":"22100709202","name":"GOVT. MS INDRA NAGAR CHIKHALI DURG","state":"CHHATTISGARH","district":"DURG","block":"DURG","indicator":"no_girls_toilet"}},{"type":"Feature","geometry":{"type":"Point","coordinates":[81.2547,21.3903]},"properties":{"udise":"22100616901","name":"GOVT PRIMARY SCHOOL KHILORAKURD","state":"CHHATTISGARH","district":"DURG","block":"DHAMDHA","indicator":"no_girls_toilet"}},{"type":"Feature","geometry":{"type":"Point","coordinates":[81.3964,21.1103]},"properties":{"udise":"22101102802","name":"GOVT. UPS UPGRED SECONDARY SCHOOL PATORA","state":"CHHATTISGARH","district":"DURG","block":"PATAN","indicator":"no_girls_toilet"}},{"type":"Feature","geometry":{"type":"Point","coordinates":[81.42862,20.99044]},"properties":{"udise":"22101107903","name":"GOVT. HIGH SCHOOL PAUHA","state":"CHHATTISGARH","district":"DURG","block":"PATAN","indicator":"no_girls_toilet"}},{"type":"Feature","geometry":{"type":"Point","coordinates":[81.3797,21.2169]},"properties":{"udise":"22100718909","name":"GOVT.  PS SHANKAR NAGAR CHHAWANI","state":"CHHATTISGARH","district":"DURG","block":"DURG","indicator":"no_girls_toilet"}},{"type":"Feature","geometry":{"type":"Point","coordinates":[81.3554,21.15849]},"properties":{"udise":"22100721808","name":"MADARSHA DARUL ULLUM CHISTIYA MAKHDUMIYA STATION MARODA","state":"CHHATTISGARH","district":"DURG","block":"DURG","indicator":"no_girls_toilet"}},{"type":"Feature","geometry":{"type":"Point","coordinates":[81.2864,21.1681]},"properties":{"udise":"22100714405","name":"MADARSA DAROOL ULUM ASARFIYA KASARIDIH","state":"CHHATTISGARH","district":"DURG","block":"DURG","indicator":"no_girls_toilet"}},{"type":"Feature","geometry":{"type":"Point","coordinates":[81.4281,21.2894]},"properties":{"udise":"22100615001","name":"GOVT PRIMARY SCHOOL NARDHA","state":"CHHATTISGARH","district":"DURG","block":"DHAMDHA","indicator":"no_girls_toilet"}},{"type":"Feature","geometry":{"type":"Point","coordinates":[81.4428,21.1639]},"properties":{"udise":"22101115001","name":"GOVT. PRIMARY SCHOOL GANIYARI","state":"CHHATTISGARH","district":"DURG","block":"PATAN","indicator":"no_girls_toilet"}},{"type":"Feature","geometry":{"type":"Point","coordinates":[81.295,21.1953]},"properties":{"udise":"22100710501","name":"GOVT. PS  BOYS PT. MADAN MOHAN MALVIYA","state":"CHHATTISGARH","district":"DURG","block":"DURG","indicator":"no_girls_toilet"}},{"type":"Feature","geometry":{"type":"Point","coordinates":[81.2756,21.3911]},"properties":{"udise":"22100600902","name":"GOVT UPPER PRIMARY SCHOOL TUMAKALA","state":"CHHATTISGARH","district":"DURG","block":"DHAMDHA","indicator":"no_girls_toilet"}},{"type":"Feature","geometry":{"type":"Point","coordinates":[81.1947,21.3047]},"properties":{"udise":"22100601902","name":"GOVT UPPER PRIMARY SCHOOL BERAJHAR (SSA)","state":"CHHATTISGARH","district":"DURG","block":"DHAMDHA","indicator":"no_girls_toilet"}},{"type":"Feature","geometry":{"type":"Point","coordinates":[81.2817,21.1842]},"properties":{"udise":"22100712508","name":"GOVT MS SHANKAR NAGAR","state":"CHHATTISGARH","district":"DURG","block":"DURG","indicator":"no_girls_toilet"}},{"type":"Feature","geometry":{"type":"Point","coordinates":[81.38,21.4761]},"properties":{"udise":"22100617001","name":"GOVT PRIMARY SCHOOL BIRODA","state":"CHHATTISGARH","district":"DURG","block":"DHAMDHA","indicator":"no_girls_toilet"}},{"type":"Feature","geometry":{"type":"Point","coordinates":[81.5414,21.2056]},"properties":{"udise":"22101114401","name":"GOVT. PRIMARY SCHOOL PAHANDA A.","state":"CHHATTISGARH","district":"DURG","block":"PATAN","indicator":"girls_toilet_nonfunctional"}},{"type":"Feature","geometry":{"type":"Point","coordinates":[81.3606,21.4383]},"properties":{"udise":"22100610101","name":"GOVT PRIMARY SCHOOL SONESARAR","state":"CHHATTISGARH","district":"DURG","block":"DHAMDHA","indicator":"girls_toilet_nonfunctional"}},{"type":"Feature","geometry":{"type":"Point","coordinates":[81.2342,21.3997]},"properties":{"udise":"22100602401","name":"GOVT PRIMARY SCHOOL SUKHARIKALA","state":"CHHATTISGARH","district":"DURG","block":"DHAMDHA","indicator":"girls_toilet_nonfunctional"}},{"type":"Feature","geometry":{"type":"Point","coordinates":[81.2542,21.4181]},"properties":{"udise":"22100605901","name":"GOVT PRIMARY SCHOOL RUHA","state":"CHHATTISGARH","district":"DURG","block":"DHAMDHA","indicator":"girls_toilet_nonfunctional"}},{"type":"Feature","geometry":{"type":"Point","coordinates":[81.2283,21.0714]},"properties":{"udise":"22100705401","name":"GOVT UPPER PRIMARY SCHOOL ALBARAS","state":"CHHATTISGARH","district":"DURG","block":"DURG","indicator":"girls_toilet_nonfunctional"}},{"type":"Feature","geometry":{"type":"Point","coordinates":[81.375,21.3631]},"properties":{"udise":"22100617301","name":"GOVT PRIMARY SCHOOL POTIYA","state":"CHHATTISGARH","district":"DURG","block":"DHAMDHA","indicator":"girls_toilet_nonfunctional"}},{"type":"Feature","geometry":{"type":"Point","coordinates":[81.4806,21.1497]},"properties":{"udise":"22101112803","name":"GOVT. PRIMARY SCHOOL AUNRI BADE","state":"CHHATTISGARH","district":"DURG","block":"PATAN","indicator":"girls_toilet_nonfunctional"}},{"type":"Feature","geometry":{"type":"Point","coordinates":[81.42,21.0831]},"properties":{"udise":"22101102711","name":"PVT. SARASWATI SHISHU MANDIR SELUD","state":"CHHATTISGARH","district":"DURG","block":"PATAN","indicator":"girls_toilet_nonfunctional"}},{"type":"Feature","geometry":{"type":"Point","coordinates":[81.4817,21.3206]},"properties":{"udise":"22100608003","name":"GOVT UPPER PRIMARY SCHOOL GODHI","state":"CHHATTISGARH","district":"DURG","block":"DHAMDHA","indicator":"girls_toilet_nonfunctional"}},{"type":"Feature","geometry":{"type":"Point","coordinates":[81.74269,21.68034]},"properties":{"udise":"22100615904","name":"PVT.LITTLE FLOWER ENGLISH MEDIUM SCHOOL GIRHOLA","state":"CHHATTISGARH","district":"DURG","block":"DHAMDHA","indicator":"girls_toilet_nonfunctional"}},{"type":"Feature","geometry":{"type":"Point","coordinates":[81.2211,21.2014]},"properties":{"udise":"22100706012","name":"PVT. S V N SCHOOL","state":"CHHATTISGARH","district":"DURG","block":"DURG","indicator":"girls_toilet_nonfunctional"}},{"type":"Feature","geometry":{"type":"Point","coordinates":[81.2878,21.4867]},"properties":{"udise":"22100611201","name":"GOVT PRIMARY SCHOOL KUTHA","state":"CHHATTISGARH","district":"DURG","block":"DHAMDHA","indicator":"girls_toilet_nonfunctional"}},{"type":"Feature","geometry":{"type":"Point","coordinates":[81.165,21.0881]},"properties":{"udise":"22100705901","name":"GOVT UPPER PRIMARY SCHOOL JHOLA","state":"CHHATTISGARH","district":"DURG","block":"DURG","indicator":"girls_toilet_nonfunctional"}},{"type":"Feature","geometry":{"type":"Point","coordinates":[81.4233,21.1175]},"properties":{"udise":"22101103501","name":"GOVT. PRIMARY SCHOOL MUDPAR","state":"CHHATTISGARH","district":"DURG","block":"PATAN","indicator":"girls_toilet_nonfunctional"}},{"type":"Feature","geometry":{"type":"Point","coordinates":[81.2942,21.3642]},"properties":{"udise":"22100600202","name":"GOVT UPPER PRIMARY SCHOOL DANIA","state":"CHHATTISGARH","district":"DURG","block":"DHAMDHA","indicator":"girls_toilet_nonfunctional"}},{"type":"Feature","geometry":{"type":"Point","coordinates":[81.2842,21.1694]},"properties":{"udise":"22100714205","name":"GOVT. MS JHUGGIPARA DURG","state":"CHHATTISGARH","district":"DURG","block":"DURG","indicator":"girls_toilet_nonfunctional"}},{"type":"Feature","geometry":{"type":"Point","coordinates":[82.5722,19.9508]},"properties":{"udise":"22252606801","name":"GOVT.PRIMARY SCHOOL DHOBANMAL","state":"CHHATTISGARH","district":"GARIABAND","block":"MAINPUR","indicator":"no_girls_toilet"}},{"type":"Feature","geometry":{"type":"Point","coordinates":[82.0336,20.7767]},"properties":{"udise":"22250506301","name":"GOVT. P.S. DIWNA (TWD)","state":"CHHATTISGARH","district":"GARIABAND","block":"CHHURA","indicator":"no_girls_toilet"}},{"type":"Feature","geometry":{"type":"Point","coordinates":[82.5306,19.9117]},"properties":{"udise":"22252601601","name":"GOVT. PRIMARY SCHOOL CHANABHATA","state":"CHHATTISGARH","district":"GARIABAND","block":"MAINPUR","indicator":"no_girls_toilet"}},{"type":"Feature","geometry":{"type":"Point","coordinates":[82.4019,20.4536]},"properties":{"udise":"22251905201","name":"GOVT P S NAGRAR (SSA)","state":"CHHATTISGARH","district":"GARIABAND","block":"GARIABAND","indicator":"no_girls_toilet"}},{"type":"Feature","geometry":{"type":"Point","coordinates":[82.6647,19.8553]},"properties":{"udise":"22251411701","name":"GOVT. NAVEEN PRIMARY SCHOOL UPARPITA","state":"CHHATTISGARH","district":"GARIABAND","block":"DEOBHOG","indicator":"no_girls_toilet"}},{"type":"Feature","geometry":{"type":"Point","coordinates":[82.6439,19.9608]},"properties":{"udise":"22251401204","name":"GOVT. HIGH SCHOOL BADIGAON","state":"CHHATTISGARH","district":"GARIABAND","block":"DEOBHOG","indicator":"no_girls_toilet"}},{"type":"Feature","geometry":{"type":"Point","coordinates":[82.4122,19.92]},"properties":{"udise":"22252600301","name":"GOVT. PRIMARY SCHOOL BIRIGHAT","state":"CHHATTISGARH","district":"GARIABAND","block":"MAINPUR","indicator":"no_girls_toilet"}},{"type":"Feature","geometry":{"type":"Point","coordinates":[82.5531,20.0019]},"properties":{"udise":"22252612301","name":"GOVT.PRIMARY SCHOOL GURJIBHATA","state":"CHHATTISGARH","district":"GARIABAND","block":"MAINPUR","indicator":"no_girls_toilet"}},{"type":"Feature","geometry":{"type":"Point","coordinates":[82.1894,20.7761]},"properties":{"udise":"22250514101","name":"GOVT.PS.RAWELI (TWD)","state":"CHHATTISGARH","district":"GARIABAND","block":"CHHURA","indicator":"no_girls_toilet"}},{"type":"Feature","geometry":{"type":"Point","coordinates":[81.9292,20.9811]},"properties":{"udise":"22252310401","name":"GOVT. PS KUMHI","state":"CHHATTISGARH","district":"GARIABAND","block":"FINGESHWAR","indicator":"no_girls_toilet"}},{"type":"Feature","geometry":{"type":"Point","coordinates":[82.19,20.4878]},"properties":{"udise":"22251901309","name":"GOVT. HIGHER SECONDARY SCHOOL BINDRANAVAGARH","state":"CHHATTISGARH","district":"GARIABAND","block":"GARIABAND","indicator":"no_girls_toilet"}},{"type":"Feature","geometry":{"type":"Point","coordinates":[82.5494,19.8994]},"properties":{"udise":"22251405102","name":"GOVT M.S. DHAURAKOT","state":"CHHATTISGARH","district":"GARIABAND","block":"DEOBHOG","indicator":"no_girls_toilet"}},{"type":"Feature","geometry":{"type":"Point","coordinates":[82.6628,19.8967]},"properties":{"udise":"22251402811","name":"GOVT. HIGHER SECONDARY SCHOOL DEOBHOG","state":"CHHATTISGARH","district":"GARIABAND","block":"DEOBHOG","indicator":"no_girls_toilet"}},{"type":"Feature","geometry":{"type":"Point","coordinates":[82.0228,20.9281]},"properties":{"udise":"22252307201","name":"GOVT. PS CHHUIHA","state":"CHHATTISGARH","district":"GARIABAND","block":"FINGESHWAR","indicator":"no_girls_toilet"}},{"type":"Feature","geometry":{"type":"Point","coordinates":[82.3253,20.1069]},"properties":{"udise":"22252612903","name":"GVOT.PRIMARY SCHOOL BANJARIBAHRA","state":"CHHATTISGARH","district":"GARIABAND","block":"MAINPUR","indicator":"no_girls_toilet"}},{"type":"Feature","geometry":{"type":"Point","coordinates":[82.4781,19.9211]},"properties":{"udise":"22252605702","name":"GOVT. MIDDLE SCHOOL BHEJIPADAR","state":"CHHATTISGARH","district":"GARIABAND","block":"MAINPUR","indicator":"no_girls_toilet"}},{"type":"Feature","geometry":{"type":"Point","coordinates":[82.2047,20.8083]},"properties":{"udise":"22250504343","name":"GOVT. HIGHER SECONDARY SCHOOL CHHURA","state":"CHHATTISGARH","district":"GARIABAND","block":"CHHURA","indicator":"no_girls_toilet"}},{"type":"Feature","geometry":{"type":"Point","coordinates":[82.3275,20.8317]},"properties":{"udise":"22250509318","name":"GOVT.M.S.GHOGHARA NAVAPARA (SSA)","state":"CHHATTISGARH","district":"GARIABAND","block":"CHHURA","indicator":"no_girls_toilet"}},{"type":"Feature","geometry":{"type":"Point","coordinates":[82.5667,19.9103]},"properties":{"udise":"22251405801","name":"GOVT. PRIMARY  SCHOOL GADAGHAT","state":"CHHATTISGARH","district":"GARIABAND","block":"DEOBHOG","indicator":"no_girls_toilet"}},{"type":"Feature","geometry":{"type":"Point","coordinates":[82.1706,20.8025]},"properties":{"udise":"22250509904","name":"GOVT.N.P.S.BHAKLAPARA (SSA)","state":"CHHATTISGARH","district":"GARIABAND","block":"CHHURA","indicator":"no_girls_toilet"}},{"type":"Feature","geometry":{"type":"Point","coordinates":[82.3419,20.2347]},"properties":{"udise":"22252629001","name":"GOVT. GYAN JYOTI SCHOOL MATAL","state":"CHHATTISGARH","district":"GARIABAND","block":"MAINPUR","indicator":"no_girls_toilet"}},{"type":"Feature","geometry":{"type":"Point","coordinates":[82.4114,19.9197]},"properties":{"udise":"22252620901","name":"GOVT.PRIMARY SCHOOL SAGUNBHADIPARA","state":"CHHATTISGARH","district":"GARIABAND","block":"MAINPUR","indicator":"no_girls_toilet"}},{"type":"Feature","geometry":{"type":"Point","coordinates":[82.2444,20.3139]},"properties":{"udise":"22252602701","name":"GOVT.PRIMARY SCHOOL GORGHAT","state":"CHHATTISGARH","district":"GARIABAND","block":"MAINPUR","indicator":"no_girls_toilet"}},{"type":"Feature","geometry":{"type":"Point","coordinates":[82.245,20.7683]},"properties":{"udise":"22250512501","name":"GOVT.PS.TENGNABASA (TWD)","state":"CHHATTISGARH","district":"GARIABAND","block":"CHHURA","indicator":"no_girls_toilet"}},{"type":"Feature","geometry":{"type":"Point","coordinates":[82.5694,19.96]},"properties":{"udise":"22252606301","name":"GOVT.PRIMARY SCHOOL KHAJURPADAR","state":"CHHATTISGARH","district":"GARIABAND","block":"MAINPUR","indicator":"no_girls_toilet"}},{"type":"Feature","geometry":{"type":"Point","coordinates":[82.185,20.8939]},"properties":{"udise":"22250503501","name":"GOVT. P.S. NAWAPARA","state":"CHHATTISGARH","district":"GARIABAND","block":"CHHURA","indicator":"no_girls_toilet"}},{"type":"Feature","geometry":{"type":"Point","coordinates":[82.0497,20.9639]},"properties":{"udise":"22252303601","name":"GOVT. PS LAL PUR FINGESHWAR","state":"CHHATTISGARH","district":"GARIABAND","block":"FINGESHWAR","indicator":"no_girls_toilet"}},{"type":"Feature","geometry":{"type":"Point","coordinates":[82.1914,20.745]},"properties":{"udise":"22250511202","name":"GOVT.N. PS NISAINIDADAR (SSA)","state":"CHHATTISGARH","district":"GARIABAND","block":"CHHURA","indicator":"no_girls_toilet"}},{"type":"Feature","geometry":{"type":"Point","coordinates":[82.2886,20.5756]},"properties":{"udise":"22251901501","name":"GOVT P S GODALBAY (TWD)","state":"CHHATTISGARH","district":"GARIABAND","block":"GARIABAND","indicator":"no_girls_toilet"}},{"type":"Feature","geometry":{"type":"Point","coordinates":[82.4847,19.9247]},"properties":{"udise":"22252617702","name":"GOVT.PRIMARY SCHOOL DANGIYAPARA","state":"CHHATTISGARH","district":"GARIABAND","block":"MAINPUR","indicator":"no_girls_toilet"}},{"type":"Feature","geometry":{"type":"Point","coordinates":[82.3703,19.9681]},"properties":{"udise":"22252611701","name":"GOVT. PRIMARY SCHOOL DUMAGHAT","state":"CHHATTISGARH","district":"GARIABAND","block":"MAINPUR","indicator":"no_girls_toilet"}},{"type":"Feature","geometry":{"type":"Point","coordinates":[82.4767,20.0067]},"properties":{"udise":"22252627501","name":"PRIMARY SCHOOL BANDPARA","state":"CHHATTISGARH","district":"GARIABAND","block":"MAINPUR","indicator":"no_girls_toilet"}},{"type":"Feature","geometry":{"type":"Point","coordinates":[82.5108,19.9444]},"properties":{"udise":"22252615702","name":"GOVT.NAVEN PRIMARY SCHOOL PODPARA","state":"CHHATTISGARH","district":"GARIABAND","block":"MAINPUR","indicator":"no_girls_toilet"}},{"type":"Feature","geometry":{"type":"Point","coordinates":[81.9781,20.7706]},"properties":{"udise":"22250517201","name":"GOVT.PS.MOHTRA (SSA)","state":"CHHATTISGARH","district":"GARIABAND","block":"CHHURA","indicator":"no_girls_toilet"}},{"type":"Feature","geometry":{"type":"Point","coordinates":[82.2806,20.1356]},"properties":{"udise":"22252611201","name":"GOVT.PRIMARY SCHOOL AMAD","state":"CHHATTISGARH","district":"GARIABAND","block":"MAINPUR","indicator":"no_girls_toilet"}},{"type":"Feature","geometry":{"type":"Point","coordinates":[82.6589,19.9756]},"properties":{"udise":"22251405003","name":"GOVT.MIDDLE SCHOOL GHUMARGUDA (SSA)","state":"CHHATTISGARH","district":"GARIABAND","block":"DEOBHOG","indicator":"no_girls_toilet"}},{"type":"Feature","geometry":{"type":"Point","coordinates":[82.0269,20.8939]},"properties":{"udise":"22252304801","name":"GOVT. PS FULJHAR","state":"CHHATTISGARH","district":"GARIABAND","block":"FINGESHWAR","indicator":"no_girls_toilet"}},{"type":"Feature","geometry":{"type":"Point","coordinates":[82.6411,19.9267]},"properties":{"udise":"22251409802","name":"GOVT.NPS DONGARI PARA(SSA)","state":"CHHATTISGARH","district":"GARIABAND","block":"DEOBHOG","indicator":"no_girls_toilet"}},{"type":"Feature","geometry":{"type":"Point","coordinates":[82.2714,20.5517]},"properties":{"udise":"22251908001","name":"GOVT P S LIMDIH (TWD)","state":"CHHATTISGARH","district":"GARIABAND","block":"GARIABAND","indicator":"no_girls_toilet"}},{"type":"Feature","geometry":{"type":"Point","coordinates":[81.9239,20.9947]},"properties":{"udise":"22252302602","name":"GOVT. HIGH SCHOOL BAKLI (RMSA)","state":"CHHATTISGARH","district":"GARIABAND","block":"FINGESHWAR","indicator":"no_girls_toilet"}},{"type":"Feature","geometry":{"type":"Point","coordinates":[82.5008,19.9078]},"properties":{"udise":"22252607102","name":"GOVT.MIDDLE SCHOOL MATIYA","state":"CHHATTISGARH","district":"GARIABAND","block":"MAINPUR","indicator":"no_girls_toilet"}},{"type":"Feature","geometry":{"type":"Point","coordinates":[82.0917,20.9606]},"properties":{"udise":"22252303202","name":"GOVT. MS SARKADA SSA","state":"CHHATTISGARH","district":"GARIABAND","block":"FINGESHWAR","indicator":"no_girls_toilet"}},{"type":"Feature","geometry":{"type":"Point","coordinates":[82.1553,20.7197]},"properties":{"udise":"22250502903","name":"GOVT.P.S.CHARODA BIRODAR (SSA)","state":"CHHATTISGARH","district":"GARIABAND","block":"CHHURA","indicator":"no_girls_toilet"}},{"type":"Feature","geometry":{"type":"Point","coordinates":[82.2283,20.81]},"properties":{"udise":"22250515301","name":"GOVT.PS.KHUSRUPALI","state":"CHHATTISGARH","district":"GARIABAND","block":"CHHURA","indicator":"no_girls_toilet"}},{"type":"Feature","geometry":{"type":"Point","coordinates":[82.5989,19.8442]},"properties":{"udise":"22251406901","name":"GOVT. PRIMARY SCHOOL BARAHI","state":"CHHATTISGARH","district":"GARIABAND","block":"DEOBHOG","indicator":"no_girls_toilet"}},{"type":"Feature","geometry":{"type":"Point","coordinates":[81.9942,20.9133]},"properties":{"udise":"22252301101","name":"GOVT. PS SEMHRADIH","state":"CHHATTISGARH","district":"GARIABAND","block":"FINGESHWAR","indicator":"no_girls_toilet"}},{"type":"Feature","geometry":{"type":"Point","coordinates":[82.2025,20.8156]},"properties":{"udise":"22250507601","name":"GOVT. P.S. VIDHIYA","state":"CHHATTISGARH","district":"GARIABAND","block":"CHHURA","indicator":"no_girls_toilet"}},{"type":"Feature","geometry":{"type":"Point","coordinates":[82.6386,19.8675]},"properties":{"udise":"22251403401","name":"GOVT. PRIMARY SCHOOL KODOBEDA","state":"CHHATTISGARH","district":"GARIABAND","block":"DEOBHOG","indicator":"no_girls_toilet"}},{"type":"Feature","geometry":{"type":"Point","coordinates":[82.5342,19.9731]},"properties":{"udise":"22252612203","name":"GOVT.PRIMARY SCHOOL  NAYAPARA","state":"CHHATTISGARH","district":"GARIABAND","block":"MAINPUR","indicator":"no_girls_toilet"}},{"type":"Feature","geometry":{"type":"Point","coordinates":[81.9928,20.8153]},"properties":{"udise":"22250509701","name":"GOVT. P.S. SANKARA (TWD)","state":"CHHATTISGARH","district":"GARIABAND","block":"CHHURA","indicator":"no_girls_toilet"}},{"type":"Feature","geometry":{"type":"Point","coordinates":[82.2519,20.6606]},"properties":{"udise":"22251920402","name":"GOVT P S SUKHARIDABARI (SSA)","state":"CHHATTISGARH","district":"GARIABAND","block":"GARIABAND","indicator":"no_girls_toilet"}},{"type":"Feature","geometry":{"type":"Point","coordinates":[82.2369,20.2117]},"properties":{"udise":"22252620102","name":"GOVT.MIDDLE SCHOOL DUMARGHAT","state":"CHHATTISGARH","district":"GARIABAND","block":"MAINPUR","indicator":"no_girls_toilet"}},{"type":"Feature","geometry":{"type":"Point","coordinates":[82.0181,20.6203]},"properties":{"udise":"22251917501","name":"GOVT P S LOHARLARI (SSA)","state":"CHHATTISGARH","district":"GARIABAND","block":"GARIABAND","indicator":"no_girls_toilet"}},{"type":"Feature","geometry":{"type":"Point","coordinates":[82.1406,20.9089]},"properties":{"udise":"22250508802","name":"GOVT M.S.SORIDKHURD","state":"CHHATTISGARH","district":"GARIABAND","block":"CHHURA","indicator":"no_girls_toilet"}},{"type":"Feature","geometry":{"type":"Point","coordinates":[82.2369,20.2117]},"properties":{"udise":"22252620101","name":"GOVT.PRIMARY SCHOOL DUMARGHAT","state":"CHHATTISGARH","district":"GARIABAND","block":"MAINPUR","indicator":"no_girls_toilet"}},{"type":"Feature","geometry":{"type":"Point","coordinates":[82.3053,20.1372]},"properties":{"udise":"22252614501","name":"GOVT. PRIMARY SCHOOL PAYLIKHAND","state":"CHHATTISGARH","district":"GARIABAND","block":"MAINPUR","indicator":"no_girls_toilet"}},{"type":"Feature","geometry":{"type":"Point","coordinates":[82.1003,20.8008]},"properties":{"udise":"22250510604","name":"GOVT.N.MS.GAYDABARI (SSA)","state":"CHHATTISGARH","district":"GARIABAND","block":"CHHURA","indicator":"no_girls_toilet"}},{"type":"Feature","geometry":{"type":"Point","coordinates":[82.1586,20.3356]},"properties":{"udise":"22252610701","name":"GOVT.PRIMARY ADIWASI BALAK ASHRAM SALA BADEGOBRA","state":"CHHATTISGARH","district":"GARIABAND","block":"MAINPUR","indicator":"no_girls_toilet"}},{"type":"Feature","geometry":{"type":"Point","coordinates":[82.0339,20.6475]},"properties":{"udise":"22251915604","name":"GOVT. HIGH SCHOOL CHIKHALI","state":"CHHATTISGARH","district":"GARIABAND","block":"GARIABAND","indicator":"no_girls_toilet"}},{"type":"Feature","geometry":{"type":"Point","coordinates":[82.1586,20.3356]},"properties":{"udise":"22252610702","name":"GOVT. MIDDILE ADIWASI BALAK.KANYA ASHRAM BADEGOBRA","state":"CHHATTISGARH","district":"GARIABAND","block":"MAINPUR","indicator":"no_girls_toilet"}},{"type":"Feature","geometry":{"type":"Point","coordinates":[82.2958,20.7681]},"properties":{"udise":"22250500101","name":"GOVT. P.S KEWATIJHAR (TWD)","state":"CHHATTISGARH","district":"GARIABAND","block":"CHHURA","indicator":"no_girls_toilet"}},{"type":"Feature","geometry":{"type":"Point","coordinates":[82.1978,20.8528]},"properties":{"udise":"22250505301","name":"GOVT. P.S. DEVGAON (TWD)","state":"CHHATTISGARH","district":"GARIABAND","block":"CHHURA","indicator":"no_girls_toilet"}},{"type":"Feature","geometry":{"type":"Point","coordinates":[82.4292,19.9711]},"properties":{"udise":"22252605801","name":"GOVT.PRIMARY SCHOOL SARAIPANI","state":"CHHATTISGARH","district":"GARIABAND","block":"MAINPUR","indicator":"no_girls_toilet"}},{"type":"Feature","geometry":{"type":"Point","coordinates":[81.9997,21.0072]},"properties":{"udise":"22252300802","name":"GOVT. MS BHASERA","state":"CHHATTISGARH","district":"GARIABAND","block":"FINGESHWAR","indicator":"no_girls_toilet"}},{"type":"Feature","geometry":{"type":"Point","coordinates":[82.5669,19.9108]},"properties":{"udise":"22251405802","name":"GOVT. M.S. GADAGHAT","state":"CHHATTISGARH","district":"GARIABAND","block":"DEOBHOG","indicator":"no_girls_toilet"}},{"type":"Feature","geometry":{"type":"Point","coordinates":[82.205,20.8081]},"properties":{"udise":"22250504336","name":"GOVT.  P. S. CHHURA (TWD)","state":"CHHATTISGARH","district":"GARIABAND","block":"CHHURA","indicator":"no_girls_toilet"}},{"type":"Feature","geometry":{"type":"Point","coordinates":[81.9233,20.7772]},"properties":{"udise":"22250500303","name":"GOVT.MS.KUTENA (SSA)","state":"CHHATTISGARH","district":"GARIABAND","block":"CHHURA","indicator":"girls_toilet_nonfunctional"}},{"type":"Feature","geometry":{"type":"Point","coordinates":[82.6497,19.8517]},"properties":{"udise":"22251407501","name":"GOVT. PRIMARY SCHOOL DUMARBAHAL","state":"CHHATTISGARH","district":"GARIABAND","block":"DEOBHOG","indicator":"girls_toilet_nonfunctional"}},{"type":"Feature","geometry":{"type":"Point","coordinates":[82.1864,20.9086]},"properties":{"udise":"22250506907","name":"GOVT.M.S. BHERA (SSA)","state":"CHHATTISGARH","district":"GARIABAND","block":"CHHURA","indicator":"girls_toilet_nonfunctional"}},{"type":"Feature","geometry":{"type":"Point","coordinates":[82.0033,21.0647]},"properties":{"udise":"22252300702","name":"GOVT. HIGH SCHOOL PASAUD (RMSA)","state":"CHHATTISGARH","district":"GARIABAND","block":"FINGESHWAR","indicator":"girls_toilet_nonfunctional"}},{"type":"Feature","geometry":{"type":"Point","coordinates":[82.6986,19.9089]},"properties":{"udise":"22251402203","name":"GOVT. P.S. MANJHIPARA(SSA)","state":"CHHATTISGARH","district":"GARIABAND","block":"DEOBHOG","indicator":"girls_toilet_nonfunctional"}},{"type":"Feature","geometry":{"type":"Point","coordinates":[82.5217,19.8964]},"properties":{"udise":"22252600604","name":"GOVT MIDDILE SCHOOL URMAL","state":"CHHATTISGARH","district":"GARIABAND","block":"MAINPUR","indicator":"girls_toilet_nonfunctional"}},{"type":"Feature","geometry":{"type":"Point","coordinates":[82.145,20.9264]},"properties":{"udise":"22250507602","name":"GOVT. P.S. BANLOHJHAR (TWD)","state":"CHHATTISGARH","district":"GARIABAND","block":"CHHURA","indicator":"girls_toilet_nonfunctional"}},{"type":"Feature","geometry":{"type":"Point","coordinates":[82.6036,19.8397]},"properties":{"udise":"22251406305","name":"GOVT.M.S. SUKLIBHATA (N) (SSA)","state":"CHHATTISGARH","district":"GARIABAND","block":"DEOBHOG","indicator":"girls_toilet_nonfunctional"}},{"type":"Feature","geometry":{"type":"Point","coordinates":[82.2372,20.3747]},"properties":{"udise":"22251920901","name":"GOVT P S TUPENGA (SSA)","state":"CHHATTISGARH","district":"GARIABAND","block":"GARIABAND","indicator":"girls_toilet_nonfunctional"}},{"type":"Feature","geometry":{"type":"Point","coordinates":[82.2683,20.3672]},"properties":{"udise":"22252613602","name":"GOVT.MIDDILE SCHOOL  DABNAI","state":"CHHATTISGARH","district":"GARIABAND","block":"MAINPUR","indicator":"girls_toilet_nonfunctional"}},{"type":"Feature","geometry":{"type":"Point","coordinates":[82.43,19.9467]},"properties":{"udise":"22252601802","name":"GOVT.MIDDILE SCHOOL USRIJOR","state":"CHHATTISGARH","district":"GARIABAND","block":"MAINPUR","indicator":"girls_toilet_nonfunctional"}},{"type":"Feature","geometry":{"type":"Point","coordinates":[81.9164,20.98]},"properties":{"udise":"22252310403","name":"GOVT. MS KUMHI SSA","state":"CHHATTISGARH","district":"GARIABAND","block":"FINGESHWAR","indicator":"girls_toilet_nonfunctional"}},{"type":"Feature","geometry":{"type":"Point","coordinates":[81.9986,20.9269]},"properties":{"udise":"22252300502","name":"GOVT M.S. BIJALI","state":"CHHATTISGARH","district":"GARIABAND","block":"FINGESHWAR","indicator":"girls_toilet_nonfunctional"}},{"type":"Feature","geometry":{"type":"Point","coordinates":[82.3469,20.0089]},"properties":{"udise":"22252607605","name":"GOVT.PRIMARY SCHOOL SORIPARA","state":"CHHATTISGARH","district":"GARIABAND","block":"MAINPUR","indicator":"girls_toilet_nonfunctional"}},{"type":"Feature","geometry":{"type":"Point","coordinates":[82.0014,21.0336]},"properties":{"udise":"22252305401","name":"GOVT. PS PALI","state":"CHHATTISGARH","district":"GARIABAND","block":"FINGESHWAR","indicator":"girls_toilet_nonfunctional"}},{"type":"Feature","geometry":{"type":"Point","coordinates":[82.2031,20.0936]},"properties":{"udise":"22252621701","name":"GOVT.PRIMARY SCHOOL BHIMATIKARA","state":"CHHATTISGARH","district":"GARIABAND","block":"MAINPUR","indicator":"girls_toilet_nonfunctional"}},{"type":"Feature","geometry":{"type":"Point","coordinates":[82.1636,20.9019]},"properties":{"udise":"22250503901","name":"GOVT. P.S. FINGESHWARA","state":"CHHATTISGARH","district":"GARIABAND","block":"CHHURA","indicator":"girls_toilet_nonfunctional"}},{"type":"Feature","geometry":{"type":"Point","coordinates":[82.1067,20.4931]},"properties":{"udise":"22251923001","name":"GOVT P S PANDRIPANI (SSA)","state":"CHHATTISGARH","district":"GARIABAND","block":"GARIABAND","indicator":"girls_toilet_nonfunctional"}},{"type":"Feature","geometry":{"type":"Point","coordinates":[81.9803,20.8528]},"properties":{"udise":"22252302902","name":"GOVT M.S. NAVEEN LOHRSI SSA","state":"CHHATTISGARH","district":"GARIABAND","block":"FINGESHWAR","indicator":"girls_toilet_nonfunctional"}},{"type":"Feature","geometry":{"type":"Point","coordinates":[82.48306,20.01333]},"properties":{"udise":"22252603107","name":"PRIVATE PRIMARY SARASWATI SHISHU MANDIR BURJABAHAL","state":"CHHATTISGARH","district":"GARIABAND","block":"MAINPUR","indicator":"girls_toilet_nonfunctional"}},{"type":"Feature","geometry":{"type":"Point","coordinates":[82.2375,20.7403]},"properties":{"udise":"22250504324","name":"GOVT.N.P.S.CHHATTRPUR (SSA)","state":"CHHATTISGARH","district":"GARIABAND","block":"CHHURA","indicator":"girls_toilet_nonfunctional"}},{"type":"Feature","geometry":{"type":"Point","coordinates":[81.8908,20.9261]},"properties":{"udise":"22252304601","name":"GOVT. PS SINDHOURI","state":"CHHATTISGARH","district":"GARIABAND","block":"FINGESHWAR","indicator":"girls_toilet_nonfunctional"}},{"type":"Feature","geometry":{"type":"Point","coordinates":[82.2744,20.2822]},"properties":{"udise":"22252609909","name":"PRIMARY SCHOOL CHIHRAPARA","state":"CHHATTISGARH","district":"GARIABAND","block":"MAINPUR","indicator":"girls_toilet_nonfunctional"}},{"type":"Feature","geometry":{"type":"Point","coordinates":[82.2689,20.8175]},"properties":{"udise":"22250503103","name":"GOVT M.S.DADARGAON (TWD)","state":"CHHATTISGARH","district":"GARIABAND","block":"CHHURA","indicator":"girls_toilet_nonfunctional"}},{"type":"Feature","geometry":{"type":"Point","coordinates":[82.29,20.8836]},"properties":{"udise":"22250523101","name":"GOVT.GYAN JYOTI   AMLIPARA (SSA)","state":"CHHATTISGARH","district":"GARIABAND","block":"CHHURA","indicator":"girls_toilet_nonfunctional"}},{"type":"Feature","geometry":{"type":"Point","coordinates":[82.0103,20.9011]},"properties":{"udise":"22252309101","name":"GOVT PS KHUTERI","state":"CHHATTISGARH","district":"GARIABAND","block":"FINGESHWAR","indicator":"girls_toilet_nonfunctional"}},{"type":"Feature","geometry":{"type":"Point","coordinates":[82.3842,19.9392]},"properties":{"udise":"22252613802","name":"GOVT MIDDILE SCHOOL MUDGELMAL","state":"CHHATTISGARH","district":"GARIABAND","block":"MAINPUR","indicator":"girls_toilet_nonfunctional"}},{"type":"Feature","geometry":{"type":"Point","coordinates":[82.1142,20.5169]},"properties":{"udise":"22251909902","name":"GOVT NAVIN P S KERABAHARA (SSA)","state":"CHHATTISGARH","district":"GARIABAND","block":"GARIABAND","indicator":"girls_toilet_nonfunctional"}},{"type":"Feature","geometry":{"type":"Point","coordinates":[82.235,20.6344]},"properties":{"udise":"22251904203","name":"GOVT BOYS  M S PIPARCHHEDI (TWD)","state":"CHHATTISGARH","district":"GARIABAND","block":"GARIABAND","indicator":"girls_toilet_nonfunctional"}},{"type":"Feature","geometry":{"type":"Point","coordinates":[82.0642,20.0825]},"properties":{"udise":"22252609203","name":"GOVT.PRIMARY SCHOOL  DHOBANDIH","state":"CHHATTISGARH","district":"GARIABAND","block":"MAINPUR","indicator":"girls_toilet_nonfunctional"}},{"type":"Feature","geometry":{"type":"Point","coordinates":[82.5242,19.9553]},"properties":{"udise":"22251408501","name":"GOVT PRIMARY SCHOOL BARBAHALI","state":"CHHATTISGARH","district":"GARIABAND","block":"DEOBHOG","indicator":"girls_toilet_nonfunctional"}},{"type":"Feature","geometry":{"type":"Point","coordinates":[82.2492,20.5703]},"properties":{"udise":"22251909301","name":"GOVT P S KOCHAIMUDA (TWD)","state":"CHHATTISGARH","district":"GARIABAND","block":"GARIABAND","indicator":"girls_toilet_nonfunctional"}},{"type":"Feature","geometry":{"type":"Point","coordinates":[82.2178,20.6336]},"properties":{"udise":"22251904207","name":"GYANJYOTI SCHOOL BHUJIYAPARA PIPARCHHEDI (SSA)","state":"CHHATTISGARH","district":"GARIABAND","block":"GARIABAND","indicator":"girls_toilet_nonfunctional"}},{"type":"Feature","geometry":{"type":"Point","coordinates":[81.8856,20.9658]},"properties":{"udise":"22252305613","name":"GOVT. PS SATNAMI PARA RAJIM (SSA)","state":"CHHATTISGARH","district":"GARIABAND","block":"FINGESHWAR","indicator":"girls_toilet_nonfunctional"}},{"type":"Feature","geometry":{"type":"Point","coordinates":[81.8825,20.9389]},"properties":{"udise":"22252305702","name":"GOVT. MS CHAUBEBANDHA SSA","state":"CHHATTISGARH","district":"GARIABAND","block":"FINGESHWAR","indicator":"girls_toilet_nonfunctional"}},{"type":"Feature","geometry":{"type":"Point","coordinates":[82.2,20.0936]},"properties":{"udise":"22252602105","name":"GOVT.MIDDILE SCHOOL MONGRADIH","state":"CHHATTISGARH","district":"GARIABAND","block":"MAINPUR","indicator":"girls_toilet_nonfunctional"}},{"type":"Feature","geometry":{"type":"Point","coordinates":[82.3678,20.6294]},"properties":{"udise":"22250518901","name":"GOVT.PS.SANJAY NAGAR (SSA)","state":"CHHATTISGARH","district":"GARIABAND","block":"CHHURA","indicator":"girls_toilet_nonfunctional"}},{"type":"Feature","geometry":{"type":"Point","coordinates":[82.3486,19.9681]},"properties":{"udise":"22252601201","name":"GOVT. PRIMARY SCHOOL DHANORA","state":"CHHATTISGARH","district":"GARIABAND","block":"MAINPUR","indicator":"girls_toilet_nonfunctional"}},{"type":"Feature","geometry":{"type":"Point","coordinates":[82.2744,20.3756]},"properties":{"udise":"22252625501","name":"GOVT.PRIMARY SCHOOL LUTHAPARA","state":"CHHATTISGARH","district":"GARIABAND","block":"MAINPUR","indicator":"girls_toilet_nonfunctional"}},{"type":"Feature","geometry":{"type":"Point","coordinates":[82.2997,20.6583]},"properties":{"udise":"22250518101","name":"GOVT.PS.DHUNDHUNIPANI","state":"CHHATTISGARH","district":"GARIABAND","block":"CHHURA","indicator":"girls_toilet_nonfunctional"}},{"type":"Feature","geometry":{"type":"Point","coordinates":[82.2656,20.6278]},"properties":{"udise":"22251912402","name":"GOVT M S MOUHABHATA (TWD)","state":"CHHATTISGARH","district":"GARIABAND","block":"GARIABAND","indicator":"girls_toilet_nonfunctional"}},{"type":"Feature","geometry":{"type":"Point","coordinates":[81.9828,20.9583]},"properties":{"udise":"22252309202","name":"GOVT. MS BORSI","state":"CHHATTISGARH","district":"GARIABAND","block":"FINGESHWAR","indicator":"girls_toilet_nonfunctional"}},{"type":"Feature","geometry":{"type":"Point","coordinates":[82.2153,20.8792]},"properties":{"udise":"22250506917","name":"GOVT.P.S.KAMARTOLA JAMLI (SSA)","state":"CHHATTISGARH","district":"GARIABAND","block":"CHHURA","indicator":"girls_toilet_nonfunctional"}},{"type":"Feature","geometry":{"type":"Point","coordinates":[82.335,20.6261]},"properties":{"udise":"22250503002","name":"GOVT.M.S.LADABAHRA (SSA)","state":"CHHATTISGARH","district":"GARIABAND","block":"CHHURA","indicator":"girls_toilet_nonfunctional"}},{"type":"Feature","geometry":{"type":"Point","coordinates":[82.3481,20.0958]},"properties":{"udise":"22252609001","name":"GOVT.PRIMARY SCHOOL KHASARPANI","state":"CHHATTISGARH","district":"GARIABAND","block":"MAINPUR","indicator":"girls_toilet_nonfunctional"}},{"type":"Feature","geometry":{"type":"Point","coordinates":[82.0508,20.6325]},"properties":{"udise":"22251904303","name":"GOVT GIRLS P S GARIABAND (TWD)","state":"CHHATTISGARH","district":"GARIABAND","block":"GARIABAND","indicator":"girls_toilet_nonfunctional"}},{"type":"Feature","geometry":{"type":"Point","coordinates":[82.1847,20.8942]},"properties":{"udise":"22250506916","name":"GOVT.M.S.NAVAPARA  (SSA)","state":"CHHATTISGARH","district":"GARIABAND","block":"CHHURA","indicator":"girls_toilet_nonfunctional"}},{"type":"Feature","geometry":{"type":"Point","coordinates":[82.2019,20.0903]},"properties":{"udise":"22252621501","name":"GOVT.PRIMARY SCHOOL TENDHUCHHAPER","state":"CHHATTISGARH","district":"GARIABAND","block":"MAINPUR","indicator":"girls_toilet_nonfunctional"}},{"type":"Feature","geometry":{"type":"Point","coordinates":[82.3189,20.1064]},"properties":{"udise":"22252614101","name":"GOVT.PRIMARY SCHOOL UDANTI","state":"CHHATTISGARH","district":"GARIABAND","block":"MAINPUR","indicator":"girls_toilet_nonfunctional"}},{"type":"Feature","geometry":{"type":"Point","coordinates":[81.9508,20.7594]},"properties":{"udise":"22250502207","name":"GOVT.PS.KAMARPARA POND (SSA)","state":"CHHATTISGARH","district":"GARIABAND","block":"CHHURA","indicator":"girls_toilet_nonfunctional"}},{"type":"Feature","geometry":{"type":"Point","coordinates":[82.1142,21.0175]},"properties":{"udise":"22252304902","name":"GOVT. PS NACHANBAY BAMHANDEHI  SSA","state":"CHHATTISGARH","district":"GARIABAND","block":"FINGESHWAR","indicator":"girls_toilet_nonfunctional"}},{"type":"Feature","geometry":{"type":"Point","coordinates":[82.6067,19.8589]},"properties":{"udise":"22251403501","name":"GOVT. PRIMARY SCHOOL AMAD","state":"CHHATTISGARH","district":"GARIABAND","block":"DEOBHOG","indicator":"girls_toilet_nonfunctional"}},{"type":"Feature","geometry":{"type":"Point","coordinates":[82.6581,19.9539]},"properties":{"udise":"22251400501","name":"GOVT. PRIMARY SCHOOL SRGIGUDA","state":"CHHATTISGARH","district":"GARIABAND","block":"DEOBHOG","indicator":"girls_toilet_nonfunctional"}},{"type":"Feature","geometry":{"type":"Point","coordinates":[82.4108,20.4375]},"properties":{"udise":"22251903403","name":"GOVT M S AMAMORA (SSA)","state":"CHHATTISGARH","district":"GARIABAND","block":"GARIABAND","indicator":"girls_toilet_nonfunctional"}},{"type":"Feature","geometry":{"type":"Point","coordinates":[82.33,20.8064]},"properties":{"udise":"22250509309","name":"GOVT.P.S.CHATTANPARA (SSA)","state":"CHHATTISGARH","district":"GARIABAND","block":"CHHURA","indicator":"girls_toilet_nonfunctional"}},{"type":"Feature","geometry":{"type":"Point","coordinates":[82.3331,19.9775]},"properties":{"udise":"22252601203","name":"GOVT.MIDDILE SCHOOL DHANORA","state":"CHHATTISGARH","district":"GARIABAND","block":"MAINPUR","indicator":"girls_toilet_nonfunctional"}},{"type":"Feature","geometry":{"type":"Point","coordinates":[82.3233,20.6694]},"properties":{"udise":"22250502003","name":"GOVT.N P S. KACHHARPARA (SSA)","state":"CHHATTISGARH","district":"GARIABAND","block":"CHHURA","indicator":"girls_toilet_nonfunctional"}},{"type":"Feature","geometry":{"type":"Point","coordinates":[82.1519,20.8178]},"properties":{"udise":"22250507013","name":"GOVT.N.P.S. NAVADI JARGAON (SSA)","state":"CHHATTISGARH","district":"GARIABAND","block":"CHHURA","indicator":"girls_toilet_nonfunctional"}},{"type":"Feature","geometry":{"type":"Point","coordinates":[82.2328,20.6661]},"properties":{"udise":"22251908101","name":"GOVT P S KOPEKASA (TWD)","state":"CHHATTISGARH","district":"GARIABAND","block":"GARIABAND","indicator":"girls_toilet_nonfunctional"}},{"type":"Feature","geometry":{"type":"Point","coordinates":[82.2011,20.8139]},"properties":{"udise":"22250507606","name":"GOVT.P.S.BHUNJIYAPARA LOHAJHAR","state":"CHHATTISGARH","district":"GARIABAND","block":"CHHURA","indicator":"girls_toilet_nonfunctional"}},{"type":"Feature","geometry":{"type":"Point","coordinates":[82.6342,19.9022]},"properties":{"udise":"22251407901","name":"GOVT. P.S. MUNGIYA","state":"CHHATTISGARH","district":"GARIABAND","block":"DEOBHOG","indicator":"girls_toilet_nonfunctional"}},{"type":"Feature","geometry":{"type":"Point","coordinates":[82.2028,20.6336]},"properties":{"udise":"22251905901","name":"GOVT P S AMETHI (TWD)","state":"CHHATTISGARH","district":"GARIABAND","block":"GARIABAND","indicator":"girls_toilet_nonfunctional"}},{"type":"Feature","geometry":{"type":"Point","coordinates":[82.5989,19.9453]},"properties":{"udise":"22251408003","name":"GOVT. MIDDLE SCHOOL KADLIMUDA (SSA)","state":"CHHATTISGARH","district":"GARIABAND","block":"DEOBHOG","indicator":"girls_toilet_nonfunctional"}},{"type":"Feature","geometry":{"type":"Point","coordinates":[82.1911,20.5581]},"properties":{"udise":"22251916101","name":"GOVT P S BHAINSATARA (TWD)","state":"CHHATTISGARH","district":"GARIABAND","block":"GARIABAND","indicator":"girls_toilet_nonfunctional"}},{"type":"Feature","geometry":{"type":"Point","coordinates":[82.2678,20.7925]},"properties":{"udise":"22250504704","name":"GOVT.P.S. PIPRAHI  (TWD)","state":"CHHATTISGARH","district":"GARIABAND","block":"CHHURA","indicator":"girls_toilet_nonfunctional"}},{"type":"Feature","geometry":{"type":"Point","coordinates":[82.085,20.0828]},"properties":{"udise":"22252610403","name":"GOVT. HIGH SCHOOL GARHADIH","state":"CHHATTISGARH","district":"GARIABAND","block":"MAINPUR","indicator":"girls_toilet_nonfunctional"}},{"type":"Feature","geometry":{"type":"Point","coordinates":[82.1122,20.3953]},"properties":{"udise":"22251901602","name":"GOVT M S SEMHRA (SSA)","state":"CHHATTISGARH","district":"GARIABAND","block":"GARIABAND","indicator":"girls_toilet_nonfunctional"}},{"type":"Feature","geometry":{"type":"Point","coordinates":[82.0728,21.0039]},"properties":{"udise":"22252304102","name":"GOVT. P.S. KAMARPARA KHAIRJHITI","state":"CHHATTISGARH","district":"GARIABAND","block":"FINGESHWAR","indicator":"girls_toilet_nonfunctional"}},{"type":"Feature","geometry":{"type":"Point","coordinates":[82.1108,21.0006]},"properties":{"udise":"22252305301","name":"GOVT.PS GUNDARDEHI","state":"CHHATTISGARH","district":"GARIABAND","block":"FINGESHWAR","indicator":"girls_toilet_nonfunctional"}},{"type":"Feature","geometry":{"type":"Point","coordinates":[82.4722,19.9347]},"properties":{"udise":"22252612402","name":"GOVT MIDDILE SCHOOL KANDEKELA","state":"CHHATTISGARH","district":"GARIABAND","block":"MAINPUR","indicator":"girls_toilet_nonfunctional"}},{"type":"Feature","geometry":{"type":"Point","coordinates":[82.1747,20.9083]},"properties":{"udise":"22250516701","name":"GOVT.PS.ULATPARA (SSA)","state":"CHHATTISGARH","district":"GARIABAND","block":"CHHURA","indicator":"girls_toilet_nonfunctional"}},{"type":"Feature","geometry":{"type":"Point","coordinates":[82.2056,20.8081]},"properties":{"udise":"22250513102","name":"GOVT.ADEVASI GIRL ASRAM CHHURA","state":"CHHATTISGARH","district":"GARIABAND","block":"CHHURA","indicator":"girls_toilet_nonfunctional"}},{"type":"Feature","geometry":{"type":"Point","coordinates":[82.22479,20.83406]},"properties":{"udise":"22250508001","name":"GYAN VIGYAN VIDYA MANDIR MUDAGAON","state":"CHHATTISGARH","district":"GARIABAND","block":"CHHURA","indicator":"girls_toilet_nonfunctional"}},{"type":"Feature","geometry":{"type":"Point","coordinates":[82.4342,19.9544]},"properties":{"udise":"22252603703","name":"GOVT.PRIMARY SCHOOL INDIRAPARA","state":"CHHATTISGARH","district":"GARIABAND","block":"MAINPUR","indicator":"girls_toilet_nonfunctional"}},{"type":"Feature","geometry":{"type":"Point","coordinates":[82.2636,20.87]},"properties":{"udise":"22250509306","name":"GOVT.P.S. DUMARPARA (SSA)","state":"CHHATTISGARH","district":"GARIABAND","block":"CHHURA","indicator":"girls_toilet_nonfunctional"}},{"type":"Feature","geometry":{"type":"Point","coordinates":[82.4933,19.995]},"properties":{"udise":"22252616001","name":"NAVEN PRIMARY SCHOOL MAHULPUTKA","state":"CHHATTISGARH","district":"GARIABAND","block":"MAINPUR","indicator":"girls_toilet_nonfunctional"}},{"type":"Feature","geometry":{"type":"Point","coordinates":[81.9567,21.0253]},"properties":{"udise":"22252308301","name":"GOVT. PS PARSADA JOSHI","state":"CHHATTISGARH","district":"GARIABAND","block":"FINGESHWAR","indicator":"girls_toilet_nonfunctional"}},{"type":"Feature","geometry":{"type":"Point","coordinates":[82.2683,20.3672]},"properties":{"udise":"22252613601","name":"GOVT.PRIMARY SCHOOLDABNAI","state":"CHHATTISGARH","district":"GARIABAND","block":"MAINPUR","indicator":"girls_toilet_nonfunctional"}},{"type":"Feature","geometry":{"type":"Point","coordinates":[82.6969,19.8939]},"properties":{"udise":"22251402201","name":"GOVT. PRIMARY SCHOOL KHUTGAON","state":"CHHATTISGARH","district":"GARIABAND","block":"DEOBHOG","indicator":"girls_toilet_nonfunctional"}},{"type":"Feature","geometry":{"type":"Point","coordinates":[82.3025,20.1369]},"properties":{"udise":"22252612701","name":"GOVT.PRIMARY SCHOOL JANGDA","state":"CHHATTISGARH","district":"GARIABAND","block":"MAINPUR","indicator":"girls_toilet_nonfunctional"}},{"type":"Feature","geometry":{"type":"Point","coordinates":[82.28,20.6967]},"properties":{"udise":"22250517901","name":"GOVT. PS. KOKADACHEDA","state":"CHHATTISGARH","district":"GARIABAND","block":"CHHURA","indicator":"girls_toilet_nonfunctional"}},{"type":"Feature","geometry":{"type":"Point","coordinates":[82.3361,20.8392]},"properties":{"udise":"22250514601","name":"GOVT.PS.VIJAYNAGAR","state":"CHHATTISGARH","district":"GARIABAND","block":"CHHURA","indicator":"girls_toilet_nonfunctional"}},{"type":"Feature","geometry":{"type":"Point","coordinates":[82.2889,20.3761]},"properties":{"udise":"22252607302","name":"GOVT.PRIMARY  ASHRAM SHALA CHHINDOULA","state":"CHHATTISGARH","district":"GARIABAND","block":"MAINPUR","indicator":"girls_toilet_nonfunctional"}},{"type":"Feature","geometry":{"type":"Point","coordinates":[82.3436,20.3992]},"properties":{"udise":"22251922401","name":"GOVT P S AMLOR (SSA)","state":"CHHATTISGARH","district":"GARIABAND","block":"GARIABAND","indicator":"girls_toilet_nonfunctional"}},{"type":"Feature","geometry":{"type":"Point","coordinates":[82.4589,19.9533]},"properties":{"udise":"22252615501","name":"GOVT.PRIMARY SCHOOL GOLAMAL","state":"CHHATTISGARH","district":"GARIABAND","block":"MAINPUR","indicator":"girls_toilet_nonfunctional"}},{"type":"Feature","geometry":{"type":"Point","coordinates":[82.0011,20.9425]},"properties":{"udise":"22252300506","name":"SHARSWTI SHISHU MANDIR BIJALI PVT.","state":"CHHATTISGARH","district":"GARIABAND","block":"FINGESHWAR","indicator":"girls_toilet_nonfunctional"}},{"type":"Feature","geometry":{"type":"Point","coordinates":[82.0047,20.8756]},"properties":{"udise":"22252311801","name":"GOVT. PS  RAWELI","state":"CHHATTISGARH","district":"GARIABAND","block":"FINGESHWAR","indicator":"girls_toilet_nonfunctional"}},{"type":"Feature","geometry":{"type":"Point","coordinates":[82.2233,20.3719]},"properties":{"udise":"22251904801","name":"GOVT P S BHANDABAHARA (SSA)","state":"CHHATTISGARH","district":"GARIABAND","block":"GARIABAND","indicator":"girls_toilet_nonfunctional"}},{"type":"Feature","geometry":{"type":"Point","coordinates":[82.18222,20.64639]},"properties":{"udise":"22251907703","name":"GOVT HIGH SCHOOL  MADANPUR","state":"CHHATTISGARH","district":"GARIABAND","block":"GARIABAND","indicator":"girls_toilet_nonfunctional"}},{"type":"Feature","geometry":{"type":"Point","coordinates":[82.65811,19.86974]},"properties":{"udise":"22251407506","name":"GOVT. HIGH SCHOOL DUMARBAHAL","state":"CHHATTISGARH","district":"GARIABAND","block":"DEOBHOG","indicator":"girls_toilet_nonfunctional"}},{"type":"Feature","geometry":{"type":"Point","coordinates":[81.7886,22.7522]},"properties":{"udise":"22070611002","name":"GOVT MS CHHINDPANI (SSA)","state":"CHHATTISGARH","district":"GOURELA PENDRA MARVAHI","block":"GOURELA","indicator":"no_girls_toilet"}},{"type":"Feature","geometry":{"type":"Point","coordinates":[82.1528,23.0011]},"properties":{"udise":"22071408711","name":"GOVT. MS TURIJHIRIYA BELJHIRIYA","state":"CHHATTISGARH","district":"GOURELA PENDRA MARVAHI","block":"MARWAHI","indicator":"no_girls_toilet"}},{"type":"Feature","geometry":{"type":"Point","coordinates":[82.0628,22.945]},"properties":{"udise":"22071403303","name":"GOVT. PS MAUHARTOLA (SSA)","state":"CHHATTISGARH","district":"GOURELA PENDRA MARVAHI","block":"MARWAHI","indicator":"no_girls_toilet"}},{"type":"Feature","geometry":{"type":"Point","coordinates":[81.9869,23.0269]},"properties":{"udise":"22071401905","name":"GOVT. MS TIKARITOLA (SSA)","state":"CHHATTISGARH","district":"GOURELA PENDRA MARVAHI","block":"MARWAHI","indicator":"no_girls_toilet"}},{"type":"Feature","geometry":{"type":"Point","coordinates":[82.1531,23.0011]},"properties":{"udise":"22071408908","name":"GOVT. PS TURIJHIRIYA (SSA)","state":"CHHATTISGARH","district":"GOURELA PENDRA MARVAHI","block":"MARWAHI","indicator":"no_girls_toilet"}},{"type":"Feature","geometry":{"type":"Point","coordinates":[81.9147,22.0897]},"properties":{"udise":"22070610709","name":"GOVT MS MANJHITOLA SARBAHARA (SSA)","state":"CHHATTISGARH","district":"GOURELA PENDRA MARVAHI","block":"GOURELA","indicator":"no_girls_toilet"}},{"type":"Feature","geometry":{"type":"Point","coordinates":[81.9786,22.0725]},"properties":{"udise":"22070609701","name":"GOVT PS VISHAMBHAR TOLA (TWD)","state":"CHHATTISGARH","district":"GOURELA PENDRA MARVAHI","block":"GOURELA","indicator":"no_girls_toilet"}},{"type":"Feature","geometry":{"type":"Point","coordinates":[81.81,22.6403]},"properties":{"udise":"22070606907","name":"GOVT PS DHODAGIPARA KOTAMI KHURD (SSA)","state":"CHHATTISGARH","district":"GOURELA PENDRA MARVAHI","block":"GOURELA","indicator":"no_girls_toilet"}},{"type":"Feature","geometry":{"type":"Point","coordinates":[82.1183,22.7678]},"properties":{"udise":"22072200307","name":"GOVT. PS KHARPARA TILORA (SSA)","state":"CHHATTISGARH","district":"GOURELA PENDRA MARVAHI","block":"PENDRA","indicator":"no_girls_toilet"}},{"type":"Feature","geometry":{"type":"Point","coordinates":[81.9022,22.8508]},"properties":{"udise":"22071407303","name":"GOVT. MS MEDUKA","state":"CHHATTISGARH","district":"GOURELA PENDRA MARVAHI","block":"MARWAHI","indicator":"no_girls_toilet"}},{"type":"Feature","geometry":{"type":"Point","coordinates":[82.0847,22.7736]},"properties":{"udise":"22072205301","name":"GOVT. PS KARAUNDA NAR (TWD)","state":"CHHATTISGARH","district":"GOURELA PENDRA MARVAHI","block":"PENDRA","indicator":"no_girls_toilet"}},{"type":"Feature","geometry":{"type":"Point","coordinates":[82.0244,22.7383]},"properties":{"udise":"22072204505","name":"GOVT. MS BASANTPUR (SSA)","state":"CHHATTISGARH","district":"GOURELA PENDRA MARVAHI","block":"PENDRA","indicator":"no_girls_toilet"}},{"type":"Feature","geometry":{"type":"Point","coordinates":[82.0019,22.7528]},"properties":{"udise":"22070600710","name":"GOVT MS AURADHONDHI (SSA)","state":"CHHATTISGARH","district":"GOURELA PENDRA MARVAHI","block":"GOURELA","indicator":"no_girls_toilet"}},{"type":"Feature","geometry":{"type":"Point","coordinates":[81.9681,22.7769]},"properties":{"udise":"22072202632","name":"SWAMI ATMANAND GOVT. HINDI MEDIUM SCHOOL MULTI PENDRA","state":"CHHATTISGARH","district":"GOURELA PENDRA MARVAHI","block":"PENDRA","indicator":"no_girls_toilet"}},{"type":"Feature","geometry":{"type":"Point","coordinates":[81.8178,22.7594]},"properties":{"udise":"22070608301","name":"GOVT PS JAN. DAHI BAHRA (TWD)","state":"CHHATTISGARH","district":"GOURELA PENDRA MARVAHI","block":"GOURELA","indicator":"no_girls_toilet"}},{"type":"Feature","geometry":{"type":"Point","coordinates":[82.1011,22.6747]},"properties":{"udise":"22072201201","name":"GOVT. PS GHAT BAHRA (TWD)","state":"CHHATTISGARH","district":"GOURELA PENDRA MARVAHI","block":"PENDRA","indicator":"no_girls_toilet"}},{"type":"Feature","geometry":{"type":"Point","coordinates":[82.1714,23.0383]},"properties":{"udise":"22071408705","name":"GOVT. PS KANS BAHRA","state":"CHHATTISGARH","district":"GOURELA PENDRA MARVAHI","block":"MARWAHI","indicator":"no_girls_toilet"}},{"type":"Feature","geometry":{"type":"Point","coordinates":[82.1564,23.0542]},"properties":{"udise":"22071408706","name":"GOVT. PS GIRLS DONGARA TOLA","state":"CHHATTISGARH","district":"GOURELA PENDRA MARVAHI","block":"MARWAHI","indicator":"no_girls_toilet"}},{"type":"Feature","geometry":{"type":"Point","coordinates":[82.0003,22.7544]},"properties":{"udise":"22070600712","name":"GOVT MS SARIDHAR (SSA)","state":"CHHATTISGARH","district":"GOURELA PENDRA MARVAHI","block":"GOURELA","indicator":"no_girls_toilet"}},{"type":"Feature","geometry":{"type":"Point","coordinates":[81.9878,22.7703]},"properties":{"udise":"22072202701","name":"GOVT. PS LATKONI (TWD)","state":"CHHATTISGARH","district":"GOURELA PENDRA MARVAHI","block":"PENDRA","indicator":"no_girls_toilet"}},{"type":"Feature","geometry":{"type":"Point","coordinates":[82.1356,22.9344]},"properties":{"udise":"22071403408","name":"GOVT. PS JAMUNAHI (SSA)","state":"CHHATTISGARH","district":"GOURELA PENDRA MARVAHI","block":"MARWAHI","indicator":"no_girls_toilet"}},{"type":"Feature","geometry":{"type":"Point","coordinates":[82.0561,22.6878]},"properties":{"udise":"22072204901","name":"GOVT. PS JAMDIKHURD","state":"CHHATTISGARH","district":"GOURELA PENDRA MARVAHI","block":"PENDRA","indicator":"no_girls_toilet"}},{"type":"Feature","geometry":{"type":"Point","coordinates":[81.8806,22.8531]},"properties":{"udise":"22071408105","name":"GOVT. PS BARTOLA (SSA)","state":"CHHATTISGARH","district":"GOURELA PENDRA MARVAHI","block":"MARWAHI","indicator":"no_girls_toilet"}},{"type":"Feature","geometry":{"type":"Point","coordinates":[81.8389,22.8692]},"properties":{"udise":"22071402410","name":"GOVT. MS CHIKNITOLA GUMMA TOLA (SSA)","state":"CHHATTISGARH","district":"GOURELA PENDRA MARVAHI","block":"MARWAHI","indicator":"no_girls_toilet"}},{"type":"Feature","geometry":{"type":"Point","coordinates":[81.8875,22.6186]},"properties":{"udise":"22070600503","name":"GOVT PS LALPUR TWD)","state":"CHHATTISGARH","district":"GOURELA PENDRA MARVAHI","block":"GOURELA","indicator":"no_girls_toilet"}},{"type":"Feature","geometry":{"type":"Point","coordinates":[82.0103,23.0053]},"properties":{"udise":"22071400902","name":"GOVT. PS KANI. BARJHORKI TOLA","state":"CHHATTISGARH","district":"GOURELA PENDRA MARVAHI","block":"MARWAHI","indicator":"no_girls_toilet"}},{"type":"Feature","geometry":{"type":"Point","coordinates":[82.0722,22.8978]},"properties":{"udise":"22071404704","name":"GOVT. PS MADHAIYA TOLA","state":"CHHATTISGARH","district":"GOURELA PENDRA MARVAHI","block":"MARWAHI","indicator":"no_girls_toilet"}},{"type":"Feature","geometry":{"type":"Point","coordinates":[81.9108,22.6858]},"properties":{"udise":"22070608203","name":"GOVT PS NAGTHAL (SSA)","state":"CHHATTISGARH","district":"GOURELA PENDRA MARVAHI","block":"GOURELA","indicator":"no_girls_toilet"}},{"type":"Feature","geometry":{"type":"Point","coordinates":[82.0103,22.765]},"properties":{"udise":"22072201802","name":"GOVT. KANI. PS RAJJU PARA  GIRARI (TWD)","state":"CHHATTISGARH","district":"GOURELA PENDRA MARVAHI","block":"PENDRA","indicator":"no_girls_toilet"}},{"type":"Feature","geometry":{"type":"Point","coordinates":[82.1261,22.9389]},"properties":{"udise":"22071410903","name":"GOVT. PS CHAKADAND (SSA)","state":"CHHATTISGARH","district":"GOURELA PENDRA MARVAHI","block":"MARWAHI","indicator":"no_girls_toilet"}},{"type":"Feature","geometry":{"type":"Point","coordinates":[81.9017,22.7058]},"properties":{"udise":"22070605806","name":"GOVT PS JAN. GOURELA","state":"CHHATTISGARH","district":"GOURELA PENDRA MARVAHI","block":"GOURELA","indicator":"no_girls_toilet"}},{"type":"Feature","geometry":{"type":"Point","coordinates":[82.1328,22.7764]},"properties":{"udise":"22072200306","name":"GOVT. UP MS TILORA (SSA)","state":"CHHATTISGARH","district":"GOURELA PENDRA MARVAHI","block":"PENDRA","indicator":"no_girls_toilet"}},{"type":"Feature","geometry":{"type":"Point","coordinates":[82.0464,22.8122]},"properties":{"udise":"22072203805","name":"GOVT. MS  BHADI","state":"CHHATTISGARH","district":"GOURELA PENDRA MARVAHI","block":"PENDRA","indicator":"no_girls_toilet"}},{"type":"Feature","geometry":{"type":"Point","coordinates":[82.0581,23.0617]},"properties":{"udise":"22071402501","name":"GOVT. PS TENDU MUDA","state":"CHHATTISGARH","district":"GOURELA PENDRA MARVAHI","block":"MARWAHI","indicator":"no_girls_toilet"}},{"type":"Feature","geometry":{"type":"Point","coordinates":[82.0194,22.6936]},"properties":{"udise":"22072204803","name":"GOVT. EGS TO PS  BAGAIHAPARA (SSA)","state":"CHHATTISGARH","district":"GOURELA PENDRA MARVAHI","block":"PENDRA","indicator":"no_girls_toilet"}},{"type":"Feature","geometry":{"type":"Point","coordinates":[82.0561,22.6347]},"properties":{"udise":"22070606402","name":"GOVT MS CHHITADAH UMARKHOHI (SSA)","state":"CHHATTISGARH","district":"GOURELA PENDRA MARVAHI","block":"GOURELA","indicator":"no_girls_toilet"}},{"type":"Feature","geometry":{"type":"Point","coordinates":[81.9142,22.6383]},"properties":{"udise":"22070606505","name":"GOVT PS DHOKADABRA (SSA)","state":"CHHATTISGARH","district":"GOURELA PENDRA MARVAHI","block":"GOURELA","indicator":"no_girls_toilet"}},{"type":"Feature","geometry":{"type":"Point","coordinates":[81.8533,22.8647]},"properties":{"udise":"22071402404","name":"GOVT. PS KAROUNDATOLA (SSA)","state":"CHHATTISGARH","district":"GOURELA PENDRA MARVAHI","block":"MARWAHI","indicator":"no_girls_toilet"}},{"type":"Feature","geometry":{"type":"Point","coordinates":[82.1436,22.6692]},"properties":{"udise":"22072201003","name":"GOVT. MS BAMHANI (TWD)","state":"CHHATTISGARH","district":"GOURELA PENDRA MARVAHI","block":"PENDRA","indicator":"no_girls_toilet"}},{"type":"Feature","geometry":{"type":"Point","coordinates":[81.9594,22.1964]},"properties":{"udise":"22070604003","name":"GOVT MS NEVSA (TWD)","state":"CHHATTISGARH","district":"GOURELA PENDRA MARVAHI","block":"GOURELA","indicator":"no_girls_toilet"}},{"type":"Feature","geometry":{"type":"Point","coordinates":[82.1469,23.06]},"properties":{"udise":"22071408803","name":"GOVT. PS DONGARA TOLA","state":"CHHATTISGARH","district":"GOURELA PENDRA MARVAHI","block":"MARWAHI","indicator":"no_girls_toilet"}},{"type":"Feature","geometry":{"type":"Point","coordinates":[82.0331,22.9331]},"properties":{"udise":"22071405104","name":"GOVT. PS DEVRAJPARA (SSA)","state":"CHHATTISGARH","district":"GOURELA PENDRA MARVAHI","block":"MARWAHI","indicator":"no_girls_toilet"}},{"type":"Feature","geometry":{"type":"Point","coordinates":[82.0533,23.0272]},"properties":{"udise":"22071404102","name":"GOVT. PS ANUSUCHIT JATI MOHALLA NAVATOLA LOHARI (SSA)","state":"CHHATTISGARH","district":"GOURELA PENDRA MARVAHI","block":"MARWAHI","indicator":"no_girls_toilet"}},{"type":"Feature","geometry":{"type":"Point","coordinates":[81.9142,22.7933]},"properties":{"udise":"22070606002","name":"GOVT MS BADHAWANDAND (TWD)","state":"CHHATTISGARH","district":"GOURELA PENDRA MARVAHI","block":"GOURELA","indicator":"no_girls_toilet"}},{"type":"Feature","geometry":{"type":"Point","coordinates":[82.115,23.0714]},"properties":{"udise":"22071408808","name":"GOVT. PS CHUHKATOLA (SSA)","state":"CHHATTISGARH","district":"GOURELA PENDRA MARVAHI","block":"MARWAHI","indicator":"no_girls_toilet"}},{"type":"Feature","geometry":{"type":"Point","coordinates":[82.0878,23.1022]},"properties":{"udise":"22071402401","name":"GOVT. PS DHUMMA TOLA","state":"CHHATTISGARH","district":"GOURELA PENDRA MARVAHI","block":"MARWAHI","indicator":"no_girls_toilet"}},{"type":"Feature","geometry":{"type":"Point","coordinates":[81.9736,22.8914]},"properties":{"udise":"22071402203","name":"GOVT. MS JHIRNA PONDI (SSA)","state":"CHHATTISGARH","district":"GOURELA PENDRA MARVAHI","block":"MARWAHI","indicator":"no_girls_toilet"}},{"type":"Feature","geometry":{"type":"Point","coordinates":[82.0581,23.0617]},"properties":{"udise":"22071402502","name":"GOVT. MS TENDUMUDA","state":"CHHATTISGARH","district":"GOURELA PENDRA MARVAHI","block":"MARWAHI","indicator":"no_girls_toilet"}},{"type":"Feature","geometry":{"type":"Point","coordinates":[82.0514,22.6783]},"properties":{"udise":"22072207101","name":"GOVT. P.S. TIKRIPARA  JAMDIKHURD (SSA)","state":"CHHATTISGARH","district":"GOURELA PENDRA MARVAHI","block":"PENDRA","indicator":"no_girls_toilet"}},{"type":"Feature","geometry":{"type":"Point","coordinates":[82.1456,22.7506]},"properties":{"udise":"22072200803","name":"GOVT. EGS TO PS  BAHRIJHORKI (SSA)","state":"CHHATTISGARH","district":"GOURELA PENDRA MARVAHI","block":"PENDRA","indicator":"no_girls_toilet"}},{"type":"Feature","geometry":{"type":"Point","coordinates":[81.9811,22.9058]},"properties":{"udise":"22071402101","name":"GOVT. PS BOYS. NIMDHA","state":"CHHATTISGARH","district":"GOURELA PENDRA MARVAHI","block":"MARWAHI","indicator":"no_girls_toilet"}},{"type":"Feature","geometry":{"type":"Point","coordinates":[81.8683,22.755]},"properties":{"udise":"22070600705","name":"GOVT PS SARAIDHAR (SSA)","state":"CHHATTISGARH","district":"GOURELA PENDRA MARVAHI","block":"GOURELA","indicator":"girls_toilet_nonfunctional"}},{"type":"Feature","geometry":{"type":"Point","coordinates":[82.1336,22.9147]},"properties":{"udise":"22071403202","name":"GOVT. MS NAKA (SSA)","state":"CHHATTISGARH","district":"GOURELA PENDRA MARVAHI","block":"MARWAHI","indicator":"girls_toilet_nonfunctional"}},{"type":"Feature","geometry":{"type":"Point","coordinates":[82.0678,23.0847]},"properties":{"udise":"22071409803","name":"GOVT. MS TIKATHI","state":"CHHATTISGARH","district":"GOURELA PENDRA MARVAHI","block":"MARWAHI","indicator":"girls_toilet_nonfunctional"}},{"type":"Feature","geometry":{"type":"Point","coordinates":[82.0317,22.6822]},"properties":{"udise":"22072204602","name":"GOVT. UP MS JODA TALAB (SSA)","state":"CHHATTISGARH","district":"GOURELA PENDRA MARVAHI","block":"PENDRA","indicator":"girls_toilet_nonfunctional"}},{"type":"Feature","geometry":{"type":"Point","coordinates":[81.9939,22.0964]},"properties":{"udise":"22071406204","name":"GOVT. PS MAALTOLA (SSA)","state":"CHHATTISGARH","district":"GOURELA PENDRA MARVAHI","block":"MARWAHI","indicator":"girls_toilet_nonfunctional"}},{"type":"Feature","geometry":{"type":"Point","coordinates":[82.1158,23.0625]},"properties":{"udise":"22071408813","name":"GOVT. PS PEEPARDAND (SSA)","state":"CHHATTISGARH","district":"GOURELA PENDRA MARVAHI","block":"MARWAHI","indicator":"girls_toilet_nonfunctional"}},{"type":"Feature","geometry":{"type":"Point","coordinates":[81.9781,22.0814]},"properties":{"udise":"22070609901","name":"GOVT PS GANDHI NAGAR (TWD)","state":"CHHATTISGARH","district":"GOURELA PENDRA MARVAHI","block":"GOURELA","indicator":"girls_toilet_nonfunctional"}},{"type":"Feature","geometry":{"type":"Point","coordinates":[81.9533,22.8008]},"properties":{"udise":"22072202613","name":"GOVT. KANI. PS GIRLS BACHARWAR (TWD)","state":"CHHATTISGARH","district":"GOURELA PENDRA MARVAHI","block":"PENDRA","indicator":"girls_toilet_nonfunctional"}},{"type":"Feature","geometry":{"type":"Point","coordinates":[81.8447,22.8653]},"properties":{"udise":"22071402405","name":"GOVT. PS KATRUTOLA (SSA)","state":"CHHATTISGARH","district":"GOURELA PENDRA MARVAHI","block":"MARWAHI","indicator":"girls_toilet_nonfunctional"}},{"type":"Feature","geometry":{"type":"Point","coordinates":[82.0669,22.9025]},"properties":{"udise":"22071404404","name":"GOVT. PS BHAVANA TOLA","state":"CHHATTISGARH","district":"GOURELA PENDRA MARVAHI","block":"MARWAHI","indicator":"girls_toilet_nonfunctional"}},{"type":"Feature","geometry":{"type":"Point","coordinates":[82.0247,23.0528]},"properties":{"udise":"22071404204","name":"GOVT. PS MAUHAR TOLA","state":"CHHATTISGARH","district":"GOURELA PENDRA MARVAHI","block":"MARWAHI","indicator":"girls_toilet_nonfunctional"}},{"type":"Feature","geometry":{"type":"Point","coordinates":[81.9061,22.8503]},"properties":{"udise":"22071400402","name":"GOVT. PS KATELTOLA (SSA)","state":"CHHATTISGARH","district":"GOURELA PENDRA MARVAHI","block":"MARWAHI","indicator":"girls_toilet_nonfunctional"}},{"type":"Feature","geometry":{"type":"Point","coordinates":[81.795,22.7531]},"properties":{"udise":"22070611003","name":"GOVT MS UPARPARA SALHEGHORI (SSA)","state":"CHHATTISGARH","district":"GOURELA PENDRA MARVAHI","block":"GOURELA","indicator":"girls_toilet_nonfunctional"}},{"type":"Feature","geometry":{"type":"Point","coordinates":[81.8464,22.8631]},"properties":{"udise":"22071402408","name":"GOVT. PS GADAHATOLA (SSA)","state":"CHHATTISGARH","district":"GOURELA PENDRA MARVAHI","block":"MARWAHI","indicator":"girls_toilet_nonfunctional"}},{"type":"Feature","geometry":{"type":"Point","coordinates":[82.1433,22.7158]},"properties":{"udise":"22072201101","name":"GOVT. NPEGEL  PS GOVT  JILDA (TWD)","state":"CHHATTISGARH","district":"GOURELA PENDRA MARVAHI","block":"PENDRA","indicator":"girls_toilet_nonfunctional"}},{"type":"Feature","geometry":{"type":"Point","coordinates":[82.0886,23.0958]},"properties":{"udise":"22071402304","name":"GOVT. PS CHINGITOLA (SSA)","state":"CHHATTISGARH","district":"GOURELA PENDRA MARVAHI","block":"MARWAHI","indicator":"girls_toilet_nonfunctional"}},{"type":"Feature","geometry":{"type":"Point","coordinates":[82.0931,22.9536]},"properties":{"udise":"22071403602","name":"GOVT. MS GULLIDAND","state":"CHHATTISGARH","district":"GOURELA PENDRA MARVAHI","block":"MARWAHI","indicator":"girls_toilet_nonfunctional"}},{"type":"Feature","geometry":{"type":"Point","coordinates":[81.8075,22.6364]},"properties":{"udise":"22070605401","name":"GOVT PS TAVA DABRA (TWD)","state":"CHHATTISGARH","district":"GOURELA PENDRA MARVAHI","block":"GOURELA","indicator":"girls_toilet_nonfunctional"}},{"type":"Feature","geometry":{"type":"Point","coordinates":[81.9897,23.0119]},"properties":{"udise":"22071401904","name":"GOVT. MS PATHARRI","state":"CHHATTISGARH","district":"GOURELA PENDRA MARVAHI","block":"MARWAHI","indicator":"girls_toilet_nonfunctional"}},{"type":"Feature","geometry":{"type":"Point","coordinates":[82.1006,22.6475]},"properties":{"udise":"22072200902","name":"GOVT. UP MS RAMGARH (SSA)","state":"CHHATTISGARH","district":"GOURELA PENDRA MARVAHI","block":"PENDRA","indicator":"girls_toilet_nonfunctional"}},{"type":"Feature","geometry":{"type":"Point","coordinates":[82.0961,22.945]},"properties":{"udise":"22071403703","name":"GOVT. MS KARGIKALA (SSA)","state":"CHHATTISGARH","district":"GOURELA PENDRA MARVAHI","block":"MARWAHI","indicator":"girls_toilet_nonfunctional"}},{"type":"Feature","geometry":{"type":"Point","coordinates":[81.8514,22.8592]},"properties":{"udise":"22071410602","name":"GOVT. MS BHARRATOLA","state":"CHHATTISGARH","district":"GOURELA PENDRA MARVAHI","block":"MARWAHI","indicator":"girls_toilet_nonfunctional"}},{"type":"Feature","geometry":{"type":"Point","coordinates":[82.0403,23.0489]},"properties":{"udise":"22071402702","name":"GOVT. MS JHIRIYATOLA (SSA)","state":"CHHATTISGARH","district":"GOURELA PENDRA MARVAHI","block":"MARWAHI","indicator":"girls_toilet_nonfunctional"}},{"type":"Feature","geometry":{"type":"Point","coordinates":[81.9553,22.9767]},"properties":{"udise":"22071401803","name":"GOVT. MS GUJARTOLA  DHARHAR (SSA)","state":"CHHATTISGARH","district":"GOURELA PENDRA MARVAHI","block":"MARWAHI","indicator":"girls_toilet_nonfunctional"}},{"type":"Feature","geometry":{"type":"Point","coordinates":[81.9069,22.8375]},"properties":{"udise":"22071407501","name":"GOVT. PS LAKHAN VAHI","state":"CHHATTISGARH","district":"GOURELA PENDRA MARVAHI","block":"MARWAHI","indicator":"girls_toilet_nonfunctional"}},{"type":"Feature","geometry":{"type":"Point","coordinates":[81.8603,22.6661]},"properties":{"udise":"22070602404","name":"GOVT MS DEVAR GAON (TWD)","state":"CHHATTISGARH","district":"GOURELA PENDRA MARVAHI","block":"GOURELA","indicator":"girls_toilet_nonfunctional"}},{"type":"Feature","geometry":{"type":"Point","coordinates":[82.0781,22.9058]},"properties":{"udise":"22071404707","name":"GOVT. MS AMERATIKRA","state":"CHHATTISGARH","district":"GOURELA PENDRA MARVAHI","block":"MARWAHI","indicator":"girls_toilet_nonfunctional"}},{"type":"Feature","geometry":{"type":"Point","coordinates":[82.0103,22.7447]},"properties":{"udise":"22072202002","name":"GOVT. UP MS SARKHOR","state":"CHHATTISGARH","district":"GOURELA PENDRA MARVAHI","block":"PENDRA","indicator":"girls_toilet_nonfunctional"}},{"type":"Feature","geometry":{"type":"Point","coordinates":[82.7211,21.9006]},"properties":{"udise":"22060403401","name":"GOVT. P.S. BAMHANIDIH (EDU)","state":"CHHATTISGARH","district":"JANJGIR - CHAMPA","block":"BAMHNINDIH","indicator":"no_girls_toilet"}},{"type":"Feature","geometry":{"type":"Point","coordinates":[82.6647,21.8003]},"properties":{"udise":"22061708101","name":"GOVT. P.S. KHAIRTAL","state":"CHHATTISGARH","district":"JANJGIR - CHAMPA","block":"NAWAGARH","indicator":"no_girls_toilet"}},{"type":"Feature","geometry":{"type":"Point","coordinates":[82.5969,22.0775]},"properties":{"udise":"22061701002","name":"GOVT M.S.KARMANDI","state":"CHHATTISGARH","district":"JANJGIR - CHAMPA","block":"NAWAGARH","indicator":"no_girls_toilet"}},{"type":"Feature","geometry":{"type":"Point","coordinates":[82.6822,21.9003]},"properties":{"udise":"22061701903","name":"GOVT JANPAD P.S. DHARASHIV","state":"CHHATTISGARH","district":"JANJGIR - CHAMPA","block":"NAWAGARH","indicator":"no_girls_toilet"}},{"type":"Feature","geometry":{"type":"Point","coordinates":[82.5683,22.0086]},"properties":{"udise":"22061701403","name":"GOVT. P.S. BONGAPAR","state":"CHHATTISGARH","district":"JANJGIR - CHAMPA","block":"NAWAGARH","indicator":"no_girls_toilet"}},{"type":"Feature","geometry":{"type":"Point","coordinates":[82.6172,21.9158]},"properties":{"udise":"22061706102","name":"GOVT. P.S. JAGMAHANT","state":"CHHATTISGARH","district":"JANJGIR - CHAMPA","block":"NAWAGARH","indicator":"no_girls_toilet"}},{"type":"Feature","geometry":{"type":"Point","coordinates":[82.61,21.9872]},"properties":{"udise":"22060210602","name":"GOVT  PS KURMIPARA JARVE(CHA)[SSA]","state":"CHHATTISGARH","district":"JANJGIR - CHAMPA","block":"BALODA","indicator":"no_girls_toilet"}},{"type":"Feature","geometry":{"type":"Point","coordinates":[82.7572,21.8794]},"properties":{"udise":"22060402705","name":"GOVT.PS BHANTAPARA PONDI.(SSA)","state":"CHHATTISGARH","district":"JANJGIR - CHAMPA","block":"BAMHNINDIH","indicator":"no_girls_toilet"}},{"type":"Feature","geometry":{"type":"Point","coordinates":[82.7519,22.0306]},"properties":{"udise":"22060406101","name":"GOVT PRIMARYSCHOOL  AMRUWA (EDU)","state":"CHHATTISGARH","district":"JANJGIR - CHAMPA","block":"BAMHNINDIH","indicator":"no_girls_toilet"}},{"type":"Feature","geometry":{"type":"Point","coordinates":[82.5969,22.0775]},"properties":{"udise":"22061701001","name":"GOVT PS KARMANDI","state":"CHHATTISGARH","district":"JANJGIR - CHAMPA","block":"NAWAGARH","indicator":"no_girls_toilet"}},{"type":"Feature","geometry":{"type":"Point","coordinates":[82.425,21.8131]},"properties":{"udise":"22061903601","name":"GOVT.P.S. DHANGAON(EDU.)","state":"CHHATTISGARH","district":"JANJGIR - CHAMPA","block":"PAMGARH","indicator":"no_girls_toilet"}},{"type":"Feature","geometry":{"type":"Point","coordinates":[82.6522,22.0644]},"properties":{"udise":"22060209806","name":"GOVT BOY MS. KURDA[EDU]","state":"CHHATTISGARH","district":"JANJGIR - CHAMPA","block":"BALODA","indicator":"no_girls_toilet"}},{"type":"Feature","geometry":{"type":"Point","coordinates":[82.6056,22.2344]},"properties":{"udise":"22060205203","name":"GOVT.MS BUDHANA[SSA]","state":"CHHATTISGARH","district":"JANJGIR - CHAMPA","block":"BALODA","indicator":"no_girls_toilet"}},{"type":"Feature","geometry":{"type":"Point","coordinates":[82.6119,21.7447]},"properties":{"udise":"22061710701","name":"GOVT JAN. P.S. TUSMA","state":"CHHATTISGARH","district":"JANJGIR - CHAMPA","block":"NAWAGARH","indicator":"no_girls_toilet"}},{"type":"Feature","geometry":{"type":"Point","coordinates":[82.4417,21.8422]},"properties":{"udise":"22061906302","name":"N. P.S. CP. DONGA KOHAROUD","state":"CHHATTISGARH","district":"JANJGIR - CHAMPA","block":"PAMGARH","indicator":"no_girls_toilet"}},{"type":"Feature","geometry":{"type":"Point","coordinates":[82.6114,22.2086]},"properties":{"udise":"22060204702","name":"GOVT M.S. ANGARKHAR[EDU]","state":"CHHATTISGARH","district":"JANJGIR - CHAMPA","block":"BALODA","indicator":"no_girls_toilet"}},{"type":"Feature","geometry":{"type":"Point","coordinates":[82.6117,21.8767]},"properties":{"udise":"22061704102","name":"GOVT P.S. AVRID","state":"CHHATTISGARH","district":"JANJGIR - CHAMPA","block":"NAWAGARH","indicator":"no_girls_toilet"}},{"type":"Feature","geometry":{"type":"Point","coordinates":[82.6633,21.7992]},"properties":{"udise":"22061708103","name":"GOVT P S AMBEDKAR MOH.KHAIRTAL","state":"CHHATTISGARH","district":"JANJGIR - CHAMPA","block":"NAWAGARH","indicator":"no_girls_toilet"}},{"type":"Feature","geometry":{"type":"Point","coordinates":[82.4311,22.0283]},"properties":{"udise":"22060106605","name":"GOVT M.S. PONDI DALHA (EDU)","state":"CHHATTISGARH","district":"JANJGIR - CHAMPA","block":"AKALTARA","indicator":"no_girls_toilet"}},{"type":"Feature","geometry":{"type":"Point","coordinates":[82.4408,22.1103]},"properties":{"udise":"22060201201","name":"GOVT. PS DHORLA[EDU]","state":"CHHATTISGARH","district":"JANJGIR - CHAMPA","block":"BALODA","indicator":"no_girls_toilet"}},{"type":"Feature","geometry":{"type":"Point","coordinates":[82.6389,21.7811]},"properties":{"udise":"22061707314","name":"GOVT.N.P.S.BARPARA KATOUD","state":"CHHATTISGARH","district":"JANJGIR - CHAMPA","block":"NAWAGARH","indicator":"no_girls_toilet"}},{"type":"Feature","geometry":{"type":"Point","coordinates":[82.6647,21.8003]},"properties":{"udise":"22061708105","name":"GOVT. M.S. KHAIRTAL","state":"CHHATTISGARH","district":"JANJGIR - CHAMPA","block":"NAWAGARH","indicator":"no_girls_toilet"}},{"type":"Feature","geometry":{"type":"Point","coordinates":[82.4261,22.0281]},"properties":{"udise":"22060101704","name":"GOVT M.S. KOTMI SONAR (EDU)","state":"CHHATTISGARH","district":"JANJGIR - CHAMPA","block":"AKALTARA","indicator":"no_girls_toilet"}},{"type":"Feature","geometry":{"type":"Point","coordinates":[82.6539,21.8833]},"properties":{"udise":"22061702303","name":"GOVT UNPMS TURI","state":"CHHATTISGARH","district":"JANJGIR - CHAMPA","block":"NAWAGARH","indicator":"no_girls_toilet"}},{"type":"Feature","geometry":{"type":"Point","coordinates":[82.5406,21.7756]},"properties":{"udise":"22061902103","name":"GOVT. MS TO HS LOHARSI","state":"CHHATTISGARH","district":"JANJGIR - CHAMPA","block":"PAMGARH","indicator":"no_girls_toilet"}},{"type":"Feature","geometry":{"type":"Point","coordinates":[82.54972,22.1641]},"properties":{"udise":"22060201505","name":"GOVT HIGH SCHOOL NAWGAWA","state":"CHHATTISGARH","district":"JANJGIR - CHAMPA","block":"BALODA","indicator":"no_girls_toilet"}},{"type":"Feature","geometry":{"type":"Point","coordinates":[82.6186,22.0897]},"properties":{"udise":"22060206502","name":"GOVT. M.S. RAINPUR[EDU]","state":"CHHATTISGARH","district":"JANJGIR - CHAMPA","block":"BALODA","indicator":"no_girls_toilet"}},{"type":"Feature","geometry":{"type":"Point","coordinates":[82.4797,21.8472]},"properties":{"udise":"22061903302","name":"GOVT. PS. MEU BHATHA (EDU)","state":"CHHATTISGARH","district":"JANJGIR - CHAMPA","block":"PAMGARH","indicator":"no_girls_toilet"}},{"type":"Feature","geometry":{"type":"Point","coordinates":[82.6106,21.8756]},"properties":{"udise":"22061704104","name":"GOVT P S AWANRID","state":"CHHATTISGARH","district":"JANJGIR - CHAMPA","block":"NAWAGARH","indicator":"no_girls_toilet"}},{"type":"Feature","geometry":{"type":"Point","coordinates":[82.5472,22.1764]},"properties":{"udise":"22060203701","name":"GOVT. PS BAGDABRI[EDU]","state":"CHHATTISGARH","district":"JANJGIR - CHAMPA","block":"BALODA","indicator":"no_girls_toilet"}},{"type":"Feature","geometry":{"type":"Point","coordinates":[82.62,21.9964]},"properties":{"udise":"22060210603","name":"GOVT M.S.JARVE(CHA)[EDU]","state":"CHHATTISGARH","district":"JANJGIR - CHAMPA","block":"BALODA","indicator":"no_girls_toilet"}},{"type":"Feature","geometry":{"type":"Point","coordinates":[82.6022,21.7967]},"properties":{"udise":"22061707007","name":"GOVT N.P.S. (GANESH MO.)GODHANA","state":"CHHATTISGARH","district":"JANJGIR - CHAMPA","block":"NAWAGARH","indicator":"no_girls_toilet"}},{"type":"Feature","geometry":{"type":"Point","coordinates":[82.5858,22.1442]},"properties":{"udise":"22060209308","name":"GOVT.PS MUDAPAR[SSA]","state":"CHHATTISGARH","district":"JANJGIR - CHAMPA","block":"BALODA","indicator":"no_girls_toilet"}},{"type":"Feature","geometry":{"type":"Point","coordinates":[82.6189,21.9031]},"properties":{"udise":"22061704002","name":"GOVT. MS TO HS BUDENA","state":"CHHATTISGARH","district":"JANJGIR - CHAMPA","block":"NAWAGARH","indicator":"no_girls_toilet"}},{"type":"Feature","geometry":{"type":"Point","coordinates":[82.5708,21.9075]},"properties":{"udise":"22061703947","name":"GOVT. MS TO HS GHUTHIYA","state":"CHHATTISGARH","district":"JANJGIR - CHAMPA","block":"NAWAGARH","indicator":"no_girls_toilet"}},{"type":"Feature","geometry":{"type":"Point","coordinates":[82.6756,21.79]},"properties":{"udise":"22061707405","name":"GOVT M.S. MISDA","state":"CHHATTISGARH","district":"JANJGIR - CHAMPA","block":"NAWAGARH","indicator":"no_girls_toilet"}},{"type":"Feature","geometry":{"type":"Point","coordinates":[82.5961,21.7703]},"properties":{"udise":"22061710603","name":"GOVT.N.M.S. BELHA","state":"CHHATTISGARH","district":"JANJGIR - CHAMPA","block":"NAWAGARH","indicator":"no_girls_toilet"}},{"type":"Feature","geometry":{"type":"Point","coordinates":[82.5781,21.9042]},"properties":{"udise":"22061703944","name":"GOVT.N.M.S.KHERA","state":"CHHATTISGARH","district":"JANJGIR - CHAMPA","block":"NAWAGARH","indicator":"no_girls_toilet"}},{"type":"Feature","geometry":{"type":"Point","coordinates":[82.63306,22.17694]},"properties":{"udise":"22060207804","name":"GOVT HIGH SCHOOL GATWA","state":"CHHATTISGARH","district":"JANJGIR - CHAMPA","block":"BALODA","indicator":"no_girls_toilet"}},{"type":"Feature","geometry":{"type":"Point","coordinates":[82.4542,22.1306]},"properties":{"udise":"22060200903","name":"GOVT. M.S. CHARPARA[EDU]","state":"CHHATTISGARH","district":"JANJGIR - CHAMPA","block":"BALODA","indicator":"no_girls_toilet"}},{"type":"Feature","geometry":{"type":"Point","coordinates":[82.485,22.1364]},"properties":{"udise":"22060200140","name":"GOVT PRIMARY SCHOOL SADAR BALODA","state":"CHHATTISGARH","district":"JANJGIR - CHAMPA","block":"BALODA","indicator":"no_girls_toilet"}},{"type":"Feature","geometry":{"type":"Point","coordinates":[82.7008,22.0494]},"properties":{"udise":"22060210202","name":"GOVT MS BAHERADIH[SSA]","state":"CHHATTISGARH","district":"JANJGIR - CHAMPA","block":"BALODA","indicator":"no_girls_toilet"}},{"type":"Feature","geometry":{"type":"Point","coordinates":[82.6592,21.8472]},"properties":{"udise":"22061707810","name":"GOVT NAVIN M.S.NAWAGARH","state":"CHHATTISGARH","district":"JANJGIR - CHAMPA","block":"NAWAGARH","indicator":"no_girls_toilet"}},{"type":"Feature","geometry":{"type":"Point","coordinates":[82.6031,21.8022]},"properties":{"udise":"22061707002","name":"GOVT P.S. GODHNA","state":"CHHATTISGARH","district":"JANJGIR - CHAMPA","block":"NAWAGARH","indicator":"no_girls_toilet"}},{"type":"Feature","geometry":{"type":"Point","coordinates":[82.5614,21.7978]},"properties":{"udise":"22061706302","name":"GOVT M.S.KAMTA","state":"CHHATTISGARH","district":"JANJGIR - CHAMPA","block":"NAWAGARH","indicator":"no_girls_toilet"}},{"type":"Feature","geometry":{"type":"Point","coordinates":[82.6806,21.9906]},"properties":{"udise":"22060405101","name":"GOVT.P.S. HATHNEVRA ( EDU)","state":"CHHATTISGARH","district":"JANJGIR - CHAMPA","block":"BAMHNINDIH","indicator":"girls_toilet_nonfunctional"}},{"type":"Feature","geometry":{"type":"Point","coordinates":[82.6903,21.7419]},"properties":{"udise":"22061710303","name":"GOVT. MS NAGARIDIH","state":"CHHATTISGARH","district":"JANJGIR - CHAMPA","block":"NAWAGARH","indicator":"girls_toilet_nonfunctional"}},{"type":"Feature","geometry":{"type":"Point","coordinates":[82.6289,22.2336]},"properties":{"udise":"22060204502","name":"GOVT.PS PANTORA[EDU]","state":"CHHATTISGARH","district":"JANJGIR - CHAMPA","block":"BALODA","indicator":"girls_toilet_nonfunctional"}},{"type":"Feature","geometry":{"type":"Point","coordinates":[82.6314,22.02]},"properties":{"udise":"22060208307","name":"GOVT PS DIPARIPARA BIRGAHANI (CHA )","state":"CHHATTISGARH","district":"JANJGIR - CHAMPA","block":"BALODA","indicator":"girls_toilet_nonfunctional"}},{"type":"Feature","geometry":{"type":"Point","coordinates":[82.6733,21.9042]},"properties":{"udise":"22061702802","name":"GOVT NAVIN MS DAHIDA","state":"CHHATTISGARH","district":"JANJGIR - CHAMPA","block":"NAWAGARH","indicator":"girls_toilet_nonfunctional"}},{"type":"Feature","geometry":{"type":"Point","coordinates":[82.3594,21.9072]},"properties":{"udise":"22061901203","name":"GOVT.M.S. NANDELI (SSA)","state":"CHHATTISGARH","district":"JANJGIR - CHAMPA","block":"PAMGARH","indicator":"girls_toilet_nonfunctional"}},{"type":"Feature","geometry":{"type":"Point","coordinates":[82.5139,22.0097]},"properties":{"udise":"22061701301","name":"GOVT. P.S. HATHITIKRA","state":"CHHATTISGARH","district":"JANJGIR - CHAMPA","block":"NAWAGARH","indicator":"girls_toilet_nonfunctional"}},{"type":"Feature","geometry":{"type":"Point","coordinates":[82.5636,22.025]},"properties":{"udise":"22061700714","name":"GOVT. MS TO HS BHATHAPARA NAILA","state":"CHHATTISGARH","district":"JANJGIR - CHAMPA","block":"NAWAGARH","indicator":"girls_toilet_nonfunctional"}},{"type":"Feature","geometry":{"type":"Point","coordinates":[82.6714,21.9006]},"properties":{"udise":"22061702405","name":"GOVT.M.S.ROGDA","state":"CHHATTISGARH","district":"JANJGIR - CHAMPA","block":"NAWAGARH","indicator":"girls_toilet_nonfunctional"}},{"type":"Feature","geometry":{"type":"Point","coordinates":[82.7067,21.7803]},"properties":{"udise":"22061710101","name":"GOVT. P.S. BARRA","state":"CHHATTISGARH","district":"JANJGIR - CHAMPA","block":"NAWAGARH","indicator":"girls_toilet_nonfunctional"}},{"type":"Feature","geometry":{"type":"Point","coordinates":[82.4272,22.0233]},"properties":{"udise":"22060103501","name":"GOVT PS. BIRKONI (EDU)","state":"CHHATTISGARH","district":"JANJGIR - CHAMPA","block":"AKALTARA","indicator":"girls_toilet_nonfunctional"}},{"type":"Feature","geometry":{"type":"Point","coordinates":[82.60621,21.80182]},"properties":{"udise":"22061707011","name":"PVT. MAHAMAYA SCHOOL GODHNA","state":"CHHATTISGARH","district":"JANJGIR - CHAMPA","block":"NAWAGARH","indicator":"girls_toilet_nonfunctional"}},{"type":"Feature","geometry":{"type":"Point","coordinates":[82.5908,21.8328]},"properties":{"udise":"22061706703","name":"GOVT N.P.S.BARBHATHA","state":"CHHATTISGARH","district":"JANJGIR - CHAMPA","block":"NAWAGARH","indicator":"girls_toilet_nonfunctional"}},{"type":"Feature","geometry":{"type":"Point","coordinates":[82.6294,21.97]},"properties":{"udise":"22061705427","name":"GOVT.N.M.S.KANI","state":"CHHATTISGARH","district":"JANJGIR - CHAMPA","block":"NAWAGARH","indicator":"girls_toilet_nonfunctional"}},{"type":"Feature","geometry":{"type":"Point","coordinates":[82.6736,21.9225]},"properties":{"udise":"22061703201","name":"GOVT. JANPAD P.S. AMODA","state":"CHHATTISGARH","district":"JANJGIR - CHAMPA","block":"NAWAGARH","indicator":"girls_toilet_nonfunctional"}},{"type":"Feature","geometry":{"type":"Point","coordinates":[82.4622,22.1419]},"properties":{"udise":"22060202601","name":"GOVT. PS RAMPUR[EDU]","state":"CHHATTISGARH","district":"JANJGIR - CHAMPA","block":"BALODA","indicator":"girls_toilet_nonfunctional"}},{"type":"Feature","geometry":{"type":"Point","coordinates":[82.6025,22.0436]},"properties":{"udise":"22060208802","name":"GOVT. MS BASANTPUR","state":"CHHATTISGARH","district":"JANJGIR - CHAMPA","block":"BALODA","indicator":"girls_toilet_nonfunctional"}},{"type":"Feature","geometry":{"type":"Point","coordinates":[82.6914,22.0283]},"properties":{"udise":"22060209709","name":"GOVT HIGHER SECONDRY SCHOOL KOSMANDA","state":"CHHATTISGARH","district":"JANJGIR - CHAMPA","block":"BALODA","indicator":"girls_toilet_nonfunctional"}},{"type":"Feature","geometry":{"type":"Point","coordinates":[82.71528,22.01222]},"properties":{"udise":"22060210006","name":"GOVT. HIGHER SECONDARY  SCHOOL KAMRID","state":"CHHATTISGARH","district":"JANJGIR - CHAMPA","block":"BALODA","indicator":"girls_toilet_nonfunctional"}},{"type":"Feature","geometry":{"type":"Point","coordinates":[82.4731,22.1328]},"properties":{"udise":"22060200142","name":"GOVT .M.S. BAZAR PARA BALODA","state":"CHHATTISGARH","district":"JANJGIR - CHAMPA","block":"BALODA","indicator":"girls_toilet_nonfunctional"}},{"type":"Feature","geometry":{"type":"Point","coordinates":[82.6322,21.7447]},"properties":{"udise":"22061710902","name":"GOVT M.S.DURPA","state":"CHHATTISGARH","district":"JANJGIR - CHAMPA","block":"NAWAGARH","indicator":"girls_toilet_nonfunctional"}},{"type":"Feature","geometry":{"type":"Point","coordinates":[82.4339,21.8058]},"properties":{"udise":"22061903502","name":"GOVT.M.S. MEKARI (EDU)","state":"CHHATTISGARH","district":"JANJGIR - CHAMPA","block":"PAMGARH","indicator":"girls_toilet_nonfunctional"}},{"type":"Feature","geometry":{"type":"Point","coordinates":[82.5967,22.0311]},"properties":{"udise":"22061701505","name":"GOVT PS DARRIPARA KHOKHSA","state":"CHHATTISGARH","district":"JANJGIR - CHAMPA","block":"NAWAGARH","indicator":"girls_toilet_nonfunctional"}},{"type":"Feature","geometry":{"type":"Point","coordinates":[82.6928,22.0825]},"properties":{"udise":"22060210102","name":"GOVT.MS BALPUR[SSA]","state":"CHHATTISGARH","district":"JANJGIR - CHAMPA","block":"BALODA","indicator":"girls_toilet_nonfunctional"}},{"type":"Feature","geometry":{"type":"Point","coordinates":[82.6903,21.7419]},"properties":{"udise":"22061710301","name":"GOVT. P.S. NAGARI DIH","state":"CHHATTISGARH","district":"JANJGIR - CHAMPA","block":"NAWAGARH","indicator":"girls_toilet_nonfunctional"}},{"type":"Feature","geometry":{"type":"Point","coordinates":[82.54028,22.17944]},"properties":{"udise":"22060201904","name":"GOVT. HIGHER SECONDRY SCHOOL KURMA","state":"CHHATTISGARH","district":"JANJGIR - CHAMPA","block":"BALODA","indicator":"girls_toilet_nonfunctional"}},{"type":"Feature","geometry":{"type":"Point","coordinates":[82.5244,22.0433]},"properties":{"udise":"22061700602","name":"GOVT. PRIMARY SCHOOL KHAIRWARPARA BODSARA","state":"CHHATTISGARH","district":"JANJGIR - CHAMPA","block":"NAWAGARH","indicator":"girls_toilet_nonfunctional"}},{"type":"Feature","geometry":{"type":"Point","coordinates":[82.5661,22.0814]},"properties":{"udise":"22060206002","name":"GOVT M.S. AURAI KALA[EDU]","state":"CHHATTISGARH","district":"JANJGIR - CHAMPA","block":"BALODA","indicator":"girls_toilet_nonfunctional"}},{"type":"Feature","geometry":{"type":"Point","coordinates":[82.7364,22.0347]},"properties":{"udise":"22060210302","name":"GOVT NAVIN PS JATA[EDU]","state":"CHHATTISGARH","district":"JANJGIR - CHAMPA","block":"BALODA","indicator":"girls_toilet_nonfunctional"}},{"type":"Feature","geometry":{"type":"Point","coordinates":[82.5989,22.1644]},"properties":{"udise":"22060201603","name":"GOVT N NAKAPARA BELTUKRI[SSA]","state":"CHHATTISGARH","district":"JANJGIR - CHAMPA","block":"BALODA","indicator":"girls_toilet_nonfunctional"}},{"type":"Feature","geometry":{"type":"Point","coordinates":[82.4192,22.03]},"properties":{"udise":"22060100203","name":"GOVT MS PONDIBHATA(SSA)","state":"CHHATTISGARH","district":"JANJGIR - CHAMPA","block":"AKALTARA","indicator":"girls_toilet_nonfunctional"}}]}